date,asset_id,product_id,subtype,market,low,mid,high,direct_low
2025-10-01,base1-15,42355,Holofoil,113.84,75.44,120.0,300.0,
2025-10-01,base1-16,42356,Holofoil,38.52,22.03,37.54,89.99,28.17
2025-10-01,base1-2,42360,Holofoil,158.8,90.0,137.23,499.99,
2025-10-01,base1-4,42382,Holofoil,457.11,399.99,484.78,1000.0,
2025-10-01,base1-58,42402,Normal,3.28,0.4,2.81,9999.0,1.82
2025-10-01,cel25c-4,250320,Holofoil,144.0,136.0,159.05,499.99,136.0
2025-10-01,gym2-2,83861,1st Edition Holofoil,767.0,805.35,993.74,1199.99,
2025-10-01,gym2-2,83861,Unlimited Holofoil,524.03,292.5,504.9,588.51,
2025-10-01,neo1-9,86903,1st Edition Holofoil,1799.99,1798.78,1899.99,1900.97,
2025-10-01,neo1-9,86903,Unlimited Holofoil,415.18,349.95,386.85,447.0,
2025-10-01,sl-151-bundle,502000,Normal,102.06,94.99,119.94,999.99,
2025-10-01,sl-151-etb,503313,Normal,405.03,389.99,450.0,4999.99,
2025-10-01,sl-151-upc,502005,Normal,626.47,547.0,790.0,40000.0,
2025-10-01,sl-ar-box,265519,Normal,402.92,449.99,540.22,9999.99,
2025-10-01,sl-bs-box,256141,Normal,546.61,499.99,677.49,9999.99,
2025-10-01,sl-cel-upc,245140,Normal,862.75,918.0,1000.0,154722.59,
2025-10-01,sl-champ-etb,218791,Normal,149.66,155.0,179.5,399.99,
2025-10-01,sl-cz-etb,453470,Normal,224.28,215.0,280.0,4999.99,
2025-10-01,sl-dr-box,624679,Normal,430.66,400.0,560.5,9999.0,
2025-10-01,sl-evs-box,242436,Normal,2599.7,2400.0,3400.0,12000.0,
2025-10-01,sl-evs-etb,243721,Normal,647.02,898.0,999.5,2999.99,
2025-10-01,sl-fs-box,247654,Normal,1032.02,999.0,1199.95,9999.99,
2025-10-01,sl-hf-etb,194729,Normal,423.87,381.49,474.98,9999.98,
2025-10-01,sl-jp-151,565243,Normal,197.86,188.99,209.95,399.99,
2025-10-01,sl-jp-terastal,603428,Normal,101.14,100.0,119.98,200.0,
2025-10-01,sl-jt-box,610931,Normal,253.11,253.11,279.94,551.0,
2025-10-01,sl-lo-box,277324,Normal,815.54,849.99,996.47,9999.99,
2025-10-01,sl-me1-box,644298,Normal,327.86,325.99,359.0,7777.0,
2025-10-01,sl-obf-box,501257,Normal,331.27,337.0,400.0,1000.0,
2025-10-01,sl-pe-etb,593355,Normal,132.42,122.99,150.0,2000.0,
2025-10-01,sl-pe-spc,622770,Normal,316.9,314.99,350.0,1000.0,
2025-10-01,sl-pf-etb,528040,Normal,295.69,282.98,300.0,775.0,
2025-10-01,sl-phf-box,654137,Normal,334.24,334.18,334.3,399.95,
2025-10-01,sl-shf-etb,228821,Normal,100.37,87.01,119.96,499.99,
2025-10-01,sl-ss-box,565606,Normal,303.89,289.99,336.95,4999.99,
2025-10-01,sl-st-box,283389,Normal,486.88,449.99,650.0,9999.99,
2025-10-01,sl-tf-box,536225,Normal,256.04,260.0,301.0,750.0,
2025-10-01,sv2-185,497557,Normal,0.33,0.24,0.4,30.0,
2025-10-01,sv2-185,497557,Reverse Holofoil,0.76,0.25,0.78,7.99,
2025-10-01,sv2-254,497669,Holofoil,15.7,14.5,17.92,100.0,15.99
2025-10-01,sv2-269,497689,Holofoil,53.99,48.25,60.0,259.99,
2025-10-01,sv3pt5-151,516566,Holofoil,8.16,6.25,8.07,40.0,18.69
2025-10-01,sv3pt5-199,517045,Holofoil,295.93,265.3,329.95,900.0,295.0
2025-10-01,sv3pt5-205,517051,Holofoil,17.1,14.39,20.0,50.0,18.9
2025-10-01,sv3pt5-4,502555,Normal,0.12,0.01,0.15,5.0,0.12
2025-10-01,sv3pt5-4,502555,Reverse Holofoil,0.25,0.03,0.26,5.0,
2025-10-01,sv3pt5-6,502558,Holofoil,4.94,3.72,5.0,24.97,3.79
2025-10-01,sv3pt5-7,502548,Normal,0.15,0.01,0.16,4.99,0.05
2025-10-01,sv3pt5-7,502548,Reverse Holofoil,0.19,0.03,0.25,5.0,0.15
2025-10-01,sv4pt5-234,535090,Holofoil,315.31,290.0,349.0,750.0,351.0
2025-10-01,sv4pt5-54,534416,Holofoil,3.76,1.67,3.84,34.99,3.99
2025-10-01,sv8-57,590025,Holofoil,5.4,3.5,5.99,40.0,6.61
2025-10-01,sv8pt5-149,610504,Holofoil,196.66,195.89,236.39,800.0,
2025-10-01,sv8pt5-155,610510,Holofoil,225.15,232.98,294.42,800.0,
2025-10-01,sv8pt5-156,610511,Holofoil,372.16,351.84,495.73,800.0,499.48
2025-10-01,sv8pt5-161,610516,Holofoil,1078.73,1165.0,1499.95,2499.99,
2025-10-01,sv8pt5-167,610522,Holofoil,117.95,114.0,140.68,500.0,
2025-10-01,sv8pt5-179,610534,Holofoil,54.74,39.97,65.12,270.0,
2025-10-01,sv8pt5-28,610383,Holofoil,1.12,0.75,1.29,9.99,1.16
2025-10-01,sv8pt5-47,610402,Normal,0.03,0.01,0.1,4.99,0.02
2025-10-01,sv8pt5-47,610402,Reverse Holofoil,0.09,0.01,0.13,20.0,0.08
2025-10-01,sv8pt5-59,610414,Holofoil,0.27,0.01,0.29,100.0,
2025-10-01,sv8pt5-59,610414,Reverse Holofoil,0.37,0.1,0.42,25.0,0.34
2025-10-01,sv8pt5-60,610415,Holofoil,4.35,3.71,5.01,40.0,
2025-10-01,svp-085,518861,Normal,560.92,731.25,943.63,2500.0,799.95
2025-10-01,swsh11-186,284137,Holofoil,634.42,463.55,712.34,2000.0,
2025-10-01,swsh12-186,451834,Holofoil,446.25,399.98,531.97,1100.0,399.98
2025-10-01,swsh12pt5gg-GG69,478100,Holofoil,220.69,221.97,257.4,600.0,257.39
2025-10-01,swsh35-25,223018,Normal,0.11,0.03,0.2,1.6,
2025-10-01,swsh35-25,223018,Reverse Holofoil,0.18,0.09,0.25,2.0,
2025-10-01,swsh35-74,223073,Holofoil,156.43,144.0,249.69,1500.0,249.98
2025-10-01,swsh45sv-SV107,232496,Holofoil,158.96,174.86,200.0,349.95,178.25
2025-10-01,swsh7-204,246693,Holofoil,30.32,29.56,37.49,150.0,29.69
2025-10-01,swsh7-205,246696,Holofoil,382.39,304.68,442.5,699.69,424.99
2025-10-01,swsh7-208,246755,Holofoil,30.49,23.0,30.49,500.0,24.91
2025-10-01,swsh7-209,246756,Holofoil,285.09,262.0,378.02,499.97,
2025-10-01,swsh7-211,246702,Holofoil,44.16,40.75,48.49,99.99,40.75
2025-10-01,swsh7-212,246704,Holofoil,318.48,339.01,479.0,1000.0,396.5
2025-10-01,swsh7-215,246723,Holofoil,2258.97,1738.99,2799.99,3199.97,2090.0
2025-10-01,swsh7-218,246733,Holofoil,682.47,561.31,736.5,999.69,750.2
2025-10-01,swsh7-41,246753,Holofoil,6.73,3.99,6.66,25.0,7.49
2025-10-01,swsh7-65,246690,Holofoil,11.61,8.7,12.0,500.0,15.24
2025-10-01,swsh7-75,246701,Holofoil,11.38,9.58,12.71,500.0,16.39
2025-10-01,swsh7-8,246691,Holofoil,5.86,4.19,6.27,100.0,4.87
2025-10-01,swsh8-271,253266,Holofoil,778.14,503.99,815.12,1499.95,798.69
2025-10-01,swsh9-154,263873,Holofoil,396.7,350.0,489.68,1500.0,543.97
2025-10-02,base1-15,42355,Holofoil,114.18,75.44,120.0,300.0,
2025-10-02,base1-16,42356,Holofoil,38.54,18.0,37.5,89.99,30.2
2025-10-02,base1-2,42360,Holofoil,159.13,90.0,134.99,499.99,
2025-10-02,base1-4,42382,Holofoil,456.65,399.99,492.16,1000.0,
2025-10-02,base1-58,42402,Normal,3.28,0.4,2.82,9999.0,1.82
2025-10-02,cel25c-4,250320,Holofoil,143.05,135.0,160.35,499.99,136.0
2025-10-02,gym2-2,83861,1st Edition Holofoil,767.0,805.35,993.74,1199.99,
2025-10-02,gym2-2,83861,Unlimited Holofoil,524.03,292.5,504.9,588.51,
2025-10-02,neo1-9,86903,1st Edition Holofoil,1799.99,1798.78,1899.99,1900.97,
2025-10-02,neo1-9,86903,Unlimited Holofoil,415.18,349.95,374.7,447.0,
2025-10-02,sl-151-bundle,502000,Normal,102.32,90.0,115.0,999.99,
2025-10-02,sl-151-etb,503313,Normal,404.66,389.99,450.0,4999.99,
2025-10-02,sl-151-upc,502005,Normal,623.95,549.99,792.5,40000.0,
2025-10-02,sl-ar-box,265519,Normal,405.32,450.0,530.44,9999.99,
2025-10-02,sl-bs-box,256141,Normal,546.61,499.99,669.98,9999.99,
2025-10-02,sl-cel-upc,245140,Normal,862.75,913.99,1000.0,154722.59,
2025-10-02,sl-champ-etb,218791,Normal,149.66,149.66,179.5,399.99,
2025-10-02,sl-cz-etb,453470,Normal,222.19,215.95,282.5,4999.99,
2025-10-02,sl-dr-box,624679,Normal,420.57,423.29,570.0,9999.0,
2025-10-02,sl-evs-box,242436,Normal,2599.7,2400.0,3400.0,12000.0,
2025-10-02,sl-evs-etb,243721,Normal,647.02,898.0,999.5,2999.99,
2025-10-02,sl-fs-box,247654,Normal,1032.51,999.0,1199.48,9999.99,
2025-10-02,sl-hf-etb,194729,Normal,422.89,381.49,499.96,9999.98,
2025-10-02,sl-jp-151,565243,Normal,197.82,188.99,209.95,485.0,
2025-10-02,sl-jp-terastal,603428,Normal,101.34,100.0,119.83,200.0,
2025-10-02,sl-jt-box,610931,Normal,254.55,253.11,279.94,364.95,
2025-10-02,sl-lo-box,277324,Normal,815.54,825.0,996.47,9999.99,
2025-10-02,sl-me1-box,644298,Normal,300.05,298.0,347.5,7777.0,
2025-10-02,sl-obf-box,501257,Normal,331.43,337.0,400.0,1000.0,
2025-10-02,sl-pe-etb,593355,Normal,129.38,120.0,150.0,2000.0,
2025-10-02,sl-pe-spc,622770,Normal,313.1,299.0,350.0,1000.0,
2025-10-02,sl-pf-etb,528040,Normal,295.13,289.99,300.0,775.0,
2025-10-02,sl-phf-box,654137,Normal,334.19,334.14,334.17,399.95,
2025-10-02,sl-shf-etb,228821,Normal,100.38,87.01,119.95,499.99,
2025-10-02,sl-ss-box,565606,Normal,295.28,284.99,341.95,4999.99,
2025-10-02,sl-st-box,283389,Normal,486.88,449.99,650.0,9999.99,
2025-10-02,sl-tf-box,536225,Normal,256.04,265.0,319.94,750.0,
2025-10-02,sv2-185,497557,Normal,0.33,0.19,0.4,4.99,
2025-10-02,sv2-185,497557,Reverse Holofoil,0.57,0.25,0.75,7.99,
2025-10-02,sv2-254,497669,Holofoil,15.63,14.11,17.61,100.0,15.99
2025-10-02,sv2-269,497689,Holofoil,53.68,48.25,60.0,259.99,
2025-10-02,sv3pt5-151,516566,Holofoil,8.19,6.25,8.24,40.0,18.69
2025-10-02,sv3pt5-199,517045,Holofoil,285.59,248.0,329.97,900.0,295.0
2025-10-02,sv3pt5-205,517051,Holofoil,16.97,14.61,20.0,50.0,18.71
2025-10-02,sv3pt5-4,502555,Normal,0.12,0.01,0.15,5.0,0.12
2025-10-02,sv3pt5-4,502555,Reverse Holofoil,0.25,0.03,0.26,5.0,
2025-10-02,sv3pt5-6,502558,Holofoil,4.57,3.4,5.0,28.79,
2025-10-02,sv3pt5-7,502548,Normal,0.13,0.01,0.15,4.99,
2025-10-02,sv3pt5-7,502548,Reverse Holofoil,0.25,0.03,0.25,5.0,0.15
2025-10-02,sv4pt5-234,535090,Holofoil,314.61,290.0,349.0,750.0,347.48
2025-10-02,sv4pt5-54,534416,Holofoil,3.94,1.67,3.96,34.99,6.0
2025-10-02,sv8-57,590025,Holofoil,5.88,2.72,5.99,40.0,5.05
2025-10-02,sv8pt5-149,610504,Holofoil,197.11,184.79,240.0,800.0,
2025-10-02,sv8pt5-155,610510,Holofoil,231.12,249.99,309.45,800.0,
2025-10-02,sv8pt5-156,610511,Holofoil,376.72,365.54,495.61,800.0,499.24
2025-10-02,sv8pt5-161,610516,Holofoil,1108.41,1165.0,1499.99,2499.99,
2025-10-02,sv8pt5-167,610522,Holofoil,118.07,109.0,138.07,500.0,
2025-10-02,sv8pt5-179,610534,Holofoil,55.15,39.97,65.24,329.99,
2025-10-02,sv8pt5-28,610383,Holofoil,1.13,0.7,1.25,9.95,
2025-10-02,sv8pt5-47,610402,Normal,0.03,0.01,0.1,4.99,0.02
2025-10-02,sv8pt5-47,610402,Reverse Holofoil,0.08,0.01,0.13,20.0,0.08
2025-10-02,sv8pt5-59,610414,Holofoil,0.24,0.02,0.29,100.0,
2025-10-02,sv8pt5-59,610414,Reverse Holofoil,0.38,0.09,0.4,25.0,
2025-10-02,sv8pt5-60,610415,Holofoil,4.36,3.5,5.0,40.0,
2025-10-02,svp-085,518861,Normal,570.97,650.0,894.99,2500.0,799.95
2025-10-02,swsh11-186,284137,Holofoil,630.42,463.55,700.0,2000.0,
2025-10-02,swsh12-186,451834,Holofoil,446.25,425.0,539.99,1100.0,499.97
2025-10-02,swsh12pt5gg-GG69,478100,Holofoil,222.01,215.5,252.0,600.0,257.39
2025-10-02,swsh35-25,223018,Normal,0.11,0.03,0.2,1.6,
2025-10-02,swsh35-25,223018,Reverse Holofoil,0.18,0.09,0.25,2.0,
2025-10-02,swsh35-74,223073,Holofoil,156.43,144.0,202.33,1500.0,249.98
2025-10-02,swsh45sv-SV107,232496,Holofoil,159.6,152.16,199.99,349.95,178.54
2025-10-02,swsh7-204,246693,Holofoil,30.36,29.56,38.0,150.0,29.69
2025-10-02,swsh7-205,246696,Holofoil,382.39,304.68,435.0,699.69,424.99
2025-10-02,swsh7-208,246755,Holofoil,30.75,23.0,31.99,500.0,38.11
2025-10-02,swsh7-209,246756,Holofoil,285.09,268.0,378.1,499.97,
2025-10-02,swsh7-211,246702,Holofoil,44.13,42.0,49.99,99.99,48.48
2025-10-02,swsh7-212,246704,Holofoil,329.62,339.01,479.0,1000.0,499.69
2025-10-02,swsh7-215,246723,Holofoil,2258.97,1735.99,2799.99,3199.97,2090.0
2025-10-02,swsh7-218,246733,Holofoil,682.47,561.31,724.0,999.69,750.2
2025-10-02,swsh7-41,246753,Holofoil,6.73,3.99,6.73,25.0,7.49
2025-10-02,swsh7-65,246690,Holofoil,11.7,8.7,12.0,500.0,9.03
2025-10-02,swsh7-75,246701,Holofoil,10.77,9.58,12.65,500.0,12.96
2025-10-02,swsh7-8,246691,Holofoil,5.88,4.19,6.12,100.0,8.09
2025-10-02,swsh8-271,253266,Holofoil,770.79,503.99,849.5,1499.95,798.69
2025-10-02,swsh9-154,263873,Holofoil,399.86,345.0,450.0,1500.0,350.0
2025-10-03,base1-15,42355,Holofoil,114.18,75.0,120.0,300.0,
2025-10-03,base1-16,42356,Holofoil,38.46,22.03,37.52,89.99,29.04
2025-10-03,base1-2,42360,Holofoil,155.77,90.51,134.99,499.99,
2025-10-03,base1-4,42382,Holofoil,456.65,326.48,479.66,1000.0,
2025-10-03,base1-58,42402,Normal,3.24,0.4,2.83,9999.0,
2025-10-03,cel25c-4,250320,Holofoil,143.05,127.0,157.35,499.99,135.0
2025-10-03,gym2-2,83861,1st Edition Holofoil,767.0,805.35,993.74,1199.99,
2025-10-03,gym2-2,83861,Unlimited Holofoil,524.03,347.99,498.95,588.51,
2025-10-03,neo1-9,86903,1st Edition Holofoil,1799.99,1798.78,1899.99,1900.97,
2025-10-03,neo1-9,86903,Unlimited Holofoil,415.18,349.95,386.85,447.0,
2025-10-03,sl-151-bundle,502000,Normal,100.5,95.01,115.0,999.99,
2025-10-03,sl-151-etb,503313,Normal,405.7,389.99,450.0,4999.99,
2025-10-03,sl-151-upc,502005,Normal,623.95,549.99,790.0,40000.0,
2025-10-03,sl-ar-box,265519,Normal,405.54,450.0,530.44,9999.99,
2025-10-03,sl-bs-box,256141,Normal,546.61,499.99,677.49,9999.99,
2025-10-03,sl-cel-upc,245140,Normal,862.75,913.99,1000.0,154722.59,
2025-10-03,sl-champ-etb,218791,Normal,149.85,159.99,180.0,399.99,
2025-10-03,sl-cz-etb,453470,Normal,222.03,225.01,284.99,4999.99,
2025-10-03,sl-dr-box,624679,Normal,427.25,411.89,579.5,9999.0,
2025-10-03,sl-evs-box,242436,Normal,2598.5,2399.99,3395.0,12000.0,
2025-10-03,sl-evs-etb,243721,Normal,647.02,882.0,999.0,2999.99,
2025-10-03,sl-fs-box,247654,Normal,1032.51,997.99,1199.97,9999.99,
2025-10-03,sl-hf-etb,194729,Normal,423.87,421.0,499.98,9999.98,
2025-10-03,sl-jp-151,565243,Normal,196.86,188.99,209.5,399.99,
2025-10-03,sl-jp-terastal,603428,Normal,101.33,100.0,117.35,200.0,
2025-10-03,sl-jt-box,610931,Normal,254.55,253.11,277.44,364.95,
2025-10-03,sl-lo-box,277324,Normal,815.54,810.0,995.0,9999.99,
2025-10-03,sl-me1-box,644298,Normal,301.47,294.01,345.0,7777.0,
2025-10-03,sl-obf-box,501257,Normal,331.91,337.0,389.99,1000.0,
2025-10-03,sl-pe-etb,593355,Normal,129.53,120.0,150.0,2000.0,
2025-10-03,sl-pe-spc,622770,Normal,313.16,314.99,369.21,1200.0,
2025-10-03,sl-pf-etb,528040,Normal,293.94,289.99,300.0,989.89,
2025-10-03,sl-phf-box,654137,Normal,333.71,333.32,334.16,394.95,
2025-10-03,sl-shf-etb,228821,Normal,100.39,87.01,114.99,499.99,
2025-10-03,sl-ss-box,565606,Normal,294.46,290.0,337.87,4999.99,
2025-10-03,sl-st-box,283389,Normal,486.88,449.99,650.0,9999.99,
2025-10-03,sl-tf-box,536225,Normal,258.5,265.28,331.41,750.0,
2025-10-03,sv2-185,497557,Normal,0.36,0.2,0.4,4.99,
2025-10-03,sv2-185,497557,Reverse Holofoil,0.58,0.25,0.72,7.99,
2025-10-03,sv2-254,497669,Holofoil,15.55,14.5,17.58,100.0,16.0
2025-10-03,sv2-269,497689,Holofoil,54.15,48.45,60.0,259.99,
2025-10-03,sv3pt5-151,516566,Holofoil,7.22,5.36,8.11,40.0,8.05
2025-10-03,sv3pt5-199,517045,Holofoil,285.51,249.99,329.95,900.0,295.0
2025-10-03,sv3pt5-205,517051,Holofoil,17.62,14.61,20.0,50.0,15.42
2025-10-03,sv3pt5-4,502555,Normal,0.13,0.01,0.15,5.0,
2025-10-03,sv3pt5-4,502555,Reverse Holofoil,0.22,0.03,0.25,5.0,
2025-10-03,sv3pt5-6,502558,Holofoil,4.67,3.72,5.0,28.79,
2025-10-03,sv3pt5-7,502548,Normal,0.13,0.01,0.15,4.99,
2025-10-03,sv3pt5-7,502548,Reverse Holofoil,0.25,0.03,0.25,5.0,0.22
2025-10-03,sv4pt5-234,535090,Holofoil,313.69,290.0,349.0,750.0,344.02
2025-10-03,sv4pt5-54,534416,Holofoil,4.28,1.67,4.0,34.99,5.67
2025-10-03,sv8-57,590025,Holofoil,6.22,2.96,6.0,40.0,7.74
2025-10-03,sv8pt5-149,610504,Holofoil,197.19,190.0,239.99,800.0,206.62
2025-10-03,sv8pt5-155,610510,Holofoil,232.8,224.0,300.39,800.0,
2025-10-03,sv8pt5-156,610511,Holofoil,385.78,399.57,498.74,800.0,498.73
2025-10-03,sv8pt5-161,610516,Holofoil,1137.77,1200.0,1499.95,2499.99,
2025-10-03,sv8pt5-167,610522,Holofoil,118.6,106.0,137.93,500.0,
2025-10-03,sv8pt5-179,610534,Holofoil,54.85,44.63,68.27,329.99,
2025-10-03,sv8pt5-28,610383,Holofoil,1.14,0.7,1.27,9.95,
2025-10-03,sv8pt5-47,610402,Normal,0.04,0.01,0.1,4.99,0.03
2025-10-03,sv8pt5-47,610402,Reverse Holofoil,0.08,0.01,0.13,20.0,0.08
2025-10-03,sv8pt5-59,610414,Holofoil,0.25,0.01,0.29,100.0,0.23
2025-10-03,sv8pt5-59,610414,Reverse Holofoil,0.37,0.07,0.4,25.0,
2025-10-03,sv8pt5-60,610415,Holofoil,4.64,3.0,5.0,40.0,5.63
2025-10-03,svp-085,518861,Normal,570.97,650.0,889.99,2500.0,799.95
2025-10-03,swsh11-186,284137,Holofoil,625.82,463.55,699.99,2000.0,
2025-10-03,swsh12-186,451834,Holofoil,446.9,425.0,520.73,1100.0,498.69
2025-10-03,swsh12pt5gg-GG69,478100,Holofoil,223.86,219.0,256.86,600.0,245.15
2025-10-03,swsh35-25,223018,Normal,0.11,0.03,0.2,1.6,
2025-10-03,swsh35-25,223018,Reverse Holofoil,0.18,0.09,0.25,2.0,
2025-10-03,swsh35-74,223073,Holofoil,156.43,155.52,243.6,1500.0,249.98
2025-10-03,swsh45sv-SV107,232496,Holofoil,158.22,152.16,200.0,349.95,177.68
2025-10-03,swsh7-204,246693,Holofoil,30.36,29.56,38.48,150.0,32.88
2025-10-03,swsh7-205,246696,Holofoil,382.39,304.68,435.0,699.69,424.99
2025-10-03,swsh7-208,246755,Holofoil,30.75,23.0,37.37,500.0,37.99
2025-10-03,swsh7-209,246756,Holofoil,285.09,268.0,379.0,499.97,
2025-10-03,swsh7-211,246702,Holofoil,44.13,42.0,49.99,99.99,48.48
2025-10-03,swsh7-212,246704,Holofoil,328.86,339.01,499.69,1000.0,449.99
2025-10-03,swsh7-215,246723,Holofoil,2280.57,1735.99,2799.99,3199.97,2499.69
2025-10-03,swsh7-218,246733,Holofoil,682.47,561.31,724.0,999.69,750.2
2025-10-03,swsh7-41,246753,Holofoil,6.68,3.99,6.72,25.0,7.49
2025-10-03,swsh7-65,246690,Holofoil,11.87,8.0,12.0,500.0,9.03
2025-10-03,swsh7-75,246701,Holofoil,10.87,9.58,12.54,500.0,12.95
2025-10-03,swsh7-8,246691,Holofoil,5.9,4.19,6.12,100.0,5.93
2025-10-03,swsh8-271,253266,Holofoil,753.31,599.99,849.5,1499.95,798.69
2025-10-03,swsh9-154,263873,Holofoil,395.54,344.99,449.99,1500.0,350.0
2025-10-04,base1-15,42355,Holofoil,113.91,75.0,120.4,300.0,
2025-10-04,base1-16,42356,Holofoil,38.51,17.61,37.31,89.99,30.0
2025-10-04,base1-2,42360,Holofoil,156.37,90.11,129.99,499.99,
2025-10-04,base1-4,42382,Holofoil,456.65,429.98,475.0,1000.0,
2025-10-04,base1-58,42402,Normal,3.06,0.4,2.82,9999.0,
2025-10-04,cel25c-4,250320,Holofoil,140.76,120.0,156.62,499.99,133.0
2025-10-04,gym2-2,83861,1st Edition Holofoil,767.0,805.35,993.74,1199.99,
2025-10-04,gym2-2,83861,Unlimited Holofoil,524.03,347.99,496.96,588.51,
2025-10-04,neo1-9,86903,1st Edition Holofoil,1799.99,1798.78,1899.99,1900.97,
2025-10-04,neo1-9,86903,Unlimited Holofoil,415.18,349.95,386.85,447.0,
2025-10-04,sl-151-bundle,502000,Normal,101.06,91.99,115.0,999.99,
2025-10-04,sl-151-etb,503313,Normal,397.2,415.0,499.99,4999.99,
2025-10-04,sl-151-upc,502005,Normal,621.83,549.99,791.94,40000.0,
2025-10-04,sl-ar-box,265519,Normal,405.54,450.0,530.44,9999.99,
2025-10-04,sl-bs-box,256141,Normal,546.61,499.99,685.0,9999.99,
2025-10-04,sl-cel-upc,245140,Normal,872.15,919.99,1000.0,154722.59,
2025-10-04,sl-champ-etb,218791,Normal,149.85,159.99,179.99,399.99,
2025-10-04,sl-cz-etb,453470,Normal,221.19,216.95,280.0,4999.99,
2025-10-04,sl-dr-box,624679,Normal,425.91,411.89,550.0,9999.0,
2025-10-04,sl-evs-box,242436,Normal,2590.66,2685.01,3492.49,12000.0,
2025-10-04,sl-evs-etb,243721,Normal,647.02,882.0,990.5,2999.99,
2025-10-04,sl-fs-box,247654,Normal,1032.43,983.0,1199.97,9999.99,
2025-10-04,sl-hf-etb,194729,Normal,423.87,406.99,499.95,9999.98,
2025-10-04,sl-jp-151,565243,Normal,196.86,188.99,207.12,325.0,
2025-10-04,sl-jp-terastal,603428,Normal,101.45,100.0,115.0,200.0,
2025-10-04,sl-jt-box,610931,Normal,256.75,253.11,279.94,364.95,
2025-10-04,sl-lo-box,277324,Normal,815.54,810.0,997.94,9999.99,
2025-10-04,sl-me1-box,644298,Normal,301.99,298.21,344.99,7777.0,
2025-10-04,sl-obf-box,501257,Normal,331.91,330.0,379.98,1000.0,
2025-10-04,sl-pe-etb,593355,Normal,133.65,126.35,150.0,2000.0,
2025-10-04,sl-pe-spc,622770,Normal,314.52,314.99,382.29,1200.0,
2025-10-04,sl-pf-etb,528040,Normal,293.56,289.89,300.0,989.89,
2025-10-04,sl-phf-box,654137,Normal,333.29,332.98,334.16,394.95,
2025-10-04,sl-shf-etb,228821,Normal,100.89,87.01,114.99,499.99,
2025-10-04,sl-ss-box,565606,Normal,293.1,285.0,329.99,4999.99,
2025-10-04,sl-st-box,283389,Normal,486.88,449.99,649.99,9999.99,
2025-10-04,sl-tf-box,536225,Normal,259.16,279.99,322.47,750.0,
2025-10-04,sv2-185,497557,Normal,0.38,0.25,0.4,4.99,
2025-10-04,sv2-185,497557,Reverse Holofoil,0.53,0.25,0.7,6.99,
2025-10-04,sv2-254,497669,Holofoil,15.38,13.87,17.52,100.0,17.5
2025-10-04,sv2-269,497689,Holofoil,54.57,48.99,60.03,259.99,60.23
2025-10-04,sv3pt5-151,516566,Holofoil,7.09,5.36,8.0,40.0,9.45
2025-10-04,sv3pt5-199,517045,Holofoil,279.46,249.99,330.0,900.0,299.7
2025-10-04,sv3pt5-205,517051,Holofoil,17.77,14.61,19.99,50.0,15.42
2025-10-04,sv3pt5-4,502555,Normal,0.14,0.01,0.15,5.0,0.12
2025-10-04,sv3pt5-4,502555,Reverse Holofoil,0.22,0.03,0.25,5.0,
2025-10-04,sv3pt5-6,502558,Holofoil,4.64,3.75,5.02,28.79,5.0
2025-10-04,sv3pt5-7,502548,Normal,0.13,0.01,0.15,4.99,
2025-10-04,sv3pt5-7,502548,Reverse Holofoil,0.23,0.03,0.25,5.0,0.22
2025-10-04,sv4pt5-234,535090,Holofoil,313.57,290.0,344.96,599.99,343.99
2025-10-04,sv4pt5-54,534416,Holofoil,3.93,1.67,3.98,34.99,5.67
2025-10-04,sv8-57,590025,Holofoil,5.5,3.5,6.0,40.0,6.41
2025-10-04,sv8pt5-149,610504,Holofoil,197.22,195.89,240.0,800.0,214.55
2025-10-04,sv8pt5-155,610510,Holofoil,233.48,249.99,299.99,800.0,
2025-10-04,sv8pt5-156,610511,Holofoil,385.78,399.99,498.24,800.0,498.24
2025-10-04,sv8pt5-161,610516,Holofoil,1127.37,1200.0,1399.99,2499.99,
2025-10-04,sv8pt5-167,610522,Holofoil,118.29,109.99,143.64,500.0,
2025-10-04,sv8pt5-179,610534,Holofoil,54.46,53.98,69.45,329.99,
2025-10-04,sv8pt5-28,610383,Holofoil,1.29,0.7,1.27,9.95,
2025-10-04,sv8pt5-47,610402,Normal,0.04,0.01,0.1,4.99,0.03
2025-10-04,sv8pt5-47,610402,Reverse Holofoil,0.07,0.01,0.13,20.0,0.08
2025-10-04,sv8pt5-59,610414,Holofoil,0.24,0.01,0.28,100.0,
2025-10-04,sv8pt5-59,610414,Reverse Holofoil,0.41,0.07,0.4,25.0,
2025-10-04,sv8pt5-60,610415,Holofoil,4.55,3.0,5.01,40.0,5.79
2025-10-04,svp-085,518861,Normal,570.97,650.0,877.5,2500.0,799.95
2025-10-04,swsh11-186,284137,Holofoil,630.38,463.55,700.0,2000.0,
2025-10-04,swsh12-186,451834,Holofoil,450.3,425.0,505.72,1100.0,495.48
2025-10-04,swsh12pt5gg-GG69,478100,Holofoil,226.09,209.0,251.0,600.0,259.99
2025-10-04,swsh35-25,223018,Normal,0.11,0.03,0.2,1.6,
2025-10-04,swsh35-25,223018,Reverse Holofoil,0.18,0.09,0.25,2.0,
2025-10-04,swsh35-74,223073,Holofoil,160.19,160.0,249.59,1500.0,249.99
2025-10-04,swsh45sv-SV107,232496,Holofoil,158.22,144.56,199.69,349.95,144.56
2025-10-04,swsh7-204,246693,Holofoil,30.39,29.56,38.0,150.0,32.88
2025-10-04,swsh7-205,246696,Holofoil,382.31,304.68,442.5,699.69,424.99
2025-10-04,swsh7-208,246755,Holofoil,30.75,23.0,37.59,500.0,38.1
2025-10-04,swsh7-209,246756,Holofoil,285.77,268.0,378.16,499.97,
2025-10-04,swsh7-211,246702,Holofoil,43.87,42.0,50.0,99.99,48.48
2025-10-04,swsh7-212,246704,Holofoil,331.46,339.01,499.69,1000.0,449.99
2025-10-04,swsh7-215,246723,Holofoil,2280.57,1735.99,2799.99,3199.97,1750.0
2025-10-04,swsh7-218,246733,Holofoil,667.99,561.31,715.49,999.69,715.49
2025-10-04,swsh7-41,246753,Holofoil,6.48,3.6,6.69,25.0,6.48
2025-10-04,swsh7-65,246690,Holofoil,11.48,8.0,12.06,500.0,13.48
2025-10-04,swsh7-75,246701,Holofoil,10.72,9.58,12.49,500.0,12.95
2025-10-04,swsh7-8,246691,Holofoil,5.91,4.19,6.31,100.0,5.78
2025-10-04,swsh8-271,253266,Holofoil,762.73,599.99,849.5,1499.95,798.68
2025-10-04,swsh9-154,263873,Holofoil,395.54,334.11,449.99,1500.0,539.99
2025-10-05,base1-15,42355,Holofoil,113.99,74.95,119.99,300.0,
2025-10-05,base1-16,42356,Holofoil,38.51,17.57,37.31,89.99,29.7
2025-10-05,base1-2,42360,Holofoil,155.97,90.11,129.99,499.99,
2025-10-05,base1-4,42382,Holofoil,457.11,328.29,470.5,1000.0,
2025-10-05,base1-58,42402,Normal,3.06,0.4,2.82,9999.0,
2025-10-05,cel25c-4,250320,Holofoil,140.72,120.0,157.34,499.99,132.0
2025-10-05,gym2-2,83861,1st Edition Holofoil,767.0,805.35,993.74,1199.99,
2025-10-05,gym2-2,83861,Unlimited Holofoil,524.03,347.99,498.95,588.51,
2025-10-05,neo1-9,86903,1st Edition Holofoil,1799.99,1798.78,1899.99,1900.97,
2025-10-05,neo1-9,86903,Unlimited Holofoil,415.18,349.95,386.85,447.0,
2025-10-05,sl-151-bundle,502000,Normal,102.64,95.99,115.0,999.99,
2025-10-05,sl-151-etb,503313,Normal,398.36,400.0,498.98,4999.99,
2025-10-05,sl-151-upc,502005,Normal,621.23,604.99,769.0,40000.0,
2025-10-05,sl-ar-box,265519,Normal,405.54,450.0,500.0,9999.99,
2025-10-05,sl-bs-box,256141,Normal,546.45,499.99,677.49,9999.99,
2025-10-05,sl-cel-upc,245140,Normal,876.95,915.0,1000.0,154722.59,
2025-10-05,sl-champ-etb,218791,Normal,149.85,159.99,179.99,399.99,
2025-10-05,sl-cz-etb,453470,Normal,221.06,225.01,282.5,4999.99,
2025-10-05,sl-dr-box,624679,Normal,423.69,420.0,550.0,9999.0,
2025-10-05,sl-evs-box,242436,Normal,2590.66,2685.01,3492.49,12000.0,
2025-10-05,sl-evs-etb,243721,Normal,647.02,876.78,990.5,2999.99,
2025-10-05,sl-fs-box,247654,Normal,1022.87,983.0,1200.0,9999.99,
2025-10-05,sl-hf-etb,194729,Normal,423.67,406.99,499.95,9999.98,
2025-10-05,sl-jp-151,565243,Normal,196.86,188.99,203.56,399.99,
2025-10-05,sl-jp-terastal,603428,Normal,101.51,100.0,117.35,200.0,
2025-10-05,sl-jt-box,610931,Normal,256.71,253.11,277.49,364.95,
2025-10-05,sl-lo-box,277324,Normal,816.22,810.0,992.44,9999.99,
2025-10-05,sl-me1-box,644298,Normal,302.77,298.21,355.74,7777.0,
2025-10-05,sl-obf-box,501257,Normal,332.35,325.9,374.99,1000.0,
2025-10-05,sl-pe-etb,593355,Normal,136.69,126.35,150.0,2000.0,
2025-10-05,sl-pe-spc,622770,Normal,320.49,322.0,400.0,1200.0,
2025-10-05,sl-pf-etb,528040,Normal,291.57,285.99,300.0,989.89,
2025-10-05,sl-phf-box,654137,Normal,332.22,329.94,333.59,394.95,
2025-10-05,sl-shf-etb,228821,Normal,101.17,87.01,114.99,499.99,
2025-10-05,sl-ss-box,565606,Normal,291.5,275.0,325.0,4999.99,
2025-10-05,sl-st-box,283389,Normal,485.08,449.99,635.93,9999.99,
2025-10-05,sl-tf-box,536225,Normal,259.16,279.99,322.47,750.0,
2025-10-05,sv2-185,497557,Normal,0.34,0.25,0.4,4.99,
2025-10-05,sv2-185,497557,Reverse Holofoil,0.53,0.25,0.69,6.99,
2025-10-05,sv2-254,497669,Holofoil,15.68,13.27,17.41,100.0,17.5
2025-10-05,sv2-269,497689,Holofoil,54.57,48.99,60.02,259.99,60.23
2025-10-05,sv3pt5-151,516566,Holofoil,7.77,5.21,8.09,40.0,8.87
2025-10-05,sv3pt5-199,517045,Holofoil,277.9,259.99,329.99,900.0,305.42
2025-10-05,sv3pt5-205,517051,Holofoil,17.0,14.61,20.0,50.0,15.99
2025-10-05,sv3pt5-4,502555,Normal,0.17,0.01,0.16,5.0,
2025-10-05,sv3pt5-4,502555,Reverse Holofoil,0.23,0.03,0.25,5.0,
2025-10-05,sv3pt5-6,502558,Holofoil,4.83,3.73,5.03,28.79,
2025-10-05,sv3pt5-7,502548,Normal,0.15,0.01,0.15,4.99,
2025-10-05,sv3pt5-7,502548,Reverse Holofoil,0.22,0.03,0.25,5.0,
2025-10-05,sv4pt5-234,535090,Holofoil,313.57,278.71,344.93,599.99,343.98
2025-10-05,sv4pt5-54,534416,Holofoil,3.64,1.67,3.99,34.99,4.31
2025-10-05,sv8-57,590025,Holofoil,5.18,3.5,6.0,40.0,6.52
2025-10-05,sv8pt5-149,610504,Holofoil,197.53,190.0,240.0,800.0,212.11
2025-10-05,sv8pt5-155,610510,Holofoil,235.6,249.99,299.99,800.0,
2025-10-05,sv8pt5-156,610511,Holofoil,385.78,399.99,491.97,800.0,464.98
2025-10-05,sv8pt5-161,610516,Holofoil,1127.37,1150.0,1375.0,2499.99,
2025-10-05,sv8pt5-167,610522,Holofoil,118.97,109.99,144.53,500.0,
2025-10-05,sv8pt5-179,610534,Holofoil,54.39,54.25,69.98,329.99,
2025-10-05,sv8pt5-28,610383,Holofoil,1.54,0.7,1.4,9.95,
2025-10-05,sv8pt5-47,610402,Normal,0.04,0.01,0.1,4.99,0.03
2025-10-05,sv8pt5-47,610402,Reverse Holofoil,0.07,0.01,0.13,20.0,0.07
2025-10-05,sv8pt5-59,610414,Holofoil,0.25,0.01,0.28,100.0,
2025-10-05,sv8pt5-59,610414,Reverse Holofoil,0.4,0.1,0.4,25.0,
2025-10-05,sv8pt5-60,610415,Holofoil,4.92,3.0,5.02,40.0,
2025-10-05,svp-085,518861,Normal,570.97,650.0,854.98,2500.0,799.95
2025-10-05,swsh11-186,284137,Holofoil,626.55,463.55,700.0,2000.0,
2025-10-05,swsh12-186,451834,Holofoil,449.3,444.48,505.72,1100.0,495.48
2025-10-05,swsh12pt5gg-GG69,478100,Holofoil,223.64,203.87,253.0,600.0,259.99
2025-10-05,swsh35-25,223018,Normal,0.11,0.03,0.2,1.6,
2025-10-05,swsh35-25,223018,Reverse Holofoil,0.18,0.09,0.25,2.0,
2025-10-05,swsh35-74,223073,Holofoil,160.19,160.0,249.83,1500.0,249.99
2025-10-05,swsh45sv-SV107,232496,Holofoil,158.22,144.56,199.99,349.95,144.56
2025-10-05,swsh7-204,246693,Holofoil,30.7,29.56,39.23,150.0,32.88
2025-10-05,swsh7-205,246696,Holofoil,382.31,304.68,457.49,699.69,424.99
2025-10-05,swsh7-208,246755,Holofoil,31.07,23.0,37.59,500.0,38.11
2025-10-05,swsh7-209,246756,Holofoil,285.53,269.0,378.1,499.97,
2025-10-05,swsh7-211,246702,Holofoil,44.22,41.54,48.77,99.99,48.49
2025-10-05,swsh7-212,246704,Holofoil,331.46,339.01,489.35,1000.0,344.99
2025-10-05,swsh7-215,246723,Holofoil,2280.57,1735.99,2799.99,3199.97,1750.0
2025-10-05,swsh7-218,246733,Holofoil,631.19,561.31,715.49,999.69,715.49
2025-10-05,swsh7-41,246753,Holofoil,6.46,3.99,6.68,25.0,6.0
2025-10-05,swsh7-65,246690,Holofoil,11.58,8.0,12.0,500.0,13.14
2025-10-05,swsh7-75,246701,Holofoil,10.77,9.3,12.52,500.0,12.9
2025-10-05,swsh7-8,246691,Holofoil,5.83,4.19,6.26,100.0,5.85
2025-10-05,swsh8-271,253266,Holofoil,762.73,599.99,849.5,1499.95,798.68
2025-10-05,swsh9-154,263873,Holofoil,395.54,335.0,449.0,1500.0,499.98
2025-10-06,base1-15,42355,Holofoil,113.99,73.99,120.0,300.0,
2025-10-06,base1-16,42356,Holofoil,38.51,17.75,37.31,89.99,
2025-10-06,base1-2,42360,Holofoil,156.42,90.5,129.99,499.99,
2025-10-06,base1-4,42382,Holofoil,457.11,328.29,466.32,1000.0,
2025-10-06,base1-58,42402,Normal,3.04,0.4,2.8,9999.0,
2025-10-06,cel25c-4,250320,Holofoil,140.72,120.0,152.68,499.99,120.0
2025-10-06,gym2-2,83861,1st Edition Holofoil,767.0,805.35,993.74,1199.99,
2025-10-06,gym2-2,83861,Unlimited Holofoil,524.03,347.99,504.9,588.51,
2025-10-06,neo1-9,86903,1st Edition Holofoil,1799.99,1798.78,1899.99,1900.97,
2025-10-06,neo1-9,86903,Unlimited Holofoil,415.88,348.64,406.99,447.0,
2025-10-06,sl-151-bundle,502000,Normal,102.1,90.0,112.5,999.99,
2025-10-06,sl-151-etb,503313,Normal,398.96,400.0,498.98,4999.99,
2025-10-06,sl-151-upc,502005,Normal,621.23,608.89,750.0,40000.0,
2025-10-06,sl-ar-box,265519,Normal,405.54,450.0,500.0,9999.99,
2025-10-06,sl-bs-box,256141,Normal,546.45,499.98,649.97,9999.99,
2025-10-06,sl-cel-upc,245140,Normal,876.95,910.0,1012.5,154722.59,
2025-10-06,sl-champ-etb,218791,Normal,149.85,159.0,179.99,399.99,
2025-10-06,sl-cz-etb,453470,Normal,221.06,225.01,280.0,4999.99,
2025-10-06,sl-dr-box,624679,Normal,414.89,400.0,550.0,9999.0,
2025-10-06,sl-evs-box,242436,Normal,2590.66,2600.0,3485.0,12000.0,
2025-10-06,sl-evs-etb,243721,Normal,647.02,849.97,981.99,2999.99,
2025-10-06,sl-fs-box,247654,Normal,1032.27,983.0,1199.95,9999.99,
2025-10-06,sl-hf-etb,194729,Normal,422.67,406.99,499.98,9999.98,
2025-10-06,sl-jp-151,565243,Normal,196.58,178.0,200.0,399.99,
2025-10-06,sl-jp-terastal,603428,Normal,101.5,101.98,119.69,200.0,
2025-10-06,sl-jt-box,610931,Normal,258.63,253.11,282.5,364.95,
2025-10-06,sl-lo-box,277324,Normal,816.22,790.99,982.44,9999.99,
2025-10-06,sl-me1-box,644298,Normal,302.89,300.99,358.0,7777.0,
2025-10-06,sl-obf-box,501257,Normal,332.89,329.88,389.99,1000.0,
2025-10-06,sl-pe-etb,593355,Normal,135.12,129.99,150.0,2000.0,
2025-10-06,sl-pe-spc,622770,Normal,318.97,322.0,399.98,1200.0,
2025-10-06,sl-pf-etb,528040,Normal,290.4,289.99,300.0,989.89,
2025-10-06,sl-phf-box,654137,Normal,330.06,327.9,330.78,394.95,
2025-10-06,sl-shf-etb,228821,Normal,99.64,95.0,120.0,499.99,
2025-10-06,sl-ss-box,565606,Normal,284.14,284.89,327.9,4999.99,
2025-10-06,sl-st-box,283389,Normal,486.48,449.99,610.93,9999.99,
2025-10-06,sl-tf-box,536225,Normal,259.16,279.99,310.47,750.0,
2025-10-06,sv2-185,497557,Normal,0.37,0.2,0.4,30.0,
2025-10-06,sv2-185,497557,Reverse Holofoil,0.59,0.25,0.71,6.99,
2025-10-06,sv2-254,497669,Holofoil,15.79,13.27,17.42,100.0,17.5
2025-10-06,sv2-269,497689,Holofoil,54.34,48.99,60.0,259.99,
2025-10-06,sv3pt5-151,516566,Holofoil,7.65,5.36,8.0,40.0,12.32
2025-10-06,sv3pt5-199,517045,Holofoil,280.52,259.99,324.95,900.0,265.0
2025-10-06,sv3pt5-205,517051,Holofoil,17.77,14.61,20.0,88.88,21.66
2025-10-06,sv3pt5-4,502555,Normal,0.15,0.01,0.16,5.0,
2025-10-06,sv3pt5-4,502555,Reverse Holofoil,0.24,0.03,0.25,5.0,
2025-10-06,sv3pt5-6,502558,Holofoil,4.61,3.6,5.0,28.79,
2025-10-06,sv3pt5-7,502548,Normal,0.17,0.01,0.16,4.99,
2025-10-06,sv3pt5-7,502548,Reverse Holofoil,0.23,0.03,0.25,5.0,
2025-10-06,sv4pt5-234,535090,Holofoil,309.74,300.0,343.98,599.99,319.19
2025-10-06,sv4pt5-54,534416,Holofoil,3.59,2.6,3.99,34.99,
2025-10-06,sv8-57,590025,Holofoil,5.3,3.5,5.99,40.0,8.27
2025-10-06,sv8pt5-149,610504,Holofoil,198.33,190.0,239.99,1000.0,
2025-10-06,sv8pt5-155,610510,Holofoil,235.78,237.5,299.99,1000.0,
2025-10-06,sv8pt5-156,610511,Holofoil,385.78,390.0,472.49,1000.0,434.98
2025-10-06,sv8pt5-161,610516,Holofoil,1141.97,1150.0,1374.69,2499.99,
2025-10-06,sv8pt5-167,610522,Holofoil,118.83,109.95,144.07,800.0,
2025-10-06,sv8pt5-179,610534,Holofoil,54.3,48.5,64.7,329.99,
2025-10-06,sv8pt5-28,610383,Holofoil,1.26,0.7,1.35,9.95,
2025-10-06,sv8pt5-47,610402,Normal,0.04,0.01,0.1,4.99,0.03
2025-10-06,sv8pt5-47,610402,Reverse Holofoil,0.08,0.01,0.13,20.0,
2025-10-06,sv8pt5-59,610414,Holofoil,0.22,0.01,0.27,100.0,
2025-10-06,sv8pt5-59,610414,Reverse Holofoil,0.4,0.1,0.4,25.0,
2025-10-06,sv8pt5-60,610415,Holofoil,4.82,3.0,5.1,40.0,
2025-10-06,svp-085,518861,Normal,581.66,650.0,827.49,2500.0,799.95
2025-10-06,swsh11-186,284137,Holofoil,634.78,463.55,723.99,2000.0,
2025-10-06,swsh12-186,451834,Holofoil,451.31,435.0,498.99,1100.0,447.78
2025-10-06,swsh12pt5gg-GG69,478100,Holofoil,223.12,200.0,250.0,600.0,259.99
2025-10-06,swsh35-25,223018,Normal,0.11,0.03,0.2,1.6,
2025-10-06,swsh35-25,223018,Reverse Holofoil,0.18,0.09,0.25,2.0,
2025-10-06,swsh35-74,223073,Holofoil,160.57,160.0,249.83,1500.0,249.99
2025-10-06,swsh45sv-SV107,232496,Holofoil,158.22,142.0,194.0,349.95,144.56
2025-10-06,swsh7-204,246693,Holofoil,30.84,29.99,38.98,150.0,32.88
2025-10-06,swsh7-205,246696,Holofoil,382.31,304.68,464.99,699.69,424.99
2025-10-06,swsh7-208,246755,Holofoil,30.82,23.0,38.84,500.0,38.78
2025-10-06,swsh7-209,246756,Holofoil,284.29,269.0,372.4,499.97,
2025-10-06,swsh7-211,246702,Holofoil,44.22,41.54,48.82,99.99,48.49
2025-10-06,swsh7-212,246704,Holofoil,342.05,339.01,489.35,1000.0,
2025-10-06,swsh7-215,246723,Holofoil,2280.57,1695.0,2649.84,3199.97,1750.0
2025-10-06,swsh7-218,246733,Holofoil,640.88,561.31,672.88,999.69,778.88
2025-10-06,swsh7-41,246753,Holofoil,6.39,3.99,6.67,25.0,6.48
2025-10-06,swsh7-65,246690,Holofoil,11.36,8.7,12.0,500.0,13.99
2025-10-06,swsh7-75,246701,Holofoil,10.82,9.3,12.52,500.0,12.96
2025-10-06,swsh7-8,246691,Holofoil,5.72,4.19,6.26,100.0,6.26
2025-10-06,swsh8-271,253266,Holofoil,785.75,599.99,850.0,1499.95,798.68
2025-10-06,swsh9-154,263873,Holofoil,395.54,224.87,425.0,1500.0,499.97
2025-10-07,base1-15,42355,Holofoil,113.99,69.0,120.0,300.0,
2025-10-07,base1-16,42356,Holofoil,38.51,17.75,37.31,89.99,
2025-10-07,base1-2,42360,Holofoil,156.42,90.5,129.99,499.99,
2025-10-07,base1-4,42382,Holofoil,457.11,328.28,465.55,1000.0,
2025-10-07,base1-58,42402,Normal,3.01,0.4,2.75,9999.0,
2025-10-07,cel25c-4,250320,Holofoil,139.58,120.0,150.05,499.99,120.0
2025-10-07,gym2-2,83861,1st Edition Holofoil,767.0,805.35,944.05,1199.99,
2025-10-07,gym2-2,83861,Unlimited Holofoil,524.03,347.99,499.99,588.51,
2025-10-07,neo1-9,86903,1st Edition Holofoil,1799.99,1798.78,1899.99,1900.97,
2025-10-07,neo1-9,86903,Unlimited Holofoil,415.94,348.64,399.0,447.0,
2025-10-07,sl-151-bundle,502000,Normal,101.6,95.0,112.5,999.99,
2025-10-07,sl-151-etb,503313,Normal,399.56,400.0,486.5,4999.99,
2025-10-07,sl-151-upc,502005,Normal,621.23,600.0,750.0,40000.0,
2025-10-07,sl-ar-box,265519,Normal,405.54,435.01,500.0,9999.99,
2025-10-07,sl-bs-box,256141,Normal,546.45,499.0,638.98,9999.99,
2025-10-07,sl-cel-upc,245140,Normal,876.95,800.0,1000.0,154722.59,
2025-10-07,sl-champ-etb,218791,Normal,149.85,159.0,179.5,399.99,
2025-10-07,sl-cz-etb,453470,Normal,220.84,220.0,280.0,4999.99,
2025-10-07,sl-dr-box,624679,Normal,396.75,397.0,550.0,9999.0,
2025-10-07,sl-evs-box,242436,Normal,2590.66,2599.99,3485.0,12000.0,
2025-10-07,sl-evs-etb,243721,Normal,647.02,834.88,999.0,2999.99,
2025-10-07,sl-fs-box,247654,Normal,1032.27,980.0,1157.0,9999.99,
2025-10-07,sl-hf-etb,194729,Normal,422.67,406.99,499.96,9999.98,
2025-10-07,sl-jp-151,565243,Normal,195.74,188.99,200.0,399.99,
2025-10-07,sl-jp-terastal,603428,Normal,102.6,100.0,114.45,200.0,
2025-10-07,sl-jt-box,610931,Normal,259.04,269.88,285.0,364.95,
2025-10-07,sl-lo-box,277324,Normal,816.22,785.0,950.0,9999.99,
2025-10-07,sl-me1-box,644298,Normal,304.37,294.0,345.0,499.0,
2025-10-07,sl-obf-box,501257,Normal,333.08,330.0,399.97,1000.0,
2025-10-07,sl-pe-etb,593355,Normal,136.61,129.99,152.88,2000.0,
2025-10-07,sl-pe-spc,622770,Normal,322.63,322.0,400.0,1200.0,
2025-10-07,sl-pf-etb,528040,Normal,289.61,285.0,300.0,989.89,
2025-10-07,sl-phf-box,654137,Normal,329.7,329.77,329.94,394.95,
2025-10-07,sl-shf-etb,228821,Normal,99.64,95.0,119.98,499.99,
2025-10-07,sl-ss-box,565606,Normal,286.1,274.0,322.47,4999.99,
2025-10-07,sl-st-box,283389,Normal,486.68,449.99,598.0,9999.99,
2025-10-07,sl-tf-box,536225,Normal,261.73,279.99,310.47,750.0,
2025-10-07,sv2-185,497557,Normal,0.33,0.2,0.4,30.0,
2025-10-07,sv2-185,497557,Reverse Holofoil,0.59,0.25,0.69,6.99,0.5
2025-10-07,sv2-254,497669,Holofoil,15.97,13.71,17.4,100.0,19.08
2025-10-07,sv2-269,497689,Holofoil,54.38,48.99,60.0,259.99,
2025-10-07,sv3pt5-151,516566,Holofoil,7.73,5.36,8.01,40.0,7.73
2025-10-07,sv3pt5-199,517045,Holofoil,284.37,265.0,314.8,900.0,
2025-10-07,sv3pt5-205,517051,Holofoil,18.32,14.61,20.0,88.88,16.12
2025-10-07,sv3pt5-4,502555,Normal,0.11,0.01,0.15,5.0,
2025-10-07,sv3pt5-4,502555,Reverse Holofoil,0.24,0.03,0.25,5.0,0.23
2025-10-07,sv3pt5-6,502558,Holofoil,4.22,3.5,5.0,24.97,3.99
2025-10-07,sv3pt5-7,502548,Normal,0.16,0.01,0.16,4.99,
2025-10-07,sv3pt5-7,502548,Reverse Holofoil,0.24,0.03,0.25,5.0,
2025-10-07,sv4pt5-234,535090,Holofoil,308.74,300.0,343.98,800.0,319.19
2025-10-07,sv4pt5-54,534416,Holofoil,3.38,2.6,3.88,34.99,
2025-10-07,sv8-57,590025,Holofoil,5.05,3.5,5.99,40.0,4.45
2025-10-07,sv8pt5-149,610504,Holofoil,198.33,190.0,230.4,1000.0,
2025-10-07,sv8pt5-155,610510,Holofoil,236.02,249.99,299.39,1000.0,
2025-10-07,sv8pt5-156,610511,Holofoil,389.18,379.99,479.99,1000.0,
2025-10-07,sv8pt5-161,610516,Holofoil,1149.97,1150.0,1374.69,2499.99,
2025-10-07,sv8pt5-167,610522,Holofoil,118.43,108.96,144.07,800.0,
2025-10-07,sv8pt5-179,610534,Holofoil,54.12,48.0,61.5,329.99,
2025-10-07,sv8pt5-28,610383,Holofoil,1.31,0.7,1.32,9.99,1.21
2025-10-07,sv8pt5-47,610402,Normal,0.04,0.01,0.1,4.99,0.03
2025-10-07,sv8pt5-47,610402,Reverse Holofoil,0.08,0.01,0.13,20.0,0.06
2025-10-07,sv8pt5-59,610414,Holofoil,0.23,0.01,0.27,100.0,0.23
2025-10-07,sv8pt5-59,610414,Reverse Holofoil,0.41,0.1,0.41,25.0,0.25
2025-10-07,sv8pt5-60,610415,Holofoil,4.48,2.99,5.01,40.0,4.43
2025-10-07,svp-085,518861,Normal,572.46,650.0,827.49,2500.0,799.95
2025-10-07,swsh11-186,284137,Holofoil,634.78,463.55,724.98,2000.0,
2025-10-07,swsh12-186,451834,Holofoil,451.31,445.0,498.69,1100.0,447.78
2025-10-07,swsh12pt5gg-GG69,478100,Holofoil,222.61,200.0,250.0,600.0,259.99
2025-10-07,swsh35-25,223018,Normal,0.11,0.03,0.2,1.6,
2025-10-07,swsh35-25,223018,Reverse Holofoil,0.18,0.09,0.25,2.0,
2025-10-07,swsh35-74,223073,Holofoil,160.57,160.0,249.83,1500.0,249.99
2025-10-07,swsh45sv-SV107,232496,Holofoil,156.45,142.0,194.0,349.95,156.45
2025-10-07,swsh7-204,246693,Holofoil,30.84,29.99,38.24,150.0,29.69
2025-10-07,swsh7-205,246696,Holofoil,385.71,305.99,457.49,699.69,424.99
2025-10-07,swsh7-208,246755,Holofoil,31.01,23.0,38.84,500.0,31.01
2025-10-07,swsh7-209,246756,Holofoil,289.53,268.0,374.38,499.97,
2025-10-07,swsh7-211,246702,Holofoil,44.22,42.0,48.82,99.99,44.3
2025-10-07,swsh7-212,246704,Holofoil,374.99,350.0,515.29,1000.0,
2025-10-07,swsh7-215,246723,Holofoil,2280.57,1674.99,2499.0,3420.9,1750.0
2025-10-07,swsh7-218,246733,Holofoil,643.88,561.31,650.0,999.69,778.88
2025-10-07,swsh7-41,246753,Holofoil,6.38,3.99,6.57,25.0,5.96
2025-10-07,swsh7-65,246690,Holofoil,11.02,8.7,12.0,500.0,13.99
2025-10-07,swsh7-75,246701,Holofoil,10.81,9.0,12.44,500.0,12.96
2025-10-07,swsh7-8,246691,Holofoil,5.53,4.65,6.25,100.0,5.53
2025-10-07,swsh8-271,253266,Holofoil,787.78,649.99,860.0,1499.95,798.68
2025-10-07,swsh9-154,263873,Holofoil,395.54,339.0,425.0,1500.0,499.0
2025-10-08,base1-15,42355,Holofoil,113.99,69.0,121.71,300.0,
2025-10-08,base1-16,42356,Holofoil,38.51,17.75,36.92,89.99,
2025-10-08,base1-2,42360,Holofoil,156.42,90.5,129.99,499.99,
2025-10-08,base1-4,42382,Holofoil,457.11,328.28,460.83,1000.0,
2025-10-08,base1-58,42402,Normal,2.93,0.4,2.75,9999.0,
2025-10-08,cel25c-4,250320,Holofoil,140.22,110.0,149.99,499.99,120.0
2025-10-08,gym2-2,83861,1st Edition Holofoil,767.0,805.35,944.05,1199.99,
2025-10-08,gym2-2,83861,Unlimited Holofoil,524.03,347.99,499.99,588.51,
2025-10-08,neo1-9,86903,1st Edition Holofoil,1799.99,1798.78,1899.99,1900.97,
2025-10-08,neo1-9,86903,Unlimited Holofoil,407.26,297.0,354.97,447.0,
2025-10-08,sl-151-bundle,502000,Normal,99.95,87.01,114.99,999.99,
2025-10-08,sl-151-etb,503313,Normal,399.56,400.0,474.0,4999.99,
2025-10-08,sl-151-upc,502005,Normal,621.23,600.0,750.0,40000.0,
2025-10-08,sl-ar-box,265519,Normal,405.54,450.0,500.0,9999.99,
2025-10-08,sl-bs-box,256141,Normal,543.61,495.99,638.98,9999.99,
2025-10-08,sl-cel-upc,245140,Normal,876.75,800.0,1000.0,154722.59,
2025-10-08,sl-champ-etb,218791,Normal,150.21,154.0,176.0,399.99,
2025-10-08,sl-cz-etb,453470,Normal,219.84,220.0,277.48,4999.99,
2025-10-08,sl-dr-box,624679,Normal,402.49,396.19,549.99,9999.0,
2025-10-08,sl-evs-box,242436,Normal,2590.66,2575.0,3442.5,12000.0,
2025-10-08,sl-evs-etb,243721,Normal,647.02,834.77,999.0,2999.99,
2025-10-08,sl-fs-box,247654,Normal,1031.47,983.0,1115.0,4999.99,
2025-10-08,sl-hf-etb,194729,Normal,422.67,406.99,499.95,9999.98,
2025-10-08,sl-jp-151,565243,Normal,195.45,188.99,200.0,325.0,
2025-10-08,sl-jp-terastal,603428,Normal,103.08,100.0,114.95,200.0,
2025-10-08,sl-jt-box,610931,Normal,259.64,265.0,282.5,364.95,
2025-10-08,sl-lo-box,277324,Normal,816.22,775.0,950.0,9999.99,
2025-10-08,sl-me1-box,644298,Normal,298.68,288.45,350.0,499.0,
2025-10-08,sl-obf-box,501257,Normal,333.16,337.0,399.97,1000.0,
2025-10-08,sl-pe-etb,593355,Normal,139.65,129.99,150.0,2000.0,
2025-10-08,sl-pe-spc,622770,Normal,324.03,316.0,400.0,1200.0,
2025-10-08,sl-pf-etb,528040,Normal,288.68,280.0,300.0,989.89,
2025-10-08,sl-phf-box,654137,Normal,329.74,329.69,329.95,394.95,
2025-10-08,sl-shf-etb,228821,Normal,100.04,95.0,120.0,499.99,
2025-10-08,sl-ss-box,565606,Normal,281.58,281.14,324.94,4999.99,
2025-10-08,sl-st-box,283389,Normal,488.84,449.99,585.0,9999.99,
2025-10-08,sl-tf-box,536225,Normal,265.26,279.99,319.94,750.0,
2025-10-08,sv2-185,497557,Normal,0.35,0.2,0.4,30.0,0.29
2025-10-08,sv2-185,497557,Reverse Holofoil,0.5,0.25,0.68,6.99,0.49
2025-10-08,sv2-254,497669,Holofoil,15.66,14.5,17.4,100.0,15.01
2025-10-08,sv2-269,497689,Holofoil,54.89,48.99,60.0,259.99,54.5
2025-10-08,sv3pt5-151,516566,Holofoil,7.69,4.0,8.07,40.0,7.75
2025-10-08,sv3pt5-199,517045,Holofoil,290.35,260.0,329.95,900.0,
2025-10-08,sv3pt5-205,517051,Holofoil,17.73,14.99,20.0,88.88,15.5
2025-10-08,sv3pt5-4,502555,Normal,0.11,0.01,0.15,5.0,0.09
2025-10-08,sv3pt5-4,502555,Reverse Holofoil,0.24,0.03,0.25,5.0,
2025-10-08,sv3pt5-6,502558,Holofoil,4.13,3.15,5.0,24.97,4.49
2025-10-08,sv3pt5-7,502548,Normal,0.15,0.01,0.16,4.99,0.1
2025-10-08,sv3pt5-7,502548,Reverse Holofoil,0.23,0.03,0.25,5.0,0.2
2025-10-08,sv4pt5-234,535090,Holofoil,307.49,298.78,339.61,800.0,319.19
2025-10-08,sv4pt5-54,534416,Holofoil,3.44,2.6,3.91,34.99,3.28
2025-10-08,sv8-57,590025,Holofoil,5.18,3.5,6.0,40.0,6.1
2025-10-08,sv8pt5-149,610504,Holofoil,198.24,190.0,229.99,1000.0,
2025-10-08,sv8pt5-155,610510,Holofoil,238.62,240.0,295.19,1000.0,
2025-10-08,sv8pt5-156,610511,Holofoil,391.41,390.0,479.99,1000.0,
2025-10-08,sv8pt5-161,610516,Holofoil,1146.33,1150.0,1370.15,2499.99,
2025-10-08,sv8pt5-167,610522,Holofoil,117.44,115.0,147.74,800.0,
2025-10-08,sv8pt5-179,610534,Holofoil,53.77,47.0,59.97,329.99,
2025-10-08,sv8pt5-28,610383,Holofoil,1.18,0.64,1.32,9.95,1.39
2025-10-08,sv8pt5-47,610402,Normal,0.03,0.01,0.1,4.99,0.03
2025-10-08,sv8pt5-47,610402,Reverse Holofoil,0.08,0.01,0.13,20.0,0.06
2025-10-08,sv8pt5-59,610414,Holofoil,0.25,0.01,0.27,100.0,0.23
2025-10-08,sv8pt5-59,610414,Reverse Holofoil,0.42,0.1,0.41,25.0,0.36
2025-10-08,sv8pt5-60,610415,Holofoil,4.17,2.99,5.0,40.0,5.79
2025-10-08,svp-085,518861,Normal,572.46,650.0,799.97,2500.0,799.95
2025-10-08,swsh11-186,284137,Holofoil,634.78,463.55,725.0,2000.0,723.99
2025-10-08,swsh12-186,451834,Holofoil,451.31,445.0,495.49,1100.0,447.78
2025-10-08,swsh12pt5gg-GG69,478100,Holofoil,223.38,199.99,250.0,600.0,259.99
2025-10-08,swsh35-25,223018,Normal,0.11,0.03,0.19,1.6,
2025-10-08,swsh35-25,223018,Reverse Holofoil,0.18,0.09,0.25,2.0,
2025-10-08,swsh35-74,223073,Holofoil,163.55,160.0,231.15,1500.0,161.97
2025-10-08,swsh45sv-SV107,232496,Holofoil,156.45,142.0,194.83,349.95,172.09
2025-10-08,swsh7-204,246693,Holofoil,31.54,29.69,38.24,150.0,29.69
2025-10-08,swsh7-205,246696,Holofoil,385.71,305.99,464.99,699.69,424.99
2025-10-08,swsh7-208,246755,Holofoil,31.01,23.0,30.93,49.3,31.01
2025-10-08,swsh7-209,246756,Holofoil,294.47,269.0,378.09,499.97,
2025-10-08,swsh7-211,246702,Holofoil,44.27,42.0,48.7,75.0,48.49
2025-10-08,swsh7-212,246704,Holofoil,389.84,350.0,517.49,1000.0,449.99
2025-10-08,swsh7-215,246723,Holofoil,2296.17,1674.99,2624.85,3420.9,1750.0
2025-10-08,swsh7-218,246733,Holofoil,643.88,561.31,650.0,999.69,757.89
2025-10-08,swsh7-41,246753,Holofoil,6.23,3.99,6.57,25.0,6.48
2025-10-08,swsh7-65,246690,Holofoil,11.22,8.7,12.05,500.0,12.59
2025-10-08,swsh7-75,246701,Holofoil,11.31,8.6,12.15,70.0,13.27
2025-10-08,swsh7-8,246691,Holofoil,5.68,4.65,6.1,100.0,8.09
2025-10-08,swsh8-271,253266,Holofoil,787.54,649.99,805.23,1499.95,798.69
2025-10-08,swsh9-154,263873,Holofoil,395.54,339.0,425.0,1500.0,498.95
2025-10-09,base1-15,42355,Holofoil,113.99,69.5,120.0,300.0,
2025-10-09,base1-16,42356,Holofoil,38.46,17.75,37.45,89.99,
2025-10-09,base1-2,42360,Holofoil,155.73,89.5,129.99,499.99,
2025-10-09,base1-4,42382,Holofoil,457.49,326.29,460.83,1000.0,
2025-10-09,base1-58,42402,Normal,2.97,0.4,2.78,9999.0,2.47
2025-10-09,cel25c-4,250320,Holofoil,139.58,100.0,147.76,499.99,120.0
2025-10-09,gym2-2,83861,1st Edition Holofoil,767.0,805.35,972.03,1199.99,
2025-10-09,gym2-2,83861,Unlimited Holofoil,524.03,347.99,499.99,588.51,
2025-10-09,neo1-9,86903,1st Edition Holofoil,1799.99,1798.78,1899.99,1900.97,
2025-10-09,neo1-9,86903,Unlimited Holofoil,407.26,297.0,359.99,447.0,
2025-10-09,sl-151-bundle,502000,Normal,98.34,92.01,114.82,999.99,
2025-10-09,sl-151-etb,503313,Normal,399.56,400.0,474.0,4999.99,
2025-10-09,sl-151-upc,502005,Normal,619.63,590.0,750.0,40000.0,
2025-10-09,sl-ar-box,265519,Normal,405.54,450.0,500.0,9999.99,
2025-10-09,sl-bs-box,256141,Normal,540.58,482.9,649.97,9999.99,
2025-10-09,sl-cel-upc,245140,Normal,876.75,914.99,1012.5,154722.59,
2025-10-09,sl-champ-etb,218791,Normal,150.21,150.0,177.5,399.99,
2025-10-09,sl-cz-etb,453470,Normal,219.4,220.0,280.0,4999.99,
2025-10-09,sl-dr-box,624679,Normal,399.29,370.0,547.0,9999.0,
2025-10-09,sl-evs-box,242436,Normal,2590.66,2575.0,3485.0,12000.0,
2025-10-09,sl-evs-etb,243721,Normal,647.02,750.0,981.99,2999.99,
2025-10-09,sl-fs-box,247654,Normal,1032.07,928.86,1157.0,4999.99,
2025-10-09,sl-hf-etb,194729,Normal,422.67,406.99,499.96,9999.98,
2025-10-09,sl-jp-151,565243,Normal,194.99,180.0,200.0,325.0,
2025-10-09,sl-jp-terastal,603428,Normal,103.29,100.0,113.31,200.0,
2025-10-09,sl-jt-box,610931,Normal,260.04,265.0,282.5,364.95,
2025-10-09,sl-lo-box,277324,Normal,816.22,734.6,940.0,9999.99,
2025-10-09,sl-me1-box,644298,Normal,292.99,284.96,347.5,499.0,
2025-10-09,sl-obf-box,501257,Normal,334.0,337.0,389.97,1000.0,
2025-10-09,sl-pe-etb,593355,Normal,134.67,131.0,150.0,2000.0,
2025-10-09,sl-pe-spc,622770,Normal,323.87,316.0,386.94,1200.0,
2025-10-09,sl-pf-etb,528040,Normal,288.06,282.0,300.0,989.89,
2025-10-09,sl-phf-box,654137,Normal,330.0,329.69,329.95,394.95,
2025-10-09,sl-shf-etb,228821,Normal,100.2,95.0,119.98,499.99,
2025-10-09,sl-ss-box,565606,Normal,279.5,250.01,319.99,4999.99,
2025-10-09,sl-st-box,283389,Normal,488.84,439.96,589.95,9999.99,
2025-10-09,sl-tf-box,536225,Normal,265.26,278.96,310.47,750.0,
2025-10-09,sv2-185,497557,Normal,0.35,0.2,0.4,30.0,0.35
2025-10-09,sv2-185,497557,Reverse Holofoil,0.6,0.25,0.69,6.99,0.67
2025-10-09,sv2-254,497669,Holofoil,15.72,14.45,17.34,100.0,17.52
2025-10-09,sv2-269,497689,Holofoil,54.37,50.0,60.0,259.99,54.4
2025-10-09,sv3pt5-151,516566,Holofoil,7.56,5.36,8.0,40.0,14.22
2025-10-09,sv3pt5-199,517045,Holofoil,289.73,265.0,324.98,900.0,
2025-10-09,sv3pt5-205,517051,Holofoil,17.69,14.99,20.0,88.88,17.38
2025-10-09,sv3pt5-4,502555,Normal,0.11,0.01,0.15,5.0,0.11
2025-10-09,sv3pt5-4,502555,Reverse Holofoil,0.25,0.03,0.25,5.0,0.15
2025-10-09,sv3pt5-6,502558,Holofoil,4.23,3.2,5.0,24.97,4.49
2025-10-09,sv3pt5-7,502548,Normal,0.11,0.01,0.15,4.99,0.1
2025-10-09,sv3pt5-7,502548,Reverse Holofoil,0.22,0.03,0.25,5.0,0.22
2025-10-09,sv4pt5-234,535090,Holofoil,307.49,298.78,331.67,800.0,319.19
2025-10-09,sv4pt5-54,534416,Holofoil,3.72,2.6,3.82,34.99,5.89
2025-10-09,sv8-57,590025,Holofoil,4.48,4.0,6.0,40.0,4.48
2025-10-09,sv8pt5-149,610504,Holofoil,198.24,190.0,225.0,1000.0,
2025-10-09,sv8pt5-155,610510,Holofoil,238.62,240.0,295.19,1000.0,
2025-10-09,sv8pt5-156,610511,Holofoil,391.41,387.58,464.98,1000.0,
2025-10-09,sv8pt5-161,610516,Holofoil,1146.33,1150.0,1374.85,3000.0,
2025-10-09,sv8pt5-167,610522,Holofoil,118.39,119.99,144.99,800.0,
2025-10-09,sv8pt5-179,610534,Holofoil,53.77,47.0,55.36,329.99,
2025-10-09,sv8pt5-28,610383,Holofoil,1.36,0.62,1.31,9.99,1.95
2025-10-09,sv8pt5-47,610402,Normal,0.03,0.01,0.1,4.99,0.03
2025-10-09,sv8pt5-47,610402,Reverse Holofoil,0.09,0.01,0.13,20.0,0.06
2025-10-09,sv8pt5-59,610414,Holofoil,0.25,0.01,0.27,100.0,0.27
2025-10-09,sv8pt5-59,610414,Reverse Holofoil,0.35,0.1,0.4,25.0,
2025-10-09,sv8pt5-60,610415,Holofoil,4.02,3.0,5.0,40.0,5.79
2025-10-09,svp-085,518861,Normal,572.46,650.0,799.97,2500.0,799.95
2025-10-09,swsh11-186,284137,Holofoil,630.38,463.55,724.98,2000.0,723.99
2025-10-09,swsh12-186,451834,Holofoil,451.31,444.0,495.5,1100.0,495.4
2025-10-09,swsh12pt5gg-GG69,478100,Holofoil,219.4,215.0,249.98,600.0,259.99
2025-10-09,swsh35-25,223018,Normal,0.11,0.03,0.19,1.82,
2025-10-09,swsh35-25,223018,Reverse Holofoil,0.18,0.09,0.25,2.0,
2025-10-09,swsh35-74,223073,Holofoil,167.31,159.99,231.15,1500.0,161.97
2025-10-09,swsh45sv-SV107,232496,Holofoil,156.45,140.0,193.0,349.95,156.45
2025-10-09,swsh7-204,246693,Holofoil,31.54,29.69,37.74,150.0,29.69
2025-10-09,swsh7-205,246696,Holofoil,385.71,304.68,464.99,899.99,424.99
2025-10-09,swsh7-208,246755,Holofoil,31.08,23.0,30.93,69.99,31.01
2025-10-09,swsh7-209,246756,Holofoil,296.33,269.0,378.04,799.99,384.0
2025-10-09,swsh7-211,246702,Holofoil,44.27,41.66,48.7,99.99,48.49
2025-10-09,swsh7-212,246704,Holofoil,389.84,350.0,599.69,1000.0,449.99
2025-10-09,swsh7-215,246723,Holofoil,2279.2,1674.99,2774.99,3999.99,1750.0
2025-10-09,swsh7-218,246733,Holofoil,643.88,561.31,682.5,1499.99,757.89
2025-10-09,swsh7-41,246753,Holofoil,5.9,3.99,6.66,25.0,6.48
2025-10-09,swsh7-65,246690,Holofoil,11.24,8.7,12.1,500.0,11.97
2025-10-09,swsh7-75,246701,Holofoil,12.08,8.6,12.45,70.0,12.33
2025-10-09,swsh7-8,246691,Holofoil,5.65,4.75,6.25,100.0,8.09
2025-10-09,swsh8-271,253266,Holofoil,787.54,649.99,827.62,1799.99,798.69
2025-10-09,swsh9-154,263873,Holofoil,398.62,333.78,425.0,1500.0,498.9
2025-10-10,base1-15,42355,Holofoil,113.99,73.23,120.86,300.0,
2025-10-10,base1-16,42356,Holofoil,38.46,20.5,37.76,89.99,
2025-10-10,base1-2,42360,Holofoil,156.91,90.5,129.99,4321.0,
2025-10-10,base1-4,42382,Holofoil,457.49,328.28,465.05,1000.0,
2025-10-10,base1-58,42402,Normal,3.0,0.39,2.82,9999.0,
2025-10-10,cel25c-4,250320,Holofoil,138.74,100.0,146.6,499.99,120.0
2025-10-10,gym2-2,83861,1st Edition Holofoil,767.0,805.35,972.03,1199.99,
2025-10-10,gym2-2,83861,Unlimited Holofoil,524.03,347.99,499.99,588.51,
2025-10-10,neo1-9,86903,1st Edition Holofoil,1799.99,1798.78,1899.99,1900.97,
2025-10-10,neo1-9,86903,Unlimited Holofoil,407.26,348.64,384.28,447.0,
2025-10-10,sl-151-bundle,502000,Normal,99.65,91.0,114.99,999.99,
2025-10-10,sl-151-etb,503313,Normal,405.33,400.0,499.99,4999.99,
2025-10-10,sl-151-upc,502005,Normal,618.23,599.99,750.0,40000.0,
2025-10-10,sl-ar-box,265519,Normal,405.54,450.0,500.0,9999.99,
2025-10-10,sl-bs-box,256141,Normal,540.58,478.98,627.99,9999.99,
2025-10-10,sl-cel-upc,245140,Normal,876.75,914.95,1025.0,154722.59,
2025-10-10,sl-champ-etb,218791,Normal,150.21,150.0,179.0,399.99,
2025-10-10,sl-cz-etb,453470,Normal,219.75,220.0,284.99,4999.99,
2025-10-10,sl-dr-box,624679,Normal,383.15,370.0,500.0,9999.0,
2025-10-10,sl-evs-box,242436,Normal,2590.66,2575.0,3442.5,12000.0,
2025-10-10,sl-evs-etb,243721,Normal,647.02,744.99,979.99,2999.99,
2025-10-10,sl-fs-box,247654,Normal,1032.07,983.0,1199.95,4999.99,
2025-10-10,sl-hf-etb,194729,Normal,422.67,406.99,499.96,9999.98,
2025-10-10,sl-jp-151,565243,Normal,193.11,187.0,200.0,399.99,
2025-10-10,sl-jp-terastal,603428,Normal,102.81,99.99,113.71,200.0,
2025-10-10,sl-jt-box,610931,Normal,261.06,258.87,282.5,389.94,
2025-10-10,sl-lo-box,277324,Normal,815.32,772.67,915.0,9999.99,
2025-10-10,sl-me1-box,644298,Normal,294.8,293.15,350.0,499.0,
2025-10-10,sl-obf-box,501257,Normal,333.6,337.0,389.97,1000.0,
2025-10-10,sl-pe-etb,593355,Normal,134.03,130.0,150.0,2000.0,
2025-10-10,sl-pe-spc,622770,Normal,322.81,316.0,377.22,1200.0,
2025-10-10,sl-pf-etb,528040,Normal,288.06,280.0,299.99,989.89,
2025-10-10,sl-phf-box,654137,Normal,329.16,328.75,329.21,394.95,
2025-10-10,sl-shf-etb,228821,Normal,100.2,95.0,119.98,499.99,
2025-10-10,sl-ss-box,565606,Normal,275.64,265.0,315.49,4999.99,
2025-10-10,sl-st-box,283389,Normal,488.84,449.99,585.0,9999.99,
2025-10-10,sl-tf-box,536225,Normal,265.26,278.96,319.94,750.0,
2025-10-10,sv2-185,497557,Normal,0.39,0.2,0.4,30.0,
2025-10-10,sv2-185,497557,Reverse Holofoil,0.73,0.25,0.71,6.99,
2025-10-10,sv2-254,497669,Holofoil,15.53,14.5,17.32,100.0,17.52
2025-10-10,sv2-269,497689,Holofoil,54.5,50.0,60.02,259.99,60.03
2025-10-10,sv3pt5-151,516566,Holofoil,7.92,5.36,8.07,40.0,12.75
2025-10-10,sv3pt5-199,517045,Holofoil,292.1,264.99,324.99,900.0,
2025-10-10,sv3pt5-205,517051,Holofoil,18.25,14.99,20.0,88.88,21.4
2025-10-10,sv3pt5-4,502555,Normal,0.11,0.01,0.15,5.0,
2025-10-10,sv3pt5-4,502555,Reverse Holofoil,0.25,0.03,0.26,5.0,
2025-10-10,sv3pt5-6,502558,Holofoil,4.04,3.21,5.0,24.97,5.27
2025-10-10,sv3pt5-7,502548,Normal,0.12,0.01,0.15,4.99,0.11
2025-10-10,sv3pt5-7,502548,Reverse Holofoil,0.19,0.03,0.25,5.0,
2025-10-10,sv4pt5-234,535090,Holofoil,307.49,298.78,329.51,599.99,319.18
2025-10-10,sv4pt5-54,534416,Holofoil,3.79,2.0,3.85,34.99,5.82
2025-10-10,sv8-57,590025,Holofoil,4.54,3.7,5.99,40.0,7.0
2025-10-10,sv8pt5-149,610504,Holofoil,197.74,190.0,229.99,1000.0,
2025-10-10,sv8pt5-155,610510,Holofoil,238.62,240.0,299.77,1000.0,
2025-10-10,sv8pt5-156,610511,Holofoil,391.41,379.86,464.99,1000.0,
2025-10-10,sv8pt5-161,610516,Holofoil,1150.17,1174.97,1374.85,3000.0,
2025-10-10,sv8pt5-167,610522,Holofoil,118.39,117.99,144.07,800.0,
2025-10-10,sv8pt5-179,610534,Holofoil,51.74,45.99,69.98,329.99,
2025-10-10,sv8pt5-28,610383,Holofoil,1.38,0.62,1.39,9.99,1.41
2025-10-10,sv8pt5-47,610402,Normal,0.03,0.01,0.1,4.99,0.03
2025-10-10,sv8pt5-47,610402,Reverse Holofoil,0.09,0.01,0.13,20.0,0.06
2025-10-10,sv8pt5-59,610414,Holofoil,0.26,0.01,0.28,100.0,0.25
2025-10-10,sv8pt5-59,610414,Reverse Holofoil,0.36,0.1,0.4,25.0,0.37
2025-10-10,sv8pt5-60,610415,Holofoil,4.29,3.25,5.0,40.0,5.98
2025-10-10,svp-085,518861,Normal,572.46,650.0,799.95,2500.0,799.95
2025-10-10,swsh11-186,284137,Holofoil,630.38,509.91,725.0,2000.0,723.99
2025-10-10,swsh12-186,451834,Holofoil,451.31,445.0,495.5,1100.0,495.4
2025-10-10,swsh12pt5gg-GG69,478100,Holofoil,221.53,219.0,251.0,600.0,259.99
2025-10-10,swsh35-25,223018,Normal,0.1,0.03,0.19,4.99,
2025-10-10,swsh35-25,223018,Reverse Holofoil,0.19,0.09,0.25,4.99,
2025-10-10,swsh35-74,223073,Holofoil,167.53,160.0,249.83,1500.0,161.97
2025-10-10,swsh45sv-SV107,232496,Holofoil,153.87,135.0,185.98,349.99,153.87
2025-10-10,swsh7-204,246693,Holofoil,31.54,29.69,37.74,150.0,29.69
2025-10-10,swsh7-205,246696,Holofoil,385.71,305.99,482.14,4321.0,424.99
2025-10-10,swsh7-208,246755,Holofoil,31.12,23.0,30.93,69.99,31.01
2025-10-10,swsh7-209,246756,Holofoil,296.33,269.0,378.16,799.99,386.48
2025-10-10,swsh7-211,246702,Holofoil,44.27,41.66,49.5,99.99,48.7
2025-10-10,swsh7-212,246704,Holofoil,389.84,350.0,599.69,1000.0,449.99
2025-10-10,swsh7-215,246723,Holofoil,2279.2,1598.99,2774.99,3999.99,1750.0
2025-10-10,swsh7-218,246733,Holofoil,661.0,561.31,700.0,4321.0,757.89
2025-10-10,swsh7-41,246753,Holofoil,5.87,3.99,6.68,25.0,6.48
2025-10-10,swsh7-65,246690,Holofoil,11.24,8.7,12.22,500.0,12.59
2025-10-10,swsh7-75,246701,Holofoil,11.7,9.0,12.77,70.0,12.33
2025-10-10,swsh7-8,246691,Holofoil,5.68,4.75,6.31,100.0,8.09
2025-10-10,swsh8-271,253266,Holofoil,787.54,649.99,827.62,1799.99,798.69
2025-10-10,swsh9-154,263873,Holofoil,398.62,330.0,425.0,1500.0,498.89
2025-10-11,base1-15,42355,Holofoil,117.19,71.99,122.6,300.0,
2025-10-11,base1-16,42356,Holofoil,38.3,22.03,38.0,89.99,
2025-10-11,base1-2,42360,Holofoil,157.48,94.0,128.04,4321.0,
2025-10-11,base1-4,42382,Holofoil,457.99,328.25,461.32,1000.0,
2025-10-11,base1-58,42402,Normal,2.74,0.4,2.74,9999.0,
2025-10-11,cel25c-4,250320,Holofoil,138.14,100.0,145.41,499.99,120.0
2025-10-11,gym2-2,83861,1st Edition Holofoil,767.0,805.35,972.03,1199.99,
2025-10-11,gym2-2,83861,Unlimited Holofoil,524.03,347.99,499.99,588.51,350.0
2025-10-11,neo1-9,86903,1st Edition Holofoil,1799.99,1798.78,1899.99,1900.97,
2025-10-11,neo1-9,86903,Unlimited Holofoil,407.26,348.64,369.56,447.0,
2025-10-11,sl-151-bundle,502000,Normal,99.77,90.0,114.98,999.99,
2025-10-11,sl-151-etb,503313,Normal,405.34,400.0,499.99,4999.99,
2025-10-11,sl-151-upc,502005,Normal,618.23,580.0,750.0,40000.0,
2025-10-11,sl-ar-box,265519,Normal,405.54,450.0,500.0,9999.99,
2025-10-11,sl-bs-box,256141,Normal,536.34,476.97,602.5,9999.99,
2025-10-11,sl-cel-upc,245140,Normal,876.75,912.88,1000.0,154722.59,
2025-10-11,sl-champ-etb,218791,Normal,150.21,150.0,179.99,399.99,
2025-10-11,sl-cz-etb,453470,Normal,219.83,220.0,280.0,4999.99,
2025-10-11,sl-dr-box,624679,Normal,381.63,370.0,540.0,9999.0,
2025-10-11,sl-evs-box,242436,Normal,2593.86,2575.0,3492.49,12000.0,
2025-10-11,sl-evs-etb,243721,Normal,647.02,744.99,979.99,2999.99,
2025-10-11,sl-fs-box,247654,Normal,1032.07,980.47,1199.0,4999.99,
2025-10-11,sl-hf-etb,194729,Normal,422.87,406.99,499.96,9999.98,
2025-10-11,sl-jp-151,565243,Normal,192.07,177.0,200.0,399.99,
2025-10-11,sl-jp-terastal,603428,Normal,102.69,98.0,113.71,200.0,
2025-10-11,sl-jt-box,610931,Normal,261.06,257.98,274.99,389.94,
2025-10-11,sl-lo-box,277324,Normal,815.32,769.69,899.87,9999.99,
2025-10-11,sl-me1-box,644298,Normal,299.26,304.99,349.99,499.0,
2025-10-11,sl-obf-box,501257,Normal,333.6,337.0,379.99,1000.0,
2025-10-11,sl-pe-etb,593355,Normal,135.29,131.98,150.81,2000.0,
2025-10-11,sl-pe-spc,622770,Normal,323.69,316.0,350.0,1200.0,
2025-10-11,sl-pf-etb,528040,Normal,287.76,280.0,300.0,989.89,
2025-10-11,sl-phf-box,654137,Normal,328.49,327.85,328.84,394.95,
2025-10-11,sl-shf-etb,228821,Normal,101.0,90.99,117.47,499.99,
2025-10-11,sl-ss-box,565606,Normal,273.42,270.0,314.97,4999.99,
2025-10-11,sl-st-box,283389,Normal,488.84,449.99,585.0,9999.99,
2025-10-11,sl-tf-box,536225,Normal,265.26,278.96,310.47,750.0,
2025-10-11,sv2-185,497557,Normal,0.37,0.25,0.4,30.0,
2025-10-11,sv2-185,497557,Reverse Holofoil,0.64,0.25,0.72,6.99,
2025-10-11,sv2-254,497669,Holofoil,15.49,14.5,17.15,100.0,15.45
2025-10-11,sv2-269,497689,Holofoil,54.5,48.0,60.0,259.99,60.02
2025-10-11,sv3pt5-151,516566,Holofoil,7.97,5.36,8.13,40.0,
2025-10-11,sv3pt5-199,517045,Holofoil,290.06,265.0,324.98,999.0,
2025-10-11,sv3pt5-205,517051,Holofoil,18.27,14.99,20.0,88.88,21.38
2025-10-11,sv3pt5-4,502555,Normal,0.11,0.01,0.15,5.0,0.1
2025-10-11,sv3pt5-4,502555,Reverse Holofoil,0.27,0.03,0.27,5.0,
2025-10-11,sv3pt5-6,502558,Holofoil,4.72,3.21,5.0,39.97,5.98
2025-10-11,sv3pt5-7,502548,Normal,0.12,0.01,0.15,4.99,0.11
2025-10-11,sv3pt5-7,502548,Reverse Holofoil,0.2,0.03,0.25,5.0,
2025-10-11,sv4pt5-234,535090,Holofoil,307.65,298.78,329.19,599.99,319.16
2025-10-11,sv4pt5-54,534416,Holofoil,3.8,2.0,3.85,34.99,5.83
2025-10-11,sv8-57,590025,Holofoil,4.89,3.1,6.0,40.0,
2025-10-11,sv8pt5-149,610504,Holofoil,196.73,190.0,229.99,1000.0,
2025-10-11,sv8pt5-155,610510,Holofoil,238.62,240.0,287.14,1000.0,
2025-10-11,sv8pt5-156,610511,Holofoil,392.28,390.0,457.04,1000.0,
2025-10-11,sv8pt5-161,610516,Holofoil,1192.68,1174.97,1387.5,3000.0,
2025-10-11,sv8pt5-167,610522,Holofoil,118.45,116.42,142.07,800.0,
2025-10-11,sv8pt5-179,610534,Holofoil,51.27,45.99,69.98,329.99,
2025-10-11,sv8pt5-28,610383,Holofoil,1.28,0.62,1.32,9.95,
2025-10-11,sv8pt5-47,610402,Normal,0.03,0.01,0.1,4.99,0.03
2025-10-11,sv8pt5-47,610402,Reverse Holofoil,0.09,0.01,0.13,20.0,0.06
2025-10-11,sv8pt5-59,610414,Holofoil,0.26,0.01,0.28,100.0,0.47
2025-10-11,sv8pt5-59,610414,Reverse Holofoil,0.34,0.1,0.4,25.0,0.37
2025-10-11,sv8pt5-60,610415,Holofoil,4.29,2.56,5.0,40.0,
2025-10-11,svp-085,518861,Normal,572.46,650.0,731.49,2500.0,799.95
2025-10-11,swsh11-186,284137,Holofoil,630.38,549.99,725.0,2000.0,723.99
2025-10-11,swsh12-186,451834,Holofoil,451.31,445.0,495.4,1100.0,495.39
2025-10-11,swsh12pt5gg-GG69,478100,Holofoil,221.53,219.0,250.0,600.0,259.98
2025-10-11,swsh35-25,223018,Normal,0.1,0.03,0.19,4.99,
2025-10-11,swsh35-25,223018,Reverse Holofoil,0.18,0.09,0.25,4.99,
2025-10-11,swsh35-74,223073,Holofoil,167.53,160.0,249.97,1500.0,161.97
2025-10-11,swsh45sv-SV107,232496,Holofoil,151.38,106.29,178.7,349.99,149.99
2025-10-11,swsh7-204,246693,Holofoil,31.54,29.69,36.74,150.0,29.69
2025-10-11,swsh7-205,246696,Holofoil,385.71,305.99,457.49,899.99,424.98
2025-10-11,swsh7-208,246755,Holofoil,31.12,23.0,31.01,69.99,31.0
2025-10-11,swsh7-209,246756,Holofoil,296.33,269.0,378.16,799.99,377.99
2025-10-11,swsh7-211,246702,Holofoil,44.27,41.66,48.85,99.99,48.68
2025-10-11,swsh7-212,246704,Holofoil,389.84,350.0,563.58,1000.0,449.99
2025-10-11,swsh7-215,246723,Holofoil,2279.2,1598.99,2774.99,3999.99,1750.0
2025-10-11,swsh7-218,246733,Holofoil,661.0,561.31,700.0,4321.0,757.89
2025-10-11,swsh7-41,246753,Holofoil,5.89,3.99,6.5,25.0,6.48
2025-10-11,swsh7-65,246690,Holofoil,11.36,8.7,12.55,500.0,10.95
2025-10-11,swsh7-75,246701,Holofoil,11.88,9.0,12.62,70.0,14.72
2025-10-11,swsh7-8,246691,Holofoil,5.92,3.99,6.25,100.0,9.48
2025-10-11,swsh8-271,253266,Holofoil,790.28,649.99,850.0,1799.99,798.69
2025-10-11,swsh9-154,263873,Holofoil,398.62,315.0,422.5,1500.0,498.88
2025-10-12,base1-15,42355,Holofoil,117.19,71.99,121.71,300.0,
2025-10-12,base1-16,42356,Holofoil,38.3,22.03,37.88,89.99,
2025-10-12,base1-2,42360,Holofoil,157.48,94.0,125.0,499.99,
2025-10-12,base1-4,42382,Holofoil,457.99,328.24,461.32,1000.0,
2025-10-12,base1-58,42402,Normal,3.14,0.39,2.78,9999.0,
2025-10-12,cel25c-4,250320,Holofoil,138.38,100.0,147.76,499.99,120.0
2025-10-12,gym2-2,83861,1st Edition Holofoil,767.0,805.35,972.03,1199.99,
2025-10-12,gym2-2,83861,Unlimited Holofoil,524.03,347.99,499.99,588.51,350.0
2025-10-12,neo1-9,86903,1st Edition Holofoil,1799.99,1798.78,1899.99,1900.97,
2025-10-12,neo1-9,86903,Unlimited Holofoil,407.26,348.64,369.56,454.93,
2025-10-12,sl-151-bundle,502000,Normal,98.88,90.0,114.68,999.99,
2025-10-12,sl-151-etb,503313,Normal,405.34,395.0,499.97,4999.99,
2025-10-12,sl-151-upc,502005,Normal,615.03,600.0,750.0,40000.0,
2025-10-12,sl-ar-box,265519,Normal,405.54,450.0,500.0,9999.99,
2025-10-12,sl-bs-box,256141,Normal,536.34,476.97,600.0,9999.99,
2025-10-12,sl-cel-upc,245140,Normal,876.75,908.88,1017.0,154722.59,
2025-10-12,sl-champ-etb,218791,Normal,150.21,150.21,179.99,399.99,
2025-10-12,sl-cz-etb,453470,Normal,220.07,220.0,277.48,4999.99,
2025-10-12,sl-dr-box,624679,Normal,375.28,370.0,510.65,9999.0,
2025-10-12,sl-evs-box,242436,Normal,2593.86,2565.0,3499.99,12000.0,
2025-10-12,sl-evs-etb,243721,Normal,647.02,744.99,979.99,2999.99,
2025-10-12,sl-fs-box,247654,Normal,1032.07,980.47,1157.0,4999.99,
2025-10-12,sl-hf-etb,194729,Normal,422.87,406.99,474.98,9999.98,
2025-10-12,sl-jp-151,565243,Normal,191.19,177.0,200.0,399.99,
2025-10-12,sl-jp-terastal,603428,Normal,102.76,100.96,115.0,200.0,
2025-10-12,sl-jt-box,610931,Normal,261.06,248.88,274.99,389.94,
2025-10-12,sl-lo-box,277324,Normal,815.32,756.69,899.75,2500.0,
2025-10-12,sl-me1-box,644298,Normal,301.99,291.93,345.0,499.0,
2025-10-12,sl-obf-box,501257,Normal,334.08,334.08,377.49,1000.0,
2025-10-12,sl-pe-etb,593355,Normal,137.07,126.99,150.0,2000.0,
2025-10-12,sl-pe-spc,622770,Normal,326.77,316.0,350.0,1200.0,
2025-10-12,sl-pf-etb,528040,Normal,287.76,275.0,299.99,989.89,
2025-10-12,sl-phf-box,654137,Normal,327.76,327.7,327.82,394.95,
2025-10-12,sl-shf-etb,228821,Normal,101.2,90.99,117.47,499.99,
2025-10-12,sl-ss-box,565606,Normal,272.56,269.0,314.99,4999.99,
2025-10-12,sl-st-box,283389,Normal,488.41,449.99,585.0,9999.99,
2025-10-12,sl-tf-box,536225,Normal,265.26,278.96,300.0,750.0,
2025-10-12,sv2-185,497557,Normal,0.34,0.19,0.4,30.0,
2025-10-12,sv2-185,497557,Reverse Holofoil,0.63,0.25,0.72,6.99,
2025-10-12,sv2-254,497669,Holofoil,16.0,14.27,17.15,100.0,
2025-10-12,sv2-269,497689,Holofoil,54.66,48.0,60.01,259.99,60.01
2025-10-12,sv3pt5-151,516566,Holofoil,7.54,5.36,8.09,40.0,
2025-10-12,sv3pt5-199,517045,Holofoil,287.15,262.41,324.68,999.0,
2025-10-12,sv3pt5-205,517051,Holofoil,18.7,14.99,20.0,88.88,21.37
2025-10-12,sv3pt5-4,502555,Normal,0.13,0.01,0.15,5.0,
2025-10-12,sv3pt5-4,502555,Reverse Holofoil,0.31,0.03,0.28,5.0,
2025-10-12,sv3pt5-6,502558,Holofoil,4.89,3.21,5.0,39.97,6.25
2025-10-12,sv3pt5-7,502548,Normal,0.13,0.01,0.15,4.99,
2025-10-12,sv3pt5-7,502548,Reverse Holofoil,0.21,0.03,0.25,5.0,
2025-10-12,sv4pt5-234,535090,Holofoil,308.25,288.95,321.43,599.99,319.18
2025-10-12,sv4pt5-54,534416,Holofoil,3.99,2.0,3.85,34.99,5.83
2025-10-12,sv8-57,590025,Holofoil,4.93,3.1,5.99,40.0,
2025-10-12,sv8pt5-149,610504,Holofoil,196.73,190.0,230.4,1000.0,
2025-10-12,sv8pt5-155,610510,Holofoil,238.98,239.99,262.72,1000.0,
2025-10-12,sv8pt5-156,610511,Holofoil,392.28,390.0,453.29,1000.0,
2025-10-12,sv8pt5-161,610516,Holofoil,1191.57,1174.97,1399.99,3000.0,
2025-10-12,sv8pt5-167,610522,Holofoil,118.45,115.0,143.11,800.0,
2025-10-12,sv8pt5-179,610534,Holofoil,51.22,48.0,67.05,329.99,
2025-10-12,sv8pt5-28,610383,Holofoil,1.12,0.47,1.31,9.95,
2025-10-12,sv8pt5-47,610402,Normal,0.03,0.01,0.1,4.99,0.03
2025-10-12,sv8pt5-47,610402,Reverse Holofoil,0.09,0.01,0.13,20.0,0.06
2025-10-12,sv8pt5-59,610414,Holofoil,0.23,0.01,0.27,100.0,
2025-10-12,sv8pt5-59,610414,Reverse Holofoil,0.38,0.1,0.4,25.0,
2025-10-12,sv8pt5-60,610415,Holofoil,3.93,3.22,5.0,40.0,
2025-10-12,svp-085,518861,Normal,581.14,650.0,765.94,2500.0,799.9
2025-10-12,swsh11-186,284137,Holofoil,632.38,549.99,724.95,2000.0,724.95
2025-10-12,swsh12-186,451834,Holofoil,451.31,442.5,495.4,1100.0,473.24
2025-10-12,swsh12pt5gg-GG69,478100,Holofoil,222.65,219.0,249.98,600.0,274.24
2025-10-12,swsh35-25,223018,Normal,0.1,0.03,0.19,4.99,
2025-10-12,swsh35-25,223018,Reverse Holofoil,0.18,0.09,0.25,4.99,
2025-10-12,swsh35-74,223073,Holofoil,167.53,160.0,249.98,1500.0,161.97
2025-10-12,swsh45sv-SV107,232496,Holofoil,149.99,109.0,178.7,349.99,149.98
2025-10-12,swsh7-204,246693,Holofoil,31.54,29.69,35.0,150.0,29.69
2025-10-12,swsh7-205,246696,Holofoil,385.71,305.99,457.49,899.99,424.97
2025-10-12,swsh7-208,246755,Holofoil,31.12,23.0,31.01,69.99,31.0
2025-10-12,swsh7-209,246756,Holofoil,296.33,269.0,377.98,799.99,377.98
2025-10-12,swsh7-211,246702,Holofoil,44.27,41.66,48.68,99.99,48.67
2025-10-12,swsh7-212,246704,Holofoil,391.84,350.0,485.28,1000.0,449.99
2025-10-12,swsh7-215,246723,Holofoil,2279.2,1598.99,2799.99,3999.99,1750.0
2025-10-12,swsh7-218,246733,Holofoil,695.4,561.31,650.0,1499.99,949.99
2025-10-12,swsh7-41,246753,Holofoil,5.87,3.99,6.5,25.0,
2025-10-12,swsh7-65,246690,Holofoil,11.2,8.7,12.33,500.0,10.89
2025-10-12,swsh7-75,246701,Holofoil,11.52,9.0,12.4,70.0,17.99
2025-10-12,swsh7-8,246691,Holofoil,5.9,4.89,6.37,100.0,9.49
2025-10-12,swsh8-271,253266,Holofoil,790.28,649.99,875.37,1799.99,880.75
2025-10-12,swsh9-154,263873,Holofoil,398.62,314.0,425.0,1500.0,280.0
2025-10-13,base1-15,42355,Holofoil,117.19,70.75,123.05,300.0,
2025-10-13,base1-16,42356,Holofoil,38.26,22.03,37.88,89.99,
2025-10-13,base1-2,42360,Holofoil,157.93,94.0,125.0,499.99,
2025-10-13,base1-4,42382,Holofoil,457.99,328.24,465.09,1000.0,
2025-10-13,base1-58,42402,Normal,3.14,0.4,2.83,9999.0,
2025-10-13,cel25c-4,250320,Holofoil,138.38,109.0,147.76,499.99,109.0
2025-10-13,gym2-2,83861,1st Edition Holofoil,767.0,805.35,972.03,1199.99,
2025-10-13,gym2-2,83861,Unlimited Holofoil,524.03,347.99,499.99,588.51,350.0
2025-10-13,neo1-9,86903,1st Edition Holofoil,1799.99,1798.75,1849.39,1900.97,
2025-10-13,neo1-9,86903,Unlimited Holofoil,407.26,348.64,384.28,454.93,
2025-10-13,sl-151-bundle,502000,Normal,98.34,83.99,110.0,999.99,
2025-10-13,sl-151-etb,503313,Normal,405.58,395.0,499.48,4999.99,
2025-10-13,sl-151-upc,502005,Normal,614.31,584.59,750.0,40000.0,
2025-10-13,sl-ar-box,265519,Normal,405.54,450.0,500.0,9999.99,
2025-10-13,sl-bs-box,256141,Normal,526.54,485.0,649.99,9999.99,
2025-10-13,sl-cel-upc,245140,Normal,885.66,910.0,1043.0,154722.59,
2025-10-13,sl-champ-etb,218791,Normal,151.06,150.21,180.0,399.99,
2025-10-13,sl-cz-etb,453470,Normal,220.07,220.0,280.0,4999.99,
2025-10-13,sl-dr-box,624679,Normal,370.11,369.01,500.0,9999.0,
2025-10-13,sl-evs-box,242436,Normal,2589.86,2550.0,3442.5,12000.0,
2025-10-13,sl-evs-etb,243721,Normal,647.02,744.99,939.97,2999.99,
2025-10-13,sl-fs-box,247654,Normal,1032.07,908.57,1107.5,4999.99,
2025-10-13,sl-hf-etb,194729,Normal,422.87,406.99,450.0,9999.98,
2025-10-13,sl-jp-151,565243,Normal,191.35,177.0,200.0,399.99,
2025-10-13,sl-jp-terastal,603428,Normal,103.56,100.96,117.35,200.0,
2025-10-13,sl-jt-box,610931,Normal,262.06,248.88,274.99,389.94,
2025-10-13,sl-lo-box,277324,Normal,812.45,756.69,899.87,2500.0,
2025-10-13,sl-me1-box,644298,Normal,304.55,296.98,339.93,499.0,
2025-10-13,sl-obf-box,501257,Normal,334.08,334.08,374.99,1000.0,
2025-10-13,sl-pe-etb,593355,Normal,136.51,134.0,150.0,2000.0,
2025-10-13,sl-pe-spc,622770,Normal,325.65,311.95,349.99,1200.0,
2025-10-13,sl-pf-etb,528040,Normal,286.33,280.0,300.0,989.89,
2025-10-13,sl-phf-box,654137,Normal,327.69,327.5,327.66,394.95,
2025-10-13,sl-shf-etb,228821,Normal,101.2,90.99,119.95,499.99,
2025-10-13,sl-ss-box,565606,Normal,271.66,267.27,314.8,4999.99,
2025-10-13,sl-st-box,283389,Normal,489.29,449.99,585.0,9999.99,
2025-10-13,sl-tf-box,536225,Normal,265.26,278.96,300.0,750.0,
2025-10-13,sv2-185,497557,Normal,0.35,0.25,0.4,30.0,
2025-10-13,sv2-185,497557,Reverse Holofoil,0.63,0.25,0.72,10.0,
2025-10-13,sv2-254,497669,Holofoil,15.79,14.0,17.21,100.0,
2025-10-13,sv2-269,497689,Holofoil,54.22,48.0,60.0,259.99,60.0
2025-10-13,sv3pt5-151,516566,Holofoil,7.09,5.36,8.0,40.0,
2025-10-13,sv3pt5-199,517045,Holofoil,283.68,262.41,324.68,999.0,
2025-10-13,sv3pt5-205,517051,Holofoil,18.58,14.72,20.0,88.88,21.4
2025-10-13,sv3pt5-4,502555,Normal,0.16,0.01,0.16,5.0,
2025-10-13,sv3pt5-4,502555,Reverse Holofoil,0.3,0.03,0.29,5.0,
2025-10-13,sv3pt5-6,502558,Holofoil,5.02,3.0,5.0,39.97,6.24
2025-10-13,sv3pt5-7,502548,Normal,0.13,0.01,0.15,4.99,
2025-10-13,sv3pt5-7,502548,Reverse Holofoil,0.23,0.03,0.25,15.0,
2025-10-13,sv4pt5-234,535090,Holofoil,308.25,294.99,320.0,599.99,319.17
2025-10-13,sv4pt5-54,534416,Holofoil,3.81,2.0,3.98,34.99,
2025-10-13,sv8-57,590025,Holofoil,5.04,3.1,5.99,40.0,
2025-10-13,sv8pt5-149,610504,Holofoil,195.7,190.0,230.4,1000.0,
2025-10-13,sv8pt5-155,610510,Holofoil,239.42,239.99,264.99,1000.0,
2025-10-13,sv8pt5-156,610511,Holofoil,391.52,379.0,450.0,1000.0,
2025-10-13,sv8pt5-161,610516,Holofoil,1191.57,1174.97,1387.33,3000.0,
2025-10-13,sv8pt5-167,610522,Holofoil,118.23,115.0,142.03,800.0,
2025-10-13,sv8pt5-179,610534,Holofoil,51.14,49.0,69.45,329.99,
2025-10-13,sv8pt5-28,610383,Holofoil,0.95,0.6,1.28,9.95,
2025-10-13,sv8pt5-47,610402,Normal,0.04,0.01,0.1,4.99,0.03
2025-10-13,sv8pt5-47,610402,Reverse Holofoil,0.1,0.01,0.14,20.0,
2025-10-13,sv8pt5-59,610414,Holofoil,0.23,0.01,0.27,100.0,
2025-10-13,sv8pt5-59,610414,Reverse Holofoil,0.38,0.1,0.4,25.0,
2025-10-13,sv8pt5-60,610415,Holofoil,3.83,2.0,5.0,40.0,
2025-10-13,svp-085,518861,Normal,581.14,675.0,782.45,2500.0,799.9
2025-10-13,swsh11-186,284137,Holofoil,631.03,525.37,724.89,2000.0,724.69
2025-10-13,swsh12-186,451834,Holofoil,451.26,445.0,495.39,1100.0,493.69
2025-10-13,swsh12pt5gg-GG69,478100,Holofoil,223.7,216.21,249.98,600.0,274.23
2025-10-13,swsh35-25,223018,Normal,0.1,0.03,0.19,4.99,
2025-10-13,swsh35-25,223018,Reverse Holofoil,0.17,0.09,0.25,4.99,
2025-10-13,swsh35-74,223073,Holofoil,167.97,159.74,249.83,1500.0,161.97
2025-10-13,swsh45sv-SV107,232496,Holofoil,148.63,109.0,182.99,349.99,154.59
2025-10-13,swsh7-204,246693,Holofoil,31.54,29.83,37.48,150.0,32.88
2025-10-13,swsh7-205,246696,Holofoil,385.71,307.0,449.99,899.99,424.97
2025-10-13,swsh7-208,246755,Holofoil,31.12,23.0,31.12,69.99,31.0
2025-10-13,swsh7-209,246756,Holofoil,296.33,269.0,378.01,799.99,377.98
2025-10-13,swsh7-211,246702,Holofoil,44.19,40.68,48.7,99.99,40.68
2025-10-13,swsh7-212,246704,Holofoil,391.84,350.0,449.99,1000.0,449.99
2025-10-13,swsh7-215,246723,Holofoil,2279.2,1598.99,2624.85,3999.99,1750.0
2025-10-13,swsh7-218,246733,Holofoil,696.91,561.31,696.91,1499.99,949.69
2025-10-13,swsh7-41,246753,Holofoil,5.8,3.99,6.69,25.0,
2025-10-13,swsh7-65,246690,Holofoil,11.04,8.7,12.87,500.0,13.98
2025-10-13,swsh7-75,246701,Holofoil,11.9,9.0,12.81,70.0,19.9
2025-10-13,swsh7-8,246691,Holofoil,6.31,4.99,6.5,100.0,9.99
2025-10-13,swsh8-271,253266,Holofoil,790.28,649.99,875.37,1799.99,699.99
2025-10-13,swsh9-154,263873,Holofoil,385.42,314.0,398.62,1500.0,280.0
2025-10-14,base1-15,42355,Holofoil,117.19,70.75,123.05,300.0,
2025-10-14,base1-16,42356,Holofoil,37.43,22.03,38.24,89.99,
2025-10-14,base1-2,42360,Holofoil,157.93,93.0,123.59,499.99,
2025-10-14,base1-4,42382,Holofoil,457.99,328.0,457.54,1000.0,
2025-10-14,base1-58,42402,Normal,3.06,0.4,2.8,9999.0,
2025-10-14,cel25c-4,250320,Holofoil,137.64,109.0,145.3,499.99,109.0
2025-10-14,gym2-2,83861,1st Edition Holofoil,767.0,800.0,896.85,1199.99,
2025-10-14,gym2-2,83861,Unlimited Holofoil,524.03,345.0,498.95,588.51,350.0
2025-10-14,neo1-9,86903,1st Edition Holofoil,1799.99,1798.75,1849.39,1900.97,
2025-10-14,neo1-9,86903,Unlimited Holofoil,407.26,283.93,359.99,427.62,
2025-10-14,sl-151-bundle,502000,Normal,101.22,90.0,110.0,999.99,
2025-10-14,sl-151-etb,503313,Normal,406.44,399.99,499.99,4999.99,
2025-10-14,sl-151-upc,502005,Normal,607.14,610.48,750.0,40000.0,
2025-10-14,sl-ar-box,265519,Normal,405.54,450.0,500.0,9999.99,
2025-10-14,sl-bs-box,256141,Normal,526.54,485.0,638.98,9999.99,
2025-10-14,sl-cel-upc,245140,Normal,885.66,910.0,1026.0,154722.59,
2025-10-14,sl-champ-etb,218791,Normal,151.66,150.21,180.0,399.99,
2025-10-14,sl-cz-etb,453470,Normal,220.07,220.0,277.48,4999.99,
2025-10-14,sl-dr-box,624679,Normal,366.47,375.0,530.65,9999.0,
2025-10-14,sl-evs-box,242436,Normal,2589.86,2497.97,3485.0,12000.0,
2025-10-14,sl-evs-etb,243721,Normal,655.22,799.0,989.5,2999.99,
2025-10-14,sl-fs-box,247654,Normal,1028.79,917.99,1100.0,4999.99,
2025-10-14,sl-hf-etb,194729,Normal,422.87,406.99,450.0,9999.98,
2025-10-14,sl-jp-151,565243,Normal,190.9,177.0,200.0,399.99,
2025-10-14,sl-jp-terastal,603428,Normal,102.98,98.0,113.71,200.0,
2025-10-14,sl-jt-box,610931,Normal,262.39,264.95,279.99,389.94,
2025-10-14,sl-lo-box,277324,Normal,812.45,756.69,899.99,2500.0,
2025-10-14,sl-me1-box,644298,Normal,301.8,300.0,350.0,499.0,
2025-10-14,sl-obf-box,501257,Normal,333.96,332.99,377.49,1000.0,
2025-10-14,sl-pe-etb,593355,Normal,137.14,134.0,150.0,2000.0,
2025-10-14,sl-pe-spc,622770,Normal,324.44,309.95,340.99,1200.0,
2025-10-14,sl-pf-etb,528040,Normal,285.37,267.99,300.0,989.89,
2025-10-14,sl-phf-box,654137,Normal,327.44,327.36,327.49,394.95,
2025-10-14,sl-shf-etb,228821,Normal,101.52,95.0,119.99,499.99,
2025-10-14,sl-ss-box,565606,Normal,270.79,260.0,310.0,4999.99,
2025-10-14,sl-st-box,283389,Normal,489.29,449.99,585.0,9999.99,
2025-10-14,sl-tf-box,536225,Normal,265.26,276.0,300.0,750.0,
2025-10-14,sv2-185,497557,Normal,0.39,0.25,0.4,30.0,
2025-10-14,sv2-185,497557,Reverse Holofoil,0.78,0.25,0.75,10.0,0.99
2025-10-14,sv2-254,497669,Holofoil,15.84,14.27,17.41,100.0,19.36
2025-10-14,sv2-269,497689,Holofoil,54.22,48.0,60.0,259.99,49.02
2025-10-14,sv3pt5-151,516566,Holofoil,7.29,5.36,8.0,40.0,
2025-10-14,sv3pt5-199,517045,Holofoil,282.88,259.0,320.0,999.0,
2025-10-14,sv3pt5-205,517051,Holofoil,18.29,15.05,19.99,88.88,22.84
2025-10-14,sv3pt5-4,502555,Normal,0.16,0.01,0.16,5.0,0.1
2025-10-14,sv3pt5-4,502555,Reverse Holofoil,0.32,0.03,0.3,4.99,0.22
2025-10-14,sv3pt5-6,502558,Holofoil,4.39,3.55,5.0,39.97,4.26
2025-10-14,sv3pt5-7,502548,Normal,0.13,0.01,0.15,4.99,
2025-10-14,sv3pt5-7,502548,Reverse Holofoil,0.24,0.03,0.25,15.0,0.19
2025-10-14,sv4pt5-234,535090,Holofoil,308.25,289.99,320.0,800.0,319.15
2025-10-14,sv4pt5-54,534416,Holofoil,3.62,2.0,3.96,34.99,3.26
2025-10-14,sv8-57,590025,Holofoil,4.65,3.1,5.85,40.0,
2025-10-14,sv8pt5-149,610504,Holofoil,195.54,195.0,228.0,1000.0,
2025-10-14,sv8pt5-155,610510,Holofoil,238.38,239.0,260.44,1000.0,
2025-10-14,sv8pt5-156,610511,Holofoil,391.68,296.81,449.99,1000.0,
2025-10-14,sv8pt5-161,610516,Holofoil,1191.57,1095.0,1324.5,3000.0,
2025-10-14,sv8pt5-167,610522,Holofoil,119.07,115.0,139.99,800.0,
2025-10-14,sv8pt5-179,610534,Holofoil,51.22,46.0,65.88,329.99,
2025-10-14,sv8pt5-28,610383,Holofoil,1.02,0.54,1.26,9.95,
2025-10-14,sv8pt5-47,610402,Normal,0.04,0.01,0.1,4.99,0.03
2025-10-14,sv8pt5-47,610402,Reverse Holofoil,0.1,0.01,0.14,20.0,0.06
2025-10-14,sv8pt5-59,610414,Holofoil,0.22,0.01,0.27,100.0,0.22
2025-10-14,sv8pt5-59,610414,Reverse Holofoil,0.36,0.1,0.4,25.0,0.37
2025-10-14,sv8pt5-60,610415,Holofoil,3.93,2.99,5.0,40.0,
2025-10-14,svp-085,518861,Normal,581.14,445.73,740.99,2500.0,799.9
2025-10-14,swsh11-186,284137,Holofoil,630.42,525.0,700.0,2000.0,598.89
2025-10-14,swsh12-186,451834,Holofoil,454.54,430.0,494.68,1100.0,470.74
2025-10-14,swsh12pt5gg-GG69,478100,Holofoil,224.58,164.63,249.0,600.0,274.23
2025-10-14,swsh35-25,223018,Normal,0.1,0.03,0.2,4.99,
2025-10-14,swsh35-25,223018,Reverse Holofoil,0.18,0.09,0.25,4.99,
2025-10-14,swsh35-74,223073,Holofoil,168.56,160.0,249.97,1500.0,161.97
2025-10-14,swsh45sv-SV107,232496,Holofoil,144.96,109.0,191.99,349.99,154.59
2025-10-14,swsh7-204,246693,Holofoil,31.58,29.83,37.49,150.0,31.94
2025-10-14,swsh7-205,246696,Holofoil,385.71,299.95,430.0,899.99,424.96
2025-10-14,swsh7-208,246755,Holofoil,31.19,23.0,31.12,69.99,31.0
2025-10-14,swsh7-209,246756,Holofoil,295.2,250.0,378.04,799.99,377.97
2025-10-14,swsh7-211,246702,Holofoil,44.1,40.69,48.7,99.99,40.69
2025-10-14,swsh7-212,246704,Holofoil,401.34,349.0,445.0,1000.0,449.99
2025-10-14,swsh7-215,246723,Holofoil,2279.2,1575.0,2624.85,3999.99,1750.0
2025-10-14,swsh7-218,246733,Holofoil,696.91,550.0,696.91,1499.99,949.69
2025-10-14,swsh7-41,246753,Holofoil,5.7,4.25,6.63,25.0,6.48
2025-10-14,swsh7-65,246690,Holofoil,10.99,8.7,12.64,500.0,13.98
2025-10-14,swsh7-75,246701,Holofoil,12.38,9.58,13.02,70.0,12.46
2025-10-14,swsh7-8,246691,Holofoil,6.33,4.99,6.5,100.0,4.99
2025-10-14,swsh8-271,253266,Holofoil,790.28,599.99,875.37,1799.99,880.75
2025-10-14,swsh9-154,263873,Holofoil,385.42,314.0,397.08,1500.0,280.0
2025-10-15,base1-15,42355,Holofoil,117.69,73.23,125.0,300.0,
2025-10-15,base1-16,42356,Holofoil,37.15,22.03,37.31,89.99,
2025-10-15,base1-2,42360,Holofoil,158.39,93.0,123.59,499.99,
2025-10-15,base1-4,42382,Holofoil,457.99,327.99,457.54,1000.0,
2025-10-15,base1-58,42402,Normal,3.13,0.4,2.79,9999.0,
2025-10-15,cel25c-4,250320,Holofoil,137.64,109.0,143.05,499.99,109.0
2025-10-15,gym2-2,83861,1st Edition Holofoil,767.0,800.0,896.85,1199.99,
2025-10-15,gym2-2,83861,Unlimited Holofoil,524.03,345.0,498.95,588.51,350.0
2025-10-15,neo1-9,86903,1st Edition Holofoil,1799.99,1798.75,1849.39,1900.97,
2025-10-15,neo1-9,86903,Unlimited Holofoil,407.26,283.93,359.99,427.62,
2025-10-15,sl-151-bundle,502000,Normal,101.51,90.0,110.0,999.99,
2025-10-15,sl-151-etb,503313,Normal,406.02,412.99,499.99,4999.99,
2025-10-15,sl-151-upc,502005,Normal,605.56,599.89,750.0,40000.0,
2025-10-15,sl-ar-box,265519,Normal,405.54,450.0,500.0,9999.99,
2025-10-15,sl-bs-box,256141,Normal,522.74,478.99,649.97,9999.99,
2025-10-15,sl-cel-upc,245140,Normal,885.66,910.0,1000.0,154722.59,
2025-10-15,sl-champ-etb,218791,Normal,151.66,150.21,179.99,399.99,
2025-10-15,sl-cz-etb,453470,Normal,220.63,220.0,280.0,4999.99,
2025-10-15,sl-dr-box,624679,Normal,379.91,375.0,500.0,9999.0,
2025-10-15,sl-evs-box,242436,Normal,2589.86,2497.97,3400.0,12000.0,
2025-10-15,sl-evs-etb,243721,Normal,655.22,799.0,979.99,2999.99,
2025-10-15,sl-fs-box,247654,Normal,1021.51,950.0,1100.0,4999.99,
2025-10-15,sl-hf-etb,194729,Normal,423.22,406.99,450.0,9999.98,
2025-10-15,sl-jp-151,565243,Normal,190.62,177.0,200.0,399.99,
2025-10-15,sl-jp-terastal,603428,Normal,102.67,98.0,113.71,200.0,
2025-10-15,sl-jt-box,610931,Normal,263.1,264.95,274.99,389.94,
2025-10-15,sl-lo-box,277324,Normal,808.77,750.0,899.0,2500.0,
2025-10-15,sl-me1-box,644298,Normal,305.21,300.0,347.5,500.0,
2025-10-15,sl-obf-box,501257,Normal,333.96,332.99,377.49,1000.0,
2025-10-15,sl-pe-etb,593355,Normal,138.8,134.0,150.0,2000.0,
2025-10-15,sl-pe-spc,622770,Normal,324.44,309.95,340.0,1200.0,
2025-10-15,sl-pf-etb,528040,Normal,284.88,267.89,300.0,989.89,
2025-10-15,sl-phf-box,654137,Normal,327.33,327.24,327.34,394.95,
2025-10-15,sl-shf-etb,228821,Normal,101.58,90.01,119.97,499.99,
2025-10-15,sl-ss-box,565606,Normal,264.5,264.11,319.99,4999.99,
2025-10-15,sl-st-box,283389,Normal,487.53,450.0,585.0,9999.99,
2025-10-15,sl-tf-box,536225,Normal,265.26,276.0,299.99,750.0,
2025-10-15,sv2-185,497557,Normal,0.34,0.2,0.4,30.0,
2025-10-15,sv2-185,497557,Reverse Holofoil,0.88,0.25,0.8,10.0,
2025-10-15,sv2-254,497669,Holofoil,15.87,14.4,17.38,100.0,19.35
2025-10-15,sv2-269,497689,Holofoil,54.01,48.0,60.03,294.12,49.02
2025-10-15,sv3pt5-151,516566,Holofoil,7.9,5.36,8.11,42.96,
2025-10-15,sv3pt5-199,517045,Holofoil,280.12,250.0,319.99,1621.08,
2025-10-15,sv3pt5-205,517051,Holofoil,18.6,15.05,19.95,88.88,24.99
2025-10-15,sv3pt5-4,502555,Normal,0.19,0.01,0.18,5.0,0.11
2025-10-15,sv3pt5-4,502555,Reverse Holofoil,0.27,0.03,0.28,4.99,0.22
2025-10-15,sv3pt5-6,502558,Holofoil,4.48,3.55,5.0,39.97,6.29
2025-10-15,sv3pt5-7,502548,Normal,0.14,0.01,0.15,4.99,
2025-10-15,sv3pt5-7,502548,Reverse Holofoil,0.21,0.03,0.25,4.99,0.22
2025-10-15,sv4pt5-234,535090,Holofoil,308.48,289.99,319.16,800.0,549.99
2025-10-15,sv4pt5-54,534416,Holofoil,3.04,2.0,3.81,34.99,
2025-10-15,sv8-57,590025,Holofoil,4.57,3.5,5.77,40.0,
2025-10-15,sv8pt5-149,610504,Holofoil,196.43,195.0,222.5,1000.0,
2025-10-15,sv8pt5-155,610510,Holofoil,236.71,237.95,258.74,1000.0,
2025-10-15,sv8pt5-156,610511,Holofoil,387.78,296.0,449.54,1000.0,
2025-10-15,sv8pt5-161,610516,Holofoil,1166.72,1095.0,1350.0,3000.0,
2025-10-15,sv8pt5-167,610522,Holofoil,119.32,119.32,137.89,800.0,
2025-10-15,sv8pt5-179,610534,Holofoil,50.84,43.69,63.06,329.99,
2025-10-15,sv8pt5-28,610383,Holofoil,0.98,0.54,1.25,19.99,
2025-10-15,sv8pt5-47,610402,Normal,0.05,0.01,0.1,4.99,0.03
2025-10-15,sv8pt5-47,610402,Reverse Holofoil,0.09,0.01,0.13,20.0,0.08
2025-10-15,sv8pt5-59,610414,Holofoil,0.25,0.01,0.27,100.0,0.22
2025-10-15,sv8pt5-59,610414,Reverse Holofoil,0.37,0.1,0.4,25.0,0.36
2025-10-15,sv8pt5-60,610415,Holofoil,3.73,2.97,5.0,40.0,
2025-10-15,svp-085,518861,Normal,589.34,675.0,750.0,2500.0,799.9
2025-10-15,swsh11-186,284137,Holofoil,626.47,525.0,687.5,2000.0,598.89
2025-10-15,swsh12-186,451834,Holofoil,454.54,429.99,493.97,1100.0,461.84
2025-10-15,swsh12pt5gg-GG69,478100,Holofoil,224.58,210.0,246.01,600.0,274.22
2025-10-15,swsh35-25,223018,Normal,0.1,0.03,0.2,4.99,
2025-10-15,swsh35-25,223018,Reverse Holofoil,0.18,0.09,0.25,4.99,
2025-10-15,swsh35-74,223073,Holofoil,168.56,160.0,249.97,1500.0,161.97
2025-10-15,swsh45sv-SV107,232496,Holofoil,144.96,109.0,185.98,349.99,154.59
2025-10-15,swsh7-204,246693,Holofoil,31.58,29.83,36.74,150.0,31.94
2025-10-15,swsh7-205,246696,Holofoil,385.71,299.95,424.98,899.99,423.98
2025-10-15,swsh7-208,246755,Holofoil,31.19,23.0,31.12,69.99,31.0
2025-10-15,swsh7-209,246756,Holofoil,295.2,250.0,371.52,1732.38,364.98
2025-10-15,swsh7-211,246702,Holofoil,44.14,40.0,48.69,99.99,40.69
2025-10-15,swsh7-212,246704,Holofoil,401.34,349.0,434.99,1000.0,449.99
2025-10-15,swsh7-215,246723,Holofoil,2259.16,1575.0,2750.0,3999.99,1750.0
2025-10-15,swsh7-218,246733,Holofoil,699.19,500.0,696.91,1499.99,949.68
2025-10-15,swsh7-41,246753,Holofoil,5.74,4.37,6.74,25.0,5.7
2025-10-15,swsh7-65,246690,Holofoil,11.06,8.7,12.59,500.0,13.98
2025-10-15,swsh7-75,246701,Holofoil,12.18,9.58,13.0,70.0,17.99
2025-10-15,swsh7-8,246691,Holofoil,6.43,4.99,6.8,100.0,9.97
2025-10-15,swsh8-271,253266,Holofoil,790.28,599.99,869.99,1799.99,880.75
2025-10-15,swsh9-154,263873,Holofoil,385.42,313.01,392.51,1500.0,280.0
2025-10-16,base1-15,42355,Holofoil,117.69,73.23,125.0,300.0,
2025-10-16,base1-16,42356,Holofoil,37.2,21.67,36.56,89.99,
2025-10-16,base1-2,42360,Holofoil,158.39,93.0,121.54,499.99,84.23
2025-10-16,base1-4,42382,Holofoil,457.99,327.0,450.0,1000.0,
2025-10-16,base1-58,42402,Normal,3.08,0.4,2.78,9999.0,
2025-10-16,cel25c-4,250320,Holofoil,131.71,108.99,143.05,499.99,108.99
2025-10-16,gym2-2,83861,1st Edition Holofoil,767.0,800.0,896.85,1199.99,
2025-10-16,gym2-2,83861,Unlimited Holofoil,524.03,345.0,509.8,588.51,350.0
2025-10-16,neo1-9,86903,1st Edition Holofoil,1799.99,1798.75,1849.39,1900.97,
2025-10-16,neo1-9,86903,Unlimited Holofoil,407.26,279.78,359.99,427.62,
2025-10-16,sl-151-bundle,502000,Normal,97.1,85.0,109.99,999.99,
2025-10-16,sl-151-etb,503313,Normal,406.3,415.0,499.99,4999.99,
2025-10-16,sl-151-upc,502005,Normal,599.76,599.88,750.0,40000.0,
2025-10-16,sl-ar-box,265519,Normal,405.54,450.0,500.0,9999.99,
2025-10-16,sl-bs-box,256141,Normal,520.5,476.99,649.99,9999.99,
2025-10-16,sl-cel-upc,245140,Normal,885.66,910.0,1000.0,154722.59,
2025-10-16,sl-champ-etb,218791,Normal,151.66,149.98,179.5,399.99,
2025-10-16,sl-cz-etb,453470,Normal,221.78,220.0,274.95,4999.99,
2025-10-16,sl-dr-box,624679,Normal,390.4,390.0,542.5,9999.0,
2025-10-16,sl-evs-box,242436,Normal,2589.86,2497.97,3180.0,12000.0,
2025-10-16,sl-evs-etb,243721,Normal,655.22,799.0,989.5,2999.99,
2025-10-16,sl-fs-box,247654,Normal,1021.51,900.0,1107.5,4999.99,
2025-10-16,sl-hf-etb,194729,Normal,423.22,406.99,447.99,9999.98,
2025-10-16,sl-jp-151,565243,Normal,189.98,177.0,199.99,399.99,
2025-10-16,sl-jp-terastal,603428,Normal,101.4,98.0,114.95,200.0,
2025-10-16,sl-jt-box,610931,Normal,263.69,250.0,274.99,499.0,
2025-10-16,sl-lo-box,277324,Normal,808.77,749.98,899.0,2500.0,
2025-10-16,sl-me1-box,644298,Normal,305.33,300.0,344.0,500.0,
2025-10-16,sl-obf-box,501257,Normal,333.88,325.99,374.99,1000.0,
2025-10-16,sl-pe-etb,593355,Normal,138.06,130.0,150.0,2000.0,
2025-10-16,sl-pe-spc,622770,Normal,320.54,300.0,340.99,1200.0,
2025-10-16,sl-pf-etb,528040,Normal,284.08,267.88,300.0,989.89,
2025-10-16,sl-phf-box,654137,Normal,327.1,317.0,327.16,394.95,
2025-10-16,sl-shf-etb,228821,Normal,102.01,90.01,119.95,499.99,
2025-10-16,sl-ss-box,565606,Normal,263.23,263.22,315.49,4999.99,
2025-10-16,sl-st-box,283389,Normal,486.88,479.98,585.0,9999.99,
2025-10-16,sl-tf-box,536225,Normal,266.13,266.89,299.99,750.0,
2025-10-16,sv2-185,497557,Normal,0.35,0.18,0.4,30.0,
2025-10-16,sv2-185,497557,Reverse Holofoil,0.82,0.25,0.8,6.99,0.99
2025-10-16,sv2-254,497669,Holofoil,15.66,13.25,17.42,100.0,
2025-10-16,sv2-269,497689,Holofoil,53.96,48.0,60.0,294.12,51.96
2025-10-16,sv3pt5-151,516566,Holofoil,6.94,4.99,8.0,42.96,7.94
2025-10-16,sv3pt5-199,517045,Holofoil,277.89,248.67,319.17,1621.08,280.0
2025-10-16,sv3pt5-205,517051,Holofoil,18.5,15.04,19.99,88.88,15.04
2025-10-16,sv3pt5-4,502555,Normal,0.17,0.01,0.17,5.0,0.12
2025-10-16,sv3pt5-4,502555,Reverse Holofoil,0.26,0.03,0.27,4.99,0.23
2025-10-16,sv3pt5-6,502558,Holofoil,4.35,3.4,5.0,39.97,4.49
2025-10-16,sv3pt5-7,502548,Normal,0.15,0.01,0.15,4.99,
2025-10-16,sv3pt5-7,502548,Reverse Holofoil,0.23,0.03,0.25,4.99,
2025-10-16,sv4pt5-234,535090,Holofoil,308.26,284.99,316.37,800.0,399.99
2025-10-16,sv4pt5-54,534416,Holofoil,2.84,2.0,3.8,34.99,3.25
2025-10-16,sv8-57,590025,Holofoil,4.72,3.5,5.76,40.0,6.0
2025-10-16,sv8pt5-149,610504,Holofoil,198.04,195.0,219.99,1000.0,
2025-10-16,sv8pt5-155,610510,Holofoil,236.71,236.7,250.0,1000.0,
2025-10-16,sv8pt5-156,610511,Holofoil,378.51,296.0,449.32,1000.0,387.08
2025-10-16,sv8pt5-161,610516,Holofoil,1098.76,1095.0,1327.12,3000.0,
2025-10-16,sv8pt5-167,610522,Holofoil,122.3,117.32,144.07,800.0,
2025-10-16,sv8pt5-179,610534,Holofoil,49.12,43.69,64.18,329.99,
2025-10-16,sv8pt5-28,610383,Holofoil,1.01,0.49,1.25,19.99,
2025-10-16,sv8pt5-47,610402,Normal,0.05,0.01,0.1,4.99,0.03
2025-10-16,sv8pt5-47,610402,Reverse Holofoil,0.1,0.01,0.14,20.0,0.08
2025-10-16,sv8pt5-59,610414,Holofoil,0.24,0.01,0.28,100.0,
2025-10-16,sv8pt5-59,610414,Reverse Holofoil,0.37,0.1,0.4,25.0,
2025-10-16,sv8pt5-60,610415,Holofoil,3.81,2.97,5.0,40.0,5.34
2025-10-16,svp-085,518861,Normal,589.34,650.99,734.58,2500.0,799.9
2025-10-16,swsh11-186,284137,Holofoil,626.47,506.61,674.99,2000.0,598.89
2025-10-16,swsh12-186,451834,Holofoil,455.57,427.99,493.93,1100.0,461.84
2025-10-16,swsh12pt5gg-GG69,478100,Holofoil,225.34,210.0,249.16,1347.48,274.22
2025-10-16,swsh35-25,223018,Normal,0.1,0.03,0.2,4.99,0.1
2025-10-16,swsh35-25,223018,Reverse Holofoil,0.18,0.09,0.25,4.99,
2025-10-16,swsh35-74,223073,Holofoil,171.05,160.0,249.98,1500.0,161.97
2025-10-16,swsh45sv-SV107,232496,Holofoil,144.12,109.0,179.5,349.99,154.59
2025-10-16,swsh7-204,246693,Holofoil,31.79,29.5,38.25,150.0,31.94
2025-10-16,swsh7-205,246696,Holofoil,385.87,299.95,424.49,899.99,423.97
2025-10-16,swsh7-208,246755,Holofoil,31.19,23.0,31.16,69.99,31.0
2025-10-16,swsh7-209,246756,Holofoil,295.2,250.0,371.52,1732.38,364.98
2025-10-16,swsh7-211,246702,Holofoil,44.09,40.0,49.0,99.99,48.69
2025-10-16,swsh7-212,246704,Holofoil,401.34,347.49,422.5,1000.0,448.99
2025-10-16,swsh7-215,246723,Holofoil,2259.16,1575.0,2499.99,3999.99,1750.0
2025-10-16,swsh7-218,246733,Holofoil,700.05,499.99,650.96,1499.99,949.68
2025-10-16,swsh7-41,246753,Holofoil,5.75,4.37,6.75,25.0,7.45
2025-10-16,swsh7-65,246690,Holofoil,11.14,8.7,12.32,500.0,13.95
2025-10-16,swsh7-75,246701,Holofoil,11.91,9.44,12.99,70.0,13.49
2025-10-16,swsh7-8,246691,Holofoil,6.53,4.99,6.86,100.0,9.95
2025-10-16,swsh8-271,253266,Holofoil,789.35,599.99,860.0,1799.99,880.75
2025-10-16,swsh9-154,263873,Holofoil,383.22,313.01,392.51,1500.0,274.4
2025-10-17,base1-15,42355,Holofoil,119.49,73.23,123.57,300.0,
2025-10-17,base1-16,42356,Holofoil,37.19,21.67,37.15,89.99,
2025-10-17,base1-2,42360,Holofoil,158.39,93.0,123.59,499.99,84.23
2025-10-17,base1-4,42382,Holofoil,457.99,327.0,457.54,1000.0,
2025-10-17,base1-58,42402,Normal,3.19,0.4,2.79,9999.0,
2025-10-17,cel25c-4,250320,Holofoil,131.71,108.99,142.25,499.99,108.99
2025-10-17,gym2-2,83861,1st Edition Holofoil,650.0,800.0,896.85,1199.99,
2025-10-17,gym2-2,83861,Unlimited Holofoil,524.03,345.0,509.8,588.51,350.0
2025-10-17,neo1-9,86903,1st Edition Holofoil,1799.99,1798.75,1849.39,1900.97,
2025-10-17,neo1-9,86903,Unlimited Holofoil,407.26,279.77,354.97,427.62,
2025-10-17,sl-151-bundle,502000,Normal,94.32,86.99,109.99,999.99,
2025-10-17,sl-151-etb,503313,Normal,406.3,400.0,499.0,4999.99,
2025-10-17,sl-151-upc,502005,Normal,592.55,590.0,750.0,40000.0,
2025-10-17,sl-ar-box,265519,Normal,405.54,450.0,500.0,9999.99,
2025-10-17,sl-bs-box,256141,Normal,515.74,476.97,649.99,9999.99,
2025-10-17,sl-cel-upc,245140,Normal,885.62,910.0,1000.0,154722.59,
2025-10-17,sl-champ-etb,218791,Normal,151.66,146.99,179.0,399.99,
2025-10-17,sl-cz-etb,453470,Normal,223.83,220.0,284.99,4999.99,
2025-10-17,sl-dr-box,624679,Normal,388.16,384.98,500.0,9999.0,
2025-10-17,sl-evs-box,242436,Normal,2589.86,2450.0,3092.99,12000.0,
2025-10-17,sl-evs-etb,243721,Normal,655.22,760.0,979.99,2999.99,
2025-10-17,sl-fs-box,247654,Normal,1003.87,968.39,1115.0,4999.99,
2025-10-17,sl-hf-etb,194729,Normal,423.22,406.99,450.0,9999.98,
2025-10-17,sl-jp-151,565243,Normal,189.11,175.0,199.71,399.99,
2025-10-17,sl-jp-terastal,603428,Normal,102.66,99.0,113.71,200.0,
2025-10-17,sl-jt-box,610931,Normal,263.69,254.99,274.99,499.0,
2025-10-17,sl-lo-box,277324,Normal,808.77,747.99,898.99,2500.0,
2025-10-17,sl-me1-box,644298,Normal,302.52,289.99,334.95,500.0,
2025-10-17,sl-obf-box,501257,Normal,333.88,322.99,355.94,1000.0,
2025-10-17,sl-pe-etb,593355,Normal,138.46,130.0,150.0,2000.0,
2025-10-17,sl-pe-spc,622770,Normal,318.18,311.95,349.99,1200.0,
2025-10-17,sl-pf-etb,528040,Normal,283.68,267.79,299.99,989.89,
2025-10-17,sl-phf-box,654137,Normal,326.27,317.0,326.71,394.95,
2025-10-17,sl-shf-etb,228821,Normal,102.01,90.01,119.95,499.99,
2025-10-17,sl-ss-box,565606,Normal,264.33,263.0,314.99,4999.99,
2025-10-17,sl-st-box,283389,Normal,486.88,477.99,585.0,9999.99,
2025-10-17,sl-tf-box,536225,Normal,266.13,266.89,300.0,750.0,
2025-10-17,sv2-185,497557,Normal,0.37,0.18,0.4,30.0,
2025-10-17,sv2-185,497557,Reverse Holofoil,0.77,0.25,0.8,6.99,
2025-10-17,sv2-254,497669,Holofoil,15.63,14.4,17.71,100.0,19.09
2025-10-17,sv2-269,497689,Holofoil,53.53,51.97,60.88,294.12,51.97
2025-10-17,sv3pt5-151,516566,Holofoil,6.87,4.99,8.0,42.96,7.87
2025-10-17,sv3pt5-199,517045,Holofoil,274.69,248.67,319.99,1621.08,279.99
2025-10-17,sv3pt5-205,517051,Holofoil,18.72,15.04,19.99,88.88,22.79
2025-10-17,sv3pt5-4,502555,Normal,0.15,0.01,0.17,5.0,0.08
2025-10-17,sv3pt5-4,502555,Reverse Holofoil,0.28,0.03,0.28,4.99,0.23
2025-10-17,sv3pt5-6,502558,Holofoil,4.31,2.86,5.0,39.97,4.48
2025-10-17,sv3pt5-7,502548,Normal,0.15,0.01,0.16,4.99,0.12
2025-10-17,sv3pt5-7,502548,Reverse Holofoil,0.25,0.03,0.25,4.99,
2025-10-17,sv4pt5-234,535090,Holofoil,307.81,286.99,317.73,800.0,399.99
2025-10-17,sv4pt5-54,534416,Holofoil,3.08,2.0,3.79,34.99,
2025-10-17,sv8-57,590025,Holofoil,5.33,3.99,5.89,40.0,6.0
2025-10-17,sv8pt5-149,610504,Holofoil,198.0,195.0,218.09,1000.0,
2025-10-17,sv8pt5-155,610510,Holofoil,236.71,235.0,249.74,1000.0,
2025-10-17,sv8pt5-156,610511,Holofoil,377.31,296.0,430.0,1000.0,387.07
2025-10-17,sv8pt5-161,610516,Holofoil,1018.41,1095.0,1327.62,3000.0,
2025-10-17,sv8pt5-167,610522,Holofoil,122.3,117.32,144.07,800.0,
2025-10-17,sv8pt5-179,610534,Holofoil,48.69,43.69,65.7,329.99,
2025-10-17,sv8pt5-28,610383,Holofoil,1.0,0.5,1.25,19.99,1.07
2025-10-17,sv8pt5-47,610402,Normal,0.05,0.01,0.1,4.99,0.03
2025-10-17,sv8pt5-47,610402,Reverse Holofoil,0.1,0.01,0.14,20.0,0.08
2025-10-17,sv8pt5-59,610414,Holofoil,0.23,0.01,0.28,100.0,
2025-10-17,sv8pt5-59,610414,Reverse Holofoil,0.35,0.1,0.4,25.0,
2025-10-17,sv8pt5-60,610415,Holofoil,4.0,2.97,5.0,40.0,
2025-10-17,svp-085,518861,Normal,589.34,649.99,737.18,2500.0,799.9
2025-10-17,swsh11-186,284137,Holofoil,628.42,506.61,669.94,2000.0,724.69
2025-10-17,swsh12-186,451834,Holofoil,455.57,427.99,493.92,1100.0,460.84
2025-10-17,swsh12pt5gg-GG69,478100,Holofoil,225.34,210.0,248.92,1347.48,274.22
2025-10-17,swsh35-25,223018,Normal,0.1,0.03,0.2,4.99,0.1
2025-10-17,swsh35-25,223018,Reverse Holofoil,0.18,0.09,0.25,4.99,
2025-10-17,swsh35-74,223073,Holofoil,171.05,160.0,249.99,1500.0,249.98
2025-10-17,swsh45sv-SV107,232496,Holofoil,144.16,129.99,174.05,349.99,155.28
2025-10-17,swsh7-204,246693,Holofoil,31.79,29.5,36.73,150.0,29.69
2025-10-17,swsh7-205,246696,Holofoil,385.87,299.0,424.98,1857.0,423.96
2025-10-17,swsh7-208,246755,Holofoil,31.09,23.0,31.12,69.99,31.01
2025-10-17,swsh7-209,246756,Holofoil,295.2,250.0,371.52,1732.38,364.97
2025-10-17,swsh7-211,246702,Holofoil,44.34,40.0,49.99,99.99,48.69
2025-10-17,swsh7-212,246704,Holofoil,401.34,347.49,422.5,1000.0,448.99
2025-10-17,swsh7-215,246723,Holofoil,2259.16,1575.0,2499.0,3999.99,1750.0
2025-10-17,swsh7-218,246733,Holofoil,700.05,499.99,696.91,1499.99,949.68
2025-10-17,swsh7-41,246753,Holofoil,5.8,4.37,6.72,31.92,7.49
2025-10-17,swsh7-65,246690,Holofoil,11.14,8.7,12.69,500.0,13.94
2025-10-17,swsh7-75,246701,Holofoil,12.13,9.86,13.0,70.0,16.99
2025-10-17,swsh7-8,246691,Holofoil,6.74,4.99,6.8,100.0,9.97
2025-10-17,swsh8-271,253266,Holofoil,784.85,599.99,869.99,1799.99,880.75
2025-10-17,swsh9-154,263873,Holofoil,379.94,313.01,387.72,1500.0,274.4
2025-10-18,base1-15,42355,Holofoil,119.49,71.96,124.03,300.0,
2025-10-18,base1-16,42356,Holofoil,36.66,21.67,35.99,89.99,
2025-10-18,base1-2,42360,Holofoil,158.39,93.0,124.3,499.99,84.23
2025-10-18,base1-4,42382,Holofoil,458.43,327.99,461.54,1000.0,
2025-10-18,base1-58,42402,Normal,3.27,0.4,2.82,9999.0,
2025-10-18,cel25c-4,250320,Holofoil,130.03,108.99,142.3,499.99,108.99
2025-10-18,gym2-2,83861,1st Edition Holofoil,650.0,800.0,851.1,1199.99,
2025-10-18,gym2-2,83861,Unlimited Holofoil,524.03,345.0,509.8,588.51,497.9
2025-10-18,neo1-9,86903,1st Edition Holofoil,1799.99,1798.75,1849.39,1900.97,
2025-10-18,neo1-9,86903,Unlimited Holofoil,407.26,279.77,359.99,427.62,
2025-10-18,sl-151-bundle,502000,Normal,94.73,90.0,109.95,999.99,
2025-10-18,sl-151-etb,503313,Normal,406.3,400.0,499.48,4999.99,
2025-10-18,sl-151-upc,502005,Normal,595.35,575.01,750.0,40000.0,
2025-10-18,sl-ar-box,265519,Normal,405.54,450.0,500.0,9999.99,
2025-10-18,sl-bs-box,256141,Normal,515.04,476.97,649.99,9999.99,
2025-10-18,sl-cel-upc,245140,Normal,885.62,910.0,991.5,154722.59,
2025-10-18,sl-champ-etb,218791,Normal,151.66,146.99,179.0,399.99,
2025-10-18,sl-cz-etb,453470,Normal,224.67,215.0,274.95,4999.99,
2025-10-18,sl-dr-box,624679,Normal,386.46,384.98,500.0,9999.0,
2025-10-18,sl-evs-box,242436,Normal,2589.86,2450.0,3005.98,12000.0,
2025-10-18,sl-evs-etb,243721,Normal,663.82,799.0,999.0,2999.99,
2025-10-18,sl-fs-box,247654,Normal,999.6,968.39,1199.48,4999.99,
2025-10-18,sl-hf-etb,194729,Normal,418.98,400.0,474.98,9999.98,
2025-10-18,sl-jp-151,565243,Normal,187.52,177.0,199.99,399.99,
2025-10-18,sl-jp-terastal,603428,Normal,102.55,99.5,113.71,200.0,
2025-10-18,sl-jt-box,610931,Normal,263.69,254.0,272.5,499.0,
2025-10-18,sl-lo-box,277324,Normal,808.77,747.99,898.99,2500.0,
2025-10-18,sl-me1-box,644298,Normal,302.84,289.99,327.48,500.0,
2025-10-18,sl-obf-box,501257,Normal,333.88,309.95,350.0,1000.0,
2025-10-18,sl-pe-etb,593355,Normal,137.83,130.0,150.0,2000.0,
2025-10-18,sl-pe-spc,622770,Normal,317.52,311.95,350.0,1200.0,
2025-10-18,sl-pf-etb,528040,Normal,283.63,267.79,299.99,989.89,
2025-10-18,sl-phf-box,654137,Normal,325.97,317.0,326.66,394.95,
2025-10-18,sl-shf-etb,228821,Normal,101.73,90.01,119.95,499.99,
2025-10-18,sl-ss-box,565606,Normal,266.87,261.0,314.97,4999.99,
2025-10-18,sl-st-box,283389,Normal,486.88,460.0,585.0,9999.99,
2025-10-18,sl-tf-box,536225,Normal,266.13,266.89,300.0,750.0,
2025-10-18,sv2-185,497557,Normal,0.34,0.18,0.4,30.0,
2025-10-18,sv2-185,497557,Reverse Holofoil,0.72,0.25,0.77,6.99,
2025-10-18,sv2-254,497669,Holofoil,15.45,14.4,17.42,100.0,19.09
2025-10-18,sv2-269,497689,Holofoil,53.67,51.97,61.23,294.12,51.97
2025-10-18,sv3pt5-151,516566,Holofoil,6.64,4.99,8.0,42.96,6.99
2025-10-18,sv3pt5-199,517045,Holofoil,274.59,244.99,316.52,1621.08,399.99
2025-10-18,sv3pt5-205,517051,Holofoil,17.91,14.73,19.95,88.88,20.39
2025-10-18,sv3pt5-4,502555,Normal,0.12,0.01,0.16,5.0,
2025-10-18,sv3pt5-4,502555,Reverse Holofoil,0.25,0.03,0.28,4.99,0.24
2025-10-18,sv3pt5-6,502558,Holofoil,4.5,2.86,5.0,39.97,5.26
2025-10-18,sv3pt5-7,502548,Normal,0.14,0.01,0.15,4.99,
2025-10-18,sv3pt5-7,502548,Reverse Holofoil,0.24,0.03,0.25,4.99,
2025-10-18,sv4pt5-234,535090,Holofoil,307.41,280.0,319.16,800.0,399.99
2025-10-18,sv4pt5-54,534416,Holofoil,3.09,2.0,3.8,34.99,
2025-10-18,sv8-57,590025,Holofoil,5.62,3.78,5.98,40.0,5.05
2025-10-18,sv8pt5-149,610504,Holofoil,197.2,198.0,219.45,1000.0,
2025-10-18,sv8pt5-155,610510,Holofoil,237.0,235.0,249.95,1000.0,
2025-10-18,sv8pt5-156,610511,Holofoil,373.46,296.0,436.75,1000.0,385.99
2025-10-18,sv8pt5-161,610516,Holofoil,1019.25,1095.0,1327.62,3000.0,
2025-10-18,sv8pt5-167,610522,Holofoil,122.3,117.32,137.72,800.0,
2025-10-18,sv8pt5-179,610534,Holofoil,48.69,42.81,61.5,329.99,
2025-10-18,sv8pt5-28,610383,Holofoil,1.16,0.5,1.25,19.99,
2025-10-18,sv8pt5-47,610402,Normal,0.05,0.01,0.1,4.99,0.03
2025-10-18,sv8pt5-47,610402,Reverse Holofoil,0.1,0.01,0.14,20.0,0.08
2025-10-18,sv8pt5-59,610414,Holofoil,0.29,0.01,0.29,100.0,
2025-10-18,sv8pt5-59,610414,Reverse Holofoil,0.33,0.1,0.39,25.0,
2025-10-18,sv8pt5-60,610415,Holofoil,3.78,2.98,5.0,40.0,
2025-10-18,svp-085,518861,Normal,589.34,649.99,750.0,2500.0,799.9
2025-10-18,swsh11-186,284137,Holofoil,628.42,506.61,669.94,2000.0,724.69
2025-10-18,swsh12-186,451834,Holofoil,455.57,427.99,493.92,1100.0,460.01
2025-10-18,swsh12pt5gg-GG69,478100,Holofoil,226.32,210.0,249.97,1347.48,274.22
2025-10-18,swsh35-25,223018,Normal,0.11,0.03,0.2,4.99,0.1
2025-10-18,swsh35-25,223018,Reverse Holofoil,0.18,0.09,0.25,4.99,
2025-10-18,swsh35-74,223073,Holofoil,171.05,160.0,249.99,1500.0,249.97
2025-10-18,swsh45sv-SV107,232496,Holofoil,144.16,129.99,172.07,349.99,152.6
2025-10-18,swsh7-204,246693,Holofoil,31.78,26.99,35.0,150.0,29.69
2025-10-18,swsh7-205,246696,Holofoil,385.87,299.0,424.73,1857.0,423.96
2025-10-18,swsh7-208,246755,Holofoil,31.13,22.77,31.11,69.99,31.01
2025-10-18,swsh7-209,246756,Holofoil,295.2,250.0,364.97,1732.38,364.97
2025-10-18,swsh7-211,246702,Holofoil,44.21,40.0,49.5,99.99,48.69
2025-10-18,swsh7-212,246704,Holofoil,401.34,347.49,422.5,1000.0,448.99
2025-10-18,swsh7-215,246723,Holofoil,2259.16,1575.0,2398.5,3999.99,1750.0
2025-10-18,swsh7-218,246733,Holofoil,700.05,499.99,696.91,1499.99,949.68
2025-10-18,swsh7-41,246753,Holofoil,5.82,4.04,6.75,31.92,7.48
2025-10-18,swsh7-65,246690,Holofoil,11.2,8.7,12.62,500.0,13.95
2025-10-18,swsh7-75,246701,Holofoil,12.68,9.86,13.21,70.0,16.99
2025-10-18,swsh7-8,246691,Holofoil,6.74,4.99,6.92,100.0,6.89
2025-10-18,swsh8-271,253266,Holofoil,784.85,599.99,860.0,1799.99,724.99
2025-10-18,swsh9-154,263873,Holofoil,379.94,312.76,390.01,1500.0,260.68
2025-10-19,base1-15,42355,Holofoil,119.17,73.23,123.05,300.0,
2025-10-19,base1-16,42356,Holofoil,36.77,20.47,35.97,89.99,
2025-10-19,base1-2,42360,Holofoil,159.26,93.0,125.0,499.99,84.23
2025-10-19,base1-4,42382,Holofoil,458.29,327.99,466.77,1000.0,
2025-10-19,base1-58,42402,Normal,3.1,0.4,2.49,9999.0,
2025-10-19,cel25c-4,250320,Holofoil,130.03,108.99,140.11,499.99,108.99
2025-10-19,gym2-2,83861,1st Edition Holofoil,650.0,799.01,851.1,1199.99,
2025-10-19,gym2-2,83861,Unlimited Holofoil,524.03,330.87,504.9,588.51,497.89
2025-10-19,neo1-9,86903,1st Edition Holofoil,1799.99,1798.75,1849.39,1900.97,
2025-10-19,neo1-9,86903,Unlimited Holofoil,407.26,267.18,349.95,427.62,
2025-10-19,sl-151-bundle,502000,Normal,95.96,92.93,109.99,999.99,
2025-10-19,sl-151-etb,503313,Normal,407.3,415.0,499.97,4999.99,
2025-10-19,sl-151-upc,502005,Normal,597.47,599.88,750.0,40000.0,
2025-10-19,sl-ar-box,265519,Normal,405.54,430.0,500.0,9999.99,
2025-10-19,sl-bs-box,256141,Normal,511.88,476.97,650.0,9999.99,
2025-10-19,sl-cel-upc,245140,Normal,885.62,910.0,1000.0,154722.59,
2025-10-19,sl-champ-etb,218791,Normal,151.46,144.99,179.0,399.99,
2025-10-19,sl-cz-etb,453470,Normal,225.63,215.0,274.95,4999.99,
2025-10-19,sl-dr-box,624679,Normal,387.86,375.0,499.99,9999.0,
2025-10-19,sl-evs-box,242436,Normal,2589.86,2449.0,3210.0,12000.0,
2025-10-19,sl-evs-etb,243721,Normal,663.82,795.0,999.0,2999.99,
2025-10-19,sl-fs-box,247654,Normal,999.6,968.39,1199.0,4999.99,
2025-10-19,sl-hf-etb,194729,Normal,418.98,386.0,450.0,9999.98,
2025-10-19,sl-jp-151,565243,Normal,187.88,175.0,199.97,399.99,
2025-10-19,sl-jp-terastal,603428,Normal,102.27,99.5,113.71,200.0,
2025-10-19,sl-jt-box,610931,Normal,264.29,252.99,274.99,499.0,
2025-10-19,sl-lo-box,277324,Normal,808.77,725.0,895.99,2500.0,
2025-10-19,sl-me1-box,644298,Normal,301.71,279.99,319.99,500.0,
2025-10-19,sl-obf-box,501257,Normal,333.88,309.95,355.0,1000.0,
2025-10-19,sl-pe-etb,593355,Normal,138.21,127.65,150.0,2000.0,
2025-10-19,sl-pe-spc,622770,Normal,317.2,304.0,349.99,1200.0,
2025-10-19,sl-pf-etb,528040,Normal,283.34,267.76,299.94,989.89,
2025-10-19,sl-phf-box,654137,Normal,324.98,317.0,325.65,394.95,
2025-10-19,sl-shf-etb,228821,Normal,101.73,90.01,114.99,499.99,
2025-10-19,sl-ss-box,565606,Normal,268.36,265.0,317.99,4999.99,
2025-10-19,sl-st-box,283389,Normal,486.88,459.99,587.45,9999.99,
2025-10-19,sl-tf-box,536225,Normal,266.25,266.89,300.0,750.0,
2025-10-19,sv2-185,497557,Normal,0.39,0.18,0.4,30.0,
2025-10-19,sv2-185,497557,Reverse Holofoil,0.75,0.25,0.75,6.99,
2025-10-19,sv2-254,497669,Holofoil,15.49,14.5,17.38,100.0,
2025-10-19,sv2-269,497689,Holofoil,54.1,51.97,63.78,294.12,53.85
2025-10-19,sv3pt5-151,516566,Holofoil,7.55,4.0,8.0,42.96,9.44
2025-10-19,sv3pt5-199,517045,Holofoil,274.06,244.99,305.08,1621.08,399.99
2025-10-19,sv3pt5-205,517051,Holofoil,18.49,15.04,20.0,88.88,
2025-10-19,sv3pt5-4,502555,Normal,0.12,0.01,0.15,5.0,
2025-10-19,sv3pt5-4,502555,Reverse Holofoil,0.26,0.03,0.27,4.99,
2025-10-19,sv3pt5-6,502558,Holofoil,4.7,2.71,5.0,39.97,5.26
2025-10-19,sv3pt5-7,502548,Normal,0.14,0.01,0.15,4.99,
2025-10-19,sv3pt5-7,502548,Reverse Holofoil,0.22,0.03,0.25,50.0,
2025-10-19,sv4pt5-234,535090,Holofoil,304.98,280.0,320.0,800.0,399.99
2025-10-19,sv4pt5-54,534416,Holofoil,3.37,2.0,3.8,34.99,
2025-10-19,sv8-57,590025,Holofoil,4.83,3.76,5.78,40.0,
2025-10-19,sv8pt5-149,610504,Holofoil,197.2,198.0,218.9,1000.0,
2025-10-19,sv8pt5-155,610510,Holofoil,236.43,233.7,249.97,1000.0,
2025-10-19,sv8pt5-156,610511,Holofoil,373.46,329.99,412.36,1000.0,385.96
2025-10-19,sv8pt5-161,610516,Holofoil,1019.25,1174.97,1327.62,5000.0,
2025-10-19,sv8pt5-167,610522,Holofoil,122.3,115.0,130.69,800.0,
2025-10-19,sv8pt5-179,610534,Holofoil,48.08,42.81,57.73,329.99,
2025-10-19,sv8pt5-28,610383,Holofoil,1.17,0.41,1.25,19.99,
2025-10-19,sv8pt5-47,610402,Normal,0.05,0.01,0.1,4.99,0.03
2025-10-19,sv8pt5-47,610402,Reverse Holofoil,0.11,0.01,0.14,20.0,0.08
2025-10-19,sv8pt5-59,610414,Holofoil,0.32,0.01,0.3,100.0,
2025-10-19,sv8pt5-59,610414,Reverse Holofoil,0.33,0.1,0.39,25.0,
2025-10-19,sv8pt5-60,610415,Holofoil,4.02,2.98,5.0,40.0,
2025-10-19,svp-085,518861,Normal,596.34,649.9,737.18,2500.0,799.9
2025-10-19,swsh11-186,284137,Holofoil,628.42,549.99,700.0,2000.0,724.69
2025-10-19,swsh12-186,451834,Holofoil,458.69,427.99,493.88,1100.0,444.0
2025-10-19,swsh12pt5gg-GG69,478100,Holofoil,225.93,215.0,247.47,600.0,232.78
2025-10-19,swsh35-25,223018,Normal,0.11,0.05,0.2,4.99,0.1
2025-10-19,swsh35-25,223018,Reverse Holofoil,0.18,0.09,0.25,4.99,
2025-10-19,swsh35-74,223073,Holofoil,171.05,160.0,249.99,1500.0,249.97
2025-10-19,swsh45sv-SV107,232496,Holofoil,144.27,128.68,160.99,349.99,152.58
2025-10-19,swsh7-204,246693,Holofoil,31.79,26.99,35.0,150.0,29.69
2025-10-19,swsh7-205,246696,Holofoil,385.87,299.0,424.46,1857.0,423.97
2025-10-19,swsh7-208,246755,Holofoil,30.83,22.77,31.12,69.99,31.01
2025-10-19,swsh7-209,246756,Holofoil,295.2,269.0,359.0,1732.38,364.98
2025-10-19,swsh7-211,246702,Holofoil,44.06,40.0,49.0,99.99,48.69
2025-10-19,swsh7-212,246704,Holofoil,401.34,347.49,425.0,1000.0,448.99
2025-10-19,swsh7-215,246723,Holofoil,2259.16,1750.0,2349.0,3999.99,1750.0
2025-10-19,swsh7-218,246733,Holofoil,700.05,499.99,696.91,1499.99,949.68
2025-10-19,swsh7-41,246753,Holofoil,6.18,4.04,6.8,31.92,4.59
2025-10-19,swsh7-65,246690,Holofoil,11.0,8.7,12.47,500.0,13.98
2025-10-19,swsh7-75,246701,Holofoil,13.14,9.86,13.9,70.0,19.88
2025-10-19,swsh7-8,246691,Holofoil,6.86,4.98,6.94,100.0,4.98
2025-10-19,swsh8-271,253266,Holofoil,784.85,599.99,842.43,1799.99,724.99
2025-10-19,swsh9-154,263873,Holofoil,379.94,312.76,392.51,1500.0,260.68
2025-10-20,base1-15,42355,Holofoil,119.17,73.23,125.07,300.0,
2025-10-20,base1-16,42356,Holofoil,36.61,20.48,35.97,72.94,
2025-10-20,base1-2,42360,Holofoil,159.26,93.0,125.0,499.99,84.22
2025-10-20,base1-4,42382,Holofoil,458.29,327.99,466.0,1000.0,
2025-10-20,base1-58,42402,Normal,3.12,0.4,2.49,9999.0,
2025-10-20,cel25c-4,250320,Holofoil,130.15,108.99,139.98,499.99,108.99
2025-10-20,gym2-2,83861,1st Edition Holofoil,650.0,682.5,847.93,1199.99,
2025-10-20,gym2-2,83861,Unlimited Holofoil,524.03,347.99,504.9,588.51,497.89
2025-10-20,neo1-9,86903,1st Edition Holofoil,1799.99,1798.75,1849.39,1900.97,
2025-10-20,neo1-9,86903,Unlimited Holofoil,407.26,267.17,349.95,427.62,
2025-10-20,sl-151-bundle,502000,Normal,95.64,84.99,109.99,999.99,
2025-10-20,sl-151-etb,503313,Normal,407.3,407.3,499.48,4999.99,
2025-10-20,sl-151-upc,502005,Normal,597.47,599.88,750.0,40000.0,
2025-10-20,sl-ar-box,265519,Normal,407.94,430.0,500.0,9999.99,
2025-10-20,sl-bs-box,256141,Normal,503.16,476.97,669.98,9999.99,
2025-10-20,sl-cel-upc,245140,Normal,885.62,910.0,1000.0,154722.59,
2025-10-20,sl-champ-etb,218791,Normal,151.26,151.66,179.0,499.99,
2025-10-20,sl-cz-etb,453470,Normal,224.7,215.0,280.0,4999.99,
2025-10-20,sl-dr-box,624679,Normal,390.64,389.0,500.0,9999.0,
2025-10-20,sl-evs-box,242436,Normal,2589.86,2449.0,3240.0,12000.0,
2025-10-20,sl-evs-etb,243721,Normal,663.82,795.0,979.99,2999.99,
2025-10-20,sl-fs-box,247654,Normal,997.4,968.39,1199.95,4999.99,
2025-10-20,sl-hf-etb,194729,Normal,418.98,386.0,474.98,9999.98,
2025-10-20,sl-jp-151,565243,Normal,187.88,175.0,199.94,399.99,
2025-10-20,sl-jp-terastal,603428,Normal,102.68,99.5,115.0,200.0,
2025-10-20,sl-jt-box,610931,Normal,264.05,252.99,274.99,499.0,
2025-10-20,sl-lo-box,277324,Normal,808.77,725.0,895.99,2500.0,
2025-10-20,sl-me1-box,644298,Normal,298.0,279.99,319.46,500.0,
2025-10-20,sl-obf-box,501257,Normal,332.31,334.08,374.99,1000.0,
2025-10-20,sl-pe-etb,593355,Normal,135.34,130.0,150.0,2000.0,
2025-10-20,sl-pe-spc,622770,Normal,316.64,304.0,349.99,1200.0,
2025-10-20,sl-pf-etb,528040,Normal,283.34,265.94,299.94,989.89,
2025-10-20,sl-phf-box,654137,Normal,324.65,317.0,324.44,394.94,
2025-10-20,sl-shf-etb,228821,Normal,102.33,95.0,115.0,499.99,
2025-10-20,sl-ss-box,565606,Normal,268.66,267.61,314.99,4999.99,
2025-10-20,sl-st-box,283389,Normal,488.28,460.0,589.89,9999.99,
2025-10-20,sl-tf-box,536225,Normal,266.25,264.85,299.99,750.0,
2025-10-20,sv2-185,497557,Normal,0.35,0.18,0.4,30.0,
2025-10-20,sv2-185,497557,Reverse Holofoil,0.71,0.25,0.75,6.99,
2025-10-20,sv2-254,497669,Holofoil,15.45,14.5,17.25,100.0,
2025-10-20,sv2-269,497689,Holofoil,54.12,53.0,64.07,294.12,59.98
2025-10-20,sv3pt5-151,516566,Holofoil,6.88,4.0,8.0,42.96,12.98
2025-10-20,sv3pt5-199,517045,Holofoil,273.63,244.99,300.0,1621.08,399.99
2025-10-20,sv3pt5-205,517051,Holofoil,18.7,15.04,19.99,88.88,
2025-10-20,sv3pt5-4,502555,Normal,0.11,0.01,0.15,5.0,
2025-10-20,sv3pt5-4,502555,Reverse Holofoil,0.26,0.03,0.27,4.99,
2025-10-20,sv3pt5-6,502558,Holofoil,4.51,2.71,5.0,39.97,5.53
2025-10-20,sv3pt5-7,502548,Normal,0.14,0.01,0.15,4.99,0.13
2025-10-20,sv3pt5-7,502548,Reverse Holofoil,0.23,0.03,0.25,50.0,
2025-10-20,sv4pt5-234,535090,Holofoil,303.67,280.0,318.14,800.0,399.99
2025-10-20,sv4pt5-54,534416,Holofoil,3.66,2.0,3.78,34.99,
2025-10-20,sv8-57,590025,Holofoil,5.62,3.49,5.71,40.0,
2025-10-20,sv8pt5-149,610504,Holofoil,197.2,197.0,217.28,1000.0,
2025-10-20,sv8pt5-155,610510,Holofoil,236.43,230.0,244.63,1000.0,
2025-10-20,sv8pt5-156,610511,Holofoil,370.06,329.99,410.81,1000.0,385.96
2025-10-20,sv8pt5-161,610516,Holofoil,1010.73,1185.0,1350.0,5000.0,
2025-10-20,sv8pt5-167,610522,Holofoil,122.75,114.0,126.41,800.0,
2025-10-20,sv8pt5-179,610534,Holofoil,47.85,42.81,57.73,329.99,
2025-10-20,sv8pt5-28,610383,Holofoil,1.18,0.41,1.25,19.99,
2025-10-20,sv8pt5-47,610402,Normal,0.07,0.01,0.1,4.99,0.03
2025-10-20,sv8pt5-47,610402,Reverse Holofoil,0.11,0.01,0.14,20.0,0.08
2025-10-20,sv8pt5-59,610414,Holofoil,0.34,0.01,0.3,100.0,
2025-10-20,sv8pt5-59,610414,Reverse Holofoil,0.34,0.1,0.38,25.0,
2025-10-20,sv8pt5-60,610415,Holofoil,4.7,2.79,5.0,40.0,
2025-10-20,svp-085,518861,Normal,609.69,649.9,734.58,2500.0,799.9
2025-10-20,swsh11-186,284137,Holofoil,626.27,549.99,687.5,2000.0,724.69
2025-10-20,swsh12-186,451834,Holofoil,458.69,427.99,490.0,1100.0,444.0
2025-10-20,swsh12pt5gg-GG69,478100,Holofoil,224.52,211.68,246.75,600.0,248.51
2025-10-20,swsh35-25,223018,Normal,0.11,0.05,0.2,4.99,
2025-10-20,swsh35-25,223018,Reverse Holofoil,0.18,0.09,0.25,4.99,
2025-10-20,swsh35-74,223073,Holofoil,171.05,160.0,249.99,1500.0,249.97
2025-10-20,swsh45sv-SV107,232496,Holofoil,144.27,125.0,159.99,349.99,152.59
2025-10-20,swsh7-204,246693,Holofoil,31.79,26.99,35.5,150.0,29.69
2025-10-20,swsh7-205,246696,Holofoil,385.87,299.0,424.73,1857.0,423.97
2025-10-20,swsh7-208,246755,Holofoil,31.0,22.0,31.12,69.99,40.24
2025-10-20,swsh7-209,246756,Holofoil,295.2,269.0,359.0,1732.38,364.98
2025-10-20,swsh7-211,246702,Holofoil,43.99,40.0,49.0,99.99,48.69
2025-10-20,swsh7-212,246704,Holofoil,401.34,347.49,425.0,1000.0,448.99
2025-10-20,swsh7-215,246723,Holofoil,2259.16,1750.0,2300.0,3999.99,1750.0
2025-10-20,swsh7-218,246733,Holofoil,700.05,499.99,696.91,1499.99,949.68
2025-10-20,swsh7-41,246753,Holofoil,6.28,3.9,6.79,31.92,
2025-10-20,swsh7-65,246690,Holofoil,10.78,8.7,12.4,500.0,13.98
2025-10-20,swsh7-75,246701,Holofoil,13.1,9.86,13.99,70.0,19.88
2025-10-20,swsh7-8,246691,Holofoil,7.04,4.99,6.99,100.0,6.82
2025-10-20,swsh8-271,253266,Holofoil,784.85,599.99,788.95,1799.99,724.99
2025-10-20,swsh9-154,263873,Holofoil,379.94,275.0,390.01,1500.0,260.68
2025-10-21,base1-15,42355,Holofoil,119.17,73.23,125.07,300.0,
2025-10-21,base1-16,42356,Holofoil,36.66,19.49,36.31,72.94,
2025-10-21,base1-2,42360,Holofoil,159.91,93.0,125.0,499.99,84.22
2025-10-21,base1-4,42382,Holofoil,458.29,323.25,465.55,1000.0,
2025-10-21,base1-58,42402,Normal,3.19,0.4,2.24,9999.0,
2025-10-21,cel25c-4,250320,Holofoil,129.89,105.89,138.65,499.99,105.89
2025-10-21,gym2-2,83861,1st Edition Holofoil,650.0,682.5,847.93,1199.99,
2025-10-21,gym2-2,83861,Unlimited Holofoil,524.03,347.99,499.99,588.51,497.89
2025-10-21,neo1-9,86903,1st Edition Holofoil,1799.99,1798.75,1849.39,1900.97,
2025-10-21,neo1-9,86903,Unlimited Holofoil,407.26,279.77,349.95,427.62,
2025-10-21,sl-151-bundle,502000,Normal,98.03,90.0,110.0,999.99,
2025-10-21,sl-151-etb,503313,Normal,407.94,407.3,499.95,4999.99,
2025-10-21,sl-151-upc,502005,Normal,597.47,599.88,750.0,40000.0,
2025-10-21,sl-ar-box,265519,Normal,407.94,425.0,500.0,9999.99,
2025-10-21,sl-bs-box,256141,Normal,497.51,476.97,669.98,9999.99,
2025-10-21,sl-cel-upc,245140,Normal,885.62,910.0,1000.0,154722.59,
2025-10-21,sl-champ-etb,218791,Normal,151.9,144.98,177.5,499.99,
2025-10-21,sl-cz-etb,453470,Normal,224.7,215.0,274.95,4999.99,
2025-10-21,sl-dr-box,624679,Normal,391.45,390.0,500.0,9999.0,
2025-10-21,sl-evs-box,242436,Normal,2589.86,2449.0,3180.0,12000.0,
2025-10-21,sl-evs-etb,243721,Normal,663.82,795.0,989.5,2999.99,
2025-10-21,sl-fs-box,247654,Normal,1002.88,968.39,1199.95,4999.99,
2025-10-21,sl-hf-etb,194729,Normal,416.1,386.0,474.98,9999.98,
2025-10-21,sl-jp-151,565243,Normal,187.47,175.0,199.99,399.99,
2025-10-21,sl-jp-terastal,603428,Normal,103.48,99.5,114.95,200.0,
2025-10-21,sl-jt-box,610931,Normal,263.57,252.98,270.0,499.0,
2025-10-21,sl-lo-box,277324,Normal,808.77,725.0,892.99,2500.0,
2025-10-21,sl-me1-box,644298,Normal,287.62,279.99,309.95,500.0,
2025-10-21,sl-obf-box,501257,Normal,332.31,299.99,350.0,1000.0,
2025-10-21,sl-pe-etb,593355,Normal,134.97,127.0,150.0,2000.0,
2025-10-21,sl-pe-spc,622770,Normal,315.12,304.0,344.12,1200.0,
2025-10-21,sl-pf-etb,528040,Normal,283.34,265.76,299.97,989.89,
2025-10-21,sl-phf-box,654137,Normal,322.5,314.0,324.41,394.94,
2025-10-21,sl-shf-etb,228821,Normal,102.13,95.0,115.0,499.99,
2025-10-21,sl-ss-box,565606,Normal,268.73,260.0,315.99,4999.99,
2025-10-21,sl-st-box,283389,Normal,486.68,459.99,587.45,9999.99,
2025-10-21,sl-tf-box,536225,Normal,266.25,264.85,299.99,750.0,
2025-10-21,sv2-185,497557,Normal,0.51,0.2,0.41,30.0,
2025-10-21,sv2-185,497557,Reverse Holofoil,0.69,0.25,0.75,6.99,
2025-10-21,sv2-254,497669,Holofoil,15.41,13.99,17.15,100.0,
2025-10-21,sv2-269,497689,Holofoil,54.35,53.0,64.07,294.12,59.98
2025-10-21,sv3pt5-151,516566,Holofoil,6.43,4.99,7.99,42.96,
2025-10-21,sv3pt5-199,517045,Holofoil,270.94,240.0,300.0,1621.08,399.99
2025-10-21,sv3pt5-205,517051,Holofoil,18.86,15.04,20.0,88.88,
2025-10-21,sv3pt5-4,502555,Normal,0.12,0.01,0.15,5.0,
2025-10-21,sv3pt5-4,502555,Reverse Holofoil,0.22,0.03,0.26,4.99,
2025-10-21,sv3pt5-6,502558,Holofoil,4.72,2.71,4.99,39.97,4.99
2025-10-21,sv3pt5-7,502548,Normal,0.14,0.01,0.15,4.99,
2025-10-21,sv3pt5-7,502548,Reverse Holofoil,0.25,0.03,0.25,50.0,0.22
2025-10-21,sv4pt5-234,535090,Holofoil,303.67,280.0,309.74,800.0,295.0
2025-10-21,sv4pt5-54,534416,Holofoil,3.16,2.0,3.8,34.99,
2025-10-21,sv8-57,590025,Holofoil,4.46,3.5,5.65,40.0,
2025-10-21,sv8pt5-149,610504,Holofoil,197.86,197.0,218.55,1000.0,
2025-10-21,sv8pt5-155,610510,Holofoil,236.63,220.0,243.38,1000.0,
2025-10-21,sv8pt5-156,610511,Holofoil,370.06,329.99,405.0,1000.0,385.96
2025-10-21,sv8pt5-161,610516,Holofoil,1007.28,1012.77,1348.69,5000.0,
2025-10-21,sv8pt5-167,610522,Holofoil,122.67,111.71,126.55,800.0,
2025-10-21,sv8pt5-179,610534,Holofoil,47.82,42.97,55.6,329.99,
2025-10-21,sv8pt5-28,610383,Holofoil,1.03,0.41,1.25,19.99,
2025-10-21,sv8pt5-47,610402,Normal,0.07,0.01,0.1,4.99,0.03
2025-10-21,sv8pt5-47,610402,Reverse Holofoil,0.1,0.01,0.14,20.0,0.08
2025-10-21,sv8pt5-59,610414,Holofoil,0.32,0.01,0.31,100.0,
2025-10-21,sv8pt5-59,610414,Reverse Holofoil,0.36,0.1,0.39,25.0,
2025-10-21,sv8pt5-60,610415,Holofoil,4.04,2.79,5.0,40.0,
2025-10-21,svp-085,518861,Normal,616.09,649.8,734.58,2500.0,799.9
2025-10-21,swsh11-186,284137,Holofoil,626.27,549.99,674.99,2000.0,723.69
2025-10-21,swsh12-186,451834,Holofoil,458.04,425.0,489.99,1100.0,436.0
2025-10-21,swsh12pt5gg-GG69,478100,Holofoil,224.52,165.08,246.73,600.0,248.49
2025-10-21,swsh35-25,223018,Normal,0.11,0.05,0.2,4.99,
2025-10-21,swsh35-25,223018,Reverse Holofoil,0.18,0.09,0.25,4.99,
2025-10-21,swsh35-74,223073,Holofoil,171.05,160.0,249.99,1500.0,249.97
2025-10-21,swsh45sv-SV107,232496,Holofoil,142.39,125.0,160.11,349.99,152.6
2025-10-21,swsh7-204,246693,Holofoil,31.6,29.0,37.47,150.0,29.69
2025-10-21,swsh7-205,246696,Holofoil,385.87,299.0,424.46,1857.0,423.97
2025-10-21,swsh7-208,246755,Holofoil,31.0,22.0,31.0,69.99,29.45
2025-10-21,swsh7-209,246756,Holofoil,295.2,269.0,358.99,1732.38,358.99
2025-10-21,swsh7-211,246702,Holofoil,44.34,40.0,49.0,99.99,53.19
2025-10-21,swsh7-212,246704,Holofoil,401.34,350.0,425.0,1000.0,448.99
2025-10-21,swsh7-215,246723,Holofoil,2259.16,1750.0,2300.0,3999.99,1750.0
2025-10-21,swsh7-218,246733,Holofoil,700.05,499.99,699.99,1499.99,899.69
2025-10-21,swsh7-41,246753,Holofoil,6.14,3.9,6.69,31.92,
2025-10-21,swsh7-65,246690,Holofoil,10.73,8.7,12.37,500.0,10.63
2025-10-21,swsh7-75,246701,Holofoil,13.14,9.86,13.99,70.0,12.48
2025-10-21,swsh7-8,246691,Holofoil,7.0,4.99,7.02,100.0,6.65
2025-10-21,swsh8-271,253266,Holofoil,774.65,599.99,805.23,1799.99,724.99
2025-10-21,swsh9-154,263873,Holofoil,374.65,275.0,395.0,1500.0,260.68
2025-10-22,base1-15,42355,Holofoil,117.13,71.2,121.71,300.0,
2025-10-22,base1-16,42356,Holofoil,36.59,19.4,35.95,72.94,
2025-10-22,base1-2,42360,Holofoil,160.38,93.0,125.0,499.99,84.22
2025-10-22,base1-4,42382,Holofoil,459.2,328.24,466.0,1000.0,
2025-10-22,base1-58,42402,Normal,3.23,0.4,2.35,9999.0,
2025-10-22,cel25c-4,250320,Holofoil,129.0,105.88,139.54,499.99,105.88
2025-10-22,gym2-2,83861,1st Edition Holofoil,650.0,682.5,825.51,1199.99,
2025-10-22,gym2-2,83861,Unlimited Holofoil,524.03,347.99,499.99,588.51,497.89
2025-10-22,neo1-9,86903,1st Edition Holofoil,1799.99,1798.75,1798.78,1900.97,
2025-10-22,neo1-9,86903,Unlimited Holofoil,407.26,280.75,349.95,540.0,
2025-10-22,sl-151-bundle,502000,Normal,97.87,94.56,109.99,999.99,
2025-10-22,sl-151-etb,503313,Normal,407.92,407.3,499.99,4999.99,
2025-10-22,sl-151-upc,502005,Normal,598.18,599.88,750.0,40000.0,
2025-10-22,sl-ar-box,265519,Normal,411.14,407.94,499.99,9999.99,
2025-10-22,sl-bs-box,256141,Normal,491.11,476.97,675.0,9999.99,
2025-10-22,sl-cel-upc,245140,Normal,895.18,900.0,1000.0,154722.59,
2025-10-22,sl-champ-etb,218791,Normal,151.98,144.98,179.0,499.99,
2025-10-22,sl-cz-etb,453470,Normal,226.02,215.0,260.0,4999.99,
2025-10-22,sl-dr-box,624679,Normal,389.18,390.0,499.99,9999.0,
2025-10-22,sl-evs-box,242436,Normal,2589.86,2449.0,3240.0,12000.0,
2025-10-22,sl-evs-etb,243721,Normal,663.82,795.0,999.0,2999.99,
2025-10-22,sl-fs-box,247654,Normal,1000.52,968.39,1199.99,4999.99,
2025-10-22,sl-hf-etb,194729,Normal,416.1,386.0,474.98,9999.98,
2025-10-22,sl-jp-151,565243,Normal,187.82,175.0,199.99,399.99,
2025-10-22,sl-jp-terastal,603428,Normal,103.79,99.5,115.0,200.0,
2025-10-22,sl-jt-box,610931,Normal,263.09,252.98,270.0,499.0,
2025-10-22,sl-lo-box,277324,Normal,803.73,725.0,899.99,2500.0,
2025-10-22,sl-me1-box,644298,Normal,281.94,279.99,309.98,500.0,
2025-10-22,sl-obf-box,501257,Normal,332.67,320.0,355.0,1000.0,
2025-10-22,sl-pe-etb,593355,Normal,136.43,130.0,150.0,2000.0,
2025-10-22,sl-pe-spc,622770,Normal,314.0,299.0,346.63,1200.0,
2025-10-22,sl-pf-etb,528040,Normal,281.77,265.69,299.97,989.89,
2025-10-22,sl-phf-box,654137,Normal,322.6,314.0,323.46,394.94,
2025-10-22,sl-shf-etb,228821,Normal,102.17,95.0,114.99,499.99,
2025-10-22,sl-ss-box,565606,Normal,269.89,260.0,317.99,4999.99,
2025-10-22,sl-st-box,283389,Normal,483.48,459.95,598.0,9999.99,
2025-10-22,sl-tf-box,536225,Normal,267.51,264.69,299.99,750.0,
2025-10-22,sv2-185,497557,Normal,0.44,0.05,0.45,30.0,
2025-10-22,sv2-185,497557,Reverse Holofoil,0.7,0.25,0.75,6.99,0.65
2025-10-22,sv2-254,497669,Holofoil,15.34,13.99,17.4,100.0,19.36
2025-10-22,sv2-269,497689,Holofoil,54.79,50.07,64.15,294.12,64.22
2025-10-22,sv3pt5-151,516566,Holofoil,6.78,4.99,7.99,42.96,6.76
2025-10-22,sv3pt5-199,517045,Holofoil,266.69,241.99,300.0,1621.08,244.98
2025-10-22,sv3pt5-205,517051,Holofoil,18.6,15.04,20.0,88.88,17.19
2025-10-22,sv3pt5-4,502555,Normal,0.11,0.01,0.15,5.0,
2025-10-22,sv3pt5-4,502555,Reverse Holofoil,0.42,0.03,0.3,3.99,
2025-10-22,sv3pt5-6,502558,Holofoil,4.67,2.71,5.0,39.97,4.99
2025-10-22,sv3pt5-7,502548,Normal,0.14,0.01,0.15,4.99,
2025-10-22,sv3pt5-7,502548,Reverse Holofoil,0.28,0.03,0.25,50.0,0.23
2025-10-22,sv4pt5-234,535090,Holofoil,304.81,280.0,312.96,800.0,295.0
2025-10-22,sv4pt5-54,534416,Holofoil,3.17,2.0,3.77,34.99,2.99
2025-10-22,sv8-57,590025,Holofoil,4.87,3.38,5.61,40.0,3.76
2025-10-22,sv8pt5-149,610504,Holofoil,200.85,198.9,229.99,1000.0,
2025-10-22,sv8pt5-155,610510,Holofoil,235.66,233.7,249.97,1000.0,
2025-10-22,sv8pt5-156,610511,Holofoil,366.09,329.99,407.96,1281.98,385.97
2025-10-22,sv8pt5-161,610516,Holofoil,1064.12,1099.97,1261.1,5000.0,
2025-10-22,sv8pt5-167,610522,Holofoil,122.15,112.02,124.19,800.0,
2025-10-22,sv8pt5-179,610534,Holofoil,48.38,43.04,55.0,329.99,
2025-10-22,sv8pt5-28,610383,Holofoil,1.01,0.41,1.25,19.99,
2025-10-22,sv8pt5-47,610402,Normal,0.08,0.01,0.1,4.99,0.03
2025-10-22,sv8pt5-47,610402,Reverse Holofoil,0.09,0.01,0.13,20.0,0.08
2025-10-22,sv8pt5-59,610414,Holofoil,0.25,0.01,0.3,100.0,
2025-10-22,sv8pt5-59,610414,Reverse Holofoil,0.38,0.1,0.4,25.0,
2025-10-22,sv8pt5-60,610415,Holofoil,3.6,2.96,4.99,40.0,3.8
2025-10-22,svp-085,518861,Normal,616.09,649.8,737.18,2500.0,799.9
2025-10-22,swsh11-186,284137,Holofoil,618.68,495.0,687.5,2000.0,723.69
2025-10-22,swsh12-186,451834,Holofoil,458.04,425.0,474.93,1100.0,430.5
2025-10-22,swsh12pt5gg-GG69,478100,Holofoil,224.52,211.68,248.49,600.0,248.49
2025-10-22,swsh35-25,223018,Normal,0.11,0.05,0.2,4.99,
2025-10-22,swsh35-25,223018,Reverse Holofoil,0.18,0.09,0.25,4.99,
2025-10-22,swsh35-74,223073,Holofoil,171.05,160.0,249.99,1500.0,249.97
2025-10-22,swsh45sv-SV107,232496,Holofoil,142.39,123.67,159.91,349.99,152.6
2025-10-22,swsh7-204,246693,Holofoil,31.78,29.0,37.12,150.0,29.35
2025-10-22,swsh7-205,246696,Holofoil,385.87,299.0,424.73,1857.0,423.97
2025-10-22,swsh7-208,246755,Holofoil,30.81,22.0,31.0,69.99,29.45
2025-10-22,swsh7-209,246756,Holofoil,295.2,269.0,358.84,1732.38,358.99
2025-10-22,swsh7-211,246702,Holofoil,44.34,40.0,49.5,99.99,53.19
2025-10-22,swsh7-212,246704,Holofoil,401.34,350.0,419.99,1000.0,448.99
2025-10-22,swsh7-215,246723,Holofoil,2259.16,1750.0,2279.2,3999.99,1750.0
2025-10-22,swsh7-218,246733,Holofoil,700.05,550.0,699.99,1499.99,899.69
2025-10-22,swsh7-41,246753,Holofoil,6.09,4.82,6.72,31.92,6.28
2025-10-22,swsh7-65,246690,Holofoil,10.69,8.7,12.54,500.0,12.59
2025-10-22,swsh7-75,246701,Holofoil,13.14,9.86,13.98,70.0,12.48
2025-10-22,swsh7-8,246691,Holofoil,6.82,4.99,7.0,100.0,6.82
2025-10-22,swsh8-271,253266,Holofoil,774.65,599.99,843.67,1799.99,724.99
2025-10-22,swsh9-154,263873,Holofoil,374.65,275.0,395.27,1500.0,319.95
2025-10-23,base1-15,42355,Holofoil,117.13,71.2,120.85,300.0,154.99
2025-10-23,base1-16,42356,Holofoil,36.59,19.4,35.97,72.94,
2025-10-23,base1-2,42360,Holofoil,159.91,93.0,126.52,499.99,
2025-10-23,base1-4,42382,Holofoil,460.45,323.18,466.0,1000.0,
2025-10-23,base1-58,42402,Normal,3.22,0.4,2.5,9999.0,
2025-10-23,cel25c-4,250320,Holofoil,128.13,105.87,136.72,499.99,105.87
2025-10-23,gym2-2,83861,1st Edition Holofoil,650.0,682.5,825.51,1199.99,
2025-10-23,gym2-2,83861,Unlimited Holofoil,524.03,347.99,504.9,588.51,497.89
2025-10-23,neo1-9,86903,1st Edition Holofoil,1799.99,1798.75,1798.78,1900.97,
2025-10-23,neo1-9,86903,Unlimited Holofoil,407.26,283.92,349.95,540.0,
2025-10-23,sl-151-bundle,502000,Normal,98.55,94.56,109.99,999.99,
2025-10-23,sl-151-etb,503313,Normal,407.12,405.0,499.97,4999.99,
2025-10-23,sl-151-upc,502005,Normal,598.18,592.99,750.0,40000.0,
2025-10-23,sl-ar-box,265519,Normal,411.14,407.94,500.0,9999.99,
2025-10-23,sl-bs-box,256141,Normal,491.22,475.0,672.49,9999.99,
2025-10-23,sl-cel-upc,245140,Normal,895.18,900.0,1000.0,154722.59,
2025-10-23,sl-champ-etb,218791,Normal,151.98,144.98,179.0,499.99,
2025-10-23,sl-cz-etb,453470,Normal,226.02,215.0,255.0,4999.99,
2025-10-23,sl-dr-box,624679,Normal,372.32,350.0,499.99,9999.0,
2025-10-23,sl-evs-box,242436,Normal,2589.86,2449.0,3180.0,12000.0,
2025-10-23,sl-evs-etb,243721,Normal,663.82,795.0,989.5,2999.99,
2025-10-23,sl-fs-box,247654,Normal,1000.52,968.39,1199.99,4999.99,
2025-10-23,sl-hf-etb,194729,Normal,416.1,386.0,474.98,9999.98,
2025-10-23,sl-jp-151,565243,Normal,187.82,175.0,199.99,399.99,
2025-10-23,sl-jp-terastal,603428,Normal,104.3,99.5,115.0,200.0,
2025-10-23,sl-jt-box,610931,Normal,263.09,252.98,270.0,499.0,
2025-10-23,sl-lo-box,277324,Normal,803.73,725.0,899.5,2500.0,
2025-10-23,sl-me1-box,644298,Normal,271.99,280.0,309.87,500.0,
2025-10-23,sl-obf-box,501257,Normal,330.59,320.0,355.94,1000.0,
2025-10-23,sl-pe-etb,593355,Normal,136.98,127.99,150.0,2000.0,
2025-10-23,sl-pe-spc,622770,Normal,311.89,299.0,340.5,1200.0,
2025-10-23,sl-pf-etb,528040,Normal,282.2,265.69,299.97,989.89,
2025-10-23,sl-phf-box,654137,Normal,321.76,314.0,322.78,394.94,
2025-10-23,sl-shf-etb,228821,Normal,102.17,95.0,114.99,499.99,
2025-10-23,sl-ss-box,565606,Normal,266.36,240.0,310.0,4999.99,
2025-10-23,sl-st-box,283389,Normal,481.88,460.0,598.0,9999.99,
2025-10-23,sl-tf-box,536225,Normal,268.29,264.69,300.0,750.0,
2025-10-23,sv2-185,497557,Normal,0.39,0.05,0.45,30.0,
2025-10-23,sv2-185,497557,Reverse Holofoil,0.63,0.25,0.75,6.99,
2025-10-23,sv2-254,497669,Holofoil,15.34,13.99,17.38,100.0,19.24
2025-10-23,sv2-269,497689,Holofoil,54.55,51.0,63.25,294.12,64.22
2025-10-23,sv3pt5-151,516566,Holofoil,7.32,4.99,7.99,42.96,8.71
2025-10-23,sv3pt5-199,517045,Holofoil,266.85,241.99,299.99,1621.08,399.99
2025-10-23,sv3pt5-205,517051,Holofoil,18.31,15.25,20.0,88.88,17.19
2025-10-23,sv3pt5-4,502555,Normal,0.13,0.01,0.15,5.0,
2025-10-23,sv3pt5-4,502555,Reverse Holofoil,0.42,0.03,0.3,3.99,
2025-10-23,sv3pt5-6,502558,Holofoil,4.72,3.0,5.0,39.97,4.99
2025-10-23,sv3pt5-7,502548,Normal,0.16,0.01,0.16,4.99,
2025-10-23,sv3pt5-7,502548,Reverse Holofoil,0.29,0.03,0.25,50.0,0.23
2025-10-23,sv4pt5-234,535090,Holofoil,301.61,274.0,308.24,599.99,399.99
2025-10-23,sv4pt5-54,534416,Holofoil,3.33,2.0,3.75,34.99,3.06
2025-10-23,sv8-57,590025,Holofoil,4.61,3.38,5.61,40.0,5.56
2025-10-23,sv8pt5-149,610504,Holofoil,200.96,200.0,229.99,1000.0,
2025-10-23,sv8pt5-155,610510,Holofoil,235.73,234.99,252.5,1000.0,
2025-10-23,sv8pt5-156,610511,Holofoil,359.61,296.81,410.0,1281.98,
2025-10-23,sv8pt5-161,610516,Holofoil,1175.95,1099.97,1300.0,5000.0,
2025-10-23,sv8pt5-167,610522,Holofoil,122.47,114.99,124.99,800.0,
2025-10-23,sv8pt5-179,610534,Holofoil,48.38,43.25,51.97,329.99,
2025-10-23,sv8pt5-28,610383,Holofoil,0.93,0.55,1.25,19.99,
2025-10-23,sv8pt5-47,610402,Normal,0.07,0.01,0.1,4.99,0.03
2025-10-23,sv8pt5-47,610402,Reverse Holofoil,0.08,0.01,0.13,20.0,0.08
2025-10-23,sv8pt5-59,610414,Holofoil,0.27,0.01,0.3,100.0,
2025-10-23,sv8pt5-59,610414,Reverse Holofoil,0.4,0.1,0.4,25.0,
2025-10-23,sv8pt5-60,610415,Holofoil,3.84,2.95,4.99,40.0,
2025-10-23,svp-085,518861,Normal,616.09,648.0,734.58,2500.0,799.9
2025-10-23,swsh11-186,284137,Holofoil,618.68,495.0,660.0,2000.0,598.89
2025-10-23,swsh12-186,451834,Holofoil,460.83,425.0,469.82,1100.0,428.74
2025-10-23,swsh12pt5gg-GG69,478100,Holofoil,223.78,209.99,240.0,600.0,224.92
2025-10-23,swsh35-25,223018,Normal,0.11,0.05,0.2,4.99,
2025-10-23,swsh35-25,223018,Reverse Holofoil,0.18,0.09,0.25,4.99,
2025-10-23,swsh35-74,223073,Holofoil,171.05,160.0,249.99,1500.0,249.96
2025-10-23,swsh45sv-SV107,232496,Holofoil,143.29,123.99,156.63,349.99,123.99
2025-10-23,swsh7-204,246693,Holofoil,31.78,29.0,35.99,150.0,29.35
2025-10-23,swsh7-205,246696,Holofoil,385.87,299.0,424.99,1857.0,423.96
2025-10-23,swsh7-208,246755,Holofoil,30.9,22.77,30.95,69.99,29.45
2025-10-23,swsh7-209,246756,Holofoil,297.03,269.0,358.84,1732.38,358.98
2025-10-23,swsh7-211,246702,Holofoil,44.26,40.0,49.5,99.99,48.89
2025-10-23,swsh7-212,246704,Holofoil,401.34,350.0,401.34,1000.0,448.99
2025-10-23,swsh7-215,246723,Holofoil,2285.4,1700.0,2276.36,3999.99,1750.0
2025-10-23,swsh7-218,246733,Holofoil,691.24,550.0,700.0,1499.99,898.69
2025-10-23,swsh7-41,246753,Holofoil,5.92,4.0,6.7,31.92,6.28
2025-10-23,swsh7-65,246690,Holofoil,10.52,8.7,12.31,500.0,12.59
2025-10-23,swsh7-75,246701,Holofoil,12.72,9.86,14.07,70.0,19.89
2025-10-23,swsh7-8,246691,Holofoil,6.78,4.99,7.17,100.0,6.37
2025-10-23,swsh8-271,253266,Holofoil,772.51,599.99,850.0,1799.99,724.99
2025-10-23,swsh9-154,263873,Holofoil,364.25,275.0,395.27,1500.0,319.93
2025-10-24,base1-15,42355,Holofoil,117.13,71.2,119.99,300.0,154.99
2025-10-24,base1-16,42356,Holofoil,36.43,19.4,36.28,72.94,
2025-10-24,base1-2,42360,Holofoil,159.91,94.0,129.99,499.99,
2025-10-24,base1-4,42382,Holofoil,460.45,328.25,466.0,1000.0,
2025-10-24,base1-58,42402,Normal,3.25,0.4,2.45,9999.0,
2025-10-24,cel25c-4,250320,Holofoil,128.31,105.87,140.11,499.99,105.87
2025-10-24,gym2-2,83861,1st Edition Holofoil,717.34,500.0,682.5,1199.99,
2025-10-24,gym2-2,83861,Unlimited Holofoil,524.03,315.74,499.99,588.51,315.74
2025-10-24,neo1-9,86903,1st Edition Holofoil,1799.99,1798.75,1798.78,1900.97,
2025-10-24,neo1-9,86903,Unlimited Holofoil,407.26,283.92,354.97,540.0,
2025-10-24,sl-151-bundle,502000,Normal,95.74,94.56,108.48,999.99,
2025-10-24,sl-151-etb,503313,Normal,407.12,375.0,499.99,4999.99,
2025-10-24,sl-151-upc,502005,Normal,598.37,592.99,750.0,40000.0,
2025-10-24,sl-ar-box,265519,Normal,411.14,400.0,499.99,9999.99,
2025-10-24,sl-bs-box,256141,Normal,491.18,475.0,675.0,9999.99,
2025-10-24,sl-cel-upc,245140,Normal,895.18,900.0,989.5,154722.59,
2025-10-24,sl-champ-etb,218791,Normal,152.37,144.98,179.95,499.99,
2025-10-24,sl-cz-etb,453470,Normal,226.53,215.0,252.5,4999.99,
2025-10-24,sl-dr-box,624679,Normal,372.34,385.99,500.0,9999.0,
2025-10-24,sl-evs-box,242436,Normal,2589.86,2449.0,3210.0,12000.0,
2025-10-24,sl-evs-etb,243721,Normal,663.82,795.0,989.5,2999.99,
2025-10-24,sl-fs-box,247654,Normal,1000.52,968.39,1199.97,4999.99,
2025-10-24,sl-hf-etb,194729,Normal,416.1,386.0,499.95,9999.98,
2025-10-24,sl-jp-151,565243,Normal,187.82,175.0,199.97,399.99,
2025-10-24,sl-jp-terastal,603428,Normal,104.67,99.5,115.0,200.0,
2025-10-24,sl-jt-box,610931,Normal,262.05,244.5,270.0,551.0,
2025-10-24,sl-lo-box,277324,Normal,803.73,725.0,899.5,2500.0,
2025-10-24,sl-me1-box,644298,Normal,267.01,250.0,307.16,500.0,
2025-10-24,sl-obf-box,501257,Normal,330.59,317.99,355.0,1000.0,
2025-10-24,sl-pe-etb,593355,Normal,137.41,127.99,150.0,2000.0,
2025-10-24,sl-pe-spc,622770,Normal,312.17,299.0,340.0,1200.0,
2025-10-24,sl-pf-etb,528040,Normal,282.2,265.69,299.94,989.89,
2025-10-24,sl-phf-box,654137,Normal,321.52,314.0,322.38,394.94,
2025-10-24,sl-shf-etb,228821,Normal,102.27,95.0,115.0,499.99,
2025-10-24,sl-ss-box,565606,Normal,255.91,250.0,309.99,4999.99,
2025-10-24,sl-st-box,283389,Normal,481.88,460.0,598.0,9999.99,
2025-10-24,sl-tf-box,536225,Normal,268.29,264.69,300.0,750.0,
2025-10-24,sv2-185,497557,Normal,0.38,0.05,0.44,30.0,
2025-10-24,sv2-185,497557,Reverse Holofoil,0.66,0.25,0.75,6.99,1.99
2025-10-24,sv2-254,497669,Holofoil,15.43,13.99,17.03,100.0,16.0
2025-10-24,sv2-269,497689,Holofoil,54.46,51.0,63.78,294.12,63.93
2025-10-24,sv3pt5-151,516566,Holofoil,7.1,4.99,8.0,42.96,7.86
2025-10-24,sv3pt5-199,517045,Holofoil,264.0,241.99,296.85,1621.08,399.99
2025-10-24,sv3pt5-205,517051,Holofoil,18.42,15.86,20.0,88.88,17.2
2025-10-24,sv3pt5-4,502555,Normal,0.16,0.01,0.15,5.0,
2025-10-24,sv3pt5-4,502555,Reverse Holofoil,0.41,0.03,0.3,3.99,
2025-10-24,sv3pt5-6,502558,Holofoil,4.49,2.8,4.99,39.97,4.0
2025-10-24,sv3pt5-7,502548,Normal,0.16,0.01,0.16,4.99,0.12
2025-10-24,sv3pt5-7,502548,Reverse Holofoil,0.25,0.03,0.25,50.0,0.23
2025-10-24,sv4pt5-234,535090,Holofoil,301.61,280.0,306.82,599.99,295.0
2025-10-24,sv4pt5-54,534416,Holofoil,3.38,2.0,3.77,34.99,3.24
2025-10-24,sv8-57,590025,Holofoil,4.59,1.0,5.59,40.0,5.0
2025-10-24,sv8pt5-149,610504,Holofoil,200.71,200.0,227.7,1000.0,
2025-10-24,sv8pt5-155,610510,Holofoil,235.73,234.99,250.0,1000.0,
2025-10-24,sv8pt5-156,610511,Holofoil,359.8,296.81,430.0,1161.98,
2025-10-24,sv8pt5-161,610516,Holofoil,1175.95,1150.0,1305.24,5000.0,
2025-10-24,sv8pt5-167,610522,Holofoil,121.87,117.98,140.12,800.0,
2025-10-24,sv8pt5-179,610534,Holofoil,47.94,43.0,51.73,329.99,
2025-10-24,sv8pt5-28,610383,Holofoil,0.88,0.5,1.25,19.99,
2025-10-24,sv8pt5-47,610402,Normal,0.07,0.01,0.1,4.99,0.03
2025-10-24,sv8pt5-47,610402,Reverse Holofoil,0.09,0.01,0.13,20.0,0.08
2025-10-24,sv8pt5-59,610414,Holofoil,0.23,0.01,0.29,100.0,0.23
2025-10-24,sv8pt5-59,610414,Reverse Holofoil,0.39,0.09,0.4,25.0,
2025-10-24,sv8pt5-60,610415,Holofoil,3.73,2.96,4.95,40.0,4.8
2025-10-24,svp-085,518861,Normal,616.09,648.0,731.98,2500.0,799.9
2025-10-24,swsh11-186,284137,Holofoil,618.68,495.0,667.5,2000.0,598.89
2025-10-24,swsh12-186,451834,Holofoil,461.25,425.0,469.85,1100.0,427.86
2025-10-24,swsh12pt5gg-GG69,478100,Holofoil,223.84,209.99,239.24,600.0,224.92
2025-10-24,swsh35-25,223018,Normal,0.1,0.03,0.19,4.99,
2025-10-24,swsh35-25,223018,Reverse Holofoil,0.18,0.09,0.25,4.99,
2025-10-24,swsh35-74,223073,Holofoil,166.99,160.0,249.99,1500.0,249.96
2025-10-24,swsh45sv-SV107,232496,Holofoil,135.22,122.67,158.22,349.99,123.99
2025-10-24,swsh7-204,246693,Holofoil,31.78,29.0,37.12,150.0,29.69
2025-10-24,swsh7-205,246696,Holofoil,385.87,299.0,424.73,1857.0,423.96
2025-10-24,swsh7-208,246755,Holofoil,30.9,22.77,30.9,69.99,26.12
2025-10-24,swsh7-209,246756,Holofoil,296.92,269.0,358.98,1732.38,358.97
2025-10-24,swsh7-211,246702,Holofoil,44.26,40.0,49.52,99.99,44.25
2025-10-24,swsh7-212,246704,Holofoil,401.34,350.0,400.0,1000.0,448.99
2025-10-24,swsh7-215,246723,Holofoil,2285.4,1550.0,2236.6,3999.99,1750.0
2025-10-24,swsh7-218,246733,Holofoil,691.24,550.0,698.45,1499.99,898.49
2025-10-24,swsh7-41,246753,Holofoil,5.66,4.0,6.67,31.92,6.18
2025-10-24,swsh7-65,246690,Holofoil,10.82,8.7,12.29,500.0,12.59
2025-10-24,swsh7-75,246701,Holofoil,11.9,9.86,13.99,70.0,12.0
2025-10-24,swsh7-8,246691,Holofoil,6.76,4.99,7.11,100.0,8.09
2025-10-24,swsh8-271,253266,Holofoil,750.67,599.99,825.33,1799.99,724.99
2025-10-24,swsh9-154,263873,Holofoil,360.47,275.0,395.54,1500.0,260.68
2025-10-25,base1-15,42355,Holofoil,117.13,71.2,114.0,300.0,128.84
2025-10-25,base1-16,42356,Holofoil,36.43,19.4,36.41,72.94,
2025-10-25,base1-2,42360,Holofoil,159.91,94.0,128.04,499.99,
2025-10-25,base1-4,42382,Holofoil,460.45,328.25,482.55,1000.0,
2025-10-25,base1-58,42402,Normal,3.26,0.4,2.07,9999.0,
2025-10-25,cel25c-4,250320,Holofoil,128.31,105.87,140.0,499.99,105.87
2025-10-25,gym2-2,83861,1st Edition Holofoil,717.34,500.0,682.5,1199.99,
2025-10-25,gym2-2,83861,Unlimited Holofoil,524.03,347.99,504.9,588.51,497.89
2025-10-25,neo1-9,86903,1st Edition Holofoil,1799.99,1798.75,1798.78,1900.97,
2025-10-25,neo1-9,86903,Unlimited Holofoil,407.26,283.92,354.97,540.0,
2025-10-25,sl-151-bundle,502000,Normal,92.98,89.01,107.98,999.99,
2025-10-25,sl-151-etb,503313,Normal,407.48,405.0,499.99,4999.99,
2025-10-25,sl-151-upc,502005,Normal,597.09,594.99,750.0,40000.0,
2025-10-25,sl-ar-box,265519,Normal,411.14,400.0,499.94,9999.99,
2025-10-25,sl-bs-box,256141,Normal,491.66,475.0,669.98,9999.99,
2025-10-25,sl-cel-upc,245140,Normal,894.98,900.0,989.5,154722.59,
2025-10-25,sl-champ-etb,218791,Normal,152.17,151.66,179.97,499.99,
2025-10-25,sl-cz-etb,453470,Normal,227.17,209.95,250.0,4999.99,
2025-10-25,sl-dr-box,624679,Normal,381.22,378.5,500.0,9999.0,
2025-10-25,sl-evs-box,242436,Normal,2589.46,2445.0,3240.0,12000.0,
2025-10-25,sl-evs-etb,243721,Normal,663.82,795.0,989.5,2999.99,
2025-10-25,sl-fs-box,247654,Normal,997.48,968.39,1199.97,4999.99,
2025-10-25,sl-hf-etb,194729,Normal,412.42,386.0,499.95,9999.98,
2025-10-25,sl-jp-151,565243,Normal,187.23,175.0,199.98,399.99,
2025-10-25,sl-jp-terastal,603428,Normal,104.47,99.5,115.0,200.0,
2025-10-25,sl-jt-box,610931,Normal,259.99,250.0,270.0,551.0,
2025-10-25,sl-lo-box,277324,Normal,800.93,725.0,899.0,2500.0,
2025-10-25,sl-me1-box,644298,Normal,263.15,258.25,310.0,500.0,
2025-10-25,sl-obf-box,501257,Normal,328.99,317.99,355.0,1000.0,
2025-10-25,sl-pe-etb,593355,Normal,137.15,133.0,150.0,2000.0,
2025-10-25,sl-pe-spc,622770,Normal,311.77,299.0,340.0,1200.0,
2025-10-25,sl-pf-etb,528040,Normal,281.77,265.69,299.94,989.89,
2025-10-25,sl-phf-box,654137,Normal,321.97,314.0,322.33,394.94,
2025-10-25,sl-shf-etb,228821,Normal,102.18,95.0,114.99,499.99,
2025-10-25,sl-ss-box,565606,Normal,251.27,250.0,305.0,4999.99,
2025-10-25,sl-st-box,283389,Normal,477.68,460.0,589.89,9999.99,
2025-10-25,sl-tf-box,536225,Normal,269.27,264.69,299.99,750.0,
2025-10-25,sv2-185,497557,Normal,0.33,0.05,0.41,30.0,
2025-10-25,sv2-185,497557,Reverse Holofoil,0.62,0.25,0.75,6.99,
2025-10-25,sv2-254,497669,Holofoil,15.38,13.7,17.0,100.0,15.84
2025-10-25,sv2-269,497689,Holofoil,54.82,51.0,62.69,294.12,
2025-10-25,sv3pt5-151,516566,Holofoil,7.02,4.99,7.99,42.96,7.49
2025-10-25,sv3pt5-199,517045,Holofoil,260.52,229.68,294.86,1621.08,399.99
2025-10-25,sv3pt5-205,517051,Holofoil,19.28,14.7,19.99,88.88,17.2
2025-10-25,sv3pt5-4,502555,Normal,0.16,0.01,0.16,5.0,
2025-10-25,sv3pt5-4,502555,Reverse Holofoil,0.42,0.03,0.3,3.99,
2025-10-25,sv3pt5-6,502558,Holofoil,4.46,3.49,4.99,39.97,4.72
2025-10-25,sv3pt5-7,502548,Normal,0.15,0.01,0.16,2.01,
2025-10-25,sv3pt5-7,502548,Reverse Holofoil,0.19,0.03,0.25,50.0,
2025-10-25,sv4pt5-234,535090,Holofoil,300.65,274.99,305.0,549.99,398.0
2025-10-25,sv4pt5-54,534416,Holofoil,3.31,2.0,3.75,34.99,3.24
2025-10-25,sv8-57,590025,Holofoil,3.96,1.0,5.58,40.0,3.96
2025-10-25,sv8pt5-149,610504,Holofoil,210.06,198.31,245.94,1000.0,
2025-10-25,sv8pt5-155,610510,Holofoil,234.55,229.99,252.5,1000.0,
2025-10-25,sv8pt5-156,610511,Holofoil,359.8,296.81,430.0,1161.98,
2025-10-25,sv8pt5-161,610516,Holofoil,1175.95,1119.97,1300.0,5000.0,
2025-10-25,sv8pt5-167,610522,Holofoil,122.01,118.21,139.53,800.0,
2025-10-25,sv8pt5-179,610534,Holofoil,51.14,43.15,52.01,329.99,
2025-10-25,sv8pt5-28,610383,Holofoil,0.77,0.49,1.25,19.99,
2025-10-25,sv8pt5-47,610402,Normal,0.07,0.01,0.1,2.0,0.03
2025-10-25,sv8pt5-47,610402,Reverse Holofoil,0.08,0.01,0.13,20.0,0.08
2025-10-25,sv8pt5-59,610414,Holofoil,0.26,0.01,0.29,100.0,
2025-10-25,sv8pt5-59,610414,Reverse Holofoil,0.38,0.1,0.4,25.0,
2025-10-25,sv8pt5-60,610415,Holofoil,3.63,2.9,4.93,40.0,
2025-10-25,svp-085,518861,Normal,616.09,648.0,731.98,2500.0,799.9
2025-10-25,swsh11-186,284137,Holofoil,616.63,549.99,674.99,2000.0,644.88
2025-10-25,swsh12-186,451834,Holofoil,461.25,424.33,469.78,1100.0,427.86
2025-10-25,swsh12pt5gg-GG69,478100,Holofoil,222.01,188.58,237.82,600.0,237.82
2025-10-25,swsh35-25,223018,Normal,0.1,0.03,0.19,1.6,
2025-10-25,swsh35-25,223018,Reverse Holofoil,0.18,0.09,0.25,2.0,
2025-10-25,swsh35-74,223073,Holofoil,167.89,160.0,249.99,1500.0,249.96
2025-10-25,swsh45sv-SV107,232496,Holofoil,134.07,122.67,154.8,349.95,123.99
2025-10-25,swsh7-204,246693,Holofoil,32.11,29.0,35.32,150.0,29.69
2025-10-25,swsh7-205,246696,Holofoil,385.91,299.0,424.46,1857.0,423.96
2025-10-25,swsh7-208,246755,Holofoil,30.9,26.12,30.9,48.95,26.12
2025-10-25,swsh7-209,246756,Holofoil,296.92,269.0,358.83,1732.38,296.92
2025-10-25,swsh7-211,246702,Holofoil,44.36,40.0,49.75,75.0,48.79
2025-10-25,swsh7-212,246704,Holofoil,401.34,350.0,400.0,1000.0,428.0
2025-10-25,swsh7-215,246723,Holofoil,2285.4,1550.0,2199.99,3199.97,1750.0
2025-10-25,swsh7-218,246733,Holofoil,690.31,550.0,699.99,950.0,898.49
2025-10-25,swsh7-41,246753,Holofoil,5.48,4.0,6.5,31.92,6.0
2025-10-25,swsh7-65,246690,Holofoil,10.82,8.7,12.03,500.0,10.0
2025-10-25,swsh7-75,246701,Holofoil,11.8,9.86,13.76,70.0,19.89
2025-10-25,swsh7-8,246691,Holofoil,6.71,4.99,7.11,100.0,7.78
2025-10-25,swsh8-271,253266,Holofoil,743.63,599.99,812.47,1499.95,724.99
2025-10-25,swsh9-154,263873,Holofoil,349.99,275.69,385.0,1500.0,260.68
2025-10-26,base1-15,42355,Holofoil,119.93,73.18,117.97,300.0,128.84
2025-10-26,base1-16,42356,Holofoil,36.5,19.4,36.23,72.94,
2025-10-26,base1-2,42360,Holofoil,159.39,94.0,128.04,231.2,
2025-10-26,base1-4,42382,Holofoil,460.45,323.25,465.09,1000.0,
2025-10-26,base1-58,42402,Normal,3.27,0.4,2.0,9999.0,
2025-10-26,cel25c-4,250320,Holofoil,128.84,105.87,140.0,499.99,105.87
2025-10-26,gym2-2,83861,1st Edition Holofoil,717.34,500.0,682.5,1199.99,
2025-10-26,gym2-2,83861,Unlimited Holofoil,524.03,347.99,504.98,588.51,497.89
2025-10-26,neo1-9,86903,1st Edition Holofoil,1799.99,1798.75,1798.78,1900.97,
2025-10-26,neo1-9,86903,Unlimited Holofoil,407.26,283.92,354.97,540.0,
2025-10-26,sl-151-bundle,502000,Normal,94.08,92.01,109.97,999.99,
2025-10-26,sl-151-etb,503313,Normal,410.4,405.0,499.99,4999.99,
2025-10-26,sl-151-upc,502005,Normal,597.09,598.18,750.0,40000.0,
2025-10-26,sl-ar-box,265519,Normal,411.14,400.0,499.99,9999.99,
2025-10-26,sl-bs-box,256141,Normal,491.66,475.0,650.0,9999.99,
2025-10-26,sl-cel-upc,245140,Normal,894.98,900.0,990.99,154722.59,
2025-10-26,sl-champ-etb,218791,Normal,152.57,151.66,180.0,499.99,
2025-10-26,sl-cz-etb,453470,Normal,227.29,209.0,250.0,4999.99,
2025-10-26,sl-dr-box,624679,Normal,389.57,378.5,500.0,9999.0,
2025-10-26,sl-evs-box,242436,Normal,2589.46,2405.0,3090.0,12000.0,
2025-10-26,sl-evs-etb,243721,Normal,663.82,795.0,989.5,2999.99,
2025-10-26,sl-fs-box,247654,Normal,997.48,968.39,1199.95,4999.99,
2025-10-26,sl-hf-etb,194729,Normal,412.42,386.0,499.96,9999.98,
2025-10-26,sl-jp-151,565243,Normal,186.28,175.0,199.99,399.99,
2025-10-26,sl-jp-terastal,603428,Normal,104.75,99.5,115.0,200.0,
2025-10-26,sl-jt-box,610931,Normal,256.95,249.99,274.99,551.0,
2025-10-26,sl-lo-box,277324,Normal,798.13,725.0,898.99,2500.0,
2025-10-26,sl-me1-box,644298,Normal,261.39,267.01,319.46,500.0,
2025-10-26,sl-obf-box,501257,Normal,328.75,317.99,355.0,1000.0,
2025-10-26,sl-pe-etb,593355,Normal,137.11,133.0,150.0,2000.0,
2025-10-26,sl-pe-spc,622770,Normal,309.31,299.0,340.0,1200.0,
2025-10-26,sl-pf-etb,528040,Normal,281.77,264.21,299.97,989.89,
2025-10-26,sl-phf-box,654137,Normal,322.16,314.0,322.2,394.94,
2025-10-26,sl-shf-etb,228821,Normal,102.18,94.49,110.0,499.99,
2025-10-26,sl-ss-box,565606,Normal,241.07,248.0,302.99,4999.99,
2025-10-26,sl-st-box,283389,Normal,480.68,460.0,593.95,9999.99,
2025-10-26,sl-tf-box,536225,Normal,269.27,264.69,299.99,750.0,
2025-10-26,sv2-185,497557,Normal,0.31,0.24,0.41,30.0,
2025-10-26,sv2-185,497557,Reverse Holofoil,0.6,0.25,0.75,6.99,
2025-10-26,sv2-254,497669,Holofoil,15.38,13.7,17.0,100.0,16.3
2025-10-26,sv2-269,497689,Holofoil,55.11,51.08,64.53,294.12,
2025-10-26,sv3pt5-151,516566,Holofoil,7.22,4.99,7.99,42.96,7.21
2025-10-26,sv3pt5-199,517045,Holofoil,255.71,241.99,290.25,999.0,379.99
2025-10-26,sv3pt5-205,517051,Holofoil,19.02,14.7,20.0,88.88,17.2
2025-10-26,sv3pt5-4,502555,Normal,0.15,0.01,0.16,5.0,
2025-10-26,sv3pt5-4,502555,Reverse Holofoil,0.41,0.03,0.3,3.99,
2025-10-26,sv3pt5-6,502558,Holofoil,4.34,3.0,4.99,39.97,4.72
2025-10-26,sv3pt5-7,502548,Normal,0.15,0.01,0.16,2.01,
2025-10-26,sv3pt5-7,502548,Reverse Holofoil,0.16,0.03,0.25,50.0,
2025-10-26,sv4pt5-234,535090,Holofoil,301.61,274.0,305.0,549.99,284.99
2025-10-26,sv4pt5-54,534416,Holofoil,3.42,2.0,3.75,34.99,3.24
2025-10-26,sv8-57,590025,Holofoil,3.92,1.0,5.5,40.0,5.42
2025-10-26,sv8pt5-149,610504,Holofoil,211.7,198.31,240.0,1000.0,
2025-10-26,sv8pt5-155,610510,Holofoil,233.01,229.99,252.5,1000.0,
2025-10-26,sv8pt5-156,610511,Holofoil,356.52,329.99,449.99,1000.0,
2025-10-26,sv8pt5-161,610516,Holofoil,1171.04,1121.77,1222.2,5000.0,
2025-10-26,sv8pt5-167,610522,Holofoil,123.6,118.21,144.99,800.0,
2025-10-26,sv8pt5-179,610534,Holofoil,51.7,43.69,52.41,329.99,
2025-10-26,sv8pt5-28,610383,Holofoil,0.92,0.5,1.25,19.99,
2025-10-26,sv8pt5-47,610402,Normal,0.06,0.01,0.1,2.0,0.03
2025-10-26,sv8pt5-47,610402,Reverse Holofoil,0.08,0.01,0.12,20.0,0.08
2025-10-26,sv8pt5-59,610414,Holofoil,0.21,0.01,0.28,100.0,
2025-10-26,sv8pt5-59,610414,Reverse Holofoil,0.36,0.09,0.39,25.0,
2025-10-26,sv8pt5-60,610415,Holofoil,3.47,2.79,4.92,40.0,
2025-10-26,svp-085,518861,Normal,616.09,648.0,731.98,2500.0,799.9
2025-10-26,swsh11-186,284137,Holofoil,613.82,549.99,700.0,2000.0,644.88
2025-10-26,swsh12-186,451834,Holofoil,464.21,424.33,469.82,1100.0,427.86
2025-10-26,swsh12pt5gg-GG69,478100,Holofoil,221.12,177.03,237.82,600.0,237.82
2025-10-26,swsh35-25,223018,Normal,0.1,0.05,0.19,1.49,
2025-10-26,swsh35-25,223018,Reverse Holofoil,0.18,0.09,0.25,2.0,
2025-10-26,swsh35-74,223073,Holofoil,168.29,160.0,249.99,1500.0,249.96
2025-10-26,swsh45sv-SV107,232496,Holofoil,134.65,122.67,152.53,349.95,123.99
2025-10-26,swsh7-204,246693,Holofoil,32.11,29.0,35.32,150.0,29.35
2025-10-26,swsh7-205,246696,Holofoil,385.91,299.0,424.22,1857.0,423.95
2025-10-26,swsh7-208,246755,Holofoil,30.9,26.49,30.9,48.95,29.45
2025-10-26,swsh7-209,246756,Holofoil,296.92,269.0,358.82,1732.38,296.92
2025-10-26,swsh7-211,246702,Holofoil,44.84,40.0,49.62,75.0,48.79
2025-10-26,swsh7-212,246704,Holofoil,401.34,350.0,400.67,1000.0,428.0
2025-10-26,swsh7-215,246723,Holofoil,2285.4,1550.0,2250.0,3199.97,1750.0
2025-10-26,swsh7-218,246733,Holofoil,690.31,550.0,699.99,950.0,898.49
2025-10-26,swsh7-41,246753,Holofoil,5.45,4.0,6.57,31.92,6.0
2025-10-26,swsh7-65,246690,Holofoil,10.64,8.7,12.04,500.0,13.89
2025-10-26,swsh7-75,246701,Holofoil,12.25,9.86,13.99,70.0,19.95
2025-10-26,swsh7-8,246691,Holofoil,6.6,4.99,7.18,100.0,7.23
2025-10-26,swsh8-271,253266,Holofoil,743.63,599.99,810.71,1499.95,724.99
2025-10-26,swsh9-154,263873,Holofoil,349.99,219.87,372.5,1500.0,260.68
2025-10-27,base1-15,42355,Holofoil,119.93,73.23,120.85,300.0,128.84
2025-10-27,base1-16,42356,Holofoil,36.41,19.4,35.99,72.94,
2025-10-27,base1-2,42360,Holofoil,159.66,92.0,126.52,231.4,
2025-10-27,base1-4,42382,Holofoil,460.45,323.25,482.55,1000.0,
2025-10-27,base1-58,42402,Normal,3.31,0.4,2.0,9999.0,
2025-10-27,cel25c-4,250320,Holofoil,129.18,104.65,140.0,499.99,105.87
2025-10-27,gym2-2,83861,1st Edition Holofoil,717.34,500.0,753.21,1199.99,
2025-10-27,gym2-2,83861,Unlimited Holofoil,524.03,347.99,503.68,588.51,497.89
2025-10-27,neo1-9,86903,1st Edition Holofoil,1799.99,1798.75,1798.78,1900.97,
2025-10-27,neo1-9,86903,Unlimited Holofoil,407.26,283.92,359.99,540.0,
2025-10-27,sl-151-bundle,502000,Normal,96.03,91.0,107.0,999.99,
2025-10-27,sl-151-etb,503313,Normal,410.76,405.0,499.99,4999.99,
2025-10-27,sl-151-upc,502005,Normal,596.29,590.0,750.0,40000.0,
2025-10-27,sl-ar-box,265519,Normal,411.14,400.0,494.44,9999.99,
2025-10-27,sl-bs-box,256141,Normal,491.06,476.97,649.99,9999.99,
2025-10-27,sl-cel-upc,245140,Normal,894.98,899.99,982.97,154722.59,
2025-10-27,sl-champ-etb,218791,Normal,152.97,151.66,180.0,499.99,
2025-10-27,sl-cz-etb,453470,Normal,223.96,205.0,249.99,4999.99,
2025-10-27,sl-dr-box,624679,Normal,382.14,375.0,500.0,9999.0,
2025-10-27,sl-evs-box,242436,Normal,2589.46,2405.0,3180.0,12000.0,
2025-10-27,sl-evs-etb,243721,Normal,663.82,795.0,999.0,2999.99,
2025-10-27,sl-fs-box,247654,Normal,996.31,968.39,1199.95,4999.99,
2025-10-27,sl-hf-etb,194729,Normal,411.9,406.99,499.99,9999.98,
2025-10-27,sl-jp-151,565243,Normal,186.32,165.0,199.99,399.99,
2025-10-27,sl-jp-terastal,603428,Normal,105.03,99.5,115.0,200.0,
2025-10-27,sl-jt-box,610931,Normal,257.04,252.98,274.99,551.0,
2025-10-27,sl-lo-box,277324,Normal,798.13,720.0,898.99,2500.0,
2025-10-27,sl-me1-box,644298,Normal,268.2,275.0,309.93,500.0,
2025-10-27,sl-obf-box,501257,Normal,328.75,308.0,360.0,1000.0,
2025-10-27,sl-pe-etb,593355,Normal,137.51,129.0,150.0,2000.0,
2025-10-27,sl-pe-spc,622770,Normal,306.75,299.0,339.44,1200.0,
2025-10-27,sl-pf-etb,528040,Normal,281.79,264.21,298.72,989.89,
2025-10-27,sl-phf-box,654137,Normal,320.43,314.0,319.64,394.94,
2025-10-27,sl-shf-etb,228821,Normal,102.38,94.49,112.5,499.99,
2025-10-27,sl-ss-box,565606,Normal,231.31,231.3,300.0,4999.99,
2025-10-27,sl-st-box,283389,Normal,478.08,460.0,598.0,9999.99,
2025-10-27,sl-tf-box,536225,Normal,270.16,264.69,300.0,750.0,
2025-10-27,sv2-185,497557,Normal,0.31,0.2,0.4,30.0,
2025-10-27,sv2-185,497557,Reverse Holofoil,0.58,0.23,0.74,6.99,
2025-10-27,sv2-254,497669,Holofoil,15.77,13.0,17.22,100.0,18.0
2025-10-27,sv2-269,497689,Holofoil,54.99,51.08,64.07,294.12,
2025-10-27,sv3pt5-151,516566,Holofoil,6.46,4.99,7.95,42.96,6.8
2025-10-27,sv3pt5-199,517045,Holofoil,255.45,240.0,286.87,999.0,221.94
2025-10-27,sv3pt5-205,517051,Holofoil,18.86,14.0,19.99,88.88,17.2
2025-10-27,sv3pt5-4,502555,Normal,0.14,0.01,0.16,5.0,
2025-10-27,sv3pt5-4,502555,Reverse Holofoil,0.23,0.03,0.27,3.99,
2025-10-27,sv3pt5-6,502558,Holofoil,4.53,2.71,4.99,39.97,4.99
2025-10-27,sv3pt5-7,502548,Normal,0.14,0.01,0.16,2.01,
2025-10-27,sv3pt5-7,502548,Reverse Holofoil,0.17,0.03,0.25,50.0,
2025-10-27,sv4pt5-234,535090,Holofoil,298.29,271.99,304.91,549.99,378.0
2025-10-27,sv4pt5-54,534416,Holofoil,3.2,2.0,3.75,34.99,
2025-10-27,sv8-57,590025,Holofoil,4.04,2.99,5.49,40.0,4.49
2025-10-27,sv8pt5-149,610504,Holofoil,211.9,198.31,229.99,1000.0,
2025-10-27,sv8pt5-155,610510,Holofoil,232.25,229.99,256.46,1000.0,
2025-10-27,sv8pt5-156,610511,Holofoil,359.7,329.99,464.53,1000.0,
2025-10-27,sv8pt5-161,610516,Holofoil,1169.35,1037.73,1252.36,5000.0,
2025-10-27,sv8pt5-167,610522,Holofoil,123.6,114.99,127.84,800.0,
2025-10-27,sv8pt5-179,610534,Holofoil,51.53,43.69,52.41,329.99,
2025-10-27,sv8pt5-28,610383,Holofoil,0.95,0.5,1.23,19.99,
2025-10-27,sv8pt5-47,610402,Normal,0.05,0.01,0.1,2.0,0.03
2025-10-27,sv8pt5-47,610402,Reverse Holofoil,0.09,0.01,0.13,20.0,0.07
2025-10-27,sv8pt5-59,610414,Holofoil,0.24,0.01,0.28,100.0,
2025-10-27,sv8pt5-59,610414,Reverse Holofoil,0.34,0.09,0.39,25.0,
2025-10-27,sv8pt5-60,610415,Holofoil,3.7,2.59,4.85,40.0,
2025-10-27,svp-085,518861,Normal,622.45,645.0,722.24,2500.0,799.9
2025-10-27,swsh11-186,284137,Holofoil,613.82,549.99,687.5,2000.0,644.88
2025-10-27,swsh12-186,451834,Holofoil,466.99,424.33,469.34,1100.0,426.87
2025-10-27,swsh12pt5gg-GG69,478100,Holofoil,221.68,177.03,235.2,600.0,224.99
2025-10-27,swsh35-25,223018,Normal,0.1,0.05,0.19,1.49,
2025-10-27,swsh35-25,223018,Reverse Holofoil,0.18,0.09,0.25,2.0,
2025-10-27,swsh35-74,223073,Holofoil,168.29,160.0,249.97,1500.0,249.96
2025-10-27,swsh45sv-SV107,232496,Holofoil,134.65,122.67,151.22,349.95,123.99
2025-10-27,swsh7-204,246693,Holofoil,32.13,29.0,35.4,150.0,29.35
2025-10-27,swsh7-205,246696,Holofoil,384.74,299.0,424.5,1857.0,423.94
2025-10-27,swsh7-208,246755,Holofoil,30.99,26.49,30.45,48.95,28.99
2025-10-27,swsh7-209,246756,Holofoil,298.22,269.0,349.99,1732.38,296.92
2025-10-27,swsh7-211,246702,Holofoil,44.84,40.0,49.0,75.0,48.79
2025-10-27,swsh7-212,246704,Holofoil,401.34,350.0,401.34,1473.89,427.99
2025-10-27,swsh7-215,246723,Holofoil,2285.4,1550.0,2199.99,3199.97,1750.0
2025-10-27,swsh7-218,246733,Holofoil,690.31,550.0,700.0,950.0,898.48
2025-10-27,swsh7-41,246753,Holofoil,5.48,4.0,6.57,31.92,7.33
2025-10-27,swsh7-65,246690,Holofoil,10.73,8.7,12.0,500.0,13.89
2025-10-27,swsh7-75,246701,Holofoil,12.23,9.86,13.99,70.0,16.27
2025-10-27,swsh7-8,246691,Holofoil,6.86,4.99,7.03,100.0,7.17
2025-10-27,swsh8-271,253266,Holofoil,743.63,599.99,816.19,1499.95,724.99
2025-10-27,swsh9-154,263873,Holofoil,349.99,219.69,367.49,1500.0,260.68
2025-10-28,base1-15,42355,Holofoil,119.93,73.9,123.36,300.0,125.93
2025-10-28,base1-16,42356,Holofoil,36.41,19.4,35.97,72.94,
2025-10-28,base1-2,42360,Holofoil,160.13,92.0,124.3,499.99,
2025-10-28,base1-4,42382,Holofoil,460.45,323.25,476.4,1000.0,
2025-10-28,base1-58,42402,Normal,3.31,0.4,2.0,9999.0,
2025-10-28,cel25c-4,250320,Holofoil,131.6,95.83,140.11,499.99,105.87
2025-10-28,gym2-2,83861,1st Edition Holofoil,717.34,500.0,753.21,1199.99,
2025-10-28,gym2-2,83861,Unlimited Holofoil,524.03,347.99,501.84,588.51,497.89
2025-10-28,neo1-9,86903,1st Edition Holofoil,1799.99,1798.75,1798.78,1900.97,
2025-10-28,neo1-9,86903,Unlimited Holofoil,407.26,279.78,359.99,540.0,
2025-10-28,sl-151-bundle,502000,Normal,96.56,82.5,109.95,999.99,
2025-10-28,sl-151-etb,503313,Normal,410.76,405.0,499.99,4999.99,
2025-10-28,sl-151-upc,502005,Normal,580.09,590.0,750.0,40000.0,
2025-10-28,sl-ar-box,265519,Normal,411.14,400.0,485.69,9999.99,
2025-10-28,sl-bs-box,256141,Normal,491.06,476.97,638.98,9999.99,
2025-10-28,sl-cel-upc,245140,Normal,898.18,894.99,979.99,154722.59,
2025-10-28,sl-champ-etb,218791,Normal,152.98,151.66,179.95,499.99,
2025-10-28,sl-cz-etb,453470,Normal,223.35,207.9,249.99,4999.99,
2025-10-28,sl-dr-box,624679,Normal,374.45,377.36,500.0,9999.0,
2025-10-28,sl-evs-box,242436,Normal,2585.66,2300.0,3090.0,12000.0,
2025-10-28,sl-evs-etb,243721,Normal,663.82,795.0,989.5,2999.99,
2025-10-28,sl-fs-box,247654,Normal,993.35,968.39,1199.95,4999.99,
2025-10-28,sl-hf-etb,194729,Normal,411.9,386.0,499.96,9999.98,
2025-10-28,sl-jp-151,565243,Normal,186.24,165.0,199.99,399.99,
2025-10-28,sl-jp-terastal,603428,Normal,105.43,99.5,115.0,200.0,
2025-10-28,sl-jt-box,610931,Normal,256.86,252.98,274.99,551.0,
2025-10-28,sl-lo-box,277324,Normal,798.13,720.0,899.0,2500.0,
2025-10-28,sl-me1-box,644298,Normal,275.88,270.95,309.89,500.0,
2025-10-28,sl-obf-box,501257,Normal,328.75,298.95,350.0,1000.0,
2025-10-28,sl-pe-etb,593355,Normal,134.21,130.0,150.0,2000.0,
2025-10-28,sl-pe-spc,622770,Normal,306.84,299.0,339.44,1200.0,
2025-10-28,sl-pf-etb,528040,Normal,281.29,264.01,290.0,989.89,
2025-10-28,sl-phf-box,654137,Normal,315.45,307.0,317.9,394.94,
2025-10-28,sl-shf-etb,228821,Normal,101.98,94.49,112.5,499.99,
2025-10-28,sl-ss-box,565606,Normal,235.81,248.0,304.0,4999.99,
2025-10-28,sl-st-box,283389,Normal,478.08,459.99,593.95,9999.99,
2025-10-28,sl-tf-box,536225,Normal,270.16,264.69,299.99,750.0,
2025-10-28,sv2-185,497557,Normal,0.28,0.05,0.4,30.0,
2025-10-28,sv2-185,497557,Reverse Holofoil,0.53,0.25,0.73,6.99,
2025-10-28,sv2-254,497669,Holofoil,15.83,13.69,17.01,100.0,13.69
2025-10-28,sv2-269,497689,Holofoil,54.91,50.0,62.28,294.12,
2025-10-28,sv3pt5-151,516566,Holofoil,7.44,4.99,7.98,42.96,8.42
2025-10-28,sv3pt5-199,517045,Holofoil,255.74,241.99,283.45,999.0,221.94
2025-10-28,sv3pt5-205,517051,Holofoil,18.62,15.0,19.99,95.58,17.2
2025-10-28,sv3pt5-4,502555,Normal,0.17,0.01,0.16,5.0,0.12
2025-10-28,sv3pt5-4,502555,Reverse Holofoil,0.22,0.03,0.27,3.99,
2025-10-28,sv3pt5-6,502558,Holofoil,4.52,2.71,4.99,39.97,4.33
2025-10-28,sv3pt5-7,502548,Normal,0.23,0.01,0.16,2.01,
2025-10-28,sv3pt5-7,502548,Reverse Holofoil,0.2,0.02,0.25,50.0,
2025-10-28,sv4pt5-234,535090,Holofoil,293.58,268.19,301.61,549.99,282.88
2025-10-28,sv4pt5-54,534416,Holofoil,3.06,2.0,3.68,34.99,3.24
2025-10-28,sv8-57,590025,Holofoil,4.33,2.99,5.43,40.0,3.01
2025-10-28,sv8pt5-149,610504,Holofoil,212.0,196.89,229.91,1000.0,
2025-10-28,sv8pt5-155,610510,Holofoil,232.25,229.88,252.5,1000.0,
2025-10-28,sv8pt5-156,610511,Holofoil,362.66,329.99,461.18,1000.0,
2025-10-28,sv8pt5-161,610516,Holofoil,1182.27,861.49,1222.2,5000.0,
2025-10-28,sv8pt5-167,610522,Holofoil,123.6,114.99,123.6,800.0,
2025-10-28,sv8pt5-179,610534,Holofoil,51.45,42.99,52.7,329.99,
2025-10-28,sv8pt5-28,610383,Holofoil,0.98,0.5,1.2,19.99,
2025-10-28,sv8pt5-47,610402,Normal,0.05,0.01,0.1,2.0,0.03
2025-10-28,sv8pt5-47,610402,Reverse Holofoil,0.08,0.01,0.13,20.0,0.08
2025-10-28,sv8pt5-59,610414,Holofoil,0.23,0.01,0.28,100.0,
2025-10-28,sv8pt5-59,610414,Reverse Holofoil,0.33,0.09,0.38,25.0,0.32
2025-10-28,sv8pt5-60,610415,Holofoil,4.03,3.0,4.99,40.0,3.8
2025-10-28,svp-085,518861,Normal,622.45,599.99,706.25,2500.0,799.9
2025-10-28,swsh11-186,284137,Holofoil,615.7,549.99,680.75,2000.0,
2025-10-28,swsh12-186,451834,Holofoil,465.81,400.0,468.99,1100.0,426.87
2025-10-28,swsh12pt5gg-GG69,478100,Holofoil,217.8,165.0,232.77,600.0,224.99
2025-10-28,swsh35-25,223018,Normal,0.1,0.05,0.19,1.82,
2025-10-28,swsh35-25,223018,Reverse Holofoil,0.24,0.09,0.25,2.0,
2025-10-28,swsh35-74,223073,Holofoil,168.47,199.0,249.99,1500.0,249.95
2025-10-28,swsh45sv-SV107,232496,Holofoil,134.88,122.67,153.18,349.95,123.99
2025-10-28,swsh7-204,246693,Holofoil,32.1,29.52,35.99,150.0,29.52
2025-10-28,swsh7-205,246696,Holofoil,384.74,299.0,423.98,1857.0,369.69
2025-10-28,swsh7-208,246755,Holofoil,30.99,26.49,30.0,48.95,28.98
2025-10-28,swsh7-209,246756,Holofoil,298.22,269.0,308.99,1732.38,296.92
2025-10-28,swsh7-211,246702,Holofoil,44.84,40.0,49.0,75.0,47.08
2025-10-28,swsh7-212,246704,Holofoil,401.34,350.0,400.67,1000.0,427.99
2025-10-28,swsh7-215,246723,Holofoil,2240.56,1550.0,2200.0,3199.97,1750.0
2025-10-28,swsh7-218,246733,Holofoil,690.4,550.0,700.0,950.0,779.99
2025-10-28,swsh7-41,246753,Holofoil,5.44,4.0,6.49,31.92,5.92
2025-10-28,swsh7-65,246690,Holofoil,10.8,8.0,12.0,500.0,13.61
2025-10-28,swsh7-75,246701,Holofoil,12.54,9.86,13.99,70.0,11.91
2025-10-28,swsh7-8,246691,Holofoil,6.69,4.99,7.03,100.0,6.78
2025-10-28,swsh8-271,253266,Holofoil,765.35,599.99,817.61,1499.95,724.95
2025-10-28,swsh9-154,263873,Holofoil,349.99,219.69,352.99,1500.0,260.68
2025-10-29,base1-15,42355,Holofoil,116.97,73.67,123.36,300.0,
2025-10-29,base1-16,42356,Holofoil,36.41,19.4,35.99,72.94,22.72
2025-10-29,base1-2,42360,Holofoil,161.08,92.0,124.3,499.99,
2025-10-29,base1-4,42382,Holofoil,460.45,350.59,488.34,1000.0,
2025-10-29,base1-58,42402,Normal,3.46,0.4,2.0,9999.0,1.48
2025-10-29,cel25c-4,250320,Holofoil,132.05,104.65,141.1,499.99,105.87
2025-10-29,gym2-2,83861,1st Edition Holofoil,717.34,500.0,753.21,1199.99,
2025-10-29,gym2-2,83861,Unlimited Holofoil,524.03,347.99,501.84,588.51,497.89
2025-10-29,neo1-9,86903,1st Edition Holofoil,1799.99,1798.75,1798.78,1900.97,
2025-10-29,neo1-9,86903,Unlimited Holofoil,407.26,290.5,379.5,540.0,
2025-10-29,sl-151-bundle,502000,Normal,97.2,91.0,109.95,999.99,
2025-10-29,sl-151-etb,503313,Normal,406.15,300.0,499.99,1000.0,
2025-10-29,sl-151-upc,502005,Normal,579.03,590.0,750.0,40000.0,
2025-10-29,sl-ar-box,265519,Normal,411.14,400.0,489.0,9999.99,
2025-10-29,sl-bs-box,256141,Normal,491.06,476.97,627.99,9999.99,
2025-10-29,sl-cel-upc,245140,Normal,902.18,745.0,979.99,154722.59,
2025-10-29,sl-champ-etb,218791,Normal,153.04,147.93,180.0,499.99,
2025-10-29,sl-cz-etb,453470,Normal,223.11,199.0,250.0,4999.99,
2025-10-29,sl-dr-box,624679,Normal,382.4,377.36,500.0,9999.0,
2025-10-29,sl-evs-box,242436,Normal,2585.66,2300.0,3210.0,12000.0,
2025-10-29,sl-evs-etb,243721,Normal,663.82,795.0,999.5,2999.99,
2025-10-29,sl-fs-box,247654,Normal,993.35,968.39,1199.95,4999.99,
2025-10-29,sl-hf-etb,194729,Normal,411.9,386.0,499.96,9999.98,
2025-10-29,sl-jp-151,565243,Normal,186.19,165.0,199.99,399.99,
2025-10-29,sl-jp-terastal,603428,Normal,105.8,99.5,115.0,200.0,
2025-10-29,sl-jt-box,610931,Normal,258.71,252.98,274.99,600.0,
2025-10-29,sl-lo-box,277324,Normal,798.13,690.0,898.99,2500.0,
2025-10-29,sl-me1-box,644298,Normal,270.92,240.0,306.68,7777.0,
2025-10-29,sl-obf-box,501257,Normal,325.11,249.0,350.0,1000.0,
2025-10-29,sl-pe-etb,593355,Normal,133.44,131.48,150.0,2000.0,
2025-10-29,sl-pe-spc,622770,Normal,306.92,299.0,335.0,1200.0,
2025-10-29,sl-pf-etb,528040,Normal,281.29,259.96,289.99,989.89,
2025-10-29,sl-phf-box,654137,Normal,314.87,307.0,315.21,394.94,
2025-10-29,sl-shf-etb,228821,Normal,101.58,95.0,115.0,499.99,
2025-10-29,sl-ss-box,565606,Normal,240.4,238.95,302.99,4999.99,
2025-10-29,sl-st-box,283389,Normal,478.08,440.0,585.0,9999.99,
2025-10-29,sl-tf-box,536225,Normal,270.53,264.69,300.0,750.0,
2025-10-29,sv2-185,497557,Normal,0.29,0.05,0.4,30.0,
2025-10-29,sv2-185,497557,Reverse Holofoil,0.5,0.25,0.71,6.99,
2025-10-29,sv2-254,497669,Holofoil,15.69,12.28,17.0,100.0,15.76
2025-10-29,sv2-269,497689,Holofoil,54.91,49.36,60.38,294.12,65.13
2025-10-29,sv3pt5-151,516566,Holofoil,8.1,4.99,8.0,42.96,11.82
2025-10-29,sv3pt5-199,517045,Holofoil,252.57,212.38,280.35,999.0,255.64
2025-10-29,sv3pt5-205,517051,Holofoil,17.27,14.0,19.95,95.58,17.2
2025-10-29,sv3pt5-4,502555,Normal,0.16,0.01,0.17,5.0,0.12
2025-10-29,sv3pt5-4,502555,Reverse Holofoil,0.24,0.03,0.27,3.99,
2025-10-29,sv3pt5-6,502558,Holofoil,4.77,3.0,4.99,39.97,5.57
2025-10-29,sv3pt5-7,502548,Normal,0.23,0.01,0.2,2.01,
2025-10-29,sv3pt5-7,502548,Reverse Holofoil,0.23,0.01,0.25,50.0,
2025-10-29,sv4pt5-234,535090,Holofoil,290.78,229.56,301.61,549.99,378.0
2025-10-29,sv4pt5-54,534416,Holofoil,3.2,1.75,3.64,34.99,2.9
2025-10-29,sv8-57,590025,Holofoil,3.81,2.75,5.41,40.0,4.0
2025-10-29,sv8pt5-149,610504,Holofoil,212.0,196.65,222.6,1000.0,
2025-10-29,sv8pt5-155,610510,Holofoil,232.25,227.88,250.0,1000.0,
2025-10-29,sv8pt5-156,610511,Holofoil,362.66,329.99,455.69,1000.0,
2025-10-29,sv8pt5-161,610516,Holofoil,1182.27,995.0,1231.1,5000.0,
2025-10-29,sv8pt5-167,610522,Holofoil,123.0,114.0,124.48,800.0,
2025-10-29,sv8pt5-179,610534,Holofoil,51.29,42.99,51.97,329.99,
2025-10-29,sv8pt5-28,610383,Holofoil,0.9,0.5,1.2,19.99,0.93
2025-10-29,sv8pt5-47,610402,Normal,0.05,0.01,0.1,2.0,0.03
2025-10-29,sv8pt5-47,610402,Reverse Holofoil,0.08,0.01,0.12,20.0,0.07
2025-10-29,sv8pt5-59,610414,Holofoil,0.21,0.01,0.27,100.0,0.1
2025-10-29,sv8pt5-59,610414,Reverse Holofoil,0.32,0.09,0.38,25.0,
2025-10-29,sv8pt5-60,610415,Holofoil,3.98,3.0,4.99,40.0,4.55
2025-10-29,svp-085,518861,Normal,622.45,387.0,700.0,2500.0,799.9
2025-10-29,swsh11-186,284137,Holofoil,615.7,549.99,660.0,2000.0,
2025-10-29,swsh12-186,451834,Holofoil,465.15,400.0,468.98,1100.0,415.94
2025-10-29,swsh12pt5gg-GG69,478100,Holofoil,217.84,177.03,232.78,600.0,224.99
2025-10-29,swsh35-25,223018,Normal,0.1,0.05,0.19,1.82,
2025-10-29,swsh35-25,223018,Reverse Holofoil,0.24,0.09,0.25,2.0,
2025-10-29,swsh35-74,223073,Holofoil,168.47,170.0,249.97,1500.0,249.95
2025-10-29,swsh45sv-SV107,232496,Holofoil,134.88,122.67,154.17,349.95,123.99
2025-10-29,swsh7-204,246693,Holofoil,32.24,29.83,37.47,150.0,34.38
2025-10-29,swsh7-205,246696,Holofoil,385.93,299.0,423.94,1857.0,369.69
2025-10-29,swsh7-208,246755,Holofoil,30.63,26.49,30.4,48.95,28.98
2025-10-29,swsh7-209,246756,Holofoil,298.22,269.0,310.0,1732.38,296.92
2025-10-29,swsh7-211,246702,Holofoil,44.84,40.0,48.48,75.0,47.08
2025-10-29,swsh7-212,246704,Holofoil,401.34,350.0,400.67,1000.0,427.99
2025-10-29,swsh7-215,246723,Holofoil,2240.56,1550.0,2200.0,3199.97,1750.0
2025-10-29,swsh7-218,246733,Holofoil,690.4,550.0,707.5,950.0,779.95
2025-10-29,swsh7-41,246753,Holofoil,5.56,4.0,6.39,31.92,5.46
2025-10-29,swsh7-65,246690,Holofoil,10.84,7.99,12.0,500.0,10.36
2025-10-29,swsh7-75,246701,Holofoil,12.67,9.0,13.96,70.0,13.58
2025-10-29,swsh7-8,246691,Holofoil,6.43,4.99,7.0,100.0,6.54
2025-10-29,swsh8-271,253266,Holofoil,765.35,599.99,802.61,1499.95,724.95
2025-10-29,swsh9-154,263873,Holofoil,349.99,210.0,354.99,1500.0,260.68
2025-10-30,base1-15,42355,Holofoil,116.97,77.41,121.71,300.0,
2025-10-30,base1-16,42356,Holofoil,36.35,22.03,36.59,72.94,
2025-10-30,base1-2,42360,Holofoil,162.35,91.11,125.0,499.99,
2025-10-30,base1-4,42382,Holofoil,460.45,315.32,488.34,1000.0,
2025-10-30,base1-58,42402,Normal,3.54,0.4,2.0,9999.0,1.14
2025-10-30,cel25c-4,250320,Holofoil,132.42,104.65,140.24,499.99,105.85
2025-10-30,gym2-2,83861,1st Edition Holofoil,717.34,500.0,753.21,1199.99,
2025-10-30,gym2-2,83861,Unlimited Holofoil,524.03,347.99,503.68,588.51,497.89
2025-10-30,neo1-9,86903,1st Edition Holofoil,1799.99,1798.75,1798.78,1900.97,
2025-10-30,neo1-9,86903,Unlimited Holofoil,407.26,290.5,359.99,540.0,
2025-10-30,sl-151-bundle,502000,Normal,94.87,87.99,105.99,999.99,
2025-10-30,sl-151-etb,503313,Normal,410.15,384.9,499.99,1000.0,
2025-10-30,sl-151-upc,502005,Normal,582.73,590.0,750.0,40000.0,
2025-10-30,sl-ar-box,265519,Normal,411.14,400.0,489.0,9999.99,
2025-10-30,sl-bs-box,256141,Normal,491.14,476.97,649.99,9999.99,
2025-10-30,sl-cel-upc,245140,Normal,902.18,880.0,981.48,154722.59,
2025-10-30,sl-champ-etb,218791,Normal,153.04,153.04,179.97,499.99,
2025-10-30,sl-cz-etb,453470,Normal,223.11,212.9,249.99,4999.99,
2025-10-30,sl-dr-box,624679,Normal,384.06,375.0,499.99,9999.0,
2025-10-30,sl-evs-box,242436,Normal,2585.66,2300.0,3210.0,12000.0,
2025-10-30,sl-evs-etb,243721,Normal,663.82,795.0,999.0,2999.99,
2025-10-30,sl-fs-box,247654,Normal,993.35,968.39,1199.97,4999.99,
2025-10-30,sl-hf-etb,194729,Normal,409.34,386.0,499.96,9999.98,
2025-10-30,sl-jp-151,565243,Normal,186.19,165.0,199.98,399.99,
2025-10-30,sl-jp-terastal,603428,Normal,105.52,99.5,115.0,189.99,
2025-10-30,sl-jt-box,610931,Normal,258.53,252.97,272.5,551.0,
2025-10-30,sl-lo-box,277324,Normal,795.33,720.0,898.99,2500.0,
2025-10-30,sl-me1-box,644298,Normal,262.75,255.0,300.0,500.0,
2025-10-30,sl-obf-box,501257,Normal,322.23,249.0,350.0,1000.0,
2025-10-30,sl-pe-etb,593355,Normal,131.41,132.0,150.0,2000.0,
2025-10-30,sl-pe-spc,622770,Normal,306.16,299.0,330.0,1200.0,
2025-10-30,sl-pf-etb,528040,Normal,279.36,257.01,289.99,989.89,
2025-10-30,sl-phf-box,654137,Normal,306.49,305.0,310.22,394.94,
2025-10-30,sl-shf-etb,228821,Normal,101.22,95.0,115.0,499.99,
2025-10-30,sl-ss-box,565606,Normal,246.03,250.0,309.99,4999.99,
2025-10-30,sl-st-box,283389,Normal,478.08,459.0,587.45,9999.99,
2025-10-30,sl-tf-box,536225,Normal,270.53,264.69,299.99,750.0,
2025-10-30,sv2-185,497557,Normal,0.28,0.25,0.4,30.0,
2025-10-30,sv2-185,497557,Reverse Holofoil,0.62,0.25,0.71,6.99,0.53
2025-10-30,sv2-254,497669,Holofoil,14.78,13.5,17.01,100.0,16.99
2025-10-30,sv2-269,497689,Holofoil,54.19,48.0,60.0,294.12,65.13
2025-10-30,sv3pt5-151,516566,Holofoil,6.33,4.99,7.99,42.96,10.31
2025-10-30,sv3pt5-199,517045,Holofoil,250.18,228.68,275.0,999.0,
2025-10-30,sv3pt5-205,517051,Holofoil,17.11,14.0,19.39,95.58,22.51
2025-10-30,sv3pt5-4,502555,Normal,0.16,0.01,0.17,5.0,0.12
2025-10-30,sv3pt5-4,502555,Reverse Holofoil,0.23,0.03,0.27,3.99,
2025-10-30,sv3pt5-6,502558,Holofoil,4.45,3.21,4.99,39.97,4.99
2025-10-30,sv3pt5-7,502548,Normal,0.21,0.01,0.2,2.01,0.15
2025-10-30,sv3pt5-7,502548,Reverse Holofoil,0.2,0.01,0.25,50.0,0.21
2025-10-30,sv4pt5-234,535090,Holofoil,289.3,229.56,300.23,549.99,378.0
2025-10-30,sv4pt5-54,534416,Holofoil,3.38,2.0,3.6,34.99,3.24
2025-10-30,sv8-57,590025,Holofoil,4.24,2.75,5.49,40.0,5.3
2025-10-30,sv8pt5-149,610504,Holofoil,212.0,196.52,215.28,800.0,
2025-10-30,sv8pt5-155,610510,Holofoil,232.25,209.88,252.5,499.99,
2025-10-30,sv8pt5-156,610511,Holofoil,362.66,300.0,449.99,999.99,
2025-10-30,sv8pt5-161,610516,Holofoil,1211.01,1037.73,1231.1,5000.0,
2025-10-30,sv8pt5-167,610522,Holofoil,123.0,113.0,123.6,300.0,
2025-10-30,sv8pt5-179,610534,Holofoil,50.1,42.99,51.61,329.99,
2025-10-30,sv8pt5-28,610383,Holofoil,0.96,0.5,1.21,19.99,0.93
2025-10-30,sv8pt5-47,610402,Normal,0.05,0.01,0.1,2.0,0.03
2025-10-30,sv8pt5-47,610402,Reverse Holofoil,0.08,0.01,0.12,20.0,0.05
2025-10-30,sv8pt5-59,610414,Holofoil,0.22,0.01,0.26,100.0,0.21
2025-10-30,sv8pt5-59,610414,Reverse Holofoil,0.33,0.09,0.37,25.0,0.26
2025-10-30,sv8pt5-60,610415,Holofoil,4.03,3.0,4.99,40.0,4.55
2025-10-30,svp-085,518861,Normal,638.85,608.95,699.99,2500.0,634.99
2025-10-30,swsh11-186,284137,Holofoil,615.7,549.99,644.51,2000.0,
2025-10-30,swsh12-186,451834,Holofoil,465.15,400.0,465.15,1100.0,415.94
2025-10-30,swsh12pt5gg-GG69,478100,Holofoil,217.84,177.03,232.77,600.0,224.99
2025-10-30,swsh35-25,223018,Normal,0.1,0.05,0.19,1.82,
2025-10-30,swsh35-25,223018,Reverse Holofoil,0.24,0.09,0.25,2.0,
2025-10-30,swsh35-74,223073,Holofoil,168.47,168.29,249.95,1500.0,249.95
2025-10-30,swsh45sv-SV107,232496,Holofoil,134.88,122.67,151.51,349.95,123.99
2025-10-30,swsh7-204,246693,Holofoil,32.22,29.69,35.99,150.0,29.69
2025-10-30,swsh7-205,246696,Holofoil,385.93,299.0,419.11,1857.0,369.69
2025-10-30,swsh7-208,246755,Holofoil,30.26,26.0,30.2,48.95,28.98
2025-10-30,swsh7-209,246756,Holofoil,298.22,269.0,325.0,1732.38,296.92
2025-10-30,swsh7-211,246702,Holofoil,44.94,40.0,49.99,75.0,47.08
2025-10-30,swsh7-212,246704,Holofoil,406.26,300.0,400.0,1000.0,427.95
2025-10-30,swsh7-215,246723,Holofoil,2240.56,1550.0,2200.0,3199.97,1750.0
2025-10-30,swsh7-218,246733,Holofoil,688.0,550.0,706.01,950.0,712.02
2025-10-30,swsh7-41,246753,Holofoil,5.71,4.0,6.26,31.92,7.49
2025-10-30,swsh7-65,246690,Holofoil,10.99,7.99,12.0,500.0,10.36
2025-10-30,swsh7-75,246701,Holofoil,12.88,9.86,13.99,70.0,19.95
2025-10-30,swsh7-8,246691,Holofoil,6.44,4.99,7.01,100.0,7.16
2025-10-30,swsh8-271,253266,Holofoil,765.35,599.99,802.61,1499.95,724.95
2025-10-30,swsh9-154,263873,Holofoil,349.99,219.69,354.99,1500.0,252.86
2025-10-31,base1-15,42355,Holofoil,116.97,80.0,122.27,300.0,
2025-10-31,base1-16,42356,Holofoil,36.35,18.98,36.59,72.94,
2025-10-31,base1-2,42360,Holofoil,162.35,91.11,125.0,499.99,
2025-10-31,base1-4,42382,Holofoil,460.45,315.32,505.78,1000.0,
2025-10-31,base1-58,42402,Normal,3.55,0.4,2.04,9999.0,0.75
2025-10-31,cel25c-4,250320,Holofoil,131.3,104.65,140.24,499.99,105.86
2025-10-31,gym2-2,83861,1st Edition Holofoil,717.34,500.0,753.21,1199.99,
2025-10-31,gym2-2,83861,Unlimited Holofoil,524.03,347.99,502.49,588.51,497.89
2025-10-31,neo1-9,86903,1st Edition Holofoil,1799.99,1798.75,1798.78,1900.97,
2025-10-31,neo1-9,86903,Unlimited Holofoil,407.26,265.0,355.04,540.0,
2025-10-31,sl-151-bundle,502000,Normal,96.41,86.83,109.95,999.99,
2025-10-31,sl-151-etb,503313,Normal,411.11,384.9,499.99,1000.0,
2025-10-31,sl-151-upc,502005,Normal,582.93,590.0,750.0,40000.0,
2025-10-31,sl-ar-box,265519,Normal,411.14,400.0,494.44,9999.99,
2025-10-31,sl-bs-box,256141,Normal,491.14,476.97,627.99,9999.99,
2025-10-31,sl-cel-upc,245140,Normal,902.18,875.99,979.99,154722.59,
2025-10-31,sl-champ-etb,218791,Normal,153.17,147.93,179.97,499.99,
2025-10-31,sl-cz-etb,453470,Normal,223.11,198.5,242.5,4999.99,
2025-10-31,sl-dr-box,624679,Normal,381.42,378.0,499.49,9999.0,
2025-10-31,sl-evs-box,242436,Normal,2579.66,2300.0,3180.0,12000.0,
2025-10-31,sl-evs-etb,243721,Normal,673.62,790.0,999.0,2999.99,
2025-10-31,sl-fs-box,247654,Normal,993.35,968.39,1199.97,4999.99,
2025-10-31,sl-hf-etb,194729,Normal,407.66,386.0,499.96,9999.98,
2025-10-31,sl-jp-151,565243,Normal,184.23,175.0,199.99,399.99,
2025-10-31,sl-jp-terastal,603428,Normal,106.03,99.5,115.0,189.99,
2025-10-31,sl-jt-box,610931,Normal,257.85,250.97,269.99,551.0,
2025-10-31,sl-lo-box,277324,Normal,792.53,720.0,892.99,2500.0,
2025-10-31,sl-me1-box,644298,Normal,258.0,249.99,300.0,500.0,
2025-10-31,sl-obf-box,501257,Normal,315.98,290.0,350.0,1000.0,
2025-10-31,sl-pe-etb,593355,Normal,133.26,130.92,150.0,2000.0,
2025-10-31,sl-pe-spc,622770,Normal,305.11,290.0,324.99,1200.0,
2025-10-31,sl-pf-etb,528040,Normal,277.56,257.01,289.99,989.89,
2025-10-31,sl-phf-box,654137,Normal,310.04,301.99,312.0,394.94,
2025-10-31,sl-shf-etb,228821,Normal,101.46,95.0,115.0,499.99,
2025-10-31,sl-ss-box,565606,Normal,241.5,245.0,309.99,4999.99,
2025-10-31,sl-st-box,283389,Normal,478.08,420.0,570.0,9999.99,
2025-10-31,sl-tf-box,536225,Normal,270.89,264.69,299.99,750.0,
2025-10-31,sv2-185,497557,Normal,0.3,0.25,0.39,30.0,
2025-10-31,sv2-185,497557,Reverse Holofoil,0.64,0.25,0.73,6.99,0.63
2025-10-31,sv2-254,497669,Holofoil,15.11,13.47,17.0,100.0,16.99
2025-10-31,sv2-269,497689,Holofoil,52.93,46.48,60.0,294.12,65.13
2025-10-31,sv3pt5-151,516566,Holofoil,6.92,4.97,7.78,42.96,6.33
2025-10-31,sv3pt5-199,517045,Holofoil,248.51,230.0,283.09,999.0,
2025-10-31,sv3pt5-205,517051,Holofoil,15.54,14.0,19.3,95.58,21.22
2025-10-31,sv3pt5-4,502555,Normal,0.16,0.01,0.17,5.0,0.15
2025-10-31,sv3pt5-4,502555,Reverse Holofoil,0.19,0.03,0.26,3.99,
2025-10-31,sv3pt5-6,502558,Holofoil,4.37,2.99,4.97,39.97,4.99
2025-10-31,sv3pt5-7,502548,Normal,0.14,0.01,0.2,2.01,
2025-10-31,sv3pt5-7,502548,Reverse Holofoil,0.24,0.01,0.25,50.0,0.2
2025-10-31,sv4pt5-234,535090,Holofoil,282.94,229.55,300.93,549.99,378.0
2025-10-31,sv4pt5-54,534416,Holofoil,3.26,2.0,3.6,34.99,3.24
2025-10-31,sv8-57,590025,Holofoil,3.84,3.0,5.46,40.0,3.65
2025-10-31,sv8pt5-149,610504,Holofoil,213.34,196.52,214.25,800.0,
2025-10-31,sv8pt5-155,610510,Holofoil,232.25,205.85,250.0,499.99,
2025-10-31,sv8pt5-156,610511,Holofoil,346.48,300.0,449.99,999.99,
2025-10-31,sv8pt5-161,610516,Holofoil,1211.01,1000.0,1222.2,5000.0,
2025-10-31,sv8pt5-167,610522,Holofoil,122.84,114.01,123.6,300.0,
2025-10-31,sv8pt5-179,610534,Holofoil,49.93,42.0,51.29,329.99,
2025-10-31,sv8pt5-28,610383,Holofoil,1.05,0.49,1.23,19.99,
2025-10-31,sv8pt5-47,610402,Normal,0.05,0.01,0.1,2.0,0.03
2025-10-31,sv8pt5-47,610402,Reverse Holofoil,0.08,0.01,0.12,20.0,0.06
2025-10-31,sv8pt5-59,610414,Holofoil,0.21,0.01,0.26,100.0,0.21
2025-10-31,sv8pt5-59,610414,Reverse Holofoil,0.3,0.09,0.37,25.0,0.26
2025-10-31,sv8pt5-60,610415,Holofoil,4.14,3.0,4.99,40.0,4.52
2025-10-31,svp-085,518861,Normal,629.05,604.85,699.99,2500.0,634.99
2025-10-31,swsh11-186,284137,Holofoil,612.21,549.99,672.75,2000.0,
2025-10-31,swsh12-186,451834,Holofoil,444.98,403.49,467.88,1100.0,300.0
2025-10-31,swsh12pt5gg-GG69,478100,Holofoil,216.62,177.03,227.12,600.0,224.99
2025-10-31,swsh35-25,223018,Normal,0.1,0.05,0.19,1.49,
2025-10-31,swsh35-25,223018,Reverse Holofoil,0.24,0.09,0.25,2.0,
2025-10-31,swsh35-74,223073,Holofoil,169.11,170.0,249.95,1500.0,249.95
2025-10-31,swsh45sv-SV107,232496,Holofoil,138.17,122.67,152.6,349.95,123.99
2025-10-31,swsh7-204,246693,Holofoil,32.22,28.3,35.98,150.0,29.69
2025-10-31,swsh7-205,246696,Holofoil,386.71,299.0,415.0,1857.0,369.69
2025-10-31,swsh7-208,246755,Holofoil,30.34,26.0,30.34,48.95,28.0
2025-10-31,swsh7-209,246756,Holofoil,298.22,269.0,310.0,1732.38,296.92
2025-10-31,swsh7-211,246702,Holofoil,44.68,40.0,49.99,75.0,48.98
2025-10-31,swsh7-212,246704,Holofoil,412.84,300.0,401.34,1000.0,426.13
2025-10-31,swsh7-215,246723,Holofoil,2240.56,1550.0,2200.0,3199.97,1750.0
2025-10-31,swsh7-218,246733,Holofoil,688.0,550.0,700.0,950.0,712.02
2025-10-31,swsh7-41,246753,Holofoil,5.64,4.04,6.49,31.92,6.0
2025-10-31,swsh7-65,246690,Holofoil,10.99,7.99,12.0,500.0,10.0
2025-10-31,swsh7-75,246701,Holofoil,12.88,9.86,13.99,70.0,12.88
2025-10-31,swsh7-8,246691,Holofoil,6.37,5.0,7.01,100.0,6.82
2025-10-31,swsh8-271,253266,Holofoil,765.35,649.99,839.99,1499.95,724.95
2025-10-31,swsh9-154,263873,Holofoil,349.99,219.69,352.99,1500.0,245.27
