date,asset_id,product_id,subtype,market,low,mid,high,direct_low
2025-01-01,base1-15,42355,Holofoil,122.15,79.99,128.26,300.0,
2025-01-01,base1-16,42356,Holofoil,38.11,21.84,32.9,64.99,
2025-01-01,base1-2,42360,Holofoil,158.69,89.35,130.0,249.99,
2025-01-01,base1-4,42382,Holofoil,435.11,272.13,384.99,1249.99,
2025-01-01,base1-58,42402,Normal,2.65,0.32,2.0,89.0,0.5
2025-01-01,cel25c-4,250320,Holofoil,97.6,82.5,104.88,249.0,119.49
2025-01-01,gym2-2,83861,1st Edition Holofoil,989.43,519.99,519.99,519.99,
2025-01-01,gym2-2,83861,Unlimited Holofoil,293.73,308.42,356.12,499.99,
2025-01-01,neo1-9,86903,1st Edition Holofoil,780.96,793.65,2950.0,2953.99,
2025-01-01,neo1-9,86903,Unlimited Holofoil,349.06,295.0,329.71,1000.0,
2025-01-01,sl-151-bundle,502000,Normal,61.63,54.99,63.74,194.94,
2025-01-01,sl-151-etb,503313,Normal,142.55,139.98,150.0,1999.99,
2025-01-01,sl-151-upc,502005,Normal,249.56,243.85,275.0,624.94,
2025-01-01,sl-ar-box,265519,Normal,191.85,198.43,242.94,1999.99,
2025-01-01,sl-base-box,185731,Normal,,17000.0,17000.0,17000.0,
2025-01-01,sl-bs-box,256141,Normal,223.63,230.0,280.0,599.99,
2025-01-01,sl-cel-upc,245140,Normal,391.02,384.9,459.98,1000.0,
2025-01-01,sl-champ-etb,218791,Normal,104.93,99.99,120.0,399.99,
2025-01-01,sl-cz-etb,453470,Normal,72.13,60.0,79.95,999.99,
2025-01-01,sl-evs-box,242436,Normal,979.06,999.99,1499.99,9999.99,
2025-01-01,sl-evs-etb,243721,Normal,396.78,399.95,499.99,989.99,
2025-01-01,sl-fs-box,247654,Normal,404.39,449.95,500.0,1299.99,
2025-01-01,sl-hf-etb,194729,Normal,214.93,215.01,250.0,499.99,
2025-01-01,sl-lo-box,277324,Normal,297.15,299.99,349.98,1299.99,
2025-01-01,sl-neo-box,193334,Normal,,39999.99,39999.99,39999.99,
2025-01-01,sl-obf-box,501257,Normal,139.75,130.0,169.97,999.99,
2025-01-01,sl-pe-etb,593355,Normal,128.07,127.99,128.98,159.99,
2025-01-01,sl-pf-etb,528040,Normal,73.0,64.95,80.0,149.99,
2025-01-01,sl-shf-etb,228821,Normal,56.81,47.99,60.0,300.0,
2025-01-01,sl-ss-box,565606,Normal,229.7,224.98,250.0,600.0,
2025-01-01,sl-st-box,283389,Normal,197.78,199.99,230.0,1199.99,
2025-01-01,sl-tf-box,536225,Normal,136.77,129.99,155.5,300.0,
2025-01-01,sv2-185,497557,Normal,0.23,0.01,0.27,11.5,
2025-01-01,sv2-185,497557,Reverse Holofoil,1.12,0.1,0.98,10.0,2.24
2025-01-01,sv2-254,497669,Holofoil,14.4,11.99,15.0,100.0,17.98
2025-01-01,sv2-269,497689,Holofoil,56.55,51.0,70.04,259.99,
2025-01-01,sv3pt5-151,516566,Holofoil,7.97,4.94,7.92,24.99,9.48
2025-01-01,sv3pt5-199,517045,Holofoil,205.65,191.61,226.06,1000.0,
2025-01-01,sv3pt5-205,517051,Holofoil,12.96,9.72,12.78,29.99,21.68
2025-01-01,sv3pt5-4,502555,Normal,0.12,0.01,0.15,25.0,
2025-01-01,sv3pt5-4,502555,Reverse Holofoil,0.25,0.09,0.26,25.0,
2025-01-01,sv3pt5-6,502558,Holofoil,5.66,3.89,5.63,26.0,7.06
2025-01-01,sv3pt5-7,502548,Normal,0.12,0.02,0.15,4.99,
2025-01-01,sv3pt5-7,502548,Reverse Holofoil,0.2,0.08,0.25,15.0,
2025-01-01,sv4pt5-234,535090,Holofoil,160.72,154.75,170.0,300.0,
2025-01-01,sv4pt5-54,534416,Holofoil,2.18,1.05,2.5,35.0,
2025-01-01,sv8-57,590025,Holofoil,7.48,6.16,8.25,24.99,
2025-01-01,svp-085,518861,Normal,245.78,239.99,300.0,399.98,339.99
2025-01-01,swsh11-186,284137,Holofoil,532.73,434.5,569.59,665.5,568.0
2025-01-01,swsh12-186,451834,Holofoil,231.49,224.99,274.5,499.99,274.0
2025-01-01,swsh12pt5gg-GG69,478100,Holofoil,192.53,175.5,204.95,299.99,
2025-01-01,swsh35-25,223018,Normal,0.08,0.02,0.15,1.49,
2025-01-01,swsh35-25,223018,Reverse Holofoil,0.23,0.09,0.25,2.0,
2025-01-01,swsh35-74,223073,Holofoil,175.51,175.0,224.97,500.0,199.69
2025-01-01,swsh45sv-SV107,232496,Holofoil,103.64,86.99,128.81,400.0,124.99
2025-01-01,swsh7-204,246693,Holofoil,28.04,24.4,34.99,94.5,30.59
2025-01-01,swsh7-205,246696,Holofoil,320.3,270.0,380.31,539.69,329.99
2025-01-01,swsh7-208,246755,Holofoil,23.87,18.0,24.99,49.69,31.94
2025-01-01,swsh7-209,246756,Holofoil,263.29,230.41,309.75,424.99,313.98
2025-01-01,swsh7-211,246702,Holofoil,39.78,33.22,44.0,99.99,46.98
2025-01-01,swsh7-212,246704,Holofoil,255.59,207.0,297.69,449.95,297.69
2025-01-01,swsh7-215,246723,Holofoil,1398.66,1435.56,1664.35,3000.0,1495.95
2025-01-01,swsh7-218,246733,Holofoil,528.63,310.0,625.0,850.0,562.49
2025-01-01,swsh7-41,246753,Holofoil,2.95,1.43,3.69,89.0,6.99
2025-01-01,swsh7-65,246690,Holofoil,8.52,4.85,8.92,500.0,16.23
2025-01-01,swsh7-75,246701,Holofoil,7.34,2.99,7.25,20.0,11.95
2025-01-01,swsh7-8,246691,Holofoil,4.3,2.31,4.39,24.99,4.12
2025-01-01,swsh8-271,253266,Holofoil,519.04,473.99,671.15,729.99,693.49
2025-01-01,swsh9-154,263873,Holofoil,190.47,169.98,212.95,1500.0,209.98
2025-01-02,base1-15,42355,Holofoil,122.15,79.99,128.26,300.0,
2025-01-02,base1-16,42356,Holofoil,38.43,22.0,33.17,64.99,
2025-01-02,base1-2,42360,Holofoil,160.73,88.93,130.0,249.99,
2025-01-02,base1-4,42382,Holofoil,435.11,272.13,360.84,1249.99,
2025-01-02,base1-58,42402,Normal,2.33,0.32,2.0,89.0,0.89
2025-01-02,cel25c-4,250320,Holofoil,97.34,82.5,104.98,249.0,119.49
2025-01-02,gym2-2,83861,Unlimited Holofoil,293.73,308.42,356.12,499.99,
2025-01-02,neo1-9,86903,1st Edition Holofoil,780.96,793.65,2950.0,2953.99,
2025-01-02,neo1-9,86903,Unlimited Holofoil,349.06,317.92,356.21,1000.0,
2025-01-02,sl-151-bundle,502000,Normal,56.66,54.99,63.79,194.94,
2025-01-02,sl-151-etb,503313,Normal,144.19,135.99,150.5,4999.99,
2025-01-02,sl-151-upc,502005,Normal,248.17,244.75,287.19,624.94,
2025-01-02,sl-ar-box,265519,Normal,193.76,199.98,247.03,1999.99,
2025-01-02,sl-base-box,185731,Normal,,17000.0,17000.0,17000.0,
2025-01-02,sl-bs-box,256141,Normal,228.44,239.99,280.0,599.99,
2025-01-02,sl-cel-upc,245140,Normal,390.94,384.9,457.97,1000.0,
2025-01-02,sl-champ-etb,218791,Normal,106.14,99.99,119.97,399.99,
2025-01-02,sl-cz-etb,453470,Normal,71.97,67.0,79.97,999.99,
2025-01-02,sl-evs-box,242436,Normal,979.06,1149.99,1500.0,9999.99,
2025-01-02,sl-evs-etb,243721,Normal,401.02,490.0,799.95,989.99,
2025-01-02,sl-fs-box,247654,Normal,421.54,459.95,505.0,1299.99,
2025-01-02,sl-hf-etb,194729,Normal,215.98,209.99,249.99,499.99,
2025-01-02,sl-lo-box,277324,Normal,303.21,306.0,395.98,1299.99,
2025-01-02,sl-neo-box,193334,Normal,,39999.99,39999.99,39999.99,
2025-01-02,sl-obf-box,501257,Normal,140.7,145.0,175.99,999.99,
2025-01-02,sl-pe-etb,593355,Normal,128.0,127.96,128.19,159.99,
2025-01-02,sl-pf-etb,528040,Normal,74.83,59.99,79.99,149.99,
2025-01-02,sl-shf-etb,228821,Normal,55.72,47.99,60.0,300.0,
2025-01-02,sl-ss-box,565606,Normal,243.23,235.0,263.99,600.0,
2025-01-02,sl-st-box,283389,Normal,198.58,199.99,247.99,1199.99,
2025-01-02,sl-tf-box,536225,Normal,140.52,139.99,160.0,300.0,
2025-01-02,sv2-185,497557,Normal,0.22,0.01,0.26,11.5,0.25
2025-01-02,sv2-185,497557,Reverse Holofoil,0.91,0.1,0.91,10.0,0.49
2025-01-02,sv2-254,497669,Holofoil,14.29,11.99,15.0,100.0,14.52
2025-01-02,sv2-269,497689,Holofoil,56.9,50.84,70.73,259.99,70.0
2025-01-02,sv3pt5-151,516566,Holofoil,7.47,4.07,7.99,24.99,12.83
2025-01-02,sv3pt5-199,517045,Holofoil,206.42,184.0,228.0,1000.0,
2025-01-02,sv3pt5-205,517051,Holofoil,13.44,9.72,13.28,29.99,16.86
2025-01-02,sv3pt5-4,502555,Normal,0.12,0.01,0.15,25.0,
2025-01-02,sv3pt5-4,502555,Reverse Holofoil,0.25,0.08,0.26,25.0,0.24
2025-01-02,sv3pt5-6,502558,Holofoil,5.78,3.89,5.63,26.0,5.59
2025-01-02,sv3pt5-7,502548,Normal,0.12,0.02,0.15,5.0,0.09
2025-01-02,sv3pt5-7,502548,Reverse Holofoil,0.19,0.08,0.25,15.0,
2025-01-02,sv4pt5-234,535090,Holofoil,160.49,154.75,170.0,300.0,
2025-01-02,sv4pt5-54,534416,Holofoil,1.86,1.3,2.52,35.0,2.12
2025-01-02,sv8-57,590025,Holofoil,7.17,6.0,8.5,24.99,8.56
2025-01-02,svp-085,518861,Normal,247.62,239.99,300.0,399.99,339.98
2025-01-02,swsh11-186,284137,Holofoil,532.73,434.5,585.34,667.92,568.0
2025-01-02,swsh12-186,451834,Holofoil,229.45,225.01,274.75,499.99,274.0
2025-01-02,swsh12pt5gg-GG69,478100,Holofoil,188.79,190.0,224.84,299.99,
2025-01-02,swsh35-25,223018,Normal,0.08,0.02,0.15,1.49,
2025-01-02,swsh35-25,223018,Reverse Holofoil,0.23,0.09,0.25,2.0,
2025-01-02,swsh35-74,223073,Holofoil,176.17,175.0,224.97,1500.0,199.69
2025-01-02,swsh45sv-SV107,232496,Holofoil,105.32,86.99,128.56,400.0,128.98
2025-01-02,swsh7-204,246693,Holofoil,28.01,24.4,34.99,94.5,30.59
2025-01-02,swsh7-205,246696,Holofoil,320.3,335.0,398.83,539.69,365.7
2025-01-02,swsh7-208,246755,Holofoil,24.54,18.99,25.0,49.69,18.99
2025-01-02,swsh7-209,246756,Holofoil,264.57,230.41,309.75,424.99,295.6
2025-01-02,swsh7-211,246702,Holofoil,39.78,33.22,44.0,99.99,46.98
2025-01-02,swsh7-212,246704,Holofoil,255.59,220.0,297.82,449.95,295.99
2025-01-02,swsh7-215,246723,Holofoil,1398.66,1390.0,1659.0,3000.0,1495.95
2025-01-02,swsh7-218,246733,Holofoil,530.14,310.0,655.0,850.0,699.67
2025-01-02,swsh7-41,246753,Holofoil,3.05,1.75,3.75,89.0,6.98
2025-01-02,swsh7-65,246690,Holofoil,7.7,4.8,8.74,500.0,8.74
2025-01-02,swsh7-75,246701,Holofoil,7.42,2.99,7.5,20.0,7.59
2025-01-02,swsh7-8,246691,Holofoil,4.45,2.31,4.4,24.99,5.16
2025-01-02,swsh8-271,253266,Holofoil,519.04,473.99,671.14,729.99,693.48
2025-01-02,swsh9-154,263873,Holofoil,191.03,174.99,214.97,1500.0,209.98
2025-01-03,base1-15,42355,Holofoil,122.15,66.85,120.96,300.0,
2025-01-03,base1-16,42356,Holofoil,38.55,24.0,32.9,64.99,
2025-01-03,base1-2,42360,Holofoil,160.73,88.93,135.89,249.99,
2025-01-03,base1-4,42382,Holofoil,437.68,272.13,399.99,1249.99,
2025-01-03,base1-58,42402,Normal,2.55,0.38,2.0,89.0,1.12
2025-01-03,cel25c-4,250320,Holofoil,96.55,82.73,104.93,249.0,117.11
2025-01-03,gym2-2,83861,1st Edition Holofoil,936.79,519.99,519.99,519.99,
2025-01-03,gym2-2,83861,Unlimited Holofoil,293.73,308.42,356.12,499.99,
2025-01-03,neo1-9,86903,1st Edition Holofoil,780.96,793.65,2950.0,2953.99,
2025-01-03,neo1-9,86903,Unlimited Holofoil,349.06,317.92,356.21,1000.0,
2025-01-03,sl-151-bundle,502000,Normal,64.3,55.0,64.34,194.94,
2025-01-03,sl-151-etb,503313,Normal,143.91,140.0,175.0,4999.99,
2025-01-03,sl-151-upc,502005,Normal,249.1,240.0,294.0,624.94,
2025-01-03,sl-ar-box,265519,Normal,194.76,199.98,274.97,1999.99,
2025-01-03,sl-base-box,185731,Normal,,17000.0,17000.0,17000.0,
2025-01-03,sl-bs-box,256141,Normal,229.64,239.99,300.0,599.99,
2025-01-03,sl-cel-upc,245140,Normal,391.83,394.99,457.97,1000.0,
2025-01-03,sl-champ-etb,218791,Normal,106.04,99.99,119.95,399.99,
2025-01-03,sl-cz-etb,453470,Normal,73.33,64.99,80.0,999.99,
2025-01-03,sl-evs-box,242436,Normal,1009.66,1244.99,1548.0,9999.99,
2025-01-03,sl-evs-etb,243721,Normal,401.02,489.99,659.48,989.99,
2025-01-03,sl-fs-box,247654,Normal,429.02,459.95,502.5,1299.99,
2025-01-03,sl-hf-etb,194729,Normal,216.98,209.99,249.99,499.99,
2025-01-03,sl-lo-box,277324,Normal,310.05,334.95,400.0,1299.99,
2025-01-03,sl-neo-box,193334,Normal,,39999.99,39999.99,39999.99,
2025-01-03,sl-obf-box,501257,Normal,149.89,144.96,175.99,999.99,
2025-01-03,sl-pe-etb,593355,Normal,126.32,127.64,128.98,159.99,
2025-01-03,sl-pf-etb,528040,Normal,73.9,70.0,84.99,149.99,
2025-01-03,sl-shf-etb,228821,Normal,56.25,47.99,60.0,300.0,
2025-01-03,sl-ss-box,565606,Normal,236.66,229.0,258.98,600.0,
2025-01-03,sl-st-box,283389,Normal,203.62,199.96,249.99,1199.99,
2025-01-03,sl-tf-box,536225,Normal,141.0,129.99,159.99,300.0,
2025-01-03,sv2-185,497557,Normal,0.2,0.01,0.26,11.5,0.1
2025-01-03,sv2-185,497557,Reverse Holofoil,0.69,0.1,0.86,10.0,0.35
2025-01-03,sv2-254,497669,Holofoil,13.92,11.99,15.0,100.0,11.98
2025-01-03,sv2-269,497689,Holofoil,58.75,50.97,70.04,259.99,51.0
2025-01-03,sv3pt5-151,516566,Holofoil,7.84,4.94,7.96,24.99,12.83
2025-01-03,sv3pt5-199,517045,Holofoil,209.14,184.0,229.49,1000.0,
2025-01-03,sv3pt5-205,517051,Holofoil,13.95,9.49,13.13,39.99,13.81
2025-01-03,sv3pt5-4,502555,Normal,0.14,0.01,0.15,25.0,
2025-01-03,sv3pt5-4,502555,Reverse Holofoil,0.22,0.08,0.26,25.0,0.17
2025-01-03,sv3pt5-6,502558,Holofoil,6.07,3.89,5.72,26.0,6.07
2025-01-03,sv3pt5-7,502548,Normal,0.13,0.02,0.15,4.99,0.1
2025-01-03,sv3pt5-7,502548,Reverse Holofoil,0.19,0.08,0.25,15.0,
2025-01-03,sv4pt5-234,535090,Holofoil,158.63,154.95,172.7,300.0,164.99
2025-01-03,sv4pt5-54,534416,Holofoil,1.98,1.3,2.5,35.0,2.05
2025-01-03,sv8-57,590025,Holofoil,7.74,6.0,8.35,24.99,7.74
2025-01-03,svp-085,518861,Normal,247.62,246.99,300.0,399.99,339.98
2025-01-03,swsh11-186,284137,Holofoil,534.13,434.5,598.0,673.9,568.0
2025-01-03,swsh12-186,451834,Holofoil,225.78,225.0,274.0,499.99,273.69
2025-01-03,swsh12pt5gg-GG69,478100,Holofoil,187.97,175.0,224.99,299.99,201.25
2025-01-03,swsh35-25,223018,Normal,0.08,0.02,0.15,1.49,
2025-01-03,swsh35-25,223018,Reverse Holofoil,0.22,0.09,0.25,2.0,
2025-01-03,swsh35-74,223073,Holofoil,176.48,154.27,224.97,1500.0,228.24
2025-01-03,swsh45sv-SV107,232496,Holofoil,105.32,83.49,128.43,400.0,128.99
2025-01-03,swsh7-204,246693,Holofoil,28.01,24.84,34.99,94.5,30.59
2025-01-03,swsh7-205,246696,Holofoil,320.3,335.0,397.41,539.69,365.7
2025-01-03,swsh7-208,246755,Holofoil,24.73,18.99,25.0,49.69,31.94
2025-01-03,swsh7-209,246756,Holofoil,264.57,230.41,309.75,424.99,295.6
2025-01-03,swsh7-211,246702,Holofoil,39.78,33.22,44.5,99.99,46.98
2025-01-03,swsh7-212,246704,Holofoil,256.7,220.0,297.82,449.95,295.99
2025-01-03,swsh7-215,246723,Holofoil,1408.04,1435.56,1664.35,3000.0,1495.95
2025-01-03,swsh7-218,246733,Holofoil,532.48,310.0,660.0,850.0,698.69
2025-01-03,swsh7-41,246753,Holofoil,3.3,1.75,3.72,89.0,6.98
2025-01-03,swsh7-65,246690,Holofoil,7.68,4.8,8.49,500.0,7.93
2025-01-03,swsh7-75,246701,Holofoil,7.54,2.99,7.42,20.0,7.59
2025-01-03,swsh7-8,246691,Holofoil,4.17,2.31,4.5,24.99,5.16
2025-01-03,swsh8-271,253266,Holofoil,525.77,474.99,657.21,729.99,693.48
2025-01-03,swsh9-154,263873,Holofoil,192.31,174.99,214.85,1500.0,209.98
2025-01-04,base1-15,42355,Holofoil,121.99,66.85,120.62,300.0,
2025-01-04,base1-16,42356,Holofoil,38.43,18.43,32.95,64.99,30.6
2025-01-04,base1-2,42360,Holofoil,160.8,80.0,136.79,249.99,
2025-01-04,base1-4,42382,Holofoil,437.68,272.13,369.99,1249.99,
2025-01-04,base1-58,42402,Normal,2.6,0.38,2.0,89.0,7.45
2025-01-04,cel25c-4,250320,Holofoil,95.78,75.0,102.11,249.0,112.93
2025-01-04,gym2-2,83861,1st Edition Holofoil,936.79,519.99,707.5,895.0,
2025-01-04,gym2-2,83861,Unlimited Holofoil,293.73,308.42,356.12,499.99,
2025-01-04,neo1-9,86903,1st Edition Holofoil,780.96,793.65,2950.0,2953.99,
2025-01-04,neo1-9,86903,Unlimited Holofoil,349.06,317.92,356.21,1000.0,
2025-01-04,sl-151-bundle,502000,Normal,64.59,54.99,64.82,194.94,
2025-01-04,sl-151-etb,503313,Normal,143.96,138.0,159.99,4999.99,
2025-01-04,sl-151-upc,502005,Normal,248.7,245.0,298.78,624.94,
2025-01-04,sl-ar-box,265519,Normal,198.96,199.98,274.97,1999.99,
2025-01-04,sl-base-box,185731,Normal,,17000.0,17000.0,17000.0,
2025-01-04,sl-bs-box,256141,Normal,235.89,250.0,300.0,777.0,
2025-01-04,sl-cel-upc,245140,Normal,393.09,394.8,450.0,1000.0,
2025-01-04,sl-champ-etb,218791,Normal,106.04,99.99,119.99,399.99,
2025-01-04,sl-cz-etb,453470,Normal,74.26,72.0,89.89,999.99,
2025-01-04,sl-evs-box,242436,Normal,1022.7,1200.0,1524.0,9999.99,
2025-01-04,sl-evs-etb,243721,Normal,401.02,489.99,649.01,989.99,
2025-01-04,sl-fs-box,247654,Normal,432.42,474.99,500.0,1299.99,
2025-01-04,sl-hf-etb,194729,Normal,218.51,215.0,249.99,499.99,
2025-01-04,sl-lo-box,277324,Normal,315.93,349.95,410.49,1299.99,
2025-01-04,sl-neo-box,193334,Normal,,39999.99,39999.99,39999.99,
2025-01-04,sl-obf-box,501257,Normal,152.97,152.54,190.0,999.99,
2025-01-04,sl-pe-etb,593355,Normal,127.65,127.64,130.97,159.99,
2025-01-04,sl-pf-etb,528040,Normal,74.72,75.0,89.99,149.99,
2025-01-04,sl-shf-etb,228821,Normal,55.78,47.99,63.48,300.0,
2025-01-04,sl-ss-box,565606,Normal,235.68,240.96,259.95,600.0,
2025-01-04,sl-st-box,283389,Normal,210.12,235.0,298.95,1248.0,
2025-01-04,sl-tf-box,536225,Normal,140.78,143.0,169.97,300.0,
2025-01-04,sv2-185,497557,Normal,0.19,0.01,0.25,11.5,
2025-01-04,sv2-185,497557,Reverse Holofoil,0.63,0.1,0.84,10.0,0.91
2025-01-04,sv2-254,497669,Holofoil,13.58,11.0,14.99,100.0,11.97
2025-01-04,sv2-269,497689,Holofoil,58.96,51.0,70.59,259.99,51.0
2025-01-04,sv3pt5-151,516566,Holofoil,8.0,4.94,8.0,29.99,9.04
2025-01-04,sv3pt5-199,517045,Holofoil,211.94,193.8,233.75,1000.0,
2025-01-04,sv3pt5-205,517051,Holofoil,13.52,9.72,13.42,39.99,15.82
2025-01-04,sv3pt5-4,502555,Normal,0.12,0.01,0.15,25.0,0.11
2025-01-04,sv3pt5-4,502555,Reverse Holofoil,0.27,0.08,0.26,25.0,
2025-01-04,sv3pt5-6,502558,Holofoil,5.95,3.89,5.82,26.0,6.97
2025-01-04,sv3pt5-7,502548,Normal,0.12,0.02,0.15,4.99,
2025-01-04,sv3pt5-7,502548,Reverse Holofoil,0.27,0.08,0.25,15.0,
2025-01-04,sv4pt5-234,535090,Holofoil,168.17,152.76,182.52,374.99,
2025-01-04,sv4pt5-54,534416,Holofoil,1.99,1.45,2.5,35.0,
2025-01-04,sv8-57,590025,Holofoil,7.92,5.29,8.2,29.99,
2025-01-04,svp-085,518861,Normal,248.1,245.0,299.99,399.99,339.96
2025-01-04,swsh11-186,284137,Holofoil,534.13,350.0,594.0,673.9,568.0
2025-01-04,swsh12-186,451834,Holofoil,236.35,225.0,274.0,499.99,274.0
2025-01-04,swsh12pt5gg-GG69,478100,Holofoil,189.68,193.04,229.98,299.99,217.98
2025-01-04,swsh35-25,223018,Normal,0.08,0.02,0.15,1.49,
2025-01-04,swsh35-25,223018,Reverse Holofoil,0.23,0.09,0.25,2.0,0.23
2025-01-04,swsh35-74,223073,Holofoil,179.65,154.27,228.23,1500.0,174.2
2025-01-04,swsh45sv-SV107,232496,Holofoil,106.48,83.49,128.54,400.0,124.28
2025-01-04,swsh7-204,246693,Holofoil,28.01,24.84,34.99,70.0,30.59
2025-01-04,swsh7-205,246696,Holofoil,324.61,335.0,401.49,539.69,377.32
2025-01-04,swsh7-208,246755,Holofoil,24.73,18.99,25.0,49.69,29.18
2025-01-04,swsh7-209,246756,Holofoil,264.57,266.0,311.99,424.99,313.98
2025-01-04,swsh7-211,246702,Holofoil,39.78,33.22,43.97,79.99,46.98
2025-01-04,swsh7-212,246704,Holofoil,256.54,220.0,297.95,449.95,295.99
2025-01-04,swsh7-215,246723,Holofoil,1413.07,1435.56,1664.35,3000.0,1588.95
2025-01-04,swsh7-218,246733,Holofoil,534.08,310.0,650.0,850.0,539.93
2025-01-04,swsh7-41,246753,Holofoil,3.25,1.85,3.72,89.0,3.85
2025-01-04,swsh7-65,246690,Holofoil,7.68,4.8,8.49,500.0,7.55
2025-01-04,swsh7-75,246701,Holofoil,7.06,2.99,7.38,20.0,8.6
2025-01-04,swsh7-8,246691,Holofoil,3.9,2.31,4.39,24.99,5.56
2025-01-04,swsh8-271,253266,Holofoil,525.17,519.99,657.21,729.99,693.48
2025-01-04,swsh9-154,263873,Holofoil,192.92,174.99,214.97,1500.0,209.98
2025-01-05,base1-15,42355,Holofoil,122.64,72.6,138.13,300.0,
2025-01-05,base1-16,42356,Holofoil,38.51,22.5,32.22,64.99,
2025-01-05,base1-2,42360,Holofoil,160.33,88.93,136.79,249.99,
2025-01-05,base1-4,42382,Holofoil,443.05,272.13,399.99,1249.99,
2025-01-05,base1-58,42402,Normal,2.77,0.38,2.0,9999.0,
2025-01-05,cel25c-4,250320,Holofoil,95.81,75.0,104.88,249.0,117.11
2025-01-05,gym2-2,83861,1st Edition Holofoil,936.79,895.0,895.0,895.0,
2025-01-05,gym2-2,83861,Unlimited Holofoil,293.73,308.42,356.12,499.99,
2025-01-05,neo1-9,86903,1st Edition Holofoil,780.96,793.65,2950.0,2953.99,
2025-01-05,neo1-9,86903,Unlimited Holofoil,349.06,317.92,360.17,1000.0,
2025-01-05,sl-151-bundle,502000,Normal,63.06,54.99,64.99,194.94,
2025-01-05,sl-151-etb,503313,Normal,146.85,148.0,189.0,4999.99,
2025-01-05,sl-151-upc,502005,Normal,251.1,244.99,298.78,624.94,
2025-01-05,sl-ar-box,265519,Normal,202.2,235.0,299.99,1999.99,
2025-01-05,sl-base-box,185731,Normal,,17000.0,17000.0,17000.0,
2025-01-05,sl-bs-box,256141,Normal,239.27,263.99,300.0,777.0,
2025-01-05,sl-cel-upc,245140,Normal,393.19,394.8,450.0,1000.0,
2025-01-05,sl-champ-etb,218791,Normal,105.83,99.99,119.99,399.99,
2025-01-05,sl-cz-etb,453470,Normal,74.45,72.18,89.99,999.99,
2025-01-05,sl-evs-box,242436,Normal,1048.4,1249.97,1721.3,9999.99,
2025-01-05,sl-evs-etb,243721,Normal,401.02,489.99,500.0,989.99,
2025-01-05,sl-fs-box,247654,Normal,444.1,484.99,505.0,1299.99,
2025-01-05,sl-hf-etb,194729,Normal,218.84,215.0,249.99,499.99,
2025-01-05,sl-lo-box,277324,Normal,343.6,399.99,469.95,1299.99,
2025-01-05,sl-neo-box,193334,Normal,,39999.99,39999.99,39999.99,
2025-01-05,sl-obf-box,501257,Normal,152.39,152.54,190.9,999.99,
2025-01-05,sl-pe-etb,593355,Normal,144.08,131.94,146.92,179.99,
2025-01-05,sl-pf-etb,528040,Normal,81.47,75.0,89.99,149.99,
2025-01-05,sl-shf-etb,228821,Normal,55.01,49.0,66.25,300.0,
2025-01-05,sl-ss-box,565606,Normal,242.93,242.0,269.97,600.0,
2025-01-05,sl-st-box,283389,Normal,213.03,234.99,289.99,1248.0,
2025-01-05,sl-tf-box,536225,Normal,142.33,143.0,169.99,333.0,
2025-01-05,sv2-185,497557,Normal,0.21,0.01,0.25,11.5,
2025-01-05,sv2-185,497557,Reverse Holofoil,0.64,0.1,0.84,10.0,0.9
2025-01-05,sv2-254,497669,Holofoil,13.68,11.0,14.95,100.0,18.99
2025-01-05,sv2-269,497689,Holofoil,59.1,51.0,70.52,259.99,51.0
2025-01-05,sv3pt5-151,516566,Holofoil,8.33,5.5,8.02,29.99,9.11
2025-01-05,sv3pt5-199,517045,Holofoil,213.55,193.8,230.0,1000.0,
2025-01-05,sv3pt5-205,517051,Holofoil,13.2,9.86,13.48,39.99,39.49
2025-01-05,sv3pt5-4,502555,Normal,0.12,0.02,0.15,25.0,
2025-01-05,sv3pt5-4,502555,Reverse Holofoil,0.27,0.08,0.27,25.0,
2025-01-05,sv3pt5-6,502558,Holofoil,5.97,3.68,5.8,26.0,7.06
2025-01-05,sv3pt5-7,502548,Normal,0.3,0.01,0.15,4.99,
2025-01-05,sv3pt5-7,502548,Reverse Holofoil,0.28,0.05,0.25,15.0,
2025-01-05,sv4pt5-234,535090,Holofoil,170.91,152.76,190.28,374.99,
2025-01-05,sv4pt5-54,534416,Holofoil,2.07,1.45,2.5,35.0,
2025-01-05,sv8-57,590025,Holofoil,6.5,6.0,8.18,29.99,
2025-01-05,svp-085,518861,Normal,248.45,246.99,300.0,399.99,339.94
2025-01-05,swsh11-186,284137,Holofoil,533.86,434.5,595.0,699.0,599.99
2025-01-05,swsh12-186,451834,Holofoil,238.53,224.46,274.5,499.99,274.0
2025-01-05,swsh12pt5gg-GG69,478100,Holofoil,188.21,190.99,226.0,299.99,217.94
2025-01-05,swsh35-25,223018,Normal,0.08,0.02,0.15,1.49,
2025-01-05,swsh35-25,223018,Reverse Holofoil,0.24,0.09,0.25,2.0,
2025-01-05,swsh35-74,223073,Holofoil,179.39,154.27,228.23,1500.0,228.23
2025-01-05,swsh45sv-SV107,232496,Holofoil,106.48,83.49,128.54,400.0,128.99
2025-01-05,swsh7-204,246693,Holofoil,28.01,24.84,34.99,70.0,30.59
2025-01-05,swsh7-205,246696,Holofoil,324.61,376.32,413.95,539.69,377.32
2025-01-05,swsh7-208,246755,Holofoil,24.64,18.99,25.0,49.69,31.94
2025-01-05,swsh7-209,246756,Holofoil,264.57,266.0,313.98,424.99,313.98
2025-01-05,swsh7-211,246702,Holofoil,39.55,33.22,43.99,77.69,46.98
2025-01-05,swsh7-212,246704,Holofoil,258.92,243.99,298.48,449.95,258.92
2025-01-05,swsh7-215,246723,Holofoil,1428.23,1490.0,1712.67,3000.0,1649.95
2025-01-05,swsh7-218,246733,Holofoil,542.95,459.08,675.5,850.0,691.0
2025-01-05,swsh7-41,246753,Holofoil,3.39,1.85,3.75,89.0,4.86
2025-01-05,swsh7-65,246690,Holofoil,7.49,4.8,8.51,500.0,16.23
2025-01-05,swsh7-75,246701,Holofoil,7.11,2.99,7.24,20.0,9.94
2025-01-05,swsh7-8,246691,Holofoil,3.92,2.31,4.28,24.99,5.75
2025-01-05,swsh8-271,253266,Holofoil,539.81,540.54,693.49,998.95,606.96
2025-01-05,swsh9-154,263873,Holofoil,192.94,165.0,212.97,1500.0,209.95
2025-01-06,base1-15,42355,Holofoil,122.64,66.85,138.13,300.0,
2025-01-06,base1-16,42356,Holofoil,38.51,23.01,32.3,64.99,25.18
2025-01-06,base1-2,42360,Holofoil,160.33,89.35,137.27,249.99,
2025-01-06,base1-4,42382,Holofoil,442.48,272.13,384.99,1249.99,
2025-01-06,base1-58,42402,Normal,2.77,0.38,2.07,9999.0,0.99
2025-01-06,cel25c-4,250320,Holofoil,95.81,75.0,102.11,249.0,117.11
2025-01-06,gym2-2,83861,1st Edition Holofoil,936.79,895.0,895.0,895.0,
2025-01-06,gym2-2,83861,Unlimited Holofoil,293.73,308.42,356.12,499.99,
2025-01-06,neo1-9,86903,1st Edition Holofoil,780.96,753.96,2950.0,2953.99,
2025-01-06,neo1-9,86903,Unlimited Holofoil,349.06,323.59,360.17,1000.0,
2025-01-06,sl-151-bundle,502000,Normal,65.63,54.69,69.99,194.94,
2025-01-06,sl-151-etb,503313,Normal,156.25,150.0,200.0,4999.99,
2025-01-06,sl-151-upc,502005,Normal,251.82,249.95,299.91,694.94,
2025-01-06,sl-ar-box,265519,Normal,205.6,230.0,300.0,1999.99,
2025-01-06,sl-base-box,185731,Normal,,17000.0,17000.0,17000.0,
2025-01-06,sl-bs-box,256141,Normal,243.71,263.99,300.0,777.0,
2025-01-06,sl-cel-upc,245140,Normal,393.07,394.8,455.96,1000.0,
2025-01-06,sl-champ-etb,218791,Normal,105.58,97.95,119.95,399.99,
2025-01-06,sl-cz-etb,453470,Normal,72.19,72.92,89.99,999.99,
2025-01-06,sl-evs-box,242436,Normal,1068.4,1300.0,1742.6,9999.99,
2025-01-06,sl-evs-etb,243721,Normal,401.02,495.0,500.0,989.99,
2025-01-06,sl-fs-box,247654,Normal,475.06,480.01,505.0,1299.99,
2025-01-06,sl-hf-etb,194729,Normal,218.84,215.0,249.99,499.99,
2025-01-06,sl-lo-box,277324,Normal,354.06,400.0,500.0,1299.99,
2025-01-06,sl-neo-box,193334,Normal,,39999.99,39999.99,39999.99,
2025-01-06,sl-obf-box,501257,Normal,154.91,150.0,195.87,999.99,
2025-01-06,sl-pe-etb,593355,Normal,143.76,140.0,145.82,179.99,
2025-01-06,sl-pf-etb,528040,Normal,85.65,79.99,90.0,150.0,
2025-01-06,sl-shf-etb,228821,Normal,54.32,49.0,66.25,300.0,
2025-01-06,sl-ss-box,565606,Normal,247.17,235.0,270.0,600.0,
2025-01-06,sl-st-box,283389,Normal,220.51,228.0,297.99,1248.0,
2025-01-06,sl-tf-box,536225,Normal,146.62,145.0,179.48,333.0,
2025-01-06,sv2-185,497557,Normal,0.21,0.01,0.25,5.74,
2025-01-06,sv2-185,497557,Reverse Holofoil,0.71,0.1,0.84,10.0,0.9
2025-01-06,sv2-254,497669,Holofoil,13.15,11.0,14.89,100.0,18.99
2025-01-06,sv2-269,497689,Holofoil,62.8,64.13,80.71,259.99,72.0
2025-01-06,sv3pt5-151,516566,Holofoil,7.66,5.5,8.01,29.99,6.94
2025-01-06,sv3pt5-199,517045,Holofoil,217.66,193.8,239.69,1000.0,239.95
2025-01-06,sv3pt5-205,517051,Holofoil,14.63,9.86,13.75,39.99,22.49
2025-01-06,sv3pt5-4,502555,Normal,0.11,0.01,0.15,25.0,0.11
2025-01-06,sv3pt5-4,502555,Reverse Holofoil,0.3,0.08,0.28,25.0,
2025-01-06,sv3pt5-6,502558,Holofoil,5.9,3.89,5.82,26.0,8.88
2025-01-06,sv3pt5-7,502548,Normal,0.31,0.01,0.15,4.99,
2025-01-06,sv3pt5-7,502548,Reverse Holofoil,0.26,0.05,0.25,15.0,
2025-01-06,sv4pt5-234,535090,Holofoil,173.46,159.98,199.48,374.99,
2025-01-06,sv4pt5-54,534416,Holofoil,2.22,1.25,2.5,35.0,3.0
2025-01-06,sv8-57,590025,Holofoil,7.52,6.0,8.39,29.99,8.0
2025-01-06,svp-085,518861,Normal,249.39,246.99,300.0,399.99,339.92
2025-01-06,swsh11-186,284137,Holofoil,531.46,434.5,590.0,699.0,620.99
2025-01-06,swsh12-186,451834,Holofoil,245.81,212.27,282.0,499.99,245.81
2025-01-06,swsh12pt5gg-GG69,478100,Holofoil,189.13,193.04,228.44,299.99,217.89
2025-01-06,swsh35-25,223018,Normal,0.08,0.02,0.17,1.49,0.07
2025-01-06,swsh35-25,223018,Reverse Holofoil,0.24,0.09,0.25,2.0,
2025-01-06,swsh35-74,223073,Holofoil,179.39,152.99,228.22,1500.0,228.22
2025-01-06,swsh45sv-SV107,232496,Holofoil,108.57,83.49,124.95,349.95,108.57
2025-01-06,swsh7-204,246693,Holofoil,28.01,24.84,34.99,70.0,30.59
2025-01-06,swsh7-205,246696,Holofoil,324.61,366.98,404.34,539.69,377.32
2025-01-06,swsh7-208,246755,Holofoil,24.64,19.71,25.0,49.69,31.94
2025-01-06,swsh7-209,246756,Holofoil,264.57,266.0,314.49,424.99,313.98
2025-01-06,swsh7-211,246702,Holofoil,39.55,33.22,43.98,77.69,46.98
2025-01-06,swsh7-212,246704,Holofoil,258.92,243.99,298.48,449.95,295.99
2025-01-06,swsh7-215,246723,Holofoil,1428.23,1480.0,1796.03,3000.0,1649.94
2025-01-06,swsh7-218,246733,Holofoil,542.95,459.08,675.5,850.0,691.0
2025-01-06,swsh7-41,246753,Holofoil,3.76,1.85,3.98,89.0,6.89
2025-01-06,swsh7-65,246690,Holofoil,8.13,4.8,8.53,500.0,16.19
2025-01-06,swsh7-75,246701,Holofoil,6.67,2.99,7.24,20.0,9.65
2025-01-06,swsh7-8,246691,Holofoil,4.06,2.31,4.26,24.99,6.99
2025-01-06,swsh8-271,253266,Holofoil,541.37,540.54,693.49,998.95,606.96
2025-01-06,swsh9-154,263873,Holofoil,193.26,174.99,214.97,1500.0,209.94
2025-01-07,base1-15,42355,Holofoil,122.64,71.17,127.24,300.0,
2025-01-07,base1-16,42356,Holofoil,38.51,23.0,31.45,64.99,25.18
2025-01-07,base1-2,42360,Holofoil,160.33,89.35,137.75,249.99,
2025-01-07,base1-4,42382,Holofoil,442.48,272.13,399.99,1249.99,
2025-01-07,base1-58,42402,Normal,2.79,0.38,2.08,9999.0,
2025-01-07,cel25c-4,250320,Holofoil,96.75,82.73,102.74,249.0,114.99
2025-01-07,gym2-2,83861,1st Edition Holofoil,936.79,895.0,895.0,895.0,
2025-01-07,gym2-2,83861,Unlimited Holofoil,293.73,308.42,356.12,499.99,
2025-01-07,neo1-9,86903,1st Edition Holofoil,780.96,753.96,2950.0,2953.99,
2025-01-07,neo1-9,86903,Unlimited Holofoil,349.06,323.59,360.17,1000.0,
2025-01-07,sl-151-bundle,502000,Normal,67.63,54.99,70.0,194.94,
2025-01-07,sl-151-etb,503313,Normal,155.92,150.0,200.0,4999.99,
2025-01-07,sl-151-upc,502005,Normal,254.22,249.95,299.87,694.94,
2025-01-07,sl-ar-box,265519,Normal,207.32,230.0,299.95,1999.99,
2025-01-07,sl-base-box,185731,Normal,,17000.0,17000.0,17000.0,
2025-01-07,sl-bs-box,256141,Normal,248.83,263.99,333.99,777.0,
2025-01-07,sl-cel-upc,245140,Normal,393.46,384.9,455.96,1000.0,
2025-01-07,sl-champ-etb,218791,Normal,105.22,99.99,120.0,399.99,
2025-01-07,sl-cz-etb,453470,Normal,73.73,72.92,90.0,999.99,
2025-01-07,sl-evs-box,242436,Normal,1068.4,1389.99,1742.6,9999.99,
2025-01-07,sl-evs-etb,243721,Normal,404.62,484.99,500.0,989.99,
2025-01-07,sl-fs-box,247654,Normal,480.28,492.0,549.0,1299.99,
2025-01-07,sl-hf-etb,194729,Normal,222.03,214.94,249.99,499.99,
2025-01-07,sl-jp-151,565243,Normal,104.55,99.99,118.99,199.99,
2025-01-07,sl-jp-terastal,603428,Normal,88.16,85.0,94.99,199.99,
2025-01-07,sl-lo-box,277324,Normal,356.18,409.96,484.75,1299.99,
2025-01-07,sl-neo-box,193334,Normal,,39999.99,39999.99,39999.99,
2025-01-07,sl-obf-box,501257,Normal,156.48,150.0,199.99,999.99,
2025-01-07,sl-pe-etb,593355,Normal,144.95,144.95,146.44,179.99,
2025-01-07,sl-pf-etb,528040,Normal,84.74,79.99,92.5,150.0,
2025-01-07,sl-shf-etb,228821,Normal,54.3,49.99,68.75,300.0,
2025-01-07,sl-ss-box,565606,Normal,247.65,235.0,270.5,600.0,
2025-01-07,sl-st-box,283389,Normal,232.99,239.0,299.98,1248.0,
2025-01-07,sl-tf-box,536225,Normal,148.75,159.99,180.0,333.0,
2025-01-07,sv2-185,497557,Normal,0.18,0.01,0.25,5.74,
2025-01-07,sv2-185,497557,Reverse Holofoil,0.97,0.1,0.86,10.0,1.49
2025-01-07,sv2-254,497669,Holofoil,13.47,11.0,14.93,100.0,13.49
2025-01-07,sv2-269,497689,Holofoil,63.22,67.0,80.0,259.99,72.0
2025-01-07,sv3pt5-151,516566,Holofoil,8.57,5.5,8.0,29.99,13.0
2025-01-07,sv3pt5-199,517045,Holofoil,221.43,189.99,239.97,1000.0,
2025-01-07,sv3pt5-205,517051,Holofoil,14.5,9.86,14.37,39.99,21.99
2025-01-07,sv3pt5-4,502555,Normal,0.1,0.01,0.15,25.0,
2025-01-07,sv3pt5-4,502555,Reverse Holofoil,0.3,0.08,0.29,25.0,
2025-01-07,sv3pt5-6,502558,Holofoil,5.98,3.99,5.8,26.0,6.83
2025-01-07,sv3pt5-7,502548,Normal,0.11,0.02,0.16,4.99,
2025-01-07,sv3pt5-7,502548,Reverse Holofoil,0.21,0.08,0.25,15.0,0.15
2025-01-07,sv4pt5-234,535090,Holofoil,173.69,159.98,199.97,374.99,
2025-01-07,sv4pt5-54,534416,Holofoil,2.26,1.45,2.5,34.99,
2025-01-07,sv8-57,590025,Holofoil,7.39,6.0,8.25,29.99,
2025-01-07,svp-085,518861,Normal,248.43,246.99,300.0,399.99,339.92
2025-01-07,swsh11-186,284137,Holofoil,531.46,434.5,590.0,699.0,620.99
2025-01-07,swsh12-186,451834,Holofoil,246.78,212.27,285.5,499.99,274.0
2025-01-07,swsh12pt5gg-GG69,478100,Holofoil,192.89,181.99,224.69,298.69,215.25
2025-01-07,swsh35-25,223018,Normal,0.08,0.02,0.17,1.49,0.07
2025-01-07,swsh35-25,223018,Reverse Holofoil,0.24,0.09,0.25,2.0,
2025-01-07,swsh35-74,223073,Holofoil,179.39,152.99,228.21,1500.0,228.2
2025-01-07,swsh45sv-SV107,232496,Holofoil,107.82,83.49,123.22,349.95,108.57
2025-01-07,swsh7-204,246693,Holofoil,28.01,24.84,34.99,70.0,30.59
2025-01-07,swsh7-205,246696,Holofoil,324.61,345.86,400.0,539.69,345.86
2025-01-07,swsh7-208,246755,Holofoil,24.64,19.71,26.4,49.69,29.69
2025-01-07,swsh7-209,246756,Holofoil,264.57,266.0,313.98,424.99,313.97
2025-01-07,swsh7-211,246702,Holofoil,39.83,33.22,43.57,77.69,46.98
2025-01-07,swsh7-212,246704,Holofoil,259.64,243.99,298.48,449.95,295.99
2025-01-07,swsh7-215,246723,Holofoil,1428.23,1480.0,1659.0,2000.0,1649.94
2025-01-07,swsh7-218,246733,Holofoil,542.95,459.08,691.0,850.0,691.0
2025-01-07,swsh7-41,246753,Holofoil,3.71,1.85,3.99,89.0,6.89
2025-01-07,swsh7-65,246690,Holofoil,7.71,4.8,8.47,500.0,12.99
2025-01-07,swsh7-75,246701,Holofoil,6.02,2.99,7.21,20.0,7.66
2025-01-07,swsh7-8,246691,Holofoil,3.97,2.0,4.27,24.99,7.98
2025-01-07,swsh8-271,253266,Holofoil,544.97,568.44,693.49,998.95,606.96
2025-01-07,swsh9-154,263873,Holofoil,192.08,171.2,215.1,1500.0,209.95
2025-01-08,base1-15,42355,Holofoil,121.64,68.07,121.57,300.0,
2025-01-08,base1-16,42356,Holofoil,38.51,23.01,32.25,64.99,28.52
2025-01-08,base1-2,42360,Holofoil,161.11,88.51,135.89,249.99,
2025-01-08,base1-4,42382,Holofoil,442.48,272.13,369.99,1249.99,
2025-01-08,base1-58,42402,Normal,2.81,0.38,2.01,9999.0,7.45
2025-01-08,cel25c-4,250320,Holofoil,95.75,68.79,106.47,200.0,111.95
2025-01-08,gym2-2,83861,1st Edition Holofoil,936.79,895.0,895.0,895.0,
2025-01-08,gym2-2,83861,Unlimited Holofoil,293.73,308.42,356.12,499.99,
2025-01-08,neo1-9,86903,1st Edition Holofoil,780.96,753.96,2950.0,2953.99,
2025-01-08,neo1-9,86903,Unlimited Holofoil,349.06,323.59,344.97,500.0,
2025-01-08,sl-151-bundle,502000,Normal,65.05,55.55,70.0,194.94,
2025-01-08,sl-151-etb,503313,Normal,158.34,132.43,199.99,4999.99,
2025-01-08,sl-151-upc,502005,Normal,253.74,249.95,299.87,694.94,
2025-01-08,sl-ar-box,265519,Normal,208.12,230.0,299.97,1999.99,
2025-01-08,sl-base-box,185731,Normal,,17000.0,17000.0,17000.0,
2025-01-08,sl-bs-box,256141,Normal,250.27,289.99,374.98,777.0,
2025-01-08,sl-cel-upc,245140,Normal,393.46,384.9,450.0,1000.0,
2025-01-08,sl-champ-etb,218791,Normal,105.24,99.99,119.99,399.99,
2025-01-08,sl-cz-etb,453470,Normal,77.78,72.92,99.93,999.99,
2025-01-08,sl-evs-box,242436,Normal,1104.72,1389.99,1699.99,9999.99,
2025-01-08,sl-evs-etb,243721,Normal,404.62,483.0,499.99,989.99,
2025-01-08,sl-fs-box,247654,Normal,483.68,490.0,549.0,1299.99,
2025-01-08,sl-hf-etb,194729,Normal,224.7,228.0,250.0,499.99,
2025-01-08,sl-jp-151,565243,Normal,104.72,94.0,116.89,199.99,
2025-01-08,sl-jp-terastal,603428,Normal,91.54,86.99,95.0,199.99,
2025-01-08,sl-lo-box,277324,Normal,360.98,395.0,446.5,1299.99,
2025-01-08,sl-neo-box,193334,Normal,,39999.99,39999.99,39999.99,
2025-01-08,sl-obf-box,501257,Normal,157.28,158.49,199.95,999.99,
2025-01-08,sl-pe-etb,593355,Normal,142.41,143.95,146.99,179.99,
2025-01-08,sl-pf-etb,528040,Normal,83.62,79.99,97.48,150.0,
2025-01-08,sl-shf-etb,228821,Normal,55.43,50.0,69.99,300.0,
2025-01-08,sl-ss-box,565606,Normal,244.77,235.0,269.5,600.0,
2025-01-08,sl-st-box,283389,Normal,238.59,239.0,300.0,1248.0,
2025-01-08,sl-tf-box,536225,Normal,152.97,160.0,180.0,333.0,
2025-01-08,sv2-185,497557,Normal,0.18,0.01,0.25,5.74,
2025-01-08,sv2-185,497557,Reverse Holofoil,0.95,0.1,0.89,10.0,2.25
2025-01-08,sv2-254,497669,Holofoil,13.28,10.0,14.95,100.0,13.49
2025-01-08,sv2-269,497689,Holofoil,63.27,57.99,80.0,259.99,72.0
2025-01-08,sv3pt5-151,516566,Holofoil,7.67,5.55,8.09,29.99,13.0
2025-01-08,sv3pt5-199,517045,Holofoil,221.41,189.99,239.25,1000.0,194.19
2025-01-08,sv3pt5-205,517051,Holofoil,12.49,9.86,13.99,39.99,17.23
2025-01-08,sv3pt5-4,502555,Normal,0.1,0.01,0.15,25.0,0.09
2025-01-08,sv3pt5-4,502555,Reverse Holofoil,0.23,0.08,0.28,25.0,
2025-01-08,sv3pt5-6,502558,Holofoil,5.8,3.77,5.84,26.0,5.59
2025-01-08,sv3pt5-7,502548,Normal,0.13,0.02,0.15,4.99,0.1
2025-01-08,sv3pt5-7,502548,Reverse Holofoil,0.19,0.08,0.25,15.0,0.19
2025-01-08,sv4pt5-234,535090,Holofoil,174.53,159.0,199.48,374.99,149.99
2025-01-08,sv4pt5-54,534416,Holofoil,2.08,1.0,2.5,34.99,3.0
2025-01-08,sv8-57,590025,Holofoil,7.7,6.0,8.7,29.99,8.94
2025-01-08,svp-085,518861,Normal,249.19,246.99,300.0,399.99,339.92
2025-01-08,swsh11-186,284137,Holofoil,531.46,425.0,580.0,699.0,599.98
2025-01-08,swsh12-186,451834,Holofoil,246.22,212.27,274.75,499.99,274.0
2025-01-08,swsh12pt5gg-GG69,478100,Holofoil,197.38,181.99,220.6,298.69,206.98
2025-01-08,swsh35-25,223018,Normal,0.08,0.02,0.16,1.49,0.07
2025-01-08,swsh35-25,223018,Reverse Holofoil,0.24,0.09,0.25,2.0,
2025-01-08,swsh35-74,223073,Holofoil,179.39,150.0,224.61,1500.0,169.69
2025-01-08,swsh45sv-SV107,232496,Holofoil,107.82,83.49,121.11,349.95,83.49
2025-01-08,swsh7-204,246693,Holofoil,28.01,24.84,34.98,70.0,30.59
2025-01-08,swsh7-205,246696,Holofoil,324.61,346.36,399.64,539.69,346.36
2025-01-08,swsh7-208,246755,Holofoil,24.64,19.0,25.0,49.69,29.69
2025-01-08,swsh7-209,246756,Holofoil,264.15,265.0,313.98,424.99,313.97
2025-01-08,swsh7-211,246702,Holofoil,39.83,33.22,42.0,77.69,46.98
2025-01-08,swsh7-212,246704,Holofoil,260.4,243.99,298.48,449.95,295.99
2025-01-08,swsh7-215,246723,Holofoil,1438.22,1449.99,1717.65,2000.0,1449.99
2025-01-08,swsh7-218,246733,Holofoil,542.95,459.08,701.76,850.0,691.0
2025-01-08,swsh7-41,246753,Holofoil,3.46,1.85,3.99,19.99,6.89
2025-01-08,swsh7-65,246690,Holofoil,9.06,4.8,8.72,500.0,16.2
2025-01-08,swsh7-75,246701,Holofoil,5.92,3.99,7.17,20.0,7.66
2025-01-08,swsh7-8,246691,Holofoil,3.89,2.0,4.3,24.99,7.98
2025-01-08,swsh8-271,253266,Holofoil,552.31,568.44,693.49,998.95,606.96
2025-01-08,swsh9-154,263873,Holofoil,192.29,171.0,219.99,1500.0,174.99
2025-01-09,base1-15,42355,Holofoil,123.34,79.99,138.39,300.0,
2025-01-09,base1-16,42356,Holofoil,38.51,23.0,31.32,64.99,24.99
2025-01-09,base1-2,42360,Holofoil,161.11,89.67,137.27,249.99,
2025-01-09,base1-4,42382,Holofoil,442.48,272.13,399.99,1249.99,
2025-01-09,base1-58,42402,Normal,3.26,0.38,2.01,9999.0,
2025-01-09,cel25c-4,250320,Holofoil,92.43,68.79,113.49,163.99,111.39
2025-01-09,gym2-2,83861,1st Edition Holofoil,936.79,895.0,895.0,895.0,
2025-01-09,gym2-2,83861,Unlimited Holofoil,293.73,308.42,356.12,499.99,
2025-01-09,neo1-9,86903,1st Edition Holofoil,780.96,753.96,2950.0,2953.99,
2025-01-09,neo1-9,86903,Unlimited Holofoil,349.06,323.59,344.97,500.0,
2025-01-09,sl-151-bundle,502000,Normal,63.4,59.99,70.0,194.94,
2025-01-09,sl-151-etb,503313,Normal,159.54,144.99,200.0,4999.99,
2025-01-09,sl-151-upc,502005,Normal,252.29,245.5,299.98,694.94,
2025-01-09,sl-ar-box,265519,Normal,209.84,230.0,299.99,1999.99,
2025-01-09,sl-base-box,185731,Normal,,17000.0,17000.0,17000.0,
2025-01-09,sl-bs-box,256141,Normal,264.32,299.0,375.0,999.99,
2025-01-09,sl-cel-upc,245140,Normal,393.5,394.99,450.0,1000.0,
2025-01-09,sl-champ-etb,218791,Normal,105.12,99.99,119.99,399.99,
2025-01-09,sl-cz-etb,453470,Normal,78.85,72.92,99.98,999.99,
2025-01-09,sl-evs-box,242436,Normal,1122.88,1374.94,1699.99,9999.99,
2025-01-09,sl-evs-etb,243721,Normal,404.62,477.97,497.5,989.99,
2025-01-09,sl-fs-box,247654,Normal,486.56,490.0,585.35,1299.99,
2025-01-09,sl-hf-etb,194729,Normal,224.7,228.0,252.63,499.99,
2025-01-09,sl-jp-151,565243,Normal,103.65,99.99,120.0,199.99,
2025-01-09,sl-jp-terastal,603428,Normal,91.88,90.93,100.0,199.99,
2025-01-09,sl-lo-box,277324,Normal,374.98,379.99,450.0,1299.99,
2025-01-09,sl-neo-box,193334,Normal,,39999.99,39999.99,39999.99,
2025-01-09,sl-obf-box,501257,Normal,156.9,157.5,199.96,999.99,
2025-01-09,sl-pe-etb,593355,Normal,154.97,146.99,158.19,199.99,
2025-01-09,sl-pf-etb,528040,Normal,85.7,79.99,95.14,150.0,
2025-01-09,sl-shf-etb,228821,Normal,60.04,55.0,76.05,300.0,
2025-01-09,sl-ss-box,565606,Normal,248.75,244.0,268.0,610.98,
2025-01-09,sl-st-box,283389,Normal,240.59,239.0,299.99,1248.0,
2025-01-09,sl-tf-box,536225,Normal,155.93,160.49,180.0,333.0,
2025-01-09,sv2-185,497557,Normal,0.22,0.01,0.25,5.74,
2025-01-09,sv2-185,497557,Reverse Holofoil,0.93,0.1,0.91,10.0,1.49
2025-01-09,sv2-254,497669,Holofoil,13.18,11.0,14.95,100.0,13.18
2025-01-09,sv2-269,497689,Holofoil,63.44,65.0,79.98,259.99,72.0
2025-01-09,sv3pt5-151,516566,Holofoil,8.35,5.55,8.1,29.99,10.12
2025-01-09,sv3pt5-199,517045,Holofoil,219.65,197.99,239.69,1000.0,
2025-01-09,sv3pt5-205,517051,Holofoil,12.55,9.65,13.75,39.99,14.88
2025-01-09,sv3pt5-4,502555,Normal,0.1,0.01,0.15,25.0,
2025-01-09,sv3pt5-4,502555,Reverse Holofoil,0.23,0.08,0.27,25.0,
2025-01-09,sv3pt5-6,502558,Holofoil,5.76,3.73,5.75,26.0,4.2
2025-01-09,sv3pt5-7,502548,Normal,0.15,0.02,0.15,4.99,
2025-01-09,sv3pt5-7,502548,Reverse Holofoil,0.18,0.08,0.25,15.0,0.2
2025-01-09,sv4pt5-234,535090,Holofoil,173.79,143.99,197.47,374.99,159.98
2025-01-09,sv4pt5-54,534416,Holofoil,2.23,1.45,2.5,34.99,2.99
2025-01-09,sv8-57,590025,Holofoil,7.73,6.0,8.4,29.99,
2025-01-09,svp-085,518861,Normal,249.87,275.0,305.0,700.0,338.98
2025-01-09,swsh11-186,284137,Holofoil,531.46,425.0,590.0,699.99,599.98
2025-01-09,swsh12-186,451834,Holofoil,245.6,246.0,282.5,499.99,273.99
2025-01-09,swsh12pt5gg-GG69,478100,Holofoil,199.88,189.99,222.95,298.69,217.89
2025-01-09,swsh35-25,223018,Normal,0.09,0.02,0.15,1.49,
2025-01-09,swsh35-25,223018,Reverse Holofoil,0.24,0.09,0.25,2.0,
2025-01-09,swsh35-74,223073,Holofoil,180.8,150.0,224.97,1500.0,190.0
2025-01-09,swsh45sv-SV107,232496,Holofoil,107.98,86.99,123.62,349.95,128.98
2025-01-09,swsh7-204,246693,Holofoil,28.01,24.84,34.98,70.0,30.59
2025-01-09,swsh7-205,246696,Holofoil,326.05,346.36,399.64,494.99,346.36
2025-01-09,swsh7-208,246755,Holofoil,24.64,19.0,25.0,49.69,29.68
2025-01-09,swsh7-209,246756,Holofoil,267.55,265.0,314.99,424.99,314.99
2025-01-09,swsh7-211,246702,Holofoil,39.83,33.22,42.5,77.69,46.98
2025-01-09,swsh7-212,246704,Holofoil,260.4,243.99,297.82,449.95,295.99
2025-01-09,swsh7-215,246723,Holofoil,1450.22,1480.0,1649.98,2000.0,1638.99
2025-01-09,swsh7-218,246733,Holofoil,541.15,459.08,694.35,850.0,690.99
2025-01-09,swsh7-41,246753,Holofoil,3.81,1.85,3.99,19.99,5.99
2025-01-09,swsh7-65,246690,Holofoil,9.27,3.0,9.04,500.0,9.11
2025-01-09,swsh7-75,246701,Holofoil,6.44,3.99,7.15,20.0,7.65
2025-01-09,swsh7-8,246691,Holofoil,4.17,2.0,4.38,24.99,4.62
2025-01-09,swsh8-271,253266,Holofoil,552.31,568.44,693.49,998.95,606.96
2025-01-09,swsh9-154,263873,Holofoil,193.1,174.99,223.89,1500.0,174.99
2025-01-10,base1-15,42355,Holofoil,123.34,79.99,128.77,300.0,
2025-01-10,base1-16,42356,Holofoil,38.89,23.0,30.99,64.99,23.0
2025-01-10,base1-2,42360,Holofoil,160.84,78.99,134.99,249.99,
2025-01-10,base1-4,42382,Holofoil,442.48,272.13,409.99,1249.99,
2025-01-10,base1-58,42402,Normal,3.26,0.38,2.01,9999.0,
2025-01-10,cel25c-4,250320,Holofoil,93.92,88.99,112.49,163.64,111.95
2025-01-10,gym2-2,83861,1st Edition Holofoil,936.79,519.99,707.5,895.0,
2025-01-10,gym2-2,83861,Unlimited Holofoil,293.73,308.42,356.12,499.99,
2025-01-10,neo1-9,86903,1st Edition Holofoil,780.96,753.96,2952.0,2953.99,
2025-01-10,neo1-9,86903,Unlimited Holofoil,349.06,186.01,356.99,500.0,
2025-01-10,sl-151-bundle,502000,Normal,64.55,60.0,70.0,194.94,
2025-01-10,sl-151-etb,503313,Normal,159.45,157.0,200.0,4999.99,
2025-01-10,sl-151-upc,502005,Normal,251.87,250.0,299.99,694.94,
2025-01-10,sl-ar-box,265519,Normal,215.16,227.95,299.99,1999.99,
2025-01-10,sl-base-box,185731,Normal,,17000.0,17000.0,17000.0,
2025-01-10,sl-bs-box,256141,Normal,267.52,289.99,374.95,999.99,
2025-01-10,sl-cel-upc,245140,Normal,393.67,393.5,450.0,1000.0,
2025-01-10,sl-champ-etb,218791,Normal,105.02,99.99,119.95,399.99,
2025-01-10,sl-cz-etb,453470,Normal,80.97,79.99,113.5,999.99,
2025-01-10,sl-evs-box,242436,Normal,1155.11,1388.95,1989.0,9999.99,
2025-01-10,sl-evs-etb,243721,Normal,404.62,477.97,497.5,989.99,
2025-01-10,sl-fs-box,247654,Normal,487.6,490.0,566.98,1299.99,
2025-01-10,sl-hf-etb,194729,Normal,224.41,224.7,251.32,499.99,
2025-01-10,sl-jp-151,565243,Normal,107.79,99.99,119.99,199.99,
2025-01-10,sl-jp-terastal,603428,Normal,95.08,89.99,99.89,199.99,
2025-01-10,sl-lo-box,277324,Normal,379.42,369.99,446.5,1299.99,
2025-01-10,sl-neo-box,193334,Normal,,39999.99,39999.99,39999.99,
2025-01-10,sl-obf-box,501257,Normal,159.01,149.0,200.0,999.99,
2025-01-10,sl-pe-etb,593355,Normal,152.81,146.99,154.26,178.95,
2025-01-10,sl-pf-etb,528040,Normal,88.8,79.99,97.48,150.0,
2025-01-10,sl-shf-etb,228821,Normal,60.36,55.58,78.06,300.0,
2025-01-10,sl-ss-box,565606,Normal,246.03,244.0,264.0,610.98,
2025-01-10,sl-st-box,283389,Normal,240.59,239.0,299.99,1248.0,
2025-01-10,sl-tf-box,536225,Normal,159.75,129.99,179.98,333.0,
2025-01-10,sv2-185,497557,Normal,0.21,0.01,0.25,5.74,
2025-01-10,sv2-185,497557,Reverse Holofoil,0.99,0.1,0.92,10.0,0.98
2025-01-10,sv2-254,497669,Holofoil,13.92,11.0,14.97,100.0,17.99
2025-01-10,sv2-269,497689,Holofoil,64.03,62.88,76.99,259.99,72.0
2025-01-10,sv3pt5-151,516566,Holofoil,8.7,4.75,8.15,29.99,12.41
2025-01-10,sv3pt5-199,517045,Holofoil,222.54,195.0,239.25,1000.0,
2025-01-10,sv3pt5-205,517051,Holofoil,12.97,9.65,13.86,39.99,15.0
2025-01-10,sv3pt5-4,502555,Normal,0.12,0.01,0.15,25.0,
2025-01-10,sv3pt5-4,502555,Reverse Holofoil,0.23,0.09,0.27,25.0,
2025-01-10,sv3pt5-6,502558,Holofoil,5.56,3.99,5.77,26.0,8.09
2025-01-10,sv3pt5-7,502548,Normal,0.13,0.01,0.15,4.99,
2025-01-10,sv3pt5-7,502548,Reverse Holofoil,0.2,0.08,0.25,15.0,
2025-01-10,sv4pt5-234,535090,Holofoil,175.3,159.99,197.63,374.99,188.99
2025-01-10,sv4pt5-54,534416,Holofoil,2.55,1.35,2.5,34.99,2.99
2025-01-10,sv8-57,590025,Holofoil,6.74,5.75,8.18,29.99,8.0
2025-01-10,svp-085,518861,Normal,251.83,275.0,338.89,700.0,338.98
2025-01-10,swsh11-186,284137,Holofoil,542.15,425.0,599.99,999.99,620.89
2025-01-10,swsh12-186,451834,Holofoil,245.37,246.0,290.0,599.99,273.99
2025-01-10,swsh12pt5gg-GG69,478100,Holofoil,199.99,180.0,222.95,298.69,215.25
2025-01-10,swsh35-25,223018,Normal,0.09,0.02,0.15,1.49,0.07
2025-01-10,swsh35-25,223018,Reverse Holofoil,0.24,0.09,0.25,2.0,
2025-01-10,swsh35-74,223073,Holofoil,180.03,152.99,226.63,1500.0,190.0
2025-01-10,swsh45sv-SV107,232496,Holofoil,106.74,100.54,121.64,349.95,111.56
2025-01-10,swsh7-204,246693,Holofoil,28.01,24.84,34.95,70.0,30.59
2025-01-10,swsh7-205,246696,Holofoil,326.05,346.36,399.64,494.99,346.36
2025-01-10,swsh7-208,246755,Holofoil,24.64,19.0,25.0,49.69,21.08
2025-01-10,swsh7-209,246756,Holofoil,267.55,265.0,314.99,424.99,314.99
2025-01-10,swsh7-211,246702,Holofoil,39.83,33.22,43.95,77.69,46.98
2025-01-10,swsh7-212,246704,Holofoil,259.9,243.99,298.48,449.95,295.99
2025-01-10,swsh7-215,246723,Holofoil,1458.26,1480.0,1736.41,2000.0,1638.99
2025-01-10,swsh7-218,246733,Holofoil,545.16,559.12,699.99,850.0,690.99
2025-01-10,swsh7-41,246753,Holofoil,3.97,1.85,3.99,19.99,3.99
2025-01-10,swsh7-65,246690,Holofoil,9.14,4.8,9.11,500.0,16.2
2025-01-10,swsh7-75,246701,Holofoil,6.34,3.99,7.0,20.0,7.65
2025-01-10,swsh7-8,246691,Holofoil,4.35,2.0,4.41,24.99,3.35
2025-01-10,swsh8-271,253266,Holofoil,572.65,568.44,686.74,998.95,606.96
2025-01-10,swsh9-154,263873,Holofoil,191.72,163.0,223.72,1500.0,212.95
2025-01-11,base1-15,42355,Holofoil,123.34,79.99,127.24,300.0,
2025-01-11,base1-16,42356,Holofoil,38.89,24.0,31.72,64.99,
2025-01-11,base1-2,42360,Holofoil,160.84,78.99,130.0,249.99,
2025-01-11,base1-4,42382,Holofoil,442.48,272.13,419.99,1249.99,
2025-01-11,base1-58,42402,Normal,3.42,0.38,2.01,9999.0,
2025-01-11,cel25c-4,250320,Holofoil,94.89,88.99,109.99,163.64,111.97
2025-01-11,gym2-2,83861,1st Edition Holofoil,936.79,725.0,810.0,895.0,
2025-01-11,gym2-2,83861,Unlimited Holofoil,289.6,308.42,356.12,499.99,
2025-01-11,neo1-9,86903,1st Edition Holofoil,780.96,753.96,2952.0,2953.99,
2025-01-11,neo1-9,86903,Unlimited Holofoil,349.06,186.01,356.99,500.0,
2025-01-11,sl-151-bundle,502000,Normal,64.26,60.0,70.0,194.94,
2025-01-11,sl-151-etb,503313,Normal,163.35,167.0,200.0,4999.99,
2025-01-11,sl-151-upc,502005,Normal,254.09,251.74,300.0,694.94,
2025-01-11,sl-ar-box,265519,Normal,215.16,227.95,299.95,1999.99,
2025-01-11,sl-base-box,185731,Normal,,17000.0,17000.0,17000.0,
2025-01-11,sl-bs-box,256141,Normal,267.52,289.98,374.95,999.99,
2025-01-11,sl-cel-upc,245140,Normal,393.51,393.5,450.0,1000.0,
2025-01-11,sl-champ-etb,218791,Normal,105.02,99.99,119.95,399.99,
2025-01-11,sl-cz-etb,453470,Normal,84.45,82.99,99.99,999.99,
2025-01-11,sl-evs-box,242436,Normal,1188.47,1388.94,1865.8,9999.99,
2025-01-11,sl-evs-etb,243721,Normal,404.62,462.0,499.99,989.99,
2025-01-11,sl-fs-box,247654,Normal,488.12,474.95,545.0,1299.99,
2025-01-11,sl-hf-etb,194729,Normal,224.41,224.41,250.0,459.99,
2025-01-11,sl-jp-151,565243,Normal,110.02,99.99,120.0,199.99,
2025-01-11,sl-jp-terastal,603428,Normal,94.37,89.99,96.75,199.99,
2025-01-11,sl-lo-box,277324,Normal,381.1,369.99,443.0,1299.99,
2025-01-11,sl-neo-box,193334,Normal,,39999.99,39999.99,39999.99,
2025-01-11,sl-obf-box,501257,Normal,160.17,155.0,200.0,999.99,
2025-01-11,sl-pe-etb,593355,Normal,150.37,144.95,153.0,178.95,
2025-01-11,sl-pf-etb,528040,Normal,90.12,79.99,95.0,150.0,
2025-01-11,sl-shf-etb,228821,Normal,61.28,55.58,75.94,300.0,
2025-01-11,sl-ss-box,565606,Normal,237.53,232.99,256.48,610.98,
2025-01-11,sl-st-box,283389,Normal,240.75,239.0,299.98,1248.0,
2025-01-11,sl-tf-box,536225,Normal,157.46,154.99,170.0,333.0,
2025-01-11,sv2-185,497557,Normal,0.2,0.01,0.25,5.74,
2025-01-11,sv2-185,497557,Reverse Holofoil,1.08,0.1,0.94,10.0,1.25
2025-01-11,sv2-254,497669,Holofoil,14.21,11.0,14.99,100.0,17.15
2025-01-11,sv2-269,497689,Holofoil,64.34,62.88,78.0,259.99,72.0
2025-01-11,sv3pt5-151,516566,Holofoil,9.45,4.75,8.43,29.99,14.73
2025-01-11,sv3pt5-199,517045,Holofoil,223.09,195.0,239.79,1000.0,
2025-01-11,sv3pt5-205,517051,Holofoil,13.41,9.86,13.74,39.99,16.02
2025-01-11,sv3pt5-4,502555,Normal,0.12,0.01,0.15,25.0,
2025-01-11,sv3pt5-4,502555,Reverse Holofoil,0.22,0.09,0.27,25.0,
2025-01-11,sv3pt5-6,502558,Holofoil,6.16,3.5,5.9,26.0,8.09
2025-01-11,sv3pt5-7,502548,Normal,0.12,0.01,0.15,4.99,
2025-01-11,sv3pt5-7,502548,Reverse Holofoil,0.23,0.08,0.25,15.0,
2025-01-11,sv4pt5-234,535090,Holofoil,178.01,163.99,198.32,374.99,188.99
2025-01-11,sv4pt5-54,534416,Holofoil,2.5,1.15,2.6,34.99,3.44
2025-01-11,sv8-57,590025,Holofoil,6.85,5.69,8.0,29.99,
2025-01-11,svp-085,518861,Normal,252.99,275.0,336.94,750.0,334.99
2025-01-11,swsh11-186,284137,Holofoil,545.26,425.0,600.0,999.99,620.89
2025-01-11,swsh12-186,451834,Holofoil,248.42,250.0,289.99,599.99,272.99
2025-01-11,swsh12pt5gg-GG69,478100,Holofoil,205.43,180.0,226.0,298.69,242.41
2025-01-11,swsh35-25,223018,Normal,0.09,0.02,0.15,1.49,
2025-01-11,swsh35-25,223018,Reverse Holofoil,0.24,0.09,0.25,2.0,
2025-01-11,swsh35-74,223073,Holofoil,182.39,152.99,227.37,1500.0,228.24
2025-01-11,swsh45sv-SV107,232496,Holofoil,107.5,100.54,122.04,349.95,111.56
2025-01-11,swsh7-204,246693,Holofoil,28.11,24.84,34.94,70.0,26.6
2025-01-11,swsh7-205,246696,Holofoil,328.85,346.36,399.64,494.99,346.36
2025-01-11,swsh7-208,246755,Holofoil,25.5,19.0,25.0,49.69,21.08
2025-01-11,swsh7-209,246756,Holofoil,267.55,265.0,314.99,424.99,314.99
2025-01-11,swsh7-211,246702,Holofoil,39.91,33.22,43.47,77.69,46.98
2025-01-11,swsh7-212,246704,Holofoil,259.9,241.99,297.82,449.95,295.99
2025-01-11,swsh7-215,246723,Holofoil,1494.72,1480.0,1839.66,2000.0,1649.69
2025-01-11,swsh7-218,246733,Holofoil,543.61,650.0,699.99,850.0,689.67
2025-01-11,swsh7-41,246753,Holofoil,4.02,1.85,4.0,19.99,5.99
2025-01-11,swsh7-65,246690,Holofoil,8.51,4.8,9.33,500.0,16.25
2025-01-11,swsh7-75,246701,Holofoil,6.73,3.99,7.0,20.0,7.98
2025-01-11,swsh7-8,246691,Holofoil,4.6,2.31,4.5,24.99,7.11
2025-01-11,swsh8-271,253266,Holofoil,584.23,568.44,700.0,998.95,606.96
2025-01-11,swsh9-154,263873,Holofoil,189.03,163.0,223.39,1500.0,212.95
2025-01-12,base1-15,42355,Holofoil,123.34,79.99,128.77,300.0,
2025-01-12,base1-16,42356,Holofoil,39.13,24.0,31.18,64.99,
2025-01-12,base1-2,42360,Holofoil,160.84,74.98,130.0,249.99,
2025-01-12,base1-4,42382,Holofoil,442.48,272.13,399.99,1249.99,
2025-01-12,base1-58,42402,Normal,3.29,0.38,2.01,9999.0,
2025-01-12,cel25c-4,250320,Holofoil,94.69,88.71,110.0,249.0,98.29
2025-01-12,gym2-2,83861,1st Edition Holofoil,936.79,725.0,810.0,895.0,
2025-01-12,gym2-2,83861,Unlimited Holofoil,289.6,308.42,356.12,499.99,
2025-01-12,neo1-9,86903,1st Edition Holofoil,780.96,999.99,2952.0,2953.99,
2025-01-12,neo1-9,86903,Unlimited Holofoil,349.06,331.1,375.18,500.0,
2025-01-12,sl-151-bundle,502000,Normal,65.69,60.0,70.0,194.94,
2025-01-12,sl-151-etb,503313,Normal,171.39,167.0,200.0,4999.99,
2025-01-12,sl-151-upc,502005,Normal,254.94,259.95,300.0,694.94,
2025-01-12,sl-ar-box,265519,Normal,217.56,235.0,299.95,1999.99,
2025-01-12,sl-base-box,185731,Normal,,17000.0,17000.0,17000.0,
2025-01-12,sl-bs-box,256141,Normal,272.72,289.98,374.95,999.99,
2025-01-12,sl-cel-upc,245140,Normal,393.51,383.95,450.0,1000.0,
2025-01-12,sl-champ-etb,218791,Normal,105.33,99.99,120.0,399.99,
2025-01-12,sl-cz-etb,453470,Normal,86.34,82.99,103.99,999.99,
2025-01-12,sl-evs-box,242436,Normal,1251.94,1384.97,1989.5,9999.99,
2025-01-12,sl-evs-etb,243721,Normal,404.62,450.01,499.99,989.99,
2025-01-12,sl-fs-box,247654,Normal,488.62,455.95,512.48,1299.99,
2025-01-12,sl-hf-etb,194729,Normal,224.41,224.41,250.0,459.99,
2025-01-12,sl-jp-151,565243,Normal,110.79,105.0,122.48,199.99,
2025-01-12,sl-jp-terastal,603428,Normal,94.23,85.0,99.98,199.99,
2025-01-12,sl-lo-box,277324,Normal,385.31,367.99,443.0,1299.99,
2025-01-12,sl-neo-box,193334,Normal,,39999.99,39999.99,39999.99,
2025-01-12,sl-obf-box,501257,Normal,161.81,155.0,203.99,999.99,
2025-01-12,sl-pe-etb,593355,Normal,150.09,143.95,151.51,199.99,
2025-01-12,sl-pf-etb,528040,Normal,88.41,81.0,95.0,150.0,
2025-01-12,sl-shf-etb,228821,Normal,62.72,55.58,76.05,300.0,
2025-01-12,sl-ss-box,565606,Normal,233.13,224.5,259.0,610.98,
2025-01-12,sl-st-box,283389,Normal,241.47,239.0,299.99,1248.0,
2025-01-12,sl-tf-box,536225,Normal,153.62,151.48,180.0,333.0,
2025-01-12,sv2-185,497557,Normal,0.21,0.05,0.25,5.74,
2025-01-12,sv2-185,497557,Reverse Holofoil,1.11,0.09,0.96,10.0,1.74
2025-01-12,sv2-254,497669,Holofoil,13.82,11.0,14.93,100.0,17.15
2025-01-12,sv2-269,497689,Holofoil,64.35,60.0,78.0,259.99,
2025-01-12,sv3pt5-151,516566,Holofoil,9.05,4.75,8.67,29.99,7.2
2025-01-12,sv3pt5-199,517045,Holofoil,220.04,200.0,240.0,1000.0,
2025-01-12,sv3pt5-205,517051,Holofoil,13.6,9.86,13.73,39.99,21.99
2025-01-12,sv3pt5-4,502555,Normal,0.11,0.01,0.15,25.0,
2025-01-12,sv3pt5-4,502555,Reverse Holofoil,0.27,0.07,0.27,25.0,
2025-01-12,sv3pt5-6,502558,Holofoil,4.96,3.44,5.83,26.0,8.09
2025-01-12,sv3pt5-7,502548,Normal,0.09,0.01,0.15,4.99,
2025-01-12,sv3pt5-7,502548,Reverse Holofoil,0.23,0.07,0.25,15.0,
2025-01-12,sv4pt5-234,535090,Holofoil,179.13,179.99,198.32,374.99,
2025-01-12,sv4pt5-54,534416,Holofoil,2.31,1.15,2.57,34.99,3.74
2025-01-12,sv8-57,590025,Holofoil,7.31,6.1,8.0,29.99,
2025-01-12,svp-085,518861,Normal,257.08,275.0,334.97,750.0,334.99
2025-01-12,swsh11-186,284137,Holofoil,549.77,499.99,612.82,999.99,620.89
2025-01-12,swsh12-186,451834,Holofoil,251.91,209.99,294.72,599.99,272.99
2025-01-12,swsh12pt5gg-GG69,478100,Holofoil,204.3,195.2,238.1,298.69,231.23
2025-01-12,swsh35-25,223018,Normal,0.09,0.02,0.15,1.49,
2025-01-12,swsh35-25,223018,Reverse Holofoil,0.24,0.09,0.25,2.0,
2025-01-12,swsh35-74,223073,Holofoil,183.15,152.99,228.02,1500.0,228.24
2025-01-12,swsh45sv-SV107,232496,Holofoil,107.5,101.24,123.5,349.95,111.56
2025-01-12,swsh7-204,246693,Holofoil,28.11,24.84,34.94,70.0,26.6
2025-01-12,swsh7-205,246696,Holofoil,331.49,346.36,400.0,494.99,346.36
2025-01-12,swsh7-208,246755,Holofoil,26.14,19.0,25.12,49.69,21.08
2025-01-12,swsh7-209,246756,Holofoil,270.23,265.0,324.72,424.99,349.69
2025-01-12,swsh7-211,246702,Holofoil,39.91,36.69,43.95,77.69,46.98
2025-01-12,swsh7-212,246704,Holofoil,256.02,241.99,297.95,449.95,295.99
2025-01-12,swsh7-215,246723,Holofoil,1494.72,1480.0,1650.0,2000.0,1649.68
2025-01-12,swsh7-218,246733,Holofoil,549.61,548.61,699.99,850.0,689.66
2025-01-12,swsh7-41,246753,Holofoil,4.05,1.85,4.08,89.0,3.56
2025-01-12,swsh7-65,246690,Holofoil,8.83,4.8,9.05,500.0,16.25
2025-01-12,swsh7-75,246701,Holofoil,7.12,3.99,7.0,20.0,14.16
2025-01-12,swsh7-8,246691,Holofoil,4.53,2.31,4.63,24.99,4.53
2025-01-12,swsh8-271,253266,Holofoil,584.23,568.44,699.99,998.95,606.96
2025-01-12,swsh9-154,263873,Holofoil,189.06,163.0,221.47,1500.0,212.95
2025-01-13,base1-15,42355,Holofoil,123.34,72.94,127.24,300.0,
2025-01-13,base1-16,42356,Holofoil,39.46,22.73,32.25,64.99,28.52
2025-01-13,base1-2,42360,Holofoil,160.84,75.0,130.0,249.99,
2025-01-13,base1-4,42382,Holofoil,442.48,272.13,369.99,1249.99,
2025-01-13,base1-58,42402,Normal,3.36,0.38,2.01,9999.0,1.7
2025-01-13,cel25c-4,250320,Holofoil,94.53,87.99,107.75,249.0,94.01
2025-01-13,gym2-2,83861,1st Edition Holofoil,936.79,725.0,810.0,895.0,
2025-01-13,gym2-2,83861,Unlimited Holofoil,289.6,289.6,349.99,499.99,
2025-01-13,neo1-9,86903,1st Edition Holofoil,780.96,999.99,2952.0,2953.99,
2025-01-13,neo1-9,86903,Unlimited Holofoil,349.06,344.97,374.99,500.0,
2025-01-13,sl-151-bundle,502000,Normal,65.67,60.0,70.0,194.94,
2025-01-13,sl-151-etb,503313,Normal,175.39,167.0,200.0,4999.99,
2025-01-13,sl-151-upc,502005,Normal,264.46,270.0,300.0,694.94,
2025-01-13,sl-ar-box,265519,Normal,217.56,235.0,299.95,1999.99,
2025-01-13,sl-base-box,185731,Normal,,17000.0,17000.0,17000.0,
2025-01-13,sl-bs-box,256141,Normal,277.32,298.0,368.27,999.99,
2025-01-13,sl-cel-upc,245140,Normal,392.88,386.96,450.0,1000.0,
2025-01-13,sl-champ-etb,218791,Normal,104.33,99.99,120.0,399.99,
2025-01-13,sl-cz-etb,453470,Normal,87.68,82.99,113.5,999.99,
2025-01-13,sl-evs-box,242436,Normal,1267.94,1469.99,1989.5,9999.99,
2025-01-13,sl-evs-etb,243721,Normal,404.62,450.01,499.99,989.99,
2025-01-13,sl-fs-box,247654,Normal,490.22,469.99,545.0,1299.99,
2025-01-13,sl-hf-etb,194729,Normal,223.85,224.41,249.95,499.99,
2025-01-13,sl-jp-151,565243,Normal,111.76,105.0,125.0,199.99,
2025-01-13,sl-jp-terastal,603428,Normal,95.71,92.76,102.0,199.99,
2025-01-13,sl-lo-box,277324,Normal,385.31,367.99,443.0,1299.99,
2025-01-13,sl-neo-box,193334,Normal,,39999.99,39999.99,39999.99,
2025-01-13,sl-obf-box,501257,Normal,164.73,159.99,202.0,999.99,
2025-01-13,sl-pe-etb,593355,Normal,147.15,139.9,149.99,199.99,
2025-01-13,sl-pf-etb,528040,Normal,88.97,84.48,94.95,200.0,
2025-01-13,sl-shf-etb,228821,Normal,65.01,55.58,75.94,300.0,
2025-01-13,sl-ss-box,565606,Normal,231.24,219.75,259.99,610.98,
2025-01-13,sl-st-box,283389,Normal,242.91,240.0,299.98,1248.0,
2025-01-13,sl-tf-box,536225,Normal,152.93,148.48,179.48,333.0,
2025-01-13,sv2-185,497557,Normal,0.25,0.05,0.25,5.74,
2025-01-13,sv2-185,497557,Reverse Holofoil,1.05,0.09,0.99,10.0,2.24
2025-01-13,sv2-254,497669,Holofoil,14.42,11.0,14.53,100.0,18.95
2025-01-13,sv2-269,497689,Holofoil,63.86,59.99,76.79,259.99,64.83
2025-01-13,sv3pt5-151,516566,Holofoil,8.77,4.75,8.67,29.99,12.99
2025-01-13,sv3pt5-199,517045,Holofoil,226.27,195.99,249.99,1000.0,
2025-01-13,sv3pt5-205,517051,Holofoil,13.13,9.86,13.77,39.99,17.12
2025-01-13,sv3pt5-4,502555,Normal,0.11,0.01,0.15,25.0,0.11
2025-01-13,sv3pt5-4,502555,Reverse Holofoil,0.26,0.07,0.27,25.0,
2025-01-13,sv3pt5-6,502558,Holofoil,4.78,3.5,5.76,26.0,6.9
2025-01-13,sv3pt5-7,502548,Normal,0.09,0.01,0.15,4.99,0.09
2025-01-13,sv3pt5-7,502548,Reverse Holofoil,0.23,0.08,0.25,15.0,
2025-01-13,sv4pt5-234,535090,Holofoil,182.42,179.99,199.0,374.99,
2025-01-13,sv4pt5-54,534416,Holofoil,2.47,1.12,2.57,34.99,3.59
2025-01-13,sv8-57,590025,Holofoil,7.21,5.85,8.0,29.99,6.69
2025-01-13,svp-085,518861,Normal,260.16,275.0,334.97,750.0,334.94
2025-01-13,swsh11-186,284137,Holofoil,552.32,499.99,600.0,999.99,620.89
2025-01-13,swsh12-186,451834,Holofoil,252.8,209.99,296.04,599.99,272.99
2025-01-13,swsh12pt5gg-GG69,478100,Holofoil,204.97,199.66,225.5,298.69,255.0
2025-01-13,swsh35-25,223018,Normal,0.11,0.02,0.15,1.49,
2025-01-13,swsh35-25,223018,Reverse Holofoil,0.25,0.09,0.25,2.0,
2025-01-13,swsh35-74,223073,Holofoil,183.15,152.99,228.12,1500.0,227.99
2025-01-13,swsh45sv-SV107,232496,Holofoil,108.43,100.0,123.75,349.95,111.56
2025-01-13,swsh7-204,246693,Holofoil,28.23,24.84,34.96,70.0,25.94
2025-01-13,swsh7-205,246696,Holofoil,338.29,346.36,401.51,494.99,346.36
2025-01-13,swsh7-208,246755,Holofoil,26.51,19.0,25.0,69.99,21.08
2025-01-13,swsh7-209,246756,Holofoil,270.23,265.0,328.13,424.99,349.69
2025-01-13,swsh7-211,246702,Holofoil,40.27,36.69,43.47,77.69,48.22
2025-01-13,swsh7-212,246704,Holofoil,255.93,250.0,299.99,449.95,295.99
2025-01-13,swsh7-215,246723,Holofoil,1504.76,1445.0,1672.48,2000.0,1639.0
2025-01-13,swsh7-218,246733,Holofoil,550.51,547.61,699.99,850.0,689.66
2025-01-13,swsh7-41,246753,Holofoil,3.79,1.85,4.05,89.0,3.74
2025-01-13,swsh7-65,246690,Holofoil,8.74,4.8,9.0,500.0,11.95
2025-01-13,swsh7-75,246701,Holofoil,7.57,3.99,7.27,20.0,11.95
2025-01-13,swsh7-8,246691,Holofoil,4.57,2.31,4.66,24.99,7.0
2025-01-13,swsh8-271,253266,Holofoil,584.23,568.44,699.99,998.95,606.96
2025-01-13,swsh9-154,263873,Holofoil,189.06,163.0,214.97,1500.0,169.29
2025-01-14,base1-15,42355,Holofoil,118.98,72.94,139.99,300.0,
2025-01-14,base1-16,42356,Holofoil,39.46,22.73,32.63,64.99,28.52
2025-01-14,base1-2,42360,Holofoil,163.33,78.0,125.0,249.99,
2025-01-14,base1-4,42382,Holofoil,442.48,270.0,384.99,1249.99,
2025-01-14,base1-58,42402,Normal,3.15,0.38,2.08,9999.0,2.79
2025-01-14,cel25c-4,250320,Holofoil,94.16,88.99,109.74,249.0,109.99
2025-01-14,gym2-2,83861,1st Edition Holofoil,936.79,725.0,810.0,895.0,
2025-01-14,gym2-2,83861,Unlimited Holofoil,289.6,289.6,349.99,499.99,
2025-01-14,neo1-9,86903,1st Edition Holofoil,780.96,999.99,2950.0,2953.99,
2025-01-14,neo1-9,86903,Unlimited Holofoil,349.06,344.97,375.36,1000.0,
2025-01-14,sl-151-bundle,502000,Normal,67.1,59.99,70.0,194.94,
2025-01-14,sl-151-etb,503313,Normal,173.34,170.0,200.0,4999.99,
2025-01-14,sl-151-upc,502005,Normal,268.6,273.99,300.0,694.94,
2025-01-14,sl-ar-box,265519,Normal,219.52,235.0,299.95,1999.99,
2025-01-14,sl-base-box,185731,Normal,,17000.0,17000.0,17000.0,
2025-01-14,sl-bs-box,256141,Normal,280.23,299.0,377.45,999.99,
2025-01-14,sl-cel-upc,245140,Normal,392.36,393.5,450.0,1000.0,
2025-01-14,sl-champ-etb,218791,Normal,104.15,99.99,120.0,399.99,
2025-01-14,sl-cz-etb,453470,Normal,88.24,82.99,107.99,999.99,
2025-01-14,sl-evs-box,242436,Normal,1271.74,1495.0,1990.0,9999.99,
2025-01-14,sl-evs-etb,243721,Normal,404.62,450.01,499.99,989.89,
2025-01-14,sl-fs-box,247654,Normal,490.22,469.98,520.99,1299.99,
2025-01-14,sl-hf-etb,194729,Normal,223.81,224.41,249.95,499.99,
2025-01-14,sl-jp-151,565243,Normal,113.59,105.0,120.0,199.99,
2025-01-14,sl-jp-terastal,603428,Normal,94.39,92.76,99.99,170.0,
2025-01-14,sl-lo-box,277324,Normal,387.95,371.98,443.0,1299.99,
2025-01-14,sl-neo-box,193334,Normal,,39999.99,39999.99,39999.99,
2025-01-14,sl-obf-box,501257,Normal,171.65,169.0,203.99,999.99,
2025-01-14,sl-pe-etb,593355,Normal,147.89,143.95,149.99,229.99,
2025-01-14,sl-pf-etb,528040,Normal,87.47,87.99,94.98,200.0,
2025-01-14,sl-shf-etb,228821,Normal,66.33,55.58,79.97,300.0,
2025-01-14,sl-ss-box,565606,Normal,237.74,233.41,264.0,610.98,
2025-01-14,sl-st-box,283389,Normal,243.47,240.0,299.98,1248.0,
2025-01-14,sl-tf-box,536225,Normal,154.7,158.95,180.0,333.0,
2025-01-14,sv2-185,497557,Normal,0.2,0.01,0.25,5.74,0.1
2025-01-14,sv2-185,497557,Reverse Holofoil,0.76,0.1,0.97,11.5,2.38
2025-01-14,sv2-254,497669,Holofoil,14.47,11.2,14.87,100.0,18.0
2025-01-14,sv2-269,497689,Holofoil,63.85,58.0,75.8,259.99,64.83
2025-01-14,sv3pt5-151,516566,Holofoil,9.46,4.75,8.81,29.99,14.72
2025-01-14,sv3pt5-199,517045,Holofoil,230.05,207.0,249.99,1000.0,240.0
2025-01-14,sv3pt5-205,517051,Holofoil,13.1,10.0,14.13,39.99,19.85
2025-01-14,sv3pt5-4,502555,Normal,0.1,0.01,0.15,25.0,0.1
2025-01-14,sv3pt5-4,502555,Reverse Holofoil,0.34,0.07,0.28,25.0,0.23
2025-01-14,sv3pt5-6,502558,Holofoil,5.68,3.5,5.75,26.0,6.99
2025-01-14,sv3pt5-7,502548,Normal,0.09,0.01,0.15,4.99,0.08
2025-01-14,sv3pt5-7,502548,Reverse Holofoil,0.23,0.08,0.25,15.0,
2025-01-14,sv4pt5-234,535090,Holofoil,185.38,179.99,200.0,374.99,179.99
2025-01-14,sv4pt5-54,534416,Holofoil,2.04,1.5,2.59,34.99,3.59
2025-01-14,sv8-57,590025,Holofoil,7.25,5.85,8.0,29.99,7.99
2025-01-14,sv8pt5-59,610414,Holofoil,,19.99,19.99,19.99,
2025-01-14,svp-085,518861,Normal,261.36,275.0,334.95,750.0,334.94
2025-01-14,swsh11-186,284137,Holofoil,558.78,449.0,598.99,999.99,620.95
2025-01-14,swsh12-186,451834,Holofoil,254.58,209.99,304.96,599.99,289.99
2025-01-14,swsh12pt5gg-GG69,478100,Holofoil,207.29,199.66,233.35,298.69,255.0
2025-01-14,swsh35-25,223018,Normal,0.11,0.02,0.15,1.49,
2025-01-14,swsh35-25,223018,Reverse Holofoil,0.23,0.09,0.25,2.0,
2025-01-14,swsh35-74,223073,Holofoil,187.87,144.79,229.99,1500.0,249.99
2025-01-14,swsh45sv-SV107,232496,Holofoil,110.34,100.0,124.97,349.95,113.42
2025-01-14,swsh7-204,246693,Holofoil,28.5,24.84,34.94,70.0,25.44
2025-01-14,swsh7-205,246696,Holofoil,345.62,346.36,405.8,550.0,346.36
2025-01-14,swsh7-208,246755,Holofoil,26.15,19.0,25.06,69.99,21.08
2025-01-14,swsh7-209,246756,Holofoil,274.3,264.99,314.99,424.99,350.0
2025-01-14,swsh7-211,246702,Holofoil,40.24,36.69,42.99,77.69,48.22
2025-01-14,swsh7-212,246704,Holofoil,263.99,259.99,300.0,449.95,299.99
2025-01-14,swsh7-215,246723,Holofoil,1504.46,1445.0,1655.85,2000.0,1639.0
2025-01-14,swsh7-218,246733,Holofoil,557.1,687.99,724.23,850.0,689.67
2025-01-14,swsh7-41,246753,Holofoil,3.56,1.85,4.03,89.0,4.99
2025-01-14,swsh7-65,246690,Holofoil,8.81,4.8,8.99,500.0,16.44
2025-01-14,swsh7-75,246701,Holofoil,7.38,3.99,7.49,20.0,6.32
2025-01-14,swsh7-8,246691,Holofoil,4.45,2.0,4.68,24.99,3.35
2025-01-14,swsh8-271,253266,Holofoil,601.63,579.99,679.99,998.95,606.96
2025-01-14,swsh9-154,263873,Holofoil,187.86,163.0,220.42,1500.0,169.29
2025-01-15,base1-15,42355,Holofoil,118.98,72.94,128.34,300.0,
2025-01-15,base1-16,42356,Holofoil,39.38,22.73,33.33,64.99,28.52
2025-01-15,base1-2,42360,Holofoil,163.33,78.0,131.38,249.99,99.99
2025-01-15,base1-4,42382,Holofoil,442.48,270.0,419.99,1249.99,259.99
2025-01-15,base1-58,42402,Normal,3.17,0.5,2.19,9999.0,2.0
2025-01-15,cel25c-4,250320,Holofoil,95.7,89.99,108.97,249.0,89.98
2025-01-15,gym2-2,83861,1st Edition Holofoil,936.79,725.0,810.0,895.0,
2025-01-15,gym2-2,83861,Unlimited Holofoil,289.6,289.6,349.99,499.99,
2025-01-15,neo1-9,86903,1st Edition Holofoil,780.96,999.99,2950.0,2953.99,
2025-01-15,neo1-9,86903,Unlimited Holofoil,349.06,344.97,375.36,1000.0,
2025-01-15,sl-151-bundle,502000,Normal,66.83,60.0,70.0,194.94,
2025-01-15,sl-151-etb,503313,Normal,172.38,159.99,192.43,4999.99,
2025-01-15,sl-151-upc,502005,Normal,273.14,269.49,300.0,694.94,
2025-01-15,sl-ar-box,265519,Normal,219.52,235.0,289.98,1999.99,
2025-01-15,sl-base-box,185731,Normal,,17000.0,17000.0,17000.0,
2025-01-15,sl-bs-box,256141,Normal,286.61,288.99,340.8,999.99,
2025-01-15,sl-cel-upc,245140,Normal,392.36,393.5,450.0,1000.0,
2025-01-15,sl-champ-etb,218791,Normal,104.15,99.99,122.48,399.99,
2025-01-15,sl-cz-etb,453470,Normal,89.82,81.99,108.99,1999.99,
2025-01-15,sl-evs-box,242436,Normal,1331.53,1495.0,1865.8,9999.99,
2025-01-15,sl-evs-etb,243721,Normal,404.62,444.99,499.99,989.89,
2025-01-15,sl-fs-box,247654,Normal,485.9,468.99,512.5,1299.99,
2025-01-15,sl-hf-etb,194729,Normal,225.03,224.41,249.48,499.99,
2025-01-15,sl-jp-151,565243,Normal,113.46,105.0,120.0,199.99,
2025-01-15,sl-jp-terastal,603428,Normal,95.41,92.99,99.49,170.0,
2025-01-15,sl-jt-box,610931,Normal,175.0,279.99,289.99,299.99,
2025-01-15,sl-lo-box,277324,Normal,388.83,371.98,446.5,1299.99,
2025-01-15,sl-neo-box,193334,Normal,,39999.99,39999.99,39999.99,
2025-01-15,sl-obf-box,501257,Normal,173.09,169.0,199.99,999.99,
2025-01-15,sl-pe-etb,593355,Normal,133.53,137.0,147.68,229.99,
2025-01-15,sl-pf-etb,528040,Normal,88.46,84.99,94.95,200.0,
2025-01-15,sl-shf-etb,228821,Normal,66.41,55.0,79.95,300.0,
2025-01-15,sl-ss-box,565606,Normal,239.38,235.0,268.0,999.95,
2025-01-15,sl-st-box,283389,Normal,245.59,245.98,299.99,1248.0,
2025-01-15,sl-tf-box,536225,Normal,156.86,158.95,180.0,333.0,
2025-01-15,sv2-185,497557,Normal,0.17,0.05,0.25,5.74,0.1
2025-01-15,sv2-185,497557,Reverse Holofoil,0.82,0.1,0.93,10.0,1.99
2025-01-15,sv2-254,497669,Holofoil,14.0,10.0,14.99,100.0,18.9
2025-01-15,sv2-269,497689,Holofoil,63.7,60.0,77.8,259.99,72.0
2025-01-15,sv3pt5-151,516566,Holofoil,8.87,4.75,8.79,29.99,12.44
2025-01-15,sv3pt5-199,517045,Holofoil,234.04,207.0,250.0,1000.0,211.99
2025-01-15,sv3pt5-205,517051,Holofoil,13.49,10.0,14.18,39.99,17.07
2025-01-15,sv3pt5-4,502555,Normal,0.1,0.01,0.15,25.0,0.1
2025-01-15,sv3pt5-4,502555,Reverse Holofoil,0.35,0.07,0.3,25.0,0.25
2025-01-15,sv3pt5-6,502558,Holofoil,5.44,3.5,5.72,100.0,6.09
2025-01-15,sv3pt5-7,502548,Normal,0.09,0.01,0.15,4.99,0.08
2025-01-15,sv3pt5-7,502548,Reverse Holofoil,0.24,0.08,0.25,15.0,
2025-01-15,sv4pt5-234,535090,Holofoil,185.68,179.99,216.02,374.99,179.99
2025-01-15,sv4pt5-54,534416,Holofoil,2.37,1.25,2.53,34.99,3.59
2025-01-15,sv8-57,590025,Holofoil,7.65,6.28,8.0,100.0,8.95
2025-01-15,sv8pt5-28,610383,Holofoil,,24.99,24.99,24.99,
2025-01-15,sv8pt5-59,610414,Holofoil,17.5,15.0,17.5,19.99,
2025-01-15,sv8pt5-59,610414,Reverse Holofoil,,25.0,32.5,39.99,
2025-01-15,svp-085,518861,Normal,267.0,275.0,334.92,750.0,334.89
2025-01-15,swsh11-186,284137,Holofoil,560.94,449.0,600.0,999.99,620.95
2025-01-15,swsh12-186,451834,Holofoil,255.74,230.0,299.99,599.99,289.99
2025-01-15,swsh12pt5gg-GG69,478100,Holofoil,205.69,199.66,249.5,298.69,294.0
2025-01-15,swsh35-25,223018,Normal,0.11,0.02,0.15,1.49,
2025-01-15,swsh35-25,223018,Reverse Holofoil,0.23,0.09,0.25,1.0,0.23
2025-01-15,swsh35-74,223073,Holofoil,187.87,156.03,229.99,1500.0,231.55
2025-01-15,swsh45sv-SV107,232496,Holofoil,112.11,102.16,125.26,349.95,127.99
2025-01-15,swsh7-204,246693,Holofoil,28.5,24.84,34.98,70.0,24.42
2025-01-15,swsh7-205,246696,Holofoil,345.62,346.36,412.4,799.99,346.36
2025-01-15,swsh7-208,246755,Holofoil,25.81,19.0,25.95,69.99,20.22
2025-01-15,swsh7-209,246756,Holofoil,274.31,283.74,342.89,599.99,349.99
2025-01-15,swsh7-211,246702,Holofoil,40.24,36.69,43.95,99.99,48.22
2025-01-15,swsh7-212,246704,Holofoil,271.48,282.2,329.0,599.99,297.0
2025-01-15,swsh7-215,246723,Holofoil,1513.79,1445.0,1661.75,2000.0,1639.0
2025-01-15,swsh7-218,246733,Holofoil,557.1,687.99,749.99,850.0,689.67
2025-01-15,swsh7-41,246753,Holofoil,3.61,2.3,4.06,89.0,6.4
2025-01-15,swsh7-65,246690,Holofoil,9.79,4.8,9.51,500.0,8.99
2025-01-15,swsh7-75,246701,Holofoil,7.71,3.99,7.55,29.99,9.94
2025-01-15,swsh7-8,246691,Holofoil,4.81,2.31,4.74,24.99,4.51
2025-01-15,swsh8-271,253266,Holofoil,606.63,579.99,799.59,999.99,606.96
2025-01-15,swsh9-154,263873,Holofoil,188.82,165.0,222.27,1500.0,149.99
2025-01-16,base1-15,42355,Holofoil,118.98,72.94,127.02,300.0,
2025-01-16,base1-16,42356,Holofoil,39.37,22.73,32.63,64.99,38.2
2025-01-16,base1-2,42360,Holofoil,163.33,78.0,140.87,249.99,
2025-01-16,base1-4,42382,Holofoil,442.48,270.0,409.99,1249.99,
2025-01-16,base1-58,42402,Normal,3.15,0.5,2.18,9999.0,
2025-01-16,cel25c-4,250320,Holofoil,95.12,88.76,109.99,249.0,90.0
2025-01-16,gym2-2,83861,1st Edition Holofoil,928.43,725.0,725.0,725.0,
2025-01-16,gym2-2,83861,Unlimited Holofoil,289.41,289.6,349.0,499.99,
2025-01-16,neo1-9,86903,1st Edition Holofoil,780.96,999.99,2950.0,2953.99,
2025-01-16,neo1-9,86903,Unlimited Holofoil,349.06,344.97,397.68,1000.0,
2025-01-16,sl-151-bundle,502000,Normal,65.59,54.0,69.99,194.94,
2025-01-16,sl-151-etb,503313,Normal,170.62,163.6,199.97,4999.99,
2025-01-16,sl-151-upc,502005,Normal,248.28,269.38,300.0,694.94,
2025-01-16,sl-ar-box,265519,Normal,221.49,235.0,280.0,1999.99,
2025-01-16,sl-base-box,185731,Normal,,17000.0,17000.0,17000.0,
2025-01-16,sl-bs-box,256141,Normal,287.51,288.99,350.0,999.99,
2025-01-16,sl-cel-upc,245140,Normal,392.48,393.5,450.0,1000.0,
2025-01-16,sl-champ-etb,218791,Normal,104.15,99.99,120.0,399.99,
2025-01-16,sl-cz-etb,453470,Normal,91.05,82.99,107.97,1999.99,
2025-01-16,sl-evs-box,242436,Normal,1331.53,1494.98,1799.98,9999.99,
2025-01-16,sl-evs-etb,243721,Normal,404.62,444.99,499.99,989.89,
2025-01-16,sl-fs-box,247654,Normal,485.9,467.89,500.0,1299.99,
2025-01-16,sl-hf-etb,194729,Normal,224.52,224.7,249.95,499.99,
2025-01-16,sl-jp-151,565243,Normal,114.67,104.0,120.0,199.99,
2025-01-16,sl-jp-terastal,603428,Normal,93.69,89.0,97.47,170.0,
2025-01-16,sl-jt-box,610931,Normal,249.09,272.75,274.95,279.99,
2025-01-16,sl-lo-box,277324,Normal,388.07,365.89,436.44,1299.99,
2025-01-16,sl-neo-box,193334,Normal,,39999.99,39999.99,39999.99,
2025-01-16,sl-obf-box,501257,Normal,174.57,166.89,199.98,999.99,
2025-01-16,sl-pe-etb,593355,Normal,136.24,125.24,139.99,229.99,
2025-01-16,sl-pf-etb,528040,Normal,86.86,84.99,94.95,200.0,
2025-01-16,sl-shf-etb,228821,Normal,64.65,60.0,82.25,300.0,
2025-01-16,sl-ss-box,565606,Normal,239.16,230.0,260.99,999.95,
2025-01-16,sl-st-box,283389,Normal,245.71,244.95,297.99,1248.0,
2025-01-16,sl-tf-box,536225,Normal,158.5,163.99,180.0,333.0,
2025-01-16,sv2-185,497557,Normal,0.18,0.01,0.25,5.74,
2025-01-16,sv2-185,497557,Reverse Holofoil,0.86,0.1,0.92,10.0,0.85
2025-01-16,sv2-254,497669,Holofoil,13.64,10.0,14.89,100.0,18.7
2025-01-16,sv2-269,497689,Holofoil,61.32,54.0,78.0,259.99,72.0
2025-01-16,sv3pt5-151,516566,Holofoil,7.85,4.75,8.66,29.99,13.49
2025-01-16,sv3pt5-199,517045,Holofoil,236.84,195.0,260.47,1000.0,
2025-01-16,sv3pt5-205,517051,Holofoil,14.15,11.0,14.25,100.0,15.0
2025-01-16,sv3pt5-4,502555,Normal,0.11,0.01,0.15,25.0,
2025-01-16,sv3pt5-4,502555,Reverse Holofoil,0.41,0.09,0.3,25.0,
2025-01-16,sv3pt5-6,502558,Holofoil,4.84,3.5,5.7,100.0,6.24
2025-01-16,sv3pt5-7,502548,Normal,0.09,0.01,0.15,4.99,
2025-01-16,sv3pt5-7,502548,Reverse Holofoil,0.25,0.08,0.25,15.0,
2025-01-16,sv4pt5-234,535090,Holofoil,187.56,179.99,200.49,374.99,
2025-01-16,sv4pt5-54,534416,Holofoil,2.38,1.25,2.55,34.99,3.49
2025-01-16,sv8-57,590025,Holofoil,7.24,6.11,8.0,100.0,
2025-01-16,sv8pt5-156,610511,Holofoil,,749.99,749.99,749.99,
2025-01-16,sv8pt5-179,610534,Holofoil,,499.99,499.99,499.99,
2025-01-16,sv8pt5-28,610383,Holofoil,,24.99,24.99,24.99,
2025-01-16,sv8pt5-47,610402,Normal,,0.5,0.5,0.99,
2025-01-16,sv8pt5-47,610402,Reverse Holofoil,,1.0,1.0,1.0,
2025-01-16,sv8pt5-59,610414,Holofoil,17.19,13.99,15.99,19.99,
2025-01-16,sv8pt5-59,610414,Reverse Holofoil,,13.99,25.0,39.99,
2025-01-16,svp-085,518861,Normal,267.0,250.0,327.0,750.0,334.79
2025-01-16,swsh11-186,284137,Holofoil,558.53,449.0,625.0,999.99,620.95
2025-01-16,swsh12-186,451834,Holofoil,270.54,239.44,320.0,599.99,312.44
2025-01-16,swsh12pt5gg-GG69,478100,Holofoil,204.98,210.0,249.99,325.0,240.69
2025-01-16,swsh35-25,223018,Normal,0.11,0.02,0.15,1.49,
2025-01-16,swsh35-25,223018,Reverse Holofoil,0.23,0.09,0.25,1.36,
2025-01-16,swsh35-74,223073,Holofoil,190.15,156.03,232.42,1500.0,234.85
2025-01-16,swsh45sv-SV107,232496,Holofoil,110.19,99.99,124.97,349.95,124.97
2025-01-16,swsh7-204,246693,Holofoil,28.4,23.91,34.98,70.0,23.91
2025-01-16,swsh7-205,246696,Holofoil,346.08,253.13,412.4,799.99,346.36
2025-01-16,swsh7-208,246755,Holofoil,25.81,19.0,25.99,69.99,20.22
2025-01-16,swsh7-209,246756,Holofoil,278.63,283.74,346.19,599.99,349.99
2025-01-16,swsh7-211,246702,Holofoil,39.94,35.0,42.5,99.99,48.22
2025-01-16,swsh7-212,246704,Holofoil,277.92,282.2,329.0,599.99,449.95
2025-01-16,swsh7-215,246723,Holofoil,1582.76,1499.94,1783.06,2000.0,1649.68
2025-01-16,swsh7-218,246733,Holofoil,556.1,595.0,699.99,850.0,689.67
2025-01-16,swsh7-41,246753,Holofoil,3.85,2.3,4.02,89.0,3.56
2025-01-16,swsh7-65,246690,Holofoil,9.38,4.8,9.59,500.0,12.44
2025-01-16,swsh7-75,246701,Holofoil,7.23,3.99,7.51,29.99,13.28
2025-01-16,swsh7-8,246691,Holofoil,4.54,2.31,4.66,24.99,4.51
2025-01-16,swsh8-271,253266,Holofoil,636.36,550.0,799.68,999.99,606.96
2025-01-16,swsh9-154,263873,Holofoil,187.41,165.0,223.39,1500.0,149.99
2025-01-17,base1-15,42355,Holofoil,120.14,72.94,125.7,300.0,
2025-01-17,base1-16,42356,Holofoil,39.62,22.73,33.0,64.99,13.97
2025-01-17,base1-2,42360,Holofoil,165.73,87.95,137.75,249.99,
2025-01-17,base1-4,42382,Holofoil,442.48,270.0,384.99,1249.99,
2025-01-17,base1-58,42402,Normal,3.15,0.5,2.19,9999.0,
2025-01-17,cel25c-4,250320,Holofoil,94.45,88.76,110.0,249.0,90.0
2025-01-17,gym2-2,83861,Unlimited Holofoil,289.41,289.6,349.5,550.0,
2025-01-17,neo1-9,86903,1st Edition Holofoil,780.96,999.99,2950.0,2953.99,
2025-01-17,neo1-9,86903,Unlimited Holofoil,349.06,344.97,375.36,1000.0,
2025-01-17,sl-151-bundle,502000,Normal,66.65,54.0,69.99,194.94,
2025-01-17,sl-151-etb,503313,Normal,170.44,160.0,199.98,4999.99,
2025-01-17,sl-151-upc,502005,Normal,243.47,269.38,300.0,694.94,
2025-01-17,sl-ar-box,265519,Normal,221.49,235.0,280.0,1999.99,
2025-01-17,sl-base-box,185731,Normal,,17000.0,17000.0,17000.0,
2025-01-17,sl-bs-box,256141,Normal,287.51,288.95,361.59,999.99,
2025-01-17,sl-cel-upc,245140,Normal,392.52,393.5,469.98,1000.0,
2025-01-17,sl-champ-etb,218791,Normal,104.17,94.0,120.0,399.99,
2025-01-17,sl-cz-etb,453470,Normal,92.44,81.94,106.98,1999.99,
2025-01-17,sl-evs-box,242436,Normal,1351.33,1494.95,1894.49,9999.99,
2025-01-17,sl-evs-etb,243721,Normal,407.46,444.99,499.99,989.89,
2025-01-17,sl-fs-box,247654,Normal,482.42,465.0,500.0,1299.99,
2025-01-17,sl-hf-etb,194729,Normal,224.52,215.0,249.0,499.99,
2025-01-17,sl-jp-151,565243,Normal,116.19,113.0,124.94,199.99,
2025-01-17,sl-jp-terastal,603428,Normal,93.16,90.0,99.0,170.0,
2025-01-17,sl-jt-box,610931,Normal,254.21,255.98,274.44,279.99,
2025-01-17,sl-lo-box,277324,Normal,387.83,360.0,429.88,1299.99,
2025-01-17,sl-neo-box,193334,Normal,,39999.99,39999.99,39999.99,
2025-01-17,sl-obf-box,501257,Normal,174.93,164.99,199.96,999.99,
2025-01-17,sl-pe-etb,593355,Normal,129.26,119.96,139.99,333.0,
2025-01-17,sl-pf-etb,528040,Normal,87.6,80.0,94.94,200.0,
2025-01-17,sl-shf-etb,228821,Normal,64.69,60.0,80.0,300.0,
2025-01-17,sl-ss-box,565606,Normal,240.74,239.99,269.99,999.95,
2025-01-17,sl-st-box,283389,Normal,246.09,242.69,285.0,1248.0,
2025-01-17,sl-tf-box,536225,Normal,159.93,144.99,178.96,333.0,
2025-01-17,sv2-185,497557,Normal,0.18,0.01,0.25,5.74,
2025-01-17,sv2-185,497557,Reverse Holofoil,1.26,0.09,0.95,10.0,2.49
2025-01-17,sv2-254,497669,Holofoil,14.31,10.0,14.56,100.0,18.99
2025-01-17,sv2-269,497689,Holofoil,60.86,54.0,74.64,259.99,72.0
2025-01-17,sv3pt5-151,516566,Holofoil,8.46,4.75,8.67,29.99,14.92
2025-01-17,sv3pt5-199,517045,Holofoil,239.08,195.0,250.0,1300.0,252.9
2025-01-17,sv3pt5-205,517051,Holofoil,15.01,10.0,14.5,100.0,15.0
2025-01-17,sv3pt5-4,502555,Normal,0.11,0.01,0.15,25.0,0.11
2025-01-17,sv3pt5-4,502555,Reverse Holofoil,0.32,0.1,0.3,25.0,
2025-01-17,sv3pt5-6,502558,Holofoil,5.49,3.5,5.7,100.0,5.08
2025-01-17,sv3pt5-7,502548,Normal,0.11,0.01,0.15,4.99,
2025-01-17,sv3pt5-7,502548,Reverse Holofoil,0.24,0.08,0.25,1349.57,
2025-01-17,sv4pt5-234,535090,Holofoil,188.16,179.99,206.99,400.0,
2025-01-17,sv4pt5-54,534416,Holofoil,2.2,1.0,2.52,34.99,2.74
2025-01-17,sv8-57,590025,Holofoil,6.98,5.5,7.98,100.0,6.91
2025-01-17,sv8pt5-149,610504,Holofoil,,450.0,499.99,999.99,425.0
2025-01-17,sv8pt5-156,610511,Holofoil,708.7,720.0,735.0,749.99,
2025-01-17,sv8pt5-161,610516,Holofoil,1600.0,1700.0,1850.5,2000.99,
2025-01-17,sv8pt5-167,610522,Holofoil,116.25,275.0,287.5,299.99,
2025-01-17,sv8pt5-179,610534,Holofoil,325.0,235.0,294.36,325.0,
2025-01-17,sv8pt5-28,610383,Holofoil,11.36,4.39,8.0,25.0,4.48
2025-01-17,sv8pt5-47,610402,Normal,0.14,0.09,0.25,0.99,0.14
2025-01-17,sv8pt5-47,610402,Reverse Holofoil,0.39,0.34,0.45,1.0,0.29
2025-01-17,sv8pt5-59,610414,Holofoil,1.07,0.75,5.0,30.0,1.95
2025-01-17,sv8pt5-59,610414,Reverse Holofoil,7.66,3.0,7.15,39.99,2.74
2025-01-17,sv8pt5-60,610415,Holofoil,14.69,15.0,19.99,100.0,
2025-01-17,svp-085,518861,Normal,269.4,298.72,333.99,750.0,334.77
2025-01-17,swsh11-186,284137,Holofoil,558.53,449.0,620.95,999.99,620.95
2025-01-17,swsh12-186,451834,Holofoil,272.58,239.44,327.05,599.99,334.99
2025-01-17,swsh12pt5gg-GG69,478100,Holofoil,205.7,189.99,244.97,325.0,240.69
2025-01-17,swsh35-25,223018,Normal,0.11,0.02,0.15,1.49,
2025-01-17,swsh35-25,223018,Reverse Holofoil,0.23,0.09,0.25,1.36,
2025-01-17,swsh35-74,223073,Holofoil,190.47,156.03,237.69,1500.0,237.93
2025-01-17,swsh45sv-SV107,232496,Holofoil,109.83,102.16,124.97,349.95,124.96
2025-01-17,swsh7-204,246693,Holofoil,28.4,20.0,34.94,70.0,23.91
2025-01-17,swsh7-205,246696,Holofoil,346.08,253.13,403.65,799.99,346.36
2025-01-17,swsh7-208,246755,Holofoil,25.81,19.0,25.97,69.99,20.22
2025-01-17,swsh7-209,246756,Holofoil,279.9,283.74,349.94,599.99,349.99
2025-01-17,swsh7-211,246702,Holofoil,39.94,33.99,42.0,99.99,48.22
2025-01-17,swsh7-212,246704,Holofoil,277.92,282.2,325.0,599.99,
2025-01-17,swsh7-215,246723,Holofoil,1582.76,1499.94,1896.12,2249.99,1648.98
2025-01-17,swsh7-218,246733,Holofoil,563.69,595.0,711.46,850.0,691.0
2025-01-17,swsh7-41,246753,Holofoil,3.71,2.3,4.0,89.0,4.11
2025-01-17,swsh7-65,246690,Holofoil,8.96,4.8,9.2,500.0,16.79
2025-01-17,swsh7-75,246701,Holofoil,7.66,3.99,7.25,29.99,14.16
2025-01-17,swsh7-8,246691,Holofoil,4.26,2.31,4.59,24.99,3.02
2025-01-17,swsh8-271,253266,Holofoil,644.81,799.68,854.99,999.99,1499.98
2025-01-17,swsh9-154,263873,Holofoil,187.41,165.0,224.95,1500.0,149.99
2025-01-18,base1-15,42355,Holofoil,120.14,72.0,125.7,300.0,
2025-01-18,base1-16,42356,Holofoil,39.62,22.73,33.17,64.99,
2025-01-18,base1-2,42360,Holofoil,166.03,87.95,143.99,249.99,
2025-01-18,base1-4,42382,Holofoil,442.48,270.0,409.99,1249.99,
2025-01-18,base1-58,42402,Normal,3.2,0.5,2.19,9999.0,
2025-01-18,cel25c-4,250320,Holofoil,94.22,69.0,108.97,249.0,106.0
2025-01-18,gym2-2,83861,Unlimited Holofoil,289.41,289.6,349.5,550.0,
2025-01-18,neo1-9,86903,1st Edition Holofoil,780.96,999.99,2950.0,2953.99,
2025-01-18,neo1-9,86903,Unlimited Holofoil,349.06,344.97,375.36,1000.0,
2025-01-18,sl-151-bundle,502000,Normal,67.66,61.0,70.0,194.94,
2025-01-18,sl-151-etb,503313,Normal,170.42,160.0,185.0,4999.99,
2025-01-18,sl-151-upc,502005,Normal,268.12,269.38,300.0,694.94,
2025-01-18,sl-ar-box,265519,Normal,223.37,235.0,280.0,1999.99,
2025-01-18,sl-base-box,185731,Normal,,17000.0,17000.0,17000.0,
2025-01-18,sl-bs-box,256141,Normal,287.51,279.99,374.95,999.99,
2025-01-18,sl-cel-upc,245140,Normal,392.52,387.99,469.98,1000.0,
2025-01-18,sl-champ-etb,218791,Normal,104.34,105.0,124.95,399.99,
2025-01-18,sl-cz-etb,453470,Normal,93.72,82.99,103.49,1999.99,
2025-01-18,sl-evs-box,242436,Normal,1325.33,1477.97,1989.5,9999.99,
2025-01-18,sl-evs-etb,243721,Normal,411.16,444.0,499.99,989.89,
2025-01-18,sl-fs-box,247654,Normal,481.1,464.97,500.0,1299.99,
2025-01-18,sl-hf-etb,194729,Normal,223.97,215.0,249.95,499.99,
2025-01-18,sl-jp-151,565243,Normal,116.69,115.0,125.0,199.99,
2025-01-18,sl-jp-terastal,603428,Normal,93.54,91.99,99.97,170.0,
2025-01-18,sl-jt-box,610931,Normal,231.27,214.9,257.26,279.99,
2025-01-18,sl-lo-box,277324,Normal,386.83,360.0,436.44,1299.99,
2025-01-18,sl-neo-box,193334,Normal,,39999.99,39999.99,39999.99,
2025-01-18,sl-obf-box,501257,Normal,176.29,164.99,199.96,999.99,
2025-01-18,sl-pe-etb,593355,Normal,118.76,107.0,132.18,333.0,
2025-01-18,sl-pf-etb,528040,Normal,87.37,80.0,94.95,200.0,
2025-01-18,sl-shf-etb,228821,Normal,66.37,63.96,80.0,300.0,
2025-01-18,sl-ss-box,565606,Normal,244.03,235.0,269.89,999.95,
2025-01-18,sl-st-box,283389,Normal,243.89,240.0,297.99,1248.0,
2025-01-18,sl-tf-box,536225,Normal,159.93,163.0,180.0,333.0,
2025-01-18,sv2-185,497557,Normal,0.16,0.01,0.25,5.74,2.49
2025-01-18,sv2-185,497557,Reverse Holofoil,1.49,0.09,0.99,10.0,2.49
2025-01-18,sv2-254,497669,Holofoil,14.35,10.0,14.82,100.0,18.99
2025-01-18,sv2-269,497689,Holofoil,60.14,59.0,73.73,259.99,72.0
2025-01-18,sv3pt5-151,516566,Holofoil,8.5,4.75,8.5,29.99,8.87
2025-01-18,sv3pt5-199,517045,Holofoil,239.36,195.0,249.0,1300.0,
2025-01-18,sv3pt5-205,517051,Holofoil,14.5,10.0,14.35,100.0,21.49
2025-01-18,sv3pt5-4,502555,Normal,0.12,0.01,0.15,25.0,
2025-01-18,sv3pt5-4,502555,Reverse Holofoil,0.25,0.1,0.3,25.0,
2025-01-18,sv3pt5-6,502558,Holofoil,5.24,3.5,5.7,100.0,6.15
2025-01-18,sv3pt5-7,502548,Normal,0.11,0.01,0.15,4.99,
2025-01-18,sv3pt5-7,502548,Reverse Holofoil,0.26,0.08,0.25,15.0,
2025-01-18,sv4pt5-234,535090,Holofoil,191.18,179.99,203.5,400.0,
2025-01-18,sv4pt5-54,534416,Holofoil,2.31,1.0,2.51,34.99,3.59
2025-01-18,sv8-57,590025,Holofoil,7.28,5.57,7.99,100.0,
2025-01-18,sv8pt5-149,610504,Holofoil,368.5,340.0,360.0,999.99,
2025-01-18,sv8pt5-155,610510,Holofoil,310.0,350.0,392.5,599.99,
2025-01-18,sv8pt5-156,610511,Holofoil,738.05,549.0,650.0,745.43,739.95
2025-01-18,sv8pt5-161,610516,Holofoil,1618.75,1550.0,1737.0,1900.0,
2025-01-18,sv8pt5-167,610522,Holofoil,218.83,215.0,275.0,319.99,
2025-01-18,sv8pt5-179,610534,Holofoil,172.32,147.95,175.0,400.0,
2025-01-18,sv8pt5-28,610383,Holofoil,1.98,1.5,3.0,25.0,
2025-01-18,sv8pt5-47,610402,Normal,0.11,0.04,0.12,1.29,0.1
2025-01-18,sv8pt5-47,610402,Reverse Holofoil,0.29,0.1,0.32,1.46,0.2
2025-01-18,sv8pt5-59,610414,Holofoil,0.67,0.23,0.99,19.99,
2025-01-18,sv8pt5-59,610414,Reverse Holofoil,2.01,1.11,3.62,39.99,5.69
2025-01-18,sv8pt5-60,610415,Holofoil,8.72,8.0,13.99,79.99,
2025-01-18,svp-085,518861,Normal,273.87,280.0,315.0,750.0,334.77
2025-01-18,swsh11-186,284137,Holofoil,563.05,449.0,602.5,999.99,620.95
2025-01-18,swsh12-186,451834,Holofoil,274.51,239.44,332.47,599.99,334.95
2025-01-18,swsh12pt5gg-GG69,478100,Holofoil,212.99,179.99,249.5,325.0,240.69
2025-01-18,swsh35-25,223018,Normal,0.11,0.02,0.15,1.49,
2025-01-18,swsh35-25,223018,Reverse Holofoil,0.24,0.09,0.25,1.36,
2025-01-18,swsh35-74,223073,Holofoil,194.44,156.03,238.09,1500.0,243.09
2025-01-18,swsh45sv-SV107,232496,Holofoil,109.42,102.16,124.95,349.95,124.94
2025-01-18,swsh7-204,246693,Holofoil,28.4,23.13,34.99,70.0,29.0
2025-01-18,swsh7-205,246696,Holofoil,348.29,346.36,420.0,799.99,346.36
2025-01-18,swsh7-208,246755,Holofoil,26.35,19.0,25.81,69.99,20.22
2025-01-18,swsh7-209,246756,Holofoil,282.04,283.74,349.99,599.99,349.99
2025-01-18,swsh7-211,246702,Holofoil,40.14,33.99,42.0,99.99,48.98
2025-01-18,swsh7-212,246704,Holofoil,278.72,275.0,312.5,599.99,
2025-01-18,swsh7-215,246723,Holofoil,1631.02,1452.52,1841.18,2500.0,1648.98
2025-01-18,swsh7-218,246733,Holofoil,569.93,595.0,699.99,850.0,691.0
2025-01-18,swsh7-41,246753,Holofoil,3.93,2.3,4.0,89.0,4.11
2025-01-18,swsh7-65,246690,Holofoil,9.14,4.8,9.14,500.0,16.79
2025-01-18,swsh7-75,246701,Holofoil,7.53,3.99,7.5,50.0,14.48
2025-01-18,swsh7-8,246691,Holofoil,4.24,2.31,4.63,50.0,5.07
2025-01-18,swsh8-271,253266,Holofoil,644.81,827.0,999.47,1499.99,1499.98
2025-01-18,swsh9-154,263873,Holofoil,190.03,165.0,230.0,1500.0,149.99
2025-01-19,base1-15,42355,Holofoil,120.14,64.95,123.16,300.0,
2025-01-19,base1-16,42356,Holofoil,39.62,22.72,32.25,64.99,
2025-01-19,base1-2,42360,Holofoil,166.03,87.95,144.8,249.99,
2025-01-19,base1-4,42382,Holofoil,442.48,270.0,419.99,1249.99,
2025-01-19,base1-58,42402,Normal,3.05,0.5,2.23,9999.0,
2025-01-19,cel25c-4,250320,Holofoil,91.22,69.0,109.99,249.0,106.0
2025-01-19,gym2-2,83861,Unlimited Holofoil,289.41,289.6,349.5,550.0,
2025-01-19,neo1-9,86903,1st Edition Holofoil,780.96,999.99,2950.0,2953.99,
2025-01-19,neo1-9,86903,Unlimited Holofoil,349.06,207.91,375.18,1000.0,
2025-01-19,sl-151-bundle,502000,Normal,66.17,53.0,70.0,194.94,
2025-01-19,sl-151-etb,503313,Normal,170.75,160.0,198.0,4999.99,
2025-01-19,sl-151-upc,502005,Normal,272.81,275.0,300.0,694.94,
2025-01-19,sl-ar-box,265519,Normal,223.37,235.0,280.0,1999.99,
2025-01-19,sl-base-box,185731,Normal,,17000.0,17000.0,17000.0,
2025-01-19,sl-bs-box,256141,Normal,289.87,284.99,368.27,999.99,
2025-01-19,sl-cel-upc,245140,Normal,392.93,393.5,475.0,1000.0,
2025-01-19,sl-champ-etb,218791,Normal,105.13,105.0,126.97,399.99,
2025-01-19,sl-cz-etb,453470,Normal,94.4,90.0,108.99,1999.99,
2025-01-19,sl-evs-box,242436,Normal,1351.33,1474.99,1989.5,9999.99,
2025-01-19,sl-evs-etb,243721,Normal,411.16,444.0,499.99,989.89,
2025-01-19,sl-fs-box,247654,Normal,479.8,462.0,500.0,1299.99,
2025-01-19,sl-hf-etb,194729,Normal,223.49,224.7,249.98,499.99,
2025-01-19,sl-jp-151,565243,Normal,115.51,115.0,125.0,199.99,
2025-01-19,sl-jp-terastal,603428,Normal,95.29,92.99,99.48,170.0,
2025-01-19,sl-jt-box,610931,Normal,212.24,211.0,231.2,279.99,
2025-01-19,sl-lo-box,277324,Normal,385.23,360.0,443.0,1299.99,
2025-01-19,sl-obf-box,501257,Normal,167.93,169.0,199.99,999.99,
2025-01-19,sl-pe-etb,593355,Normal,119.1,114.99,134.99,333.0,
2025-01-19,sl-pf-etb,528040,Normal,88.39,80.0,94.95,200.0,
2025-01-19,sl-shf-etb,228821,Normal,66.82,63.96,79.99,300.0,
2025-01-19,sl-ss-box,565606,Normal,245.7,239.99,269.99,999.95,
2025-01-19,sl-st-box,283389,Normal,243.89,240.0,285.0,1248.0,
2025-01-19,sl-tf-box,536225,Normal,159.64,163.0,180.0,333.0,
2025-01-19,sv2-185,497557,Normal,0.18,0.01,0.25,5.74,
2025-01-19,sv2-185,497557,Reverse Holofoil,1.57,0.09,0.99,10.0,
2025-01-19,sv2-254,497669,Holofoil,15.09,10.0,15.0,100.0,18.98
2025-01-19,sv2-269,497689,Holofoil,59.55,57.0,72.8,259.99,71.89
2025-01-19,sv3pt5-151,516566,Holofoil,9.39,4.75,8.42,29.99,13.0
2025-01-19,sv3pt5-199,517045,Holofoil,237.94,211.0,254.21,1300.0,
2025-01-19,sv3pt5-205,517051,Holofoil,14.37,10.0,14.67,100.0,21.48
2025-01-19,sv3pt5-4,502555,Normal,0.12,0.01,0.15,25.0,
2025-01-19,sv3pt5-4,502555,Reverse Holofoil,0.25,0.1,0.28,25.0,
2025-01-19,sv3pt5-6,502558,Holofoil,6.07,0.26,5.72,100.0,8.69
2025-01-19,sv3pt5-7,502548,Normal,0.12,0.01,0.15,4.99,
2025-01-19,sv3pt5-7,502548,Reverse Holofoil,0.22,0.08,0.25,15.0,
2025-01-19,sv4pt5-234,535090,Holofoil,194.33,179.99,219.08,400.0,
2025-01-19,sv4pt5-54,534416,Holofoil,2.51,1.0,2.52,34.99,3.59
2025-01-19,sv8-57,590025,Holofoil,6.89,6.11,8.0,100.0,
2025-01-19,sv8pt5-149,610504,Holofoil,328.8,309.77,372.5,999.99,
2025-01-19,sv8pt5-155,610510,Holofoil,322.48,319.0,350.0,599.99,
2025-01-19,sv8pt5-156,610511,Holofoil,657.7,549.0,698.95,750.0,
2025-01-19,sv8pt5-161,610516,Holofoil,1518.75,1550.0,1674.5,1999.99,
2025-01-19,sv8pt5-167,610522,Holofoil,223.77,215.0,275.0,350.0,
2025-01-19,sv8pt5-179,610534,Holofoil,154.62,107.99,159.99,325.0,
2025-01-19,sv8pt5-28,610383,Holofoil,2.01,1.49,3.0,25.0,
2025-01-19,sv8pt5-47,610402,Normal,0.1,0.01,0.1,0.99,0.1
2025-01-19,sv8pt5-47,610402,Reverse Holofoil,0.25,0.1,0.29,1.0,0.28
2025-01-19,sv8pt5-59,610414,Holofoil,0.43,0.01,0.82,19.99,
2025-01-19,sv8pt5-59,610414,Reverse Holofoil,1.6,0.75,2.24,39.99,3.0
2025-01-19,sv8pt5-60,610415,Holofoil,12.21,10.0,15.0,79.99,
2025-01-19,svp-085,518861,Normal,277.83,287.99,334.38,750.0,334.76
2025-01-19,swsh11-186,284137,Holofoil,585.77,448.99,569.81,999.99,
2025-01-19,swsh12-186,451834,Holofoil,274.73,239.44,333.0,599.99,333.0
2025-01-19,swsh12pt5gg-GG69,478100,Holofoil,211.46,179.99,244.97,325.0,253.72
2025-01-19,swsh35-25,223018,Normal,0.11,0.02,0.15,1.49,
2025-01-19,swsh35-25,223018,Reverse Holofoil,0.24,0.09,0.25,1.33,
2025-01-19,swsh35-74,223073,Holofoil,194.44,156.03,243.05,1500.0,245.0
2025-01-19,swsh45sv-SV107,232496,Holofoil,110.38,102.16,124.95,349.95,124.94
2025-01-19,swsh7-204,246693,Holofoil,28.48,23.13,34.99,70.0,29.0
2025-01-19,swsh7-205,246696,Holofoil,350.81,346.36,435.0,799.99,420.0
2025-01-19,swsh7-208,246755,Holofoil,26.38,19.0,25.88,69.99,20.22
2025-01-19,swsh7-209,246756,Holofoil,283.64,299.98,351.95,599.99,429.59
2025-01-19,swsh7-211,246702,Holofoil,40.19,35.0,42.0,99.99,48.98
2025-01-19,swsh7-212,246704,Holofoil,281.98,275.0,333.0,599.99,
2025-01-19,swsh7-215,246723,Holofoil,1634.42,1452.51,1800.0,2249.99,1648.99
2025-01-19,swsh7-218,246733,Holofoil,569.93,595.0,740.91,999.0,691.0
2025-01-19,swsh7-41,246753,Holofoil,3.89,2.3,4.0,89.0,6.44
2025-01-19,swsh7-65,246690,Holofoil,7.98,5.19,8.98,500.0,12.44
2025-01-19,swsh7-75,246701,Holofoil,7.59,3.99,7.58,50.0,14.49
2025-01-19,swsh7-8,246691,Holofoil,4.25,2.31,4.58,50.0,5.08
2025-01-19,swsh8-271,253266,Holofoil,657.73,827.0,1099.99,1499.99,1299.0
2025-01-19,swsh9-154,263873,Holofoil,192.53,165.0,236.76,1500.0,149.99
2025-01-20,base1-15,42355,Holofoil,117.69,64.95,123.16,300.0,
2025-01-20,base1-16,42356,Holofoil,39.78,18.47,31.18,64.99,
2025-01-20,base1-2,42360,Holofoil,169.73,87.95,142.78,226.69,
2025-01-20,base1-4,42382,Holofoil,442.48,270.0,409.99,1249.99,
2025-01-20,base1-58,42402,Normal,2.93,0.5,2.19,9999.0,
2025-01-20,cel25c-4,250320,Holofoil,90.14,69.0,109.57,249.0,109.57
2025-01-20,gym2-2,83861,Unlimited Holofoil,289.41,289.6,349.5,550.0,
2025-01-20,neo1-9,86903,1st Edition Holofoil,780.96,999.99,2950.0,2953.99,
2025-01-20,neo1-9,86903,Unlimited Holofoil,349.06,344.97,367.49,1000.0,
2025-01-20,sl-151-bundle,502000,Normal,67.34,61.99,70.0,200.0,
2025-01-20,sl-151-etb,503313,Normal,169.22,150.0,199.98,4999.99,
2025-01-20,sl-151-upc,502005,Normal,272.09,267.38,300.0,694.94,
2025-01-20,sl-ar-box,265519,Normal,224.77,224.77,280.0,1999.99,
2025-01-20,sl-base-box,185731,Normal,,17000.0,17000.0,17000.0,
2025-01-20,sl-bs-box,256141,Normal,289.87,284.95,361.59,999.99,
2025-01-20,sl-cel-upc,245140,Normal,393.91,387.88,482.48,1000.0,
2025-01-20,sl-champ-etb,218791,Normal,105.13,105.0,122.48,399.99,
2025-01-20,sl-cz-etb,453470,Normal,92.89,90.0,108.99,1999.99,
2025-01-20,sl-evs-box,242436,Normal,1351.33,1474.99,1894.49,9999.99,
2025-01-20,sl-evs-etb,243721,Normal,411.16,444.0,499.99,989.89,
2025-01-20,sl-fs-box,247654,Normal,479.48,450.0,500.0,1000.0,
2025-01-20,sl-hf-etb,194729,Normal,223.5,224.7,250.0,499.99,
2025-01-20,sl-jp-151,565243,Normal,116.53,113.23,126.0,199.99,
2025-01-20,sl-jp-terastal,603428,Normal,94.15,91.98,98.0,170.0,
2025-01-20,sl-jt-box,610931,Normal,210.24,209.3,211.65,279.99,
2025-01-20,sl-lo-box,277324,Normal,386.51,355.0,422.46,1299.99,
2025-01-20,sl-obf-box,501257,Normal,165.49,168.94,199.99,999.99,
2025-01-20,sl-pe-etb,593355,Normal,122.22,115.0,135.0,395.0,
2025-01-20,sl-pf-etb,528040,Normal,89.38,79.0,95.0,200.0,
2025-01-20,sl-shf-etb,228821,Normal,68.34,63.96,79.99,300.0,
2025-01-20,sl-ss-box,565606,Normal,246.44,244.0,270.0,999.95,
2025-01-20,sl-st-box,283389,Normal,243.56,240.0,280.0,1248.0,
2025-01-20,sl-tf-box,536225,Normal,159.44,160.69,180.0,333.0,
2025-01-20,sv2-185,497557,Normal,0.18,0.01,0.25,5.74,
2025-01-20,sv2-185,497557,Reverse Holofoil,1.04,0.1,1.0,10.0,
2025-01-20,sv2-254,497669,Holofoil,14.67,10.0,15.09,100.0,18.98
2025-01-20,sv2-269,497689,Holofoil,60.17,58.93,73.73,259.99,71.89
2025-01-20,sv3pt5-151,516566,Holofoil,9.3,4.75,8.67,29.99,14.89
2025-01-20,sv3pt5-199,517045,Holofoil,235.56,200.0,256.88,1300.0,
2025-01-20,sv3pt5-205,517051,Holofoil,14.23,10.0,14.61,100.0,13.43
2025-01-20,sv3pt5-4,502555,Normal,0.12,0.01,0.15,2.37,
2025-01-20,sv3pt5-4,502555,Reverse Holofoil,0.23,0.1,0.27,25.0,
2025-01-20,sv3pt5-6,502558,Holofoil,5.09,3.5,5.87,26.0,9.97
2025-01-20,sv3pt5-7,502548,Normal,0.15,0.02,0.15,4.99,
2025-01-20,sv3pt5-7,502548,Reverse Holofoil,0.27,0.08,0.25,15.0,
2025-01-20,sv4pt5-234,535090,Holofoil,197.06,191.17,229.99,400.0,299.99
2025-01-20,sv4pt5-54,534416,Holofoil,2.45,1.0,2.67,34.99,3.59
2025-01-20,sv8-57,590025,Holofoil,6.62,5.51,8.0,29.99,
2025-01-20,sv8pt5-149,610504,Holofoil,321.53,305.0,395.0,999.99,
2025-01-20,sv8pt5-155,610510,Holofoil,327.77,340.0,350.0,599.99,
2025-01-20,sv8pt5-156,610511,Holofoil,583.62,449.0,650.0,750.0,
2025-01-20,sv8pt5-161,610516,Holofoil,1556.7,1739.0,1749.5,1750.99,
2025-01-20,sv8pt5-167,610522,Holofoil,228.59,249.99,274.99,350.0,
2025-01-20,sv8pt5-179,610534,Holofoil,136.96,130.0,167.5,325.0,
2025-01-20,sv8pt5-28,610383,Holofoil,2.19,1.49,2.82,19.97,
2025-01-20,sv8pt5-47,610402,Normal,0.07,0.01,0.1,0.99,0.06
2025-01-20,sv8pt5-47,610402,Reverse Holofoil,0.25,0.09,0.25,1.0,0.19
2025-01-20,sv8pt5-59,610414,Holofoil,0.36,0.13,0.75,19.99,
2025-01-20,sv8pt5-59,610414,Reverse Holofoil,1.75,0.49,2.0,39.99,
2025-01-20,sv8pt5-60,610415,Holofoil,19.82,17.0,37.75,79.99,
2025-01-20,svp-085,518861,Normal,276.11,294.99,327.0,750.0,334.76
2025-01-20,swsh11-186,284137,Holofoil,585.77,449.0,587.42,999.99,
2025-01-20,swsh12-186,451834,Holofoil,276.7,239.44,324.1,599.99,269.97
2025-01-20,swsh12pt5gg-GG69,478100,Holofoil,211.98,179.99,240.72,325.0,253.72
2025-01-20,swsh35-25,223018,Normal,0.11,0.02,0.15,1.49,
2025-01-20,swsh35-25,223018,Reverse Holofoil,0.23,0.09,0.25,1.33,
2025-01-20,swsh35-74,223073,Holofoil,194.44,156.03,243.54,1500.0,243.08
2025-01-20,swsh45sv-SV107,232496,Holofoil,111.09,102.16,121.5,349.95,124.89
2025-01-20,swsh7-204,246693,Holofoil,28.68,23.16,34.99,70.0,29.0
2025-01-20,swsh7-205,246696,Holofoil,353.97,372.0,450.0,799.99,420.0
2025-01-20,swsh7-208,246755,Holofoil,26.38,19.0,27.19,69.99,31.99
2025-01-20,swsh7-209,246756,Holofoil,284.04,299.98,362.51,599.99,428.32
2025-01-20,swsh7-211,246702,Holofoil,40.1,34.99,40.98,99.99,48.98
2025-01-20,swsh7-212,246704,Holofoil,283.88,282.2,402.49,599.99,599.99
2025-01-20,swsh7-215,246723,Holofoil,1646.66,1452.51,1735.2,2199.99,1648.98
2025-01-20,swsh7-218,246733,Holofoil,569.93,595.0,740.91,999.0,691.0
2025-01-20,swsh7-41,246753,Holofoil,3.91,2.3,4.06,89.0,6.44
2025-01-20,swsh7-65,246690,Holofoil,8.35,5.19,8.99,500.0,12.44
2025-01-20,swsh7-75,246701,Holofoil,6.73,3.99,7.61,50.0,14.48
2025-01-20,swsh7-8,246691,Holofoil,4.21,2.31,4.63,50.0,5.28
2025-01-20,swsh8-271,253266,Holofoil,657.73,820.0,999.99,1499.97,1298.99
2025-01-20,swsh9-154,263873,Holofoil,192.53,165.0,232.01,1500.0,149.99
2025-01-21,base1-15,42355,Holofoil,116.69,64.9,123.57,300.0,
2025-01-21,base1-16,42356,Holofoil,39.46,19.75,32.63,64.99,30.99
2025-01-21,base1-2,42360,Holofoil,168.76,87.95,137.89,226.69,
2025-01-21,base1-4,42382,Holofoil,442.48,270.0,399.99,1249.99,
2025-01-21,base1-58,42402,Normal,3.02,0.5,2.19,9999.0,1.69
2025-01-21,cel25c-4,250320,Holofoil,88.56,80.5,110.0,249.0,109.99
2025-01-21,gym2-2,83861,Unlimited Holofoil,289.41,289.6,349.5,550.0,
2025-01-21,neo1-9,86903,1st Edition Holofoil,780.96,999.99,2950.0,2953.99,
2025-01-21,neo1-9,86903,Unlimited Holofoil,349.06,344.97,367.49,1000.0,
2025-01-21,sl-151-bundle,502000,Normal,65.5,60.0,70.0,200.0,
2025-01-21,sl-151-etb,503313,Normal,166.36,150.0,191.5,4999.99,
2025-01-21,sl-151-upc,502005,Normal,271.36,259.0,300.0,694.94,
2025-01-21,sl-ar-box,265519,Normal,226.45,224.77,289.98,1999.99,
2025-01-21,sl-base-box,185731,Normal,,17000.0,17000.0,17000.0,
2025-01-21,sl-bs-box,256141,Normal,290.41,282.95,350.0,999.99,
2025-01-21,sl-cel-upc,245140,Normal,394.11,387.88,472.49,1000.0,
2025-01-21,sl-champ-etb,218791,Normal,105.63,105.0,125.99,399.99,
2025-01-21,sl-cz-etb,453470,Normal,95.07,90.0,115.0,1999.99,
2025-01-21,sl-evs-box,242436,Normal,1351.33,1337.82,1799.98,9999.99,
2025-01-21,sl-evs-etb,243721,Normal,417.84,444.0,500.0,989.89,
2025-01-21,sl-fs-box,247654,Normal,479.08,450.0,497.97,1000.0,
2025-01-21,sl-hf-etb,194729,Normal,223.22,224.7,250.0,499.99,
2025-01-21,sl-jp-151,565243,Normal,116.97,113.23,127.48,199.99,
2025-01-21,sl-jp-terastal,603428,Normal,94.8,89.99,96.93,170.0,
2025-01-21,sl-jt-box,610931,Normal,206.52,206.18,209.2,279.99,
2025-01-21,sl-lo-box,277324,Normal,382.31,355.0,419.97,1299.99,
2025-01-21,sl-obf-box,501257,Normal,166.59,161.64,199.98,999.99,
2025-01-21,sl-pe-etb,593355,Normal,119.99,114.99,130.0,395.0,
2025-01-21,sl-pf-etb,528040,Normal,89.97,85.0,95.0,200.0,
2025-01-21,sl-shf-etb,228821,Normal,68.34,63.96,78.97,300.0,
2025-01-21,sl-ss-box,565606,Normal,247.89,244.0,269.99,999.95,
2025-01-21,sl-st-box,283389,Normal,242.38,225.56,275.0,1248.0,
2025-01-21,sl-tf-box,536225,Normal,159.64,155.0,178.96,333.0,
2025-01-21,sv2-185,497557,Normal,0.22,0.01,0.25,5.74,
2025-01-21,sv2-185,497557,Reverse Holofoil,1.01,0.1,1.0,10.0,
2025-01-21,sv2-254,497669,Holofoil,14.58,10.0,15.08,100.0,18.98
2025-01-21,sv2-269,497689,Holofoil,61.75,59.99,74.26,259.99,71.88
2025-01-21,sv3pt5-151,516566,Holofoil,8.3,4.75,8.61,29.99,14.88
2025-01-21,sv3pt5-199,517045,Holofoil,234.29,211.0,249.0,1300.0,259.52
2025-01-21,sv3pt5-205,517051,Holofoil,14.1,10.0,14.64,100.0,21.99
2025-01-21,sv3pt5-4,502555,Normal,0.12,0.01,0.15,2.37,0.07
2025-01-21,sv3pt5-4,502555,Reverse Holofoil,0.23,0.1,0.27,25.0,
2025-01-21,sv3pt5-6,502558,Holofoil,5.17,4.0,5.7,26.0,9.97
2025-01-21,sv3pt5-7,502548,Normal,0.11,0.02,0.15,4.99,0.09
2025-01-21,sv3pt5-7,502548,Reverse Holofoil,0.24,0.08,0.25,15.0,
2025-01-21,sv4pt5-234,535090,Holofoil,195.74,195.0,229.99,400.0,249.99
2025-01-21,sv4pt5-54,534416,Holofoil,2.57,1.0,2.57,34.99,3.32
2025-01-21,sv8-57,590025,Holofoil,6.87,5.24,7.81,29.99,6.9
2025-01-21,sv8pt5-149,610504,Holofoil,301.7,302.88,318.02,999.99,
2025-01-21,sv8pt5-155,610510,Holofoil,329.78,340.0,379.0,599.99,
2025-01-21,sv8pt5-156,610511,Holofoil,583.62,525.0,612.81,750.0,
2025-01-21,sv8pt5-161,610516,Holofoil,1550.87,1600.0,1750.0,1999.0,
2025-01-21,sv8pt5-167,610522,Holofoil,228.78,215.59,268.99,350.0,
2025-01-21,sv8pt5-179,610534,Holofoil,135.46,130.37,162.0,325.0,
2025-01-21,sv8pt5-28,610383,Holofoil,2.23,1.5,2.99,19.97,
2025-01-21,sv8pt5-47,610402,Normal,0.08,0.01,0.1,0.99,0.06
2025-01-21,sv8pt5-47,610402,Reverse Holofoil,0.24,0.09,0.25,1.0,0.18
2025-01-21,sv8pt5-59,610414,Holofoil,0.64,0.11,0.73,19.99,
2025-01-21,sv8pt5-59,610414,Reverse Holofoil,1.57,0.31,1.95,39.99,
2025-01-21,sv8pt5-60,610415,Holofoil,17.02,16.28,20.0,79.99,
2025-01-21,svp-085,518861,Normal,277.71,284.99,315.0,750.0,334.7
2025-01-21,swsh11-186,284137,Holofoil,583.33,485.0,607.5,999.99,700.0
2025-01-21,swsh12-186,451834,Holofoil,278.5,239.43,327.05,599.99,239.43
2025-01-21,swsh12pt5gg-GG69,478100,Holofoil,209.8,201.96,247.48,325.0,249.98
2025-01-21,swsh35-25,223018,Normal,0.12,0.02,0.15,1.49,
2025-01-21,swsh35-25,223018,Reverse Holofoil,0.24,0.09,0.25,1.33,
2025-01-21,swsh35-74,223073,Holofoil,194.44,156.03,243.99,1500.0,243.08
2025-01-21,swsh45sv-SV107,232496,Holofoil,111.09,102.16,120.28,349.95,124.88
2025-01-21,swsh7-204,246693,Holofoil,28.68,23.16,35.32,70.0,29.0
2025-01-21,swsh7-205,246696,Holofoil,353.97,372.0,435.0,799.99,420.0
2025-01-21,swsh7-208,246755,Holofoil,26.38,19.0,26.38,69.99,31.99
2025-01-21,swsh7-209,246756,Holofoil,286.17,299.98,369.97,599.99,428.32
2025-01-21,swsh7-211,246702,Holofoil,40.1,34.99,42.5,99.99,48.98
2025-01-21,swsh7-212,246704,Holofoil,285.82,299.99,450.0,599.99,593.99
2025-01-21,swsh7-215,246723,Holofoil,1658.83,1452.51,1867.21,2199.99,
2025-01-21,swsh7-218,246733,Holofoil,569.93,581.53,691.0,850.0,690.99
2025-01-21,swsh7-41,246753,Holofoil,4.34,2.3,4.05,89.0,6.49
2025-01-21,swsh7-65,246690,Holofoil,8.96,5.19,9.0,500.0,16.79
2025-01-21,swsh7-75,246701,Holofoil,8.85,3.99,7.59,50.0,16.99
2025-01-21,swsh7-8,246691,Holofoil,4.55,2.31,4.54,50.0,7.1
2025-01-21,swsh8-271,253266,Holofoil,658.91,820.0,998.95,1299.0,1298.97
2025-01-21,swsh9-154,263873,Holofoil,192.53,190.0,226.5,1500.0,149.99
2025-01-22,base1-15,42355,Holofoil,116.69,64.85,122.1,300.0,
2025-01-22,base1-16,42356,Holofoil,39.46,19.75,32.25,64.99,30.99
2025-01-22,base1-2,42360,Holofoil,168.76,92.42,144.4,226.69,
2025-01-22,base1-4,42382,Holofoil,442.48,270.0,398.99,1249.99,
2025-01-22,base1-58,42402,Normal,3.09,0.5,2.2,9999.0,3.97
2025-01-22,cel25c-4,250320,Holofoil,89.3,82.49,110.0,249.0,96.2
2025-01-22,gym2-2,83861,Unlimited Holofoil,288.9,289.6,349.5,550.0,
2025-01-22,neo1-9,86903,1st Edition Holofoil,780.96,999.99,2950.0,2953.99,
2025-01-22,neo1-9,86903,Unlimited Holofoil,349.06,344.97,367.49,1000.0,
2025-01-22,sl-151-bundle,502000,Normal,68.65,62.99,70.0,200.0,
2025-01-22,sl-151-etb,503313,Normal,157.4,150.0,199.98,499.99,
2025-01-22,sl-151-upc,502005,Normal,271.79,259.0,300.0,694.94,
2025-01-22,sl-ar-box,265519,Normal,226.45,224.77,277.48,1999.99,
2025-01-22,sl-base-box,185731,Normal,,17000.0,17000.0,17000.0,
2025-01-22,sl-bs-box,256141,Normal,290.61,274.91,361.59,999.99,
2025-01-22,sl-cel-upc,245140,Normal,394.11,387.88,467.5,1000.0,
2025-01-22,sl-champ-etb,218791,Normal,105.58,105.0,125.47,399.99,
2025-01-22,sl-cz-etb,453470,Normal,96.87,89.99,114.9,999.99,
2025-01-22,sl-evs-box,242436,Normal,1351.33,1295.45,1771.29,9999.99,
2025-01-22,sl-evs-etb,243721,Normal,419.64,484.0,500.0,989.89,
2025-01-22,sl-fs-box,247654,Normal,476.48,450.0,499.99,1000.0,
2025-01-22,sl-hf-etb,194729,Normal,223.21,229.98,250.0,499.99,
2025-01-22,sl-jp-151,565243,Normal,119.5,113.23,126.0,199.99,
2025-01-22,sl-jp-terastal,603428,Normal,94.14,87.01,96.95,170.0,
2025-01-22,sl-jt-box,610931,Normal,198.46,182.99,206.95,279.99,
2025-01-22,sl-lo-box,277324,Normal,382.31,355.0,402.99,1299.99,
2025-01-22,sl-obf-box,501257,Normal,167.1,169.0,199.99,999.99,
2025-01-22,sl-pe-etb,593355,Normal,117.05,110.0,129.92,395.0,
2025-01-22,sl-pf-etb,528040,Normal,91.34,85.0,95.0,200.0,
2025-01-22,sl-shf-etb,228821,Normal,69.69,63.96,77.99,300.0,
2025-01-22,sl-ss-box,565606,Normal,247.07,234.0,269.92,999.95,
2025-01-22,sl-st-box,283389,Normal,241.54,225.56,275.0,1248.0,
2025-01-22,sl-tf-box,536225,Normal,158.8,155.0,179.48,333.0,
2025-01-22,sv2-185,497557,Normal,0.2,0.01,0.25,5.74,
2025-01-22,sv2-185,497557,Reverse Holofoil,0.64,0.1,0.96,10.0,
2025-01-22,sv2-254,497669,Holofoil,14.19,10.0,15.0,100.0,16.65
2025-01-22,sv2-269,497689,Holofoil,62.47,59.99,72.63,259.99,
2025-01-22,sv3pt5-151,516566,Holofoil,9.36,4.75,8.75,29.99,10.3
2025-01-22,sv3pt5-199,517045,Holofoil,234.76,210.48,249.99,1300.0,
2025-01-22,sv3pt5-205,517051,Holofoil,15.02,10.0,14.78,100.0,22.47
2025-01-22,sv3pt5-4,502555,Normal,0.11,0.01,0.15,2.37,
2025-01-22,sv3pt5-4,502555,Reverse Holofoil,0.23,0.1,0.26,25.0,
2025-01-22,sv3pt5-6,502558,Holofoil,6.2,3.99,5.71,26.0,7.06
2025-01-22,sv3pt5-7,502548,Normal,0.1,0.03,0.15,4.99,
2025-01-22,sv3pt5-7,502548,Reverse Holofoil,0.22,0.08,0.25,15.0,
2025-01-22,sv4pt5-234,535090,Holofoil,196.38,196.35,237.71,400.0,249.99
2025-01-22,sv4pt5-54,534416,Holofoil,2.5,1.0,2.55,34.99,2.75
2025-01-22,sv8-57,590025,Holofoil,7.09,5.24,7.59,29.99,8.98
2025-01-22,sv8pt5-149,610504,Holofoil,321.81,299.0,319.46,999.99,
2025-01-22,sv8pt5-155,610510,Holofoil,348.42,340.0,398.95,499.99,
2025-01-22,sv8pt5-156,610511,Holofoil,573.78,524.0,643.08,750.0,
2025-01-22,sv8pt5-161,610516,Holofoil,1562.52,1600.0,1749.5,1800.0,
2025-01-22,sv8pt5-167,610522,Holofoil,229.94,222.0,274.99,350.0,
2025-01-22,sv8pt5-179,610534,Holofoil,130.1,127.48,154.5,325.0,
2025-01-22,sv8pt5-28,610383,Holofoil,1.91,1.0,2.5,19.97,
2025-01-22,sv8pt5-47,610402,Normal,0.05,0.01,0.1,0.99,0.05
2025-01-22,sv8pt5-47,610402,Reverse Holofoil,0.19,0.06,0.25,1.26,0.15
2025-01-22,sv8pt5-59,610414,Holofoil,0.32,0.1,0.69,19.99,
2025-01-22,sv8pt5-59,610414,Reverse Holofoil,1.61,0.31,1.8,39.99,
2025-01-22,sv8pt5-60,610415,Holofoil,16.66,17.2,20.05,79.99,
2025-01-22,svp-085,518861,Normal,282.39,289.99,334.7,750.0,334.7
2025-01-22,swsh11-186,284137,Holofoil,583.33,391.64,615.0,999.99,699.99
2025-01-22,swsh12-186,451834,Holofoil,278.34,239.89,326.05,599.99,312.0
2025-01-22,swsh12pt5gg-GG69,478100,Holofoil,209.38,201.96,249.99,329.99,249.98
2025-01-22,swsh35-25,223018,Normal,0.11,0.02,0.15,1.49,
2025-01-22,swsh35-25,223018,Reverse Holofoil,0.24,0.09,0.25,1.33,
2025-01-22,swsh35-74,223073,Holofoil,196.02,156.03,244.17,1500.0,243.08
2025-01-22,swsh45sv-SV107,232496,Holofoil,112.85,105.0,124.87,349.95,124.86
2025-01-22,swsh7-204,246693,Holofoil,28.69,24.39,35.44,70.0,29.0
2025-01-22,swsh7-205,246696,Holofoil,353.97,372.0,420.0,799.99,420.0
2025-01-22,swsh7-208,246755,Holofoil,26.27,20.93,27.19,69.99,31.99
2025-01-22,swsh7-209,246756,Holofoil,288.17,299.98,363.84,599.99,452.84
2025-01-22,swsh7-211,246702,Holofoil,40.07,34.99,43.47,99.99,48.98
2025-01-22,swsh7-212,246704,Holofoil,290.4,299.99,420.0,599.99,588.04
2025-01-22,swsh7-215,246723,Holofoil,1671.27,1452.51,1889.0,2199.99,
2025-01-22,swsh7-218,246733,Holofoil,569.93,529.75,691.0,850.0,690.99
2025-01-22,swsh7-41,246753,Holofoil,4.31,2.3,4.29,89.0,6.49
2025-01-22,swsh7-65,246690,Holofoil,9.38,5.19,9.48,89.0,10.25
2025-01-22,swsh7-75,246701,Holofoil,8.84,3.99,8.0,50.0,8.38
2025-01-22,swsh7-8,246691,Holofoil,4.61,2.31,4.6,50.0,7.1
2025-01-22,swsh8-271,253266,Holofoil,663.27,820.0,998.95,1299.0,1098.99
2025-01-22,swsh9-154,263873,Holofoil,192.53,190.0,226.5,1500.0,149.99
2025-01-23,base1-15,42355,Holofoil,116.69,64.85,122.1,300.0,
2025-01-23,base1-16,42356,Holofoil,39.46,19.75,32.25,64.99,30.99
2025-01-23,base1-2,42360,Holofoil,168.76,90.73,146.16,239.06,
2025-01-23,base1-4,42382,Holofoil,442.48,270.0,384.49,1249.99,
2025-01-23,base1-58,42402,Normal,3.35,0.5,2.2,9999.0,2.42
2025-01-23,cel25c-4,250320,Holofoil,91.89,75.24,104.93,249.0,75.24
2025-01-23,gym2-2,83861,Unlimited Holofoil,288.9,289.6,349.5,550.0,
2025-01-23,neo1-9,86903,1st Edition Holofoil,780.96,999.99,2950.0,2953.99,
2025-01-23,neo1-9,86903,Unlimited Holofoil,349.06,344.97,367.49,1000.0,
2025-01-23,sl-151-bundle,502000,Normal,66.18,60.99,70.0,200.0,
2025-01-23,sl-151-etb,503313,Normal,156.36,166.5,200.0,499.99,
2025-01-23,sl-151-upc,502005,Normal,267.63,240.0,300.0,694.94,
2025-01-23,sl-ar-box,265519,Normal,228.45,235.0,285.0,1999.99,
2025-01-23,sl-base-box,185731,Normal,,17000.0,17000.0,17000.0,
2025-01-23,sl-bs-box,256141,Normal,291.64,274.91,361.59,999.99,
2025-01-23,sl-cel-upc,245140,Normal,393.38,393.5,482.48,1000.0,
2025-01-23,sl-champ-etb,218791,Normal,106.18,105.0,128.95,399.99,
2025-01-23,sl-cz-etb,453470,Normal,97.35,89.99,112.0,999.99,
2025-01-23,sl-evs-box,242436,Normal,1351.33,1245.45,1771.29,9999.99,
2025-01-23,sl-evs-etb,243721,Normal,435.43,484.0,499.99,989.89,
2025-01-23,sl-fs-box,247654,Normal,475.32,445.0,499.99,1000.0,
2025-01-23,sl-hf-etb,194729,Normal,224.09,218.0,250.0,499.99,
2025-01-23,sl-jp-151,565243,Normal,119.07,113.23,125.0,199.99,
2025-01-23,sl-jp-terastal,603428,Normal,93.07,91.4,95.87,170.0,
2025-01-23,sl-jt-box,610931,Normal,193.41,183.0,199.99,279.99,
2025-01-23,sl-lo-box,277324,Normal,383.19,355.0,401.5,1299.99,
2025-01-23,sl-obf-box,501257,Normal,168.08,166.29,199.99,999.99,
2025-01-23,sl-pe-etb,593355,Normal,110.96,110.0,129.13,395.0,
2025-01-23,sl-pf-etb,528040,Normal,92.78,85.0,99.82,200.0,
2025-01-23,sl-shf-etb,228821,Normal,70.45,63.96,78.97,300.0,
2025-01-23,sl-ss-box,565606,Normal,247.79,245.0,270.0,999.95,
2025-01-23,sl-st-box,283389,Normal,238.76,231.0,280.0,1248.0,
2025-01-23,sl-tf-box,536225,Normal,160.3,152.0,180.0,333.0,
2025-01-23,sv2-185,497557,Normal,0.2,0.01,0.25,5.74,
2025-01-23,sv2-185,497557,Reverse Holofoil,0.48,0.1,0.91,10.0,0.5
2025-01-23,sv2-254,497669,Holofoil,13.73,10.0,15.0,100.0,18.98
2025-01-23,sv2-269,497689,Holofoil,62.68,60.0,72.93,259.99,67.98
2025-01-23,sv3pt5-151,516566,Holofoil,7.99,4.75,8.76,29.99,14.86
2025-01-23,sv3pt5-199,517045,Holofoil,232.17,211.0,249.99,1500.0,229.19
2025-01-23,sv3pt5-205,517051,Holofoil,14.8,10.0,15.0,100.0,22.48
2025-01-23,sv3pt5-4,502555,Normal,0.11,0.01,0.15,2.37,
2025-01-23,sv3pt5-4,502555,Reverse Holofoil,0.24,0.08,0.26,25.0,
2025-01-23,sv3pt5-6,502558,Holofoil,6.1,4.0,5.91,26.0,8.99
2025-01-23,sv3pt5-7,502548,Normal,0.13,0.01,0.15,4.99,0.09
2025-01-23,sv3pt5-7,502548,Reverse Holofoil,0.23,0.08,0.25,15.0,
2025-01-23,sv4pt5-234,535090,Holofoil,197.65,199.99,243.36,400.0,244.95
2025-01-23,sv4pt5-54,534416,Holofoil,2.48,1.0,2.57,34.99,3.48
2025-01-23,sv8-57,590025,Holofoil,7.04,4.0,7.5,29.99,8.97
2025-01-23,sv8pt5-149,610504,Holofoil,320.05,299.0,320.64,999.99,
2025-01-23,sv8pt5-155,610510,Holofoil,352.84,440.0,499.99,1049.99,
2025-01-23,sv8pt5-156,610511,Holofoil,573.78,502.0,643.08,750.0,
2025-01-23,sv8pt5-161,610516,Holofoil,1582.2,1600.0,1749.98,1800.0,
2025-01-23,sv8pt5-167,610522,Holofoil,230.04,221.5,272.49,350.0,
2025-01-23,sv8pt5-179,610534,Holofoil,128.39,126.0,154.5,325.0,
2025-01-23,sv8pt5-28,610383,Holofoil,1.68,1.0,2.59,19.97,
2025-01-23,sv8pt5-47,610402,Normal,0.05,0.01,0.1,0.99,0.05
2025-01-23,sv8pt5-47,610402,Reverse Holofoil,0.18,0.06,0.23,1.0,0.15
2025-01-23,sv8pt5-59,610414,Holofoil,0.38,0.1,0.67,19.99,
2025-01-23,sv8pt5-59,610414,Reverse Holofoil,1.23,0.31,1.65,39.99,
2025-01-23,sv8pt5-60,610415,Holofoil,18.3,17.94,21.0,79.99,
2025-01-23,svp-085,518861,Normal,282.39,289.99,334.7,750.0,334.69
2025-01-23,swsh11-186,284137,Holofoil,619.42,450.0,592.75,999.99,
2025-01-23,swsh12-186,451834,Holofoil,282.67,241.74,327.97,599.99,241.1
2025-01-23,swsh12pt5gg-GG69,478100,Holofoil,208.57,180.0,249.96,329.99,249.93
2025-01-23,swsh35-25,223018,Normal,0.11,0.02,0.15,1.49,0.09
2025-01-23,swsh35-25,223018,Reverse Holofoil,0.24,0.09,0.25,2.0,
2025-01-23,swsh35-74,223073,Holofoil,196.02,156.03,244.92,1500.0,243.08
2025-01-23,swsh45sv-SV107,232496,Holofoil,112.84,105.0,124.87,349.95,124.75
2025-01-23,swsh7-204,246693,Holofoil,28.74,24.39,35.44,70.0,29.24
2025-01-23,swsh7-205,246696,Holofoil,363.26,399.0,450.0,799.99,420.0
2025-01-23,swsh7-208,246755,Holofoil,26.39,20.93,27.99,69.99,31.99
2025-01-23,swsh7-209,246756,Holofoil,289.22,295.0,343.85,599.99,452.84
2025-01-23,swsh7-211,246702,Holofoil,40.15,37.0,44.03,99.99,48.99
2025-01-23,swsh7-212,246704,Holofoil,292.4,299.99,420.0,599.99,499.98
2025-01-23,swsh7-215,246723,Holofoil,1692.79,1452.51,1889.12,2199.99,2199.99
2025-01-23,swsh7-218,246733,Holofoil,617.06,581.53,719.5,850.0,
2025-01-23,swsh7-41,246753,Holofoil,4.29,2.3,4.34,89.0,4.87
2025-01-23,swsh7-65,246690,Holofoil,9.4,5.19,9.44,89.0,8.99
2025-01-23,swsh7-75,246701,Holofoil,8.73,3.99,8.1,50.0,7.5
2025-01-23,swsh7-8,246691,Holofoil,4.36,2.31,4.63,50.0,7.49
2025-01-23,swsh8-271,253266,Holofoil,682.2,820.0,999.99,1298.84,1298.81
2025-01-23,swsh9-154,263873,Holofoil,194.63,190.0,225.0,1500.0,199.99
2025-01-24,base1-15,42355,Holofoil,116.69,64.85,117.44,300.0,
2025-01-24,base1-16,42356,Holofoil,39.46,19.75,33.17,77.99,30.5
2025-01-24,base1-2,42360,Holofoil,168.76,90.73,143.99,238.52,
2025-01-24,base1-4,42382,Holofoil,442.48,270.0,398.99,1249.99,
2025-01-24,base1-58,42402,Normal,3.37,0.5,2.2,9999.0,2.42
2025-01-24,cel25c-4,250320,Holofoil,91.78,82.49,108.3,249.0,87.85
2025-01-24,gym2-2,83861,Unlimited Holofoil,288.9,289.6,349.5,550.0,
2025-01-24,neo1-9,86903,1st Edition Holofoil,780.96,999.99,2950.0,2953.99,
2025-01-24,neo1-9,86903,Unlimited Holofoil,349.06,344.97,367.49,1000.0,
2025-01-24,sl-151-bundle,502000,Normal,65.76,59.0,70.0,200.0,
2025-01-24,sl-151-etb,503313,Normal,159.29,169.0,200.0,499.99,
2025-01-24,sl-151-upc,502005,Normal,271.54,263.0,300.0,694.94,
2025-01-24,sl-ar-box,265519,Normal,229.25,224.99,280.0,1999.99,
2025-01-24,sl-base-box,185731,Normal,,17000.0,17000.0,17000.0,
2025-01-24,sl-bs-box,256141,Normal,292.52,274.91,368.27,999.99,
2025-01-24,sl-cel-upc,245140,Normal,392.85,393.5,482.48,1000.0,
2025-01-24,sl-champ-etb,218791,Normal,108.07,103.0,125.47,399.99,
2025-01-24,sl-cz-etb,453470,Normal,97.51,89.99,109.99,999.99,
2025-01-24,sl-evs-box,242436,Normal,1360.06,1254.54,1742.6,9999.99,
2025-01-24,sl-evs-etb,243721,Normal,435.43,484.0,500.0,989.89,
2025-01-24,sl-fs-box,247654,Normal,471.8,447.5,499.99,1000.0,
2025-01-24,sl-hf-etb,194729,Normal,224.09,229.0,250.0,499.99,
2025-01-24,sl-jp-151,565243,Normal,119.05,111.99,120.0,199.99,
2025-01-24,sl-jp-terastal,603428,Normal,92.48,91.4,95.57,170.0,
2025-01-24,sl-jt-box,610931,Normal,194.11,183.0,197.98,279.99,
2025-01-24,sl-lo-box,277324,Normal,374.27,350.0,402.0,1299.99,
2025-01-24,sl-obf-box,501257,Normal,169.97,169.0,199.99,999.99,
2025-01-24,sl-pe-etb,593355,Normal,113.84,100.0,125.0,395.0,
2025-01-24,sl-pf-etb,528040,Normal,91.87,88.0,99.98,200.0,
2025-01-24,sl-shf-etb,228821,Normal,71.75,63.96,77.99,300.0,
2025-01-24,sl-ss-box,565606,Normal,250.4,235.0,269.97,999.95,
2025-01-24,sl-st-box,283389,Normal,236.66,230.0,289.99,1248.0,
2025-01-24,sl-tf-box,536225,Normal,160.06,159.75,180.0,333.0,
2025-01-24,sv2-185,497557,Normal,0.18,0.1,0.25,5.74,
2025-01-24,sv2-185,497557,Reverse Holofoil,0.49,0.1,0.87,10.0,2.1
2025-01-24,sv2-254,497669,Holofoil,14.51,10.0,15.0,100.0,17.4
2025-01-24,sv2-269,497689,Holofoil,63.84,60.0,74.47,259.99,67.98
2025-01-24,sv3pt5-151,516566,Holofoil,9.31,4.75,8.96,29.99,14.85
2025-01-24,sv3pt5-199,517045,Holofoil,236.21,211.0,250.0,1500.0,264.98
2025-01-24,sv3pt5-205,517051,Holofoil,14.89,10.0,15.02,100.0,23.49
2025-01-24,sv3pt5-4,502555,Normal,0.12,0.01,0.15,2.36,0.07
2025-01-24,sv3pt5-4,502555,Reverse Holofoil,0.23,0.1,0.26,25.0,
2025-01-24,sv3pt5-6,502558,Holofoil,6.65,4.0,5.9,26.0,9.97
2025-01-24,sv3pt5-7,502548,Normal,0.13,0.01,0.15,4.99,
2025-01-24,sv3pt5-7,502548,Reverse Holofoil,0.21,0.08,0.25,15.0,0.21
2025-01-24,sv4pt5-234,535090,Holofoil,200.37,200.0,249.99,400.0,229.99
2025-01-24,sv4pt5-54,534416,Holofoil,2.63,1.0,2.54,34.99,3.95
2025-01-24,sv8-57,590025,Holofoil,7.12,4.0,7.5,29.99,8.82
2025-01-24,sv8pt5-149,610504,Holofoil,318.27,298.0,319.46,548.0,
2025-01-24,sv8pt5-155,610510,Holofoil,354.8,400.0,999.99,1049.99,
2025-01-24,sv8pt5-156,610511,Holofoil,564.94,500.0,575.0,750.0,699.99
2025-01-24,sv8pt5-161,610516,Holofoil,1598.04,1584.0,1744.99,2500.0,
2025-01-24,sv8pt5-167,610522,Holofoil,230.5,222.49,269.99,350.0,
2025-01-24,sv8pt5-179,610534,Holofoil,128.39,120.0,149.97,325.0,
2025-01-24,sv8pt5-28,610383,Holofoil,2.07,1.0,2.5,15.98,
2025-01-24,sv8pt5-47,610402,Normal,0.05,0.01,0.1,0.99,0.05
2025-01-24,sv8pt5-47,610402,Reverse Holofoil,0.16,0.06,0.2,1.0,0.15
2025-01-24,sv8pt5-59,610414,Holofoil,0.32,0.05,0.54,19.99,0.3
2025-01-24,sv8pt5-59,610414,Reverse Holofoil,1.65,0.31,2.84,39.99,0.5
2025-01-24,sv8pt5-60,610415,Holofoil,17.49,16.0,19.24,79.99,
2025-01-24,svp-085,518861,Normal,284.31,288.88,334.34,750.0,334.68
2025-01-24,swsh11-186,284137,Holofoil,619.21,499.98,582.1,999.99,
2025-01-24,swsh12-186,451834,Holofoil,283.23,243.44,327.97,599.99,327.94
2025-01-24,swsh12pt5gg-GG69,478100,Holofoil,209.58,146.55,249.91,499.99,240.69
2025-01-24,swsh35-25,223018,Normal,0.11,0.02,0.15,1.49,0.09
2025-01-24,swsh35-25,223018,Reverse Holofoil,0.24,0.09,0.25,2.0,
2025-01-24,swsh35-74,223073,Holofoil,197.68,156.03,245.0,1500.0,237.93
2025-01-24,swsh45sv-SV107,232496,Holofoil,111.38,105.0,124.74,400.0,124.71
2025-01-24,swsh7-204,246693,Holofoil,29.06,24.39,35.44,70.0,29.24
2025-01-24,swsh7-205,246696,Holofoil,371.06,399.0,450.0,799.99,494.98
2025-01-24,swsh7-208,246755,Holofoil,26.09,20.73,28.47,69.99,31.99
2025-01-24,swsh7-209,246756,Holofoil,289.22,295.0,361.52,599.99,403.9
2025-01-24,swsh7-211,246702,Holofoil,40.07,34.99,44.1,99.99,48.98
2025-01-24,swsh7-212,246704,Holofoil,292.4,299.99,494.9,599.99,494.9
2025-01-24,swsh7-215,246723,Holofoil,1702.79,1449.0,1875.0,2200.0,1648.99
2025-01-24,swsh7-218,246733,Holofoil,617.06,586.71,749.99,850.0,790.0
2025-01-24,swsh7-41,246753,Holofoil,4.12,2.71,4.25,89.0,6.49
2025-01-24,swsh7-65,246690,Holofoil,9.51,5.19,9.51,89.0,10.0
2025-01-24,swsh7-75,246701,Holofoil,8.58,3.99,8.63,50.0,9.28
2025-01-24,swsh7-8,246691,Holofoil,4.55,2.31,4.57,50.0,8.69
2025-01-24,swsh8-271,253266,Holofoil,682.2,810.99,999.47,1298.83,1298.78
2025-01-24,swsh9-154,263873,Holofoil,195.05,190.0,225.98,1500.0,199.99
2025-01-25,base1-15,42355,Holofoil,116.69,72.0,117.27,300.0,
2025-01-25,base1-16,42356,Holofoil,39.7,19.75,31.18,77.99,30.5
2025-01-25,base1-2,42360,Holofoil,168.76,90.75,146.99,238.52,
2025-01-25,base1-4,42382,Holofoil,442.48,270.0,398.99,1249.99,
2025-01-25,base1-58,42402,Normal,3.44,0.5,2.27,9999.0,1.89
2025-01-25,cel25c-4,250320,Holofoil,93.23,82.0,110.16,249.0,109.99
2025-01-25,gym2-2,83861,Unlimited Holofoil,288.9,262.9,349.0,550.0,
2025-01-25,neo1-9,86903,1st Edition Holofoil,780.96,999.99,2950.0,2953.99,
2025-01-25,neo1-9,86903,Unlimited Holofoil,349.06,344.97,367.49,1000.0,
2025-01-25,sl-151-bundle,502000,Normal,63.16,59.99,69.99,200.0,
2025-01-25,sl-151-etb,503313,Normal,167.05,165.0,200.0,499.99,
2025-01-25,sl-151-upc,502005,Normal,276.01,263.0,300.0,694.94,
2025-01-25,sl-ar-box,265519,Normal,231.01,224.99,280.0,1999.99,
2025-01-25,sl-bs-box,256141,Normal,292.31,274.91,355.8,999.99,
2025-01-25,sl-cel-upc,245140,Normal,394.18,393.5,495.0,1000.0,
2025-01-25,sl-champ-etb,218791,Normal,108.67,103.0,125.99,399.99,
2025-01-25,sl-cz-etb,453470,Normal,98.82,89.99,109.99,999.99,
2025-01-25,sl-evs-box,242436,Normal,1362.28,1325.0,1742.6,9999.99,
2025-01-25,sl-evs-etb,243721,Normal,435.43,468.0,499.99,989.89,
2025-01-25,sl-fs-box,247654,Normal,469.78,450.0,499.99,1000.0,
2025-01-25,sl-hf-etb,194729,Normal,224.48,229.0,252.63,499.99,
2025-01-25,sl-jp-151,565243,Normal,117.9,109.96,119.99,220.0,
2025-01-25,sl-jp-terastal,603428,Normal,93.13,90.99,95.0,170.0,
2025-01-25,sl-jt-box,610931,Normal,194.2,183.0,194.99,279.99,
2025-01-25,sl-lo-box,277324,Normal,372.55,345.0,400.0,1299.99,
2025-01-25,sl-obf-box,501257,Normal,171.02,169.0,199.99,999.99,
2025-01-25,sl-pe-etb,593355,Normal,112.73,104.75,125.0,395.0,
2025-01-25,sl-pf-etb,528040,Normal,90.92,88.0,99.98,200.0,
2025-01-25,sl-shf-etb,228821,Normal,72.71,59.98,78.97,300.0,
2025-01-25,sl-ss-box,565606,Normal,247.95,230.0,269.99,999.95,
2025-01-25,sl-st-box,283389,Normal,235.86,230.0,280.0,1248.0,
2025-01-25,sl-tf-box,536225,Normal,159.98,159.75,180.0,333.0,
2025-01-25,sv2-185,497557,Normal,0.21,0.1,0.25,5.74,
2025-01-25,sv2-185,497557,Reverse Holofoil,0.49,0.1,0.85,10.0,
2025-01-25,sv2-254,497669,Holofoil,15.03,8.8,15.0,100.0,19.95
2025-01-25,sv2-269,497689,Holofoil,64.56,60.0,75.0,259.99,
2025-01-25,sv3pt5-151,516566,Holofoil,7.92,4.75,8.99,29.99,14.44
2025-01-25,sv3pt5-199,517045,Holofoil,239.44,211.0,250.0,1500.0,264.95
2025-01-25,sv3pt5-205,517051,Holofoil,14.76,11.57,15.01,100.0,24.98
2025-01-25,sv3pt5-4,502555,Normal,0.12,0.01,0.15,2.36,
2025-01-25,sv3pt5-4,502555,Reverse Holofoil,0.28,0.1,0.27,25.0,
2025-01-25,sv3pt5-6,502558,Holofoil,6.64,4.0,5.99,26.0,9.97
2025-01-25,sv3pt5-7,502548,Normal,0.13,0.01,0.15,4.99,
2025-01-25,sv3pt5-7,502548,Reverse Holofoil,0.2,0.09,0.25,15.0,
2025-01-25,sv4pt5-234,535090,Holofoil,202.55,175.0,249.99,400.0,
2025-01-25,sv4pt5-54,534416,Holofoil,2.97,1.0,2.8,34.99,
2025-01-25,sv8-57,590025,Holofoil,7.65,4.0,7.5,29.99,9.5
2025-01-25,sv8pt5-149,610504,Holofoil,317.4,295.0,311.5,548.0,
2025-01-25,sv8pt5-155,610510,Holofoil,354.8,395.01,487.0,1049.99,
2025-01-25,sv8pt5-156,610511,Holofoil,558.95,475.99,643.08,1100.0,
2025-01-25,sv8pt5-161,610516,Holofoil,1608.15,1535.0,1799.0,2500.0,
2025-01-25,sv8pt5-167,610522,Holofoil,229.0,215.0,233.0,350.0,
2025-01-25,sv8pt5-179,610534,Holofoil,127.29,118.0,144.98,325.0,
2025-01-25,sv8pt5-28,610383,Holofoil,2.06,1.0,2.18,15.98,
2025-01-25,sv8pt5-47,610402,Normal,0.07,0.01,0.1,0.99,0.05
2025-01-25,sv8pt5-47,610402,Reverse Holofoil,0.16,0.05,0.2,1.0,0.15
2025-01-25,sv8pt5-59,610414,Holofoil,0.3,0.05,0.5,19.99,
2025-01-25,sv8pt5-59,610414,Reverse Holofoil,1.63,0.31,2.25,39.99,
2025-01-25,sv8pt5-60,610415,Holofoil,17.32,15.89,19.21,79.99,
2025-01-25,svp-085,518861,Normal,285.99,286.99,333.99,750.0,334.68
2025-01-25,swsh11-186,284137,Holofoil,619.21,499.0,578.48,999.99,900.0
2025-01-25,swsh12-186,451834,Holofoil,283.83,243.44,327.99,599.99,327.99
2025-01-25,swsh12pt5gg-GG69,478100,Holofoil,206.98,200.0,249.9,499.99,242.56
2025-01-25,swsh35-25,223018,Normal,0.11,0.02,0.15,1.49,0.09
2025-01-25,swsh35-25,223018,Reverse Holofoil,0.24,0.09,0.25,2.0,
2025-01-25,swsh35-74,223073,Holofoil,199.6,156.03,245.0,1500.0,243.08
2025-01-25,swsh45sv-SV107,232496,Holofoil,111.66,105.0,124.73,400.0,124.69
2025-01-25,swsh7-204,246693,Holofoil,29.06,24.39,35.42,70.0,29.24
2025-01-25,swsh7-205,246696,Holofoil,371.06,386.89,450.0,799.99,493.99
2025-01-25,swsh7-208,246755,Holofoil,26.13,20.8,28.98,69.99,31.98
2025-01-25,swsh7-209,246756,Holofoil,290.82,290.82,346.76,599.99,329.99
2025-01-25,swsh7-211,246702,Holofoil,40.15,34.99,44.13,99.99,48.98
2025-01-25,swsh7-212,246704,Holofoil,296.16,398.99,494.92,599.99,417.99
2025-01-25,swsh7-215,246723,Holofoil,1717.99,1448.99,1879.99,2200.0,1699.99
2025-01-25,swsh7-218,246733,Holofoil,617.06,586.71,739.99,850.0,739.99
2025-01-25,swsh7-41,246753,Holofoil,3.97,2.71,4.29,89.0,6.49
2025-01-25,swsh7-65,246690,Holofoil,8.59,5.19,9.69,89.0,10.0
2025-01-25,swsh7-75,246701,Holofoil,8.1,3.99,8.13,50.0,14.0
2025-01-25,swsh7-8,246691,Holofoil,5.05,3.0,4.68,50.0,4.49
2025-01-25,swsh8-271,253266,Holofoil,697.2,799.99,996.98,1298.82,1297.99
2025-01-25,swsh9-154,263873,Holofoil,197.59,189.89,228.12,1500.0,201.47
2025-01-26,base1-15,42355,Holofoil,118.06,74.0,117.6,300.0,
2025-01-26,base1-16,42356,Holofoil,40.02,19.75,32.09,77.99,30.5
2025-01-26,base1-2,42360,Holofoil,169.96,90.48,140.87,238.52,
2025-01-26,base1-4,42382,Holofoil,427.29,270.0,398.99,1249.99,
2025-01-26,base1-58,42402,Normal,3.51,0.5,2.28,9999.0,
2025-01-26,cel25c-4,250320,Holofoil,93.23,82.99,112.11,249.0,109.99
2025-01-26,gym2-2,83861,Unlimited Holofoil,288.9,262.9,349.5,550.0,
2025-01-26,neo1-9,86903,1st Edition Holofoil,780.96,999.99,2950.0,2953.99,
2025-01-26,neo1-9,86903,Unlimited Holofoil,349.06,344.97,367.49,1000.0,
2025-01-26,sl-151-bundle,502000,Normal,64.69,59.99,69.99,200.0,
2025-01-26,sl-151-etb,503313,Normal,170.96,160.0,200.0,499.99,
2025-01-26,sl-151-upc,502005,Normal,278.03,263.0,300.0,694.94,
2025-01-26,sl-ar-box,265519,Normal,231.01,224.99,274.95,1999.99,
2025-01-26,sl-bs-box,256141,Normal,292.31,269.9,320.0,999.99,
2025-01-26,sl-cel-upc,245140,Normal,394.18,393.5,489.95,1000.0,
2025-01-26,sl-champ-etb,218791,Normal,109.11,96.01,125.47,399.99,
2025-01-26,sl-cz-etb,453470,Normal,99.7,89.99,109.99,999.99,
2025-01-26,sl-evs-box,242436,Normal,1362.28,1325.0,1742.59,9999.99,
2025-01-26,sl-evs-etb,243721,Normal,435.43,468.0,499.99,989.89,
2025-01-26,sl-fs-box,247654,Normal,467.18,450.0,500.0,1000.0,
2025-01-26,sl-hf-etb,194729,Normal,225.04,229.98,252.63,499.99,
2025-01-26,sl-jp-151,565243,Normal,112.65,109.99,119.99,220.0,
2025-01-26,sl-jp-terastal,603428,Normal,92.29,90.99,95.57,170.0,
2025-01-26,sl-jt-box,610931,Normal,194.83,194.81,199.99,279.99,
2025-01-26,sl-lo-box,277324,Normal,372.95,345.0,400.0,1299.99,
2025-01-26,sl-obf-box,501257,Normal,173.15,169.0,199.99,999.99,
2025-01-26,sl-pe-etb,593355,Normal,110.05,107.99,125.0,395.0,
2025-01-26,sl-pf-etb,528040,Normal,91.83,90.0,99.99,200.0,
2025-01-26,sl-shf-etb,228821,Normal,71.85,59.96,79.99,300.0,
2025-01-26,sl-ss-box,565606,Normal,244.09,245.0,269.99,999.95,
2025-01-26,sl-st-box,283389,Normal,234.73,230.0,280.0,1248.0,
2025-01-26,sl-tf-box,536225,Normal,160.8,159.75,180.0,333.0,
2025-01-26,sv2-185,497557,Normal,0.18,0.01,0.25,5.74,
2025-01-26,sv2-185,497557,Reverse Holofoil,0.46,0.1,0.85,10.0,
2025-01-26,sv2-254,497669,Holofoil,13.99,10.0,15.0,100.0,20.0
2025-01-26,sv2-269,497689,Holofoil,64.56,60.0,75.0,259.99,
2025-01-26,sv3pt5-151,516566,Holofoil,9.09,4.75,8.92,29.99,14.43
2025-01-26,sv3pt5-199,517045,Holofoil,246.34,211.14,260.6,1500.0,
2025-01-26,sv3pt5-205,517051,Holofoil,15.72,11.03,15.37,100.0,24.95
2025-01-26,sv3pt5-4,502555,Normal,0.12,0.01,0.15,2.38,
2025-01-26,sv3pt5-4,502555,Reverse Holofoil,0.29,0.05,0.27,25.0,
2025-01-26,sv3pt5-6,502558,Holofoil,6.22,4.0,6.0,26.0,9.98
2025-01-26,sv3pt5-7,502548,Normal,0.13,0.01,0.15,15.0,
2025-01-26,sv3pt5-7,502548,Reverse Holofoil,0.2,0.1,0.25,15.0,
2025-01-26,sv4pt5-234,535090,Holofoil,202.42,226.5,246.95,400.0,
2025-01-26,sv4pt5-54,534416,Holofoil,2.23,1.0,2.77,34.99,
2025-01-26,sv8-57,590025,Holofoil,7.19,4.0,7.68,29.99,10.24
2025-01-26,sv8pt5-149,610504,Holofoil,313.28,285.0,308.0,548.0,
2025-01-26,sv8pt5-155,610510,Holofoil,354.8,395.01,574.0,1049.99,
2025-01-26,sv8pt5-156,610511,Holofoil,558.95,465.0,600.0,750.0,
2025-01-26,sv8pt5-161,610516,Holofoil,1601.91,1525.0,1774.0,2500.0,
2025-01-26,sv8pt5-167,610522,Holofoil,229.0,212.99,229.0,350.0,
2025-01-26,sv8pt5-179,610534,Holofoil,127.29,116.0,132.99,325.0,
2025-01-26,sv8pt5-28,610383,Holofoil,1.81,1.5,2.25,15.98,
2025-01-26,sv8pt5-47,610402,Normal,0.07,0.01,0.1,0.99,0.05
2025-01-26,sv8pt5-47,610402,Reverse Holofoil,0.14,0.06,0.2,1.0,0.15
2025-01-26,sv8pt5-59,610414,Holofoil,0.45,0.05,0.46,19.99,
2025-01-26,sv8pt5-59,610414,Reverse Holofoil,1.69,0.31,2.18,39.99,
2025-01-26,sv8pt5-60,610415,Holofoil,15.83,13.89,18.1,79.99,
2025-01-26,svp-085,518861,Normal,289.31,285.98,329.47,750.0,334.68
2025-01-26,swsh11-186,284137,Holofoil,615.02,499.0,615.0,999.99,850.0
2025-01-26,swsh12-186,451834,Holofoil,283.83,243.44,324.1,599.99,327.99
2025-01-26,swsh12pt5gg-GG69,478100,Holofoil,206.54,199.0,242.84,499.99,239.98
2025-01-26,swsh35-25,223018,Normal,0.11,0.02,0.15,1.49,
2025-01-26,swsh35-25,223018,Reverse Holofoil,0.24,0.09,0.25,2.0,
2025-01-26,swsh35-74,223073,Holofoil,199.6,156.03,243.54,1500.0,243.07
2025-01-26,swsh45sv-SV107,232496,Holofoil,112.11,105.0,124.68,400.0,124.66
2025-01-26,swsh7-204,246693,Holofoil,32.12,24.39,35.66,70.0,29.24
2025-01-26,swsh7-205,246696,Holofoil,377.9,386.89,450.0,799.99,493.99
2025-01-26,swsh7-208,246755,Holofoil,26.27,20.8,29.0,69.99,35.95
2025-01-26,swsh7-209,246756,Holofoil,306.69,295.0,329.99,599.99,424.42
2025-01-26,swsh7-211,246702,Holofoil,43.97,34.99,43.95,99.99,69.68
2025-01-26,swsh7-212,246704,Holofoil,302.48,398.99,494.94,599.99,494.94
2025-01-26,swsh7-215,246723,Holofoil,1717.99,1446.99,1879.49,2200.0,1699.99
2025-01-26,swsh7-218,246733,Holofoil,624.16,625.0,750.0,999.69,999.69
2025-01-26,swsh7-41,246753,Holofoil,4.07,2.71,4.29,89.0,6.49
2025-01-26,swsh7-65,246690,Holofoil,8.86,5.19,9.5,89.0,15.4
2025-01-26,swsh7-75,246701,Holofoil,8.73,3.99,8.79,50.0,13.68
2025-01-26,swsh7-8,246691,Holofoil,4.77,3.0,4.95,50.0,9.57
2025-01-26,swsh8-271,253266,Holofoil,697.2,799.99,950.0,1297.99,949.68
2025-01-26,swsh9-154,263873,Holofoil,196.74,190.0,222.08,1500.0,201.47
2025-01-27,base1-15,42355,Holofoil,118.06,74.0,114.0,300.0,
2025-01-27,base1-16,42356,Holofoil,39.22,19.75,33.0,77.99,31.7
2025-01-27,base1-2,42360,Holofoil,169.96,90.48,143.99,238.3,79.99
2025-01-27,base1-4,42382,Holofoil,421.03,270.0,359.99,1249.99,
2025-01-27,base1-58,42402,Normal,3.68,0.5,2.25,9999.0,
2025-01-27,cel25c-4,250320,Holofoil,96.73,82.99,118.7,249.0,112.23
2025-01-27,gym2-2,83861,Unlimited Holofoil,288.9,262.9,349.5,550.0,
2025-01-27,neo1-9,86903,1st Edition Holofoil,780.96,999.99,2950.0,2953.99,
2025-01-27,neo1-9,86903,Unlimited Holofoil,349.06,344.97,367.49,1000.0,
2025-01-27,sl-151-bundle,502000,Normal,63.73,59.99,69.99,200.0,
2025-01-27,sl-151-etb,503313,Normal,172.44,160.0,199.99,4999.99,
2025-01-27,sl-151-upc,502005,Normal,277.92,269.99,300.0,694.94,
2025-01-27,sl-ar-box,265519,Normal,233.69,224.99,280.0,1999.99,
2025-01-27,sl-bs-box,256141,Normal,289.65,269.9,349.99,999.99,
2025-01-27,sl-cel-upc,245140,Normal,394.18,393.5,482.48,1000.0,
2025-01-27,sl-champ-etb,218791,Normal,108.98,103.0,128.95,399.99,
2025-01-27,sl-cz-etb,453470,Normal,101.09,98.99,112.5,1999.99,
2025-01-27,sl-evs-box,242436,Normal,1376.56,1350.0,1771.29,9999.99,
2025-01-27,sl-evs-etb,243721,Normal,439.31,468.0,499.99,989.89,
2025-01-27,sl-fs-box,247654,Normal,465.62,450.0,499.99,1000.0,
2025-01-27,sl-hf-etb,194729,Normal,225.2,225.0,251.32,499.99,
2025-01-27,sl-jp-151,565243,Normal,112.09,109.99,119.99,220.0,
2025-01-27,sl-jp-terastal,603428,Normal,93.3,83.53,95.0,170.0,
2025-01-27,sl-jt-box,610931,Normal,191.52,187.95,194.88,279.99,
2025-01-27,sl-lo-box,277324,Normal,367.83,345.0,399.99,1299.99,
2025-01-27,sl-obf-box,501257,Normal,175.78,170.0,199.98,999.99,
2025-01-27,sl-pe-etb,593355,Normal,113.76,105.0,125.94,395.0,
2025-01-27,sl-pf-etb,528040,Normal,93.76,89.0,99.98,200.0,
2025-01-27,sl-shf-etb,228821,Normal,71.62,59.96,79.99,300.0,
2025-01-27,sl-ss-box,565606,Normal,248.22,245.0,269.99,999.95,
2025-01-27,sl-st-box,283389,Normal,235.33,230.0,299.97,1248.0,
2025-01-27,sl-tf-box,536225,Normal,161.32,154.5,180.0,333.0,
2025-01-27,sv2-185,497557,Normal,0.21,0.01,0.25,5.74,0.15
2025-01-27,sv2-185,497557,Reverse Holofoil,0.43,0.1,0.85,10.0,0.4
2025-01-27,sv2-254,497669,Holofoil,14.0,10.0,15.0,100.0,19.94
2025-01-27,sv2-269,497689,Holofoil,64.64,57.68,74.47,259.99,
2025-01-27,sv3pt5-151,516566,Holofoil,8.57,4.75,8.95,29.99,13.95
2025-01-27,sv3pt5-199,517045,Holofoil,243.27,211.99,270.47,1500.0,264.98
2025-01-27,sv3pt5-205,517051,Holofoil,16.03,11.57,15.99,100.0,24.94
2025-01-27,sv3pt5-4,502555,Normal,0.11,0.01,0.15,2.35,0.07
2025-01-27,sv3pt5-4,502555,Reverse Holofoil,0.31,0.06,0.29,25.0,0.07
2025-01-27,sv3pt5-6,502558,Holofoil,5.72,3.19,6.0,26.0,9.99
2025-01-27,sv3pt5-7,502548,Normal,0.13,0.01,0.15,15.0,
2025-01-27,sv3pt5-7,502548,Reverse Holofoil,0.24,0.1,0.25,15.0,
2025-01-27,sv4pt5-234,535090,Holofoil,210.12,215.99,236.79,400.0,291.4
2025-01-27,sv4pt5-54,534416,Holofoil,2.36,1.0,2.69,34.99,3.04
2025-01-27,sv8-57,590025,Holofoil,7.76,4.0,7.6,29.99,10.88
2025-01-27,sv8pt5-149,610504,Holofoil,304.82,279.72,309.0,548.0,395.0
2025-01-27,sv8pt5-155,610510,Holofoil,358.81,395.01,574.0,1049.99,
2025-01-27,sv8pt5-156,610511,Holofoil,550.9,485.0,589.78,750.0,
2025-01-27,sv8pt5-161,610516,Holofoil,1561.79,1575.0,1799.5,2500.0,1800.0
2025-01-27,sv8pt5-167,610522,Holofoil,228.92,212.99,229.0,350.0,
2025-01-27,sv8pt5-179,610534,Holofoil,126.93,112.95,129.29,325.0,
2025-01-27,sv8pt5-28,610383,Holofoil,1.86,1.5,2.04,15.98,2.01
2025-01-27,sv8pt5-47,610402,Normal,0.07,0.01,0.1,1.3,0.05
2025-01-27,sv8pt5-47,610402,Reverse Holofoil,0.12,0.05,0.2,1.0,0.13
2025-01-27,sv8pt5-59,610414,Holofoil,0.32,0.05,0.49,19.99,0.26
2025-01-27,sv8pt5-59,610414,Reverse Holofoil,1.59,0.3,1.99,39.99,0.5
2025-01-27,sv8pt5-60,610415,Holofoil,15.18,13.0,16.56,79.99,15.25
2025-01-27,svp-085,518861,Normal,289.31,285.98,329.47,750.0,334.68
2025-01-27,swsh11-186,284137,Holofoil,614.66,499.0,636.85,1000.0,850.0
2025-01-27,swsh12-186,451834,Holofoil,283.83,245.05,325.0,599.99,325.0
2025-01-27,swsh12pt5gg-GG69,478100,Holofoil,208.19,200.0,244.96,500.0,239.98
2025-01-27,swsh35-25,223018,Normal,0.12,0.02,0.15,1.49,
2025-01-27,swsh35-25,223018,Reverse Holofoil,0.24,0.09,0.25,2.0,0.24
2025-01-27,swsh35-74,223073,Holofoil,201.72,155.0,243.53,1500.0,243.07
2025-01-27,swsh45sv-SV107,232496,Holofoil,112.29,105.0,124.68,400.0,124.64
2025-01-27,swsh7-204,246693,Holofoil,32.12,24.39,36.59,70.0,29.04
2025-01-27,swsh7-205,246696,Holofoil,379.98,378.0,450.0,799.99,493.99
2025-01-27,swsh7-208,246755,Holofoil,26.49,20.8,31.26,69.99,35.95
2025-01-27,swsh7-209,246756,Holofoil,307.29,299.98,377.04,599.99,424.42
2025-01-27,swsh7-211,246702,Holofoil,43.97,34.99,43.97,99.99,69.68
2025-01-27,swsh7-212,246704,Holofoil,309.31,398.99,494.94,1000.0,449.99
2025-01-27,swsh7-215,246723,Holofoil,1717.99,1350.0,1874.5,2200.0,1699.99
2025-01-27,swsh7-218,246733,Holofoil,647.82,625.0,750.0,850.0,
2025-01-27,swsh7-41,246753,Holofoil,4.07,2.71,4.26,89.0,4.92
2025-01-27,swsh7-65,246690,Holofoil,8.75,5.19,9.49,500.0,15.39
2025-01-27,swsh7-75,246701,Holofoil,8.43,3.99,8.78,50.0,8.22
2025-01-27,swsh7-8,246691,Holofoil,5.25,3.0,4.93,50.0,11.0
2025-01-27,swsh8-271,253266,Holofoil,697.2,799.99,949.69,1297.99,949.68
2025-01-27,swsh9-154,263873,Holofoil,196.74,190.0,226.33,1500.0,211.98
2025-01-28,base1-15,42355,Holofoil,118.06,74.0,115.1,300.0,
2025-01-28,base1-16,42356,Holofoil,39.22,14.44,32.35,77.99,
2025-01-28,base1-2,42360,Holofoil,169.96,89.95,143.99,238.3,79.99
2025-01-28,base1-4,42382,Holofoil,421.03,270.0,360.0,1249.99,
2025-01-28,base1-58,42402,Normal,3.4,0.5,2.26,9999.0,
2025-01-28,cel25c-4,250320,Holofoil,97.62,94.99,118.7,249.0,111.98
2025-01-28,gym2-2,83861,Unlimited Holofoil,288.9,262.9,349.0,499.99,
2025-01-28,neo1-9,86903,1st Edition Holofoil,931.44,999.99,2952.0,2953.99,
2025-01-28,neo1-9,86903,Unlimited Holofoil,349.06,344.97,367.49,1000.0,
2025-01-28,sl-151-bundle,502000,Normal,63.53,59.0,69.99,200.0,
2025-01-28,sl-151-etb,503313,Normal,173.08,160.0,200.0,4999.99,
2025-01-28,sl-151-upc,502005,Normal,278.18,269.99,300.0,694.94,
2025-01-28,sl-ar-box,265519,Normal,233.69,224.99,274.95,1999.99,
2025-01-28,sl-bs-box,256141,Normal,288.45,269.99,335.0,999.99,
2025-01-28,sl-cel-upc,245140,Normal,395.09,393.5,475.0,1000.0,
2025-01-28,sl-champ-etb,218791,Normal,108.9,105.0,128.97,399.99,
2025-01-28,sl-cz-etb,453470,Normal,101.99,98.99,118.99,1999.99,
2025-01-28,sl-evs-box,242436,Normal,1381.48,1398.0,1799.98,9999.99,
2025-01-28,sl-evs-etb,243721,Normal,439.31,420.0,497.49,989.89,
2025-01-28,sl-fs-box,247654,Normal,464.8,440.89,500.0,1000.0,
2025-01-28,sl-hf-etb,194729,Normal,224.16,225.0,252.63,499.99,
2025-01-28,sl-jp-151,565243,Normal,114.37,106.96,119.99,220.0,
2025-01-28,sl-jp-terastal,603428,Normal,92.54,89.0,94.99,170.0,
2025-01-28,sl-jt-box,610931,Normal,189.65,187.95,194.76,279.99,
2025-01-28,sl-lo-box,277324,Normal,364.91,349.99,404.0,1299.99,
2025-01-28,sl-obf-box,501257,Normal,177.23,164.99,199.96,999.99,
2025-01-28,sl-pe-etb,593355,Normal,110.11,108.47,125.0,395.0,
2025-01-28,sl-pf-etb,528040,Normal,98.67,90.0,100.0,200.0,
2025-01-28,sl-shf-etb,228821,Normal,69.39,59.96,79.99,300.0,
2025-01-28,sl-ss-box,565606,Normal,250.36,242.69,269.99,999.95,
2025-01-28,sl-st-box,283389,Normal,234.95,230.0,299.98,1248.0,
2025-01-28,sl-tf-box,536225,Normal,161.05,154.5,197.97,333.0,
2025-01-28,sv2-185,497557,Normal,0.19,0.01,0.25,15.0,
2025-01-28,sv2-185,497557,Reverse Holofoil,0.38,0.1,0.82,10.0,0.5
2025-01-28,sv2-254,497669,Holofoil,14.15,10.0,15.0,100.0,14.15
2025-01-28,sv2-269,497689,Holofoil,64.84,57.68,74.45,259.99,
2025-01-28,sv3pt5-151,516566,Holofoil,9.45,4.75,9.0,29.99,9.49
2025-01-28,sv3pt5-199,517045,Holofoil,244.35,211.99,264.97,1500.0,
2025-01-28,sv3pt5-205,517051,Holofoil,14.68,11.57,15.8,100.0,19.89
2025-01-28,sv3pt5-4,502555,Normal,0.1,0.01,0.15,2.35,
2025-01-28,sv3pt5-4,502555,Reverse Holofoil,0.3,0.08,0.29,25.0,
2025-01-28,sv3pt5-6,502558,Holofoil,5.66,4.0,6.0,26.0,9.22
2025-01-28,sv3pt5-7,502548,Normal,0.13,0.01,0.15,15.0,
2025-01-28,sv3pt5-7,502548,Reverse Holofoil,0.24,0.1,0.25,15.0,
2025-01-28,sv4pt5-234,535090,Holofoil,211.84,213.0,234.99,400.0,289.99
2025-01-28,sv4pt5-54,534416,Holofoil,2.39,1.0,2.63,34.99,
2025-01-28,sv8-57,590025,Holofoil,8.01,4.0,7.7,29.99,19.99
2025-01-28,sv8pt5-149,610504,Holofoil,304.34,299.99,310.0,548.0,499.99
2025-01-28,sv8pt5-155,610510,Holofoil,358.81,350.0,424.0,574.0,
2025-01-28,sv8pt5-156,610511,Holofoil,553.73,485.0,559.99,750.0,
2025-01-28,sv8pt5-161,610516,Holofoil,1561.79,1575.0,1787.0,2500.0,1717.99
2025-01-28,sv8pt5-167,610522,Holofoil,230.75,215.23,240.13,350.0,
2025-01-28,sv8pt5-179,610534,Holofoil,124.5,100.0,129.85,325.0,
2025-01-28,sv8pt5-28,610383,Holofoil,1.88,1.0,2.06,15.98,
2025-01-28,sv8pt5-47,610402,Normal,0.07,0.01,0.1,1.3,0.05
2025-01-28,sv8pt5-47,610402,Reverse Holofoil,0.12,0.05,0.2,1.0,0.13
2025-01-28,sv8pt5-59,610414,Holofoil,0.34,0.05,0.47,19.99,
2025-01-28,sv8pt5-59,610414,Reverse Holofoil,0.85,0.31,2.09,39.99,
2025-01-28,sv8pt5-60,610415,Holofoil,13.67,12.13,15.79,79.99,
2025-01-28,svp-085,518861,Normal,289.71,285.98,333.99,750.0,334.68
2025-01-28,swsh11-186,284137,Holofoil,605.97,499.0,619.35,1000.0,850.0
2025-01-28,swsh12-186,451834,Holofoil,286.23,245.05,322.48,599.99,324.95
2025-01-28,swsh12pt5gg-GG69,478100,Holofoil,211.13,205.0,244.97,1000.0,239.98
2025-01-28,swsh35-25,223018,Normal,0.12,0.02,0.15,1.49,
2025-01-28,swsh35-25,223018,Reverse Holofoil,0.24,0.09,0.25,2.0,0.24
2025-01-28,swsh35-74,223073,Holofoil,201.72,155.0,243.07,1500.0,243.07
2025-01-28,swsh45sv-SV107,232496,Holofoil,112.64,105.0,124.7,400.0,124.59
2025-01-28,swsh7-204,246693,Holofoil,32.12,24.39,36.08,70.0,29.04
2025-01-28,swsh7-205,246696,Holofoil,379.98,378.0,450.0,799.99,493.99
2025-01-28,swsh7-208,246755,Holofoil,26.49,20.8,31.39,69.99,35.95
2025-01-28,swsh7-209,246756,Holofoil,303.93,299.98,379.91,599.99,424.42
2025-01-28,swsh7-211,246702,Holofoil,43.74,35.0,43.81,99.99,69.68
2025-01-28,swsh7-212,246704,Holofoil,309.31,384.99,494.94,1000.0,384.99
2025-01-28,swsh7-215,246723,Holofoil,1717.99,1350.0,1867.48,2200.0,1699.99
2025-01-28,swsh7-218,246733,Holofoil,636.22,625.0,750.0,925.65,749.99
2025-01-28,swsh7-41,246753,Holofoil,4.14,2.71,4.25,89.0,4.89
2025-01-28,swsh7-65,246690,Holofoil,8.69,5.19,9.38,500.0,14.48
2025-01-28,swsh7-75,246701,Holofoil,7.63,3.99,8.73,50.0,9.99
2025-01-28,swsh7-8,246691,Holofoil,5.26,3.0,5.0,50.0,5.19
2025-01-28,swsh8-271,253266,Holofoil,716.69,750.0,949.69,1297.99,949.68
2025-01-28,swsh9-154,263873,Holofoil,196.74,190.0,224.03,1500.0,210.99
2025-01-29,base1-15,42355,Holofoil,118.06,74.8,117.55,300.0,
2025-01-29,base1-16,42356,Holofoil,39.32,19.56,33.17,77.99,13.97
2025-01-29,base1-2,42360,Holofoil,172.22,89.95,140.87,238.3,
2025-01-29,base1-4,42382,Holofoil,421.03,270.0,350.0,1249.99,259.99
2025-01-29,base1-58,42402,Normal,3.56,0.5,2.08,9999.0,1.45
2025-01-29,cel25c-4,250320,Holofoil,97.62,94.99,117.82,249.0,107.49
2025-01-29,gym2-2,83861,Unlimited Holofoil,288.9,262.9,349.0,499.99,262.9
2025-01-29,neo1-9,86903,1st Edition Holofoil,931.44,999.99,2950.0,2953.99,
2025-01-29,neo1-9,86903,Unlimited Holofoil,349.06,344.97,367.49,1000.0,
2025-01-29,sl-151-bundle,502000,Normal,63.43,57.97,69.99,200.0,
2025-01-29,sl-151-etb,503313,Normal,172.84,170.0,200.0,4999.99,
2025-01-29,sl-151-upc,502005,Normal,276.29,269.99,300.0,694.94,
2025-01-29,sl-ar-box,265519,Normal,236.12,224.99,277.48,1999.99,
2025-01-29,sl-bs-box,256141,Normal,287.81,269.99,320.0,999.99,
2025-01-29,sl-cel-upc,245140,Normal,395.36,395.09,475.0,1000.0,
2025-01-29,sl-champ-etb,218791,Normal,109.1,105.01,125.0,399.99,
2025-01-29,sl-cz-etb,453470,Normal,102.58,100.95,117.01,1999.99,
2025-01-29,sl-evs-box,242436,Normal,1382.08,1398.0,1894.49,9999.99,
2025-01-29,sl-evs-etb,243721,Normal,439.31,468.0,497.49,989.89,
2025-01-29,sl-fs-box,247654,Normal,462.12,440.89,499.99,1000.0,
2025-01-29,sl-hf-etb,194729,Normal,225.58,229.98,251.32,499.99,
2025-01-29,sl-jp-151,565243,Normal,114.93,108.0,119.99,250.0,
2025-01-29,sl-jp-terastal,603428,Normal,91.98,89.0,94.0,170.0,
2025-01-29,sl-jt-box,610931,Normal,189.72,187.95,194.7,279.99,
2025-01-29,sl-lo-box,277324,Normal,364.91,335.0,402.5,1299.99,
2025-01-29,sl-obf-box,501257,Normal,176.98,162.92,199.96,999.99,
2025-01-29,sl-pe-etb,593355,Normal,105.57,95.0,123.0,395.0,
2025-01-29,sl-pf-etb,528040,Normal,98.04,90.0,100.0,200.0,
2025-01-29,sl-shf-etb,228821,Normal,68.15,59.96,79.99,300.0,
2025-01-29,sl-ss-box,565606,Normal,248.09,244.99,269.0,999.95,
2025-01-29,sl-st-box,283389,Normal,233.69,230.0,299.98,1248.0,
2025-01-29,sl-tf-box,536225,Normal,159.64,154.5,197.97,333.0,
2025-01-29,sv2-185,497557,Normal,0.27,0.1,0.26,15.0,0.15
2025-01-29,sv2-185,497557,Reverse Holofoil,0.45,0.1,0.8,10.0,1.03
2025-01-29,sv2-254,497669,Holofoil,14.61,10.0,15.0,100.0,14.7
2025-01-29,sv2-269,497689,Holofoil,65.26,60.0,74.54,259.99,71.01
2025-01-29,sv3pt5-151,516566,Holofoil,8.39,4.75,8.99,26.0,10.78
2025-01-29,sv3pt5-199,517045,Holofoil,244.75,200.96,264.95,4500.0,238.49
2025-01-29,sv3pt5-205,517051,Holofoil,14.59,12.0,15.96,100.0,16.49
2025-01-29,sv3pt5-4,502555,Normal,0.12,0.01,0.15,2.36,0.07
2025-01-29,sv3pt5-4,502555,Reverse Holofoil,0.25,0.08,0.27,25.0,0.08
2025-01-29,sv3pt5-6,502558,Holofoil,5.85,4.0,6.0,26.0,9.9
2025-01-29,sv3pt5-7,502548,Normal,0.14,0.01,0.15,15.0,0.09
2025-01-29,sv3pt5-7,502548,Reverse Holofoil,0.24,0.09,0.25,15.0,
2025-01-29,sv4pt5-234,535090,Holofoil,212.41,211.84,232.49,400.0,286.06
2025-01-29,sv4pt5-54,534416,Holofoil,2.47,1.0,2.69,34.99,2.35
2025-01-29,sv8-57,590025,Holofoil,7.22,4.0,7.85,25.0,8.64
2025-01-29,sv8pt5-149,610504,Holofoil,310.61,250.0,316.2,548.0,
2025-01-29,sv8pt5-155,610510,Holofoil,363.36,354.0,449.0,574.0,
2025-01-29,sv8pt5-156,610511,Holofoil,548.26,480.01,553.74,740.0,599.99
2025-01-29,sv8pt5-161,610516,Holofoil,1584.87,1575.0,1700.0,2500.0,1689.99
2025-01-29,sv8pt5-167,610522,Holofoil,227.18,225.0,255.2,350.0,
2025-01-29,sv8pt5-179,610534,Holofoil,122.21,108.73,129.93,325.0,
2025-01-29,sv8pt5-28,610383,Holofoil,1.82,1.0,2.06,15.98,2.59
2025-01-29,sv8pt5-47,610402,Normal,0.07,0.01,0.1,1.3,0.05
2025-01-29,sv8pt5-47,610402,Reverse Holofoil,0.12,0.05,0.19,1.0,0.12
2025-01-29,sv8pt5-59,610414,Holofoil,0.34,0.05,0.5,19.99,0.33
2025-01-29,sv8pt5-59,610414,Reverse Holofoil,0.97,0.31,2.0,39.99,1.49
2025-01-29,sv8pt5-60,610415,Holofoil,13.66,12.0,15.27,79.99,13.78
2025-01-29,svp-085,518861,Normal,289.99,285.98,333.99,750.0,334.68
2025-01-29,swsh11-186,284137,Holofoil,610.26,499.0,636.85,1000.0,799.99
2025-01-29,swsh12-186,451834,Holofoil,281.91,245.05,323.97,499.99,322.99
2025-01-29,swsh12pt5gg-GG69,478100,Holofoil,212.65,203.99,243.2,1000.0,239.98
2025-01-29,swsh35-25,223018,Normal,0.12,0.02,0.19,1.49,
2025-01-29,swsh35-25,223018,Reverse Holofoil,0.24,0.09,0.25,2.0,0.24
2025-01-29,swsh35-74,223073,Holofoil,201.72,155.0,243.07,1500.0,243.07
2025-01-29,swsh45sv-SV107,232496,Holofoil,113.34,91.07,124.7,400.0,124.57
2025-01-29,swsh7-204,246693,Holofoil,32.37,24.32,36.59,70.0,29.04
2025-01-29,swsh7-205,246696,Holofoil,378.34,379.98,435.0,699.69,493.99
2025-01-29,swsh7-208,246755,Holofoil,26.13,20.8,30.05,69.99,35.69
2025-01-29,swsh7-209,246756,Holofoil,303.93,299.98,379.91,524.99,424.42
2025-01-29,swsh7-211,246702,Holofoil,43.35,33.61,43.35,87.59,54.99
2025-01-29,swsh7-212,246704,Holofoil,310.11,384.99,449.97,1000.0,384.99
2025-01-29,swsh7-215,246723,Holofoil,1722.27,1350.0,1864.99,2200.0,1640.0
2025-01-29,swsh7-218,246733,Holofoil,636.22,625.0,749.99,999.69,749.99
2025-01-29,swsh7-41,246753,Holofoil,3.71,2.71,4.23,89.0,4.92
2025-01-29,swsh7-65,246690,Holofoil,8.49,5.19,9.38,500.0,14.18
2025-01-29,swsh7-75,246701,Holofoil,7.74,3.99,8.6,50.0,9.24
2025-01-29,swsh7-8,246691,Holofoil,5.47,3.0,5.0,50.0,6.98
2025-01-29,swsh8-271,253266,Holofoil,720.75,794.0,950.0,1799.0,949.68
2025-01-29,swsh9-154,263873,Holofoil,196.74,186.9,217.62,1500.0,210.99
2025-01-30,base1-15,42355,Holofoil,119.7,74.8,114.95,300.0,
2025-01-30,base1-16,42356,Holofoil,39.32,19.56,34.26,77.99,13.97
2025-01-30,base1-2,42360,Holofoil,172.22,90.48,149.99,237.87,
2025-01-30,base1-4,42382,Holofoil,418.27,270.0,369.99,1249.99,259.99
2025-01-30,base1-58,42402,Normal,3.55,0.5,2.08,9999.0,1.49
2025-01-30,cel25c-4,250320,Holofoil,97.85,88.76,113.95,249.0,107.49
2025-01-30,gym2-2,83861,Unlimited Holofoil,288.9,262.9,349.0,499.99,262.9
2025-01-30,neo1-9,86903,1st Edition Holofoil,931.44,999.99,2950.0,2953.99,
2025-01-30,neo1-9,86903,Unlimited Holofoil,349.06,344.97,367.49,1000.0,
2025-01-30,sl-151-bundle,502000,Normal,62.69,56.0,69.93,200.0,
2025-01-30,sl-151-etb,503313,Normal,171.99,170.0,200.0,4999.99,
2025-01-30,sl-151-upc,502005,Normal,278.48,269.99,300.0,694.94,
2025-01-30,sl-ar-box,265519,Normal,236.92,223.0,269.48,1999.99,
2025-01-30,sl-bs-box,256141,Normal,287.17,269.99,350.0,999.99,
2025-01-30,sl-cel-upc,245140,Normal,395.99,395.09,467.5,1000.0,
2025-01-30,sl-champ-etb,218791,Normal,109.49,105.01,128.97,399.99,
2025-01-30,sl-cz-etb,453470,Normal,102.04,99.0,115.0,1999.99,
2025-01-30,sl-evs-box,242436,Normal,1407.08,1399.0,1799.98,9999.99,
2025-01-30,sl-evs-etb,243721,Normal,444.59,480.0,499.99,989.89,
2025-01-30,sl-fs-box,247654,Normal,462.12,440.89,500.0,1000.0,
2025-01-30,sl-hf-etb,194729,Normal,225.58,229.98,256.31,499.99,
2025-01-30,sl-jp-151,565243,Normal,114.82,108.0,120.0,250.0,
2025-01-30,sl-jp-terastal,603428,Normal,90.25,87.0,94.0,170.0,
2025-01-30,sl-jt-box,610931,Normal,189.76,189.79,199.75,279.99,
2025-01-30,sl-lo-box,277324,Normal,361.91,335.0,400.0,1299.99,
2025-01-30,sl-obf-box,501257,Normal,173.57,170.0,199.99,999.99,
2025-01-30,sl-pe-etb,593355,Normal,103.81,99.0,120.0,395.0,
2025-01-30,sl-pf-etb,528040,Normal,95.84,90.0,103.12,200.0,
2025-01-30,sl-shf-etb,228821,Normal,67.3,59.96,79.99,300.0,
2025-01-30,sl-ss-box,565606,Normal,252.86,244.85,269.5,3999.99,
2025-01-30,sl-st-box,283389,Normal,233.56,223.69,299.97,1248.0,
2025-01-30,sl-tf-box,536225,Normal,159.67,161.98,193.98,333.0,
2025-01-30,sv2-185,497557,Normal,0.23,0.13,0.25,15.0,0.15
2025-01-30,sv2-185,497557,Reverse Holofoil,0.64,0.1,0.8,10.0,0.59
2025-01-30,sv2-254,497669,Holofoil,14.8,10.0,15.04,100.0,13.88
2025-01-30,sv2-269,497689,Holofoil,65.67,59.68,75.0,259.99,71.01
2025-01-30,sv3pt5-151,516566,Holofoil,9.09,4.75,8.99,26.0,12.82
2025-01-30,sv3pt5-199,517045,Holofoil,246.71,204.0,263.34,4500.0,238.48
2025-01-30,sv3pt5-205,517051,Holofoil,15.35,12.0,15.5,100.0,24.93
2025-01-30,sv3pt5-4,502555,Normal,0.14,0.01,0.15,2.37,0.1
2025-01-30,sv3pt5-4,502555,Reverse Holofoil,0.24,0.08,0.27,25.0,0.23
2025-01-30,sv3pt5-6,502558,Holofoil,6.75,4.0,6.0,26.0,9.89
2025-01-30,sv3pt5-7,502548,Normal,0.16,0.01,0.15,15.0,0.09
2025-01-30,sv3pt5-7,502548,Reverse Holofoil,0.24,0.09,0.25,15.0,
2025-01-30,sv4pt5-234,535090,Holofoil,215.56,220.0,238.39,400.0,285.0
2025-01-30,sv4pt5-54,534416,Holofoil,2.27,1.0,2.76,34.99,3.12
2025-01-30,sv8-57,590025,Holofoil,6.72,4.0,7.88,25.0,7.14
2025-01-30,sv8pt5-149,610504,Holofoil,311.74,306.2,314.46,548.0,
2025-01-30,sv8pt5-155,610510,Holofoil,373.51,499.99,574.0,1000.0,
2025-01-30,sv8pt5-156,610511,Holofoil,546.12,480.01,550.79,750.0,599.99
2025-01-30,sv8pt5-161,610516,Holofoil,1594.11,1575.0,1687.5,2500.0,1600.0
2025-01-30,sv8pt5-167,610522,Holofoil,229.5,225.0,274.99,350.0,
2025-01-30,sv8pt5-179,610534,Holofoil,119.55,107.68,129.99,325.0,
2025-01-30,sv8pt5-28,610383,Holofoil,1.84,1.5,2.08,15.98,
2025-01-30,sv8pt5-47,610402,Normal,0.06,0.01,0.1,1.3,0.05
2025-01-30,sv8pt5-47,610402,Reverse Holofoil,0.12,0.05,0.19,1.0,0.12
2025-01-30,sv8pt5-59,610414,Holofoil,0.37,0.05,0.49,19.99,0.74
2025-01-30,sv8pt5-59,610414,Reverse Holofoil,1.15,0.31,2.0,39.99,1.49
2025-01-30,sv8pt5-60,610415,Holofoil,13.24,11.5,15.0,79.99,
2025-01-30,svp-085,518861,Normal,292.58,285.98,334.69,750.0,334.68
2025-01-30,swsh11-186,284137,Holofoil,619.86,499.0,619.35,1000.0,839.99
2025-01-30,swsh12-186,451834,Holofoil,281.68,245.05,322.49,499.99,321.99
2025-01-30,swsh12pt5gg-GG69,478100,Holofoil,215.43,200.0,240.0,1000.0,239.97
2025-01-30,swsh35-25,223018,Normal,0.11,0.02,0.19,1.49,
2025-01-30,swsh35-25,223018,Reverse Holofoil,0.24,0.09,0.25,2.0,
2025-01-30,swsh35-74,223073,Holofoil,201.72,157.0,243.07,1500.0,242.99
2025-01-30,swsh45sv-SV107,232496,Holofoil,113.7,91.07,124.68,400.0,122.87
2025-01-30,swsh7-204,246693,Holofoil,32.37,24.32,36.68,70.0,29.04
2025-01-30,swsh7-205,246696,Holofoil,387.42,382.94,450.0,699.69,405.0
2025-01-30,swsh7-208,246755,Holofoil,25.98,21.79,31.75,69.99,35.69
2025-01-30,swsh7-209,246756,Holofoil,306.41,255.0,383.01,599.99,424.42
2025-01-30,swsh7-211,246702,Holofoil,43.35,33.61,43.35,94.99,54.99
2025-01-30,swsh7-212,246704,Holofoil,343.27,349.99,464.53,1000.0,381.14
2025-01-30,swsh7-215,246723,Holofoil,1690.17,1417.0,1858.36,2200.0,1640.0
2025-01-30,swsh7-218,246733,Holofoil,662.22,625.0,750.0,999.69,
2025-01-30,swsh7-41,246753,Holofoil,4.1,2.71,4.24,89.0,6.47
2025-01-30,swsh7-65,246690,Holofoil,8.89,5.19,9.36,500.0,14.95
2025-01-30,swsh7-75,246701,Holofoil,8.23,3.99,8.64,50.0,13.5
2025-01-30,swsh7-8,246691,Holofoil,5.8,3.0,5.11,50.0,8.09
2025-01-30,swsh8-271,253266,Holofoil,725.31,719.99,949.69,1799.0,840.0
2025-01-30,swsh9-154,263873,Holofoil,197.31,186.9,219.5,1500.0,210.99
2025-01-31,base1-15,42355,Holofoil,119.7,78.98,119.99,300.0,
2025-01-31,base1-16,42356,Holofoil,39.43,19.28,33.56,77.99,13.47
2025-01-31,base1-2,42360,Holofoil,173.06,90.87,146.99,246.19,
2025-01-31,base1-4,42382,Holofoil,418.27,270.0,384.49,1249.99,259.99
2025-01-31,base1-58,42402,Normal,3.55,0.55,2.18,9999.0,0.6
2025-01-31,cel25c-4,250320,Holofoil,98.35,88.76,111.99,249.0,107.49
2025-01-31,gym2-2,83861,1st Edition Holofoil,923.15,702.0,812.58,923.15,
2025-01-31,gym2-2,83861,Unlimited Holofoil,288.9,292.77,349.5,499.99,
2025-01-31,neo1-9,86903,1st Edition Holofoil,931.44,999.99,1975.0,2953.99,
2025-01-31,neo1-9,86903,Unlimited Holofoil,349.06,344.97,367.49,1000.0,
2025-01-31,sl-151-bundle,502000,Normal,60.71,54.0,69.95,200.0,
2025-01-31,sl-151-etb,503313,Normal,171.09,170.0,200.0,4999.99,
2025-01-31,sl-151-upc,502005,Normal,281.13,269.99,300.0,694.94,
2025-01-31,sl-ar-box,265519,Normal,236.92,223.0,269.48,1999.99,
2025-01-31,sl-bs-box,256141,Normal,287.17,269.99,350.0,999.99,
2025-01-31,sl-cel-upc,245140,Normal,395.99,395.09,475.0,1000.0,
2025-01-31,sl-champ-etb,218791,Normal,109.32,101.69,128.95,399.99,
2025-01-31,sl-cz-etb,453470,Normal,102.38,99.99,115.0,1999.99,
2025-01-31,sl-evs-box,242436,Normal,1382.08,1384.98,1894.49,9999.99,
2025-01-31,sl-evs-etb,243721,Normal,444.59,481.5,499.99,989.89,
2025-01-31,sl-fs-box,247654,Normal,462.12,440.89,499.99,1000.0,
2025-01-31,sl-hf-etb,194729,Normal,225.0,229.98,256.31,499.99,
2025-01-31,sl-jp-151,565243,Normal,115.32,108.0,120.0,250.0,
2025-01-31,sl-jp-terastal,603428,Normal,90.45,88.0,94.99,170.0,
2025-01-31,sl-jt-box,610931,Normal,189.71,189.71,197.35,279.99,
2025-01-31,sl-lo-box,277324,Normal,360.51,340.0,412.49,1299.99,
2025-01-31,sl-obf-box,501257,Normal,173.74,170.0,199.99,999.99,
2025-01-31,sl-pe-etb,593355,Normal,102.58,95.0,124.93,395.0,
2025-01-31,sl-pf-etb,528040,Normal,96.43,90.0,99.99,200.0,
2025-01-31,sl-shf-etb,228821,Normal,67.18,59.96,79.99,300.0,
2025-01-31,sl-ss-box,565606,Normal,252.8,239.99,269.99,3999.99,
2025-01-31,sl-st-box,283389,Normal,233.45,223.69,299.97,1248.0,
2025-01-31,sl-tf-box,536225,Normal,159.85,159.0,189.99,333.0,
2025-01-31,sv2-185,497557,Normal,0.27,0.08,0.26,15.0,
2025-01-31,sv2-185,497557,Reverse Holofoil,0.63,0.1,0.78,10.0,1.03
2025-01-31,sv2-254,497669,Holofoil,14.79,10.0,15.34,100.0,23.77
2025-01-31,sv2-269,497689,Holofoil,65.24,59.92,74.58,259.99,71.79
2025-01-31,sv3pt5-151,516566,Holofoil,8.64,4.75,9.0,26.0,7.99
2025-01-31,sv3pt5-199,517045,Holofoil,246.02,204.0,264.95,1925.0,238.48
2025-01-31,sv3pt5-205,517051,Holofoil,15.73,12.0,15.9,100.0,24.91
2025-01-31,sv3pt5-4,502555,Normal,0.15,0.01,0.15,2.41,0.1
2025-01-31,sv3pt5-4,502555,Reverse Holofoil,0.26,0.08,0.27,25.0,0.23
2025-01-31,sv3pt5-6,502558,Holofoil,7.11,4.0,6.04,26.0,9.15
2025-01-31,sv3pt5-7,502548,Normal,0.17,0.01,0.15,15.0,0.1
2025-01-31,sv3pt5-7,502548,Reverse Holofoil,0.25,0.09,0.25,15.0,0.24
2025-01-31,sv4pt5-234,535090,Holofoil,215.56,210.0,232.5,299.99,221.48
2025-01-31,sv4pt5-54,534416,Holofoil,2.57,1.0,2.7,34.99,3.74
2025-01-31,sv8-57,590025,Holofoil,7.53,4.0,7.91,25.0,9.9
2025-01-31,sv8pt5-149,610504,Holofoil,311.02,305.0,311.51,548.0,
2025-01-31,sv8pt5-155,610510,Holofoil,373.51,549.66,637.0,1000.0,
2025-01-31,sv8pt5-156,610511,Holofoil,548.52,450.0,547.29,750.0,
2025-01-31,sv8pt5-161,610516,Holofoil,1612.95,1575.0,1642.5,2295.0,
2025-01-31,sv8pt5-167,610522,Holofoil,229.5,220.0,257.62,350.0,
2025-01-31,sv8pt5-179,610534,Holofoil,118.5,103.99,122.66,325.0,
2025-01-31,sv8pt5-28,610383,Holofoil,2.05,1.5,2.02,15.98,2.92
2025-01-31,sv8pt5-47,610402,Normal,0.07,0.01,0.1,1.3,0.03
2025-01-31,sv8pt5-47,610402,Reverse Holofoil,0.12,0.05,0.16,1.12,0.11
2025-01-31,sv8pt5-59,610414,Holofoil,0.46,0.01,0.47,19.99,0.74
2025-01-31,sv8pt5-59,610414,Reverse Holofoil,1.19,0.31,1.7,39.99,1.43
2025-01-31,sv8pt5-60,610415,Holofoil,14.49,12.0,15.0,79.99,
2025-01-31,svp-085,518861,Normal,293.11,285.01,349.97,750.0,334.68
2025-01-31,swsh11-186,284137,Holofoil,619.86,499.0,650.0,1000.0,839.95
2025-01-31,swsh12-186,451834,Holofoil,281.68,245.0,319.65,499.99,321.5
2025-01-31,swsh12pt5gg-GG69,478100,Holofoil,216.17,203.99,240.0,1000.0,239.98
2025-01-31,swsh35-25,223018,Normal,0.11,0.03,0.19,1.49,
2025-01-31,swsh35-25,223018,Reverse Holofoil,0.24,0.09,0.25,2.0,
2025-01-31,swsh35-74,223073,Holofoil,201.72,154.18,243.07,1500.0,241.99
2025-01-31,swsh45sv-SV107,232496,Holofoil,113.62,91.07,124.66,400.0,122.87
2025-01-31,swsh7-204,246693,Holofoil,32.37,24.32,36.59,70.0,29.04
2025-01-31,swsh7-205,246696,Holofoil,387.42,382.94,479.95,699.69,405.0
2025-01-31,swsh7-208,246755,Holofoil,25.98,21.79,30.99,69.99,35.69
2025-01-31,swsh7-209,246756,Holofoil,304.01,298.0,400.0,699.69,449.99
2025-01-31,swsh7-211,246702,Holofoil,43.11,33.61,43.35,94.99,54.99
2025-01-31,swsh7-212,246704,Holofoil,352.66,349.99,490.0,1000.0,494.94
2025-01-31,swsh7-215,246723,Holofoil,1605.18,790.99,1762.5,2200.0,1640.0
2025-01-31,swsh7-218,246733,Holofoil,662.22,746.19,799.0,1031.18,899.99
2025-01-31,swsh7-41,246753,Holofoil,4.29,2.71,4.22,89.0,4.29
2025-01-31,swsh7-65,246690,Holofoil,8.75,5.19,9.51,500.0,8.75
2025-01-31,swsh7-75,246701,Holofoil,8.74,3.99,8.64,50.0,13.68
2025-01-31,swsh7-8,246691,Holofoil,5.77,3.15,5.26,50.0,8.99
2025-01-31,swsh8-271,253266,Holofoil,725.31,719.99,885.0,1799.0,840.0
2025-01-31,swsh9-154,263873,Holofoil,200.8,186.9,223.98,1500.0,210.99
