date,asset_id,product_id,subtype,market,low,mid,high,direct_low
2025-12-01,base1-15,42355,Holofoil,125.19,73.98,94.28,999.98,
2025-12-01,base1-16,42356,Holofoil,37.87,23.99,35.57,9999.0,
2025-12-01,base1-2,42360,Holofoil,160.09,100.0,130.0,500.0,
2025-12-01,base1-4,42382,Holofoil,463.35,369.0,500.0,1000.0,
2025-12-01,base1-58,42402,Normal,3.48,0.5,2.85,9999.0,3.89
2025-12-01,cel25c-4,250320,Holofoil,135.66,99.99,149.99,499.99,103.74
2025-12-01,gym2-2,83861,1st Edition Holofoil,926.01,500.0,799.01,1199.99,
2025-12-01,gym2-2,83861,Unlimited Holofoil,508.76,347.82,499.95,629.48,350.0
2025-12-01,neo1-9,86903,1st Edition Holofoil,1799.99,1798.75,1800.0,2700.0,
2025-12-01,neo1-9,86903,Unlimited Holofoil,409.75,295.8,397.0,540.0,
2025-12-01,sl-151-bundle,502000,Normal,96.56,92.0,105.0,999.99,
2025-12-01,sl-151-etb,503313,Normal,352.61,335.0,419.99,1000.0,
2025-12-01,sl-151-upc,502005,Normal,568.79,579.99,699.99,40000.0,
2025-12-01,sl-ar-box,265519,Normal,408.59,389.99,455.0,899.99,
2025-12-01,sl-bs-box,256141,Normal,496.51,489.99,627.99,5000.0,
2025-12-01,sl-cel-upc,245140,Normal,875.78,799.99,913.85,154722.59,
2025-12-01,sl-champ-etb,218791,Normal,149.58,138.0,177.5,500.0,
2025-12-01,sl-cz-etb,453470,Normal,196.43,195.0,233.75,4999.99,
2025-12-01,sl-dr-box,624679,Normal,407.11,395.01,544.99,99999.0,
2025-12-01,sl-evs-box,242436,Normal,2391.53,2200.0,2999.98,12000.0,
2025-12-01,sl-evs-etb,243721,Normal,684.78,683.0,999.0,2999.99,
2025-12-01,sl-fs-box,247654,Normal,921.07,800.0,1090.01,3000.0,
2025-12-01,sl-hf-etb,194729,Normal,394.68,373.99,450.0,9999.98,
2025-12-01,sl-jp-151,565243,Normal,178.09,169.97,199.99,399.99,
2025-12-01,sl-jp-terastal,603428,Normal,106.59,103.97,119.69,200.0,
2025-12-01,sl-jt-box,610931,Normal,231.11,222.99,250.98,551.0,
2025-12-01,sl-lo-box,277324,Normal,666.83,648.0,899.99,2500.0,
2025-12-01,sl-me1-box,644298,Normal,250.34,234.0,292.47,7777.0,
2025-12-01,sl-neo-box,193334,Normal,,109998.68,109998.68,109998.68,
2025-12-01,sl-obf-box,501257,Normal,295.34,289.99,342.5,1000.0,
2025-12-01,sl-pe-etb,593355,Normal,121.53,109.99,145.5,1115.0,
2025-12-01,sl-pe-spc,622770,Normal,265.04,247.0,305.56,880.0,
2025-12-01,sl-pf-etb,528040,Normal,231.65,235.0,279.49,775.0,
2025-12-01,sl-phf-box,654137,Normal,267.28,265.0,288.88,781.31,
2025-12-01,sl-shf-etb,228821,Normal,99.92,80.0,110.0,500.11,
2025-12-01,sl-ss-box,565606,Normal,257.11,222.01,304.98,4999.99,
2025-12-01,sl-st-box,283389,Normal,443.6,412.0,500.0,9999.99,
2025-12-01,sl-tf-box,536225,Normal,272.88,265.0,288.86,779.99,
2025-12-01,sv2-185,497557,Normal,0.36,0.25,0.41,30.0,
2025-12-01,sv2-185,497557,Reverse Holofoil,0.69,0.27,0.75,6.99,0.68
2025-12-01,sv2-254,497669,Holofoil,14.72,11.95,16.0,100.0,19.03
2025-12-01,sv2-269,497689,Holofoil,49.16,47.95,58.91,259.99,
2025-12-01,sv3pt5-151,516566,Holofoil,8.29,6.0,8.54,508.75,8.4
2025-12-01,sv3pt5-199,517045,Holofoil,250.09,209.94,264.04,900.0,209.94
2025-12-01,sv3pt5-205,517051,Holofoil,14.87,11.99,17.92,88.88,14.78
2025-12-01,sv3pt5-4,502555,Normal,0.11,0.01,0.15,20.0,0.1
2025-12-01,sv3pt5-4,502555,Reverse Holofoil,0.17,0.03,0.25,3.0,0.19
2025-12-01,sv3pt5-6,502558,Holofoil,4.51,2.89,5.07,39.97,6.95
2025-12-01,sv3pt5-7,502548,Normal,0.14,0.01,0.15,2.01,0.08
2025-12-01,sv3pt5-7,502548,Reverse Holofoil,0.18,0.01,0.25,50.0,0.15
2025-12-01,sv4pt5-234,535090,Holofoil,255.48,220.0,270.0,1000.0,254.0
2025-12-01,sv4pt5-54,534416,Holofoil,4.35,2.0,4.0,60.0,4.31
2025-12-01,sv8-57,590025,Holofoil,4.77,2.78,5.0,25.0,4.42
2025-12-01,sv8pt5-149,610504,Holofoil,192.06,178.99,209.54,800.0,
2025-12-01,sv8pt5-155,610510,Holofoil,200.9,191.99,236.43,899.0,
2025-12-01,sv8pt5-156,610511,Holofoil,325.61,308.78,405.0,800.0,
2025-12-01,sv8pt5-161,610516,Holofoil,1065.46,989.99,1199.99,5000.0,1065.46
2025-12-01,sv8pt5-167,610522,Holofoil,111.88,110.41,123.23,300.0,
2025-12-01,sv8pt5-179,610534,Holofoil,40.88,39.59,49.1,270.0,
2025-12-01,sv8pt5-28,610383,Holofoil,1.36,0.62,1.39,8.99,
2025-12-01,sv8pt5-47,610402,Normal,0.05,0.01,0.1,2.0,0.02
2025-12-01,sv8pt5-47,610402,Reverse Holofoil,0.08,0.01,0.12,20.0,0.05
2025-12-01,sv8pt5-59,610414,Holofoil,0.28,0.01,0.29,100.0,0.15
2025-12-01,sv8pt5-59,610414,Reverse Holofoil,0.34,0.08,0.38,25.0,0.25
2025-12-01,sv8pt5-60,610415,Holofoil,4.0,3.0,4.9,9999.0,4.0
2025-12-01,svp-085,518861,Normal,649.3,500.0,649.3,2500.0,
2025-12-01,swsh11-186,284137,Holofoil,576.71,500.0,595.34,1000.0,593.88
2025-12-01,swsh12-186,451834,Holofoil,381.15,330.0,400.0,2000.0,378.76
2025-12-01,swsh12pt5gg-GG69,478100,Holofoil,189.01,172.96,209.99,671.52,207.56
2025-12-01,swsh35-25,223018,Normal,0.1,0.04,0.17,1.82,0.08
2025-12-01,swsh35-25,223018,Reverse Holofoil,0.26,0.09,0.26,2.0,
2025-12-01,swsh35-74,223073,Holofoil,169.51,150.0,191.97,1500.0,183.93
2025-12-01,swsh45sv-SV107,232496,Holofoil,123.38,119.0,144.32,349.95,134.99
2025-12-01,swsh7-204,246693,Holofoil,30.97,28.0,35.28,150.0,34.9
2025-12-01,swsh7-205,246696,Holofoil,364.96,299.0,400.0,549.97,311.99
2025-12-01,swsh7-208,246755,Holofoil,28.75,26.49,30.25,48.95,29.98
2025-12-01,swsh7-209,246756,Holofoil,301.07,235.0,302.06,499.97,270.86
2025-12-01,swsh7-211,246702,Holofoil,45.43,36.96,50.0,75.0,53.7
2025-12-01,swsh7-212,246704,Holofoil,398.97,318.0,401.88,1000.0,350.0
2025-12-01,swsh7-215,246723,Holofoil,2133.66,1500.0,2100.0,4000.0,1839.99
2025-12-01,swsh7-218,246733,Holofoil,701.05,560.0,719.88,950.0,719.88
2025-12-01,swsh7-41,246753,Holofoil,4.5,3.5,5.53,25.0,5.0
2025-12-01,swsh7-65,246690,Holofoil,10.11,7.5,10.96,500.0,9.72
2025-12-01,swsh7-75,246701,Holofoil,14.08,9.86,13.81,70.0,19.95
2025-12-01,swsh7-8,246691,Holofoil,6.19,4.94,7.0,100.0,6.6
2025-12-01,swsh8-271,253266,Holofoil,732.12,563.02,770.56,1499.95,779.98
2025-12-01,swsh9-154,263873,Holofoil,260.89,221.8,332.5,1500.0,221.8
2025-12-02,base1-15,42355,Holofoil,124.9,73.0,96.88,999.98,
2025-12-02,base1-16,42356,Holofoil,37.87,20.22,35.57,9999.0,
2025-12-02,base1-2,42360,Holofoil,160.09,90.0,130.13,500.0,
2025-12-02,base1-4,42382,Holofoil,463.35,369.0,500.0,1000.0,
2025-12-02,base1-58,42402,Normal,3.57,0.5,2.85,9999.0,3.89
2025-12-02,cel25c-4,250320,Holofoil,133.32,99.99,150.0,499.99,133.99
2025-12-02,gym2-2,83861,1st Edition Holofoil,926.01,500.0,799.01,1199.99,
2025-12-02,gym2-2,83861,Unlimited Holofoil,508.76,347.82,499.95,629.48,350.0
2025-12-02,neo1-9,86903,1st Edition Holofoil,1799.99,1798.75,1800.0,2700.0,
2025-12-02,neo1-9,86903,Unlimited Holofoil,409.75,348.64,399.0,498.35,
2025-12-02,sl-151-bundle,502000,Normal,96.94,80.0,105.0,999.99,
2025-12-02,sl-151-etb,503313,Normal,351.85,349.98,420.0,1000.0,
2025-12-02,sl-151-upc,502005,Normal,569.2,495.0,699.97,40000.0,
2025-12-02,sl-ar-box,265519,Normal,409.43,389.99,465.0,899.99,
2025-12-02,sl-bs-box,256141,Normal,489.75,400.0,638.98,5000.0,
2025-12-02,sl-cel-upc,245140,Normal,862.11,800.0,924.84,154722.59,
2025-12-02,sl-champ-etb,218791,Normal,149.67,138.0,179.5,500.0,
2025-12-02,sl-cz-etb,453470,Normal,197.82,195.0,234.88,4999.99,
2025-12-02,sl-dr-box,624679,Normal,415.35,395.99,549.97,99999.0,
2025-12-02,sl-evs-box,242436,Normal,2391.53,2200.0,2874.5,12000.0,
2025-12-02,sl-evs-etb,243721,Normal,686.38,684.85,999.99,2999.99,
2025-12-02,sl-fs-box,247654,Normal,914.67,800.0,1090.01,3000.0,
2025-12-02,sl-hf-etb,194729,Normal,389.73,373.99,450.0,9999.98,
2025-12-02,sl-jp-151,565243,Normal,181.89,169.97,199.99,399.99,
2025-12-02,sl-jp-terastal,603428,Normal,108.04,102.79,115.0,200.0,
2025-12-02,sl-jt-box,610931,Normal,228.03,216.0,250.98,551.0,
2025-12-02,sl-lo-box,277324,Normal,661.73,595.0,900.0,2500.0,
2025-12-02,sl-me1-box,644298,Normal,238.38,234.0,292.47,500.0,
2025-12-02,sl-obf-box,501257,Normal,297.49,289.99,344.99,1000.0,
2025-12-02,sl-pe-etb,593355,Normal,119.9,109.99,147.0,1115.0,
2025-12-02,sl-pe-spc,622770,Normal,261.86,247.0,309.99,880.0,
2025-12-02,sl-pf-etb,528040,Normal,231.58,235.0,282.5,775.0,
2025-12-02,sl-phf-box,654137,Normal,267.04,259.5,290.0,781.31,
2025-12-02,sl-shf-etb,228821,Normal,97.24,78.0,110.0,500.11,
2025-12-02,sl-ss-box,565606,Normal,245.45,235.99,310.0,4999.99,
2025-12-02,sl-st-box,283389,Normal,441.8,395.0,500.0,9999.99,
2025-12-02,sl-tf-box,536225,Normal,272.4,265.99,285.0,779.99,
2025-12-02,sv2-185,497557,Normal,0.42,0.25,0.43,4.99,
2025-12-02,sv2-185,497557,Reverse Holofoil,0.77,0.27,0.77,6.99,
2025-12-02,sv2-254,497669,Holofoil,14.78,12.56,16.0,100.0,12.56
2025-12-02,sv2-269,497689,Holofoil,49.43,45.0,58.66,259.99,
2025-12-02,sv3pt5-151,516566,Holofoil,8.12,6.0,8.5,508.75,14.49
2025-12-02,sv3pt5-199,517045,Holofoil,246.82,210.0,263.67,900.0,210.0
2025-12-02,sv3pt5-205,517051,Holofoil,14.77,11.99,17.77,88.88,15.99
2025-12-02,sv3pt5-4,502555,Normal,0.1,0.01,0.15,20.0,0.1
2025-12-02,sv3pt5-4,502555,Reverse Holofoil,0.19,0.03,0.25,3.0,0.16
2025-12-02,sv3pt5-6,502558,Holofoil,4.81,2.99,5.0,39.97,9.98
2025-12-02,sv3pt5-7,502548,Normal,0.1,0.01,0.15,2.01,
2025-12-02,sv3pt5-7,502548,Reverse Holofoil,0.17,0.01,0.25,50.0,0.18
2025-12-02,sv4pt5-234,535090,Holofoil,252.88,228.99,270.0,1000.0,264.69
2025-12-02,sv4pt5-54,534416,Holofoil,3.88,2.0,4.0,60.0,5.92
2025-12-02,sv8-57,590025,Holofoil,3.86,3.0,5.0,25.0,4.42
2025-12-02,sv8pt5-149,610504,Holofoil,192.19,179.74,206.29,800.0,
2025-12-02,sv8pt5-155,610510,Holofoil,201.15,191.99,233.0,899.0,
2025-12-02,sv8pt5-156,610511,Holofoil,325.69,308.78,410.0,800.0,
2025-12-02,sv8pt5-161,610516,Holofoil,1055.19,962.33,1199.99,5000.0,
2025-12-02,sv8pt5-167,610522,Holofoil,112.22,110.29,125.0,300.0,118.98
2025-12-02,sv8pt5-179,610534,Holofoil,40.62,39.59,49.04,270.0,
2025-12-02,sv8pt5-28,610383,Holofoil,1.36,0.62,1.36,8.99,
2025-12-02,sv8pt5-47,610402,Normal,0.04,0.01,0.1,2.0,0.02
2025-12-02,sv8pt5-47,610402,Reverse Holofoil,0.08,0.01,0.12,20.0,0.05
2025-12-02,sv8pt5-59,610414,Holofoil,0.21,0.01,0.27,100.0,0.15
2025-12-02,sv8pt5-59,610414,Reverse Holofoil,0.31,0.09,0.37,25.0,0.25
2025-12-02,sv8pt5-60,610415,Holofoil,4.23,3.0,4.99,9999.0,
2025-12-02,svp-085,518861,Normal,650.85,488.96,645.0,2500.0,
2025-12-02,swsh11-186,284137,Holofoil,577.59,513.99,594.99,1000.0,593.89
2025-12-02,swsh12-186,451834,Holofoil,375.62,329.99,400.0,2000.0,378.76
2025-12-02,swsh12pt5gg-GG69,478100,Holofoil,190.46,168.99,209.73,671.52,219.98
2025-12-02,swsh35-25,223018,Normal,0.1,0.04,0.17,1.82,0.08
2025-12-02,swsh35-25,223018,Reverse Holofoil,0.26,0.09,0.26,2.0,
2025-12-02,swsh35-74,223073,Holofoil,169.07,150.0,188.57,1500.0,183.92
2025-12-02,swsh45sv-SV107,232496,Holofoil,122.93,119.0,142.2,275.0,139.61
2025-12-02,swsh7-204,246693,Holofoil,31.25,28.0,34.83,150.0,34.9
2025-12-02,swsh7-205,246696,Holofoil,364.96,299.0,402.89,549.97,311.99
2025-12-02,swsh7-208,246755,Holofoil,28.67,26.49,30.05,48.95,29.98
2025-12-02,swsh7-209,246756,Holofoil,301.07,235.0,301.21,499.97,270.86
2025-12-02,swsh7-211,246702,Holofoil,45.69,36.96,50.0,75.0,54.97
2025-12-02,swsh7-212,246704,Holofoil,398.97,318.0,401.88,1000.0,350.0
2025-12-02,swsh7-215,246723,Holofoil,2099.9,1400.0,2096.99,4000.0,1899.99
2025-12-02,swsh7-218,246733,Holofoil,701.05,560.0,719.88,950.0,719.88
2025-12-02,swsh7-41,246753,Holofoil,4.65,3.5,5.68,25.0,4.14
2025-12-02,swsh7-65,246690,Holofoil,10.46,7.99,11.05,500.0,15.23
2025-12-02,swsh7-75,246701,Holofoil,14.05,9.86,13.99,70.0,17.99
2025-12-02,swsh7-8,246691,Holofoil,6.14,5.0,7.0,100.0,6.0
2025-12-02,swsh8-271,253266,Holofoil,732.12,563.02,756.05,1499.95,779.98
2025-12-02,swsh9-154,263873,Holofoil,261.83,230.0,329.99,1500.0,287.54
2025-12-03,base1-15,42355,Holofoil,124.9,73.0,99.95,999.98,
2025-12-03,base1-16,42356,Holofoil,37.93,20.22,35.95,9999.0,
2025-12-03,base1-2,42360,Holofoil,160.27,90.0,129.99,500.0,
2025-12-03,base1-4,42382,Holofoil,463.35,369.0,500.0,1000.0,
2025-12-03,base1-58,42402,Normal,3.63,0.5,2.85,9999.0,3.89
2025-12-03,cel25c-4,250320,Holofoil,133.32,99.99,149.99,499.99,133.99
2025-12-03,gym2-2,83861,1st Edition Holofoil,926.01,650.0,885.66,1199.99,
2025-12-03,gym2-2,83861,Unlimited Holofoil,508.76,347.82,495.13,629.48,350.0
2025-12-03,neo1-9,86903,1st Edition Holofoil,1799.99,1798.75,1800.0,2700.0,
2025-12-03,neo1-9,86903,Unlimited Holofoil,409.75,269.99,397.0,498.35,
2025-12-03,sl-151-bundle,502000,Normal,95.94,88.99,105.0,999.99,
2025-12-03,sl-151-etb,503313,Normal,350.45,349.98,420.0,1000.0,
2025-12-03,sl-151-upc,502005,Normal,559.4,495.0,699.97,40000.0,
2025-12-03,sl-ar-box,265519,Normal,409.43,388.0,452.5,899.99,
2025-12-03,sl-bs-box,256141,Normal,485.75,489.99,627.99,5000.0,
2025-12-03,sl-cel-upc,245140,Normal,862.11,799.99,913.85,154722.59,
2025-12-03,sl-champ-etb,218791,Normal,153.9,138.0,180.0,500.0,
2025-12-03,sl-cz-etb,453470,Normal,198.42,195.0,233.74,4999.99,
2025-12-03,sl-dr-box,624679,Normal,415.95,389.99,521.29,99999.0,
2025-12-03,sl-evs-box,242436,Normal,2391.53,2200.0,2874.5,12000.0,
2025-12-03,sl-evs-etb,243721,Normal,688.06,720.0,999.99,2999.99,
2025-12-03,sl-fs-box,247654,Normal,893.63,800.0,1070.01,3000.0,
2025-12-03,sl-hf-etb,194729,Normal,389.73,368.99,450.0,9999.98,
2025-12-03,sl-jp-151,565243,Normal,180.45,170.0,199.99,399.99,
2025-12-03,sl-jp-terastal,603428,Normal,107.75,102.79,117.35,200.0,
2025-12-03,sl-jt-box,610931,Normal,224.64,219.99,250.98,551.0,
2025-12-03,sl-lo-box,277324,Normal,657.73,595.0,898.99,2500.0,
2025-12-03,sl-me1-box,644298,Normal,239.64,239.08,292.47,500.0,
2025-12-03,sl-obf-box,501257,Normal,299.2,289.99,340.0,1000.0,
2025-12-03,sl-pe-etb,593355,Normal,118.61,109.99,145.99,1115.0,
2025-12-03,sl-pe-spc,622770,Normal,260.02,247.0,310.93,880.0,
2025-12-03,sl-pf-etb,528040,Normal,230.44,231.43,285.0,775.0,
2025-12-03,sl-phf-box,654137,Normal,259.81,240.0,285.99,781.31,
2025-12-03,sl-shf-etb,228821,Normal,96.01,78.0,110.0,500.11,
2025-12-03,sl-ss-box,565606,Normal,242.69,245.0,312.4,4999.99,
2025-12-03,sl-st-box,283389,Normal,438.04,425.0,499.99,9999.99,
2025-12-03,sl-tf-box,536225,Normal,272.24,269.99,289.98,779.99,
2025-12-03,sv2-185,497557,Normal,0.41,0.25,0.45,4.99,
2025-12-03,sv2-185,497557,Reverse Holofoil,0.95,0.27,0.8,6.99,1.74
2025-12-03,sv2-254,497669,Holofoil,14.23,13.0,16.0,100.0,15.22
2025-12-03,sv2-269,497689,Holofoil,49.99,39.89,56.99,259.99,39.89
2025-12-03,sv3pt5-151,516566,Holofoil,9.29,6.0,8.71,508.75,11.97
2025-12-03,sv3pt5-199,517045,Holofoil,244.38,205.0,260.0,900.0,239.99
2025-12-03,sv3pt5-205,517051,Holofoil,15.03,11.99,17.7,88.88,17.19
2025-12-03,sv3pt5-4,502555,Normal,0.1,0.01,0.15,20.0,0.1
2025-12-03,sv3pt5-4,502555,Reverse Holofoil,0.22,0.03,0.25,3.0,
2025-12-03,sv3pt5-6,502558,Holofoil,4.86,2.99,5.2,39.97,9.49
2025-12-03,sv3pt5-7,502548,Normal,0.1,0.01,0.15,2.01,
2025-12-03,sv3pt5-7,502548,Reverse Holofoil,0.19,0.01,0.25,50.0,0.19
2025-12-03,sv4pt5-234,535090,Holofoil,252.88,224.99,270.0,1000.0,255.0
2025-12-03,sv4pt5-54,534416,Holofoil,4.13,2.0,4.11,60.0,6.95
2025-12-03,sv8-57,590025,Holofoil,3.93,3.0,5.0,25.0,7.25
2025-12-03,sv8pt5-149,610504,Holofoil,192.19,179.74,205.0,800.0,
2025-12-03,sv8pt5-155,610510,Holofoil,201.15,191.99,228.76,899.0,
2025-12-03,sv8pt5-156,610511,Holofoil,326.72,308.78,405.0,800.0,
2025-12-03,sv8pt5-161,610516,Holofoil,1055.19,925.32,1200.12,5000.0,
2025-12-03,sv8pt5-167,610522,Holofoil,112.47,110.29,125.0,300.0,118.98
2025-12-03,sv8pt5-179,610534,Holofoil,40.51,39.59,49.42,270.0,
2025-12-03,sv8pt5-28,610383,Holofoil,1.35,0.69,1.37,8.99,
2025-12-03,sv8pt5-47,610402,Normal,0.04,0.01,0.1,2.0,0.02
2025-12-03,sv8pt5-47,610402,Reverse Holofoil,0.08,0.01,0.12,20.0,0.05
2025-12-03,sv8pt5-59,610414,Holofoil,0.25,0.01,0.27,100.0,0.15
2025-12-03,sv8pt5-59,610414,Reverse Holofoil,0.3,0.09,0.36,25.0,0.25
2025-12-03,sv8pt5-60,610415,Holofoil,4.08,2.32,4.85,9999.0,
2025-12-03,svp-085,518861,Normal,650.85,488.96,639.99,2500.0,
2025-12-03,swsh11-186,284137,Holofoil,578.43,513.99,599.99,1000.0,593.89
2025-12-03,swsh12-186,451834,Holofoil,375.02,329.99,400.0,2000.0,378.76
2025-12-03,swsh12pt5gg-GG69,478100,Holofoil,191.68,168.99,209.29,671.52,214.99
2025-12-03,swsh35-25,223018,Normal,0.1,0.04,0.17,1.82,
2025-12-03,swsh35-25,223018,Reverse Holofoil,0.26,0.09,0.26,2.0,0.18
2025-12-03,swsh35-74,223073,Holofoil,169.07,150.0,187.84,1500.0,183.9
2025-12-03,swsh45sv-SV107,232496,Holofoil,123.13,119.0,139.83,349.95,121.49
2025-12-03,swsh7-204,246693,Holofoil,31.28,29.81,34.9,150.0,34.9
2025-12-03,swsh7-205,246696,Holofoil,364.96,299.0,401.46,549.97,318.49
2025-12-03,swsh7-208,246755,Holofoil,28.67,23.55,30.0,48.95,32.66
2025-12-03,swsh7-209,246756,Holofoil,300.87,235.0,301.21,499.97,270.86
2025-12-03,swsh7-211,246702,Holofoil,45.56,36.96,52.65,75.0,54.97
2025-12-03,swsh7-212,246704,Holofoil,398.97,318.0,400.0,1000.0,350.0
2025-12-03,swsh7-215,246723,Holofoil,2063.3,1400.0,2100.0,4000.0,1899.99
2025-12-03,swsh7-218,246733,Holofoil,701.05,560.0,719.8,950.0,719.8
2025-12-03,swsh7-41,246753,Holofoil,4.63,3.5,5.63,25.0,5.11
2025-12-03,swsh7-65,246690,Holofoil,10.58,7.99,11.0,500.0,15.23
2025-12-03,swsh7-75,246701,Holofoil,13.44,10.0,13.99,70.0,19.95
2025-12-03,swsh7-8,246691,Holofoil,6.21,4.75,7.0,100.0,6.0
2025-12-03,swsh8-271,253266,Holofoil,732.12,649.99,756.05,1499.95,779.98
2025-12-03,swsh9-154,263873,Holofoil,261.79,169.39,322.21,1500.0,169.39
2025-12-04,base1-15,42355,Holofoil,124.9,71.0,99.99,999.98,
2025-12-04,base1-16,42356,Holofoil,37.88,20.22,36.1,9999.0,31.86
2025-12-04,base1-2,42360,Holofoil,160.27,90.0,129.48,500.0,
2025-12-04,base1-4,42382,Holofoil,463.35,369.0,487.79,1000.0,
2025-12-04,base1-58,42402,Normal,3.72,0.5,2.83,9999.0,5.08
2025-12-04,cel25c-4,250320,Holofoil,132.93,99.99,149.61,499.99,133.99
2025-12-04,gym2-2,83861,1st Edition Holofoil,926.01,650.0,885.66,1199.99,
2025-12-04,gym2-2,83861,Unlimited Holofoil,508.76,347.82,499.95,629.48,
2025-12-04,neo1-9,86903,1st Edition Holofoil,1799.99,1798.75,1800.0,2700.0,
2025-12-04,neo1-9,86903,Unlimited Holofoil,409.75,269.99,397.0,498.35,
2025-12-04,sl-151-bundle,502000,Normal,97.31,88.99,105.0,999.99,
2025-12-04,sl-151-etb,503313,Normal,349.7,350.0,425.0,1000.0,
2025-12-04,sl-151-upc,502005,Normal,562.05,567.01,699.97,40000.0,
2025-12-04,sl-ar-box,265519,Normal,409.43,388.0,452.5,899.99,
2025-12-04,sl-bs-box,256141,Normal,495.71,489.99,638.98,5000.0,
2025-12-04,sl-cel-upc,245140,Normal,862.11,700.0,924.69,154722.59,
2025-12-04,sl-champ-etb,218791,Normal,153.69,150.59,180.0,500.0,
2025-12-04,sl-cz-etb,453470,Normal,198.34,198.0,231.87,4999.99,
2025-12-04,sl-dr-box,624679,Normal,416.51,404.99,521.29,99999.0,
2025-12-04,sl-evs-box,242436,Normal,2391.53,2149.99,2999.0,12000.0,
2025-12-04,sl-evs-etb,243721,Normal,688.06,720.0,999.99,2999.99,
2025-12-04,sl-fs-box,247654,Normal,887.63,775.0,1070.01,3000.0,
2025-12-04,sl-hf-etb,194729,Normal,389.73,363.0,449.97,9999.98,
2025-12-04,sl-jp-151,565243,Normal,179.25,170.0,200.0,325.0,
2025-12-04,sl-jp-terastal,603428,Normal,107.46,103.0,119.69,200.0,
2025-12-04,sl-jt-box,610931,Normal,224.14,218.99,259.99,551.0,
2025-12-04,sl-lo-box,277324,Normal,654.37,646.0,899.99,2500.0,
2025-12-04,sl-me1-box,644298,Normal,241.86,239.08,299.95,500.0,
2025-12-04,sl-obf-box,501257,Normal,298.13,289.99,337.5,1000.0,
2025-12-04,sl-pe-etb,593355,Normal,117.16,109.99,145.75,1115.0,
2025-12-04,sl-pe-spc,622770,Normal,258.02,240.0,307.26,880.0,
2025-12-04,sl-pf-etb,528040,Normal,230.53,235.0,287.5,775.0,
2025-12-04,sl-phf-box,654137,Normal,264.37,254.96,287.5,781.31,
2025-12-04,sl-shf-etb,228821,Normal,94.55,78.0,110.0,500.11,
2025-12-04,sl-ss-box,565606,Normal,243.65,245.0,314.88,4999.99,
2025-12-04,sl-st-box,283389,Normal,439.8,410.0,499.99,9999.99,
2025-12-04,sl-tf-box,536225,Normal,272.24,262.5,285.0,779.99,
2025-12-04,sv2-185,497557,Normal,0.39,0.05,0.44,19.99,
2025-12-04,sv2-185,497557,Reverse Holofoil,1.07,0.27,0.85,19.99,
2025-12-04,sv2-254,497669,Holofoil,14.5,12.0,15.99,100.0,15.22
2025-12-04,sv2-269,497689,Holofoil,50.38,42.75,56.99,259.99,49.99
2025-12-04,sv3pt5-151,516566,Holofoil,8.59,5.99,8.76,508.75,14.44
2025-12-04,sv3pt5-199,517045,Holofoil,228.04,200.35,259.24,900.0,215.25
2025-12-04,sv3pt5-205,517051,Holofoil,14.9,11.99,17.59,88.88,16.9
2025-12-04,sv3pt5-4,502555,Normal,0.13,0.01,0.15,20.0,0.11
2025-12-04,sv3pt5-4,502555,Reverse Holofoil,0.22,0.03,0.25,19.99,
2025-12-04,sv3pt5-6,502558,Holofoil,5.73,2.99,5.25,39.97,6.03
2025-12-04,sv3pt5-7,502548,Normal,0.09,0.01,0.15,19.99,
2025-12-04,sv3pt5-7,502548,Reverse Holofoil,0.21,0.01,0.25,50.0,
2025-12-04,sv4pt5-234,535090,Holofoil,252.46,219.99,268.06,1000.0,255.0
2025-12-04,sv4pt5-54,534416,Holofoil,4.82,2.75,4.09,60.0,4.26
2025-12-04,sv8-57,590025,Holofoil,3.9,3.0,5.0,25.0,4.42
2025-12-04,sv8pt5-149,610504,Holofoil,192.19,179.74,204.96,800.0,
2025-12-04,sv8pt5-155,610510,Holofoil,201.15,191.99,225.08,899.0,
2025-12-04,sv8pt5-156,610511,Holofoil,326.72,318.0,410.0,800.0,
2025-12-04,sv8pt5-161,610516,Holofoil,1049.99,925.0,1197.5,5000.0,
2025-12-04,sv8pt5-167,610522,Holofoil,112.47,110.29,125.0,300.0,118.98
2025-12-04,sv8pt5-179,610534,Holofoil,40.48,39.59,49.0,270.0,
2025-12-04,sv8pt5-28,610383,Holofoil,1.36,0.72,1.39,19.99,
2025-12-04,sv8pt5-47,610402,Normal,0.04,0.01,0.1,19.99,0.03
2025-12-04,sv8pt5-47,610402,Reverse Holofoil,0.08,0.01,0.12,20.0,0.05
2025-12-04,sv8pt5-59,610414,Holofoil,0.25,0.01,0.27,100.0,0.15
2025-12-04,sv8pt5-59,610414,Reverse Holofoil,0.38,0.09,0.37,25.0,0.25
2025-12-04,sv8pt5-60,610415,Holofoil,3.89,3.0,4.81,9999.0,
2025-12-04,svp-085,518861,Normal,650.85,488.96,644.99,2500.0,
2025-12-04,swsh11-186,284137,Holofoil,578.43,509.99,595.17,1000.0,590.0
2025-12-04,swsh12-186,451834,Holofoil,375.02,329.99,400.0,2000.0,378.76
2025-12-04,swsh12pt5gg-GG69,478100,Holofoil,191.68,169.0,210.37,671.52,214.99
2025-12-04,swsh35-25,223018,Normal,0.09,0.04,0.17,19.99,
2025-12-04,swsh35-25,223018,Reverse Holofoil,0.26,0.09,0.26,19.99,
2025-12-04,swsh35-74,223073,Holofoil,168.26,150.0,186.05,1500.0,183.89
2025-12-04,swsh45sv-SV107,232496,Holofoil,123.96,118.94,139.57,349.95,121.49
2025-12-04,swsh7-204,246693,Holofoil,31.28,30.0,34.09,150.0,34.9
2025-12-04,swsh7-205,246696,Holofoil,364.96,289.99,400.0,549.97,339.94
2025-12-04,swsh7-208,246755,Holofoil,28.58,23.55,30.0,48.95,32.66
2025-12-04,swsh7-209,246756,Holofoil,300.87,194.48,301.11,499.97,242.54
2025-12-04,swsh7-211,246702,Holofoil,45.56,36.96,50.0,75.0,54.97
2025-12-04,swsh7-212,246704,Holofoil,398.97,318.0,400.0,1000.0,350.0
2025-12-04,swsh7-215,246723,Holofoil,2006.42,1400.0,2093.97,4000.0,1799.99
2025-12-04,swsh7-218,246733,Holofoil,701.05,560.0,719.88,950.0,719.8
2025-12-04,swsh7-41,246753,Holofoil,4.63,3.12,5.56,25.0,5.11
2025-12-04,swsh7-65,246690,Holofoil,10.94,7.99,11.0,500.0,15.23
2025-12-04,swsh7-75,246701,Holofoil,13.44,10.0,13.98,70.0,19.95
2025-12-04,swsh7-8,246691,Holofoil,6.18,4.9,7.0,100.0,6.06
2025-12-04,swsh8-271,253266,Holofoil,732.12,616.06,753.76,1499.95,775.0
2025-12-04,swsh9-154,263873,Holofoil,262.06,169.39,322.21,1500.0,169.39
2025-12-05,base1-15,42355,Holofoil,124.9,69.99,99.97,999.98,
2025-12-05,base1-16,42356,Holofoil,37.88,20.0,35.95,9999.0,
2025-12-05,base1-2,42360,Holofoil,160.27,89.55,125.0,500.0,
2025-12-05,base1-4,42382,Holofoil,463.35,369.0,510.6,1000.0,
2025-12-05,base1-58,42402,Normal,4.03,0.5,1.99,9999.0,
2025-12-05,cel25c-4,250320,Holofoil,132.93,99.99,149.61,499.99,133.99
2025-12-05,gym2-2,83861,1st Edition Holofoil,926.01,650.0,885.66,1199.99,
2025-12-05,gym2-2,83861,Unlimited Holofoil,508.76,347.82,499.95,629.48,483.4
2025-12-05,neo1-9,86903,1st Edition Holofoil,1799.99,1798.75,1800.0,2700.0,
2025-12-05,neo1-9,86903,Unlimited Holofoil,409.75,269.99,395.0,498.35,
2025-12-05,sl-151-bundle,502000,Normal,99.65,88.99,105.0,999.99,
2025-12-05,sl-151-etb,503313,Normal,351.58,350.0,439.97,1000.0,
2025-12-05,sl-151-upc,502005,Normal,562.85,567.01,699.95,40000.0,
2025-12-05,sl-ar-box,265519,Normal,409.43,375.0,450.0,899.99,
2025-12-05,sl-bs-box,256141,Normal,495.51,485.0,614.0,5000.0,
2025-12-05,sl-cel-upc,245140,Normal,848.79,800.0,934.0,154722.59,
2025-12-05,sl-champ-etb,218791,Normal,152.79,150.59,180.0,500.0,
2025-12-05,sl-cz-etb,453470,Normal,199.15,193.99,231.87,4999.99,
2025-12-05,sl-dr-box,624679,Normal,416.74,403.0,500.0,99999.0,
2025-12-05,sl-evs-box,242436,Normal,2391.53,2149.99,2650.0,12000.0,
2025-12-05,sl-evs-etb,243721,Normal,688.06,719.99,999.99,2999.99,
2025-12-05,sl-fs-box,247654,Normal,874.71,775.0,1050.0,3000.0,
2025-12-05,sl-hf-etb,194729,Normal,389.73,350.0,450.0,9999.98,
2025-12-05,sl-jp-151,565243,Normal,179.26,167.0,200.0,399.99,
2025-12-05,sl-jp-terastal,603428,Normal,107.64,107.94,119.99,200.0,
2025-12-05,sl-jt-box,610931,Normal,223.52,214.99,255.49,551.0,
2025-12-05,sl-lo-box,277324,Normal,654.37,646.0,898.99,2500.0,
2025-12-05,sl-me1-box,644298,Normal,244.38,239.08,295.0,500.0,
2025-12-05,sl-obf-box,501257,Normal,298.43,289.99,325.0,1000.0,
2025-12-05,sl-pe-etb,593355,Normal,124.03,109.99,145.0,1115.0,
2025-12-05,sl-pe-spc,622770,Normal,248.09,240.0,304.27,880.0,
2025-12-05,sl-pf-etb,528040,Normal,231.45,235.0,282.5,775.0,
2025-12-05,sl-phf-box,654137,Normal,252.56,251.9,280.0,781.31,
2025-12-05,sl-shf-etb,228821,Normal,94.19,78.0,110.0,500.11,
2025-12-05,sl-ss-box,565606,Normal,247.0,244.99,300.0,4999.99,
2025-12-05,sl-st-box,283389,Normal,439.2,410.0,495.0,9999.99,
2025-12-05,sl-tf-box,536225,Normal,272.24,262.5,285.0,779.99,
2025-12-05,sv2-185,497557,Normal,0.39,0.25,0.42,19.99,
2025-12-05,sv2-185,497557,Reverse Holofoil,1.07,0.27,0.93,19.99,
2025-12-05,sv2-254,497669,Holofoil,14.52,12.0,15.95,100.0,14.08
2025-12-05,sv2-269,497689,Holofoil,50.46,42.85,56.99,259.99,49.12
2025-12-05,sv3pt5-151,516566,Holofoil,8.71,5.89,8.59,100.0,14.98
2025-12-05,sv3pt5-199,517045,Holofoil,237.75,195.0,253.54,900.0,216.99
2025-12-05,sv3pt5-205,517051,Holofoil,14.48,10.0,17.85,88.88,13.29
2025-12-05,sv3pt5-4,502555,Normal,0.15,0.01,0.15,20.0,0.12
2025-12-05,sv3pt5-4,502555,Reverse Holofoil,0.22,0.03,0.25,19.99,
2025-12-05,sv3pt5-6,502558,Holofoil,6.12,2.99,5.49,39.97,11.99
2025-12-05,sv3pt5-7,502548,Normal,0.1,0.01,0.15,19.99,
2025-12-05,sv3pt5-7,502548,Reverse Holofoil,0.21,0.01,0.25,50.0,
2025-12-05,sv4pt5-234,535090,Holofoil,251.95,219.99,265.0,1000.0,255.0
2025-12-05,sv4pt5-54,534416,Holofoil,4.88,2.75,4.15,60.0,7.99
2025-12-05,sv8-57,590025,Holofoil,3.69,2.98,5.0,25.0,7.8
2025-12-05,sv8pt5-149,610504,Holofoil,192.19,179.74,205.0,800.0,
2025-12-05,sv8pt5-155,610510,Holofoil,201.15,191.99,229.55,899.0,
2025-12-05,sv8pt5-156,610511,Holofoil,326.72,309.99,392.06,800.0,
2025-12-05,sv8pt5-161,610516,Holofoil,1049.99,924.99,1155.36,5000.0,
2025-12-05,sv8pt5-167,610522,Holofoil,112.65,110.01,123.02,300.0,117.21
2025-12-05,sv8pt5-179,610534,Holofoil,40.31,39.59,48.37,270.0,
2025-12-05,sv8pt5-28,610383,Holofoil,1.33,0.72,1.36,19.99,
2025-12-05,sv8pt5-47,610402,Normal,0.04,0.01,0.1,19.99,0.03
2025-12-05,sv8pt5-47,610402,Reverse Holofoil,0.08,0.01,0.12,20.0,0.05
2025-12-05,sv8pt5-59,610414,Holofoil,0.27,0.01,0.27,100.0,0.15
2025-12-05,sv8pt5-59,610414,Reverse Holofoil,0.37,0.09,0.38,25.0,0.25
2025-12-05,sv8pt5-60,610415,Holofoil,4.25,2.49,4.85,9999.0,
2025-12-05,svp-085,518861,Normal,650.85,488.96,645.0,2500.0,
2025-12-05,swsh11-186,284137,Holofoil,579.39,499.99,594.99,1000.0,594.99
2025-12-05,swsh12-186,451834,Holofoil,375.02,369.99,400.0,2000.0,378.76
2025-12-05,swsh12pt5gg-GG69,478100,Holofoil,190.63,169.0,214.27,671.52,214.99
2025-12-05,swsh35-25,223018,Normal,0.09,0.04,0.17,19.99,
2025-12-05,swsh35-25,223018,Reverse Holofoil,0.26,0.09,0.26,19.99,
2025-12-05,swsh35-74,223073,Holofoil,168.26,150.0,185.0,1500.0,183.89
2025-12-05,swsh45sv-SV107,232496,Holofoil,123.85,116.99,143.99,349.95,116.99
2025-12-05,swsh7-204,246693,Holofoil,31.64,30.0,34.9,150.0,34.9
2025-12-05,swsh7-205,246696,Holofoil,364.96,289.99,399.96,549.97,338.93
2025-12-05,swsh7-208,246755,Holofoil,28.85,23.55,30.0,48.95,32.66
2025-12-05,swsh7-209,246756,Holofoil,300.87,194.48,301.86,499.97,242.54
2025-12-05,swsh7-211,246702,Holofoil,46.64,37.05,50.0,75.0,55.69
2025-12-05,swsh7-212,246704,Holofoil,398.97,325.0,400.0,1000.0,350.0
2025-12-05,swsh7-215,246723,Holofoil,2006.42,1400.0,2096.99,4000.0,1799.99
2025-12-05,swsh7-218,246733,Holofoil,701.05,560.0,719.88,950.0,719.8
2025-12-05,swsh7-41,246753,Holofoil,4.59,3.12,5.57,25.0,5.11
2025-12-05,swsh7-65,246690,Holofoil,11.09,7.99,11.26,500.0,10.76
2025-12-05,swsh7-75,246701,Holofoil,13.45,10.0,13.92,70.0,19.94
2025-12-05,swsh7-8,246691,Holofoil,6.21,4.9,7.0,100.0,8.15
2025-12-05,swsh8-271,253266,Holofoil,720.77,599.99,750.0,1499.95,729.99
2025-12-05,swsh9-154,263873,Holofoil,262.06,230.0,323.61,1500.0,287.54
2025-12-06,base1-15,42355,Holofoil,124.9,65.0,102.43,999.98,
2025-12-06,base1-16,42356,Holofoil,37.84,15.0,36.0,9999.0,14.72
2025-12-06,base1-2,42360,Holofoil,160.27,88.05,119.38,500.0,
2025-12-06,base1-4,42382,Holofoil,463.35,333.02,486.66,1000.0,
2025-12-06,base1-58,42402,Normal,4.22,0.5,1.76,9999.0,
2025-12-06,cel25c-4,250320,Holofoil,132.93,99.99,144.14,499.99,103.42
2025-12-06,gym2-2,83861,1st Edition Holofoil,926.01,650.0,885.66,1199.99,
2025-12-06,gym2-2,83861,Unlimited Holofoil,504.07,347.82,495.13,629.48,478.9
2025-12-06,neo1-9,86903,1st Edition Holofoil,1799.99,1798.75,1800.0,2700.0,
2025-12-06,neo1-9,86903,Unlimited Holofoil,409.75,269.99,395.0,498.35,
2025-12-06,sl-151-bundle,502000,Normal,97.74,90.0,105.0,999.99,
2025-12-06,sl-151-etb,503313,Normal,351.78,350.0,439.97,1000.0,
2025-12-06,sl-151-upc,502005,Normal,563.13,567.01,699.97,40000.0,
2025-12-06,sl-ar-box,265519,Normal,409.43,375.0,450.0,899.99,
2025-12-06,sl-bs-box,256141,Normal,496.31,489.99,649.99,5000.0,
2025-12-06,sl-cel-upc,245140,Normal,846.07,800.0,934.0,154722.59,
2025-12-06,sl-champ-etb,218791,Normal,152.73,152.89,180.0,500.0,
2025-12-06,sl-cz-etb,453470,Normal,197.71,198.0,231.87,4999.99,
2025-12-06,sl-dr-box,624679,Normal,415.7,404.99,521.29,99999.0,
2025-12-06,sl-evs-box,242436,Normal,2391.53,2149.99,2685.01,12000.0,
2025-12-06,sl-evs-etb,243721,Normal,691.18,719.99,999.99,2999.99,
2025-12-06,sl-fs-box,247654,Normal,864.11,775.0,1070.01,3000.0,
2025-12-06,sl-hf-etb,194729,Normal,385.05,350.0,450.0,9999.98,
2025-12-06,sl-jp-151,565243,Normal,180.11,170.0,200.0,399.99,
2025-12-06,sl-jp-terastal,603428,Normal,106.87,103.75,119.99,200.0,
2025-12-06,sl-jt-box,610931,Normal,222.12,218.99,260.0,551.0,
2025-12-06,sl-lo-box,277324,Normal,653.5,646.0,898.99,2500.0,
2025-12-06,sl-me1-box,644298,Normal,249.91,239.08,292.47,500.0,
2025-12-06,sl-obf-box,501257,Normal,297.96,289.99,325.0,1000.0,
2025-12-06,sl-pe-etb,593355,Normal,122.44,109.99,144.93,1115.0,
2025-12-06,sl-pe-spc,622770,Normal,243.55,240.01,304.0,880.0,
2025-12-06,sl-pf-etb,528040,Normal,235.42,235.0,280.0,775.0,
2025-12-06,sl-phf-box,654137,Normal,253.67,244.65,285.0,781.31,
2025-12-06,sl-shf-etb,228821,Normal,93.21,80.0,110.0,500.11,
2025-12-06,sl-ss-box,565606,Normal,251.12,245.0,300.0,4999.99,
2025-12-06,sl-st-box,283389,Normal,437.79,410.0,495.0,9999.99,
2025-12-06,sl-tf-box,536225,Normal,271.66,259.99,287.49,779.99,
2025-12-06,sv2-185,497557,Normal,0.39,0.05,0.43,4.99,
2025-12-06,sv2-185,497557,Reverse Holofoil,1.07,0.27,0.94,6.99,1.74
2025-12-06,sv2-254,497669,Holofoil,14.45,12.0,15.98,100.0,17.2
2025-12-06,sv2-269,497689,Holofoil,50.97,44.99,56.66,259.99,47.84
2025-12-06,sv3pt5-151,516566,Holofoil,9.53,5.0,8.76,100.0,14.96
2025-12-06,sv3pt5-199,517045,Holofoil,238.05,193.99,250.55,900.0,319.99
2025-12-06,sv3pt5-205,517051,Holofoil,15.44,11.99,17.85,88.88,22.74
2025-12-06,sv3pt5-4,502555,Normal,0.13,0.01,0.15,20.0,0.14
2025-12-06,sv3pt5-4,502555,Reverse Holofoil,0.22,0.03,0.25,3.0,
2025-12-06,sv3pt5-6,502558,Holofoil,6.84,2.99,5.5,39.97,17.49
2025-12-06,sv3pt5-7,502548,Normal,0.1,0.01,0.15,2.01,0.08
2025-12-06,sv3pt5-7,502548,Reverse Holofoil,0.21,0.01,0.25,50.0,0.2
2025-12-06,sv4pt5-234,535090,Holofoil,247.76,219.99,265.66,1000.0,255.0
2025-12-06,sv4pt5-54,534416,Holofoil,4.06,2.75,4.09,60.0,5.92
2025-12-06,sv8-57,590025,Holofoil,4.01,3.0,5.0,25.0,7.8
2025-12-06,sv8pt5-149,610504,Holofoil,192.23,179.74,204.96,800.0,
2025-12-06,sv8pt5-155,610510,Holofoil,201.15,191.99,229.32,899.0,
2025-12-06,sv8pt5-156,610511,Holofoil,326.72,314.01,385.0,800.0,
2025-12-06,sv8pt5-161,610516,Holofoil,1042.79,924.98,1162.53,5000.0,
2025-12-06,sv8pt5-167,610522,Holofoil,112.67,110.29,125.0,300.0,117.21
2025-12-06,sv8pt5-179,610534,Holofoil,40.2,39.59,47.86,270.0,
2025-12-06,sv8pt5-28,610383,Holofoil,1.32,0.73,1.36,7.99,
2025-12-06,sv8pt5-47,610402,Normal,0.05,0.01,0.1,2.0,0.03
2025-12-06,sv8pt5-47,610402,Reverse Holofoil,0.07,0.01,0.12,20.0,0.05
2025-12-06,sv8pt5-59,610414,Holofoil,0.23,0.01,0.27,100.0,0.15
2025-12-06,sv8pt5-59,610414,Reverse Holofoil,0.37,0.09,0.38,25.0,0.25
2025-12-06,sv8pt5-60,610415,Holofoil,4.59,2.49,4.87,9999.0,6.6
2025-12-06,svp-085,518861,Normal,650.37,488.96,645.0,2500.0,
2025-12-06,swsh11-186,284137,Holofoil,579.99,513.99,595.34,1000.0,599.99
2025-12-06,swsh12-186,451834,Holofoil,373.53,369.99,400.0,2000.0,369.99
2025-12-06,swsh12pt5gg-GG69,478100,Holofoil,192.3,169.0,214.99,671.52,214.99
2025-12-06,swsh35-25,223018,Normal,0.09,0.04,0.17,1.82,
2025-12-06,swsh35-25,223018,Reverse Holofoil,0.27,0.09,0.27,2.0,
2025-12-06,swsh35-74,223073,Holofoil,169.18,150.0,185.0,1500.0,183.88
2025-12-06,swsh45sv-SV107,232496,Holofoil,125.11,110.2,146.77,349.95,141.46
2025-12-06,swsh7-204,246693,Holofoil,31.64,30.0,35.2,150.0,34.9
2025-12-06,swsh7-205,246696,Holofoil,366.93,299.0,400.0,550.2,339.95
2025-12-06,swsh7-208,246755,Holofoil,28.85,23.55,30.15,48.95,34.3
2025-12-06,swsh7-209,246756,Holofoil,300.87,235.0,305.86,499.97,259.06
2025-12-06,swsh7-211,246702,Holofoil,46.87,37.05,55.97,75.0,55.97
2025-12-06,swsh7-212,246704,Holofoil,398.97,320.0,400.0,1000.0,350.0
2025-12-06,swsh7-215,246723,Holofoil,2006.42,1400.0,2093.97,4000.0,1979.98
2025-12-06,swsh7-218,246733,Holofoil,701.05,559.99,712.28,950.0,719.8
2025-12-06,swsh7-41,246753,Holofoil,4.71,3.12,5.64,25.0,4.96
2025-12-06,swsh7-65,246690,Holofoil,10.92,7.99,11.5,500.0,9.56
2025-12-06,swsh7-75,246701,Holofoil,13.46,10.0,13.94,70.0,19.95
2025-12-06,swsh7-8,246691,Holofoil,6.21,4.9,7.0,100.0,8.14
2025-12-06,swsh8-271,253266,Holofoil,732.12,649.99,750.96,1499.95,649.99
2025-12-06,swsh9-154,263873,Holofoil,255.5,230.0,322.21,1500.0,287.54
2025-12-07,base1-15,42355,Holofoil,124.9,65.0,104.38,999.98,
2025-12-07,base1-16,42356,Holofoil,37.84,15.0,36.0,9999.0,14.72
2025-12-07,base1-2,42360,Holofoil,160.27,88.05,121.59,500.0,
2025-12-07,base1-4,42382,Holofoil,463.35,369.0,510.34,1000.0,
2025-12-07,base1-58,42402,Normal,4.35,0.5,1.75,9999.0,
2025-12-07,cel25c-4,250320,Holofoil,132.28,99.99,142.56,499.99,103.42
2025-12-07,gym2-2,83861,1st Edition Holofoil,926.01,650.0,885.66,1199.99,
2025-12-07,gym2-2,83861,Unlimited Holofoil,504.07,347.82,499.95,629.48,478.9
2025-12-07,neo1-9,86903,1st Edition Holofoil,1799.99,1798.75,1800.0,2700.0,
2025-12-07,neo1-9,86903,Unlimited Holofoil,409.75,323.04,397.0,498.35,
2025-12-07,sl-151-bundle,502000,Normal,96.83,89.0,105.99,999.99,
2025-12-07,sl-151-etb,503313,Normal,351.78,350.0,432.49,1000.0,
2025-12-07,sl-151-upc,502005,Normal,562.37,567.01,694.99,40000.0,
2025-12-07,sl-ar-box,265519,Normal,409.43,375.0,450.0,899.99,
2025-12-07,sl-bs-box,256141,Normal,496.31,489.99,649.99,5000.0,
2025-12-07,sl-cel-upc,245140,Normal,838.83,800.0,950.0,154722.59,
2025-12-07,sl-champ-etb,218791,Normal,152.54,152.89,182.0,500.0,
2025-12-07,sl-cz-etb,453470,Normal,196.84,197.5,236.37,4999.99,
2025-12-07,sl-dr-box,624679,Normal,409.83,400.0,500.0,99999.0,
2025-12-07,sl-evs-box,242436,Normal,2375.96,2149.99,2749.99,12000.0,
2025-12-07,sl-evs-etb,243721,Normal,691.18,719.99,999.99,2999.99,
2025-12-07,sl-fs-box,247654,Normal,857.51,839.0,1090.01,3000.0,
2025-12-07,sl-hf-etb,194729,Normal,376.95,370.0,499.96,9999.98,
2025-12-07,sl-jp-151,565243,Normal,181.89,170.0,200.0,399.99,
2025-12-07,sl-jp-terastal,603428,Normal,107.63,102.99,119.99,200.0,
2025-12-07,sl-jt-box,610931,Normal,221.57,218.99,264.94,551.0,
2025-12-07,sl-lo-box,277324,Normal,653.5,646.0,898.99,2500.0,
2025-12-07,sl-me1-box,644298,Normal,250.33,239.08,284.0,500.0,
2025-12-07,sl-obf-box,501257,Normal,297.96,284.99,325.0,1000.0,
2025-12-07,sl-pe-etb,593355,Normal,110.0,109.99,144.0,1115.0,
2025-12-07,sl-pe-spc,622770,Normal,244.1,243.0,303.95,544.99,
2025-12-07,sl-pf-etb,528040,Normal,237.82,235.0,285.0,775.0,
2025-12-07,sl-phf-box,654137,Normal,246.41,249.99,285.0,781.31,
2025-12-07,sl-shf-etb,228821,Normal,93.87,93.0,110.0,500.11,
2025-12-07,sl-ss-box,565606,Normal,252.32,245.0,305.0,4999.99,
2025-12-07,sl-st-box,283389,Normal,437.79,410.0,495.0,9999.99,
2025-12-07,sl-tf-box,536225,Normal,271.66,254.99,282.5,779.99,
2025-12-07,sv2-185,497557,Normal,0.33,0.22,0.42,4.99,
2025-12-07,sv2-185,497557,Reverse Holofoil,1.16,0.27,0.97,6.99,
2025-12-07,sv2-254,497669,Holofoil,13.97,12.0,15.99,100.0,16.8
2025-12-07,sv2-269,497689,Holofoil,50.46,44.99,56.51,259.99,47.84
2025-12-07,sv3pt5-151,516566,Holofoil,9.3,6.0,8.95,40.0,7.49
2025-12-07,sv3pt5-199,517045,Holofoil,235.93,193.99,249.99,900.0,259.99
2025-12-07,sv3pt5-205,517051,Holofoil,16.13,11.99,17.97,88.88,22.99
2025-12-07,sv3pt5-4,502555,Normal,0.13,0.01,0.15,5.0,0.14
2025-12-07,sv3pt5-4,502555,Reverse Holofoil,0.2,0.03,0.25,3.0,
2025-12-07,sv3pt5-6,502558,Holofoil,7.12,2.99,5.78,39.97,17.49
2025-12-07,sv3pt5-7,502548,Normal,0.11,0.01,0.15,2.01,
2025-12-07,sv3pt5-7,502548,Reverse Holofoil,0.21,0.01,0.25,50.0,
2025-12-07,sv4pt5-234,535090,Holofoil,246.28,219.99,265.0,1000.0,209.99
2025-12-07,sv4pt5-54,534416,Holofoil,3.83,2.83,4.0,34.99,5.78
2025-12-07,sv8-57,590025,Holofoil,4.65,2.99,5.0,25.0,7.8
2025-12-07,sv8pt5-149,610504,Holofoil,192.6,179.74,201.86,800.0,
2025-12-07,sv8pt5-155,610510,Holofoil,200.65,194.26,229.99,899.0,
2025-12-07,sv8pt5-156,610511,Holofoil,326.11,303.61,385.0,800.0,
2025-12-07,sv8pt5-161,610516,Holofoil,1033.59,924.98,1150.0,5000.0,
2025-12-07,sv8pt5-167,610522,Holofoil,112.99,109.99,123.02,300.0,
2025-12-07,sv8pt5-179,610534,Holofoil,40.18,39.59,46.73,270.0,
2025-12-07,sv8pt5-28,610383,Holofoil,1.19,0.74,1.35,7.99,
2025-12-07,sv8pt5-47,610402,Normal,0.05,0.01,0.1,2.0,0.03
2025-12-07,sv8pt5-47,610402,Reverse Holofoil,0.07,0.01,0.12,20.0,0.01
2025-12-07,sv8pt5-59,610414,Holofoil,0.24,0.01,0.27,100.0,0.15
2025-12-07,sv8pt5-59,610414,Reverse Holofoil,0.39,0.09,0.38,25.0,0.25
2025-12-07,sv8pt5-60,610415,Holofoil,4.68,2.49,4.93,9999.0,
2025-12-07,svp-085,518861,Normal,649.67,488.96,645.0,2500.0,
2025-12-07,swsh11-186,284137,Holofoil,580.03,513.99,595.34,1000.0,661.49
2025-12-07,swsh12-186,451834,Holofoil,372.42,368.7,399.99,2000.0,369.99
2025-12-07,swsh12pt5gg-GG69,478100,Holofoil,191.93,169.0,214.98,671.52,214.98
2025-12-07,swsh35-25,223018,Normal,0.09,0.04,0.17,1.82,
2025-12-07,swsh35-25,223018,Reverse Holofoil,0.27,0.09,0.27,2.0,
2025-12-07,swsh35-74,223073,Holofoil,168.73,150.0,185.0,1500.0,183.87
2025-12-07,swsh45sv-SV107,232496,Holofoil,125.11,110.2,148.98,349.95,141.46
2025-12-07,swsh7-204,246693,Holofoil,31.68,30.0,34.9,150.0,34.9
2025-12-07,swsh7-205,246696,Holofoil,363.77,299.0,400.0,549.97,340.09
2025-12-07,swsh7-208,246755,Holofoil,28.85,23.55,30.0,48.95,34.62
2025-12-07,swsh7-209,246756,Holofoil,300.87,235.0,303.97,499.97,289.75
2025-12-07,swsh7-211,246702,Holofoil,47.31,37.05,56.37,75.0,55.97
2025-12-07,swsh7-212,246704,Holofoil,398.97,325.0,399.0,1000.0,350.0
2025-12-07,swsh7-215,246723,Holofoil,2006.42,1400.0,2050.69,4000.0,1979.98
2025-12-07,swsh7-218,246733,Holofoil,701.05,559.99,704.76,950.0,719.8
2025-12-07,swsh7-41,246753,Holofoil,4.79,3.12,5.63,25.0,4.96
2025-12-07,swsh7-65,246690,Holofoil,11.0,7.99,11.5,500.0,11.09
2025-12-07,swsh7-75,246701,Holofoil,13.46,10.0,13.96,70.0,19.95
2025-12-07,swsh7-8,246691,Holofoil,6.29,4.9,7.0,100.0,8.14
2025-12-07,swsh8-271,253266,Holofoil,732.12,649.99,750.0,1499.95,649.99
2025-12-07,swsh9-154,263873,Holofoil,255.5,230.0,320.0,1500.0,287.54
2025-12-08,base1-15,42355,Holofoil,128.32,65.0,99.99,999.98,
2025-12-08,base1-16,42356,Holofoil,37.84,15.0,34.33,9999.0,29.69
2025-12-08,base1-2,42360,Holofoil,160.51,88.05,119.2,500.0,79.99
2025-12-08,base1-4,42382,Holofoil,463.35,369.0,514.8,1000.0,
2025-12-08,base1-58,42402,Normal,4.38,0.5,1.75,9999.0,
2025-12-08,cel25c-4,250320,Holofoil,132.28,99.99,142.56,499.99,103.42
2025-12-08,gym2-2,83861,1st Edition Holofoil,926.01,650.0,885.66,1199.99,
2025-12-08,gym2-2,83861,Unlimited Holofoil,504.07,347.82,495.13,629.48,478.9
2025-12-08,neo1-9,86903,1st Edition Holofoil,1799.99,1798.75,1800.0,2700.0,
2025-12-08,neo1-9,86903,Unlimited Holofoil,409.75,323.04,397.0,498.35,
2025-12-08,sl-151-bundle,502000,Normal,95.91,91.0,105.0,999.99,
2025-12-08,sl-151-etb,503313,Normal,351.78,350.0,439.97,1000.0,
2025-12-08,sl-151-upc,502005,Normal,572.01,567.01,695.0,40000.0,
2025-12-08,sl-ar-box,265519,Normal,409.43,375.0,450.0,899.99,
2025-12-08,sl-bs-box,256141,Normal,496.31,489.99,649.97,5000.0,
2025-12-08,sl-cel-upc,245140,Normal,832.39,820.0,962.5,154722.59,
2025-12-08,sl-champ-etb,218791,Normal,153.02,152.89,182.0,500.0,
2025-12-08,sl-cz-etb,453470,Normal,196.76,197.5,239.49,4999.99,
2025-12-08,sl-dr-box,624679,Normal,404.79,400.0,500.0,99999.0,
2025-12-08,sl-evs-box,242436,Normal,2346.61,1999.99,2999.0,12000.0,
2025-12-08,sl-evs-etb,243721,Normal,694.26,719.99,999.99,2999.99,
2025-12-08,sl-fs-box,247654,Normal,857.51,839.0,1099.0,3000.0,
2025-12-08,sl-hf-etb,194729,Normal,377.02,385.0,499.96,9999.98,
2025-12-08,sl-jp-151,565243,Normal,178.36,175.0,200.0,399.99,
2025-12-08,sl-jp-terastal,603428,Normal,107.47,102.99,119.99,200.0,
2025-12-08,sl-jt-box,610931,Normal,221.91,221.33,269.94,551.0,
2025-12-08,sl-lo-box,277324,Normal,654.78,646.0,899.99,2500.0,
2025-12-08,sl-me1-box,644298,Normal,240.57,239.08,288.99,500.0,
2025-12-08,sl-obf-box,501257,Normal,297.37,274.0,335.0,1000.0,
2025-12-08,sl-pe-etb,593355,Normal,112.47,109.99,144.49,1115.0,
2025-12-08,sl-pe-spc,622770,Normal,245.47,233.67,303.95,600.0,
2025-12-08,sl-pf-etb,528040,Normal,240.5,235.0,282.5,775.0,
2025-12-08,sl-phf-box,654137,Normal,256.0,248.98,284.22,781.31,
2025-12-08,sl-shf-etb,228821,Normal,94.27,93.7,114.16,500.11,
2025-12-08,sl-ss-box,565606,Normal,245.85,225.49,300.0,4999.99,
2025-12-08,sl-st-box,283389,Normal,430.43,410.0,499.0,9999.99,
2025-12-08,sl-tf-box,536225,Normal,270.53,254.99,280.0,779.99,
2025-12-08,sv2-185,497557,Normal,0.36,0.25,0.42,4.99,
2025-12-08,sv2-185,497557,Reverse Holofoil,1.11,0.25,0.99,6.99,0.5
2025-12-08,sv2-254,497669,Holofoil,14.43,12.0,15.99,100.0,16.98
2025-12-08,sv2-269,497689,Holofoil,50.55,44.99,56.69,259.99,46.0
2025-12-08,sv3pt5-151,516566,Holofoil,9.21,5.0,8.95,509.15,14.95
2025-12-08,sv3pt5-199,517045,Holofoil,235.84,190.0,249.0,900.0,319.99
2025-12-08,sv3pt5-205,517051,Holofoil,16.5,11.99,18.0,88.88,22.74
2025-12-08,sv3pt5-4,502555,Normal,0.14,0.01,0.15,5.0,
2025-12-08,sv3pt5-4,502555,Reverse Holofoil,0.22,0.03,0.25,3.0,
2025-12-08,sv3pt5-6,502558,Holofoil,5.36,2.99,5.8,39.97,5.48
2025-12-08,sv3pt5-7,502548,Normal,0.12,0.01,0.15,2.01,
2025-12-08,sv3pt5-7,502548,Reverse Holofoil,0.22,0.01,0.25,50.0,
2025-12-08,sv4pt5-234,535090,Holofoil,244.9,215.0,261.76,1000.0,209.99
2025-12-08,sv4pt5-54,534416,Holofoil,3.62,2.83,4.0,34.99,8.99
2025-12-08,sv8-57,590025,Holofoil,3.92,2.99,5.0,25.0,4.99
2025-12-08,sv8pt5-149,610504,Holofoil,192.6,179.74,205.0,999.0,
2025-12-08,sv8pt5-155,610510,Holofoil,201.28,202.85,236.36,999.0,
2025-12-08,sv8pt5-156,610511,Holofoil,326.95,303.61,388.17,999.0,
2025-12-08,sv8pt5-161,610516,Holofoil,1031.59,919.99,1131.0,5000.0,
2025-12-08,sv8pt5-167,610522,Holofoil,113.34,109.99,120.61,999.0,
2025-12-08,sv8pt5-179,610534,Holofoil,40.15,37.45,47.87,999.0,
2025-12-08,sv8pt5-28,610383,Holofoil,1.16,0.65,1.33,999.0,
2025-12-08,sv8pt5-47,610402,Normal,0.05,0.01,0.1,999.0,0.03
2025-12-08,sv8pt5-47,610402,Reverse Holofoil,0.06,0.01,0.12,999.0,0.05
2025-12-08,sv8pt5-59,610414,Holofoil,0.22,0.01,0.26,999.0,0.15
2025-12-08,sv8pt5-59,610414,Reverse Holofoil,0.4,0.09,0.38,999.0,0.25
2025-12-08,sv8pt5-60,610415,Holofoil,3.9,2.49,4.87,9999.0,
2025-12-08,svp-085,518861,Normal,641.62,488.96,645.0,2500.0,
2025-12-08,swsh11-186,284137,Holofoil,581.21,513.99,599.5,1000.0,661.49
2025-12-08,swsh12-186,451834,Holofoil,372.42,368.7,399.37,2000.0,369.99
2025-12-08,swsh12pt5gg-GG69,478100,Holofoil,192.97,169.0,213.15,671.52,214.99
2025-12-08,swsh35-25,223018,Normal,0.09,0.04,0.17,1.82,
2025-12-08,swsh35-25,223018,Reverse Holofoil,0.27,0.09,0.27,2.0,
2025-12-08,swsh35-74,223073,Holofoil,168.73,150.0,185.0,1500.0,183.87
2025-12-08,swsh45sv-SV107,232496,Holofoil,125.11,110.2,150.01,349.95,141.46
2025-12-08,swsh7-204,246693,Holofoil,31.68,30.0,34.9,150.0,34.9
2025-12-08,swsh7-205,246696,Holofoil,363.77,299.0,400.0,549.97,337.21
2025-12-08,swsh7-208,246755,Holofoil,28.85,23.55,30.0,48.95,34.62
2025-12-08,swsh7-209,246756,Holofoil,300.87,235.0,305.0,499.97,289.75
2025-12-08,swsh7-211,246702,Holofoil,47.31,36.99,55.49,75.0,55.97
2025-12-08,swsh7-212,246704,Holofoil,398.97,325.0,398.99,1000.0,350.0
2025-12-08,swsh7-215,246723,Holofoil,2006.42,1400.0,2050.69,4000.0,1979.98
2025-12-08,swsh7-218,246733,Holofoil,701.05,559.99,712.28,950.0,719.8
2025-12-08,swsh7-41,246753,Holofoil,4.66,3.5,5.65,25.0,5.01
2025-12-08,swsh7-65,246690,Holofoil,10.98,7.99,11.5,500.0,11.09
2025-12-08,swsh7-75,246701,Holofoil,13.74,10.49,13.96,70.0,19.95
2025-12-08,swsh7-8,246691,Holofoil,6.28,5.0,7.0,100.0,8.14
2025-12-08,swsh8-271,253266,Holofoil,702.42,685.0,750.96,1499.95,729.99
2025-12-08,swsh9-154,263873,Holofoil,255.5,230.0,319.49,1500.0,287.54
2025-12-09,base1-15,42355,Holofoil,124.9,64.0,104.86,999.98,
2025-12-09,base1-16,42356,Holofoil,37.84,15.0,34.99,9999.0,
2025-12-09,base1-2,42360,Holofoil,160.51,88.05,125.0,500.0,79.99
2025-12-09,base1-4,42382,Holofoil,459.35,369.0,510.35,1000.0,
2025-12-09,base1-58,42402,Normal,4.43,0.5,1.78,9999.0,
2025-12-09,cel25c-4,250320,Holofoil,131.62,99.99,138.89,499.99,102.6
2025-12-09,gym2-2,83861,1st Edition Holofoil,926.01,650.0,972.31,1199.99,
2025-12-09,gym2-2,83861,Unlimited Holofoil,504.07,347.82,495.13,629.48,478.9
2025-12-09,neo1-9,86903,1st Edition Holofoil,1799.99,1798.75,1800.0,2700.0,
2025-12-09,neo1-9,86903,Unlimited Holofoil,409.75,323.04,397.0,498.35,
2025-12-09,sl-151-bundle,502000,Normal,97.47,90.0,105.0,999.99,
2025-12-09,sl-151-etb,503313,Normal,352.46,350.0,432.49,1000.0,
2025-12-09,sl-151-upc,502005,Normal,574.53,575.0,699.95,40000.0,
2025-12-09,sl-ar-box,265519,Normal,409.43,375.0,450.0,899.99,
2025-12-09,sl-bs-box,256141,Normal,496.71,489.99,638.98,5000.0,
2025-12-09,sl-cel-upc,245140,Normal,833.95,820.0,934.0,154722.59,
2025-12-09,sl-champ-etb,218791,Normal,152.86,149.0,180.0,500.0,
2025-12-09,sl-cz-etb,453470,Normal,197.08,195.0,246.99,4999.99,
2025-12-09,sl-dr-box,624679,Normal,407.59,400.0,500.0,99999.0,
2025-12-09,sl-evs-box,242436,Normal,2327.61,2200.0,2899.5,12000.0,
2025-12-09,sl-evs-etb,243721,Normal,694.26,704.0,999.99,2999.99,
2025-12-09,sl-fs-box,247654,Normal,856.43,839.0,1090.01,3000.0,
2025-12-09,sl-hf-etb,194729,Normal,377.02,380.01,474.98,9999.98,
2025-12-09,sl-jp-151,565243,Normal,178.36,175.0,200.0,399.99,
2025-12-09,sl-jp-terastal,603428,Normal,105.79,102.99,119.99,200.0,
2025-12-09,sl-jt-box,610931,Normal,222.2,224.99,270.0,551.0,
2025-12-09,sl-lo-box,277324,Normal,654.0,646.0,899.99,2500.0,
2025-12-09,sl-me1-box,644298,Normal,242.2,239.08,288.99,500.0,
2025-12-09,sl-obf-box,501257,Normal,296.77,274.0,335.0,1000.0,
2025-12-09,sl-pe-etb,593355,Normal,110.62,102.99,142.98,1115.0,
2025-12-09,sl-pe-spc,622770,Normal,248.73,242.0,303.95,600.0,
2025-12-09,sl-pf-etb,528040,Normal,242.45,235.0,289.99,775.0,
2025-12-09,sl-phf-box,654137,Normal,238.16,230.0,276.61,781.31,
2025-12-09,sl-shf-etb,228821,Normal,95.83,90.99,114.99,500.11,
2025-12-09,sl-ss-box,565606,Normal,245.04,234.99,309.99,4999.99,
2025-12-09,sl-st-box,283389,Normal,430.43,400.01,497.0,9999.99,
2025-12-09,sl-tf-box,536225,Normal,270.53,254.99,280.5,779.99,
2025-12-09,sv2-185,497557,Normal,0.35,0.25,0.42,4.99,0.34
2025-12-09,sv2-185,497557,Reverse Holofoil,0.92,0.27,0.96,6.99,
2025-12-09,sv2-254,497669,Holofoil,14.46,12.0,15.98,100.0,16.66
2025-12-09,sv2-269,497689,Holofoil,50.55,44.99,56.99,259.99,56.99
2025-12-09,sv3pt5-151,516566,Holofoil,9.11,5.5,9.0,509.15,7.5
2025-12-09,sv3pt5-199,517045,Holofoil,235.1,190.0,249.99,900.0,319.95
2025-12-09,sv3pt5-205,517051,Holofoil,15.92,11.99,17.98,88.88,18.88
2025-12-09,sv3pt5-4,502555,Normal,0.14,0.01,0.15,39.05,0.09
2025-12-09,sv3pt5-4,502555,Reverse Holofoil,0.24,0.03,0.25,3.0,
2025-12-09,sv3pt5-6,502558,Holofoil,4.54,2.99,5.5,39.97,5.89
2025-12-09,sv3pt5-7,502548,Normal,0.13,0.01,0.15,2.01,
2025-12-09,sv3pt5-7,502548,Reverse Holofoil,0.22,0.01,0.25,50.0,
2025-12-09,sv4pt5-234,535090,Holofoil,238.72,215.0,262.84,1000.0,209.98
2025-12-09,sv4pt5-54,534416,Holofoil,3.93,2.99,4.0,34.99,3.98
2025-12-09,sv8-57,590025,Holofoil,4.26,1.31,5.0,25.0,6.6
2025-12-09,sv8pt5-149,610504,Holofoil,192.6,179.74,203.59,999.0,
2025-12-09,sv8pt5-155,610510,Holofoil,201.28,201.45,236.46,999.0,
2025-12-09,sv8pt5-156,610511,Holofoil,325.19,303.51,391.33,999.0,
2025-12-09,sv8pt5-161,610516,Holofoil,1033.14,919.99,1122.15,5000.0,
2025-12-09,sv8pt5-167,610522,Holofoil,113.34,109.99,120.69,999.0,
2025-12-09,sv8pt5-179,610534,Holofoil,39.81,37.45,45.78,999.0,
2025-12-09,sv8pt5-28,610383,Holofoil,1.08,0.65,1.3,999.0,
2025-12-09,sv8pt5-47,610402,Normal,0.05,0.01,0.1,999.0,0.03
2025-12-09,sv8pt5-47,610402,Reverse Holofoil,0.06,0.01,0.12,999.0,0.05
2025-12-09,sv8pt5-59,610414,Holofoil,0.24,0.01,0.26,999.0,0.15
2025-12-09,sv8pt5-59,610414,Reverse Holofoil,0.38,0.09,0.39,999.0,0.25
2025-12-09,sv8pt5-60,610415,Holofoil,3.9,2.95,4.84,9999.0,
2025-12-09,svp-085,518861,Normal,641.62,465.0,629.0,2500.0,
2025-12-09,swsh11-186,284137,Holofoil,580.63,513.99,595.15,1000.0,699.69
2025-12-09,swsh12-186,451834,Holofoil,369.6,354.01,399.99,2000.0,372.42
2025-12-09,swsh12pt5gg-GG69,478100,Holofoil,192.17,169.0,213.55,671.52,217.97
2025-12-09,swsh35-25,223018,Normal,0.09,0.04,0.17,1.82,
2025-12-09,swsh35-25,223018,Reverse Holofoil,0.27,0.09,0.27,2.0,
2025-12-09,swsh35-74,223073,Holofoil,169.67,150.0,185.0,1500.0,183.84
2025-12-09,swsh45sv-SV107,232496,Holofoil,125.17,110.2,148.0,349.95,141.46
2025-12-09,swsh7-204,246693,Holofoil,31.68,30.0,35.16,150.0,36.43
2025-12-09,swsh7-205,246696,Holofoil,363.77,299.0,399.99,549.97,337.21
2025-12-09,swsh7-208,246755,Holofoil,28.67,23.55,30.0,48.95,32.97
2025-12-09,swsh7-209,246756,Holofoil,300.87,235.0,305.0,499.97,289.75
2025-12-09,swsh7-211,246702,Holofoil,47.31,36.99,55.0,75.0,54.41
2025-12-09,swsh7-212,246704,Holofoil,392.97,325.0,398.97,1000.0,350.0
2025-12-09,swsh7-215,246723,Holofoil,1970.42,1400.0,2000.0,4000.0,1979.98
2025-12-09,swsh7-218,246733,Holofoil,701.05,560.0,712.28,950.0,719.8
2025-12-09,swsh7-41,246753,Holofoil,4.78,3.5,5.63,25.0,6.89
2025-12-09,swsh7-65,246690,Holofoil,11.03,7.99,11.63,500.0,9.9
2025-12-09,swsh7-75,246701,Holofoil,13.89,10.0,13.96,70.0,19.68
2025-12-09,swsh7-8,246691,Holofoil,6.54,4.99,7.0,100.0,8.52
2025-12-09,swsh8-271,253266,Holofoil,700.68,660.0,748.99,1499.95,729.99
2025-12-09,swsh9-154,263873,Holofoil,255.5,230.0,310.35,1500.0,287.54
2025-12-10,base1-15,42355,Holofoil,124.9,63.69,100.0,999.98,
2025-12-10,base1-16,42356,Holofoil,37.72,15.0,33.67,9999.0,
2025-12-10,base1-2,42360,Holofoil,160.51,88.05,124.69,500.0,79.99
2025-12-10,base1-4,42382,Holofoil,459.35,369.0,505.18,1000.0,
2025-12-10,base1-58,42402,Normal,4.35,0.5,1.8,9999.0,
2025-12-10,cel25c-4,250320,Holofoil,130.28,99.99,138.77,499.99,102.6
2025-12-10,gym2-2,83861,1st Edition Holofoil,926.01,650.0,972.31,1199.99,
2025-12-10,gym2-2,83861,Unlimited Holofoil,504.07,399.0,499.97,629.48,478.9
2025-12-10,neo1-9,86903,1st Edition Holofoil,1799.99,1798.75,1800.0,2700.0,
2025-12-10,neo1-9,86903,Unlimited Holofoil,409.75,348.64,399.5,498.35,
2025-12-10,sl-151-bundle,502000,Normal,97.09,89.99,105.0,999.99,
2025-12-10,sl-151-etb,503313,Normal,352.99,350.0,439.97,1000.0,
2025-12-10,sl-151-upc,502005,Normal,574.13,575.0,697.48,40000.0,
2025-12-10,sl-ar-box,265519,Normal,410.03,375.0,450.0,899.99,
2025-12-10,sl-bs-box,256141,Normal,496.91,489.99,649.99,5000.0,
2025-12-10,sl-cel-upc,245140,Normal,827.71,820.0,942.0,154722.59,
2025-12-10,sl-champ-etb,218791,Normal,152.94,149.0,180.0,500.0,
2025-12-10,sl-cz-etb,453470,Normal,197.55,195.0,239.49,4999.99,
2025-12-10,sl-dr-box,624679,Normal,412.47,380.0,499.49,99999.0,
2025-12-10,sl-evs-box,242436,Normal,2295.5,2150.0,2800.0,12000.0,
2025-12-10,sl-evs-etb,243721,Normal,694.26,704.0,999.99,2999.99,
2025-12-10,sl-fs-box,247654,Normal,854.0,835.0,1090.01,3000.0,
2025-12-10,sl-hf-etb,194729,Normal,377.86,380.01,499.95,9999.98,
2025-12-10,sl-jp-151,565243,Normal,180.95,175.0,200.0,399.99,
2025-12-10,sl-jp-terastal,603428,Normal,106.11,102.99,119.99,200.0,
2025-12-10,sl-jt-box,610931,Normal,223.07,224.99,270.0,551.0,
2025-12-10,sl-lo-box,277324,Normal,654.0,646.0,899.49,2500.0,
2025-12-10,sl-me1-box,644298,Normal,247.79,239.08,280.0,500.0,
2025-12-10,sl-obf-box,501257,Normal,296.17,274.0,325.0,1000.0,
2025-12-10,sl-pe-etb,593355,Normal,113.9,109.99,141.84,1115.0,
2025-12-10,sl-pe-spc,622770,Normal,249.15,242.0,304.78,600.0,
2025-12-10,sl-pf-etb,528040,Normal,244.6,240.0,289.99,775.0,
2025-12-10,sl-phf-box,654137,Normal,239.91,231.9,274.94,781.31,
2025-12-10,sl-shf-etb,228821,Normal,96.3,90.99,115.0,500.11,
2025-12-10,sl-ss-box,565606,Normal,244.68,233.99,300.0,4999.99,
2025-12-10,sl-st-box,283389,Normal,431.23,400.01,499.5,9999.99,
2025-12-10,sl-tf-box,536225,Normal,270.53,254.99,280.0,779.99,
2025-12-10,sv2-185,497557,Normal,0.35,0.25,0.42,4.99,
2025-12-10,sv2-185,497557,Reverse Holofoil,0.62,0.27,0.89,6.99,0.62
2025-12-10,sv2-254,497669,Holofoil,14.26,12.0,15.99,100.0,16.98
2025-12-10,sv2-269,497689,Holofoil,50.3,44.99,56.17,259.99,56.9
2025-12-10,sv3pt5-151,516566,Holofoil,8.85,5.5,9.0,509.15,13.22
2025-12-10,sv3pt5-199,517045,Holofoil,229.18,179.51,250.0,900.0,212.31
2025-12-10,sv3pt5-205,517051,Holofoil,16.18,11.99,18.0,88.88,19.35
2025-12-10,sv3pt5-4,502555,Normal,0.14,0.01,0.15,39.05,0.14
2025-12-10,sv3pt5-4,502555,Reverse Holofoil,0.24,0.03,0.25,3.0,
2025-12-10,sv3pt5-6,502558,Holofoil,4.25,2.99,5.2,39.97,3.0
2025-12-10,sv3pt5-7,502548,Normal,0.13,0.01,0.15,2.01,
2025-12-10,sv3pt5-7,502548,Reverse Holofoil,0.26,0.01,0.25,50.0,0.21
2025-12-10,sv4pt5-234,535090,Holofoil,236.82,213.75,260.0,1000.0,209.98
2025-12-10,sv4pt5-54,534416,Holofoil,4.22,2.5,4.0,34.99,6.29
2025-12-10,sv8-57,590025,Holofoil,4.24,2.99,5.0,25.0,6.72
2025-12-10,sv8pt5-149,610504,Holofoil,192.67,179.74,202.34,999.0,
2025-12-10,sv8pt5-155,610510,Holofoil,201.61,201.45,229.21,999.0,
2025-12-10,sv8pt5-156,610511,Holofoil,325.19,303.51,390.94,999.0,
2025-12-10,sv8pt5-161,610516,Holofoil,1035.15,849.99,1122.15,5000.0,
2025-12-10,sv8pt5-167,610522,Holofoil,113.35,109.99,120.14,999.0,
2025-12-10,sv8pt5-179,610534,Holofoil,39.75,35.99,44.43,999.0,
2025-12-10,sv8pt5-28,610383,Holofoil,1.05,0.02,1.28,999.0,
2025-12-10,sv8pt5-47,610402,Normal,0.05,0.01,0.1,999.0,0.03
2025-12-10,sv8pt5-47,610402,Reverse Holofoil,0.07,0.01,0.12,999.0,0.05
2025-12-10,sv8pt5-59,610414,Holofoil,0.26,0.01,0.26,999.0,0.08
2025-12-10,sv8pt5-59,610414,Reverse Holofoil,0.33,0.09,0.37,999.0,0.25
2025-12-10,sv8pt5-60,610415,Holofoil,3.69,2.95,4.85,9999.0,
2025-12-10,svp-085,518861,Normal,632.48,469.5,625.0,2500.0,
2025-12-10,swsh11-186,284137,Holofoil,580.63,510.0,595.34,1000.0,699.69
2025-12-10,swsh12-186,451834,Holofoil,363.5,323.99,400.0,2000.0,372.42
2025-12-10,swsh12pt5gg-GG69,478100,Holofoil,191.89,165.0,212.75,671.52,217.99
2025-12-10,swsh35-25,223018,Normal,0.09,0.04,0.17,1.82,
2025-12-10,swsh35-25,223018,Reverse Holofoil,0.27,0.09,0.27,2.0,
2025-12-10,swsh35-74,223073,Holofoil,169.67,150.0,184.99,1500.0,183.84
2025-12-10,swsh45sv-SV107,232496,Holofoil,125.17,110.2,146.52,349.95,125.17
2025-12-10,swsh7-204,246693,Holofoil,31.92,30.0,35.09,150.0,37.46
2025-12-10,swsh7-205,246696,Holofoil,360.14,299.0,399.69,549.97,372.99
2025-12-10,swsh7-208,246755,Holofoil,28.91,23.55,30.0,48.95,32.97
2025-12-10,swsh7-209,246756,Holofoil,298.69,235.0,308.97,499.97,289.75
2025-12-10,swsh7-211,246702,Holofoil,47.68,36.99,53.98,75.0,55.97
2025-12-10,swsh7-212,246704,Holofoil,386.97,325.0,398.97,1000.0,398.97
2025-12-10,swsh7-215,246723,Holofoil,1970.42,1400.0,2003.21,4000.0,1979.98
2025-12-10,swsh7-218,246733,Holofoil,702.48,560.0,704.07,950.0,724.99
2025-12-10,swsh7-41,246753,Holofoil,4.95,3.5,5.65,25.0,7.42
2025-12-10,swsh7-65,246690,Holofoil,10.73,7.99,11.49,500.0,11.09
2025-12-10,swsh7-75,246701,Holofoil,13.87,10.0,13.99,70.0,19.68
2025-12-10,swsh7-8,246691,Holofoil,6.75,4.99,7.0,100.0,10.53
2025-12-10,swsh8-271,253266,Holofoil,699.48,650.0,749.99,1499.95,729.99
2025-12-10,swsh9-154,263873,Holofoil,253.22,225.0,315.0,1500.0,287.54
2025-12-11,base1-15,42355,Holofoil,124.9,64.0,100.0,999.98,
2025-12-11,base1-16,42356,Holofoil,37.72,15.0,32.44,9999.0,
2025-12-11,base1-2,42360,Holofoil,160.51,88.05,124.11,500.0,
2025-12-11,base1-4,42382,Holofoil,459.35,369.0,505.18,1000.0,
2025-12-11,base1-58,42402,Normal,4.5,0.5,1.97,9999.0,
2025-12-11,cel25c-4,250320,Holofoil,129.23,99.95,137.07,499.99,102.6
2025-12-11,gym2-2,83861,1st Edition Holofoil,926.01,972.31,1199.99,1675.0,
2025-12-11,gym2-2,83861,Unlimited Holofoil,504.07,399.0,499.99,629.48,478.9
2025-12-11,neo1-9,86903,1st Edition Holofoil,1799.99,1798.75,1800.0,2700.0,
2025-12-11,neo1-9,86903,Unlimited Holofoil,409.75,348.64,399.0,498.35,
2025-12-11,sl-151-bundle,502000,Normal,96.19,87.99,105.0,999.99,
2025-12-11,sl-151-etb,503313,Normal,354.39,359.0,419.99,1000.0,
2025-12-11,sl-151-upc,502005,Normal,576.77,575.0,697.48,40000.0,
2025-12-11,sl-ar-box,265519,Normal,406.65,375.0,450.0,899.99,
2025-12-11,sl-bs-box,256141,Normal,496.91,489.99,627.99,5000.0,
2025-12-11,sl-cel-upc,245140,Normal,827.71,820.0,949.99,154722.59,
2025-12-11,sl-champ-etb,218791,Normal,152.94,159.99,182.0,500.0,
2025-12-11,sl-cz-etb,453470,Normal,199.11,195.0,248.99,4999.99,
2025-12-11,sl-dr-box,624679,Normal,413.03,380.0,489.99,99999.0,
2025-12-11,sl-evs-box,242436,Normal,2279.5,2150.0,2999.0,12000.0,
2025-12-11,sl-evs-etb,243721,Normal,696.82,704.0,999.99,2999.99,
2025-12-11,sl-fs-box,247654,Normal,854.0,835.0,1070.0,3000.0,
2025-12-11,sl-hf-etb,194729,Normal,377.86,380.01,499.95,9999.98,
2025-12-11,sl-jp-151,565243,Normal,182.19,175.0,200.0,399.99,
2025-12-11,sl-jp-terastal,603428,Normal,105.15,102.99,120.0,200.0,
2025-12-11,sl-jt-box,610931,Normal,226.83,226.96,270.0,551.0,
2025-12-11,sl-lo-box,277324,Normal,649.2,646.0,899.49,2500.0,
2025-12-11,sl-me1-box,644298,Normal,242.08,214.98,279.99,500.0,
2025-12-11,sl-obf-box,501257,Normal,295.31,274.0,325.0,1000.0,
2025-12-11,sl-pe-etb,593355,Normal,117.76,109.05,141.96,1115.0,
2025-12-11,sl-pe-spc,622770,Normal,249.05,242.0,303.9,600.0,
2025-12-11,sl-pf-etb,528040,Normal,245.46,250.0,295.4,775.0,
2025-12-11,sl-phf-box,654137,Normal,233.67,229.99,269.99,781.31,
2025-12-11,sl-shf-etb,228821,Normal,96.9,90.99,115.0,500.11,
2025-12-11,sl-ss-box,565606,Normal,238.96,220.0,300.0,4999.99,
2025-12-11,sl-st-box,283389,Normal,428.39,400.01,499.99,9999.99,
2025-12-11,sl-tf-box,536225,Normal,270.15,239.0,279.99,779.99,
2025-12-11,sv2-185,497557,Normal,0.4,0.25,0.42,4.99,
2025-12-11,sv2-185,497557,Reverse Holofoil,0.83,0.3,0.82,6.99,
2025-12-11,sv2-254,497669,Holofoil,14.3,12.0,15.97,100.0,17.12
2025-12-11,sv2-269,497689,Holofoil,50.14,45.0,55.9,259.99,56.48
2025-12-11,sv3pt5-151,516566,Holofoil,8.16,5.5,8.93,509.15,13.04
2025-12-11,sv3pt5-199,517045,Holofoil,225.36,189.99,250.0,900.0,209.99
2025-12-11,sv3pt5-205,517051,Holofoil,15.77,11.99,17.99,88.88,19.35
2025-12-11,sv3pt5-4,502555,Normal,0.15,0.01,0.15,39.05,0.11
2025-12-11,sv3pt5-4,502555,Reverse Holofoil,0.25,0.03,0.25,3.0,
2025-12-11,sv3pt5-6,502558,Holofoil,4.67,2.99,5.18,39.97,5.19
2025-12-11,sv3pt5-7,502548,Normal,0.12,0.01,0.15,2.01,
2025-12-11,sv3pt5-7,502548,Reverse Holofoil,0.24,0.01,0.25,50.0,0.01
2025-12-11,sv4pt5-234,535090,Holofoil,236.82,209.97,260.0,1000.0,264.99
2025-12-11,sv4pt5-54,534416,Holofoil,3.86,2.8,4.0,60.0,3.82
2025-12-11,sv8-57,590025,Holofoil,4.35,3.0,5.0,25.0,4.34
2025-12-11,sv8pt5-149,610504,Holofoil,192.24,178.4,200.0,999.0,
2025-12-11,sv8pt5-155,610510,Holofoil,201.68,201.45,228.99,999.0,
2025-12-11,sv8pt5-156,610511,Holofoil,325.19,303.51,384.62,999.0,
2025-12-11,sv8pt5-161,610516,Holofoil,1031.15,799.99,1109.65,5000.0,
2025-12-11,sv8pt5-167,610522,Holofoil,113.35,105.0,119.99,999.0,
2025-12-11,sv8pt5-179,610534,Holofoil,39.66,36.0,43.78,999.0,
2025-12-11,sv8pt5-28,610383,Holofoil,1.09,0.02,1.27,999.0,
2025-12-11,sv8pt5-47,610402,Normal,0.05,0.01,0.1,999.0,0.03
2025-12-11,sv8pt5-47,610402,Reverse Holofoil,0.07,0.01,0.12,999.0,0.05
2025-12-11,sv8pt5-59,610414,Holofoil,0.27,0.01,0.26,999.0,0.08
2025-12-11,sv8pt5-59,610414,Reverse Holofoil,0.34,0.05,0.37,999.0,0.25
2025-12-11,sv8pt5-60,610415,Holofoil,3.85,2.32,4.85,9999.0,
2025-12-11,svp-085,518861,Normal,621.92,459.99,622.0,2500.0,
2025-12-11,swsh11-186,284137,Holofoil,580.63,509.0,591.86,1000.0,699.69
2025-12-11,swsh12-186,451834,Holofoil,362.48,323.99,399.92,2000.0,372.42
2025-12-11,swsh12pt5gg-GG69,478100,Holofoil,193.3,165.0,215.12,671.52,217.99
2025-12-11,swsh35-25,223018,Normal,0.09,0.04,0.17,1.82,
2025-12-11,swsh35-25,223018,Reverse Holofoil,0.27,0.09,0.27,2.0,
2025-12-11,swsh35-74,223073,Holofoil,169.67,150.0,184.49,1500.0,183.84
2025-12-11,swsh45sv-SV107,232496,Holofoil,125.38,110.2,144.46,349.95,132.49
2025-12-11,swsh7-204,246693,Holofoil,31.92,30.0,35.42,150.0,36.34
2025-12-11,swsh7-205,246696,Holofoil,360.14,299.0,396.15,549.97,364.99
2025-12-11,swsh7-208,246755,Holofoil,28.84,23.55,30.0,48.95,32.95
2025-12-11,swsh7-209,246756,Holofoil,298.69,235.0,307.5,499.97,289.73
2025-12-11,swsh7-211,246702,Holofoil,47.68,37.05,54.21,75.0,54.29
2025-12-11,swsh7-212,246704,Holofoil,388.69,325.0,398.97,1000.0,397.95
2025-12-11,swsh7-215,246723,Holofoil,1924.42,1400.0,2000.0,4000.0,1979.95
2025-12-11,swsh7-218,246733,Holofoil,702.48,560.0,703.38,950.0,724.95
2025-12-11,swsh7-41,246753,Holofoil,4.97,3.5,5.67,25.0,7.24
2025-12-11,swsh7-65,246690,Holofoil,10.81,7.99,11.38,500.0,11.77
2025-12-11,swsh7-75,246701,Holofoil,13.91,10.0,13.98,70.0,19.68
2025-12-11,swsh7-8,246691,Holofoil,6.75,4.99,7.0,100.0,10.49
2025-12-11,swsh8-271,253266,Holofoil,697.86,649.99,750.0,1499.95,729.99
2025-12-11,swsh9-154,263873,Holofoil,251.96,225.0,305.7,1500.0,287.54
2025-12-12,base1-15,42355,Holofoil,124.9,64.0,100.0,999.98,
2025-12-12,base1-16,42356,Holofoil,37.78,15.0,31.06,9999.0,
2025-12-12,base1-2,42360,Holofoil,160.51,88.05,125.0,500.0,
2025-12-12,base1-4,42382,Holofoil,459.35,369.0,505.18,1000.0,
2025-12-12,base1-58,42402,Normal,4.57,0.5,1.99,9999.0,5.97
2025-12-12,cel25c-4,250320,Holofoil,127.58,99.95,134.14,499.99,101.99
2025-12-12,gym2-2,83861,1st Edition Holofoil,926.01,972.31,1199.99,1675.0,
2025-12-12,gym2-2,83861,Unlimited Holofoil,504.07,399.0,499.99,629.48,478.9
2025-12-12,neo1-9,86903,1st Edition Holofoil,1799.99,1798.75,1800.0,2700.0,
2025-12-12,neo1-9,86903,Unlimited Holofoil,409.75,323.04,397.0,498.35,
2025-12-12,sl-151-bundle,502000,Normal,95.71,87.99,105.0,999.99,
2025-12-12,sl-151-etb,503313,Normal,358.15,360.0,450.0,1000.0,
2025-12-12,sl-151-upc,502005,Normal,575.66,579.99,699.99,40000.0,
2025-12-12,sl-ar-box,265519,Normal,406.65,375.0,450.0,899.99,
2025-12-12,sl-bs-box,256141,Normal,495.31,489.99,627.99,5000.0,
2025-12-12,sl-cel-upc,245140,Normal,831.71,825.0,949.99,154722.59,
2025-12-12,sl-champ-etb,218791,Normal,153.38,159.99,182.0,500.0,
2025-12-12,sl-cz-etb,453470,Normal,200.53,199.0,249.99,4999.99,
2025-12-12,sl-dr-box,624679,Normal,408.83,365.0,489.99,99999.0,
2025-12-12,sl-evs-box,242436,Normal,2279.5,2150.0,3189.5,12000.0,
2025-12-12,sl-evs-etb,243721,Normal,696.82,720.0,999.99,2999.99,
2025-12-12,sl-fs-box,247654,Normal,853.6,835.0,1090.01,3000.0,
2025-12-12,sl-hf-etb,194729,Normal,376.66,380.01,499.95,9999.98,
2025-12-12,sl-jp-151,565243,Normal,180.83,175.0,200.0,399.99,
2025-12-12,sl-jp-terastal,603428,Normal,104.49,104.61,119.99,200.0,
2025-12-12,sl-jt-box,610931,Normal,227.1,230.0,272.5,551.0,
2025-12-12,sl-lo-box,277324,Normal,649.04,649.99,899.49,2500.0,
2025-12-12,sl-me1-box,644298,Normal,234.85,220.0,280.0,500.0,
2025-12-12,sl-obf-box,501257,Normal,294.98,274.0,325.0,1000.0,
2025-12-12,sl-pe-etb,593355,Normal,116.44,109.01,144.0,1115.0,
2025-12-12,sl-pe-spc,622770,Normal,245.67,233.98,302.39,600.0,
2025-12-12,sl-pf-etb,528040,Normal,246.11,259.0,297.7,775.0,
2025-12-12,sl-phf-box,654137,Normal,229.68,224.89,269.97,781.31,
2025-12-12,sl-shf-etb,228821,Normal,97.74,95.0,117.48,500.11,
2025-12-12,sl-ss-box,565606,Normal,238.87,233.99,300.0,4999.99,
2025-12-12,sl-st-box,283389,Normal,426.91,400.01,499.99,9999.99,
2025-12-12,sl-tf-box,536225,Normal,269.14,234.0,279.99,779.99,
2025-12-12,sv2-185,497557,Normal,0.37,0.25,0.44,4.99,
2025-12-12,sv2-185,497557,Reverse Holofoil,0.81,0.3,0.85,6.99,
2025-12-12,sv2-254,497669,Holofoil,14.37,12.0,15.95,100.0,14.37
2025-12-12,sv2-269,497689,Holofoil,48.31,40.0,55.84,259.99,55.89
2025-12-12,sv3pt5-151,516566,Holofoil,9.29,5.5,8.99,100.0,9.29
2025-12-12,sv3pt5-199,517045,Holofoil,226.69,189.99,250.0,900.0,268.49
2025-12-12,sv3pt5-205,517051,Holofoil,16.27,11.99,17.93,88.88,16.27
2025-12-12,sv3pt5-4,502555,Normal,0.14,0.01,0.15,39.05,
2025-12-12,sv3pt5-4,502555,Reverse Holofoil,0.23,0.03,0.25,3.0,
2025-12-12,sv3pt5-6,502558,Holofoil,4.7,2.99,5.2,39.97,4.46
2025-12-12,sv3pt5-7,502548,Normal,0.13,0.01,0.15,2.01,
2025-12-12,sv3pt5-7,502548,Reverse Holofoil,0.23,0.01,0.25,50.0,0.18
2025-12-12,sv4pt5-234,535090,Holofoil,236.08,200.0,259.73,1000.0,236.82
2025-12-12,sv4pt5-54,534416,Holofoil,3.58,2.8,3.99,60.0,3.58
2025-12-12,sv8-57,590025,Holofoil,4.12,2.79,5.0,25.0,5.45
2025-12-12,sv8pt5-149,610504,Holofoil,192.24,178.4,200.0,999.0,
2025-12-12,sv8pt5-155,610510,Holofoil,201.66,200.0,229.05,999.0,
2025-12-12,sv8pt5-156,610511,Holofoil,325.19,303.51,375.65,999.0,308.0
2025-12-12,sv8pt5-161,610516,Holofoil,1027.15,789.99,1095.0,5000.0,
2025-12-12,sv8pt5-167,610522,Holofoil,113.13,104.79,118.79,999.0,
2025-12-12,sv8pt5-179,610534,Holofoil,39.66,35.66,42.99,999.0,
2025-12-12,sv8pt5-28,610383,Holofoil,1.08,0.02,1.27,999.0,1.26
2025-12-12,sv8pt5-47,610402,Normal,0.05,0.01,0.1,999.0,0.03
2025-12-12,sv8pt5-47,610402,Reverse Holofoil,0.06,0.01,0.12,999.0,0.05
2025-12-12,sv8pt5-59,610414,Holofoil,0.25,0.01,0.26,999.0,0.08
2025-12-12,sv8pt5-59,610414,Reverse Holofoil,0.29,0.09,0.36,999.0,0.25
2025-12-12,sv8pt5-60,610415,Holofoil,3.63,2.82,4.82,9999.0,
2025-12-12,svp-085,518861,Normal,621.92,455.0,600.0,2500.0,
2025-12-12,swsh11-186,284137,Holofoil,580.63,509.0,591.86,1000.0,549.99
2025-12-12,swsh12-186,451834,Holofoil,363.38,322.0,400.0,2000.0,372.42
2025-12-12,swsh12pt5gg-GG69,478100,Holofoil,193.3,165.0,213.09,671.52,165.0
2025-12-12,swsh35-25,223018,Normal,0.09,0.04,0.17,1.82,
2025-12-12,swsh35-25,223018,Reverse Holofoil,0.27,0.09,0.27,2.0,
2025-12-12,swsh35-74,223073,Holofoil,181.13,150.0,224.84,1500.0,183.84
2025-12-12,swsh45sv-SV107,232496,Holofoil,125.38,110.2,143.39,349.95,132.47
2025-12-12,swsh7-204,246693,Holofoil,31.76,30.0,35.13,150.0,36.34
2025-12-12,swsh7-205,246696,Holofoil,360.14,299.0,395.58,573.9,364.99
2025-12-12,swsh7-208,246755,Holofoil,28.84,23.55,29.99,48.95,32.95
2025-12-12,swsh7-209,246756,Holofoil,298.69,235.0,303.66,499.97,289.73
2025-12-12,swsh7-211,246702,Holofoil,47.68,37.05,53.07,75.0,55.95
2025-12-12,swsh7-212,246704,Holofoil,381.84,325.0,398.97,1000.0,398.97
2025-12-12,swsh7-215,246723,Holofoil,1924.42,1400.0,1997.49,4000.0,1979.95
2025-12-12,swsh7-218,246733,Holofoil,693.68,560.0,704.76,950.0,724.95
2025-12-12,swsh7-41,246753,Holofoil,5.01,3.5,5.5,25.0,7.24
2025-12-12,swsh7-65,246690,Holofoil,10.7,7.99,11.44,500.0,11.77
2025-12-12,swsh7-75,246701,Holofoil,14.05,10.0,14.0,70.0,19.69
2025-12-12,swsh7-8,246691,Holofoil,6.75,4.93,7.0,100.0,7.75
2025-12-12,swsh8-271,253266,Holofoil,697.86,649.99,749.99,1499.95,654.99
2025-12-12,swsh9-154,263873,Holofoil,251.96,225.0,300.0,1500.0,251.96
2025-12-13,base1-15,42355,Holofoil,124.45,65.99,99.97,999.98,
2025-12-13,base1-16,42356,Holofoil,37.78,15.0,32.28,9999.0,
2025-12-13,base1-2,42360,Holofoil,160.51,98.74,130.94,500.0,
2025-12-13,base1-4,42382,Holofoil,457.19,369.0,503.99,1000.0,
2025-12-13,base1-58,42402,Normal,4.64,0.5,1.95,9999.0,5.97
2025-12-13,cel25c-4,250320,Holofoil,125.82,99.95,133.94,499.99,101.99
2025-12-13,gym2-2,83861,1st Edition Holofoil,926.01,972.31,1199.99,1675.0,
2025-12-13,gym2-2,83861,Unlimited Holofoil,504.07,399.0,505.55,629.48,490.3
2025-12-13,neo1-9,86903,1st Edition Holofoil,1799.99,1798.75,1850.0,2700.0,
2025-12-13,neo1-9,86903,Unlimited Holofoil,409.75,295.8,395.0,498.35,
2025-12-13,sl-151-bundle,502000,Normal,94.94,87.99,105.0,999.99,
2025-12-13,sl-151-etb,503313,Normal,360.03,360.0,450.0,1000.0,
2025-12-13,sl-151-upc,502005,Normal,574.86,589.99,700.0,40000.0,
2025-12-13,sl-ar-box,265519,Normal,406.65,375.0,450.0,899.99,
2025-12-13,sl-bs-box,256141,Normal,495.31,489.99,639.0,5000.0,
2025-12-13,sl-cel-upc,245140,Normal,829.31,820.0,950.0,154722.59,
2025-12-13,sl-champ-etb,218791,Normal,154.3,159.99,184.0,500.0,
2025-12-13,sl-cz-etb,453470,Normal,200.73,199.0,249.99,4999.99,
2025-12-13,sl-dr-box,624679,Normal,397.15,379.99,489.99,99999.0,
2025-12-13,sl-evs-box,242436,Normal,2279.5,2150.0,2800.0,12000.0,
2025-12-13,sl-evs-etb,243721,Normal,699.82,720.0,999.99,2999.99,
2025-12-13,sl-fs-box,247654,Normal,852.2,835.0,1090.01,3000.0,
2025-12-13,sl-hf-etb,194729,Normal,375.72,380.01,499.99,9999.98,
2025-12-13,sl-jp-151,565243,Normal,181.59,175.0,200.0,399.99,
2025-12-13,sl-jp-terastal,603428,Normal,105.91,104.99,119.99,200.0,
2025-12-13,sl-jt-box,610931,Normal,228.37,234.99,274.99,551.0,
2025-12-13,sl-lo-box,277324,Normal,649.04,649.99,899.49,2500.0,
2025-12-13,sl-me1-box,644298,Normal,234.65,239.08,292.44,500.0,
2025-12-13,sl-obf-box,501257,Normal,294.98,274.0,325.0,1000.0,
2025-12-13,sl-pe-etb,593355,Normal,114.45,107.49,144.76,1115.0,
2025-12-13,sl-pe-spc,622770,Normal,245.16,239.99,300.0,600.0,
2025-12-13,sl-pf-etb,528040,Normal,248.25,258.0,289.99,775.0,
2025-12-13,sl-phf-box,654137,Normal,222.88,214.99,265.0,781.31,
2025-12-13,sl-shf-etb,228821,Normal,96.58,80.0,119.97,500.11,
2025-12-13,sl-ss-box,565606,Normal,243.79,233.99,300.0,4999.99,
2025-12-13,sl-st-box,283389,Normal,426.91,400.01,499.5,9999.99,
2025-12-13,sl-tf-box,536225,Normal,266.6,228.99,280.0,779.99,
2025-12-13,sv2-185,497557,Normal,0.39,0.25,0.44,4.99,
2025-12-13,sv2-185,497557,Reverse Holofoil,0.83,0.3,0.84,125.0,
2025-12-13,sv2-254,497669,Holofoil,14.38,12.0,15.99,100.0,15.51
2025-12-13,sv2-269,497689,Holofoil,48.12,44.44,55.92,259.99,55.89
2025-12-13,sv3pt5-151,516566,Holofoil,9.08,5.5,9.17,100.0,11.61
2025-12-13,sv3pt5-199,517045,Holofoil,237.66,188.69,271.26,900.0,255.27
2025-12-13,sv3pt5-205,517051,Holofoil,16.8,11.99,18.75,88.88,19.25
2025-12-13,sv3pt5-4,502555,Normal,0.14,0.01,0.15,39.05,
2025-12-13,sv3pt5-4,502555,Reverse Holofoil,0.23,0.03,0.25,3.99,
2025-12-13,sv3pt5-6,502558,Holofoil,4.55,2.98,5.03,39.97,4.76
2025-12-13,sv3pt5-7,502548,Normal,0.11,0.01,0.15,2.01,
2025-12-13,sv3pt5-7,502548,Reverse Holofoil,0.22,0.01,0.25,50.0,0.18
2025-12-13,sv4pt5-234,535090,Holofoil,235.57,194.99,257.99,1000.0,250.61
2025-12-13,sv4pt5-54,534416,Holofoil,3.7,2.48,3.99,60.0,3.95
2025-12-13,sv8-57,590025,Holofoil,4.2,2.5,5.0,25.0,5.2
2025-12-13,sv8pt5-149,610504,Holofoil,192.28,178.4,200.0,999.0,
2025-12-13,sv8pt5-155,610510,Holofoil,201.66,200.0,220.0,999.0,
2025-12-13,sv8pt5-156,610511,Holofoil,325.3,300.0,358.58,999.0,341.45
2025-12-13,sv8pt5-161,610516,Holofoil,1027.15,886.08,1090.0,5000.0,1048.0
2025-12-13,sv8pt5-167,610522,Holofoil,112.87,101.0,117.95,999.0,
2025-12-13,sv8pt5-179,610534,Holofoil,39.16,35.66,43.08,999.0,
2025-12-13,sv8pt5-28,610383,Holofoil,1.2,0.02,1.28,999.0,
2025-12-13,sv8pt5-47,610402,Normal,0.05,0.01,0.1,999.0,0.03
2025-12-13,sv8pt5-47,610402,Reverse Holofoil,0.07,0.01,0.12,999.0,0.05
2025-12-13,sv8pt5-59,610414,Holofoil,0.27,0.01,0.27,999.0,0.08
2025-12-13,sv8pt5-59,610414,Reverse Holofoil,0.29,0.09,0.36,999.0,0.25
2025-12-13,sv8pt5-60,610415,Holofoil,3.61,2.82,4.86,9999.0,
2025-12-13,svp-085,518861,Normal,598.32,455.0,600.0,2500.0,
2025-12-13,swsh11-186,284137,Holofoil,580.63,508.01,591.86,1000.0,549.99
2025-12-13,swsh12-186,451834,Holofoil,361.74,322.0,399.99,2000.0,372.42
2025-12-13,swsh12pt5gg-GG69,478100,Holofoil,191.32,170.0,213.09,671.52,184.6
2025-12-13,swsh35-25,223018,Normal,0.09,0.04,0.17,1.82,
2025-12-13,swsh35-25,223018,Reverse Holofoil,0.27,0.09,0.27,2.0,
2025-12-13,swsh35-74,223073,Holofoil,181.13,150.0,224.99,1500.0,183.84
2025-12-13,swsh45sv-SV107,232496,Holofoil,125.88,110.2,141.46,349.95,132.01
2025-12-13,swsh7-204,246693,Holofoil,31.76,30.0,35.42,150.0,36.34
2025-12-13,swsh7-205,246696,Holofoil,358.88,289.89,395.0,572.2,364.99
2025-12-13,swsh7-208,246755,Holofoil,28.84,23.55,30.0,48.95,32.51
2025-12-13,swsh7-209,246756,Holofoil,298.69,235.0,303.66,499.97,289.73
2025-12-13,swsh7-211,246702,Holofoil,47.68,37.05,52.14,75.0,55.95
2025-12-13,swsh7-212,246704,Holofoil,375.04,325.0,398.97,1000.0,398.95
2025-12-13,swsh7-215,246723,Holofoil,1924.42,1400.0,1979.98,4000.0,1979.95
2025-12-13,swsh7-218,246733,Holofoil,693.68,560.0,704.07,950.0,724.95
2025-12-13,swsh7-41,246753,Holofoil,5.08,3.5,5.66,25.0,6.35
2025-12-13,swsh7-65,246690,Holofoil,10.39,7.99,11.44,500.0,12.58
2025-12-13,swsh7-75,246701,Holofoil,14.45,10.0,14.05,70.0,12.9
2025-12-13,swsh7-8,246691,Holofoil,6.75,4.93,7.0,100.0,9.98
2025-12-13,swsh8-271,253266,Holofoil,697.86,625.0,749.99,1499.95,729.98
2025-12-13,swsh9-154,263873,Holofoil,252.04,225.0,299.99,1500.0,273.26
2025-12-14,base1-15,42355,Holofoil,124.9,64.0,99.97,999.98,
2025-12-14,base1-16,42356,Holofoil,37.78,15.0,32.28,9999.0,
2025-12-14,base1-2,42360,Holofoil,160.51,89.55,129.66,500.0,
2025-12-14,base1-4,42382,Holofoil,457.19,369.0,503.99,1000.0,
2025-12-14,base1-58,42402,Normal,4.68,0.5,1.97,9999.0,
2025-12-14,cel25c-4,250320,Holofoil,122.75,98.95,133.64,499.99,102.6
2025-12-14,gym2-2,83861,1st Edition Holofoil,926.01,972.31,1199.99,1675.0,
2025-12-14,gym2-2,83861,Unlimited Holofoil,504.07,399.0,505.55,629.48,490.3
2025-12-14,neo1-9,86903,1st Edition Holofoil,1799.99,1798.75,1850.0,2700.0,
2025-12-14,neo1-9,86903,Unlimited Holofoil,409.75,295.8,395.0,498.35,
2025-12-14,sl-151-bundle,502000,Normal,95.67,82.98,104.99,999.99,
2025-12-14,sl-151-etb,503313,Normal,361.51,360.0,450.0,1000.0,
2025-12-14,sl-151-upc,502005,Normal,580.29,590.0,715.0,40000.0,
2025-12-14,sl-ar-box,265519,Normal,406.65,375.0,452.5,899.99,
2025-12-14,sl-bs-box,256141,Normal,495.31,489.99,638.98,5000.0,
2025-12-14,sl-cel-upc,245140,Normal,826.07,820.0,929.5,154722.59,
2025-12-14,sl-champ-etb,218791,Normal,154.8,159.99,183.5,500.0,
2025-12-14,sl-cz-etb,453470,Normal,201.56,199.0,249.49,4999.99,
2025-12-14,sl-dr-box,624679,Normal,395.76,398.0,489.99,2185.0,
2025-12-14,sl-evs-box,242436,Normal,2279.5,2150.0,2899.5,12000.0,
2025-12-14,sl-evs-etb,243721,Normal,699.82,720.0,999.99,2999.99,
2025-12-14,sl-fs-box,247654,Normal,852.2,835.0,1099.0,3000.0,
2025-12-14,sl-hf-etb,194729,Normal,375.72,380.01,499.99,9999.98,
2025-12-14,sl-jp-151,565243,Normal,182.9,175.0,200.0,325.0,
2025-12-14,sl-jp-terastal,603428,Normal,107.41,104.99,120.0,200.0,
2025-12-14,sl-jt-box,610931,Normal,231.4,248.99,277.99,551.0,
2025-12-14,sl-lo-box,277324,Normal,649.04,649.99,899.99,2500.0,
2025-12-14,sl-me1-box,644298,Normal,233.51,234.65,280.0,500.0,
2025-12-14,sl-obf-box,501257,Normal,294.98,274.0,325.0,1000.0,
2025-12-14,sl-pe-etb,593355,Normal,114.9,109.99,144.25,1115.0,
2025-12-14,sl-pe-spc,622770,Normal,245.5,240.99,300.0,600.0,
2025-12-14,sl-pf-etb,528040,Normal,248.25,258.0,292.7,775.0,
2025-12-14,sl-phf-box,654137,Normal,214.94,199.9,265.0,781.31,
2025-12-14,sl-shf-etb,228821,Normal,98.09,88.0,119.99,500.11,
2025-12-14,sl-ss-box,565606,Normal,244.11,233.99,300.0,4999.99,
2025-12-14,sl-st-box,283389,Normal,425.11,400.01,499.5,9999.99,
2025-12-14,sl-tf-box,536225,Normal,264.17,228.99,280.5,779.99,
2025-12-14,sv2-185,497557,Normal,0.4,0.2,0.45,4.99,
2025-12-14,sv2-185,497557,Reverse Holofoil,0.85,0.3,0.85,125.0,
2025-12-14,sv2-254,497669,Holofoil,14.24,12.0,16.0,100.0,16.49
2025-12-14,sv2-269,497689,Holofoil,48.56,45.0,56.48,259.99,
2025-12-14,sv3pt5-151,516566,Holofoil,8.09,5.5,8.95,100.0,9.49
2025-12-14,sv3pt5-199,517045,Holofoil,239.78,189.98,273.65,900.0,268.6
2025-12-14,sv3pt5-205,517051,Holofoil,16.99,11.99,18.65,88.88,
2025-12-14,sv3pt5-4,502555,Normal,0.18,0.01,0.17,20.0,
2025-12-14,sv3pt5-4,502555,Reverse Holofoil,0.23,0.03,0.25,3.99,
2025-12-14,sv3pt5-6,502558,Holofoil,4.68,2.98,5.03,39.97,6.49
2025-12-14,sv3pt5-7,502548,Normal,0.2,0.01,0.15,2.01,
2025-12-14,sv3pt5-7,502548,Reverse Holofoil,0.22,0.01,0.25,50.0,0.18
2025-12-14,sv4pt5-234,535090,Holofoil,235.43,194.67,253.12,1000.0,249.99
2025-12-14,sv4pt5-54,534416,Holofoil,3.83,2.07,3.99,60.0,5.99
2025-12-14,sv8-57,590025,Holofoil,4.6,2.75,5.0,25.0,5.35
2025-12-14,sv8pt5-149,610504,Holofoil,192.28,178.4,195.99,999.0,
2025-12-14,sv8pt5-155,610510,Holofoil,201.73,198.0,215.73,999.0,
2025-12-14,sv8pt5-156,610511,Holofoil,325.3,300.0,368.0,999.0,356.99
2025-12-14,sv8pt5-161,610516,Holofoil,1028.47,899.99,1100.0,5000.0,1077.14
2025-12-14,sv8pt5-167,610522,Holofoil,112.47,101.0,117.74,999.0,
2025-12-14,sv8pt5-179,610534,Holofoil,39.18,35.66,43.12,999.0,
2025-12-14,sv8pt5-28,610383,Holofoil,1.23,0.02,1.29,999.0,
2025-12-14,sv8pt5-47,610402,Normal,0.05,0.01,0.1,999.0,0.03
2025-12-14,sv8pt5-47,610402,Reverse Holofoil,0.07,0.01,0.12,999.0,0.05
2025-12-14,sv8pt5-59,610414,Holofoil,0.27,0.01,0.27,999.0,0.08
2025-12-14,sv8pt5-59,610414,Reverse Holofoil,0.32,0.08,0.36,999.0,0.25
2025-12-14,sv8pt5-60,610415,Holofoil,3.66,2.82,4.86,9999.0,
2025-12-14,svp-085,518861,Normal,598.32,455.0,610.72,2500.0,
2025-12-14,swsh11-186,284137,Holofoil,578.64,509.0,590.93,1000.0,699.69
2025-12-14,swsh12-186,451834,Holofoil,362.01,350.0,398.21,2000.0,361.74
2025-12-14,swsh12pt5gg-GG69,478100,Holofoil,191.32,170.0,211.99,671.52,217.93
2025-12-14,swsh35-25,223018,Normal,0.09,0.04,0.17,1.82,
2025-12-14,swsh35-25,223018,Reverse Holofoil,0.27,0.09,0.27,2.0,
2025-12-14,swsh35-74,223073,Holofoil,181.13,150.0,224.99,1500.0,183.84
2025-12-14,swsh45sv-SV107,232496,Holofoil,125.88,113.94,142.97,349.95,132.47
2025-12-14,swsh7-204,246693,Holofoil,31.76,30.0,35.21,150.0,36.24
2025-12-14,swsh7-205,246696,Holofoil,358.88,283.26,390.4,568.7,364.95
2025-12-14,swsh7-208,246755,Holofoil,28.84,23.55,30.0,48.95,32.17
2025-12-14,swsh7-209,246756,Holofoil,298.69,235.0,304.33,499.97,289.72
2025-12-14,swsh7-211,246702,Holofoil,47.68,38.12,54.24,75.0,54.24
2025-12-14,swsh7-212,246704,Holofoil,367.69,325.0,398.44,1000.0,397.95
2025-12-14,swsh7-215,246723,Holofoil,1924.42,1400.0,1979.98,4000.0,1979.95
2025-12-14,swsh7-218,246733,Holofoil,702.48,560.0,703.38,950.0,724.95
2025-12-14,swsh7-41,246753,Holofoil,5.14,3.5,5.65,25.0,7.48
2025-12-14,swsh7-65,246690,Holofoil,10.21,7.44,11.17,500.0,12.71
2025-12-14,swsh7-75,246701,Holofoil,14.2,10.0,14.19,70.0,16.99
2025-12-14,swsh7-8,246691,Holofoil,6.95,5.0,7.0,100.0,9.99
2025-12-14,swsh8-271,253266,Holofoil,697.86,625.0,749.99,1499.95,729.98
2025-12-14,swsh9-154,263873,Holofoil,252.04,220.0,298.45,1500.0,273.26
2025-12-15,base1-15,42355,Holofoil,125.52,64.0,99.95,999.98,
2025-12-15,base1-16,42356,Holofoil,38.02,15.0,32.44,9999.0,
2025-12-15,base1-2,42360,Holofoil,160.51,98.74,130.86,500.0,
2025-12-15,base1-4,42382,Holofoil,457.7,369.0,503.99,1000.0,
2025-12-15,base1-58,42402,Normal,4.66,0.5,2.0,9999.0,
2025-12-15,cel25c-4,250320,Holofoil,120.86,98.95,132.71,499.99,119.93
2025-12-15,gym2-2,83861,1st Edition Holofoil,926.01,972.31,1199.99,1675.0,
2025-12-15,gym2-2,83861,Unlimited Holofoil,504.07,399.0,505.55,629.48,490.3
2025-12-15,neo1-9,86903,1st Edition Holofoil,1799.99,1798.75,1850.0,2700.0,
2025-12-15,neo1-9,86903,Unlimited Holofoil,409.75,295.8,395.0,498.35,
2025-12-15,sl-151-bundle,502000,Normal,97.46,82.98,104.99,999.99,
2025-12-15,sl-151-etb,503313,Normal,363.11,360.0,450.0,1000.0,
2025-12-15,sl-151-upc,502005,Normal,580.29,585.0,707.5,40000.0,
2025-12-15,sl-ar-box,265519,Normal,405.46,375.0,455.0,899.99,
2025-12-15,sl-bs-box,256141,Normal,495.31,488.99,638.98,5000.0,
2025-12-15,sl-cel-upc,245140,Normal,826.07,820.0,929.5,154722.59,
2025-12-15,sl-champ-etb,218791,Normal,155.28,159.99,183.5,500.0,
2025-12-15,sl-cz-etb,453470,Normal,201.56,199.0,249.49,4999.99,
2025-12-15,sl-dr-box,624679,Normal,397.08,398.0,489.99,2185.0,
2025-12-15,sl-evs-box,242436,Normal,2259.67,2099.0,3380.0,12000.0,
2025-12-15,sl-evs-etb,243721,Normal,702.83,750.0,999.99,2999.99,
2025-12-15,sl-fs-box,247654,Normal,850.8,835.0,1099.98,3000.0,
2025-12-15,sl-hf-etb,194729,Normal,375.72,380.01,499.99,9999.98,
2025-12-15,sl-jp-151,565243,Normal,184.89,175.0,200.0,325.0,
2025-12-15,sl-jp-terastal,603428,Normal,108.3,96.9,120.0,200.0,
2025-12-15,sl-jt-box,610931,Normal,231.4,249.99,277.99,551.0,
2025-12-15,sl-lo-box,277324,Normal,648.44,649.99,900.0,2500.0,
2025-12-15,sl-me1-box,644298,Normal,231.29,234.65,280.0,500.0,
2025-12-15,sl-obf-box,501257,Normal,294.73,273.87,325.0,1000.0,
2025-12-15,sl-pe-etb,593355,Normal,116.11,107.98,144.95,1115.0,
2025-12-15,sl-pe-spc,622770,Normal,242.83,234.99,300.0,600.0,
2025-12-15,sl-pf-etb,528040,Normal,249.25,258.0,289.99,775.0,
2025-12-15,sl-phf-box,654137,Normal,217.02,212.97,265.34,781.31,
2025-12-15,sl-shf-etb,228821,Normal,99.36,88.0,120.0,500.11,
2025-12-15,sl-ss-box,565606,Normal,242.72,230.99,300.0,4999.99,
2025-12-15,sl-st-box,283389,Normal,425.11,399.99,499.99,9999.99,
2025-12-15,sl-tf-box,536225,Normal,260.76,228.98,279.99,779.99,
2025-12-15,sv2-185,497557,Normal,0.37,0.1,0.44,29.99,
2025-12-15,sv2-185,497557,Reverse Holofoil,0.92,0.3,0.9,125.0,
2025-12-15,sv2-254,497669,Holofoil,14.07,12.0,15.95,100.0,16.17
2025-12-15,sv2-269,497689,Holofoil,48.39,45.0,56.03,259.99,
2025-12-15,sv3pt5-151,516566,Holofoil,8.22,5.5,8.82,508.46,9.73
2025-12-15,sv3pt5-199,517045,Holofoil,243.27,189.98,277.87,900.0,319.95
2025-12-15,sv3pt5-205,517051,Holofoil,15.86,13.0,18.24,88.88,
2025-12-15,sv3pt5-4,502555,Normal,0.18,0.01,0.18,29.99,
2025-12-15,sv3pt5-4,502555,Reverse Holofoil,0.24,0.03,0.25,29.99,
2025-12-15,sv3pt5-6,502558,Holofoil,4.91,2.98,5.0,39.97,6.99
2025-12-15,sv3pt5-7,502548,Normal,0.22,0.01,0.19,29.99,
2025-12-15,sv3pt5-7,502548,Reverse Holofoil,0.2,0.01,0.25,50.0,0.22
2025-12-15,sv4pt5-234,535090,Holofoil,237.48,194.67,254.08,1000.0,249.99
2025-12-15,sv4pt5-54,534416,Holofoil,3.52,2.07,3.95,60.0,4.05
2025-12-15,sv8-57,590025,Holofoil,4.73,2.75,5.0,29.99,6.98
2025-12-15,sv8pt5-149,610504,Holofoil,192.02,178.4,196.24,999.0,
2025-12-15,sv8pt5-155,610510,Holofoil,201.84,199.0,214.1,999.0,
2025-12-15,sv8pt5-156,610511,Holofoil,325.3,290.0,356.99,999.0,338.31
2025-12-15,sv8pt5-161,610516,Holofoil,1027.07,899.99,1078.42,5000.0,1077.13
2025-12-15,sv8pt5-167,610522,Holofoil,112.47,101.0,115.98,999.0,
2025-12-15,sv8pt5-179,610534,Holofoil,39.19,36.0,43.2,999.0,
2025-12-15,sv8pt5-28,610383,Holofoil,1.03,0.02,1.27,999.0,
2025-12-15,sv8pt5-47,610402,Normal,0.05,0.01,0.1,999.0,0.03
2025-12-15,sv8pt5-47,610402,Reverse Holofoil,0.07,0.01,0.12,999.0,0.05
2025-12-15,sv8pt5-59,610414,Holofoil,0.22,0.01,0.26,999.0,0.08
2025-12-15,sv8pt5-59,610414,Reverse Holofoil,0.34,0.08,0.37,999.0,0.25
2025-12-15,sv8pt5-60,610415,Holofoil,3.93,3.0,4.93,9999.0,
2025-12-15,svp-085,518861,Normal,598.32,455.0,617.86,2500.0,
2025-12-15,swsh11-186,284137,Holofoil,578.64,509.99,590.93,1000.0,699.68
2025-12-15,swsh12-186,451834,Holofoil,362.28,349.75,398.26,2000.0,372.42
2025-12-15,swsh12pt5gg-GG69,478100,Holofoil,190.9,170.0,210.5,671.52,214.95
2025-12-15,swsh35-25,223018,Normal,0.1,0.04,0.17,29.99,
2025-12-15,swsh35-25,223018,Reverse Holofoil,0.27,0.09,0.27,29.99,
2025-12-15,swsh35-74,223073,Holofoil,181.68,150.0,224.99,1500.0,224.69
2025-12-15,swsh45sv-SV107,232496,Holofoil,125.89,113.94,144.32,349.95,132.47
2025-12-15,swsh7-204,246693,Holofoil,31.85,30.0,34.75,150.0,36.24
2025-12-15,swsh7-205,246696,Holofoil,358.88,283.26,380.51,568.8,364.95
2025-12-15,swsh7-208,246755,Holofoil,28.76,23.55,30.0,48.95,32.48
2025-12-15,swsh7-209,246756,Holofoil,298.69,235.0,302.27,484.06,289.72
2025-12-15,swsh7-211,246702,Holofoil,47.68,38.12,52.45,75.0,54.23
2025-12-15,swsh7-212,246704,Holofoil,367.69,325.0,388.96,1000.0,397.91
2025-12-15,swsh7-215,246723,Holofoil,1924.42,1449.99,1979.98,3000.0,1979.95
2025-12-15,swsh7-218,246733,Holofoil,702.48,559.99,700.53,950.0,724.95
2025-12-15,swsh7-41,246753,Holofoil,5.5,3.5,5.78,29.99,5.5
2025-12-15,swsh7-65,246690,Holofoil,10.31,7.0,11.22,500.0,12.99
2025-12-15,swsh7-75,246701,Holofoil,14.31,10.0,14.1,70.0,18.93
2025-12-15,swsh7-8,246691,Holofoil,7.27,5.0,7.03,100.0,9.99
2025-12-15,swsh8-271,253266,Holofoil,699.78,649.99,749.99,1499.95,729.98
2025-12-15,swsh9-154,263873,Holofoil,246.68,220.0,298.42,1500.0,273.26
2025-12-16,base1-15,42355,Holofoil,125.69,70.0,99.99,999.98,
2025-12-16,base1-16,42356,Holofoil,36.93,16.78,32.12,9999.0,
2025-12-16,base1-2,42360,Holofoil,160.51,88.32,128.34,500.0,
2025-12-16,base1-4,42382,Holofoil,457.7,399.99,508.54,1000.0,
2025-12-16,base1-58,42402,Normal,4.66,0.5,2.0,9999.0,
2025-12-16,cel25c-4,250320,Holofoil,118.27,98.95,130.14,499.99,119.93
2025-12-16,gym2-2,83861,1st Edition Holofoil,926.01,972.31,1199.99,1675.0,
2025-12-16,gym2-2,83861,Unlimited Holofoil,473.25,398.9,499.99,629.48,490.3
2025-12-16,neo1-9,86903,1st Edition Holofoil,1799.99,1798.75,1850.0,2700.0,
2025-12-16,neo1-9,86903,Unlimited Holofoil,409.89,295.8,395.0,498.35,
2025-12-16,sl-151-bundle,502000,Normal,95.43,87.99,105.0,999.99,
2025-12-16,sl-151-etb,503313,Normal,365.51,360.0,469.99,1000.0,
2025-12-16,sl-151-upc,502005,Normal,583.37,582.01,707.5,40000.0,
2025-12-16,sl-ar-box,265519,Normal,401.06,375.0,455.0,899.99,
2025-12-16,sl-bs-box,256141,Normal,495.67,488.99,614.0,5000.0,
2025-12-16,sl-cel-upc,245140,Normal,827.47,820.0,929.5,154722.59,
2025-12-16,sl-champ-etb,218791,Normal,155.28,159.99,180.0,500.0,
2025-12-16,sl-cz-etb,453470,Normal,203.33,199.0,249.99,4999.99,
2025-12-16,sl-dr-box,624679,Normal,397.16,395.0,489.99,2185.0,
2025-12-16,sl-evs-box,242436,Normal,2250.67,2099.0,3380.0,12000.0,
2025-12-16,sl-evs-etb,243721,Normal,707.03,775.0,1000.0,2999.99,
2025-12-16,sl-fs-box,247654,Normal,848.72,845.0,1099.98,3000.0,
2025-12-16,sl-hf-etb,194729,Normal,377.16,380.01,499.99,9999.98,
2025-12-16,sl-jp-151,565243,Normal,185.34,173.91,200.0,325.0,
2025-12-16,sl-jp-terastal,603428,Normal,106.19,99.99,120.0,200.0,
2025-12-16,sl-jt-box,610931,Normal,231.4,249.99,277.99,551.0,
2025-12-16,sl-lo-box,277324,Normal,648.44,649.99,915.0,2500.0,
2025-12-16,sl-me1-box,644298,Normal,236.39,234.65,280.0,500.0,
2025-12-16,sl-obf-box,501257,Normal,294.68,274.0,330.0,1000.0,
2025-12-16,sl-pe-etb,593355,Normal,116.52,109.99,145.0,1115.0,
2025-12-16,sl-pe-spc,622770,Normal,242.25,237.5,300.0,933.0,
2025-12-16,sl-pf-etb,528040,Normal,249.73,258.0,289.99,775.0,
2025-12-16,sl-phf-box,654137,Normal,221.57,209.99,266.34,781.31,
2025-12-16,sl-shf-etb,228821,Normal,99.4,95.0,120.0,500.11,
2025-12-16,sl-ss-box,565606,Normal,240.68,230.99,300.0,4999.99,
2025-12-16,sl-st-box,283389,Normal,421.47,399.99,499.99,9999.99,
2025-12-16,sl-tf-box,536225,Normal,255.96,254.99,280.5,779.99,
2025-12-16,sv2-185,497557,Normal,0.38,0.25,0.44,4.99,
2025-12-16,sv2-185,497557,Reverse Holofoil,0.92,0.25,0.92,125.0,
2025-12-16,sv2-254,497669,Holofoil,14.11,12.0,15.99,100.0,16.28
2025-12-16,sv2-269,497689,Holofoil,48.39,45.0,55.9,259.99,
2025-12-16,sv3pt5-151,516566,Holofoil,8.15,5.5,8.62,508.46,8.15
2025-12-16,sv3pt5-199,517045,Holofoil,264.42,190.0,270.31,900.0,319.98
2025-12-16,sv3pt5-205,517051,Holofoil,15.15,12.5,18.0,88.88,
2025-12-16,sv3pt5-4,502555,Normal,0.16,0.01,0.18,20.0,0.11
2025-12-16,sv3pt5-4,502555,Reverse Holofoil,0.21,0.03,0.25,3.0,
2025-12-16,sv3pt5-6,502558,Holofoil,4.91,2.98,5.0,39.97,
2025-12-16,sv3pt5-7,502548,Normal,0.21,0.01,0.2,2.01,0.09
2025-12-16,sv3pt5-7,502548,Reverse Holofoil,0.2,0.01,0.25,50.0,0.1
2025-12-16,sv4pt5-234,535090,Holofoil,235.53,194.97,251.99,1000.0,247.84
2025-12-16,sv4pt5-54,534416,Holofoil,3.77,2.07,3.95,60.0,3.8
2025-12-16,sv8-57,590025,Holofoil,4.25,3.0,4.99,25.0,4.19
2025-12-16,sv8pt5-149,610504,Holofoil,192.02,178.0,195.5,999.0,
2025-12-16,sv8pt5-155,610510,Holofoil,201.84,198.0,214.27,999.0,
2025-12-16,sv8pt5-156,610511,Holofoil,322.64,290.0,350.0,999.0,335.61
2025-12-16,sv8pt5-161,610516,Holofoil,1029.87,894.99,1069.99,5000.0,
2025-12-16,sv8pt5-167,610522,Holofoil,110.99,98.0,115.99,999.0,
2025-12-16,sv8pt5-179,610534,Holofoil,38.92,36.0,43.47,999.0,
2025-12-16,sv8pt5-28,610383,Holofoil,1.02,0.6,1.25,999.0,
2025-12-16,sv8pt5-47,610402,Normal,0.05,0.01,0.1,999.0,0.03
2025-12-16,sv8pt5-47,610402,Reverse Holofoil,0.07,0.01,0.12,999.0,0.05
2025-12-16,sv8pt5-59,610414,Holofoil,0.21,0.01,0.26,999.0,0.08
2025-12-16,sv8pt5-59,610414,Reverse Holofoil,0.32,0.08,0.37,999.0,0.2
2025-12-16,sv8pt5-60,610415,Holofoil,3.49,3.08,4.85,9999.0,
2025-12-16,svp-085,518861,Normal,557.56,449.99,617.86,2500.0,
2025-12-16,swsh11-186,284137,Holofoil,581.22,500.0,607.42,1000.0,680.0
2025-12-16,swsh12-186,451834,Holofoil,362.28,300.57,397.88,2000.0,372.42
2025-12-16,swsh12pt5gg-GG69,478100,Holofoil,192.45,172.97,212.81,671.52,214.93
2025-12-16,swsh35-25,223018,Normal,0.1,0.04,0.17,1.49,
2025-12-16,swsh35-25,223018,Reverse Holofoil,0.27,0.09,0.27,2.0,
2025-12-16,swsh35-74,223073,Holofoil,181.3,150.0,214.2,1500.0,199.69
2025-12-16,swsh45sv-SV107,232496,Holofoil,124.11,113.94,145.0,349.95,132.47
2025-12-16,swsh7-204,246693,Holofoil,32.08,30.0,34.87,150.0,36.34
2025-12-16,swsh7-205,246696,Holofoil,358.88,270.0,376.73,568.7,363.99
2025-12-16,swsh7-208,246755,Holofoil,28.76,23.55,30.0,48.95,32.48
2025-12-16,swsh7-209,246756,Holofoil,296.72,235.0,302.27,480.93,288.99
2025-12-16,swsh7-211,246702,Holofoil,48.09,36.9,53.34,75.0,54.23
2025-12-16,swsh7-212,246704,Holofoil,367.69,325.0,379.5,1000.0,386.07
2025-12-16,swsh7-215,246723,Holofoil,1924.42,1449.99,1979.98,3000.0,1979.95
2025-12-16,swsh7-218,246733,Holofoil,702.48,550.0,700.0,950.0,724.95
2025-12-16,swsh7-41,246753,Holofoil,5.52,3.5,5.85,25.0,7.48
2025-12-16,swsh7-65,246690,Holofoil,10.26,7.0,11.21,500.0,12.68
2025-12-16,swsh7-75,246701,Holofoil,14.2,10.0,14.25,70.0,18.95
2025-12-16,swsh7-8,246691,Holofoil,7.52,5.0,7.18,100.0,9.98
2025-12-16,swsh8-271,253266,Holofoil,692.66,649.99,748.0,1499.95,729.98
2025-12-16,swsh9-154,263873,Holofoil,242.57,220.0,298.45,1500.0,273.26
2025-12-17,base1-15,42355,Holofoil,125.69,70.0,106.49,999.98,
2025-12-17,base1-16,42356,Holofoil,36.84,16.78,29.99,9999.0,
2025-12-17,base1-2,42360,Holofoil,160.51,88.32,127.27,500.0,
2025-12-17,base1-4,42382,Holofoil,457.7,399.68,508.54,1000.0,
2025-12-17,base1-58,42402,Normal,4.66,0.5,2.0,9999.0,
2025-12-17,cel25c-4,250320,Holofoil,116.24,99.95,130.14,499.99,119.93
2025-12-17,gym2-2,83861,1st Edition Holofoil,926.01,972.31,1109.99,1675.0,
2025-12-17,gym2-2,83861,Unlimited Holofoil,473.25,398.9,499.99,629.48,490.3
2025-12-17,neo1-9,86903,1st Edition Holofoil,1799.99,1798.75,1850.0,2700.0,
2025-12-17,neo1-9,86903,Unlimited Holofoil,409.89,348.64,399.0,498.35,
2025-12-17,sl-151-bundle,502000,Normal,94.67,92.0,105.0,999.99,
2025-12-17,sl-151-etb,503313,Normal,366.91,360.0,487.5,1000.0,
2025-12-17,sl-151-upc,502005,Normal,583.37,585.0,707.5,40000.0,
2025-12-17,sl-ar-box,265519,Normal,401.06,375.0,452.5,899.99,
2025-12-17,sl-bs-box,256141,Normal,496.55,489.99,649.97,5000.0,
2025-12-17,sl-cel-upc,245140,Normal,827.47,820.0,929.5,154722.59,
2025-12-17,sl-champ-etb,218791,Normal,155.96,159.99,180.0,500.0,
2025-12-17,sl-cz-etb,453470,Normal,204.93,199.0,249.99,4999.99,
2025-12-17,sl-dr-box,624679,Normal,397.54,398.0,485.5,2185.0,
2025-12-17,sl-evs-box,242436,Normal,2250.67,2099.0,3385.0,12000.0,
2025-12-17,sl-evs-etb,243721,Normal,707.03,775.0,1000.0,2999.99,
2025-12-17,sl-fs-box,247654,Normal,848.72,847.0,1099.49,3000.0,
2025-12-17,sl-hf-etb,194729,Normal,376.72,400.0,500.0,9999.98,
2025-12-17,sl-jp-151,565243,Normal,185.77,175.0,200.0,399.99,
2025-12-17,sl-jp-terastal,603428,Normal,105.3,99.99,120.0,200.0,
2025-12-17,sl-jt-box,610931,Normal,231.4,231.4,274.99,551.0,
2025-12-17,sl-lo-box,277324,Normal,651.24,649.99,940.0,2500.0,
2025-12-17,sl-me1-box,644298,Normal,233.99,227.6,264.99,500.0,
2025-12-17,sl-obf-box,501257,Normal,294.39,274.0,325.0,1000.0,
2025-12-17,sl-pe-etb,593355,Normal,116.13,108.99,144.0,1115.0,
2025-12-17,sl-pe-spc,622770,Normal,243.25,231.01,300.0,933.0,
2025-12-17,sl-pf-etb,528040,Normal,249.73,258.0,289.99,775.0,
2025-12-17,sl-phf-box,654137,Normal,211.69,206.45,259.72,781.31,
2025-12-17,sl-shf-etb,228821,Normal,99.64,95.0,120.0,500.11,
2025-12-17,sl-ss-box,565606,Normal,243.08,239.99,314.8,4999.99,
2025-12-17,sl-st-box,283389,Normal,422.23,399.99,499.99,9999.99,
2025-12-17,sl-tf-box,536225,Normal,255.45,254.99,280.0,779.99,
2025-12-17,sv2-185,497557,Normal,0.4,0.1,0.45,4.99,0.34
2025-12-17,sv2-185,497557,Reverse Holofoil,0.79,0.3,0.87,125.0,0.82
2025-12-17,sv2-254,497669,Holofoil,14.19,12.0,15.98,100.0,16.26
2025-12-17,sv2-269,497689,Holofoil,47.77,45.0,55.9,259.99,
2025-12-17,sv3pt5-151,516566,Holofoil,7.46,5.5,8.5,508.46,7.59
2025-12-17,sv3pt5-199,517045,Holofoil,262.6,190.0,298.51,900.0,243.7
2025-12-17,sv3pt5-205,517051,Holofoil,14.82,13.0,18.0,88.88,16.99
2025-12-17,sv3pt5-4,502555,Normal,0.09,0.01,0.16,20.0,0.11
2025-12-17,sv3pt5-4,502555,Reverse Holofoil,0.22,0.03,0.25,3.99,0.2
2025-12-17,sv3pt5-6,502558,Holofoil,4.35,2.98,5.0,39.97,4.74
2025-12-17,sv3pt5-7,502548,Normal,0.12,0.01,0.17,2.01,0.09
2025-12-17,sv3pt5-7,502548,Reverse Holofoil,0.22,0.01,0.25,50.0,0.19
2025-12-17,sv4pt5-234,535090,Holofoil,235.53,194.21,252.01,1000.0,245.0
2025-12-17,sv4pt5-54,534416,Holofoil,3.7,2.07,3.92,60.0,4.23
2025-12-17,sv8-57,590025,Holofoil,3.47,2.5,4.9,25.0,4.2
2025-12-17,sv8pt5-149,610504,Holofoil,192.02,178.0,195.5,999.0,
2025-12-17,sv8pt5-155,610510,Holofoil,201.8,195.01,215.09,999.0,
2025-12-17,sv8pt5-156,610511,Holofoil,322.64,290.0,341.28,999.0,335.6
2025-12-17,sv8pt5-161,610516,Holofoil,1029.87,866.0,1069.99,5000.0,
2025-12-17,sv8pt5-167,610522,Holofoil,110.57,104.49,115.49,999.0,112.99
2025-12-17,sv8pt5-179,610534,Holofoil,38.92,36.0,43.78,999.0,
2025-12-17,sv8pt5-28,610383,Holofoil,1.03,0.55,1.25,999.0,
2025-12-17,sv8pt5-47,610402,Normal,0.05,0.01,0.1,999.0,0.03
2025-12-17,sv8pt5-47,610402,Reverse Holofoil,0.07,0.01,0.12,999.0,0.05
2025-12-17,sv8pt5-59,610414,Holofoil,0.17,0.01,0.26,999.0,0.08
2025-12-17,sv8pt5-59,610414,Reverse Holofoil,0.33,0.08,0.36,999.0,0.2
2025-12-17,sv8pt5-60,610415,Holofoil,3.5,3.08,4.84,999.0,3.96
2025-12-17,svp-085,518861,Normal,557.56,449.99,627.0,2500.0,
2025-12-17,swsh11-186,284137,Holofoil,577.22,500.0,603.46,1000.0,680.0
2025-12-17,swsh12-186,451834,Holofoil,362.19,314.24,397.88,2000.0,387.94
2025-12-17,swsh12pt5gg-GG69,478100,Holofoil,192.45,163.6,211.16,671.52,214.93
2025-12-17,swsh35-25,223018,Normal,0.1,0.03,0.17,1.49,
2025-12-17,swsh35-25,223018,Reverse Holofoil,0.28,0.09,0.27,2.0,
2025-12-17,swsh35-74,223073,Holofoil,182.3,150.0,224.84,1500.0,224.69
2025-12-17,swsh45sv-SV107,232496,Holofoil,124.65,113.94,144.71,349.95,132.47
2025-12-17,swsh7-204,246693,Holofoil,32.08,30.0,34.75,150.0,36.34
2025-12-17,swsh7-205,246696,Holofoil,358.88,270.0,376.78,568.3,363.99
2025-12-17,swsh7-208,246755,Holofoil,28.78,23.55,29.99,48.95,33.57
2025-12-17,swsh7-209,246756,Holofoil,296.72,235.0,302.27,487.2,288.99
2025-12-17,swsh7-211,246702,Holofoil,48.09,36.9,52.9,75.0,54.23
2025-12-17,swsh7-212,246704,Holofoil,367.69,325.0,371.15,1000.0,386.07
2025-12-17,swsh7-215,246723,Holofoil,1924.42,1449.99,1979.98,3000.0,1979.95
2025-12-17,swsh7-218,246733,Holofoil,702.48,550.0,700.0,950.0,724.99
2025-12-17,swsh7-41,246753,Holofoil,5.49,3.5,5.81,25.0,7.49
2025-12-17,swsh7-65,246690,Holofoil,10.47,6.77,11.23,500.0,14.99
2025-12-17,swsh7-75,246701,Holofoil,14.54,9.38,14.23,70.0,19.69
2025-12-17,swsh7-8,246691,Holofoil,7.04,4.69,7.03,100.0,10.53
2025-12-17,swsh8-271,253266,Holofoil,689.86,649.99,729.99,1499.95,729.96
2025-12-17,swsh9-154,263873,Holofoil,241.75,220.0,299.99,1500.0,260.94
2025-12-18,base1-15,42355,Holofoil,125.69,70.0,106.49,999.98,
2025-12-18,base1-16,42356,Holofoil,36.84,16.78,32.12,9999.0,
2025-12-18,base1-2,42360,Holofoil,160.51,95.25,125.92,500.0,
2025-12-18,base1-4,42382,Holofoil,457.7,398.69,499.5,999.99,
2025-12-18,base1-58,42402,Normal,4.42,0.5,2.0,9999.0,
2025-12-18,cel25c-4,250320,Holofoil,112.58,99.95,133.9,499.99,124.23
2025-12-18,gym2-2,83861,1st Edition Holofoil,926.01,972.31,1019.99,1675.0,
2025-12-18,gym2-2,83861,Unlimited Holofoil,473.25,398.9,499.99,629.48,490.3
2025-12-18,neo1-9,86903,1st Edition Holofoil,1799.99,1798.75,1850.0,2700.0,
2025-12-18,neo1-9,86903,Unlimited Holofoil,409.89,348.64,399.0,498.35,
2025-12-18,sl-151-bundle,502000,Normal,94.56,92.0,104.99,999.99,
2025-12-18,sl-151-etb,503313,Normal,366.91,360.0,439.97,1000.0,
2025-12-18,sl-151-upc,502005,Normal,583.37,575.0,699.99,40000.0,
2025-12-18,sl-ar-box,265519,Normal,398.06,375.0,452.5,899.99,
2025-12-18,sl-bs-box,256141,Normal,496.91,489.99,638.98,5000.0,
2025-12-18,sl-cel-upc,245140,Normal,822.47,809.99,954.5,154722.59,
2025-12-18,sl-champ-etb,218791,Normal,157.03,159.99,180.0,500.0,
2025-12-18,sl-cz-etb,453470,Normal,205.58,199.0,249.49,4999.99,
2025-12-18,sl-dr-box,624679,Normal,393.19,396.78,465.5,2185.0,
2025-12-18,sl-evs-box,242436,Normal,2250.67,2099.0,3380.0,12000.0,
2025-12-18,sl-evs-etb,243721,Normal,707.03,774.99,999.99,2999.99,
2025-12-18,sl-fs-box,247654,Normal,848.72,847.0,1090.01,2900.0,
2025-12-18,sl-hf-etb,194729,Normal,376.72,400.0,499.99,9999.98,
2025-12-18,sl-jp-151,565243,Normal,186.34,175.0,200.0,399.99,
2025-12-18,sl-jp-terastal,603428,Normal,105.01,99.99,119.99,200.0,
2025-12-18,sl-jt-box,610931,Normal,231.89,231.4,272.5,551.0,
2025-12-18,sl-lo-box,277324,Normal,651.24,649.99,940.0,2500.0,
2025-12-18,sl-me1-box,644298,Normal,237.5,225.0,267.0,500.0,
2025-12-18,sl-obf-box,501257,Normal,293.95,285.0,330.0,1000.0,
2025-12-18,sl-pe-etb,593355,Normal,113.63,108.0,144.3,1115.0,
2025-12-18,sl-pe-spc,622770,Normal,241.29,237.5,300.0,933.0,
2025-12-18,sl-pf-etb,528040,Normal,250.85,258.0,285.0,775.0,
2025-12-18,sl-phf-box,654137,Normal,207.64,204.99,257.76,781.31,
2025-12-18,sl-shf-etb,228821,Normal,101.16,96.9,120.0,500.11,
2025-12-18,sl-ss-box,565606,Normal,244.49,239.99,314.8,4999.99,
2025-12-18,sl-st-box,283389,Normal,412.75,411.0,499.99,9999.99,
2025-12-18,sl-tf-box,536225,Normal,255.45,254.99,280.5,779.99,
2025-12-18,sv2-185,497557,Normal,0.41,0.1,0.45,4.99,0.34
2025-12-18,sv2-185,497557,Reverse Holofoil,0.84,0.3,0.85,125.0,0.98
2025-12-18,sv2-254,497669,Holofoil,14.05,12.0,15.83,100.0,16.16
2025-12-18,sv2-269,497689,Holofoil,47.47,42.99,55.72,259.99,
2025-12-18,sv3pt5-151,516566,Holofoil,7.8,6.0,8.49,508.46,7.59
2025-12-18,sv3pt5-199,517045,Holofoil,259.27,190.0,295.0,1000.0,233.98
2025-12-18,sv3pt5-205,517051,Holofoil,14.92,13.0,17.91,88.88,16.99
2025-12-18,sv3pt5-4,502555,Normal,0.09,0.01,0.15,20.0,0.08
2025-12-18,sv3pt5-4,502555,Reverse Holofoil,0.23,0.03,0.25,3.0,0.2
2025-12-18,sv3pt5-6,502558,Holofoil,4.21,2.98,4.99,300.0,4.99
2025-12-18,sv3pt5-7,502548,Normal,0.11,0.01,0.15,2.01,0.07
2025-12-18,sv3pt5-7,502548,Reverse Holofoil,0.22,0.01,0.25,50.0,0.21
2025-12-18,sv4pt5-234,535090,Holofoil,235.13,194.21,252.01,1000.0,240.0
2025-12-18,sv4pt5-54,534416,Holofoil,3.49,2.45,3.85,60.0,3.85
2025-12-18,sv8-57,590025,Holofoil,3.38,2.0,4.84,25.0,4.59
2025-12-18,sv8pt5-149,610504,Holofoil,191.54,175.99,194.97,999.0,
2025-12-18,sv8pt5-155,610510,Holofoil,201.8,194.02,215.09,999.0,
2025-12-18,sv8pt5-156,610511,Holofoil,322.64,290.0,341.45,999.0,335.6
2025-12-18,sv8pt5-161,610516,Holofoil,1029.87,866.0,1069.99,5000.0,
2025-12-18,sv8pt5-167,610522,Holofoil,110.31,95.99,115.0,999.0,112.99
2025-12-18,sv8pt5-179,610534,Holofoil,38.86,36.0,42.99,999.0,
2025-12-18,sv8pt5-28,610383,Holofoil,1.03,0.55,1.25,999.0,
2025-12-18,sv8pt5-47,610402,Normal,0.04,0.01,0.1,999.0,0.03
2025-12-18,sv8pt5-47,610402,Reverse Holofoil,0.07,0.01,0.12,999.0,0.05
2025-12-18,sv8pt5-59,610414,Holofoil,0.16,0.01,0.25,999.0,0.08
2025-12-18,sv8pt5-59,610414,Reverse Holofoil,0.32,0.08,0.36,4321.0,0.2
2025-12-18,sv8pt5-60,610415,Holofoil,3.55,2.14,4.87,999.0,4.99
2025-12-18,svp-085,518861,Normal,557.56,449.98,625.0,2500.0,
2025-12-18,swsh11-186,284137,Holofoil,577.22,494.9,607.57,899.0,624.69
2025-12-18,swsh12-186,451834,Holofoil,362.19,327.31,397.75,2000.0,387.94
2025-12-18,swsh12pt5gg-GG69,478100,Holofoil,191.95,163.6,209.95,671.52,214.93
2025-12-18,swsh35-25,223018,Normal,0.1,0.03,0.17,1.49,
2025-12-18,swsh35-25,223018,Reverse Holofoil,0.27,0.09,0.27,2.0,
2025-12-18,swsh35-74,223073,Holofoil,182.5,149.0,214.05,1500.0,224.69
2025-12-18,swsh45sv-SV107,232496,Holofoil,124.27,113.94,143.99,349.95,132.47
2025-12-18,swsh7-204,246693,Holofoil,32.08,30.0,34.75,150.0,36.34
2025-12-18,swsh7-205,246696,Holofoil,358.88,270.0,379.96,568.2,363.99
2025-12-18,swsh7-208,246755,Holofoil,28.78,23.55,29.99,48.95,33.57
2025-12-18,swsh7-209,246756,Holofoil,296.72,253.05,300.87,487.2,288.95
2025-12-18,swsh7-211,246702,Holofoil,48.09,36.9,51.4,75.0,56.49
2025-12-18,swsh7-212,246704,Holofoil,367.69,325.0,367.69,1000.0,326.68
2025-12-18,swsh7-215,246723,Holofoil,1924.42,1449.99,1987.49,3999.98,1979.95
2025-12-18,swsh7-218,246733,Holofoil,702.48,550.0,700.0,950.0,724.99
2025-12-18,swsh7-41,246753,Holofoil,5.41,3.5,5.76,25.0,8.1
2025-12-18,swsh7-65,246690,Holofoil,10.63,6.77,11.25,500.0,15.44
2025-12-18,swsh7-75,246701,Holofoil,13.77,9.38,14.05,70.0,15.0
2025-12-18,swsh7-8,246691,Holofoil,6.91,4.99,7.04,100.0,10.53
2025-12-18,swsh8-271,253266,Holofoil,689.86,649.99,729.97,1499.95,729.96
2025-12-18,swsh9-154,263873,Holofoil,239.29,225.0,299.99,1500.0,260.94
2025-12-19,base1-15,42355,Holofoil,125.69,72.26,103.24,999.98,
2025-12-19,base1-16,42356,Holofoil,36.72,19.98,32.72,9999.0,
2025-12-19,base1-2,42360,Holofoil,160.51,97.47,129.03,500.0,
2025-12-19,base1-4,42382,Holofoil,457.7,398.69,499.25,999.99,
2025-12-19,base1-58,42402,Normal,4.51,0.5,2.0,9999.0,
2025-12-19,cel25c-4,250320,Holofoil,111.23,99.95,133.98,499.99,122.47
2025-12-19,gym2-2,83861,1st Edition Holofoil,926.01,972.31,1019.99,1675.0,
2025-12-19,gym2-2,83861,Unlimited Holofoil,473.25,398.9,499.99,629.48,490.3
2025-12-19,neo1-9,86903,1st Edition Holofoil,1799.99,1798.75,1850.0,2700.0,
2025-12-19,neo1-9,86903,Unlimited Holofoil,409.89,348.5,395.0,498.35,
2025-12-19,sl-151-bundle,502000,Normal,95.17,85.0,105.0,999.99,
2025-12-19,sl-151-etb,503313,Normal,366.91,360.0,444.98,1000.0,
2025-12-19,sl-151-upc,502005,Normal,589.77,575.01,700.0,40000.0,
2025-12-19,sl-ar-box,265519,Normal,398.06,375.0,452.5,899.99,
2025-12-19,sl-bs-box,256141,Normal,497.26,489.99,638.98,5000.0,
2025-12-19,sl-cel-upc,245140,Normal,819.31,809.99,954.5,154722.59,
2025-12-19,sl-champ-etb,218791,Normal,157.5,159.99,180.0,500.0,
2025-12-19,sl-cz-etb,453470,Normal,207.05,195.0,249.99,4999.99,
2025-12-19,sl-dr-box,624679,Normal,402.15,396.78,471.0,2185.0,
2025-12-19,sl-evs-box,242436,Normal,2250.67,2099.0,2999.0,12000.0,
2025-12-19,sl-evs-etb,243721,Normal,707.03,774.99,999.99,2999.99,
2025-12-19,sl-fs-box,247654,Normal,848.72,847.0,1049.99,2900.0,
2025-12-19,sl-hf-etb,194729,Normal,376.72,395.0,499.99,9999.98,
2025-12-19,sl-jp-151,565243,Normal,186.34,175.0,200.0,399.99,
2025-12-19,sl-jp-terastal,603428,Normal,103.82,99.99,119.99,200.0,
2025-12-19,sl-jt-box,610931,Normal,231.94,230.0,270.0,551.0,
2025-12-19,sl-lo-box,277324,Normal,653.44,649.99,930.0,2500.0,
2025-12-19,sl-me1-box,644298,Normal,235.7,234.65,264.99,500.0,
2025-12-19,sl-obf-box,501257,Normal,293.35,285.0,337.5,1000.0,
2025-12-19,sl-pe-etb,593355,Normal,112.83,109.99,144.0,1115.0,
2025-12-19,sl-pe-spc,622770,Normal,244.43,234.49,300.0,933.0,
2025-12-19,sl-pf-etb,528040,Normal,252.29,258.0,289.99,775.0,
2025-12-19,sl-phf-box,654137,Normal,216.48,209.0,256.49,781.31,
2025-12-19,sl-shf-etb,228821,Normal,101.36,99.4,120.0,500.11,
2025-12-19,sl-ss-box,565606,Normal,243.41,239.99,300.0,4999.99,
2025-12-19,sl-st-box,283389,Normal,419.95,411.0,499.99,9999.99,
2025-12-19,sl-tf-box,536225,Normal,254.83,254.99,279.99,779.99,
2025-12-19,sv2-185,497557,Normal,0.39,0.27,0.45,4.99,
2025-12-19,sv2-185,497557,Reverse Holofoil,0.85,0.3,0.85,125.0,0.93
2025-12-19,sv2-254,497669,Holofoil,13.95,10.0,15.51,100.0,11.84
2025-12-19,sv2-269,497689,Holofoil,47.37,42.99,54.99,259.99,
2025-12-19,sv3pt5-151,516566,Holofoil,7.39,6.0,8.36,100.0,7.59
2025-12-19,sv3pt5-199,517045,Holofoil,251.55,190.0,273.74,1000.0,227.99
2025-12-19,sv3pt5-205,517051,Holofoil,14.57,13.0,17.82,88.88,14.85
2025-12-19,sv3pt5-4,502555,Normal,0.07,0.01,0.15,20.0,0.08
2025-12-19,sv3pt5-4,502555,Reverse Holofoil,0.22,0.03,0.25,3.0,0.21
2025-12-19,sv3pt5-6,502558,Holofoil,4.09,2.98,4.99,300.0,4.06
2025-12-19,sv3pt5-7,502548,Normal,0.09,0.01,0.15,2.01,0.09
2025-12-19,sv3pt5-7,502548,Reverse Holofoil,0.2,0.01,0.25,50.0,0.2
2025-12-19,sv4pt5-234,535090,Holofoil,235.13,193.99,249.99,1000.0,235.12
2025-12-19,sv4pt5-54,534416,Holofoil,3.15,2.5,3.79,60.0,3.24
2025-12-19,sv8-57,590025,Holofoil,3.14,2.0,4.75,25.0,2.0
2025-12-19,sv8pt5-149,610504,Holofoil,190.92,172.0,193.17,999.0,
2025-12-19,sv8pt5-155,610510,Holofoil,199.64,199.0,219.99,999.0,
2025-12-19,sv8pt5-156,610511,Holofoil,322.64,274.98,338.6,999.0,322.64
2025-12-19,sv8pt5-161,610516,Holofoil,1029.87,804.98,1069.99,5000.0,
2025-12-19,sv8pt5-167,610522,Holofoil,109.98,95.99,115.0,999.0,112.98
2025-12-19,sv8pt5-179,610534,Holofoil,38.9,36.0,42.71,999.0,
2025-12-19,sv8pt5-28,610383,Holofoil,1.06,0.55,1.26,999.0,
2025-12-19,sv8pt5-47,610402,Normal,0.04,0.01,0.1,999.0,0.03
2025-12-19,sv8pt5-47,610402,Reverse Holofoil,0.07,0.01,0.12,999.0,0.06
2025-12-19,sv8pt5-59,610414,Holofoil,0.24,0.01,0.25,999.0,0.08
2025-12-19,sv8pt5-59,610414,Reverse Holofoil,0.32,0.08,0.36,4321.0,0.2
2025-12-19,sv8pt5-60,610415,Holofoil,3.44,3.2,4.82,999.0,3.57
2025-12-19,svp-085,518861,Normal,508.95,455.0,660.0,2500.0,634.99
2025-12-19,swsh11-186,284137,Holofoil,580.62,480.0,610.43,899.0,624.69
2025-12-19,swsh12-186,451834,Holofoil,362.19,300.0,394.5,2000.0,387.94
2025-12-19,swsh12pt5gg-GG69,478100,Holofoil,191.95,163.2,206.99,671.52,199.99
2025-12-19,swsh35-25,223018,Normal,0.1,0.03,0.17,1.49,
2025-12-19,swsh35-25,223018,Reverse Holofoil,0.27,0.09,0.27,2.0,
2025-12-19,swsh35-74,223073,Holofoil,182.31,149.0,214.05,1500.0,224.69
2025-12-19,swsh45sv-SV107,232496,Holofoil,124.11,113.94,147.91,349.95,132.47
2025-12-19,swsh7-204,246693,Holofoil,32.08,30.0,34.35,150.0,36.34
2025-12-19,swsh7-205,246696,Holofoil,358.88,270.0,375.69,568.9,358.88
2025-12-19,swsh7-208,246755,Holofoil,28.78,23.55,29.73,48.95,33.57
2025-12-19,swsh7-209,246756,Holofoil,296.72,251.41,299.99,486.3,288.94
2025-12-19,swsh7-211,246702,Holofoil,48.93,36.9,52.71,75.0,56.49
2025-12-19,swsh7-212,246704,Holofoil,366.76,325.0,367.69,1000.0,367.69
2025-12-19,swsh7-215,246723,Holofoil,1924.42,1449.99,1994.99,3999.98,1979.95
2025-12-19,swsh7-218,246733,Holofoil,702.48,530.0,699.99,950.0,724.99
2025-12-19,swsh7-41,246753,Holofoil,5.41,3.5,5.8,25.0,8.18
2025-12-19,swsh7-65,246690,Holofoil,10.48,7.99,11.0,500.0,10.63
2025-12-19,swsh7-75,246701,Holofoil,13.11,10.44,13.99,70.0,15.0
2025-12-19,swsh7-8,246691,Holofoil,6.37,5.0,7.0,100.0,6.71
2025-12-19,swsh8-271,253266,Holofoil,680.76,649.99,729.98,1499.95,689.86
2025-12-19,swsh9-154,263873,Holofoil,237.78,215.0,300.0,1500.0,239.29
2025-12-20,base1-15,42355,Holofoil,125.73,72.25,99.47,999.98,
2025-12-20,base1-16,42356,Holofoil,36.68,19.98,32.31,9999.0,
2025-12-20,base1-2,42360,Holofoil,160.51,97.47,129.26,500.0,
2025-12-20,base1-4,42382,Holofoil,457.7,395.99,477.4,999.99,
2025-12-20,base1-58,42402,Normal,4.41,0.5,2.01,9999.0,
2025-12-20,cel25c-4,250320,Holofoil,111.23,99.0,129.99,499.99,102.45
2025-12-20,gym2-2,83861,1st Edition Holofoil,926.01,972.31,1019.99,1675.0,
2025-12-20,gym2-2,83861,Unlimited Holofoil,473.25,399.0,505.55,629.48,490.3
2025-12-20,neo1-9,86903,1st Edition Holofoil,1799.99,1798.75,1850.0,2700.0,
2025-12-20,neo1-9,86903,Unlimited Holofoil,410.0,348.5,395.0,498.35,
2025-12-20,sl-151-bundle,502000,Normal,95.55,92.0,105.5,999.99,
2025-12-20,sl-151-etb,503313,Normal,366.83,360.0,460.0,1000.0,
2025-12-20,sl-151-upc,502005,Normal,590.92,585.0,715.0,40000.0,
2025-12-20,sl-ar-box,265519,Normal,398.06,375.0,452.5,899.99,
2025-12-20,sl-bs-box,256141,Normal,497.34,489.99,649.97,5000.0,
2025-12-20,sl-cel-upc,245140,Normal,819.31,809.99,929.5,154722.59,
2025-12-20,sl-champ-etb,218791,Normal,156.78,158.98,180.0,500.0,
2025-12-20,sl-cz-etb,453470,Normal,206.48,195.0,249.99,4999.99,
2025-12-20,sl-dr-box,624679,Normal,400.65,389.97,476.0,2185.0,
2025-12-20,sl-evs-box,242436,Normal,2250.67,2050.0,2899.5,12000.0,
2025-12-20,sl-evs-etb,243721,Normal,707.03,775.0,1000.0,2999.99,
2025-12-20,sl-fs-box,247654,Normal,848.72,847.0,1049.99,2900.0,
2025-12-20,sl-hf-etb,194729,Normal,376.72,382.0,499.99,9999.98,
2025-12-20,sl-jp-151,565243,Normal,186.49,175.0,200.0,325.0,
2025-12-20,sl-jp-terastal,603428,Normal,103.82,99.99,119.99,200.0,
2025-12-20,sl-jt-box,610931,Normal,233.29,230.0,270.0,551.0,
2025-12-20,sl-lo-box,277324,Normal,653.44,649.99,930.0,2500.0,
2025-12-20,sl-me1-box,644298,Normal,239.95,235.0,266.93,500.0,
2025-12-20,sl-obf-box,501257,Normal,291.71,285.0,342.5,1000.0,
2025-12-20,sl-pe-etb,593355,Normal,111.64,109.99,144.0,1115.0,
2025-12-20,sl-pe-spc,622770,Normal,246.97,234.49,300.0,999.0,
2025-12-20,sl-pf-etb,528040,Normal,252.77,249.99,287.5,775.0,
2025-12-20,sl-phf-box,654137,Normal,217.49,214.04,264.9,781.31,
2025-12-20,sl-shf-etb,228821,Normal,101.36,99.4,120.0,500.11,
2025-12-20,sl-ss-box,565606,Normal,243.77,239.0,300.0,4999.99,
2025-12-20,sl-st-box,283389,Normal,419.95,424.99,500.0,9999.99,
2025-12-20,sl-tf-box,536225,Normal,254.83,254.99,279.99,779.99,
2025-12-20,sv2-185,497557,Normal,0.38,0.27,0.44,4.99,0.31
2025-12-20,sv2-185,497557,Reverse Holofoil,0.77,0.3,0.83,125.0,0.43
2025-12-20,sv2-254,497669,Holofoil,13.57,12.0,15.48,100.0,15.49
2025-12-20,sv2-269,497689,Holofoil,47.33,42.99,54.94,259.99,
2025-12-20,sv3pt5-151,516566,Holofoil,7.4,6.0,8.24,100.0,7.59
2025-12-20,sv3pt5-199,517045,Holofoil,251.97,197.03,298.45,1000.0,216.99
2025-12-20,sv3pt5-205,517051,Holofoil,15.17,13.0,18.09,88.88,13.98
2025-12-20,sv3pt5-4,502555,Normal,0.12,0.01,0.15,20.0,0.08
2025-12-20,sv3pt5-4,502555,Reverse Holofoil,0.27,0.03,0.26,3.0,0.19
2025-12-20,sv3pt5-6,502558,Holofoil,4.23,2.98,5.0,300.0,
2025-12-20,sv3pt5-7,502548,Normal,0.08,0.01,0.15,2.01,0.07
2025-12-20,sv3pt5-7,502548,Reverse Holofoil,0.21,0.01,0.25,50.0,0.2
2025-12-20,sv4pt5-234,535090,Holofoil,229.43,193.99,249.97,1000.0,235.12
2025-12-20,sv4pt5-54,534416,Holofoil,3.69,2.5,3.79,60.0,3.24
2025-12-20,sv8-57,590025,Holofoil,3.34,2.0,4.68,25.0,2.94
2025-12-20,sv8pt5-149,610504,Holofoil,190.52,172.0,193.2,999.0,
2025-12-20,sv8pt5-155,610510,Holofoil,199.66,199.0,217.28,999.0,
2025-12-20,sv8pt5-156,610511,Holofoil,322.64,260.04,339.14,999.0,335.6
2025-12-20,sv8pt5-161,610516,Holofoil,1069.35,825.11,1069.99,5000.0,
2025-12-20,sv8pt5-167,610522,Holofoil,109.54,100.99,115.91,999.0,112.49
2025-12-20,sv8pt5-179,610534,Holofoil,38.81,35.75,42.69,999.0,38.81
2025-12-20,sv8pt5-28,610383,Holofoil,1.09,0.55,1.25,999.0,
2025-12-20,sv8pt5-47,610402,Normal,0.04,0.01,0.1,999.0,0.03
2025-12-20,sv8pt5-47,610402,Reverse Holofoil,0.07,0.01,0.12,999.0,0.06
2025-12-20,sv8pt5-59,610414,Holofoil,0.22,0.01,0.25,999.0,0.08
2025-12-20,sv8pt5-59,610414,Reverse Holofoil,0.32,0.08,0.36,4321.0,0.2
2025-12-20,sv8pt5-60,610415,Holofoil,3.51,3.0,4.75,999.0,4.09
2025-12-20,svp-085,518861,Normal,505.19,455.0,655.5,2500.0,699.0
2025-12-20,swsh11-186,284137,Holofoil,576.86,480.0,605.24,899.0,624.69
2025-12-20,swsh12-186,451834,Holofoil,363.9,300.0,387.99,2000.0,387.94
2025-12-20,swsh12pt5gg-GG69,478100,Holofoil,189.28,160.9,204.69,671.52,199.97
2025-12-20,swsh35-25,223018,Normal,0.1,0.04,0.17,1.49,
2025-12-20,swsh35-25,223018,Reverse Holofoil,0.27,0.09,0.27,2.0,
2025-12-20,swsh35-74,223073,Holofoil,182.31,149.0,201.7,1500.0,190.0
2025-12-20,swsh45sv-SV107,232496,Holofoil,124.11,113.94,148.0,349.95,134.99
2025-12-20,swsh7-204,246693,Holofoil,32.08,30.0,33.75,150.0,36.34
2025-12-20,swsh7-205,246696,Holofoil,355.43,270.0,379.91,563.5,358.88
2025-12-20,swsh7-208,246755,Holofoil,28.92,23.55,30.0,48.95,32.49
2025-12-20,swsh7-209,246756,Holofoil,296.72,251.41,299.42,485.41,288.93
2025-12-20,swsh7-211,246702,Holofoil,49.68,36.9,50.25,75.0,54.24
2025-12-20,swsh7-212,246704,Holofoil,358.74,325.0,367.69,1000.0,367.69
2025-12-20,swsh7-215,246723,Holofoil,1924.42,1449.99,1987.49,3999.98,1979.95
2025-12-20,swsh7-218,246733,Holofoil,695.68,530.0,699.99,950.0,724.95
2025-12-20,swsh7-41,246753,Holofoil,5.37,3.5,5.81,25.0,5.04
2025-12-20,swsh7-65,246690,Holofoil,10.28,7.99,11.0,500.0,10.49
2025-12-20,swsh7-75,246701,Holofoil,13.07,10.21,13.96,70.0,13.36
2025-12-20,swsh7-8,246691,Holofoil,6.16,5.0,7.0,100.0,7.08
2025-12-20,swsh8-271,253266,Holofoil,680.76,599.95,729.98,1499.95,729.95
2025-12-20,swsh9-154,263873,Holofoil,235.22,215.0,298.45,1500.0,260.94
2025-12-21,base1-15,42355,Holofoil,125.73,72.25,99.99,999.98,
2025-12-21,base1-16,42356,Holofoil,36.61,18.99,31.06,9999.0,
2025-12-21,base1-2,42360,Holofoil,160.51,96.0,128.61,500.0,
2025-12-21,base1-4,42382,Holofoil,457.7,354.91,455.22,999.99,
2025-12-21,base1-58,42402,Normal,4.41,0.5,2.01,9999.0,
2025-12-21,cel25c-4,250320,Holofoil,110.42,99.0,129.99,499.99,110.5
2025-12-21,gym2-2,83861,1st Edition Holofoil,926.01,972.31,1019.99,1675.0,
2025-12-21,gym2-2,83861,Unlimited Holofoil,473.25,399.0,505.55,629.48,490.3
2025-12-21,neo1-9,86903,1st Edition Holofoil,1799.99,1798.75,1850.0,2700.0,
2025-12-21,neo1-9,86903,Unlimited Holofoil,410.0,348.5,394.99,498.35,
2025-12-21,sl-151-bundle,502000,Normal,95.27,89.99,105.0,999.99,
2025-12-21,sl-151-etb,503313,Normal,368.58,360.0,460.0,1000.0,
2025-12-21,sl-151-upc,502005,Normal,592.75,584.98,719.92,40000.0,
2025-12-21,sl-ar-box,265519,Normal,400.07,375.0,455.0,899.99,
2025-12-21,sl-bs-box,256141,Normal,498.94,489.99,650.0,5000.0,
2025-12-21,sl-cel-upc,245140,Normal,816.39,809.99,954.5,154722.59,
2025-12-21,sl-champ-etb,218791,Normal,156.78,159.99,180.0,500.0,
2025-12-21,sl-cz-etb,453470,Normal,207.16,195.0,249.99,4999.99,
2025-12-21,sl-dr-box,624679,Normal,396.8,396.78,489.99,2185.0,
2025-12-21,sl-evs-box,242436,Normal,2250.67,2050.0,2899.5,12000.0,
2025-12-21,sl-evs-etb,243721,Normal,707.03,775.0,1000.0,2999.99,
2025-12-21,sl-fs-box,247654,Normal,848.72,830.0,1049.99,2900.0,
2025-12-21,sl-hf-etb,194729,Normal,378.68,385.0,500.0,9999.98,
2025-12-21,sl-jp-151,565243,Normal,187.77,186.0,204.44,399.99,
2025-12-21,sl-jp-terastal,603428,Normal,104.24,99.99,120.0,200.0,
2025-12-21,sl-jt-box,610931,Normal,232.9,230.0,270.0,551.0,
2025-12-21,sl-lo-box,277324,Normal,652.84,649.99,915.0,2500.0,
2025-12-21,sl-me1-box,644298,Normal,241.33,235.0,266.86,500.0,
2025-12-21,sl-obf-box,501257,Normal,291.11,285.0,335.0,1000.0,
2025-12-21,sl-pe-etb,593355,Normal,111.96,110.74,144.9,1115.0,
2025-12-21,sl-pe-spc,622770,Normal,243.23,234.49,300.0,999.0,
2025-12-21,sl-pf-etb,528040,Normal,253.25,249.99,285.0,775.0,
2025-12-21,sl-phf-box,654137,Normal,221.57,219.99,269.94,781.31,
2025-12-21,sl-shf-etb,228821,Normal,101.36,91.58,120.0,500.11,
2025-12-21,sl-ss-box,565606,Normal,243.37,239.99,300.0,4999.99,
2025-12-21,sl-st-box,283389,Normal,419.95,424.99,500.0,9999.99,
2025-12-21,sl-tf-box,536225,Normal,253.77,254.99,280.0,779.99,
2025-12-21,sv2-185,497557,Normal,0.39,0.2,0.45,4.99,0.39
2025-12-21,sv2-185,497557,Reverse Holofoil,0.76,0.3,0.82,125.0,0.43
2025-12-21,sv2-254,497669,Holofoil,13.6,12.0,15.49,100.0,15.49
2025-12-21,sv2-269,497689,Holofoil,47.22,42.61,54.96,259.99,
2025-12-21,sv3pt5-151,516566,Holofoil,7.94,6.0,8.22,100.0,12.99
2025-12-21,sv3pt5-199,517045,Holofoil,251.97,197.03,290.0,1000.0,200.0
2025-12-21,sv3pt5-205,517051,Holofoil,15.7,13.0,18.0,88.88,15.85
2025-12-21,sv3pt5-4,502555,Normal,0.12,0.01,0.15,20.0,0.11
2025-12-21,sv3pt5-4,502555,Reverse Holofoil,0.26,0.03,0.26,3.0,0.19
2025-12-21,sv3pt5-6,502558,Holofoil,4.47,2.98,5.0,300.0,
2025-12-21,sv3pt5-7,502548,Normal,0.09,0.01,0.15,2.01,0.07
2025-12-21,sv3pt5-7,502548,Reverse Holofoil,0.2,0.01,0.25,50.0,0.2
2025-12-21,sv4pt5-234,535090,Holofoil,224.56,193.99,249.25,1000.0,235.12
2025-12-21,sv4pt5-54,534416,Holofoil,3.66,2.5,3.83,60.0,3.24
2025-12-21,sv8-57,590025,Holofoil,4.37,1.0,4.89,29.99,
2025-12-21,sv8pt5-149,610504,Holofoil,190.52,172.0,192.29,800.0,
2025-12-21,sv8pt5-155,610510,Holofoil,199.66,199.0,212.22,899.0,
2025-12-21,sv8pt5-156,610511,Holofoil,314.13,260.04,341.45,800.0,326.77
2025-12-21,sv8pt5-161,610516,Holofoil,1069.35,825.11,1069.99,5000.0,
2025-12-21,sv8pt5-167,610522,Holofoil,109.18,100.99,115.82,300.0,112.49
2025-12-21,sv8pt5-179,610534,Holofoil,39.04,35.75,42.0,270.0,
2025-12-21,sv8pt5-28,610383,Holofoil,1.18,0.3,1.25,7.99,
2025-12-21,sv8pt5-47,610402,Normal,0.04,0.01,0.1,2.0,0.03
2025-12-21,sv8pt5-47,610402,Reverse Holofoil,0.07,0.01,0.12,20.0,0.06
2025-12-21,sv8pt5-59,610414,Holofoil,0.29,0.01,0.27,100.0,0.08
2025-12-21,sv8pt5-59,610414,Reverse Holofoil,0.3,0.08,0.36,4321.0,0.2
2025-12-21,sv8pt5-60,610415,Holofoil,4.76,3.0,4.86,500.0,
2025-12-21,svp-085,518861,Normal,505.19,465.0,669.0,2500.0,699.0
2025-12-21,swsh11-186,284137,Holofoil,576.86,480.0,605.24,899.0,624.69
2025-12-21,swsh12-186,451834,Holofoil,361.97,302.0,394.5,2000.0,387.94
2025-12-21,swsh12pt5gg-GG69,478100,Holofoil,189.28,160.9,200.89,671.52,199.94
2025-12-21,swsh35-25,223018,Normal,0.11,0.04,0.17,1.49,
2025-12-21,swsh35-25,223018,Reverse Holofoil,0.27,0.09,0.27,2.0,
2025-12-21,swsh35-74,223073,Holofoil,182.31,149.0,200.0,1500.0,190.0
2025-12-21,swsh45sv-SV107,232496,Holofoil,123.85,113.94,148.0,349.95,134.97
2025-12-21,swsh7-204,246693,Holofoil,32.08,30.0,33.85,150.0,35.25
2025-12-21,swsh7-205,246696,Holofoil,355.43,270.0,376.73,563.6,358.88
2025-12-21,swsh7-208,246755,Holofoil,28.92,23.55,30.0,48.95,32.49
2025-12-21,swsh7-209,246756,Holofoil,296.72,252.4,299.42,485.52,288.93
2025-12-21,swsh7-211,246702,Holofoil,49.68,36.9,50.25,75.0,54.24
2025-12-21,swsh7-212,246704,Holofoil,357.45,325.0,367.69,1000.0,367.69
2025-12-21,swsh7-215,246723,Holofoil,1924.42,1449.99,1979.98,3999.98,1979.95
2025-12-21,swsh7-218,246733,Holofoil,695.68,530.0,699.99,950.0,724.95
2025-12-21,swsh7-41,246753,Holofoil,5.28,3.5,5.75,25.0,5.07
2025-12-21,swsh7-65,246690,Holofoil,10.22,7.99,11.0,500.0,10.45
2025-12-21,swsh7-75,246701,Holofoil,12.73,10.21,13.92,70.0,13.04
2025-12-21,swsh7-8,246691,Holofoil,6.06,5.0,6.99,100.0,6.95
2025-12-21,swsh8-271,253266,Holofoil,680.76,599.95,729.95,1499.95,729.93
2025-12-21,swsh9-154,263873,Holofoil,235.22,214.0,298.44,1500.0,260.94
2025-12-22,base1-15,42355,Holofoil,125.73,72.25,106.96,999.98,
2025-12-22,base1-16,42356,Holofoil,36.61,19.98,31.06,9999.0,
2025-12-22,base1-2,42360,Holofoil,160.51,92.0,129.17,500.0,
2025-12-22,base1-4,42382,Holofoil,457.7,354.91,457.26,999.99,
2025-12-22,base1-58,42402,Normal,4.55,0.5,1.99,9999.0,
2025-12-22,cel25c-4,250320,Holofoil,110.16,99.0,129.99,499.99,113.62
2025-12-22,gym2-2,83861,1st Edition Holofoil,926.01,972.31,1087.99,1675.0,
2025-12-22,gym2-2,83861,Unlimited Holofoil,473.25,399.0,505.55,629.48,490.3
2025-12-22,neo1-9,86903,1st Edition Holofoil,1799.99,1798.75,1850.0,2700.0,
2025-12-22,neo1-9,86903,Unlimited Holofoil,410.0,348.5,394.99,498.35,
2025-12-22,sl-151-bundle,502000,Normal,94.27,89.99,105.0,999.99,
2025-12-22,sl-151-etb,503313,Normal,368.78,369.99,475.0,1000.0,
2025-12-22,sl-151-upc,502005,Normal,590.75,580.0,724.84,40000.0,
2025-12-22,sl-ar-box,265519,Normal,394.51,375.0,452.5,899.99,
2025-12-22,sl-bs-box,256141,Normal,502.94,489.99,649.97,5000.0,
2025-12-22,sl-cel-upc,245140,Normal,816.39,805.0,934.0,154722.59,
2025-12-22,sl-champ-etb,218791,Normal,156.78,159.99,180.0,500.0,
2025-12-22,sl-cz-etb,453470,Normal,206.56,195.0,249.99,4999.99,
2025-12-22,sl-dr-box,624679,Normal,396.57,396.78,485.5,2185.0,
2025-12-22,sl-evs-box,242436,Normal,2221.67,2025.0,2999.0,12000.0,
2025-12-22,sl-evs-etb,243721,Normal,707.03,775.0,999.99,2999.99,
2025-12-22,sl-fs-box,247654,Normal,848.72,847.0,1090.01,2900.0,
2025-12-22,sl-hf-etb,194729,Normal,379.2,400.0,500.0,9999.98,
2025-12-22,sl-jp-151,565243,Normal,188.39,186.0,200.0,399.99,
2025-12-22,sl-jp-terastal,603428,Normal,104.31,99.99,120.0,200.0,
2025-12-22,sl-jt-box,610931,Normal,236.16,231.4,270.0,551.0,
2025-12-22,sl-lo-box,277324,Normal,655.92,649.99,900.0,2500.0,
2025-12-22,sl-me1-box,644298,Normal,238.22,230.0,260.0,500.0,
2025-12-22,sl-obf-box,501257,Normal,290.23,288.86,330.0,1000.0,
2025-12-22,sl-pe-etb,593355,Normal,114.16,112.23,144.45,1115.0,
2025-12-22,sl-pe-spc,622770,Normal,244.59,234.49,300.0,999.0,
2025-12-22,sl-pf-etb,528040,Normal,255.55,249.99,289.99,775.0,
2025-12-22,sl-phf-box,654137,Normal,227.13,218.48,265.34,781.31,
2025-12-22,sl-shf-etb,228821,Normal,101.98,91.58,120.0,500.11,
2025-12-22,sl-ss-box,565606,Normal,240.48,220.0,300.0,4999.99,
2025-12-22,sl-st-box,283389,Normal,419.95,424.99,499.99,9999.99,
2025-12-22,sl-tf-box,536225,Normal,253.51,254.99,279.99,779.99,
2025-12-22,sv2-185,497557,Normal,0.36,0.2,0.44,4.99,
2025-12-22,sv2-185,497557,Reverse Holofoil,0.72,0.3,0.81,125.0,0.43
2025-12-22,sv2-254,497669,Holofoil,13.41,12.0,15.5,100.0,15.41
2025-12-22,sv2-269,497689,Holofoil,47.17,42.98,54.66,259.99,
2025-12-22,sv3pt5-151,516566,Holofoil,8.55,6.0,8.37,100.0,
2025-12-22,sv3pt5-199,517045,Holofoil,252.95,196.03,295.0,1000.0,216.99
2025-12-22,sv3pt5-205,517051,Holofoil,15.84,13.0,18.18,88.88,15.89
2025-12-22,sv3pt5-4,502555,Normal,0.16,0.01,0.15,20.0,
2025-12-22,sv3pt5-4,502555,Reverse Holofoil,0.25,0.03,0.26,3.0,0.22
2025-12-22,sv3pt5-6,502558,Holofoil,4.39,2.98,4.99,300.0,
2025-12-22,sv3pt5-7,502548,Normal,0.08,0.01,0.15,1.5,0.07
2025-12-22,sv3pt5-7,502548,Reverse Holofoil,0.17,0.01,0.24,50.0,0.1
2025-12-22,sv4pt5-234,535090,Holofoil,224.56,192.0,248.08,799.97,235.12
2025-12-22,sv4pt5-54,534416,Holofoil,3.31,2.5,3.82,60.0,3.24
2025-12-22,sv8-57,590025,Holofoil,3.33,2.0,5.0,29.99,
2025-12-22,sv8pt5-149,610504,Holofoil,189.07,174.0,194.99,800.0,
2025-12-22,sv8pt5-155,610510,Holofoil,199.24,199.0,209.99,899.0,
2025-12-22,sv8pt5-156,610511,Holofoil,311.51,260.04,344.14,800.0,324.06
2025-12-22,sv8pt5-161,610516,Holofoil,1070.55,825.11,1069.99,5000.0,
2025-12-22,sv8pt5-167,610522,Holofoil,108.69,100.99,115.0,300.0,
2025-12-22,sv8pt5-179,610534,Holofoil,38.89,35.75,42.0,270.0,
2025-12-22,sv8pt5-28,610383,Holofoil,1.09,0.3,1.25,7.99,
2025-12-22,sv8pt5-47,610402,Normal,0.04,0.01,0.1,2.0,0.03
2025-12-22,sv8pt5-47,610402,Reverse Holofoil,0.07,0.01,0.12,20.0,0.06
2025-12-22,sv8pt5-59,610414,Holofoil,0.27,0.01,0.27,100.0,0.08
2025-12-22,sv8pt5-59,610414,Reverse Holofoil,0.3,0.08,0.36,4321.0,0.2
2025-12-22,sv8pt5-60,610415,Holofoil,4.81,3.0,4.88,500.0,
2025-12-22,svp-085,518861,Normal,505.19,465.0,669.0,2500.0,699.0
2025-12-22,swsh11-186,284137,Holofoil,576.62,495.0,610.24,899.0,624.69
2025-12-22,swsh12-186,451834,Holofoil,359.98,302.0,396.0,2000.0,387.94
2025-12-22,swsh12pt5gg-GG69,478100,Holofoil,185.95,160.0,200.09,671.52,199.94
2025-12-22,swsh35-25,223018,Normal,0.1,0.04,0.17,1.49,
2025-12-22,swsh35-25,223018,Reverse Holofoil,0.28,0.09,0.27,2.0,
2025-12-22,swsh35-74,223073,Holofoil,182.31,145.0,199.99,1500.0,190.0
2025-12-22,swsh45sv-SV107,232496,Holofoil,124.24,110.0,147.62,349.95,134.97
2025-12-22,swsh7-204,246693,Holofoil,31.87,29.99,33.64,150.0,35.25
2025-12-22,swsh7-205,246696,Holofoil,356.18,270.0,375.69,564.0,363.98
2025-12-22,swsh7-208,246755,Holofoil,28.9,23.55,30.0,48.95,32.49
2025-12-22,swsh7-209,246756,Holofoil,296.72,252.4,299.42,486.75,288.92
2025-12-22,swsh7-211,246702,Holofoil,49.68,36.9,50.25,75.0,54.24
2025-12-22,swsh7-212,246704,Holofoil,352.64,325.0,367.69,1000.0,367.69
2025-12-22,swsh7-215,246723,Holofoil,1924.42,1449.99,1979.95,3999.98,1979.95
2025-12-22,swsh7-218,246733,Holofoil,695.68,530.0,700.0,950.0,724.95
2025-12-22,swsh7-41,246753,Holofoil,5.21,3.5,5.71,25.0,5.07
2025-12-22,swsh7-65,246690,Holofoil,10.16,7.9,11.0,500.0,10.48
2025-12-22,swsh7-75,246701,Holofoil,12.64,10.21,13.83,70.0,11.67
2025-12-22,swsh7-8,246691,Holofoil,5.71,4.85,6.99,100.0,6.57
2025-12-22,swsh8-271,253266,Holofoil,681.96,599.95,729.97,1499.95,729.93
2025-12-22,swsh9-154,263873,Holofoil,231.1,209.01,299.22,1500.0,260.94
2025-12-23,base1-15,42355,Holofoil,120.52,70.48,119.01,999.98,
2025-12-23,base1-16,42356,Holofoil,36.56,19.99,32.12,9999.0,
2025-12-23,base1-2,42360,Holofoil,157.17,92.0,129.99,500.0,119.35
2025-12-23,base1-4,42382,Holofoil,443.62,355.93,478.63,999.99,
2025-12-23,base1-58,42402,Normal,4.32,0.5,2.0,9999.0,
2025-12-23,cel25c-4,250320,Holofoil,110.86,91.99,130.28,499.99,122.46
2025-12-23,gym2-2,83861,1st Edition Holofoil,926.01,972.31,1087.99,1675.0,
2025-12-23,gym2-2,83861,Unlimited Holofoil,476.04,399.0,511.1,629.48,490.3
2025-12-23,neo1-9,86903,1st Edition Holofoil,924.0,1798.75,1850.0,2700.0,
2025-12-23,neo1-9,86903,Unlimited Holofoil,410.0,348.5,394.99,498.35,
2025-12-23,sl-151-bundle,502000,Normal,93.67,89.99,105.5,999.99,
2025-12-23,sl-151-etb,503313,Normal,369.78,369.99,479.99,1000.0,
2025-12-23,sl-151-upc,502005,Normal,590.75,579.97,707.5,40000.0,
2025-12-23,sl-ar-box,265519,Normal,394.51,372.0,450.0,899.99,
2025-12-23,sl-bs-box,256141,Normal,503.3,489.99,614.0,5000.0,
2025-12-23,sl-cel-upc,245140,Normal,810.69,805.0,979.99,154722.59,
2025-12-23,sl-champ-etb,218791,Normal,156.78,159.99,180.0,500.0,
2025-12-23,sl-cz-etb,453470,Normal,206.48,199.0,249.99,785.0,
2025-12-23,sl-dr-box,624679,Normal,395.7,398.0,485.5,2185.0,
2025-12-23,sl-evs-box,242436,Normal,2205.07,2150.0,3000.0,12000.0,
2025-12-23,sl-evs-etb,243721,Normal,707.03,775.0,1000.0,2999.99,
2025-12-23,sl-fs-box,247654,Normal,848.72,847.0,1049.99,2900.0,
2025-12-23,sl-hf-etb,194729,Normal,379.2,400.0,500.0,9999.98,
2025-12-23,sl-jp-151,565243,Normal,189.13,186.0,204.44,399.99,
2025-12-23,sl-jp-terastal,603428,Normal,104.62,99.99,122.5,200.0,
2025-12-23,sl-jt-box,610931,Normal,236.82,231.4,265.0,551.0,
2025-12-23,sl-lo-box,277324,Normal,656.67,655.0,899.99,2500.0,
2025-12-23,sl-me1-box,644298,Normal,240.42,230.0,260.0,500.0,
2025-12-23,sl-obf-box,501257,Normal,290.23,288.85,337.5,1000.0,
2025-12-23,sl-pe-etb,593355,Normal,115.45,104.95,144.9,1115.0,
2025-12-23,sl-pe-spc,622770,Normal,244.15,234.49,299.95,999.0,
2025-12-23,sl-pf-etb,528040,Normal,256.55,249.99,289.99,775.0,
2025-12-23,sl-phf-box,654137,Normal,221.14,214.48,262.49,525.0,
2025-12-23,sl-shf-etb,228821,Normal,102.44,91.58,120.0,500.11,
2025-12-23,sl-ss-box,565606,Normal,240.68,239.99,300.0,4999.99,
2025-12-23,sl-st-box,283389,Normal,419.95,424.99,499.99,9999.99,
2025-12-23,sl-tf-box,536225,Normal,253.51,254.99,280.0,779.99,
2025-12-23,sv2-185,497557,Normal,0.33,0.2,0.42,4.99,
2025-12-23,sv2-185,497557,Reverse Holofoil,0.66,0.3,0.8,125.0,1.44
2025-12-23,sv2-254,497669,Holofoil,13.32,12.0,15.37,100.0,15.41
2025-12-23,sv2-269,497689,Holofoil,47.26,42.98,54.49,259.99,
2025-12-23,sv3pt5-151,516566,Holofoil,7.15,6.0,8.33,100.0,
2025-12-23,sv3pt5-199,517045,Holofoil,252.48,196.03,295.0,1000.0,205.34
2025-12-23,sv3pt5-205,517051,Holofoil,15.93,13.0,18.29,88.88,15.93
2025-12-23,sv3pt5-4,502555,Normal,0.15,0.01,0.15,20.0,
2025-12-23,sv3pt5-4,502555,Reverse Holofoil,0.29,0.05,0.27,3.0,0.23
2025-12-23,sv3pt5-6,502558,Holofoil,4.22,2.98,4.99,300.0,
2025-12-23,sv3pt5-7,502548,Normal,0.09,0.01,0.15,1.5,
2025-12-23,sv3pt5-7,502548,Reverse Holofoil,0.19,0.01,0.24,50.0,0.18
2025-12-23,sv4pt5-234,535090,Holofoil,218.18,190.0,246.95,799.97,230.0
2025-12-23,sv4pt5-54,534416,Holofoil,3.24,2.75,3.8,60.0,4.7
2025-12-23,sv8-57,590025,Holofoil,3.4,2.5,4.99,29.99,
2025-12-23,sv8pt5-149,610504,Holofoil,189.07,171.23,193.62,800.0,
2025-12-23,sv8pt5-155,610510,Holofoil,198.95,189.95,209.99,899.0,
2025-12-23,sv8pt5-156,610511,Holofoil,308.83,260.0,344.14,800.0,
2025-12-23,sv8pt5-161,610516,Holofoil,1057.74,825.11,1066.94,5000.0,
2025-12-23,sv8pt5-167,610522,Holofoil,108.33,100.99,115.0,300.0,
2025-12-23,sv8pt5-179,610534,Holofoil,38.92,35.75,42.0,270.0,
2025-12-23,sv8pt5-28,610383,Holofoil,0.96,0.3,1.25,7.99,
2025-12-23,sv8pt5-47,610402,Normal,0.04,0.01,0.1,2.0,0.03
2025-12-23,sv8pt5-47,610402,Reverse Holofoil,0.07,0.01,0.12,20.0,0.06
2025-12-23,sv8pt5-59,610414,Holofoil,0.24,0.01,0.27,100.0,0.08
2025-12-23,sv8pt5-59,610414,Reverse Holofoil,0.31,0.01,0.35,4321.0,0.2
2025-12-23,sv8pt5-60,610415,Holofoil,4.08,3.0,4.81,500.0,
2025-12-23,svp-085,518861,Normal,505.19,465.0,680.0,2500.0,699.0
2025-12-23,swsh11-186,284137,Holofoil,576.62,493.99,610.11,899.0,624.68
2025-12-23,swsh12-186,451834,Holofoil,359.98,302.0,390.93,2000.0,359.99
2025-12-23,swsh12pt5gg-GG69,478100,Holofoil,185.23,158.1,200.03,671.52,199.91
2025-12-23,swsh35-25,223018,Normal,0.1,0.04,0.17,1.49,
2025-12-23,swsh35-25,223018,Reverse Holofoil,0.28,0.1,0.28,2.0,
2025-12-23,swsh35-74,223073,Holofoil,176.95,145.0,199.99,1500.0,189.99
2025-12-23,swsh45sv-SV107,232496,Holofoil,124.24,109.01,145.0,349.95,120.0
2025-12-23,swsh7-204,246693,Holofoil,31.87,28.99,33.3,150.0,35.25
2025-12-23,swsh7-205,246696,Holofoil,356.18,270.0,369.8,565.2,363.98
2025-12-23,swsh7-208,246755,Holofoil,28.9,23.55,29.99,48.95,32.49
2025-12-23,swsh7-209,246756,Holofoil,296.72,252.4,298.28,484.85,288.91
2025-12-23,swsh7-211,246702,Holofoil,49.68,36.9,50.0,75.0,54.24
2025-12-23,swsh7-212,246704,Holofoil,352.64,313.45,356.57,1000.0,375.3
2025-12-23,swsh7-215,246723,Holofoil,1924.42,1449.99,1979.97,3999.98,1979.95
2025-12-23,swsh7-218,246733,Holofoil,695.68,530.0,699.99,950.0,699.99
2025-12-23,swsh7-41,246753,Holofoil,4.85,3.5,5.75,25.0,5.78
2025-12-23,swsh7-65,246690,Holofoil,10.19,7.9,11.11,500.0,11.67
2025-12-23,swsh7-75,246701,Holofoil,11.98,9.75,13.91,70.0,11.67
2025-12-23,swsh7-8,246691,Holofoil,5.73,4.85,6.98,100.0,6.57
2025-12-23,swsh8-271,253266,Holofoil,683.31,599.95,729.95,1499.95,729.95
2025-12-23,swsh9-154,263873,Holofoil,229.45,209.01,298.45,1500.0,259.44
2025-12-24,base1-15,42355,Holofoil,123.64,70.48,119.0,999.98,
2025-12-24,base1-16,42356,Holofoil,36.62,19.97,31.06,9999.0,
2025-12-24,base1-2,42360,Holofoil,161.28,96.17,136.74,4321.0,119.35
2025-12-24,base1-4,42382,Holofoil,457.7,348.65,457.26,999.99,
2025-12-24,base1-58,42402,Normal,4.17,0.5,2.0,9999.0,
2025-12-24,cel25c-4,250320,Holofoil,112.19,95.15,133.25,499.99,133.9
2025-12-24,gym2-2,83861,1st Edition Holofoil,926.01,972.31,1087.99,1675.0,
2025-12-24,gym2-2,83861,Unlimited Holofoil,476.04,398.99,505.55,629.48,490.3
2025-12-24,neo1-9,86903,1st Edition Holofoil,924.0,1798.75,1800.0,2700.0,
2025-12-24,neo1-9,86903,Unlimited Holofoil,410.0,348.5,395.0,498.35,
2025-12-24,sl-151-bundle,502000,Normal,92.94,84.99,105.0,999.99,
2025-12-24,sl-151-etb,503313,Normal,369.82,381.61,495.0,1000.0,
2025-12-24,sl-151-upc,502005,Normal,587.59,580.0,707.5,40000.0,
2025-12-24,sl-ar-box,265519,Normal,392.11,375.0,450.0,899.99,
2025-12-24,sl-bs-box,256141,Normal,503.9,489.99,600.0,5000.0,
2025-12-24,sl-cel-upc,245140,Normal,811.12,799.98,982.97,154722.59,
2025-12-24,sl-champ-etb,218791,Normal,156.78,159.99,180.0,500.0,
2025-12-24,sl-cz-etb,453470,Normal,206.04,208.88,249.99,785.0,
2025-12-24,sl-dr-box,624679,Normal,394.7,390.0,471.0,2185.0,
2025-12-24,sl-evs-box,242436,Normal,2205.07,2175.0,3190.0,12000.0,
2025-12-24,sl-evs-etb,243721,Normal,707.03,775.0,1000.0,2999.99,
2025-12-24,sl-fs-box,247654,Normal,847.16,847.0,1090.01,2900.0,
2025-12-24,sl-hf-etb,194729,Normal,379.2,400.0,500.0,9999.98,
2025-12-24,sl-jp-151,565243,Normal,188.8,186.0,204.44,399.99,
2025-12-24,sl-jp-terastal,603428,Normal,104.98,99.99,124.99,200.0,
2025-12-24,sl-jt-box,610931,Normal,236.82,231.4,260.0,551.0,
2025-12-24,sl-lo-box,277324,Normal,656.67,655.0,900.0,2500.0,
2025-12-24,sl-me1-box,644298,Normal,240.86,235.0,279.99,500.0,
2025-12-24,sl-obf-box,501257,Normal,289.45,288.85,342.5,1000.0,
2025-12-24,sl-pe-etb,593355,Normal,115.12,112.23,140.98,1115.0,
2025-12-24,sl-pe-spc,622770,Normal,239.91,234.49,300.0,999.0,
2025-12-24,sl-pf-etb,528040,Normal,256.95,249.99,289.99,775.0,
2025-12-24,sl-phf-box,654137,Normal,217.02,214.0,265.0,525.0,
2025-12-24,sl-shf-etb,228821,Normal,102.44,91.58,122.48,500.11,
2025-12-24,sl-ss-box,565606,Normal,241.72,238.99,300.0,4999.99,
2025-12-24,sl-st-box,283389,Normal,419.95,424.99,500.0,9999.99,
2025-12-24,sl-tf-box,536225,Normal,253.51,259.48,284.95,779.99,
2025-12-24,sv2-185,497557,Normal,0.39,0.2,0.43,4.99,0.37
2025-12-24,sv2-185,497557,Reverse Holofoil,0.74,0.3,0.8,125.0,1.99
2025-12-24,sv2-254,497669,Holofoil,13.15,11.25,15.16,100.0,15.16
2025-12-24,sv2-269,497689,Holofoil,47.1,42.99,54.82,259.99,
2025-12-24,sv3pt5-151,516566,Holofoil,7.34,6.0,8.09,100.0,
2025-12-24,sv3pt5-199,517045,Holofoil,254.07,196.55,295.0,1000.0,299.95
2025-12-24,sv3pt5-205,517051,Holofoil,16.12,13.0,18.29,88.88,16.19
2025-12-24,sv3pt5-4,502555,Normal,0.14,0.01,0.15,20.0,0.12
2025-12-24,sv3pt5-4,502555,Reverse Holofoil,0.3,0.09,0.26,3.0,
2025-12-24,sv3pt5-6,502558,Holofoil,4.23,2.98,4.99,300.0,
2025-12-24,sv3pt5-7,502548,Normal,0.1,0.01,0.15,1.5,0.09
2025-12-24,sv3pt5-7,502548,Reverse Holofoil,0.18,0.01,0.24,50.0,0.2
2025-12-24,sv4pt5-234,535090,Holofoil,224.46,178.49,244.56,799.97,230.0
2025-12-24,sv4pt5-54,534416,Holofoil,3.41,2.5,3.75,60.0,7.19
2025-12-24,sv8-57,590025,Holofoil,3.66,2.5,4.98,29.99,
2025-12-24,sv8pt5-149,610504,Holofoil,187.98,171.23,192.24,800.0,
2025-12-24,sv8pt5-155,610510,Holofoil,198.95,189.95,212.22,899.0,
2025-12-24,sv8pt5-156,610511,Holofoil,308.83,260.0,341.45,800.0,
2025-12-24,sv8pt5-161,610516,Holofoil,1052.04,849.99,1067.55,5000.0,1049.45
2025-12-24,sv8pt5-167,610522,Holofoil,107.68,100.99,115.0,300.0,
2025-12-24,sv8pt5-179,610534,Holofoil,38.95,35.75,42.0,270.0,
2025-12-24,sv8pt5-28,610383,Holofoil,1.04,0.3,1.24,6.57,
2025-12-24,sv8pt5-47,610402,Normal,0.03,0.01,0.1,2.0,0.03
2025-12-24,sv8pt5-47,610402,Reverse Holofoil,0.07,0.01,0.12,20.0,0.06
2025-12-24,sv8pt5-59,610414,Holofoil,0.2,0.01,0.26,100.0,0.08
2025-12-24,sv8pt5-59,610414,Reverse Holofoil,0.31,0.01,0.36,4321.0,0.25
2025-12-24,sv8pt5-60,610415,Holofoil,4.13,3.21,4.83,500.0,
2025-12-24,svp-085,518861,Normal,505.19,475.0,689.5,2500.0,699.0
2025-12-24,swsh11-186,284137,Holofoil,572.62,484.99,611.22,899.0,624.68
2025-12-24,swsh12-186,451834,Holofoil,358.55,300.0,390.93,2000.0,359.99
2025-12-24,swsh12pt5gg-GG69,478100,Holofoil,182.2,158.1,200.0,671.52,169.99
2025-12-24,swsh35-25,223018,Normal,0.1,0.04,0.17,1.49,
2025-12-24,swsh35-25,223018,Reverse Holofoil,0.28,0.1,0.28,2.0,
2025-12-24,swsh35-74,223073,Holofoil,182.63,145.0,195.0,1500.0,190.0
2025-12-24,swsh45sv-SV107,232496,Holofoil,124.45,109.01,145.0,349.95,120.0
2025-12-24,swsh7-204,246693,Holofoil,31.87,28.99,33.85,150.0,35.25
2025-12-24,swsh7-205,246696,Holofoil,356.18,270.0,379.19,565.2,363.98
2025-12-24,swsh7-208,246755,Holofoil,28.8,23.55,30.0,48.95,30.24
2025-12-24,swsh7-209,246756,Holofoil,296.72,252.25,298.28,484.85,288.91
2025-12-24,swsh7-211,246702,Holofoil,49.68,36.9,50.0,75.0,54.24
2025-12-24,swsh7-212,246704,Holofoil,352.64,313.45,359.97,1000.0,375.28
2025-12-24,swsh7-215,246723,Holofoil,1924.42,1449.99,1979.95,3999.98,1979.95
2025-12-24,swsh7-218,246733,Holofoil,695.68,530.0,699.99,950.0,699.99
2025-12-24,swsh7-41,246753,Holofoil,5.01,3.5,5.67,25.0,5.58
2025-12-24,swsh7-65,246690,Holofoil,10.04,7.99,11.56,500.0,11.24
2025-12-24,swsh7-75,246701,Holofoil,11.42,9.75,13.6,70.0,18.98
2025-12-24,swsh7-8,246691,Holofoil,5.9,4.85,6.99,100.0,6.57
2025-12-24,swsh8-271,253266,Holofoil,683.31,617.5,729.99,1499.95,729.95
2025-12-24,swsh9-154,263873,Holofoil,234.77,209.01,298.45,1500.0,259.44
2025-12-25,base1-15,42355,Holofoil,122.9,71.0,119.99,999.98,
2025-12-25,base1-16,42356,Holofoil,36.69,19.98,32.61,9999.0,
2025-12-25,base1-2,42360,Holofoil,161.38,96.17,139.74,500.0,119.34
2025-12-25,base1-4,42382,Holofoil,481.7,355.93,465.62,999.0,
2025-12-25,base1-58,42402,Normal,3.95,0.5,2.01,9999.0,
2025-12-25,cel25c-4,250320,Holofoil,112.19,96.5,131.13,499.99,133.9
2025-12-25,gym2-2,83861,1st Edition Holofoil,926.01,972.31,1087.99,1675.0,
2025-12-25,gym2-2,83861,Unlimited Holofoil,476.04,399.0,511.1,629.48,490.3
2025-12-25,neo1-9,86903,1st Edition Holofoil,924.0,1798.75,1800.0,2700.0,
2025-12-25,neo1-9,86903,Unlimited Holofoil,410.0,348.5,394.99,498.35,
2025-12-25,sl-151-bundle,502000,Normal,92.16,84.99,106.49,999.99,
2025-12-25,sl-151-etb,503313,Normal,372.96,395.0,498.0,1000.0,
2025-12-25,sl-151-upc,502005,Normal,589.63,580.0,707.5,40000.0,
2025-12-25,sl-ar-box,265519,Normal,391.82,375.0,455.0,899.99,
2025-12-25,sl-bs-box,256141,Normal,506.89,489.99,600.0,5000.0,
2025-12-25,sl-cel-upc,245140,Normal,811.12,799.98,982.97,154722.59,
2025-12-25,sl-champ-etb,218791,Normal,157.38,160.0,182.0,500.0,
2025-12-25,sl-cz-etb,453470,Normal,206.84,208.88,249.99,785.0,
2025-12-25,sl-dr-box,624679,Normal,393.35,384.0,471.0,2185.0,
2025-12-25,sl-evs-box,242436,Normal,2192.07,2175.0,3190.0,12000.0,
2025-12-25,sl-evs-etb,243721,Normal,707.03,752.0,1000.0,2999.99,
2025-12-25,sl-fs-box,247654,Normal,847.16,848.0,1094.51,2900.0,
2025-12-25,sl-hf-etb,194729,Normal,379.2,400.0,500.0,9999.98,
2025-12-25,sl-jp-151,565243,Normal,188.9,184.0,204.44,399.99,
2025-12-25,sl-jp-terastal,603428,Normal,104.65,99.99,124.99,200.0,
2025-12-25,sl-jt-box,610931,Normal,238.13,231.4,260.0,551.0,
2025-12-25,sl-lo-box,277324,Normal,654.68,700.0,915.0,2500.0,
2025-12-25,sl-me1-box,644298,Normal,245.0,235.0,279.99,500.0,
2025-12-25,sl-obf-box,501257,Normal,288.62,278.91,340.0,1000.0,
2025-12-25,sl-pe-etb,593355,Normal,117.03,112.23,145.0,1115.0,
2025-12-25,sl-pe-spc,622770,Normal,243.21,236.99,300.0,999.0,
2025-12-25,sl-pf-etb,528040,Normal,257.55,249.99,289.99,775.0,
2025-12-25,sl-phf-box,654137,Normal,222.51,214.0,265.34,525.0,
2025-12-25,sl-shf-etb,228821,Normal,102.21,91.58,122.48,500.11,
2025-12-25,sl-ss-box,565606,Normal,241.84,242.56,312.65,4999.99,
2025-12-25,sl-st-box,283389,Normal,419.35,424.99,500.0,9999.99,
2025-12-25,sl-tf-box,536225,Normal,252.98,259.68,284.97,779.99,
2025-12-25,sv2-185,497557,Normal,0.4,0.05,0.45,4.99,
2025-12-25,sv2-185,497557,Reverse Holofoil,0.74,0.3,0.8,125.0,
2025-12-25,sv2-254,497669,Holofoil,13.51,12.0,15.19,52.5,16.26
2025-12-25,sv2-269,497689,Holofoil,47.4,42.39,54.82,259.99,
2025-12-25,sv3pt5-151,516566,Holofoil,7.53,6.0,8.09,100.0,
2025-12-25,sv3pt5-199,517045,Holofoil,256.49,197.7,295.0,1000.0,299.95
2025-12-25,sv3pt5-205,517051,Holofoil,16.42,13.0,18.5,88.88,16.48
2025-12-25,sv3pt5-4,502555,Normal,0.14,0.01,0.15,20.0,
2025-12-25,sv3pt5-4,502555,Reverse Holofoil,0.32,0.09,0.27,3.0,
2025-12-25,sv3pt5-6,502558,Holofoil,4.55,2.98,4.99,300.0,
2025-12-25,sv3pt5-7,502548,Normal,0.11,0.01,0.15,1.5,
2025-12-25,sv3pt5-7,502548,Reverse Holofoil,0.19,0.01,0.24,50.0,0.2
2025-12-25,sv4pt5-234,535090,Holofoil,223.86,171.19,244.07,799.97,225.4
2025-12-25,sv4pt5-54,534416,Holofoil,3.45,2.5,3.75,60.0,7.19
2025-12-25,sv8-57,590025,Holofoil,3.84,2.75,4.99,29.99,
2025-12-25,sv8pt5-149,610504,Holofoil,187.32,169.33,192.24,999.0,
2025-12-25,sv8pt5-155,610510,Holofoil,198.91,189.95,215.44,999.0,
2025-12-25,sv8pt5-156,610511,Holofoil,309.44,260.0,340.92,999.0,
2025-12-25,sv8pt5-161,610516,Holofoil,1037.64,766.0,1050.04,5000.0,1049.45
2025-12-25,sv8pt5-167,610522,Holofoil,107.43,100.99,114.99,999.0,
2025-12-25,sv8pt5-179,610534,Holofoil,38.52,35.75,41.92,999.0,
2025-12-25,sv8pt5-28,610383,Holofoil,1.05,0.25,1.25,999.0,
2025-12-25,sv8pt5-47,610402,Normal,0.03,0.01,0.1,999.0,0.03
2025-12-25,sv8pt5-47,610402,Reverse Holofoil,0.06,0.01,0.12,999.0,0.06
2025-12-25,sv8pt5-59,610414,Holofoil,0.23,0.01,0.26,999.0,0.08
2025-12-25,sv8pt5-59,610414,Reverse Holofoil,0.33,0.01,0.36,4321.0,0.25
2025-12-25,sv8pt5-60,610415,Holofoil,3.76,3.3,4.88,999.0,
2025-12-25,svp-085,518861,Normal,505.19,475.0,674.5,2500.0,699.0
2025-12-25,swsh11-186,284137,Holofoil,572.16,482.0,607.99,899.0,624.68
2025-12-25,swsh12-186,451834,Holofoil,351.13,302.0,388.08,2000.0,352.8
2025-12-25,swsh12pt5gg-GG69,478100,Holofoil,181.4,154.9,200.18,671.52,181.99
2025-12-25,swsh35-25,223018,Normal,0.1,0.04,0.17,1.49,
2025-12-25,swsh35-25,223018,Reverse Holofoil,0.28,0.1,0.28,2.0,
2025-12-25,swsh35-74,223073,Holofoil,182.63,145.0,190.0,1500.0,190.0
2025-12-25,swsh45sv-SV107,232496,Holofoil,123.8,109.01,144.65,349.95,120.0
2025-12-25,swsh7-204,246693,Holofoil,31.87,27.8,33.75,150.0,35.25
2025-12-25,swsh7-205,246696,Holofoil,356.18,282.36,375.69,565.1,363.98
2025-12-25,swsh7-208,246755,Holofoil,28.8,23.55,30.0,48.95,30.24
2025-12-25,swsh7-209,246756,Holofoil,296.72,252.25,298.84,483.06,288.88
2025-12-25,swsh7-211,246702,Holofoil,49.68,36.9,50.0,75.0,54.24
2025-12-25,swsh7-212,246704,Holofoil,352.64,313.45,363.83,1000.0,375.26
2025-12-25,swsh7-215,246723,Holofoil,1870.34,1449.99,1979.95,3999.98,1979.95
2025-12-25,swsh7-218,246733,Holofoil,681.32,530.0,699.99,950.0,699.99
2025-12-25,swsh7-41,246753,Holofoil,5.23,3.5,5.68,25.0,5.76
2025-12-25,swsh7-65,246690,Holofoil,10.07,7.99,11.56,500.0,10.27
2025-12-25,swsh7-75,246701,Holofoil,11.83,9.75,13.45,70.0,17.55
2025-12-25,swsh7-8,246691,Holofoil,6.14,5.0,6.99,100.0,8.77
2025-12-25,swsh8-271,253266,Holofoil,681.91,617.5,729.99,1499.95,729.98
2025-12-25,swsh9-154,263873,Holofoil,234.77,209.01,298.44,1500.0,259.44
2025-12-26,base1-15,42355,Holofoil,123.11,71.0,119.5,999.98,
2025-12-26,base1-16,42356,Holofoil,36.79,19.85,32.7,9999.0,
2025-12-26,base1-2,42360,Holofoil,161.38,96.17,128.07,500.0,119.34
2025-12-26,base1-4,42382,Holofoil,481.68,355.93,449.99,999.99,
2025-12-26,base1-58,42402,Normal,3.91,0.5,2.0,9999.0,
2025-12-26,cel25c-4,250320,Holofoil,110.84,95.9,133.25,499.99,132.49
2025-12-26,gym2-2,83861,1st Edition Holofoil,926.01,972.31,1019.99,1675.0,
2025-12-26,gym2-2,83861,Unlimited Holofoil,476.04,399.0,505.55,629.48,490.3
2025-12-26,neo1-9,86903,1st Edition Holofoil,924.0,1798.75,1800.0,2700.0,
2025-12-26,neo1-9,86903,Unlimited Holofoil,410.0,340.0,384.52,498.35,
2025-12-26,sl-151-bundle,502000,Normal,92.64,84.99,108.38,999.99,
2025-12-26,sl-151-etb,503313,Normal,373.36,395.0,498.0,1000.0,
2025-12-26,sl-151-upc,502005,Normal,592.43,584.98,700.0,40000.0,
2025-12-26,sl-ar-box,265519,Normal,391.82,375.0,470.5,899.99,
2025-12-26,sl-bs-box,256141,Normal,509.18,489.99,600.0,5000.0,
2025-12-26,sl-cel-upc,245140,Normal,811.12,799.98,981.48,154722.59,
2025-12-26,sl-champ-etb,218791,Normal,158.66,159.98,183.0,500.0,
2025-12-26,sl-cz-etb,453470,Normal,207.64,210.0,250.0,785.0,
2025-12-26,sl-dr-box,624679,Normal,394.91,398.0,485.5,2185.0,
2025-12-26,sl-evs-box,242436,Normal,2192.07,2175.0,3190.0,12000.0,
2025-12-26,sl-evs-etb,243721,Normal,707.03,752.0,1000.0,2999.99,
2025-12-26,sl-fs-box,247654,Normal,845.16,848.0,1099.0,2900.0,
2025-12-26,sl-hf-etb,194729,Normal,379.2,400.0,500.0,9999.98,
2025-12-26,sl-jp-151,565243,Normal,187.93,184.0,208.88,399.99,
2025-12-26,sl-jp-terastal,603428,Normal,104.89,99.99,122.5,200.0,
2025-12-26,sl-jt-box,610931,Normal,238.13,231.4,270.0,551.0,
2025-12-26,sl-lo-box,277324,Normal,654.68,700.0,900.0,2500.0,
2025-12-26,sl-me1-box,644298,Normal,240.59,235.0,290.45,500.0,
2025-12-26,sl-obf-box,501257,Normal,290.64,278.91,340.0,1000.0,
2025-12-26,sl-pe-etb,593355,Normal,117.55,112.23,149.43,1115.0,
2025-12-26,sl-pe-spc,622770,Normal,244.85,237.5,300.0,999.0,
2025-12-26,sl-pf-etb,528040,Normal,257.55,249.99,289.99,775.0,
2025-12-26,sl-phf-box,654137,Normal,221.15,214.99,269.95,525.0,
2025-12-26,sl-shf-etb,228821,Normal,102.17,91.58,122.48,500.11,
2025-12-26,sl-ss-box,565606,Normal,236.3,245.0,315.4,4999.99,
2025-12-26,sl-st-box,283389,Normal,417.95,425.0,500.0,9999.99,
2025-12-26,sl-tf-box,536225,Normal,253.18,259.68,284.97,779.99,
2025-12-26,sv2-185,497557,Normal,0.39,0.05,0.44,4.99,
2025-12-26,sv2-185,497557,Reverse Holofoil,0.75,0.3,0.8,125.0,
2025-12-26,sv2-254,497669,Holofoil,13.98,12.0,15.38,52.5,
2025-12-26,sv2-269,497689,Holofoil,47.32,42.39,54.82,259.99,
2025-12-26,sv3pt5-151,516566,Holofoil,7.13,6.0,8.07,100.0,
2025-12-26,sv3pt5-199,517045,Holofoil,254.37,197.7,292.75,1000.0,299.95
2025-12-26,sv3pt5-205,517051,Holofoil,16.16,13.0,18.3,88.88,14.48
2025-12-26,sv3pt5-4,502555,Normal,0.13,0.01,0.15,20.0,
2025-12-26,sv3pt5-4,502555,Reverse Holofoil,0.32,0.07,0.27,3.0,
2025-12-26,sv3pt5-6,502558,Holofoil,4.82,2.98,5.0,300.0,
2025-12-26,sv3pt5-7,502548,Normal,0.12,0.01,0.15,1.5,
2025-12-26,sv3pt5-7,502548,Reverse Holofoil,0.21,0.01,0.25,50.0,0.22
2025-12-26,sv4pt5-234,535090,Holofoil,221.67,172.0,243.83,799.97,219.0
2025-12-26,sv4pt5-54,534416,Holofoil,3.36,2.5,3.75,60.0,7.19
2025-12-26,sv8-57,590025,Holofoil,3.54,2.99,4.99,29.99,
2025-12-26,sv8pt5-149,610504,Holofoil,186.17,169.33,192.24,999.0,
2025-12-26,sv8pt5-155,610510,Holofoil,199.29,189.95,219.49,999.0,
2025-12-26,sv8pt5-156,610511,Holofoil,308.2,280.0,342.09,999.0,
2025-12-26,sv8pt5-161,610516,Holofoil,891.04,849.99,1050.08,5000.0,
2025-12-26,sv8pt5-167,610522,Holofoil,106.92,99.95,114.99,999.0,
2025-12-26,sv8pt5-179,610534,Holofoil,38.19,36.03,42.03,999.0,
2025-12-26,sv8pt5-28,610383,Holofoil,1.22,0.3,1.26,999.0,
2025-12-26,sv8pt5-47,610402,Normal,0.03,0.01,0.1,999.0,0.03
2025-12-26,sv8pt5-47,610402,Reverse Holofoil,0.06,0.01,0.12,999.0,0.04
2025-12-26,sv8pt5-59,610414,Holofoil,0.27,0.01,0.26,999.0,0.08
2025-12-26,sv8pt5-59,610414,Reverse Holofoil,0.32,0.01,0.36,4321.0,0.25
2025-12-26,sv8pt5-60,610415,Holofoil,4.11,3.5,4.93,999.0,
2025-12-26,svp-085,518861,Normal,505.19,475.0,680.0,2500.0,699.0
2025-12-26,swsh11-186,284137,Holofoil,573.75,482.0,607.99,899.0,624.69
2025-12-26,swsh12-186,451834,Holofoil,349.55,302.0,390.93,2000.0,349.6
2025-12-26,swsh12pt5gg-GG69,478100,Holofoil,177.95,159.88,200.3,671.52,187.65
2025-12-26,swsh35-25,223018,Normal,0.1,0.04,0.17,1.49,
2025-12-26,swsh35-25,223018,Reverse Holofoil,0.28,0.1,0.28,2.0,
2025-12-26,swsh35-74,223073,Holofoil,180.64,145.0,190.0,1500.0,190.0
2025-12-26,swsh45sv-SV107,232496,Holofoil,123.39,109.01,144.65,349.95,120.0
2025-12-26,swsh7-204,246693,Holofoil,31.54,27.5,33.47,150.0,35.25
2025-12-26,swsh7-205,246696,Holofoil,356.18,282.36,374.65,560.5,363.98
2025-12-26,swsh7-208,246755,Holofoil,28.8,23.55,30.12,48.95,30.24
2025-12-26,swsh7-209,246756,Holofoil,296.72,252.25,298.84,480.93,288.88
2025-12-26,swsh7-211,246702,Holofoil,50.11,36.9,50.0,75.0,
2025-12-26,swsh7-212,246704,Holofoil,352.64,300.0,367.69,1000.0,375.24
2025-12-26,swsh7-215,246723,Holofoil,1851.58,1449.99,1979.95,3999.98,1979.95
2025-12-26,swsh7-218,246733,Holofoil,678.93,530.0,700.0,950.0,699.99
2025-12-26,swsh7-41,246753,Holofoil,5.25,3.5,5.81,25.0,5.85
2025-12-26,swsh7-65,246690,Holofoil,10.49,7.99,11.56,500.0,11.67
2025-12-26,swsh7-75,246701,Holofoil,11.73,9.7,13.45,70.0,15.0
2025-12-26,swsh7-8,246691,Holofoil,6.33,5.0,7.0,100.0,9.52
2025-12-26,swsh8-271,253266,Holofoil,681.91,617.5,729.99,1499.95,729.99
2025-12-26,swsh9-154,263873,Holofoil,234.13,209.01,298.44,1500.0,259.44
2025-12-27,base1-15,42355,Holofoil,124.46,73.83,120.26,999.98,
2025-12-27,base1-16,42356,Holofoil,36.89,19.85,32.49,9999.0,
2025-12-27,base1-2,42360,Holofoil,161.38,96.17,125.37,500.0,119.34
2025-12-27,base1-4,42382,Holofoil,481.68,355.93,465.62,999.99,
2025-12-27,base1-58,42402,Normal,3.99,0.5,2.38,9999.0,
2025-12-27,cel25c-4,250320,Holofoil,111.26,95.0,132.71,499.99,133.9
2025-12-27,gym2-2,83861,1st Edition Holofoil,926.01,972.31,1019.99,1675.0,
2025-12-27,gym2-2,83861,Unlimited Holofoil,476.04,399.0,505.55,629.48,490.3
2025-12-27,neo1-9,86903,1st Edition Holofoil,924.0,1798.75,1800.0,2700.0,
2025-12-27,neo1-9,86903,Unlimited Holofoil,410.0,340.0,380.82,498.35,
2025-12-27,sl-151-bundle,502000,Normal,91.98,89.0,109.97,999.99,
2025-12-27,sl-151-etb,503313,Normal,372.08,395.0,498.98,1000.0,
2025-12-27,sl-151-upc,502005,Normal,593.72,584.98,707.5,40000.0,
2025-12-27,sl-ar-box,265519,Normal,391.22,389.99,480.0,899.99,
2025-12-27,sl-bs-box,256141,Normal,510.18,489.99,614.0,5000.0,
2025-12-27,sl-cel-upc,245140,Normal,810.48,799.98,981.48,154722.59,
2025-12-27,sl-champ-etb,218791,Normal,158.66,159.98,184.0,500.0,
2025-12-27,sl-cz-etb,453470,Normal,208.04,210.0,250.0,785.0,
2025-12-27,sl-dr-box,624679,Normal,394.16,398.0,489.99,2185.0,
2025-12-27,sl-evs-box,242436,Normal,2192.07,2299.99,3122.6,12000.0,
2025-12-27,sl-evs-etb,243721,Normal,707.03,752.0,1000.0,2999.99,
2025-12-27,sl-fs-box,247654,Normal,845.16,848.0,1099.98,2900.0,
2025-12-27,sl-hf-etb,194729,Normal,379.2,400.0,500.0,9999.98,
2025-12-27,sl-jp-151,565243,Normal,187.8,184.0,208.88,399.99,
2025-12-27,sl-jp-terastal,603428,Normal,105.45,99.99,122.5,200.0,
2025-12-27,sl-jt-box,610931,Normal,238.13,229.99,265.0,551.0,
2025-12-27,sl-lo-box,277324,Normal,654.68,700.0,915.0,2500.0,
2025-12-27,sl-me1-box,644298,Normal,243.87,250.0,299.0,500.0,
2025-12-27,sl-obf-box,501257,Normal,290.64,278.91,340.0,1000.0,
2025-12-27,sl-pe-etb,593355,Normal,120.38,109.93,149.43,1115.0,
2025-12-27,sl-pe-spc,622770,Normal,247.87,237.5,300.0,999.0,
2025-12-27,sl-pf-etb,528040,Normal,258.35,258.0,294.48,775.0,
2025-12-27,sl-phf-box,654137,Normal,228.18,220.0,270.0,525.0,
2025-12-27,sl-shf-etb,228821,Normal,103.4,100.0,122.48,500.11,
2025-12-27,sl-ss-box,565606,Normal,241.86,245.0,324.94,4999.99,
2025-12-27,sl-st-box,283389,Normal,417.95,425.0,500.0,9999.99,
2025-12-27,sl-tf-box,536225,Normal,253.18,259.68,284.97,779.99,
2025-12-27,sv2-185,497557,Normal,0.38,0.05,0.45,4.99,
2025-12-27,sv2-185,497557,Reverse Holofoil,0.77,0.3,0.8,125.0,
2025-12-27,sv2-254,497669,Holofoil,13.94,11.99,15.45,52.5,
2025-12-27,sv2-269,497689,Holofoil,47.32,42.39,54.49,259.99,
2025-12-27,sv3pt5-151,516566,Holofoil,6.7,6.0,8.0,100.0,
2025-12-27,sv3pt5-199,517045,Holofoil,253.77,199.51,284.5,1000.0,263.95
2025-12-27,sv3pt5-205,517051,Holofoil,15.98,13.0,18.02,88.88,
2025-12-27,sv3pt5-4,502555,Normal,0.11,0.01,0.15,20.0,
2025-12-27,sv3pt5-4,502555,Reverse Holofoil,0.31,0.07,0.28,3.0,
2025-12-27,sv3pt5-6,502558,Holofoil,4.64,2.98,5.0,300.0,
2025-12-27,sv3pt5-7,502548,Normal,0.12,0.01,0.15,1.5,
2025-12-27,sv3pt5-7,502548,Reverse Holofoil,0.25,0.01,0.25,50.0,0.24
2025-12-27,sv4pt5-234,535090,Holofoil,219.72,171.01,241.78,799.97,219.0
2025-12-27,sv4pt5-54,534416,Holofoil,3.23,2.5,3.74,60.0,6.47
2025-12-27,sv8-57,590025,Holofoil,3.81,2.99,4.99,29.99,
2025-12-27,sv8pt5-149,610504,Holofoil,185.77,169.29,192.24,999.0,
2025-12-27,sv8pt5-155,610510,Holofoil,199.32,189.95,215.12,999.0,
2025-12-27,sv8pt5-156,610511,Holofoil,305.65,288.0,346.37,999.0,
2025-12-27,sv8pt5-161,610516,Holofoil,871.11,849.99,1060.77,5000.0,
2025-12-27,sv8pt5-167,610522,Holofoil,106.35,104.49,113.79,999.0,
2025-12-27,sv8pt5-179,610534,Holofoil,37.84,36.03,42.09,999.0,
2025-12-27,sv8pt5-28,610383,Holofoil,1.15,0.3,1.25,999.0,
2025-12-27,sv8pt5-47,610402,Normal,0.03,0.01,0.1,999.0,0.03
2025-12-27,sv8pt5-47,610402,Reverse Holofoil,0.06,0.01,0.12,999.0,0.04
2025-12-27,sv8pt5-59,610414,Holofoil,0.25,0.01,0.27,999.0,0.08
2025-12-27,sv8pt5-59,610414,Reverse Holofoil,0.34,0.01,0.36,4321.0,0.25
2025-12-27,sv8pt5-60,610415,Holofoil,3.66,2.95,4.81,999.0,
2025-12-27,svp-085,518861,Normal,505.19,475.0,674.5,2500.0,699.0
2025-12-27,swsh11-186,284137,Holofoil,577.15,482.0,599.24,899.0,624.69
2025-12-27,swsh12-186,451834,Holofoil,348.05,302.0,386.23,2000.0,346.6
2025-12-27,swsh12pt5gg-GG69,478100,Holofoil,177.95,150.0,200.09,671.52,199.91
2025-12-27,swsh35-25,223018,Normal,0.1,0.03,0.17,1.49,
2025-12-27,swsh35-25,223018,Reverse Holofoil,0.29,0.1,0.29,2.0,
2025-12-27,swsh35-74,223073,Holofoil,180.64,145.0,190.0,1500.0,189.99
2025-12-27,swsh45sv-SV107,232496,Holofoil,123.35,113.94,144.65,349.95,120.0
2025-12-27,swsh7-204,246693,Holofoil,31.58,27.5,33.47,150.0,34.23
2025-12-27,swsh7-205,246696,Holofoil,356.18,282.36,364.95,560.2,363.97
2025-12-27,swsh7-208,246755,Holofoil,28.8,23.55,30.12,48.95,30.24
2025-12-27,swsh7-209,246756,Holofoil,296.72,252.25,297.71,479.81,285.54
2025-12-27,swsh7-211,246702,Holofoil,50.11,36.9,50.0,75.0,
2025-12-27,swsh7-212,246704,Holofoil,352.64,300.0,359.97,1000.0,385.2
2025-12-27,swsh7-215,246723,Holofoil,1851.58,1449.0,1979.97,3999.98,1979.95
2025-12-27,swsh7-218,246733,Holofoil,672.61,530.0,700.0,1039.2,699.99
2025-12-27,swsh7-41,246753,Holofoil,5.29,3.49,5.81,25.0,7.48
2025-12-27,swsh7-65,246690,Holofoil,10.58,7.99,11.67,500.0,
2025-12-27,swsh7-75,246701,Holofoil,12.07,10.49,13.72,70.0,16.04
2025-12-27,swsh7-8,246691,Holofoil,6.48,5.0,7.0,100.0,9.81
2025-12-27,swsh8-271,253266,Holofoil,679.14,649.99,731.52,1499.95,729.98
2025-12-27,swsh9-154,263873,Holofoil,233.33,209.01,298.45,1500.0,259.44
2025-12-28,base1-15,42355,Holofoil,124.88,75.81,124.28,999.98,
2025-12-28,base1-16,42356,Holofoil,36.84,19.28,32.67,9999.0,
2025-12-28,base1-2,42360,Holofoil,161.38,96.17,125.0,500.0,
2025-12-28,base1-4,42382,Holofoil,481.68,355.93,481.24,999.99,
2025-12-28,base1-58,42402,Normal,3.91,0.5,2.11,9999.0,
2025-12-28,cel25c-4,250320,Holofoil,114.72,95.5,133.99,499.99,133.97
2025-12-28,gym2-2,83861,1st Edition Holofoil,926.01,972.31,1019.99,1675.0,
2025-12-28,gym2-2,83861,Unlimited Holofoil,476.04,399.0,511.1,629.48,490.3
2025-12-28,neo1-9,86903,1st Edition Holofoil,924.0,1798.75,1800.0,2700.0,
2025-12-28,neo1-9,86903,Unlimited Holofoil,410.0,340.0,394.99,498.35,
2025-12-28,sl-151-bundle,502000,Normal,94.7,89.0,110.0,999.99,
2025-12-28,sl-151-etb,503313,Normal,372.46,395.0,495.48,1000.0,
2025-12-28,sl-151-upc,502005,Normal,594.63,584.98,699.99,40000.0,
2025-12-28,sl-ar-box,265519,Normal,391.22,389.99,478.0,899.99,
2025-12-28,sl-bs-box,256141,Normal,512.1,489.99,675.0,5000.0,
2025-12-28,sl-cel-upc,245140,Normal,815.6,825.0,989.43,154722.59,
2025-12-28,sl-champ-etb,218791,Normal,158.66,159.98,184.0,500.0,
2025-12-28,sl-cz-etb,453470,Normal,208.84,210.0,250.0,785.0,
2025-12-28,sl-dr-box,624679,Normal,396.93,399.98,489.99,2185.0,
2025-12-28,sl-evs-box,242436,Normal,2192.07,2150.0,3000.0,12000.0,
2025-12-28,sl-evs-etb,243721,Normal,707.03,752.0,999.99,2999.99,
2025-12-28,sl-fs-box,247654,Normal,844.44,894.01,1099.5,2900.0,
2025-12-28,sl-hf-etb,194729,Normal,381.64,400.0,500.0,9999.98,
2025-12-28,sl-jp-151,565243,Normal,187.37,184.0,208.88,399.99,
2025-12-28,sl-jp-terastal,603428,Normal,107.0,99.99,120.0,200.0,
2025-12-28,sl-jt-box,610931,Normal,240.7,239.88,270.0,551.0,
2025-12-28,sl-lo-box,277324,Normal,654.68,700.0,900.0,2500.0,
2025-12-28,sl-me1-box,644298,Normal,247.82,250.0,296.95,500.0,
2025-12-28,sl-obf-box,501257,Normal,290.93,285.0,342.5,799.99,
2025-12-28,sl-pe-etb,593355,Normal,118.37,112.23,148.98,1115.0,
2025-12-28,sl-pe-spc,622770,Normal,249.91,237.5,303.9,999.0,
2025-12-28,sl-pf-etb,528040,Normal,258.79,259.96,294.48,775.0,
2025-12-28,sl-phf-box,654137,Normal,238.12,235.0,275.0,525.0,
2025-12-28,sl-shf-etb,228821,Normal,103.89,100.0,125.0,500.11,
2025-12-28,sl-ss-box,565606,Normal,242.06,245.0,320.47,4999.99,
2025-12-28,sl-st-box,283389,Normal,419.87,425.0,500.0,9999.99,
2025-12-28,sl-tf-box,536225,Normal,252.95,254.99,284.99,779.99,
2025-12-28,sv2-185,497557,Normal,0.39,0.05,0.45,4.99,
2025-12-28,sv2-185,497557,Reverse Holofoil,0.81,0.3,0.81,125.0,
2025-12-28,sv2-254,497669,Holofoil,13.84,12.0,15.5,52.5,
2025-12-28,sv2-269,497689,Holofoil,47.64,42.39,54.99,259.99,
2025-12-28,sv3pt5-151,516566,Holofoil,6.61,5.5,8.0,100.0,
2025-12-28,sv3pt5-199,517045,Holofoil,255.23,199.51,275.95,1000.0,299.95
2025-12-28,sv3pt5-205,517051,Holofoil,16.48,13.0,19.16,88.88,
2025-12-28,sv3pt5-4,502555,Normal,0.11,0.01,0.15,20.0,
2025-12-28,sv3pt5-4,502555,Reverse Holofoil,0.3,0.07,0.28,3.0,
2025-12-28,sv3pt5-6,502558,Holofoil,4.66,2.98,5.0,300.0,
2025-12-28,sv3pt5-7,502548,Normal,0.13,0.01,0.15,1.5,
2025-12-28,sv3pt5-7,502548,Reverse Holofoil,0.25,0.01,0.25,50.0,0.24
2025-12-28,sv4pt5-234,535090,Holofoil,219.64,185.0,241.67,799.97,225.53
2025-12-28,sv4pt5-54,534416,Holofoil,3.21,2.5,3.72,60.0,
2025-12-28,sv8-57,590025,Holofoil,3.99,2.99,5.0,29.99,
2025-12-28,sv8pt5-149,610504,Holofoil,185.09,160.0,192.24,999.0,
2025-12-28,sv8pt5-155,610510,Holofoil,198.63,189.95,215.73,999.0,
2025-12-28,sv8pt5-156,610511,Holofoil,303.06,290.25,350.0,999.0,
2025-12-28,sv8pt5-161,610516,Holofoil,850.2,849.99,1065.48,5000.0,
2025-12-28,sv8pt5-167,610522,Holofoil,106.15,104.49,113.74,999.0,
2025-12-28,sv8pt5-179,610534,Holofoil,37.96,36.03,42.04,999.0,
2025-12-28,sv8pt5-28,610383,Holofoil,1.06,0.64,1.25,999.0,
2025-12-28,sv8pt5-47,610402,Normal,0.02,0.01,0.1,999.0,0.02
2025-12-28,sv8pt5-47,610402,Reverse Holofoil,0.07,0.01,0.12,999.0,0.04
2025-12-28,sv8pt5-59,610414,Holofoil,0.2,0.01,0.26,999.0,0.08
2025-12-28,sv8pt5-59,610414,Reverse Holofoil,0.44,0.01,0.38,999.0,0.25
2025-12-28,sv8pt5-60,610415,Holofoil,3.76,2.95,4.88,999.0,
2025-12-28,svp-085,518861,Normal,505.19,475.0,650.99,2500.0,699.0
2025-12-28,swsh11-186,284137,Holofoil,579.01,482.0,605.41,899.0,623.99
2025-12-28,swsh12-186,451834,Holofoil,344.31,339.95,390.93,2000.0,359.99
2025-12-28,swsh12pt5gg-GG69,478100,Holofoil,176.59,150.0,200.18,671.52,199.91
2025-12-28,swsh35-25,223018,Normal,0.1,0.03,0.17,1.49,
2025-12-28,swsh35-25,223018,Reverse Holofoil,0.29,0.1,0.29,2.0,
2025-12-28,swsh35-74,223073,Holofoil,182.1,145.0,224.69,1500.0,189.99
2025-12-28,swsh45sv-SV107,232496,Holofoil,123.21,113.94,147.04,349.95,120.0
2025-12-28,swsh7-204,246693,Holofoil,31.58,27.5,33.75,150.0,34.23
2025-12-28,swsh7-205,246696,Holofoil,356.18,282.36,374.65,560.4,363.94
2025-12-28,swsh7-208,246755,Holofoil,28.8,23.55,30.0,48.95,30.24
2025-12-28,swsh7-209,246756,Holofoil,298.69,252.25,296.72,477.46,285.52
2025-12-28,swsh7-211,246702,Holofoil,49.86,36.9,50.11,75.0,
2025-12-28,swsh7-212,246704,Holofoil,351.18,300.0,353.16,1000.0,377.92
2025-12-28,swsh7-215,246723,Holofoil,1775.17,1449.0,1999.0,3999.98,1979.95
2025-12-28,swsh7-218,246733,Holofoil,670.29,530.0,700.0,1035.6,699.99
2025-12-28,swsh7-41,246753,Holofoil,5.34,3.49,5.82,25.0,7.48
2025-12-28,swsh7-65,246690,Holofoil,10.81,7.99,11.86,500.0,
2025-12-28,swsh7-75,246701,Holofoil,12.31,10.49,13.95,70.0,18.52
2025-12-28,swsh7-8,246691,Holofoil,6.65,4.0,7.01,100.0,6.25
2025-12-28,swsh8-271,253266,Holofoil,687.92,649.99,750.05,1499.95,750.1
2025-12-28,swsh9-154,263873,Holofoil,233.33,209.01,298.22,1500.0,259.44
2025-12-29,base1-15,42355,Holofoil,125.67,74.0,124.86,999.98,
2025-12-29,base1-16,42356,Holofoil,36.87,19.35,32.23,9999.0,
2025-12-29,base1-2,42360,Holofoil,161.38,94.95,124.2,500.0,
2025-12-29,base1-4,42382,Holofoil,481.68,355.93,481.24,999.99,
2025-12-29,base1-58,42402,Normal,3.94,0.5,2.32,9999.0,
2025-12-29,cel25c-4,250320,Holofoil,120.89,96.63,137.72,499.99,133.98
2025-12-29,gym2-2,83861,1st Edition Holofoil,926.01,500.0,873.66,1199.99,
2025-12-29,gym2-2,83861,Unlimited Holofoil,476.04,399.0,515.55,629.48,490.3
2025-12-29,neo1-9,86903,1st Edition Holofoil,924.0,1798.75,1800.0,2700.0,
2025-12-29,neo1-9,86903,Unlimited Holofoil,410.0,340.0,394.99,498.35,
2025-12-29,sl-151-bundle,502000,Normal,98.68,89.0,109.99,999.99,
2025-12-29,sl-151-etb,503313,Normal,372.26,389.99,495.48,1000.0,
2025-12-29,sl-151-upc,502005,Normal,590.59,574.0,699.95,40000.0,
2025-12-29,sl-ar-box,265519,Normal,390.94,389.99,470.5,899.99,
2025-12-29,sl-bs-box,256141,Normal,512.3,489.99,662.49,5000.0,
2025-12-29,sl-cel-upc,245140,Normal,816.76,825.0,988.88,154722.59,
2025-12-29,sl-champ-etb,218791,Normal,159.86,159.98,183.5,500.0,
2025-12-29,sl-cz-etb,453470,Normal,210.72,210.0,250.0,785.0,
2025-12-29,sl-dr-box,624679,Normal,395.66,387.53,489.99,2185.0,
2025-12-29,sl-evs-box,242436,Normal,2192.07,2150.0,2800.0,12000.0,
2025-12-29,sl-evs-etb,243721,Normal,707.03,752.0,999.99,1999.99,
2025-12-29,sl-fs-box,247654,Normal,844.44,894.01,1099.0,2900.0,
2025-12-29,sl-hf-etb,194729,Normal,386.31,406.99,500.0,9999.98,
2025-12-29,sl-jp-151,565243,Normal,187.14,190.0,220.0,399.99,
2025-12-29,sl-jp-terastal,603428,Normal,107.97,99.99,120.0,200.0,
2025-12-29,sl-jt-box,610931,Normal,241.7,239.88,272.5,551.0,
2025-12-29,sl-lo-box,277324,Normal,660.67,700.0,899.99,2500.0,
2025-12-29,sl-me1-box,644298,Normal,250.76,250.0,298.98,500.0,
2025-12-29,sl-obf-box,501257,Normal,291.35,285.0,340.0,799.99,
2025-12-29,sl-pe-etb,593355,Normal,116.97,109.99,149.99,1115.0,
2025-12-29,sl-pe-spc,622770,Normal,249.11,237.5,303.58,999.0,
2025-12-29,sl-pf-etb,528040,Normal,260.21,258.79,299.47,775.0,
2025-12-29,sl-phf-box,654137,Normal,237.92,230.75,275.0,525.0,
2025-12-29,sl-shf-etb,228821,Normal,104.88,100.0,120.0,500.11,
2025-12-29,sl-ss-box,565606,Normal,245.9,245.0,324.97,4999.99,
2025-12-29,sl-st-box,283389,Normal,419.27,385.0,499.99,1000.0,
2025-12-29,sl-tf-box,536225,Normal,252.95,254.99,285.0,779.99,
2025-12-29,sv2-185,497557,Normal,0.42,0.05,0.45,4.99,
2025-12-29,sv2-185,497557,Reverse Holofoil,0.9,0.3,0.86,125.0,
2025-12-29,sv2-254,497669,Holofoil,13.97,12.0,15.57,52.5,
2025-12-29,sv2-269,497689,Holofoil,47.57,42.39,54.88,259.99,
2025-12-29,sv3pt5-151,516566,Holofoil,7.04,6.06,8.0,100.0,
2025-12-29,sv3pt5-199,517045,Holofoil,259.0,200.23,287.84,1000.0,302.98
2025-12-29,sv3pt5-205,517051,Holofoil,16.03,13.0,19.01,88.88,
2025-12-29,sv3pt5-4,502555,Normal,0.12,0.01,0.15,20.0,
2025-12-29,sv3pt5-4,502555,Reverse Holofoil,0.23,0.07,0.26,3.0,
2025-12-29,sv3pt5-6,502558,Holofoil,4.81,2.98,5.0,300.0,
2025-12-29,sv3pt5-7,502548,Normal,0.12,0.01,0.15,1.5,
2025-12-29,sv3pt5-7,502548,Reverse Holofoil,0.23,0.01,0.25,50.0,
2025-12-29,sv4pt5-234,535090,Holofoil,219.01,185.0,239.99,799.97,215.0
2025-12-29,sv4pt5-54,534416,Holofoil,3.35,2.5,3.75,60.0,
2025-12-29,sv8-57,590025,Holofoil,4.25,3.0,5.0,29.99,
2025-12-29,sv8pt5-149,610504,Holofoil,185.09,160.0,192.24,999.0,
2025-12-29,sv8pt5-155,610510,Holofoil,198.27,198.63,216.94,999.0,
2025-12-29,sv8pt5-156,610511,Holofoil,302.16,303.08,350.0,999.0,
2025-12-29,sv8pt5-161,610516,Holofoil,889.05,849.99,1060.77,5000.0,
2025-12-29,sv8pt5-167,610522,Holofoil,106.23,95.0,113.69,999.0,
2025-12-29,sv8pt5-179,610534,Holofoil,37.94,36.03,42.34,999.0,
2025-12-29,sv8pt5-28,610383,Holofoil,1.16,0.65,1.25,999.0,
2025-12-29,sv8pt5-47,610402,Normal,0.02,0.01,0.1,999.0,0.02
2025-12-29,sv8pt5-47,610402,Reverse Holofoil,0.08,0.01,0.12,999.0,0.04
2025-12-29,sv8pt5-59,610414,Holofoil,0.22,0.01,0.26,999.0,0.15
2025-12-29,sv8pt5-59,610414,Reverse Holofoil,0.42,0.01,0.4,999.0,0.25
2025-12-29,sv8pt5-60,610415,Holofoil,3.8,2.95,4.88,999.0,
2025-12-29,svp-085,518861,Normal,498.03,474.01,669.0,2500.0,699.0
2025-12-29,swsh11-186,284137,Holofoil,579.06,463.95,620.0,899.0,620.0
2025-12-29,swsh12-186,451834,Holofoil,344.84,320.0,394.0,2000.0,359.99
2025-12-29,swsh12pt5gg-GG69,478100,Holofoil,174.42,159.88,200.0,399.0,199.91
2025-12-29,swsh35-25,223018,Normal,0.1,0.03,0.17,1.49,
2025-12-29,swsh35-25,223018,Reverse Holofoil,0.29,0.1,0.29,2.0,
2025-12-29,swsh35-74,223073,Holofoil,183.49,145.0,212.34,1500.0,189.99
2025-12-29,swsh45sv-SV107,232496,Holofoil,123.01,110.0,145.0,349.95,120.0
2025-12-29,swsh7-204,246693,Holofoil,31.83,27.5,34.23,150.0,34.23
2025-12-29,swsh7-205,246696,Holofoil,356.18,289.99,375.69,560.4,363.94
2025-12-29,swsh7-208,246755,Holofoil,28.95,23.55,30.24,48.95,31.99
2025-12-29,swsh7-209,246756,Holofoil,296.55,252.1,295.78,476.0,285.53
2025-12-29,swsh7-211,246702,Holofoil,49.81,36.9,50.11,75.0,
2025-12-29,swsh7-212,246704,Holofoil,351.18,300.0,356.57,1000.0,377.9
2025-12-29,swsh7-215,246723,Holofoil,1775.17,1449.0,1996.5,3999.98,1979.95
2025-12-29,swsh7-218,246733,Holofoil,670.29,522.0,700.0,1035.6,699.99
2025-12-29,swsh7-41,246753,Holofoil,5.51,3.0,5.95,25.0,7.47
2025-12-29,swsh7-65,246690,Holofoil,10.92,7.99,11.89,500.0,
2025-12-29,swsh7-75,246701,Holofoil,12.62,10.49,13.96,70.0,18.98
2025-12-29,swsh7-8,246691,Holofoil,6.59,4.0,7.02,100.0,6.25
2025-12-29,swsh8-271,253266,Holofoil,687.92,649.99,750.96,1499.95,756.71
2025-12-29,swsh9-154,263873,Holofoil,233.44,209.01,298.45,1500.0,255.27
2025-12-30,base1-15,42355,Holofoil,126.49,73.99,125.73,999.98,
2025-12-30,base1-16,42356,Holofoil,37.38,19.58,32.88,9999.0,
2025-12-30,base1-2,42360,Holofoil,162.94,102.26,125.0,499.99,
2025-12-30,base1-4,42382,Holofoil,481.98,354.94,500.0,999.99,
2025-12-30,base1-58,42402,Normal,3.53,0.5,2.37,9999.0,
2025-12-30,cel25c-4,250320,Holofoil,120.78,99.22,142.1,499.99,135.0
2025-12-30,gym2-2,83861,1st Edition Holofoil,926.01,500.0,873.66,1199.99,
2025-12-30,gym2-2,83861,Unlimited Holofoil,476.04,399.0,515.55,629.48,490.3
2025-12-30,neo1-9,86903,1st Edition Holofoil,924.0,1798.75,1800.0,2700.0,
2025-12-30,neo1-9,86903,Unlimited Holofoil,410.0,300.0,378.79,498.35,
2025-12-30,sl-151-bundle,502000,Normal,98.78,92.0,109.99,999.99,
2025-12-30,sl-151-etb,503313,Normal,373.06,395.0,495.95,1000.0,
2025-12-30,sl-151-upc,502005,Normal,590.59,574.99,699.97,40000.0,
2025-12-30,sl-ar-box,265519,Normal,390.34,389.99,465.0,899.99,
2025-12-30,sl-bs-box,256141,Normal,520.5,489.99,675.0,5000.0,
2025-12-30,sl-cel-upc,245140,Normal,816.76,819.99,985.93,154722.59,
2025-12-30,sl-champ-etb,218791,Normal,159.86,159.98,183.75,500.0,
2025-12-30,sl-cz-etb,453470,Normal,211.73,215.0,250.0,785.0,
2025-12-30,sl-dr-box,624679,Normal,394.14,395.66,489.99,2185.0,
2025-12-30,sl-evs-box,242436,Normal,2183.87,2150.0,2800.0,12000.0,
2025-12-30,sl-evs-etb,243721,Normal,707.03,752.0,999.98,1999.99,
2025-12-30,sl-fs-box,247654,Normal,841.84,894.01,1099.5,2900.0,
2025-12-30,sl-hf-etb,194729,Normal,384.47,406.99,500.0,9999.98,
2025-12-30,sl-jp-151,565243,Normal,188.6,199.0,220.0,399.99,
2025-12-30,sl-jp-terastal,603428,Normal,107.56,99.99,122.5,200.0,
2025-12-30,sl-jt-box,610931,Normal,243.14,239.88,274.99,551.0,
2025-12-30,sl-lo-box,277324,Normal,660.67,700.0,900.0,2500.0,
2025-12-30,sl-me1-box,644298,Normal,252.22,250.0,299.48,500.0,
2025-12-30,sl-obf-box,501257,Normal,291.04,285.0,342.5,799.99,
2025-12-30,sl-pe-etb,593355,Normal,118.2,117.24,149.99,1115.0,
2025-12-30,sl-pe-spc,622770,Normal,247.53,237.5,300.93,999.0,
2025-12-30,sl-pf-etb,528040,Normal,260.21,258.79,298.95,775.0,
2025-12-30,sl-phf-box,654137,Normal,239.74,235.0,275.0,499.99,
2025-12-30,sl-shf-etb,228821,Normal,105.48,100.0,120.0,500.11,
2025-12-30,sl-ss-box,565606,Normal,249.1,245.0,324.94,4999.99,
2025-12-30,sl-st-box,283389,Normal,419.72,425.0,499.99,1000.0,
2025-12-30,sl-tf-box,536225,Normal,253.0,264.5,297.99,779.99,
2025-12-30,sv2-185,497557,Normal,0.38,0.05,0.45,4.99,
2025-12-30,sv2-185,497557,Reverse Holofoil,0.84,0.3,0.87,125.0,
2025-12-30,sv2-254,497669,Holofoil,13.13,11.99,15.51,52.5,
2025-12-30,sv2-269,497689,Holofoil,47.18,42.39,54.88,259.99,
2025-12-30,sv3pt5-151,516566,Holofoil,7.0,5.8,8.01,100.0,
2025-12-30,sv3pt5-199,517045,Holofoil,253.51,200.23,283.99,1000.0,263.99
2025-12-30,sv3pt5-205,517051,Holofoil,15.96,13.0,19.62,88.88,
2025-12-30,sv3pt5-4,502555,Normal,0.14,0.01,0.15,20.0,0.12
2025-12-30,sv3pt5-4,502555,Reverse Holofoil,0.2,0.07,0.25,3.99,0.23
2025-12-30,sv3pt5-6,502558,Holofoil,4.8,2.98,5.0,300.0,
2025-12-30,sv3pt5-7,502548,Normal,0.13,0.01,0.15,1.5,
2025-12-30,sv3pt5-7,502548,Reverse Holofoil,0.26,0.01,0.25,50.0,
2025-12-30,sv4pt5-234,535090,Holofoil,207.48,185.0,240.0,799.97,212.15
2025-12-30,sv4pt5-54,534416,Holofoil,3.13,2.5,3.75,60.0,
2025-12-30,sv8-57,590025,Holofoil,3.99,3.0,5.0,29.99,
2025-12-30,sv8pt5-149,610504,Holofoil,185.09,160.0,192.24,999.0,
2025-12-30,sv8pt5-155,610510,Holofoil,198.91,198.63,217.11,999.0,
2025-12-30,sv8pt5-156,610511,Holofoil,302.96,302.97,350.0,999.0,
2025-12-30,sv8pt5-161,610516,Holofoil,824.01,868.99,1065.48,5000.0,
2025-12-30,sv8pt5-167,610522,Holofoil,107.98,104.49,115.0,999.0,
2025-12-30,sv8pt5-179,610534,Holofoil,37.65,35.0,42.4,999.0,
2025-12-30,sv8pt5-28,610383,Holofoil,1.2,0.65,1.28,999.0,
2025-12-30,sv8pt5-47,610402,Normal,0.03,0.01,0.1,999.0,0.02
2025-12-30,sv8pt5-47,610402,Reverse Holofoil,0.11,0.01,0.13,999.0,0.04
2025-12-30,sv8pt5-59,610414,Holofoil,0.41,0.01,0.28,999.0,0.15
2025-12-30,sv8pt5-59,610414,Reverse Holofoil,0.37,0.01,0.37,999.0,0.25
2025-12-30,sv8pt5-60,610415,Holofoil,3.87,2.95,4.81,999.0,4.13
2025-12-30,svp-085,518861,Normal,499.38,474.01,669.0,2500.0,699.0
2025-12-30,swsh11-186,284137,Holofoil,582.06,463.95,630.0,899.0,680.0
2025-12-30,swsh12-186,451834,Holofoil,340.03,340.63,399.0,2000.0,387.94
2025-12-30,swsh12pt5gg-GG69,478100,Holofoil,174.54,159.88,200.09,399.0,199.91
2025-12-30,swsh35-25,223018,Normal,0.1,0.03,0.17,1.82,
2025-12-30,swsh35-25,223018,Reverse Holofoil,0.29,0.1,0.29,2.0,
2025-12-30,swsh35-74,223073,Holofoil,183.49,145.0,212.34,1500.0,189.99
2025-12-30,swsh45sv-SV107,232496,Holofoil,122.51,105.0,144.65,349.95,120.0
2025-12-30,swsh7-204,246693,Holofoil,31.99,27.5,33.71,150.0,31.99
2025-12-30,swsh7-205,246696,Holofoil,347.73,289.99,382.57,547.1,363.94
2025-12-30,swsh7-208,246755,Holofoil,29.03,23.55,30.24,48.95,32.49
2025-12-30,swsh7-209,246756,Holofoil,296.55,252.1,295.0,474.66,285.53
2025-12-30,swsh7-211,246702,Holofoil,50.0,36.9,50.06,75.0,48.98
2025-12-30,swsh7-212,246704,Holofoil,343.39,300.0,370.86,1000.0,374.96
2025-12-30,swsh7-215,246723,Holofoil,1775.17,1449.0,1987.49,4000.0,1979.95
2025-12-30,swsh7-218,246733,Holofoil,668.33,522.0,700.0,950.0,699.95
2025-12-30,swsh7-41,246753,Holofoil,5.77,3.0,5.99,25.0,7.47
2025-12-30,swsh7-65,246690,Holofoil,10.67,7.99,12.0,500.0,
2025-12-30,swsh7-75,246701,Holofoil,12.94,10.49,14.0,70.0,18.89
2025-12-30,swsh7-8,246691,Holofoil,6.67,4.0,7.03,100.0,6.25
2025-12-30,swsh8-271,253266,Holofoil,687.92,649.99,750.96,1499.95,756.71
2025-12-30,swsh9-154,263873,Holofoil,232.64,206.0,299.99,1500.0,255.27
2025-12-31,base1-15,42355,Holofoil,126.89,74.0,131.95,999.98,
2025-12-31,base1-16,42356,Holofoil,37.93,20.0,33.33,9999.0,
2025-12-31,base1-2,42360,Holofoil,162.94,102.26,125.0,499.99,
2025-12-31,base1-4,42382,Holofoil,481.98,354.94,465.76,999.99,
2025-12-31,base1-58,42402,Normal,3.55,0.5,2.5,9999.0,
2025-12-31,cel25c-4,250320,Holofoil,125.63,99.22,144.24,499.99,160.24
2025-12-31,gym2-2,83861,1st Edition Holofoil,926.01,500.0,873.66,1199.99,
2025-12-31,gym2-2,83861,Unlimited Holofoil,476.04,399.0,515.55,629.48,490.3
2025-12-31,neo1-9,86903,1st Edition Holofoil,924.0,1798.75,1800.0,2700.0,
2025-12-31,neo1-9,86903,Unlimited Holofoil,410.0,349.0,397.0,498.35,
2025-12-31,sl-151-bundle,502000,Normal,98.1,92.0,114.91,999.99,
2025-12-31,sl-151-etb,503313,Normal,374.94,395.0,498.5,1000.0,
2025-12-31,sl-151-upc,502005,Normal,590.51,584.98,699.99,40000.0,
2025-12-31,sl-ar-box,265519,Normal,390.28,380.0,460.0,899.99,
2025-12-31,sl-bs-box,256141,Normal,542.38,489.99,745.97,5000.0,
2025-12-31,sl-cel-upc,245140,Normal,816.84,819.99,988.88,154722.59,
2025-12-31,sl-champ-etb,218791,Normal,159.86,159.98,183.88,500.0,
2025-12-31,sl-cz-etb,453470,Normal,213.1,200.98,250.0,785.0,
2025-12-31,sl-dr-box,624679,Normal,394.66,395.1,485.5,2185.0,
2025-12-31,sl-evs-box,242436,Normal,2183.87,2150.0,2800.0,12000.0,
2025-12-31,sl-evs-etb,243721,Normal,707.03,752.0,999.98,1999.99,
2025-12-31,sl-fs-box,247654,Normal,840.68,870.0,1100.0,2900.0,
2025-12-31,sl-hf-etb,194729,Normal,386.51,406.99,500.0,9999.98,
2025-12-31,sl-jp-151,565243,Normal,190.47,198.0,220.0,399.99,
2025-12-31,sl-jp-terastal,603428,Normal,106.97,99.99,122.5,200.0,
2025-12-31,sl-jt-box,610931,Normal,244.67,244.88,277.99,551.0,
2025-12-31,sl-lo-box,277324,Normal,671.47,700.0,900.0,2500.0,
2025-12-31,sl-me1-box,644298,Normal,251.62,239.95,298.95,500.0,
2025-12-31,sl-obf-box,501257,Normal,292.08,270.0,342.5,799.99,
2025-12-31,sl-pe-etb,593355,Normal,119.91,115.0,149.99,1115.0,
2025-12-31,sl-pe-spc,622770,Normal,245.09,237.5,302.95,999.0,
2025-12-31,sl-pf-etb,528040,Normal,260.16,255.0,298.95,775.0,
2025-12-31,sl-phf-box,654137,Normal,243.13,235.0,275.0,499.99,
2025-12-31,sl-shf-etb,228821,Normal,105.8,100.0,122.48,500.11,
2025-12-31,sl-ss-box,565606,Normal,251.66,239.99,315.99,4999.99,
2025-12-31,sl-st-box,283389,Normal,430.2,438.0,585.0,1000.0,
2025-12-31,sl-tf-box,536225,Normal,253.0,264.5,287.5,779.99,
2025-12-31,sv2-185,497557,Normal,0.38,0.05,0.45,4.99,
2025-12-31,sv2-185,497557,Reverse Holofoil,0.92,0.3,0.88,6.99,
2025-12-31,sv2-254,497669,Holofoil,13.34,12.0,15.39,52.5,13.5
2025-12-31,sv2-269,497689,Holofoil,47.47,42.39,54.41,259.99,
2025-12-31,sv3pt5-151,516566,Holofoil,7.49,5.25,8.0,100.0,10.99
2025-12-31,sv3pt5-199,517045,Holofoil,251.91,204.33,288.64,1000.0,299.95
2025-12-31,sv3pt5-205,517051,Holofoil,15.84,13.0,19.45,88.88,19.6
2025-12-31,sv3pt5-4,502555,Normal,0.13,0.01,0.15,20.0,0.12
2025-12-31,sv3pt5-4,502555,Reverse Holofoil,0.21,0.07,0.25,3.99,0.24
2025-12-31,sv3pt5-6,502558,Holofoil,4.75,2.98,5.0,300.0,6.33
2025-12-31,sv3pt5-7,502548,Normal,0.16,0.01,0.15,1.5,
2025-12-31,sv3pt5-7,502548,Reverse Holofoil,0.24,0.01,0.25,50.0,0.23
2025-12-31,sv4pt5-234,535090,Holofoil,205.84,185.0,240.0,799.97,349.99
2025-12-31,sv4pt5-54,534416,Holofoil,3.37,2.75,3.75,60.0,
2025-12-31,sv8-57,590025,Holofoil,4.55,3.18,5.0,29.99,
2025-12-31,sv8pt5-149,610504,Holofoil,183.98,160.0,192.02,999.0,
2025-12-31,sv8pt5-155,610510,Holofoil,199.08,198.95,215.73,999.0,
2025-12-31,sv8pt5-156,610511,Holofoil,302.96,302.62,350.0,999.0,
2025-12-31,sv8pt5-161,610516,Holofoil,828.01,868.99,1055.43,5000.0,
2025-12-31,sv8pt5-167,610522,Holofoil,108.39,104.49,115.0,999.0,
2025-12-31,sv8pt5-179,610534,Holofoil,37.52,34.85,42.34,999.0,
2025-12-31,sv8pt5-28,610383,Holofoil,1.24,0.65,1.3,999.0,
2025-12-31,sv8pt5-47,610402,Normal,0.03,0.01,0.1,999.0,0.02
2025-12-31,sv8pt5-47,610402,Reverse Holofoil,0.1,0.01,0.13,999.0,0.06
2025-12-31,sv8pt5-59,610414,Holofoil,0.3,0.01,0.29,999.0,0.15
2025-12-31,sv8pt5-59,610414,Reverse Holofoil,0.35,0.01,0.37,999.0,0.25
2025-12-31,sv8pt5-60,610415,Holofoil,3.79,2.95,4.82,999.0,4.4
2025-12-31,svp-085,518861,Normal,499.38,474.01,669.0,2500.0,699.0
2025-12-31,swsh11-186,284137,Holofoil,582.06,463.95,630.0,899.0,680.0
2025-12-31,swsh12-186,451834,Holofoil,340.03,336.99,397.88,2000.0,387.94
2025-12-31,swsh12pt5gg-GG69,478100,Holofoil,174.42,159.88,205.59,399.0,199.87
2025-12-31,swsh35-25,223018,Normal,0.1,0.03,0.17,1.82,
2025-12-31,swsh35-25,223018,Reverse Holofoil,0.29,0.09,0.29,2.0,
2025-12-31,swsh35-74,223073,Holofoil,183.49,145.0,212.34,1500.0,189.99
2025-12-31,swsh45sv-SV107,232496,Holofoil,121.71,105.0,144.32,349.95,103.67
2025-12-31,swsh7-204,246693,Holofoil,31.97,28.0,33.16,150.0,31.98
2025-12-31,swsh7-205,246696,Holofoil,346.44,289.99,383.5,544.5,363.98
2025-12-31,swsh7-208,246755,Holofoil,29.03,23.55,30.24,48.95,32.49
2025-12-31,swsh7-209,246756,Holofoil,294.57,250.4,295.0,474.1,285.53
2025-12-31,swsh7-211,246702,Holofoil,50.0,36.9,50.11,75.0,
2025-12-31,swsh7-212,246704,Holofoil,343.39,300.0,370.86,1000.0,374.96
2025-12-31,swsh7-215,246723,Holofoil,1775.17,1449.0,1979.98,4000.0,1979.95
2025-12-31,swsh7-218,246733,Holofoil,664.2,522.0,699.99,950.0,699.93
2025-12-31,swsh7-41,246753,Holofoil,5.78,3.49,5.99,25.0,7.48
2025-12-31,swsh7-65,246690,Holofoil,10.67,7.99,12.0,500.0,
2025-12-31,swsh7-75,246701,Holofoil,13.84,10.19,14.08,70.0,7.69
2025-12-31,swsh7-8,246691,Holofoil,6.98,4.0,7.03,100.0,10.01
2025-12-31,swsh8-271,253266,Holofoil,688.47,639.63,754.32,1499.95,756.71
2025-12-31,swsh9-154,263873,Holofoil,230.82,206.0,302.85,1500.0,255.27
