date,asset_id,product_id,subtype,market,low,mid,high,direct_low
2025-06-01,base1-15,42355,Holofoil,123.89,74.99,118.8,300.0,
2025-06-01,base1-16,42356,Holofoil,45.01,17.04,33.25,9999.0,
2025-06-01,base1-2,42360,Holofoil,162.9,119.99,152.56,499.99,
2025-06-01,base1-4,42382,Holofoil,494.04,400.0,500.0,1249.99,
2025-06-01,base1-58,42402,Normal,2.99,0.4,2.3,9999.0,
2025-06-01,cel25c-4,250320,Holofoil,101.1,85.21,105.32,250.0,104.84
2025-06-01,gym2-2,83861,1st Edition Holofoil,697.67,376.48,499.99,500.0,
2025-06-01,gym2-2,83861,Unlimited Holofoil,421.95,347.99,434.99,599.0,
2025-06-01,neo1-9,86903,1st Edition Holofoil,1251.5,1350.0,2152.49,2954.98,
2025-06-01,neo1-9,86903,Unlimited Holofoil,426.97,338.99,359.99,474.7,
2025-06-01,sl-151-bundle,502000,Normal,68.62,61.95,71.25,230.0,
2025-06-01,sl-151-etb,503313,Normal,232.1,220.0,253.86,4999.99,
2025-06-01,sl-151-upc,502005,Normal,372.74,367.02,400.0,26500.0,
2025-06-01,sl-ar-box,265519,Normal,413.04,370.0,450.0,1999.99,
2025-06-01,sl-bs-box,256141,Normal,421.65,420.0,493.5,999.99,
2025-06-01,sl-cel-upc,245140,Normal,466.06,476.0,500.31,2000.0,
2025-06-01,sl-champ-etb,218791,Normal,125.17,109.7,139.99,800.0,
2025-06-01,sl-cz-etb,453470,Normal,158.78,155.96,199.0,1999.99,
2025-06-01,sl-dr-box,624679,Normal,254.85,251.0,264.88,99999.0,
2025-06-01,sl-evs-box,242436,Normal,1800.41,1900.0,2000.0,10000.0,
2025-06-01,sl-evs-etb,243721,Normal,520.04,639.99,685.0,999.99,
2025-06-01,sl-fs-box,247654,Normal,791.03,775.0,974.99,1999.99,
2025-06-01,sl-hf-etb,194729,Normal,306.42,310.0,399.93,550.0,
2025-06-01,sl-jp-151,565243,Normal,162.49,157.0,172.49,399.99,
2025-06-01,sl-jp-terastal,603428,Normal,91.17,87.19,111.75,200.0,
2025-06-01,sl-jt-box,610931,Normal,210.41,203.01,241.26,600.0,
2025-06-01,sl-lo-box,277324,Normal,539.82,519.99,629.99,1500.0,
2025-06-01,sl-obf-box,501257,Normal,236.99,230.99,255.0,500.0,
2025-06-01,sl-pe-etb,593355,Normal,112.62,104.99,137.45,299.99,
2025-06-01,sl-pe-spc,622770,Normal,220.76,215.0,249.97,99999.0,
2025-06-01,sl-pf-etb,528040,Normal,143.0,139.99,149.99,209.98,
2025-06-01,sl-shf-etb,228821,Normal,88.58,73.0,94.09,499.99,
2025-06-01,sl-ss-box,565606,Normal,217.74,211.96,279.99,4999.99,
2025-06-01,sl-st-box,283389,Normal,338.91,325.0,399.99,1199.99,
2025-06-01,sl-tf-box,536225,Normal,214.23,210.99,245.02,400.0,
2025-06-01,sv2-185,497557,Normal,0.31,0.01,0.4,5.15,
2025-06-01,sv2-185,497557,Reverse Holofoil,0.7,0.12,0.99,9.99,0.94
2025-06-01,sv2-254,497669,Holofoil,20.31,16.0,21.78,100.0,37.98
2025-06-01,sv2-269,497689,Holofoil,59.29,53.09,65.4,259.99,69.96
2025-06-01,sv3pt5-151,516566,Holofoil,8.63,5.03,7.74,40.0,14.99
2025-06-01,sv3pt5-199,517045,Holofoil,209.01,191.53,240.96,1400.0,
2025-06-01,sv3pt5-205,517051,Holofoil,13.32,10.0,14.04,50.0,12.35
2025-06-01,sv3pt5-4,502555,Normal,0.1,0.01,0.15,5.0,0.1
2025-06-01,sv3pt5-4,502555,Reverse Holofoil,0.25,0.07,0.25,4.95,
2025-06-01,sv3pt5-6,502558,Holofoil,4.65,2.87,5.0,30.0,6.1
2025-06-01,sv3pt5-7,502548,Normal,0.11,0.01,0.15,15.0,
2025-06-01,sv3pt5-7,502548,Reverse Holofoil,0.22,0.02,0.24,11.0,0.2
2025-06-01,sv4pt5-234,535090,Holofoil,175.18,150.0,189.04,499.98,179.49
2025-06-01,sv4pt5-54,534416,Holofoil,2.95,1.7,2.92,45.0,4.79
2025-06-01,sv8-57,590025,Holofoil,8.36,6.0,8.7,50.0,12.99
2025-06-01,sv8pt5-149,610504,Holofoil,276.12,243.0,300.0,800.0,
2025-06-01,sv8pt5-155,610510,Holofoil,341.41,312.65,344.0,899.95,
2025-06-01,sv8pt5-156,610511,Holofoil,482.86,390.0,475.99,999.95,474.99
2025-06-01,sv8pt5-161,610516,Holofoil,1209.9,1075.0,1256.0,2096.98,1175.89
2025-06-01,sv8pt5-167,610522,Holofoil,167.92,144.72,170.98,360.68,
2025-06-01,sv8pt5-179,610534,Holofoil,43.98,39.99,56.12,270.0,
2025-06-01,sv8pt5-28,610383,Holofoil,1.07,0.43,1.5,14.0,
2025-06-01,sv8pt5-47,610402,Normal,0.06,0.01,0.1,5.01,0.04
2025-06-01,sv8pt5-47,610402,Reverse Holofoil,0.13,0.01,0.14,4.95,0.07
2025-06-01,sv8pt5-59,610414,Holofoil,0.27,0.01,0.34,100.0,
2025-06-01,sv8pt5-59,610414,Reverse Holofoil,0.34,0.1,0.51,25.0,
2025-06-01,sv8pt5-60,610415,Holofoil,4.92,4.0,7.0,40.0,
2025-06-01,svp-085,518861,Normal,324.94,319.99,349.95,599.95,349.95
2025-06-01,swsh11-186,284137,Holofoil,543.12,458.11,559.97,1269.69,532.97
2025-06-01,swsh12-186,451834,Holofoil,274.09,255.85,300.0,699.95,329.93
2025-06-01,swsh12pt5gg-GG69,478100,Holofoil,162.67,160.0,198.79,1000.0,161.04
2025-06-01,swsh35-25,223018,Normal,0.14,0.01,0.2,1.25,
2025-06-01,swsh35-25,223018,Reverse Holofoil,0.31,0.09,0.31,2.0,
2025-06-01,swsh35-74,223073,Holofoil,179.97,162.18,219.83,1500.0,199.95
2025-06-01,swsh45sv-SV107,232496,Holofoil,111.64,103.99,127.49,349.95,120.06
2025-06-01,swsh7-204,246693,Holofoil,25.69,23.0,33.97,100.0,34.49
2025-06-01,swsh7-205,246696,Holofoil,397.32,329.71,425.07,899.95,409.99
2025-06-01,swsh7-208,246755,Holofoil,25.15,24.95,29.2,59.95,27.2
2025-06-01,swsh7-209,246756,Holofoil,284.47,271.0,334.44,799.99,316.99
2025-06-01,swsh7-211,246702,Holofoil,43.41,38.01,46.52,99.95,46.51
2025-06-01,swsh7-212,246704,Holofoil,334.09,265.0,364.6,1063.48,334.99
2025-06-01,swsh7-215,246723,Holofoil,1545.28,1250.0,1620.9,2499.95,1184.89
2025-06-01,swsh7-218,246733,Holofoil,714.29,599.99,744.84,1299.95,684.73
2025-06-01,swsh7-41,246753,Holofoil,4.63,3.92,5.25,89.0,5.99
2025-06-01,swsh7-65,246690,Holofoil,9.31,7.0,9.99,500.0,9.97
2025-06-01,swsh7-75,246701,Holofoil,11.13,7.73,11.06,50.0,11.99
2025-06-01,swsh7-8,246691,Holofoil,6.1,4.0,6.36,50.0,6.48
2025-06-01,swsh8-271,253266,Holofoil,586.34,518.89,669.48,1250.0,528.99
2025-06-01,swsh9-154,263873,Holofoil,205.25,180.95,219.99,1500.0,219.91
2025-06-02,base1-15,42355,Holofoil,123.89,73.99,118.78,300.0,
2025-06-02,base1-16,42356,Holofoil,45.01,16.4,33.33,9999.0,
2025-06-02,base1-2,42360,Holofoil,163.28,119.99,153.87,499.99,
2025-06-02,base1-4,42382,Holofoil,494.04,400.0,500.0,1249.99,
2025-06-02,base1-58,42402,Normal,3.0,0.4,2.39,9999.0,
2025-06-02,cel25c-4,250320,Holofoil,99.55,85.21,105.0,250.0,100.2
2025-06-02,gym2-2,83861,1st Edition Holofoil,697.67,376.48,499.99,500.0,
2025-06-02,gym2-2,83861,Unlimited Holofoil,421.95,347.99,434.99,599.0,
2025-06-02,neo1-9,86903,1st Edition Holofoil,1251.5,1350.0,1575.0,1800.0,
2025-06-02,neo1-9,86903,Unlimited Holofoil,426.97,260.0,359.99,475.94,
2025-06-02,sl-151-bundle,502000,Normal,66.97,60.0,71.25,230.0,
2025-06-02,sl-151-etb,503313,Normal,231.81,225.77,271.0,4999.99,
2025-06-02,sl-151-upc,502005,Normal,372.74,325.0,400.0,26500.0,
2025-06-02,sl-ar-box,265519,Normal,411.8,367.0,455.0,1999.99,
2025-06-02,sl-bs-box,256141,Normal,427.37,420.0,475.0,999.99,
2025-06-02,sl-cel-upc,245140,Normal,466.06,476.0,500.31,2000.0,
2025-06-02,sl-champ-etb,218791,Normal,122.3,109.7,139.99,800.0,
2025-06-02,sl-cz-etb,453470,Normal,160.34,157.0,197.0,1999.99,
2025-06-02,sl-dr-box,624679,Normal,256.59,245.0,269.95,99999.0,
2025-06-02,sl-evs-box,242436,Normal,1800.41,1874.75,2000.0,10000.0,
2025-06-02,sl-evs-etb,243721,Normal,520.04,639.99,699.99,999.99,
2025-06-02,sl-fs-box,247654,Normal,791.03,765.0,969.0,1999.99,
2025-06-02,sl-hf-etb,194729,Normal,306.42,310.0,399.92,550.0,
2025-06-02,sl-jp-151,565243,Normal,162.62,157.0,170.29,399.99,
2025-06-02,sl-jp-terastal,603428,Normal,88.78,87.19,110.0,200.0,
2025-06-02,sl-jt-box,610931,Normal,209.51,205.0,244.98,600.0,
2025-06-02,sl-lo-box,277324,Normal,538.82,519.99,660.0,1500.0,
2025-06-02,sl-obf-box,501257,Normal,233.92,226.99,257.5,500.0,
2025-06-02,sl-pe-etb,593355,Normal,109.74,105.99,137.92,299.99,
2025-06-02,sl-pe-spc,622770,Normal,246.18,207.95,246.5,99999.0,
2025-06-02,sl-pf-etb,528040,Normal,144.86,139.99,149.99,209.98,
2025-06-02,sl-shf-etb,228821,Normal,86.58,73.0,91.64,499.99,
2025-06-02,sl-ss-box,565606,Normal,216.87,208.9,280.0,4999.99,
2025-06-02,sl-st-box,283389,Normal,339.47,325.0,400.0,1199.99,
2025-06-02,sl-tf-box,536225,Normal,214.88,210.99,245.02,400.0,
2025-06-02,sv2-185,497557,Normal,0.36,0.01,0.39,5.2,
2025-06-02,sv2-185,497557,Reverse Holofoil,0.73,0.12,0.99,9.99,0.81
2025-06-02,sv2-254,497669,Holofoil,20.43,16.0,21.76,100.0,37.98
2025-06-02,sv2-269,497689,Holofoil,59.27,53.09,65.0,259.99,69.96
2025-06-02,sv3pt5-151,516566,Holofoil,9.29,4.0,8.0,40.0,11.0
2025-06-02,sv3pt5-199,517045,Holofoil,208.12,191.53,240.42,1400.0,217.77
2025-06-02,sv3pt5-205,517051,Holofoil,12.75,10.0,14.0,50.0,14.85
2025-06-02,sv3pt5-4,502555,Normal,0.09,0.01,0.15,5.0,0.09
2025-06-02,sv3pt5-4,502555,Reverse Holofoil,0.24,0.07,0.25,4.95,0.18
2025-06-02,sv3pt5-6,502558,Holofoil,4.13,3.51,5.0,30.0,5.46
2025-06-02,sv3pt5-7,502548,Normal,0.1,0.01,0.15,15.0,
2025-06-02,sv3pt5-7,502548,Reverse Holofoil,0.23,0.02,0.24,11.0,0.2
2025-06-02,sv4pt5-234,535090,Holofoil,172.49,158.19,186.1,499.98,170.0
2025-06-02,sv4pt5-54,534416,Holofoil,2.69,1.7,2.92,45.0,4.95
2025-06-02,sv8-57,590025,Holofoil,7.96,6.0,8.95,50.0,
2025-06-02,sv8pt5-149,610504,Holofoil,276.12,220.0,300.0,800.0,
2025-06-02,sv8pt5-155,610510,Holofoil,339.05,307.29,344.0,899.95,
2025-06-02,sv8pt5-156,610511,Holofoil,466.71,389.48,475.24,999.95,474.97
2025-06-02,sv8pt5-161,610516,Holofoil,1204.97,1075.0,1271.99,2056.54,1187.75
2025-06-02,sv8pt5-167,610522,Holofoil,164.35,139.5,170.98,360.68,
2025-06-02,sv8pt5-179,610534,Holofoil,44.33,39.99,55.44,270.0,
2025-06-02,sv8pt5-28,610383,Holofoil,0.89,0.43,1.5,14.0,
2025-06-02,sv8pt5-47,610402,Normal,0.06,0.01,0.1,5.01,0.04
2025-06-02,sv8pt5-47,610402,Reverse Holofoil,0.14,0.01,0.14,4.95,0.07
2025-06-02,sv8pt5-59,610414,Holofoil,0.21,0.01,0.32,100.0,
2025-06-02,sv8pt5-59,610414,Reverse Holofoil,0.35,0.1,0.5,25.0,
2025-06-02,sv8pt5-60,610415,Holofoil,4.8,4.0,7.0,40.0,
2025-06-02,svp-085,518861,Normal,324.98,310.0,349.95,599.95,349.95
2025-06-02,swsh11-186,284137,Holofoil,543.12,458.11,559.99,1269.69,532.98
2025-06-02,swsh12-186,451834,Holofoil,274.09,249.99,299.99,699.95,255.85
2025-06-02,swsh12pt5gg-GG69,478100,Holofoil,162.18,150.0,195.99,1000.0,162.5
2025-06-02,swsh35-25,223018,Normal,0.14,0.01,0.2,1.25,
2025-06-02,swsh35-25,223018,Reverse Holofoil,0.31,0.09,0.31,2.0,
2025-06-02,swsh35-74,223073,Holofoil,179.97,162.18,219.66,1500.0,199.95
2025-06-02,swsh45sv-SV107,232496,Holofoil,111.57,104.49,129.0,349.95,120.06
2025-06-02,swsh7-204,246693,Holofoil,25.69,23.0,33.49,100.0,34.49
2025-06-02,swsh7-205,246696,Holofoil,397.32,329.7,425.08,899.95,409.99
2025-06-02,swsh7-208,246755,Holofoil,25.15,24.95,29.2,59.95,27.2
2025-06-02,swsh7-209,246756,Holofoil,284.47,270.71,330.74,799.99,316.99
2025-06-02,swsh7-211,246702,Holofoil,43.41,38.01,46.52,99.95,46.52
2025-06-02,swsh7-212,246704,Holofoil,334.09,266.0,363.99,1063.48,334.98
2025-06-02,swsh7-215,246723,Holofoil,1527.28,1350.0,1600.49,2499.95,1184.89
2025-06-02,swsh7-218,246733,Holofoil,714.29,599.99,739.67,1299.95,684.71
2025-06-02,swsh7-41,246753,Holofoil,4.66,3.92,5.31,89.0,5.99
2025-06-02,swsh7-65,246690,Holofoil,9.14,7.62,9.99,500.0,9.97
2025-06-02,swsh7-75,246701,Holofoil,11.03,7.73,11.1,50.0,11.99
2025-06-02,swsh7-8,246691,Holofoil,5.99,4.0,6.37,50.0,6.45
2025-06-02,swsh8-271,253266,Holofoil,586.34,494.62,654.75,1250.0,528.99
2025-06-02,swsh9-154,263873,Holofoil,205.73,180.0,219.99,1500.0,219.91
2025-06-03,base1-15,42355,Holofoil,123.89,70.0,117.56,300.0,
2025-06-03,base1-16,42356,Holofoil,45.01,21.6,35.61,9999.0,
2025-06-03,base1-2,42360,Holofoil,163.28,101.21,149.99,499.99,
2025-06-03,base1-4,42382,Holofoil,462.27,400.0,499.99,1249.99,
2025-06-03,base1-58,42402,Normal,2.96,0.4,2.42,9999.0,
2025-06-03,cel25c-4,250320,Holofoil,98.03,85.21,104.87,250.0,98.03
2025-06-03,gym2-2,83861,1st Edition Holofoil,697.67,376.48,499.99,500.0,
2025-06-03,gym2-2,83861,Unlimited Holofoil,421.95,347.99,504.99,599.99,549.98
2025-06-03,neo1-9,86903,1st Edition Holofoil,1251.5,1150.0,1475.0,1800.0,
2025-06-03,neo1-9,86903,Unlimited Holofoil,426.97,260.0,354.99,475.94,
2025-06-03,sl-151-bundle,502000,Normal,66.33,59.99,71.0,230.0,
2025-06-03,sl-151-etb,503313,Normal,232.72,230.0,282.0,4999.99,
2025-06-03,sl-151-upc,502005,Normal,372.72,367.02,400.0,26500.0,
2025-06-03,sl-ar-box,265519,Normal,411.8,367.0,460.0,1999.99,
2025-06-03,sl-bs-box,256141,Normal,427.37,410.0,472.5,999.99,
2025-06-03,sl-cel-upc,245140,Normal,467.54,475.0,500.31,2000.0,
2025-06-03,sl-champ-etb,218791,Normal,121.73,109.0,147.0,800.0,
2025-06-03,sl-cz-etb,453470,Normal,161.98,160.0,199.0,1999.99,
2025-06-03,sl-dr-box,624679,Normal,255.09,240.87,270.0,99999.0,
2025-06-03,sl-evs-box,242436,Normal,1800.41,1850.0,2000.0,10000.0,
2025-06-03,sl-evs-etb,243721,Normal,520.04,639.99,685.0,999.99,
2025-06-03,sl-fs-box,247654,Normal,791.92,744.27,950.0,1999.99,
2025-06-03,sl-hf-etb,194729,Normal,306.42,317.04,399.92,550.0,
2025-06-03,sl-jp-151,565243,Normal,162.11,159.99,170.58,399.99,
2025-06-03,sl-jp-terastal,603428,Normal,86.74,85.37,110.0,200.0,
2025-06-03,sl-jt-box,610931,Normal,209.11,208.0,244.98,600.0,
2025-06-03,sl-lo-box,277324,Normal,537.69,500.0,639.97,1500.0,
2025-06-03,sl-obf-box,501257,Normal,233.28,231.99,269.04,500.0,
2025-06-03,sl-pe-etb,593355,Normal,113.95,104.99,135.85,299.99,
2025-06-03,sl-pe-spc,622770,Normal,217.7,208.99,244.66,99999.0,
2025-06-03,sl-pf-etb,528040,Normal,147.99,139.19,151.12,209.98,
2025-06-03,sl-shf-etb,228821,Normal,85.25,73.0,94.87,499.99,
2025-06-03,sl-ss-box,565606,Normal,216.96,225.99,284.95,4999.99,
2025-06-03,sl-st-box,283389,Normal,340.27,325.0,399.99,1199.99,
2025-06-03,sl-tf-box,536225,Normal,214.56,207.99,247.9,400.0,
2025-06-03,sv2-185,497557,Normal,0.35,0.01,0.39,5.2,0.31
2025-06-03,sv2-185,497557,Reverse Holofoil,0.77,0.12,0.99,9.99,0.88
2025-06-03,sv2-254,497669,Holofoil,20.32,16.0,21.5,100.0,20.32
2025-06-03,sv2-269,497689,Holofoil,59.54,52.01,65.2,259.99,69.96
2025-06-03,sv3pt5-151,516566,Holofoil,6.9,4.0,7.97,40.0,
2025-06-03,sv3pt5-199,517045,Holofoil,206.38,180.0,230.0,1400.0,214.96
2025-06-03,sv3pt5-205,517051,Holofoil,12.66,9.85,13.97,50.0,13.97
2025-06-03,sv3pt5-4,502555,Normal,0.09,0.01,0.15,5.0,0.09
2025-06-03,sv3pt5-4,502555,Reverse Holofoil,0.26,0.07,0.25,4.95,
2025-06-03,sv3pt5-6,502558,Holofoil,4.47,2.75,5.0,30.0,
2025-06-03,sv3pt5-7,502548,Normal,0.09,0.01,0.15,15.0,
2025-06-03,sv3pt5-7,502548,Reverse Holofoil,0.21,0.02,0.24,11.0,0.2
2025-06-03,sv4pt5-234,535090,Holofoil,172.64,148.26,185.47,499.98,170.0
2025-06-03,sv4pt5-54,534416,Holofoil,2.95,1.7,2.99,45.0,4.95
2025-06-03,sv8-57,590025,Holofoil,7.48,5.0,8.99,50.0,
2025-06-03,sv8pt5-149,610504,Holofoil,275.96,209.99,299.99,800.0,
2025-06-03,sv8pt5-155,610510,Holofoil,341.41,306.68,342.75,899.95,
2025-06-03,sv8pt5-156,610511,Holofoil,470.7,389.48,474.97,999.95,474.96
2025-06-03,sv8pt5-161,610516,Holofoil,1202.68,1075.0,1265.22,2052.65,
2025-06-03,sv8pt5-167,610522,Holofoil,164.35,135.0,170.34,360.68,
2025-06-03,sv8pt5-179,610534,Holofoil,43.19,39.99,55.0,270.0,
2025-06-03,sv8pt5-28,610383,Holofoil,0.89,0.39,1.5,14.0,
2025-06-03,sv8pt5-47,610402,Normal,0.06,0.01,0.1,5.01,0.04
2025-06-03,sv8pt5-47,610402,Reverse Holofoil,0.15,0.01,0.14,4.95,0.07
2025-06-03,sv8pt5-59,610414,Holofoil,0.23,0.01,0.32,100.0,0.25
2025-06-03,sv8pt5-59,610414,Reverse Holofoil,0.33,0.1,0.5,25.0,
2025-06-03,sv8pt5-60,610415,Holofoil,5.18,4.0,7.32,40.0,
2025-06-03,svp-085,518861,Normal,324.98,310.0,349.95,700.0,349.94
2025-06-03,swsh11-186,284137,Holofoil,543.12,458.11,558.93,1269.69,532.96
2025-06-03,swsh12-186,451834,Holofoil,272.89,248.0,299.99,699.95,255.85
2025-06-03,swsh12pt5gg-GG69,478100,Holofoil,159.23,150.0,195.0,1000.0,190.31
2025-06-03,swsh35-25,223018,Normal,0.12,0.01,0.2,1.25,
2025-06-03,swsh35-25,223018,Reverse Holofoil,0.3,0.09,0.31,2.0,
2025-06-03,swsh35-74,223073,Holofoil,179.97,162.18,219.66,1500.0,199.95
2025-06-03,swsh45sv-SV107,232496,Holofoil,111.54,103.99,127.24,349.95,120.06
2025-06-03,swsh7-204,246693,Holofoil,25.95,23.0,33.29,100.0,34.97
2025-06-03,swsh7-205,246696,Holofoil,397.32,329.7,431.09,899.95,409.99
2025-06-03,swsh7-208,246755,Holofoil,24.71,24.95,29.16,59.95,27.2
2025-06-03,swsh7-209,246756,Holofoil,284.47,270.71,330.61,799.99,316.99
2025-06-03,swsh7-211,246702,Holofoil,43.92,38.01,46.52,99.95,43.92
2025-06-03,swsh7-212,246704,Holofoil,328.62,266.0,361.12,1063.48,334.96
2025-06-03,swsh7-215,246723,Holofoil,1527.28,1350.0,1592.0,2499.95,1184.89
2025-06-03,swsh7-218,246733,Holofoil,714.29,599.98,719.99,1299.95,684.69
2025-06-03,swsh7-41,246753,Holofoil,4.94,3.92,5.5,89.0,5.99
2025-06-03,swsh7-65,246690,Holofoil,9.28,7.49,9.97,500.0,9.28
2025-06-03,swsh7-75,246701,Holofoil,10.87,7.5,11.06,50.0,11.99
2025-06-03,swsh7-8,246691,Holofoil,6.2,4.0,6.35,50.0,7.35
2025-06-03,swsh8-271,253266,Holofoil,586.34,494.62,650.0,1250.0,528.99
2025-06-03,swsh9-154,263873,Holofoil,204.4,180.0,220.0,1500.0,219.92
2025-06-04,base1-15,42355,Holofoil,123.89,68.71,117.56,300.0,
2025-06-04,base1-16,42356,Holofoil,45.01,21.6,35.61,9999.0,
2025-06-04,base1-2,42360,Holofoil,163.28,101.21,149.99,499.99,
2025-06-04,base1-4,42382,Holofoil,462.27,400.0,499.99,1249.99,
2025-06-04,base1-58,42402,Normal,2.99,0.4,2.45,9999.0,
2025-06-04,cel25c-4,250320,Holofoil,97.76,85.21,104.27,250.0,96.99
2025-06-04,gym2-2,83861,1st Edition Holofoil,697.67,376.48,499.99,500.0,
2025-06-04,gym2-2,83861,Unlimited Holofoil,421.95,347.99,504.99,599.99,549.98
2025-06-04,neo1-9,86903,1st Edition Holofoil,1251.5,1150.0,1475.0,1800.0,
2025-06-04,neo1-9,86903,Unlimited Holofoil,434.36,260.0,354.99,475.94,
2025-06-04,sl-151-bundle,502000,Normal,65.43,63.73,71.49,230.0,
2025-06-04,sl-151-etb,503313,Normal,233.56,230.0,286.0,4999.99,
2025-06-04,sl-151-upc,502005,Normal,374.91,368.0,400.0,26500.0,
2025-06-04,sl-ar-box,265519,Normal,411.32,367.0,455.0,1999.99,
2025-06-04,sl-bs-box,256141,Normal,427.37,400.0,470.0,999.99,
2025-06-04,sl-cel-upc,245140,Normal,467.54,476.0,503.63,2000.0,
2025-06-04,sl-champ-etb,218791,Normal,121.73,110.0,147.0,800.0,
2025-06-04,sl-cz-etb,453470,Normal,162.18,160.0,199.0,1999.99,
2025-06-04,sl-dr-box,624679,Normal,261.34,249.8,274.48,99999.0,
2025-06-04,sl-evs-box,242436,Normal,1800.41,1839.75,2000.0,10000.0,
2025-06-04,sl-evs-etb,243721,Normal,520.04,639.99,685.0,999.95,
2025-06-04,sl-fs-box,247654,Normal,791.92,760.0,924.5,1999.99,
2025-06-04,sl-hf-etb,194729,Normal,307.98,317.04,399.93,550.0,
2025-06-04,sl-jp-151,565243,Normal,162.36,160.0,171.62,399.99,
2025-06-04,sl-jp-terastal,603428,Normal,87.32,82.0,110.0,200.0,
2025-06-04,sl-jt-box,610931,Normal,209.62,208.0,240.83,600.0,
2025-06-04,sl-lo-box,277324,Normal,532.95,484.99,629.99,1500.0,
2025-06-04,sl-obf-box,501257,Normal,233.8,231.99,279.99,500.0,
2025-06-04,sl-pe-etb,593355,Normal,104.41,95.0,135.0,299.99,
2025-06-04,sl-pe-spc,622770,Normal,208.87,204.99,239.99,99999.0,
2025-06-04,sl-pf-etb,528040,Normal,147.12,138.99,149.99,209.98,
2025-06-04,sl-shf-etb,228821,Normal,84.0,75.0,94.94,499.99,
2025-06-04,sl-ss-box,565606,Normal,216.4,223.99,280.0,4999.99,
2025-06-04,sl-st-box,283389,Normal,340.21,325.0,399.99,1199.99,
2025-06-04,sl-tf-box,536225,Normal,215.0,207.99,247.9,400.0,
2025-06-04,sv2-185,497557,Normal,0.27,0.01,0.39,5.1,
2025-06-04,sv2-185,497557,Reverse Holofoil,0.7,0.12,0.99,9.99,
2025-06-04,sv2-254,497669,Holofoil,21.05,16.0,21.48,100.0,24.27
2025-06-04,sv2-269,497689,Holofoil,58.79,54.0,64.99,259.99,69.97
2025-06-04,sv3pt5-151,516566,Holofoil,6.1,4.75,7.75,40.0,
2025-06-04,sv3pt5-199,517045,Holofoil,203.54,181.4,225.0,1400.0,209.99
2025-06-04,sv3pt5-205,517051,Holofoil,12.09,9.0,13.79,50.0,11.15
2025-06-04,sv3pt5-4,502555,Normal,0.09,0.01,0.15,5.0,0.06
2025-06-04,sv3pt5-4,502555,Reverse Holofoil,0.24,0.07,0.25,4.95,
2025-06-04,sv3pt5-6,502558,Holofoil,4.34,2.5,5.0,30.0,
2025-06-04,sv3pt5-7,502548,Normal,0.1,0.01,0.15,15.0,
2025-06-04,sv3pt5-7,502548,Reverse Holofoil,0.18,0.01,0.24,11.0,
2025-06-04,sv4pt5-234,535090,Holofoil,172.6,154.99,181.97,499.98,170.0
2025-06-04,sv4pt5-54,534416,Holofoil,2.47,1.8,2.95,45.0,
2025-06-04,sv8-57,590025,Holofoil,6.54,5.0,8.47,50.0,
2025-06-04,sv8pt5-149,610504,Holofoil,266.61,209.99,300.0,800.0,
2025-06-04,sv8pt5-155,610510,Holofoil,336.67,299.23,341.41,899.95,
2025-06-04,sv8pt5-156,610511,Holofoil,470.7,389.48,474.96,999.95,474.96
2025-06-04,sv8pt5-161,610516,Holofoil,1196.88,1075.0,1265.22,2049.95,
2025-06-04,sv8pt5-167,610522,Holofoil,164.35,139.0,170.0,360.68,
2025-06-04,sv8pt5-179,610534,Holofoil,42.84,39.99,55.0,270.0,
2025-06-04,sv8pt5-28,610383,Holofoil,0.97,0.43,1.5,14.0,
2025-06-04,sv8pt5-47,610402,Normal,0.06,0.01,0.1,5.01,0.04
2025-06-04,sv8pt5-47,610402,Reverse Holofoil,0.14,0.01,0.15,4.95,0.07
2025-06-04,sv8pt5-59,610414,Holofoil,0.19,0.01,0.32,100.0,
2025-06-04,sv8pt5-59,610414,Reverse Holofoil,0.29,0.1,0.5,25.0,
2025-06-04,sv8pt5-60,610415,Holofoil,5.74,4.5,7.99,40.0,
2025-06-04,svp-085,518861,Normal,324.33,310.0,349.94,700.0,349.94
2025-06-04,swsh11-186,284137,Holofoil,541.36,457.59,550.0,1269.69,532.96
2025-06-04,swsh12-186,451834,Holofoil,272.89,248.0,297.9,699.95,255.85
2025-06-04,swsh12pt5gg-GG69,478100,Holofoil,158.6,150.0,195.99,1000.0,194.94
2025-06-04,swsh35-25,223018,Normal,0.12,0.01,0.2,1.25,
2025-06-04,swsh35-25,223018,Reverse Holofoil,0.3,0.09,0.3,2.0,
2025-06-04,swsh35-74,223073,Holofoil,179.97,162.18,219.66,1500.0,199.95
2025-06-04,swsh45sv-SV107,232496,Holofoil,111.89,104.49,127.24,349.95,124.99
2025-06-04,swsh7-204,246693,Holofoil,25.95,23.0,33.29,100.0,34.97
2025-06-04,swsh7-205,246696,Holofoil,396.8,329.7,435.0,899.95,419.99
2025-06-04,swsh7-208,246755,Holofoil,24.81,24.7,29.19,59.95,29.14
2025-06-04,swsh7-209,246756,Holofoil,281.5,271.0,330.5,799.99,283.16
2025-06-04,swsh7-211,246702,Holofoil,43.92,38.01,46.34,99.95,39.99
2025-06-04,swsh7-212,246704,Holofoil,328.62,266.0,358.28,1063.48,334.95
2025-06-04,swsh7-215,246723,Holofoil,1527.28,1350.0,1584.0,2499.95,1184.89
2025-06-04,swsh7-218,246733,Holofoil,714.29,599.98,715.0,1299.95,674.93
2025-06-04,swsh7-41,246753,Holofoil,5.02,3.92,5.58,89.0,5.99
2025-06-04,swsh7-65,246690,Holofoil,9.24,7.62,9.89,500.0,10.36
2025-06-04,swsh7-75,246701,Holofoil,10.73,7.5,11.05,50.0,12.2
2025-06-04,swsh7-8,246691,Holofoil,6.24,4.0,6.3,50.0,7.35
2025-06-04,swsh8-271,253266,Holofoil,585.68,525.0,650.0,1250.0,528.99
2025-06-04,swsh9-154,263873,Holofoil,204.4,180.0,220.0,1500.0,218.0
2025-06-05,base1-15,42355,Holofoil,123.54,68.7,117.18,300.0,
2025-06-05,base1-16,42356,Holofoil,45.01,20.0,37.54,9999.0,
2025-06-05,base1-2,42360,Holofoil,163.28,101.21,149.99,499.99,
2025-06-05,base1-4,42382,Holofoil,462.27,307.99,499.99,1249.99,
2025-06-05,base1-58,42402,Normal,3.01,0.49,2.49,9999.0,
2025-06-05,cel25c-4,250320,Holofoil,97.76,85.21,104.0,250.0,96.99
2025-06-05,gym2-2,83861,1st Edition Holofoil,697.67,376.48,499.99,500.0,
2025-06-05,gym2-2,83861,Unlimited Holofoil,421.95,285.43,504.99,599.99,499.99
2025-06-05,neo1-9,86903,1st Edition Holofoil,1251.5,1150.0,1475.0,1800.0,
2025-06-05,neo1-9,86903,Unlimited Holofoil,434.36,280.99,359.99,475.94,
2025-06-05,sl-151-bundle,502000,Normal,67.52,64.27,71.73,200.0,
2025-06-05,sl-151-etb,503313,Normal,233.37,229.99,289.99,4999.99,
2025-06-05,sl-151-upc,502005,Normal,373.02,339.99,400.0,26500.0,
2025-06-05,sl-ar-box,265519,Normal,411.32,367.0,455.0,1999.99,
2025-06-05,sl-bs-box,256141,Normal,427.37,400.0,470.0,999.99,
2025-06-05,sl-cel-upc,245140,Normal,468.14,479.0,500.31,2000.0,
2025-06-05,sl-champ-etb,218791,Normal,121.43,112.99,147.0,800.0,
2025-06-05,sl-cz-etb,453470,Normal,162.55,160.0,199.0,1999.99,
2025-06-05,sl-dr-box,624679,Normal,260.59,260.0,279.99,99999.0,
2025-06-05,sl-evs-box,242436,Normal,1810.41,1825.0,2000.0,10000.0,
2025-06-05,sl-evs-etb,243721,Normal,520.04,639.99,670.0,999.95,
2025-06-05,sl-fs-box,247654,Normal,791.92,750.0,897.0,1999.99,
2025-06-05,sl-hf-etb,194729,Normal,309.98,317.04,399.93,550.0,
2025-06-05,sl-jp-151,565243,Normal,161.88,153.99,169.99,399.99,
2025-06-05,sl-jp-terastal,603428,Normal,85.17,81.97,105.0,200.0,
2025-06-05,sl-jt-box,610931,Normal,209.98,205.0,240.42,600.0,
2025-06-05,sl-lo-box,277324,Normal,532.95,484.99,629.99,1500.0,
2025-06-05,sl-obf-box,501257,Normal,234.16,231.99,284.99,500.0,
2025-06-05,sl-pe-etb,593355,Normal,99.2,97.99,132.95,299.99,
2025-06-05,sl-pe-spc,622770,Normal,200.59,190.49,234.99,99999.0,
2025-06-05,sl-pf-etb,528040,Normal,146.53,137.99,149.99,209.98,
2025-06-05,sl-shf-etb,228821,Normal,83.86,75.0,95.0,499.99,
2025-06-05,sl-ss-box,565606,Normal,220.35,227.94,285.0,4999.99,
2025-06-05,sl-st-box,283389,Normal,341.72,325.0,399.99,1199.99,
2025-06-05,sl-tf-box,536225,Normal,215.0,206.0,245.01,400.0,
2025-06-05,sv2-185,497557,Normal,0.32,0.01,0.38,4.99,
2025-06-05,sv2-185,497557,Reverse Holofoil,0.64,0.12,0.99,9.99,
2025-06-05,sv2-254,497669,Holofoil,20.89,16.0,21.49,100.0,18.0
2025-06-05,sv2-269,497689,Holofoil,58.46,54.0,64.99,259.99,69.97
2025-06-05,sv3pt5-151,516566,Holofoil,6.37,5.18,7.74,40.0,7.7
2025-06-05,sv3pt5-199,517045,Holofoil,199.35,180.41,224.65,1400.0,200.0
2025-06-05,sv3pt5-205,517051,Holofoil,11.91,9.85,13.73,50.0,15.53
2025-06-05,sv3pt5-4,502555,Normal,0.09,0.01,0.15,5.0,0.05
2025-06-05,sv3pt5-4,502555,Reverse Holofoil,0.25,0.07,0.25,4.95,
2025-06-05,sv3pt5-6,502558,Holofoil,4.11,3.55,5.0,30.0,4.49
2025-06-05,sv3pt5-7,502548,Normal,0.1,0.01,0.15,15.0,
2025-06-05,sv3pt5-7,502548,Reverse Holofoil,0.17,0.01,0.24,11.0,
2025-06-05,sv4pt5-234,535090,Holofoil,170.76,155.0,180.96,499.98,158.19
2025-06-05,sv4pt5-54,534416,Holofoil,2.34,1.94,2.93,45.0,2.16
2025-06-05,sv8-57,590025,Holofoil,6.7,4.8,8.4,50.0,7.99
2025-06-05,sv8pt5-149,610504,Holofoil,264.36,209.99,312.5,800.0,
2025-06-05,sv8pt5-155,610510,Holofoil,336.67,289.99,340.0,599.95,
2025-06-05,sv8pt5-156,610511,Holofoil,470.7,389.48,470.7,899.95,435.3
2025-06-05,sv8pt5-161,610516,Holofoil,1154.88,999.99,1250.0,2028.62,
2025-06-05,sv8pt5-167,610522,Holofoil,163.11,138.0,170.0,360.68,
2025-06-05,sv8pt5-179,610534,Holofoil,42.31,38.73,53.34,270.0,
2025-06-05,sv8pt5-28,610383,Holofoil,0.95,0.4,1.5,14.0,
2025-06-05,sv8pt5-47,610402,Normal,0.06,0.01,0.09,4.95,0.04
2025-06-05,sv8pt5-47,610402,Reverse Holofoil,0.13,0.01,0.14,4.95,0.03
2025-06-05,sv8pt5-59,610414,Holofoil,0.17,0.01,0.31,100.0,
2025-06-05,sv8pt5-59,610414,Reverse Holofoil,0.29,0.1,0.5,25.0,
2025-06-05,sv8pt5-60,610415,Holofoil,5.53,3.99,7.78,40.0,7.88
2025-06-05,svp-085,518861,Normal,324.33,310.0,349.9,700.0,349.9
2025-06-05,swsh11-186,284137,Holofoil,536.34,457.59,550.0,1269.69,532.97
2025-06-05,swsh12-186,451834,Holofoil,272.11,249.98,299.99,699.95,324.68
2025-06-05,swsh12pt5gg-GG69,478100,Holofoil,158.6,150.0,194.95,1000.0,193.49
2025-06-05,swsh35-25,223018,Normal,0.12,0.01,0.2,1.25,
2025-06-05,swsh35-25,223018,Reverse Holofoil,0.32,0.09,0.3,2.0,
2025-06-05,swsh35-74,223073,Holofoil,179.97,162.18,214.75,1500.0,199.95
2025-06-05,swsh45sv-SV107,232496,Holofoil,111.89,104.49,127.24,349.95,124.98
2025-06-05,swsh7-204,246693,Holofoil,25.95,23.0,33.97,100.0,34.95
2025-06-05,swsh7-205,246696,Holofoil,396.8,329.7,434.05,899.95,419.99
2025-06-05,swsh7-208,246755,Holofoil,24.81,24.71,29.15,49.95,29.13
2025-06-05,swsh7-209,246756,Holofoil,281.5,271.0,330.89,799.99,316.99
2025-06-05,swsh7-211,246702,Holofoil,43.92,39.0,46.71,99.95,40.99
2025-06-05,swsh7-212,246704,Holofoil,328.62,284.99,345.54,1063.48,334.95
2025-06-05,swsh7-215,246723,Holofoil,1527.28,1350.0,1567.0,2499.95,1184.89
2025-06-05,swsh7-218,246733,Holofoil,714.29,599.98,715.0,1299.95,674.91
2025-06-05,swsh7-41,246753,Holofoil,5.0,3.92,5.58,89.0,5.96
2025-06-05,swsh7-65,246690,Holofoil,9.04,7.6,9.8,500.0,9.97
2025-06-05,swsh7-75,246701,Holofoil,10.5,7.5,11.06,50.0,12.61
2025-06-05,swsh7-8,246691,Holofoil,6.11,4.0,6.26,50.0,7.35
2025-06-05,swsh8-271,253266,Holofoil,585.68,525.0,650.0,1250.0,528.99
2025-06-05,swsh9-154,263873,Holofoil,203.56,180.0,219.99,1500.0,218.0
2025-06-06,base1-15,42355,Holofoil,121.13,68.7,119.99,300.0,
2025-06-06,base1-16,42356,Holofoil,45.01,20.0,37.71,9999.0,
2025-06-06,base1-2,42360,Holofoil,163.28,101.21,149.99,499.99,
2025-06-06,base1-4,42382,Holofoil,462.27,400.0,499.99,1249.99,
2025-06-06,base1-58,42402,Normal,3.01,0.49,2.47,9999.0,
2025-06-06,cel25c-4,250320,Holofoil,97.7,85.21,104.0,250.0,96.59
2025-06-06,gym2-2,83861,1st Edition Holofoil,697.67,376.48,438.24,499.99,
2025-06-06,gym2-2,83861,Unlimited Holofoil,421.95,347.99,530.11,599.99,499.99
2025-06-06,neo1-9,86903,1st Edition Holofoil,1251.5,1150.0,1475.0,1800.0,
2025-06-06,neo1-9,86903,Unlimited Holofoil,434.36,280.99,359.99,475.94,
2025-06-06,sl-151-bundle,502000,Normal,68.79,56.01,74.99,200.0,
2025-06-06,sl-151-etb,503313,Normal,233.41,230.0,299.0,4999.99,
2025-06-06,sl-151-upc,502005,Normal,369.02,339.99,400.0,26500.0,
2025-06-06,sl-ar-box,265519,Normal,411.32,367.0,450.0,1999.99,
2025-06-06,sl-bs-box,256141,Normal,425.29,415.0,470.0,999.99,
2025-06-06,sl-cel-upc,245140,Normal,468.14,467.77,500.31,2000.0,
2025-06-06,sl-champ-etb,218791,Normal,121.01,112.99,147.5,800.0,
2025-06-06,sl-cz-etb,453470,Normal,164.25,160.0,199.0,1999.99,
2025-06-06,sl-dr-box,624679,Normal,263.95,249.92,275.0,99999.0,
2025-06-06,sl-evs-box,242436,Normal,1800.41,1897.0,2000.0,10000.0,
2025-06-06,sl-evs-etb,243721,Normal,525.99,639.99,670.0,999.95,
2025-06-06,sl-fs-box,247654,Normal,791.92,735.0,875.0,1999.99,
2025-06-06,sl-hf-etb,194729,Normal,309.98,307.77,399.93,550.0,
2025-06-06,sl-jp-151,565243,Normal,159.51,156.5,169.99,399.99,
2025-06-06,sl-jp-terastal,603428,Normal,84.74,81.97,105.0,200.0,
2025-06-06,sl-jt-box,610931,Normal,209.98,206.0,235.29,600.0,
2025-06-06,sl-lo-box,277324,Normal,531.17,490.0,649.95,1500.0,
2025-06-06,sl-obf-box,501257,Normal,234.16,231.99,279.99,500.0,
2025-06-06,sl-pe-etb,593355,Normal,97.71,95.0,130.0,299.99,
2025-06-06,sl-pe-spc,622770,Normal,208.66,198.95,240.0,99999.0,
2025-06-06,sl-pf-etb,528040,Normal,144.18,139.99,169.95,209.98,
2025-06-06,sl-shf-etb,228821,Normal,84.0,75.0,94.42,499.99,
2025-06-06,sl-ss-box,565606,Normal,225.63,200.0,280.0,4999.99,
2025-06-06,sl-st-box,283389,Normal,344.17,325.0,400.0,1199.99,
2025-06-06,sl-tf-box,536225,Normal,215.4,207.99,246.46,400.0,
2025-06-06,sv2-185,497557,Normal,0.35,0.01,0.39,4.99,
2025-06-06,sv2-185,497557,Reverse Holofoil,0.6,0.12,0.99,9.99,
2025-06-06,sv2-254,497669,Holofoil,20.66,16.0,21.43,100.0,25.0
2025-06-06,sv2-269,497689,Holofoil,57.48,54.0,64.99,259.99,57.91
2025-06-06,sv3pt5-151,516566,Holofoil,7.29,5.18,7.75,40.0,8.98
2025-06-06,sv3pt5-199,517045,Holofoil,196.28,180.41,220.21,1400.0,
2025-06-06,sv3pt5-205,517051,Holofoil,12.39,10.0,13.6,50.0,16.12
2025-06-06,sv3pt5-4,502555,Normal,0.11,0.01,0.15,5.0,
2025-06-06,sv3pt5-4,502555,Reverse Holofoil,0.47,0.07,0.28,4.95,
2025-06-06,sv3pt5-6,502558,Holofoil,4.67,3.0,5.0,30.0,7.8
2025-06-06,sv3pt5-7,502548,Normal,0.1,0.01,0.15,15.0,
2025-06-06,sv3pt5-7,502548,Reverse Holofoil,0.17,0.01,0.24,11.0,
2025-06-06,sv4pt5-234,535090,Holofoil,169.88,156.88,183.82,499.98,158.19
2025-06-06,sv4pt5-54,534416,Holofoil,2.41,1.95,2.95,45.0,
2025-06-06,sv8-57,590025,Holofoil,7.11,5.0,8.31,50.0,9.7
2025-06-06,sv8pt5-149,610504,Holofoil,263.57,209.99,304.94,800.0,
2025-06-06,sv8pt5-155,610510,Holofoil,336.67,278.0,339.99,599.95,
2025-06-06,sv8pt5-156,610511,Holofoil,470.7,380.0,470.7,899.95,435.3
2025-06-06,sv8pt5-161,610516,Holofoil,1154.88,989.99,1235.74,1999.95,
2025-06-06,sv8pt5-167,610522,Holofoil,150.1,138.0,170.0,360.68,
2025-06-06,sv8pt5-179,610534,Holofoil,42.03,38.73,53.31,270.0,
2025-06-06,sv8pt5-28,610383,Holofoil,0.92,0.4,1.5,14.0,
2025-06-06,sv8pt5-47,610402,Normal,0.06,0.01,0.1,4.95,0.04
2025-06-06,sv8pt5-47,610402,Reverse Holofoil,0.12,0.01,0.14,4.95,0.02
2025-06-06,sv8pt5-59,610414,Holofoil,0.19,0.01,0.3,100.0,
2025-06-06,sv8pt5-59,610414,Reverse Holofoil,0.31,0.1,0.5,25.0,
2025-06-06,sv8pt5-60,610415,Holofoil,5.47,4.09,7.53,40.0,
2025-06-06,svp-085,518861,Normal,324.33,307.0,344.95,700.0,349.94
2025-06-06,swsh11-186,284137,Holofoil,520.56,457.59,559.0,1269.69,549.95
2025-06-06,swsh12-186,451834,Holofoil,271.37,235.0,297.24,699.95,324.68
2025-06-06,swsh12pt5gg-GG69,478100,Holofoil,159.47,150.0,194.95,1000.0,189.99
2025-06-06,swsh35-25,223018,Normal,0.12,0.01,0.2,1.25,
2025-06-06,swsh35-25,223018,Reverse Holofoil,0.32,0.09,0.31,2.0,
2025-06-06,swsh35-74,223073,Holofoil,179.16,161.69,203.34,1500.0,199.93
2025-06-06,swsh45sv-SV107,232496,Holofoil,111.75,104.99,127.48,349.95,124.98
2025-06-06,swsh7-204,246693,Holofoil,25.95,23.0,33.68,100.0,34.95
2025-06-06,swsh7-205,246696,Holofoil,396.4,329.7,433.28,899.95,419.99
2025-06-06,swsh7-208,246755,Holofoil,25.01,22.92,29.15,49.95,29.14
2025-06-06,swsh7-209,246756,Holofoil,281.5,270.0,324.66,799.99,316.98
2025-06-06,swsh7-211,246702,Holofoil,43.7,40.0,47.95,99.95,43.92
2025-06-06,swsh7-212,246704,Holofoil,323.46,280.04,346.0,1063.48,334.93
2025-06-06,swsh7-215,246723,Holofoil,1527.28,1350.0,1584.0,2499.95,1184.89
2025-06-06,swsh7-218,246733,Holofoil,714.29,599.98,714.29,1299.95,674.89
2025-06-06,swsh7-41,246753,Holofoil,5.03,3.92,5.48,89.0,
2025-06-06,swsh7-65,246690,Holofoil,9.12,7.75,9.83,500.0,11.03
2025-06-06,swsh7-75,246701,Holofoil,10.39,7.5,10.99,50.0,12.61
2025-06-06,swsh7-8,246691,Holofoil,6.1,4.0,6.26,50.0,7.35
2025-06-06,swsh8-271,253266,Holofoil,585.68,525.0,650.0,1250.0,528.99
2025-06-06,swsh9-154,263873,Holofoil,202.02,170.0,219.99,1500.0,218.0
2025-06-07,base1-15,42355,Holofoil,121.13,68.7,117.95,300.0,
2025-06-07,base1-16,42356,Holofoil,44.93,20.0,37.54,9999.0,
2025-06-07,base1-2,42360,Holofoil,163.28,101.21,149.99,499.99,99.99
2025-06-07,base1-4,42382,Holofoil,462.27,400.0,499.99,1249.99,
2025-06-07,base1-58,42402,Normal,3.1,0.49,2.49,9999.0,
2025-06-07,cel25c-4,250320,Holofoil,97.13,85.21,104.0,250.0,96.99
2025-06-07,gym2-2,83861,1st Edition Holofoil,697.67,376.48,438.24,499.99,
2025-06-07,gym2-2,83861,Unlimited Holofoil,421.95,347.99,530.11,599.99,499.99
2025-06-07,neo1-9,86903,1st Edition Holofoil,1251.5,1150.0,1475.0,1800.0,
2025-06-07,neo1-9,86903,Unlimited Holofoil,434.36,259.99,354.99,475.94,
2025-06-07,sl-151-bundle,502000,Normal,70.16,64.0,74.86,168.99,
2025-06-07,sl-151-etb,503313,Normal,233.35,230.0,294.5,4999.99,
2025-06-07,sl-151-upc,502005,Normal,368.66,345.0,400.0,26500.0,
2025-06-07,sl-ar-box,265519,Normal,411.32,367.0,450.0,1999.99,
2025-06-07,sl-bs-box,256141,Normal,425.29,390.0,470.0,999.99,
2025-06-07,sl-cel-upc,245140,Normal,468.05,479.0,500.31,2000.0,
2025-06-07,sl-champ-etb,218791,Normal,120.33,121.69,147.5,800.0,
2025-06-07,sl-cz-etb,453470,Normal,166.19,160.0,199.95,1999.99,
2025-06-07,sl-dr-box,624679,Normal,262.93,254.91,272.99,99999.0,
2025-06-07,sl-evs-box,242436,Normal,1800.41,1897.0,2000.0,10000.0,
2025-06-07,sl-evs-etb,243721,Normal,530.71,639.99,670.0,999.95,
2025-06-07,sl-fs-box,247654,Normal,792.2,735.0,874.97,1999.99,
2025-06-07,sl-hf-etb,194729,Normal,309.21,342.99,399.99,599.95,
2025-06-07,sl-jp-151,565243,Normal,158.31,159.85,170.0,399.99,
2025-06-07,sl-jp-terastal,603428,Normal,83.05,79.93,105.0,200.0,
2025-06-07,sl-jt-box,610931,Normal,210.78,206.0,235.29,600.0,
2025-06-07,sl-lo-box,277324,Normal,527.64,490.0,660.0,1500.0,
2025-06-07,sl-obf-box,501257,Normal,233.68,231.94,279.99,500.0,
2025-06-07,sl-pe-etb,593355,Normal,98.84,94.0,125.95,299.99,
2025-06-07,sl-pe-spc,622770,Normal,201.93,199.0,237.25,99999.0,
2025-06-07,sl-pf-etb,528040,Normal,143.4,139.99,172.48,209.98,
2025-06-07,sl-shf-etb,228821,Normal,84.72,75.0,98.0,499.99,
2025-06-07,sl-ss-box,565606,Normal,224.38,213.0,280.25,4999.99,
2025-06-07,sl-st-box,283389,Normal,344.17,325.0,400.0,1199.99,
2025-06-07,sl-tf-box,536225,Normal,215.4,207.99,245.02,400.0,
2025-06-07,sv2-185,497557,Normal,0.33,0.01,0.38,4.99,
2025-06-07,sv2-185,497557,Reverse Holofoil,0.61,0.19,0.99,9.99,0.83
2025-06-07,sv2-254,497669,Holofoil,20.69,16.0,21.26,100.0,20.66
2025-06-07,sv2-269,497689,Holofoil,57.48,54.0,64.99,259.99,57.89
2025-06-07,sv3pt5-151,516566,Holofoil,7.62,5.18,7.85,40.0,8.36
2025-06-07,sv3pt5-199,517045,Holofoil,199.32,175.0,220.0,1400.0,210.51
2025-06-07,sv3pt5-205,517051,Holofoil,11.91,9.51,13.69,50.0,13.54
2025-06-07,sv3pt5-4,502555,Normal,0.12,0.01,0.15,5.0,
2025-06-07,sv3pt5-4,502555,Reverse Holofoil,0.48,0.07,0.29,4.95,
2025-06-07,sv3pt5-6,502558,Holofoil,5.01,3.0,5.0,30.0,7.74
2025-06-07,sv3pt5-7,502548,Normal,0.11,0.01,0.15,15.0,
2025-06-07,sv3pt5-7,502548,Reverse Holofoil,0.15,0.01,0.24,11.0,
2025-06-07,sv4pt5-234,535090,Holofoil,170.27,156.88,183.89,499.98,158.19
2025-06-07,sv4pt5-54,534416,Holofoil,2.33,1.94,2.95,45.0,
2025-06-07,sv8-57,590025,Holofoil,7.08,4.99,8.39,50.0,8.8
2025-06-07,sv8pt5-149,610504,Holofoil,263.57,209.99,300.0,800.0,
2025-06-07,sv8pt5-155,610510,Holofoil,333.03,258.0,338.33,599.95,
2025-06-07,sv8pt5-156,610511,Holofoil,470.7,379.99,470.7,899.95,435.3
2025-06-07,sv8pt5-161,610516,Holofoil,1189.28,985.0,1200.0,1999.95,
2025-06-07,sv8pt5-167,610522,Holofoil,149.86,138.0,170.98,360.68,
2025-06-07,sv8pt5-179,610534,Holofoil,41.47,38.73,53.0,270.0,
2025-06-07,sv8pt5-28,610383,Holofoil,0.85,0.4,1.45,14.0,
2025-06-07,sv8pt5-47,610402,Normal,0.04,0.01,0.1,4.95,0.04
2025-06-07,sv8pt5-47,610402,Reverse Holofoil,0.12,0.01,0.14,4.95,0.02
2025-06-07,sv8pt5-59,610414,Holofoil,0.25,0.01,0.3,100.0,0.25
2025-06-07,sv8pt5-59,610414,Reverse Holofoil,0.29,0.1,0.5,25.0,0.3
2025-06-07,sv8pt5-60,610415,Holofoil,4.71,4.17,7.33,40.0,
2025-06-07,svp-085,518861,Normal,323.03,307.0,344.95,700.0,349.94
2025-06-07,swsh11-186,284137,Holofoil,520.56,445.0,558.97,1269.69,549.95
2025-06-07,swsh12-186,451834,Holofoil,271.37,234.99,295.38,699.95,299.95
2025-06-07,swsh12pt5gg-GG69,478100,Holofoil,162.53,150.0,194.94,1000.0,193.47
2025-06-07,swsh35-25,223018,Normal,0.12,0.01,0.2,1.25,
2025-06-07,swsh35-25,223018,Reverse Holofoil,0.32,0.09,0.31,2.0,
2025-06-07,swsh35-74,223073,Holofoil,179.16,161.69,201.63,1500.0,173.93
2025-06-07,swsh45sv-SV107,232496,Holofoil,111.88,104.99,127.48,349.95,124.98
2025-06-07,swsh7-204,246693,Holofoil,26.51,25.0,34.25,100.0,34.96
2025-06-07,swsh7-205,246696,Holofoil,396.4,329.22,431.05,899.95,419.99
2025-06-07,swsh7-208,246755,Holofoil,25.01,22.92,29.15,49.95,29.14
2025-06-07,swsh7-209,246756,Holofoil,281.5,270.0,318.25,799.99,316.97
2025-06-07,swsh7-211,246702,Holofoil,43.74,40.0,47.95,99.95,43.92
2025-06-07,swsh7-212,246704,Holofoil,318.72,289.01,350.95,1063.48,315.0
2025-06-07,swsh7-215,246723,Holofoil,1527.28,1350.0,1568.6,2499.95,1184.89
2025-06-07,swsh7-218,246733,Holofoil,714.29,599.98,714.29,1299.95,659.93
2025-06-07,swsh7-41,246753,Holofoil,5.03,3.92,5.49,89.0,
2025-06-07,swsh7-65,246690,Holofoil,9.12,7.5,9.77,500.0,11.03
2025-06-07,swsh7-75,246701,Holofoil,10.27,7.5,10.95,50.0,11.81
2025-06-07,swsh7-8,246691,Holofoil,6.06,4.0,6.31,50.0,7.35
2025-06-07,swsh8-271,253266,Holofoil,586.28,519.56,659.5,1250.0,528.99
2025-06-07,swsh9-154,263873,Holofoil,202.02,180.0,219.99,1500.0,218.0
2025-06-08,base1-15,42355,Holofoil,121.13,68.7,119.99,300.0,
2025-06-08,base1-16,42356,Holofoil,44.93,20.0,37.88,9999.0,
2025-06-08,base1-2,42360,Holofoil,163.28,101.21,149.99,499.99,99.99
2025-06-08,base1-4,42382,Holofoil,462.27,400.0,499.99,1249.99,
2025-06-08,base1-58,42402,Normal,2.98,0.49,2.49,9999.0,
2025-06-08,cel25c-4,250320,Holofoil,95.83,91.1,104.85,250.0,95.83
2025-06-08,gym2-2,83861,1st Edition Holofoil,697.67,376.48,438.24,499.99,
2025-06-08,gym2-2,83861,Unlimited Holofoil,421.95,349.0,530.11,599.99,499.99
2025-06-08,neo1-9,86903,1st Edition Holofoil,1251.5,1150.0,1475.0,1800.0,
2025-06-08,neo1-9,86903,Unlimited Holofoil,434.36,259.99,354.99,475.94,
2025-06-08,sl-151-bundle,502000,Normal,68.38,59.0,74.87,168.99,
2025-06-08,sl-151-etb,503313,Normal,235.46,230.0,300.0,4999.99,
2025-06-08,sl-151-upc,502005,Normal,363.94,369.0,412.5,26500.0,
2025-06-08,sl-ar-box,265519,Normal,411.32,367.0,450.0,1999.99,
2025-06-08,sl-bs-box,256141,Normal,425.29,390.0,470.0,999.99,
2025-06-08,sl-cel-upc,245140,Normal,468.05,479.0,500.16,2000.0,
2025-06-08,sl-champ-etb,218791,Normal,120.33,121.69,147.5,800.0,
2025-06-08,sl-cz-etb,453470,Normal,165.75,165.0,199.97,1999.99,
2025-06-08,sl-dr-box,624679,Normal,259.33,250.0,269.98,99999.0,
2025-06-08,sl-evs-box,242436,Normal,1800.41,1897.0,2000.0,10000.0,
2025-06-08,sl-evs-etb,243721,Normal,530.71,639.99,669.99,979.99,
2025-06-08,sl-fs-box,247654,Normal,792.16,735.0,874.97,1999.99,
2025-06-08,sl-hf-etb,194729,Normal,311.37,342.99,399.99,599.95,
2025-06-08,sl-jp-151,565243,Normal,158.03,158.5,169.99,399.99,
2025-06-08,sl-jp-terastal,603428,Normal,81.92,77.99,107.5,200.0,
2025-06-08,sl-jt-box,610931,Normal,211.26,204.99,234.98,600.0,
2025-06-08,sl-lo-box,277324,Normal,523.82,500.0,667.5,1500.0,
2025-06-08,sl-obf-box,501257,Normal,233.6,231.94,274.99,500.0,
2025-06-08,sl-pe-etb,593355,Normal,98.2,90.0,125.95,299.99,
2025-06-08,sl-pe-spc,622770,Normal,200.68,198.0,240.0,99999.0,
2025-06-08,sl-pf-etb,528040,Normal,142.21,139.99,172.48,209.98,
2025-06-08,sl-shf-etb,228821,Normal,87.5,75.0,98.49,499.99,
2025-06-08,sl-ss-box,565606,Normal,228.19,228.89,289.41,4999.99,
2025-06-08,sl-st-box,283389,Normal,342.73,325.0,400.0,1199.99,
2025-06-08,sl-tf-box,536225,Normal,216.68,207.99,247.9,400.0,
2025-06-08,sv2-185,497557,Normal,0.31,0.01,0.37,4.99,
2025-06-08,sv2-185,497557,Reverse Holofoil,0.6,0.19,0.98,9.99,
2025-06-08,sv2-254,497669,Holofoil,20.59,16.0,21.13,100.0,20.73
2025-06-08,sv2-269,497689,Holofoil,57.03,51.0,64.99,259.99,66.1
2025-06-08,sv3pt5-151,516566,Holofoil,7.5,5.18,7.99,40.0,6.99
2025-06-08,sv3pt5-199,517045,Holofoil,200.49,174.01,219.99,1400.0,209.48
2025-06-08,sv3pt5-205,517051,Holofoil,11.32,9.51,13.68,50.0,15.56
2025-06-08,sv3pt5-4,502555,Normal,0.13,0.01,0.15,5.0,
2025-06-08,sv3pt5-4,502555,Reverse Holofoil,0.47,0.07,0.3,4.95,
2025-06-08,sv3pt5-6,502558,Holofoil,5.03,2.99,5.01,30.0,8.47
2025-06-08,sv3pt5-7,502548,Normal,0.12,0.01,0.15,15.0,
2025-06-08,sv3pt5-7,502548,Reverse Holofoil,0.16,0.01,0.24,11.0,
2025-06-08,sv4pt5-234,535090,Holofoil,170.09,156.88,183.84,499.98,158.19
2025-06-08,sv4pt5-54,534416,Holofoil,2.55,1.75,2.95,45.0,
2025-06-08,sv8-57,590025,Holofoil,7.06,4.68,8.23,40.0,12.99
2025-06-08,sv8pt5-149,610504,Holofoil,263.57,209.99,300.0,800.0,
2025-06-08,sv8pt5-155,610510,Holofoil,327.83,259.0,334.99,599.95,
2025-06-08,sv8pt5-156,610511,Holofoil,459.14,389.48,470.7,899.95,
2025-06-08,sv8pt5-161,610516,Holofoil,1180.08,985.0,1200.0,2002.37,
2025-06-08,sv8pt5-167,610522,Holofoil,148.85,138.0,170.88,360.68,
2025-06-08,sv8pt5-179,610534,Holofoil,40.89,37.99,53.03,270.0,
2025-06-08,sv8pt5-28,610383,Holofoil,0.87,0.2,1.46,14.0,
2025-06-08,sv8pt5-47,610402,Normal,0.04,0.01,0.1,4.95,0.03
2025-06-08,sv8pt5-47,610402,Reverse Holofoil,0.11,0.01,0.14,4.95,0.03
2025-06-08,sv8pt5-59,610414,Holofoil,0.26,0.01,0.3,100.0,
2025-06-08,sv8pt5-59,610414,Reverse Holofoil,0.3,0.1,0.5,25.0,
2025-06-08,sv8pt5-60,610415,Holofoil,5.18,4.2,7.5,40.0,
2025-06-08,svp-085,518861,Normal,323.03,307.0,344.95,700.0,349.94
2025-06-08,swsh11-186,284137,Holofoil,516.84,428.47,558.94,1269.69,549.94
2025-06-08,swsh12-186,451834,Holofoil,270.55,230.0,298.78,699.95,299.94
2025-06-08,swsh12pt5gg-GG69,478100,Holofoil,163.3,150.0,193.48,1000.0,191.5
2025-06-08,swsh35-25,223018,Normal,0.12,0.01,0.2,1.25,
2025-06-08,swsh35-25,223018,Reverse Holofoil,0.32,0.09,0.31,2.0,
2025-06-08,swsh35-74,223073,Holofoil,179.16,160.0,200.82,1500.0,173.93
2025-06-08,swsh45sv-SV107,232496,Holofoil,111.88,104.99,128.07,349.95,124.98
2025-06-08,swsh7-204,246693,Holofoil,26.51,25.0,33.68,100.0,34.96
2025-06-08,swsh7-205,246696,Holofoil,394.4,329.22,437.0,899.95,420.0
2025-06-08,swsh7-208,246755,Holofoil,25.01,19.96,29.13,49.95,29.13
2025-06-08,swsh7-209,246756,Holofoil,281.5,270.0,320.97,799.99,316.96
2025-06-08,swsh7-211,246702,Holofoil,42.88,36.0,47.95,99.95,47.89
2025-06-08,swsh7-212,246704,Holofoil,318.72,289.01,349.58,1063.48,314.99
2025-06-08,swsh7-215,246723,Holofoil,1527.28,1350.0,1584.0,2499.95,1494.94
2025-06-08,swsh7-218,246733,Holofoil,705.09,599.98,714.29,1299.95,659.89
2025-06-08,swsh7-41,246753,Holofoil,5.0,3.92,5.5,89.0,
2025-06-08,swsh7-65,246690,Holofoil,9.04,7.0,9.75,500.0,11.03
2025-06-08,swsh7-75,246701,Holofoil,10.3,6.0,10.95,50.0,12.47
2025-06-08,swsh7-8,246691,Holofoil,6.18,4.0,6.36,50.0,7.29
2025-06-08,swsh8-271,253266,Holofoil,575.88,519.56,668.97,1250.0,577.98
2025-06-08,swsh9-154,263873,Holofoil,201.77,179.81,221.95,1500.0,218.0
2025-06-09,base1-15,42355,Holofoil,121.13,68.71,119.99,300.0,
2025-06-09,base1-16,42356,Holofoil,44.89,20.0,37.71,9999.0,
2025-06-09,base1-2,42360,Holofoil,163.28,101.21,151.88,499.99,85.23
2025-06-09,base1-4,42382,Holofoil,470.05,400.0,499.99,1249.99,
2025-06-09,base1-58,42402,Normal,3.08,0.49,2.45,9999.0,
2025-06-09,cel25c-4,250320,Holofoil,95.36,85.47,102.54,250.0,96.99
2025-06-09,gym2-2,83861,1st Edition Holofoil,697.67,376.48,438.24,499.99,
2025-06-09,gym2-2,83861,Unlimited Holofoil,421.95,349.0,530.11,599.99,499.99
2025-06-09,neo1-9,86903,1st Edition Holofoil,1251.5,1150.0,1475.0,1800.0,
2025-06-09,neo1-9,86903,Unlimited Holofoil,434.36,259.99,354.99,475.94,
2025-06-09,sl-151-bundle,502000,Normal,64.49,62.0,74.98,168.99,
2025-06-09,sl-151-etb,503313,Normal,232.91,233.56,300.0,4999.99,
2025-06-09,sl-151-upc,502005,Normal,362.47,375.0,418.99,26500.0,
2025-06-09,sl-ar-box,265519,Normal,410.56,367.0,427.44,1999.99,
2025-06-09,sl-bs-box,256141,Normal,423.93,390.0,470.0,999.99,
2025-06-09,sl-cel-upc,245140,Normal,464.65,479.0,500.0,1200.0,
2025-06-09,sl-champ-etb,218791,Normal,119.73,122.0,148.0,800.0,
2025-06-09,sl-cz-etb,453470,Normal,167.11,165.0,199.99,1999.99,
2025-06-09,sl-dr-box,624679,Normal,258.91,248.99,269.99,99999.0,
2025-06-09,sl-evs-box,242436,Normal,1824.89,1900.0,2099.99,10000.0,
2025-06-09,sl-evs-etb,243721,Normal,530.71,639.99,670.0,999.99,
2025-06-09,sl-fs-box,247654,Normal,792.16,735.0,874.97,1999.99,
2025-06-09,sl-hf-etb,194729,Normal,311.37,342.99,399.99,599.95,
2025-06-09,sl-jp-151,565243,Normal,156.81,153.5,169.99,399.99,
2025-06-09,sl-jp-terastal,603428,Normal,80.92,77.99,110.0,200.0,
2025-06-09,sl-jt-box,610931,Normal,211.24,206.0,237.8,600.0,
2025-06-09,sl-lo-box,277324,Normal,523.82,528.97,660.0,1500.0,
2025-06-09,sl-obf-box,501257,Normal,233.6,231.99,274.99,500.0,
2025-06-09,sl-pe-etb,593355,Normal,95.9,90.0,129.0,299.99,
2025-06-09,sl-pe-spc,622770,Normal,197.88,182.0,232.49,99999.0,
2025-06-09,sl-pf-etb,528040,Normal,143.04,148.98,169.95,209.98,
2025-06-09,sl-shf-etb,228821,Normal,87.18,80.0,98.98,499.99,
2025-06-09,sl-ss-box,565606,Normal,230.23,211.0,289.41,4999.99,
2025-06-09,sl-st-box,283389,Normal,342.81,325.0,400.0,1199.99,
2025-06-09,sl-tf-box,536225,Normal,216.2,207.99,245.01,400.0,
2025-06-09,sv2-185,497557,Normal,0.3,0.01,0.37,4.99,
2025-06-09,sv2-185,497557,Reverse Holofoil,0.64,0.2,0.97,9.99,
2025-06-09,sv2-254,497669,Holofoil,20.34,16.0,21.01,100.0,16.99
2025-06-09,sv2-269,497689,Holofoil,57.84,54.95,64.99,259.99,66.86
2025-06-09,sv3pt5-151,516566,Holofoil,7.01,4.67,7.75,40.0,7.81
2025-06-09,sv3pt5-199,517045,Holofoil,197.0,174.0,216.15,1400.0,
2025-06-09,sv3pt5-205,517051,Holofoil,12.42,10.0,13.71,50.0,13.99
2025-06-09,sv3pt5-4,502555,Normal,0.12,0.01,0.15,5.0,
2025-06-09,sv3pt5-4,502555,Reverse Holofoil,0.45,0.07,0.3,4.95,
2025-06-09,sv3pt5-6,502558,Holofoil,4.56,2.99,5.0,30.0,5.0
2025-06-09,sv3pt5-7,502548,Normal,0.13,0.01,0.15,15.0,
2025-06-09,sv3pt5-7,502548,Reverse Holofoil,0.16,0.02,0.24,11.0,
2025-06-09,sv4pt5-234,535090,Holofoil,169.71,156.88,184.0,499.98,158.19
2025-06-09,sv4pt5-54,534416,Holofoil,2.61,1.75,2.94,45.0,
2025-06-09,sv8-57,590025,Holofoil,7.38,5.5,8.03,40.0,10.49
2025-06-09,sv8pt5-149,610504,Holofoil,262.39,209.99,300.0,800.0,
2025-06-09,sv8pt5-155,610510,Holofoil,321.31,279.27,332.0,599.95,
2025-06-09,sv8pt5-156,610511,Holofoil,450.56,390.0,469.99,899.95,
2025-06-09,sv8pt5-161,610516,Holofoil,1168.88,985.0,1200.0,2007.34,
2025-06-09,sv8pt5-167,610522,Holofoil,148.25,138.8,170.73,360.68,
2025-06-09,sv8pt5-179,610534,Holofoil,40.39,37.99,53.0,270.0,
2025-06-09,sv8pt5-28,610383,Holofoil,0.79,0.2,1.44,14.0,
2025-06-09,sv8pt5-47,610402,Normal,0.04,0.01,0.1,4.95,0.03
2025-06-09,sv8pt5-47,610402,Reverse Holofoil,0.11,0.01,0.14,4.95,0.03
2025-06-09,sv8pt5-59,610414,Holofoil,0.25,0.01,0.3,100.0,
2025-06-09,sv8pt5-59,610414,Reverse Holofoil,0.28,0.1,0.5,25.0,
2025-06-09,sv8pt5-60,610415,Holofoil,5.35,4.0,7.3,40.0,
2025-06-09,svp-085,518861,Normal,323.03,307.0,349.94,700.0,349.94
2025-06-09,swsh11-186,284137,Holofoil,517.23,413.47,558.94,1269.69,549.95
2025-06-09,swsh12-186,451834,Holofoil,274.17,229.99,297.61,699.95,257.74
2025-06-09,swsh12pt5gg-GG69,478100,Holofoil,163.34,150.0,193.48,1000.0,163.34
2025-06-09,swsh35-25,223018,Normal,0.12,0.01,0.2,1.25,
2025-06-09,swsh35-25,223018,Reverse Holofoil,0.32,0.09,0.32,2.0,
2025-06-09,swsh35-74,223073,Holofoil,179.16,160.0,201.63,1500.0,173.93
2025-06-09,swsh45sv-SV107,232496,Holofoil,111.88,104.99,128.07,349.95,124.98
2025-06-09,swsh7-204,246693,Holofoil,26.51,25.0,33.58,100.0,34.95
2025-06-09,swsh7-205,246696,Holofoil,394.4,329.22,438.75,899.95,420.0
2025-06-09,swsh7-208,246755,Holofoil,25.26,19.96,28.7,49.95,29.13
2025-06-09,swsh7-209,246756,Holofoil,281.5,270.0,318.22,799.99,316.96
2025-06-09,swsh7-211,246702,Holofoil,42.88,36.0,47.7,99.95,47.89
2025-06-09,swsh7-212,246704,Holofoil,318.72,289.01,346.0,1063.48,314.99
2025-06-09,swsh7-215,246723,Holofoil,1527.28,1350.0,1545.0,2499.95,1494.94
2025-06-09,swsh7-218,246733,Holofoil,706.05,599.98,714.29,1299.95,659.89
2025-06-09,swsh7-41,246753,Holofoil,4.97,3.92,5.5,89.0,
2025-06-09,swsh7-65,246690,Holofoil,9.15,7.0,9.75,500.0,11.93
2025-06-09,swsh7-75,246701,Holofoil,9.72,7.06,10.93,50.0,11.42
2025-06-09,swsh7-8,246691,Holofoil,6.35,3.9,6.35,50.0,7.35
2025-06-09,swsh8-271,253266,Holofoil,575.88,518.29,669.0,1250.0,577.98
2025-06-09,swsh9-154,263873,Holofoil,201.77,179.81,219.99,1500.0,218.0
2025-06-10,base1-15,42355,Holofoil,121.13,61.88,119.99,300.0,
2025-06-10,base1-16,42356,Holofoil,44.66,19.99,33.67,9999.0,21.95
2025-06-10,base1-2,42360,Holofoil,163.28,119.99,153.96,499.99,85.22
2025-06-10,base1-4,42382,Holofoil,470.05,400.0,499.99,1249.99,
2025-06-10,base1-58,42402,Normal,3.15,0.49,2.47,9999.0,3.89
2025-06-10,cel25c-4,250320,Holofoil,95.16,85.47,104.0,250.0,96.99
2025-06-10,gym2-2,83861,1st Edition Holofoil,697.67,376.48,438.24,499.99,
2025-06-10,gym2-2,83861,Unlimited Holofoil,421.95,349.0,529.99,599.99,499.99
2025-06-10,neo1-9,86903,1st Edition Holofoil,1251.5,1150.0,1475.0,1800.0,
2025-06-10,neo1-9,86903,Unlimited Holofoil,434.36,259.99,354.99,475.94,
2025-06-10,sl-151-bundle,502000,Normal,66.67,60.0,74.98,175.0,
2025-06-10,sl-151-etb,503313,Normal,233.39,235.0,302.5,4999.99,
2025-06-10,sl-151-upc,502005,Normal,361.07,375.0,437.5,26500.0,
2025-06-10,sl-ar-box,265519,Normal,410.56,367.0,425.0,1999.99,
2025-06-10,sl-bs-box,256141,Normal,423.93,390.0,469.9,999.99,
2025-06-10,sl-cel-upc,245140,Normal,463.85,479.0,500.31,1200.0,
2025-06-10,sl-champ-etb,218791,Normal,119.61,122.0,146.5,800.0,
2025-06-10,sl-cz-etb,453470,Normal,167.83,165.0,208.75,1999.99,
2025-06-10,sl-dr-box,624679,Normal,255.13,240.69,267.92,99999.0,
2025-06-10,sl-evs-box,242436,Normal,1824.89,1900.0,2000.0,10000.0,
2025-06-10,sl-evs-etb,243721,Normal,530.71,639.99,660.0,999.99,
2025-06-10,sl-fs-box,247654,Normal,792.76,735.0,874.99,1999.99,
2025-06-10,sl-hf-etb,194729,Normal,311.37,326.35,399.99,599.95,
2025-06-10,sl-jp-151,565243,Normal,156.51,158.5,169.99,399.99,
2025-06-10,sl-jp-terastal,603428,Normal,80.5,77.99,110.0,200.0,
2025-06-10,sl-jt-box,610931,Normal,211.82,206.0,235.59,600.0,
2025-06-10,sl-lo-box,277324,Normal,523.34,537.7,650.0,1500.0,
2025-06-10,sl-obf-box,501257,Normal,234.88,231.99,285.37,500.0,
2025-06-10,sl-pe-etb,593355,Normal,97.39,95.94,130.0,299.99,
2025-06-10,sl-pe-spc,622770,Normal,193.32,185.0,230.0,99999.0,
2025-06-10,sl-pf-etb,528040,Normal,143.63,148.98,181.49,209.98,
2025-06-10,sl-shf-etb,228821,Normal,87.95,80.0,98.0,499.99,
2025-06-10,sl-ss-box,565606,Normal,232.17,211.0,289.99,4999.99,
2025-06-10,sl-st-box,283389,Normal,343.64,340.27,400.0,1199.99,
2025-06-10,sl-tf-box,536225,Normal,216.92,207.99,246.46,400.0,
2025-06-10,sv2-185,497557,Normal,0.32,0.01,0.37,4.99,0.27
2025-06-10,sv2-185,497557,Reverse Holofoil,0.66,0.2,0.95,9.99,0.76
2025-06-10,sv2-254,497669,Holofoil,20.19,16.0,21.0,100.0,20.73
2025-06-10,sv2-269,497689,Holofoil,57.06,54.94,64.98,259.99,57.02
2025-06-10,sv3pt5-151,516566,Holofoil,6.17,5.0,7.8,40.0,8.47
2025-06-10,sv3pt5-199,517045,Holofoil,196.13,175.99,215.99,1400.0,196.44
2025-06-10,sv3pt5-205,517051,Holofoil,12.56,9.93,13.92,50.0,11.91
2025-06-10,sv3pt5-4,502555,Normal,0.09,0.01,0.15,5.0,0.08
2025-06-10,sv3pt5-4,502555,Reverse Holofoil,0.29,0.05,0.28,4.95,0.2
2025-06-10,sv3pt5-6,502558,Holofoil,4.32,3.0,5.0,30.0,5.54
2025-06-10,sv3pt5-7,502548,Normal,0.11,0.01,0.15,15.0,0.1
2025-06-10,sv3pt5-7,502548,Reverse Holofoil,0.16,0.02,0.24,11.0,
2025-06-10,sv4pt5-234,535090,Holofoil,168.85,156.88,184.24,499.98,158.19
2025-06-10,sv4pt5-54,534416,Holofoil,2.57,1.5,2.91,45.0,2.21
2025-06-10,sv8-57,590025,Holofoil,6.65,5.5,8.0,40.0,8.99
2025-06-10,sv8pt5-149,610504,Holofoil,260.83,209.99,304.03,800.0,
2025-06-10,sv8pt5-155,610510,Holofoil,318.36,278.0,326.41,599.95,
2025-06-10,sv8pt5-156,610511,Holofoil,422.93,389.01,475.22,899.95,
2025-06-10,sv8pt5-161,610516,Holofoil,1129.76,970.0,1200.0,1999.95,1129.76
2025-06-10,sv8pt5-167,610522,Holofoil,146.21,139.99,170.5,360.68,
2025-06-10,sv8pt5-179,610534,Holofoil,40.37,37.99,52.5,270.0,
2025-06-10,sv8pt5-28,610383,Holofoil,0.76,0.5,1.42,14.0,0.78
2025-06-10,sv8pt5-47,610402,Normal,0.04,0.01,0.1,4.95,0.03
2025-06-10,sv8pt5-47,610402,Reverse Holofoil,0.11,0.01,0.13,5.11,0.03
2025-06-10,sv8pt5-59,610414,Holofoil,0.26,0.01,0.3,100.0,0.26
2025-06-10,sv8pt5-59,610414,Reverse Holofoil,0.29,0.1,0.5,25.0,
2025-06-10,sv8pt5-60,610415,Holofoil,5.44,4.9,7.27,40.0,5.5
2025-06-10,svp-085,518861,Normal,319.87,307.0,350.0,700.0,349.94
2025-06-10,swsh11-186,284137,Holofoil,517.23,413.47,550.0,999.95,549.94
2025-06-10,swsh12-186,451834,Holofoil,274.06,229.99,296.71,699.95,258.45
2025-06-10,swsh12pt5gg-GG69,478100,Holofoil,162.36,149.0,191.72,1000.0,171.5
2025-06-10,swsh35-25,223018,Normal,0.13,0.01,0.2,1.25,
2025-06-10,swsh35-25,223018,Reverse Holofoil,0.32,0.09,0.31,2.0,
2025-06-10,swsh35-74,223073,Holofoil,179.16,159.68,200.82,1500.0,173.93
2025-06-10,swsh45sv-SV107,232496,Holofoil,112.5,104.99,127.24,349.95,111.87
2025-06-10,swsh7-204,246693,Holofoil,25.89,21.95,33.13,100.0,34.95
2025-06-10,swsh7-205,246696,Holofoil,394.4,329.1,435.0,899.95,400.0
2025-06-10,swsh7-208,246755,Holofoil,25.26,22.92,27.79,49.95,27.52
2025-06-10,swsh7-209,246756,Holofoil,281.5,270.0,317.92,799.99,316.95
2025-06-10,swsh7-211,246702,Holofoil,42.88,39.99,46.44,99.95,47.88
2025-06-10,swsh7-212,246704,Holofoil,314.29,289.01,346.0,1063.48,314.29
2025-06-10,swsh7-215,246723,Holofoil,1515.94,1350.0,1584.0,2499.95,1494.94
2025-06-10,swsh7-218,246733,Holofoil,706.05,597.48,714.29,1299.95,659.89
2025-06-10,swsh7-41,246753,Holofoil,5.01,3.92,5.5,89.0,4.99
2025-06-10,swsh7-65,246690,Holofoil,9.16,6.0,9.75,500.0,11.61
2025-06-10,swsh7-75,246701,Holofoil,9.23,7.73,10.99,50.0,11.42
2025-06-10,swsh7-8,246691,Holofoil,6.24,3.99,6.4,50.0,7.45
2025-06-10,swsh8-271,253266,Holofoil,576.57,495.8,659.49,1250.0,577.98
2025-06-10,swsh9-154,263873,Holofoil,201.9,179.81,219.99,1500.0,218.0
2025-06-11,base1-15,42355,Holofoil,121.13,61.89,114.85,3500.0,
2025-06-11,base1-16,42356,Holofoil,44.66,19.0,33.33,9999.0,17.24
2025-06-11,base1-2,42360,Holofoil,162.74,119.99,153.96,499.99,85.22
2025-06-11,base1-4,42382,Holofoil,470.05,404.8,499.99,1249.99,
2025-06-11,base1-58,42402,Normal,3.15,0.49,2.45,9999.0,0.81
2025-06-11,cel25c-4,250320,Holofoil,94.51,85.47,104.0,250.0,96.99
2025-06-11,gym2-2,83861,1st Edition Holofoil,697.67,376.48,499.98,499.99,
2025-06-11,gym2-2,83861,Unlimited Holofoil,421.95,347.99,529.99,599.99,499.99
2025-06-11,neo1-9,86903,1st Edition Holofoil,1251.5,1150.0,1475.0,1800.0,
2025-06-11,neo1-9,86903,Unlimited Holofoil,434.36,280.99,359.99,475.94,
2025-06-11,sl-151-bundle,502000,Normal,63.58,60.0,74.98,175.0,
2025-06-11,sl-151-etb,503313,Normal,237.35,235.0,304.99,4999.99,
2025-06-11,sl-151-upc,502005,Normal,361.35,374.99,449.99,26500.0,
2025-06-11,sl-ar-box,265519,Normal,410.56,367.0,425.0,1999.99,
2025-06-11,sl-bs-box,256141,Normal,423.93,390.0,469.9,999.99,
2025-06-11,sl-cel-upc,245140,Normal,463.85,430.0,500.0,1200.0,
2025-06-11,sl-champ-etb,218791,Normal,119.61,119.99,148.0,800.0,
2025-06-11,sl-cz-etb,453470,Normal,167.99,165.0,199.99,1999.99,
2025-06-11,sl-dr-box,624679,Normal,252.95,254.0,267.89,99999.0,
2025-06-11,sl-evs-box,242436,Normal,1824.89,1899.99,2000.0,10000.0,
2025-06-11,sl-evs-etb,243721,Normal,536.55,639.99,660.0,999.99,
2025-06-11,sl-fs-box,247654,Normal,792.76,735.0,874.99,1999.99,
2025-06-11,sl-hf-etb,194729,Normal,323.64,369.99,423.1,599.95,
2025-06-11,sl-jp-151,565243,Normal,157.11,157.5,169.99,399.99,
2025-06-11,sl-jp-terastal,603428,Normal,80.78,76.94,107.5,200.0,
2025-06-11,sl-jt-box,610931,Normal,212.25,206.0,235.59,600.0,
2025-06-11,sl-lo-box,277324,Normal,523.34,523.34,649.98,1500.0,
2025-06-11,sl-obf-box,501257,Normal,235.2,231.99,285.74,500.0,
2025-06-11,sl-pe-etb,593355,Normal,98.11,90.0,130.94,299.99,
2025-06-11,sl-pe-spc,622770,Normal,195.59,185.0,230.0,99999.0,
2025-06-11,sl-pf-etb,528040,Normal,143.87,145.0,180.0,209.98,
2025-06-11,sl-shf-etb,228821,Normal,88.03,80.0,99.57,499.99,
2025-06-11,sl-ss-box,565606,Normal,230.76,220.0,289.94,4999.99,
2025-06-11,sl-st-box,283389,Normal,343.95,343.64,399.99,1199.99,
2025-06-11,sl-tf-box,536225,Normal,216.52,207.99,245.02,400.0,
2025-06-11,sv2-185,497557,Normal,0.35,0.01,0.37,4.99,0.33
2025-06-11,sv2-185,497557,Reverse Holofoil,0.7,0.2,0.94,9.99,0.9
2025-06-11,sv2-254,497669,Holofoil,19.08,16.0,20.99,100.0,20.73
2025-06-11,sv2-269,497689,Holofoil,56.79,54.68,64.91,259.99,63.61
2025-06-11,sv3pt5-151,516566,Holofoil,6.47,5.0,7.72,40.0,8.57
2025-06-11,sv3pt5-199,517045,Holofoil,189.55,175.99,216.16,1400.0,181.4
2025-06-11,sv3pt5-205,517051,Holofoil,12.97,9.9,13.79,50.0,15.67
2025-06-11,sv3pt5-4,502555,Normal,0.08,0.01,0.15,5.0,0.09
2025-06-11,sv3pt5-4,502555,Reverse Holofoil,0.27,0.05,0.28,4.95,0.21
2025-06-11,sv3pt5-6,502558,Holofoil,4.43,3.0,4.99,30.0,5.64
2025-06-11,sv3pt5-7,502548,Normal,0.1,0.01,0.15,15.0,0.1
2025-06-11,sv3pt5-7,502548,Reverse Holofoil,0.16,0.02,0.24,11.0,
2025-06-11,sv4pt5-234,535090,Holofoil,168.57,158.19,183.2,499.98,158.19
2025-06-11,sv4pt5-54,534416,Holofoil,2.66,1.5,2.89,45.0,3.0
2025-06-11,sv8-57,590025,Holofoil,7.04,5.0,8.0,40.0,5.6
2025-06-11,sv8pt5-149,610504,Holofoil,260.05,209.73,300.0,800.0,
2025-06-11,sv8pt5-155,610510,Holofoil,295.97,277.0,339.99,599.95,
2025-06-11,sv8pt5-156,610511,Holofoil,424.65,379.99,474.96,899.95,
2025-06-11,sv8pt5-161,610516,Holofoil,1129.76,950.0,1190.0,1999.95,1129.76
2025-06-11,sv8pt5-167,610522,Holofoil,144.91,139.99,171.0,360.68,
2025-06-11,sv8pt5-179,610534,Holofoil,38.72,30.68,51.63,270.0,
2025-06-11,sv8pt5-28,610383,Holofoil,0.89,0.5,1.44,20.0,
2025-06-11,sv8pt5-47,610402,Normal,0.04,0.01,0.1,4.95,0.03
2025-06-11,sv8pt5-47,610402,Reverse Holofoil,0.09,0.01,0.13,5.11,0.03
2025-06-11,sv8pt5-59,610414,Holofoil,0.26,0.01,0.3,100.0,0.3
2025-06-11,sv8pt5-59,610414,Reverse Holofoil,0.27,0.1,0.5,25.0,0.29
2025-06-11,sv8pt5-60,610415,Holofoil,6.01,4.69,7.32,40.0,7.27
2025-06-11,svp-085,518861,Normal,320.27,307.0,350.0,700.0,349.94
2025-06-11,swsh11-186,284137,Holofoil,514.43,413.47,549.97,999.95,549.94
2025-06-11,swsh12-186,451834,Holofoil,270.8,229.0,319.99,699.95,299.99
2025-06-11,swsh12pt5gg-GG69,478100,Holofoil,160.58,145.0,190.0,1000.0,180.05
2025-06-11,swsh35-25,223018,Normal,0.13,0.01,0.2,1.25,
2025-06-11,swsh35-25,223018,Reverse Holofoil,0.32,0.09,0.3,2.0,
2025-06-11,swsh35-74,223073,Holofoil,179.16,159.68,200.0,1500.0,199.88
2025-06-11,swsh45sv-SV107,232496,Holofoil,112.51,104.99,127.24,349.95,109.98
2025-06-11,swsh7-204,246693,Holofoil,26.4,25.0,34.98,100.0,34.94
2025-06-11,swsh7-205,246696,Holofoil,394.4,328.72,429.71,899.95,400.0
2025-06-11,swsh7-208,246755,Holofoil,25.63,22.92,29.24,49.95,27.52
2025-06-11,swsh7-209,246756,Holofoil,281.5,270.0,317.9,799.99,316.94
2025-06-11,swsh7-211,246702,Holofoil,42.36,40.0,49.99,99.95,47.88
2025-06-11,swsh7-212,246704,Holofoil,309.63,276.85,345.54,1063.48,314.29
2025-06-11,swsh7-215,246723,Holofoil,1515.94,1350.0,1584.0,2499.95,1494.94
2025-06-11,swsh7-218,246733,Holofoil,706.05,597.48,708.03,1299.95,659.84
2025-06-11,swsh7-41,246753,Holofoil,5.11,3.92,5.53,89.0,4.99
2025-06-11,swsh7-65,246690,Holofoil,8.83,6.0,9.77,500.0,11.93
2025-06-11,swsh7-75,246701,Holofoil,9.4,7.73,10.99,50.0,12.2
2025-06-11,swsh7-8,246691,Holofoil,6.3,3.99,6.35,50.0,7.5
2025-06-11,swsh8-271,253266,Holofoil,576.57,494.5,650.0,1250.0,577.98
2025-06-11,swsh9-154,263873,Holofoil,201.9,179.81,219.95,1500.0,218.0
2025-06-12,base1-15,42355,Holofoil,121.13,61.89,114.85,10000.0,99.99
2025-06-12,base1-16,42356,Holofoil,44.66,19.84,39.99,9999.0,16.79
2025-06-12,base1-2,42360,Holofoil,162.74,119.99,154.15,499.99,85.22
2025-06-12,base1-4,42382,Holofoil,470.05,404.8,484.79,1249.99,
2025-06-12,base1-58,42402,Normal,3.01,0.49,2.43,9999.0,0.81
2025-06-12,cel25c-4,250320,Holofoil,94.85,85.47,101.3,250.0,96.99
2025-06-12,gym2-2,83861,1st Edition Holofoil,697.67,376.48,494.62,499.99,
2025-06-12,gym2-2,83861,Unlimited Holofoil,421.95,347.99,526.0,599.99,499.99
2025-06-12,neo1-9,86903,1st Edition Holofoil,1251.5,1150.0,1475.0,1800.0,
2025-06-12,neo1-9,86903,Unlimited Holofoil,434.36,263.79,359.99,475.94,
2025-06-12,sl-151-bundle,502000,Normal,66.49,59.99,74.99,175.0,
2025-06-12,sl-151-etb,503313,Normal,237.72,246.96,350.0,4999.99,
2025-06-12,sl-151-upc,502005,Normal,365.55,375.0,437.5,26500.0,
2025-06-12,sl-ar-box,265519,Normal,410.56,360.0,425.0,1999.99,
2025-06-12,sl-bs-box,256141,Normal,423.93,379.0,469.0,999.99,
2025-06-12,sl-cel-upc,245140,Normal,472.29,479.0,500.0,1200.0,
2025-06-12,sl-champ-etb,218791,Normal,119.37,120.0,148.48,800.0,
2025-06-12,sl-cz-etb,453470,Normal,168.75,175.0,208.75,1999.99,
2025-06-12,sl-dr-box,624679,Normal,248.56,233.99,264.99,99999.0,
2025-06-12,sl-evs-box,242436,Normal,1824.89,1899.99,2000.0,10000.0,
2025-06-12,sl-evs-etb,243721,Normal,536.55,639.99,650.0,999.99,
2025-06-12,sl-fs-box,247654,Normal,792.76,735.0,873.51,1999.99,
2025-06-12,sl-hf-etb,194729,Normal,349.64,399.99,500.0,999.98,
2025-06-12,sl-jp-151,565243,Normal,158.29,155.0,170.0,399.99,
2025-06-12,sl-jp-terastal,603428,Normal,78.33,75.98,107.5,200.0,
2025-06-12,sl-jt-box,610931,Normal,212.48,206.0,234.98,551.0,
2025-06-12,sl-lo-box,277324,Normal,524.06,500.0,650.0,1500.0,
2025-06-12,sl-obf-box,501257,Normal,235.2,229.93,284.99,500.0,
2025-06-12,sl-pe-etb,593355,Normal,101.59,95.0,132.48,299.99,
2025-06-12,sl-pe-spc,622770,Normal,190.05,181.01,234.97,99999.0,
2025-06-12,sl-pf-etb,528040,Normal,146.79,145.0,182.45,214.99,
2025-06-12,sl-shf-etb,228821,Normal,87.66,80.0,99.48,499.99,
2025-06-12,sl-ss-box,565606,Normal,226.47,221.74,289.99,4999.99,
2025-06-12,sl-st-box,283389,Normal,343.95,330.0,399.99,1199.99,
2025-06-12,sl-tf-box,536225,Normal,216.52,204.0,245.0,400.0,
2025-06-12,sv2-185,497557,Normal,0.35,0.01,0.38,4.99,
2025-06-12,sv2-185,497557,Reverse Holofoil,0.73,0.12,0.91,9.99,0.98
2025-06-12,sv2-254,497669,Holofoil,18.72,16.0,20.89,100.0,14.52
2025-06-12,sv2-269,497689,Holofoil,56.79,54.89,64.07,259.99,63.6
2025-06-12,sv3pt5-151,516566,Holofoil,7.02,5.0,7.72,40.0,8.57
2025-06-12,sv3pt5-199,517045,Holofoil,189.53,138.75,215.99,900.0,214.95
2025-06-12,sv3pt5-205,517051,Holofoil,12.72,9.9,13.99,50.0,13.29
2025-06-12,sv3pt5-4,502555,Normal,0.08,0.01,0.15,5.0,0.09
2025-06-12,sv3pt5-4,502555,Reverse Holofoil,0.24,0.05,0.27,4.95,
2025-06-12,sv3pt5-6,502558,Holofoil,4.4,3.0,4.99,30.0,5.62
2025-06-12,sv3pt5-7,502548,Normal,0.09,0.01,0.15,15.0,0.09
2025-06-12,sv3pt5-7,502548,Reverse Holofoil,0.14,0.02,0.24,11.0,0.07
2025-06-12,sv4pt5-234,535090,Holofoil,167.87,123.75,182.0,499.98,158.19
2025-06-12,sv4pt5-54,534416,Holofoil,2.83,1.5,2.9,45.0,2.99
2025-06-12,sv8-57,590025,Holofoil,7.08,5.0,8.0,74.9,9.69
2025-06-12,sv8pt5-149,610504,Holofoil,258.43,209.73,301.56,800.0,
2025-06-12,sv8pt5-155,610510,Holofoil,295.97,278.16,339.99,599.95,
2025-06-12,sv8pt5-156,610511,Holofoil,421.57,389.01,471.86,899.95,
2025-06-12,sv8pt5-161,610516,Holofoil,1162.95,949.99,1195.0,1999.95,1129.76
2025-06-12,sv8pt5-167,610522,Holofoil,144.91,138.0,171.34,360.68,149.25
2025-06-12,sv8pt5-179,610534,Holofoil,38.47,30.68,52.33,270.0,
2025-06-12,sv8pt5-28,610383,Holofoil,0.93,0.5,1.4,20.0,1.31
2025-06-12,sv8pt5-47,610402,Normal,0.04,0.01,0.1,4.95,0.03
2025-06-12,sv8pt5-47,610402,Reverse Holofoil,0.09,0.01,0.14,5.11,0.04
2025-06-12,sv8pt5-59,610414,Holofoil,0.23,0.01,0.3,100.0,0.25
2025-06-12,sv8pt5-59,610414,Reverse Holofoil,0.28,0.1,0.5,25.0,0.28
2025-06-12,sv8pt5-60,610415,Holofoil,5.62,4.69,7.32,40.0,7.84
2025-06-12,svp-085,518861,Normal,320.27,305.0,350.0,700.0,349.94
2025-06-12,swsh11-186,284137,Holofoil,516.19,404.69,549.95,999.95,549.93
2025-06-12,swsh12-186,451834,Holofoil,266.5,229.0,324.59,699.95,299.99
2025-06-12,swsh12pt5gg-GG69,478100,Holofoil,161.28,145.0,190.0,1000.0,174.99
2025-06-12,swsh35-25,223018,Normal,0.13,0.01,0.2,1.25,
2025-06-12,swsh35-25,223018,Reverse Holofoil,0.32,0.09,0.31,2.0,
2025-06-12,swsh35-74,223073,Holofoil,179.16,158.0,199.99,1500.0,199.87
2025-06-12,swsh45sv-SV107,232496,Holofoil,112.51,99.0,126.62,349.95,109.98
2025-06-12,swsh7-204,246693,Holofoil,26.79,25.0,34.98,100.0,34.94
2025-06-12,swsh7-205,246696,Holofoil,394.4,328.72,427.92,899.95,399.99
2025-06-12,swsh7-208,246755,Holofoil,25.76,22.92,29.45,49.95,27.52
2025-06-12,swsh7-209,246756,Holofoil,278.35,275.87,317.92,799.99,316.93
2025-06-12,swsh7-211,246702,Holofoil,42.56,40.0,49.5,99.95,47.88
2025-06-12,swsh7-212,246704,Holofoil,305.45,287.64,340.0,1063.48,314.29
2025-06-12,swsh7-215,246723,Holofoil,1515.94,1350.0,1545.0,2499.95,1494.94
2025-06-12,swsh7-218,246733,Holofoil,706.05,597.48,706.05,1299.95,659.79
2025-06-12,swsh7-41,246753,Holofoil,5.09,3.92,5.6,89.0,4.99
2025-06-12,swsh7-65,246690,Holofoil,9.14,5.19,9.87,500.0,11.93
2025-06-12,swsh7-75,246701,Holofoil,9.91,7.73,11.05,50.0,12.2
2025-06-12,swsh7-8,246691,Holofoil,6.33,3.99,6.37,50.0,7.5
2025-06-12,swsh8-271,253266,Holofoil,587.0,494.5,649.99,1250.0,577.98
2025-06-12,swsh9-154,263873,Holofoil,200.39,179.81,223.0,1500.0,219.93
2025-06-13,base1-15,42355,Holofoil,121.13,61.89,119.99,10000.0,99.99
2025-06-13,base1-16,42356,Holofoil,44.66,19.84,40.0,9999.0,28.17
2025-06-13,base1-2,42360,Holofoil,162.74,119.99,153.87,499.99,85.22
2025-06-13,base1-4,42382,Holofoil,470.05,404.8,484.79,1249.99,
2025-06-13,base1-58,42402,Normal,3.22,0.49,2.45,9999.0,
2025-06-13,cel25c-4,250320,Holofoil,95.04,85.47,102.11,250.0,96.99
2025-06-13,gym2-2,83861,1st Edition Holofoil,697.67,376.48,494.62,499.99,
2025-06-13,gym2-2,83861,Unlimited Holofoil,421.95,347.99,526.0,599.99,499.99
2025-06-13,neo1-9,86903,1st Edition Holofoil,1251.5,1150.0,1150.0,1800.0,
2025-06-13,neo1-9,86903,Unlimited Holofoil,434.36,263.79,359.99,475.94,
2025-06-13,sl-151-bundle,502000,Normal,66.84,60.0,74.98,175.0,
2025-06-13,sl-151-etb,503313,Normal,238.92,243.0,320.44,4999.99,
2025-06-13,sl-151-upc,502005,Normal,367.18,380.73,425.0,26500.0,
2025-06-13,sl-ar-box,265519,Normal,410.56,360.0,425.0,1999.99,
2025-06-13,sl-bs-box,256141,Normal,423.93,379.0,460.0,999.99,
2025-06-13,sl-cel-upc,245140,Normal,474.33,490.0,504.65,1200.0,
2025-06-13,sl-champ-etb,218791,Normal,119.37,125.0,148.99,800.0,
2025-06-13,sl-cz-etb,453470,Normal,168.75,175.0,199.98,1999.99,
2025-06-13,sl-dr-box,624679,Normal,247.41,234.76,264.99,99999.0,
2025-06-13,sl-evs-box,242436,Normal,1824.89,1899.99,2000.0,10000.0,
2025-06-13,sl-evs-etb,243721,Normal,536.55,639.95,645.89,999.99,
2025-06-13,sl-fs-box,247654,Normal,792.76,735.0,872.04,1999.99,
2025-06-13,sl-hf-etb,194729,Normal,350.32,399.99,500.0,999.98,
2025-06-13,sl-jp-151,565243,Normal,158.44,155.0,169.99,399.99,
2025-06-13,sl-jp-terastal,603428,Normal,78.67,76.94,110.0,200.0,
2025-06-13,sl-jt-box,610931,Normal,212.16,205.99,235.59,551.0,
2025-06-13,sl-lo-box,277324,Normal,524.06,499.99,650.0,1299.99,
2025-06-13,sl-obf-box,501257,Normal,236.44,229.93,274.99,500.0,
2025-06-13,sl-pe-etb,593355,Normal,100.08,93.0,133.99,299.99,
2025-06-13,sl-pe-spc,622770,Normal,193.29,189.13,239.25,99999.0,
2025-06-13,sl-pf-etb,528040,Normal,148.83,148.99,180.0,209.98,
2025-06-13,sl-shf-etb,228821,Normal,87.42,82.0,99.97,499.99,
2025-06-13,sl-ss-box,565606,Normal,232.21,236.06,292.59,4999.99,
2025-06-13,sl-st-box,283389,Normal,343.95,330.0,399.99,1199.99,
2025-06-13,sl-tf-box,536225,Normal,216.43,204.0,245.01,400.0,
2025-06-13,sv2-185,497557,Normal,0.31,0.01,0.36,4.99,
2025-06-13,sv2-185,497557,Reverse Holofoil,0.79,0.12,0.93,9.99,2.24
2025-06-13,sv2-254,497669,Holofoil,18.62,16.0,20.75,100.0,20.0
2025-06-13,sv2-269,497689,Holofoil,57.04,54.5,64.68,259.99,66.86
2025-06-13,sv3pt5-151,516566,Holofoil,7.04,4.0,7.72,40.0,6.64
2025-06-13,sv3pt5-199,517045,Holofoil,185.16,138.75,215.06,900.0,
2025-06-13,sv3pt5-205,517051,Holofoil,12.73,9.5,13.99,50.0,11.15
2025-06-13,sv3pt5-4,502555,Normal,0.08,0.01,0.15,5.0,0.1
2025-06-13,sv3pt5-4,502555,Reverse Holofoil,0.24,0.05,0.26,4.95,
2025-06-13,sv3pt5-6,502558,Holofoil,4.65,3.0,4.99,30.0,6.82
2025-06-13,sv3pt5-7,502548,Normal,0.09,0.01,0.15,15.0,0.08
2025-06-13,sv3pt5-7,502548,Reverse Holofoil,0.12,0.02,0.24,11.0,
2025-06-13,sv4pt5-234,535090,Holofoil,164.63,123.75,180.0,499.98,158.19
2025-06-13,sv4pt5-54,534416,Holofoil,2.28,1.4,2.89,45.0,3.0
2025-06-13,sv8-57,590025,Holofoil,7.04,4.99,8.0,74.9,9.89
2025-06-13,sv8pt5-149,610504,Holofoil,258.43,198.73,300.0,800.0,
2025-06-13,sv8pt5-155,610510,Holofoil,295.97,278.16,333.3,599.95,
2025-06-13,sv8pt5-156,610511,Holofoil,421.57,390.0,459.99,899.95,
2025-06-13,sv8pt5-161,610516,Holofoil,1162.95,980.0,1200.0,1999.95,1129.76
2025-06-13,sv8pt5-167,610522,Holofoil,145.36,138.0,170.99,360.68,
2025-06-13,sv8pt5-179,610534,Holofoil,36.87,30.68,51.83,270.0,
2025-06-13,sv8pt5-28,610383,Holofoil,0.89,0.49,1.39,20.0,
2025-06-13,sv8pt5-47,610402,Normal,0.03,0.01,0.1,4.95,0.04
2025-06-13,sv8pt5-47,610402,Reverse Holofoil,0.09,0.01,0.14,5.11,0.05
2025-06-13,sv8pt5-59,610414,Holofoil,0.21,0.01,0.3,100.0,0.25
2025-06-13,sv8pt5-59,610414,Reverse Holofoil,0.29,0.1,0.5,25.0,0.28
2025-06-13,sv8pt5-60,610415,Holofoil,5.98,4.39,7.74,40.0,
2025-06-13,svp-085,518861,Normal,320.27,305.0,349.99,700.0,349.94
2025-06-13,swsh11-186,284137,Holofoil,514.99,404.69,549.94,999.95,549.92
2025-06-13,swsh12-186,451834,Holofoil,266.5,229.0,324.69,699.95,274.99
2025-06-13,swsh12pt5gg-GG69,478100,Holofoil,161.43,145.0,190.0,1000.0,171.47
2025-06-13,swsh35-25,223018,Normal,0.13,0.01,0.2,1.25,
2025-06-13,swsh35-25,223018,Reverse Holofoil,0.32,0.09,0.32,2.0,
2025-06-13,swsh35-74,223073,Holofoil,179.16,157.9,199.99,1500.0,199.87
2025-06-13,swsh45sv-SV107,232496,Holofoil,112.49,99.0,127.04,349.95,109.99
2025-06-13,swsh7-204,246693,Holofoil,26.79,25.0,34.95,100.0,34.48
2025-06-13,swsh7-205,246696,Holofoil,394.4,327.0,427.94,899.95,399.98
2025-06-13,swsh7-208,246755,Holofoil,25.76,22.92,29.23,49.95,24.97
2025-06-13,swsh7-209,246756,Holofoil,278.35,272.83,319.02,799.99,316.93
2025-06-13,swsh7-211,246702,Holofoil,42.56,40.0,49.5,99.95,47.88
2025-06-13,swsh7-212,246704,Holofoil,305.45,284.99,339.99,1063.48,314.29
2025-06-13,swsh7-215,246723,Holofoil,1515.94,1350.0,1549.99,2499.95,1494.94
2025-06-13,swsh7-218,246733,Holofoil,705.65,599.98,706.05,1299.95,659.74
2025-06-13,swsh7-41,246753,Holofoil,4.99,3.69,5.51,89.0,5.15
2025-06-13,swsh7-65,246690,Holofoil,9.22,5.19,9.82,500.0,11.92
2025-06-13,swsh7-75,246701,Holofoil,10.2,7.73,11.06,50.0,12.07
2025-06-13,swsh7-8,246691,Holofoil,6.42,3.99,6.41,50.0,7.5
2025-06-13,swsh8-271,253266,Holofoil,587.0,494.5,649.99,1250.0,577.96
2025-06-13,swsh9-154,263873,Holofoil,199.96,180.0,228.55,1500.0,219.92
2025-06-14,base1-15,42355,Holofoil,121.13,61.66,119.99,10000.0,99.99
2025-06-14,base1-16,42356,Holofoil,44.66,19.99,40.1,9999.0,
2025-06-14,base1-2,42360,Holofoil,162.74,119.99,153.77,499.99,85.23
2025-06-14,base1-4,42382,Holofoil,470.05,404.8,499.99,1249.99,
2025-06-14,base1-58,42402,Normal,3.2,0.49,2.43,9999.0,
2025-06-14,cel25c-4,250320,Holofoil,94.66,85.47,102.21,250.0,96.99
2025-06-14,gym2-2,83861,1st Edition Holofoil,697.67,376.48,494.62,499.99,
2025-06-14,gym2-2,83861,Unlimited Holofoil,453.69,347.99,526.0,599.99,499.99
2025-06-14,neo1-9,86903,1st Edition Holofoil,1251.5,1150.0,1150.0,1800.0,
2025-06-14,neo1-9,86903,Unlimited Holofoil,434.36,259.99,359.99,475.94,
2025-06-14,sl-151-bundle,502000,Normal,65.28,63.17,74.99,175.0,
2025-06-14,sl-151-etb,503313,Normal,240.24,246.96,304.99,4999.99,
2025-06-14,sl-151-upc,502005,Normal,366.41,375.0,425.0,26500.0,
2025-06-14,sl-ar-box,265519,Normal,410.56,360.0,425.0,1999.99,
2025-06-14,sl-bs-box,256141,Normal,423.93,379.0,460.0,999.99,
2025-06-14,sl-cel-upc,245140,Normal,476.13,490.0,504.65,1200.0,
2025-06-14,sl-champ-etb,218791,Normal,119.57,121.69,148.95,800.0,
2025-06-14,sl-cz-etb,453470,Normal,170.53,175.0,199.98,1999.99,
2025-06-14,sl-dr-box,624679,Normal,247.5,234.76,264.99,99999.0,
2025-06-14,sl-evs-box,242436,Normal,1824.89,1899.98,2000.0,10000.0,
2025-06-14,sl-evs-etb,243721,Normal,536.55,639.95,647.95,999.99,
2025-06-14,sl-fs-box,247654,Normal,792.76,730.0,873.51,1999.99,
2025-06-14,sl-hf-etb,194729,Normal,350.32,399.99,500.0,999.98,
2025-06-14,sl-jp-151,565243,Normal,158.54,155.0,169.99,399.99,
2025-06-14,sl-jp-terastal,603428,Normal,80.29,79.98,111.75,200.0,
2025-06-14,sl-jt-box,610931,Normal,213.85,205.99,242.49,551.0,
2025-06-14,sl-lo-box,277324,Normal,522.66,499.99,650.0,1299.99,
2025-06-14,sl-obf-box,501257,Normal,236.82,229.93,274.99,500.0,
2025-06-14,sl-pe-etb,593355,Normal,101.21,97.0,131.87,299.99,
2025-06-14,sl-pe-spc,622770,Normal,194.96,185.0,234.99,99999.0,
2025-06-14,sl-pf-etb,528040,Normal,156.02,152.99,184.99,209.98,
2025-06-14,sl-shf-etb,228821,Normal,87.7,82.0,99.95,499.99,
2025-06-14,sl-ss-box,565606,Normal,235.74,236.06,290.0,4999.99,
2025-06-14,sl-st-box,283389,Normal,343.95,330.0,399.99,1199.99,
2025-06-14,sl-tf-box,536225,Normal,216.19,204.0,246.46,400.0,
2025-06-14,sv2-185,497557,Normal,0.29,0.01,0.35,4.95,
2025-06-14,sv2-185,497557,Reverse Holofoil,0.69,0.12,0.94,9.99,
2025-06-14,sv2-254,497669,Holofoil,18.43,16.0,20.59,100.0,20.61
2025-06-14,sv2-269,497689,Holofoil,56.77,55.76,64.83,259.99,66.86
2025-06-14,sv3pt5-151,516566,Holofoil,6.64,4.0,7.7,40.0,9.29
2025-06-14,sv3pt5-199,517045,Holofoil,174.32,138.75,214.95,900.0,
2025-06-14,sv3pt5-205,517051,Holofoil,11.91,9.0,13.96,50.0,11.91
2025-06-14,sv3pt5-4,502555,Normal,0.08,0.01,0.15,5.0,0.08
2025-06-14,sv3pt5-4,502555,Reverse Holofoil,0.24,0.05,0.26,4.95,
2025-06-14,sv3pt5-6,502558,Holofoil,4.31,3.0,4.99,30.0,7.21
2025-06-14,sv3pt5-7,502548,Normal,0.09,0.01,0.15,15.0,0.1
2025-06-14,sv3pt5-7,502548,Reverse Holofoil,0.13,0.02,0.24,11.0,
2025-06-14,sv4pt5-234,535090,Holofoil,162.78,123.75,179.95,499.98,158.19
2025-06-14,sv4pt5-54,534416,Holofoil,2.63,1.5,2.88,45.0,4.74
2025-06-14,sv8-57,590025,Holofoil,7.52,5.0,8.0,74.9,10.48
2025-06-14,sv8pt5-149,610504,Holofoil,258.43,198.73,297.19,800.0,
2025-06-14,sv8pt5-155,610510,Holofoil,291.36,279.99,336.65,599.95,
2025-06-14,sv8pt5-156,610511,Holofoil,420.57,390.0,456.99,899.95,
2025-06-14,sv8pt5-161,610516,Holofoil,1162.95,980.0,1159.72,1999.95,1129.76
2025-06-14,sv8pt5-167,610522,Holofoil,145.7,138.0,170.79,360.68,
2025-06-14,sv8pt5-179,610534,Holofoil,35.47,30.68,52.5,270.0,
2025-06-14,sv8pt5-28,610383,Holofoil,1.03,0.25,1.4,20.0,
2025-06-14,sv8pt5-47,610402,Normal,0.03,0.01,0.1,4.95,0.03
2025-06-14,sv8pt5-47,610402,Reverse Holofoil,0.07,0.01,0.14,5.11,0.06
2025-06-14,sv8pt5-59,610414,Holofoil,0.18,0.01,0.3,100.0,
2025-06-14,sv8pt5-59,610414,Reverse Holofoil,0.29,0.1,0.5,25.0,0.28
2025-06-14,sv8pt5-60,610415,Holofoil,5.67,4.0,7.94,40.0,
2025-06-14,svp-085,518861,Normal,319.39,305.0,349.97,700.0,349.94
2025-06-14,swsh11-186,284137,Holofoil,514.99,414.97,549.95,999.95,490.0
2025-06-14,swsh12-186,451834,Holofoil,266.52,229.0,324.95,699.95,274.98
2025-06-14,swsh12pt5gg-GG69,478100,Holofoil,161.88,142.49,185.41,1000.0,171.29
2025-06-14,swsh35-25,223018,Normal,0.13,0.01,0.2,1.25,
2025-06-14,swsh35-25,223018,Reverse Holofoil,0.32,0.09,0.32,2.0,
2025-06-14,swsh35-74,223073,Holofoil,179.16,148.06,199.97,1500.0,148.56
2025-06-14,swsh45sv-SV107,232496,Holofoil,112.11,98.99,124.95,349.95,104.95
2025-06-14,swsh7-204,246693,Holofoil,26.79,25.0,34.75,100.0,34.48
2025-06-14,swsh7-205,246696,Holofoil,394.4,320.0,418.93,899.95,399.98
2025-06-14,swsh7-208,246755,Holofoil,25.76,22.92,29.17,49.95,24.97
2025-06-14,swsh7-209,246756,Holofoil,278.35,272.83,317.93,799.99,316.94
2025-06-14,swsh7-211,246702,Holofoil,42.56,40.0,49.0,99.95,47.89
2025-06-14,swsh7-212,246704,Holofoil,305.45,289.01,337.49,1063.48,314.29
2025-06-14,swsh7-215,246723,Holofoil,1515.94,1350.0,1540.0,2499.95,1446.99
2025-06-14,swsh7-218,246733,Holofoil,706.04,599.98,705.95,1299.95,659.74
2025-06-14,swsh7-41,246753,Holofoil,4.95,3.69,5.5,89.0,4.95
2025-06-14,swsh7-65,246690,Holofoil,9.27,5.19,9.8,500.0,11.92
2025-06-14,swsh7-75,246701,Holofoil,10.6,7.73,11.18,50.0,12.48
2025-06-14,swsh7-8,246691,Holofoil,6.5,3.99,6.42,50.0,7.67
2025-06-14,swsh8-271,253266,Holofoil,587.0,494.5,650.0,1250.0,577.96
2025-06-14,swsh9-154,263873,Holofoil,199.96,180.0,226.0,1500.0,219.92
2025-06-15,base1-15,42355,Holofoil,121.13,61.66,118.0,10000.0,99.99
2025-06-15,base1-16,42356,Holofoil,44.66,20.0,40.22,9999.0,
2025-06-15,base1-2,42360,Holofoil,162.74,119.99,151.88,499.99,85.23
2025-06-15,base1-4,42382,Holofoil,470.05,404.8,499.5,1249.99,
2025-06-15,base1-58,42402,Normal,3.15,0.49,2.34,9999.0,
2025-06-15,cel25c-4,250320,Holofoil,94.48,85.0,101.1,250.0,96.99
2025-06-15,gym2-2,83861,1st Edition Holofoil,697.67,376.48,494.62,499.99,
2025-06-15,gym2-2,83861,Unlimited Holofoil,453.69,347.99,526.0,599.99,499.99
2025-06-15,neo1-9,86903,1st Edition Holofoil,1251.5,1150.0,1150.0,1800.0,
2025-06-15,neo1-9,86903,Unlimited Holofoil,434.36,259.99,359.99,474.98,
2025-06-15,sl-151-bundle,502000,Normal,69.02,64.97,74.99,175.0,
2025-06-15,sl-151-etb,503313,Normal,240.24,240.24,300.0,4999.99,
2025-06-15,sl-151-upc,502005,Normal,368.01,375.0,425.0,26500.0,
2025-06-15,sl-ar-box,265519,Normal,409.48,360.0,425.0,1999.99,
2025-06-15,sl-bs-box,256141,Normal,416.75,379.0,460.0,999.99,
2025-06-15,sl-cel-upc,245140,Normal,476.13,490.0,508.98,1200.0,
2025-06-15,sl-champ-etb,218791,Normal,119.57,118.0,148.48,800.0,
2025-06-15,sl-cz-etb,453470,Normal,171.33,175.0,199.98,1999.99,
2025-06-15,sl-dr-box,624679,Normal,250.51,234.76,264.99,99999.0,
2025-06-15,sl-evs-box,242436,Normal,1824.89,1899.98,2003.69,10000.0,
2025-06-15,sl-evs-etb,243721,Normal,536.55,639.95,647.5,999.99,
2025-06-15,sl-fs-box,247654,Normal,791.64,730.0,873.51,1999.99,
2025-06-15,sl-hf-etb,194729,Normal,357.8,400.0,503.69,999.98,
2025-06-15,sl-jp-151,565243,Normal,159.63,155.0,169.99,399.99,
2025-06-15,sl-jp-terastal,603428,Normal,82.83,77.95,110.42,200.0,
2025-06-15,sl-jt-box,610931,Normal,213.35,205.99,247.19,551.0,
2025-06-15,sl-lo-box,277324,Normal,522.66,499.99,650.0,1299.99,
2025-06-15,sl-obf-box,501257,Normal,237.9,229.93,279.99,500.0,
2025-06-15,sl-pe-etb,593355,Normal,102.7,94.0,130.0,299.99,
2025-06-15,sl-pe-spc,622770,Normal,197.86,189.69,235.0,99999.0,
2025-06-15,sl-pf-etb,528040,Normal,156.15,166.93,184.99,209.98,
2025-06-15,sl-shf-etb,228821,Normal,87.75,82.0,99.95,499.99,
2025-06-15,sl-ss-box,565606,Normal,240.11,236.06,295.3,4999.99,
2025-06-15,sl-st-box,283389,Normal,343.15,343.64,399.99,1199.99,
2025-06-15,sl-tf-box,536225,Normal,216.75,204.0,245.02,400.0,
2025-06-15,sv2-185,497557,Normal,0.31,0.01,0.36,29.0,
2025-06-15,sv2-185,497557,Reverse Holofoil,0.51,0.12,0.92,9.99,
2025-06-15,sv2-254,497669,Holofoil,18.11,15.5,20.43,100.0,21.27
2025-06-15,sv2-269,497689,Holofoil,56.77,55.66,64.98,259.99,66.86
2025-06-15,sv3pt5-151,516566,Holofoil,7.27,5.0,7.8,40.0,9.38
2025-06-15,sv3pt5-199,517045,Holofoil,183.29,172.99,214.95,900.0,
2025-06-15,sv3pt5-205,517051,Holofoil,11.93,8.44,13.56,50.0,14.72
2025-06-15,sv3pt5-4,502555,Normal,0.09,0.01,0.15,5.0,0.08
2025-06-15,sv3pt5-4,502555,Reverse Holofoil,0.23,0.05,0.26,4.95,
2025-06-15,sv3pt5-6,502558,Holofoil,3.95,2.9,4.9,30.0,6.99
2025-06-15,sv3pt5-7,502548,Normal,0.08,0.01,0.15,15.0,
2025-06-15,sv3pt5-7,502548,Reverse Holofoil,0.13,0.02,0.23,11.0,
2025-06-15,sv4pt5-234,535090,Holofoil,166.54,158.19,180.0,499.98,158.19
2025-06-15,sv4pt5-54,534416,Holofoil,2.62,1.5,2.91,45.0,4.74
2025-06-15,sv8-57,590025,Holofoil,7.54,5.0,8.1,74.9,10.48
2025-06-15,sv8pt5-149,610504,Holofoil,258.43,198.73,297.19,800.0,
2025-06-15,sv8pt5-155,610510,Holofoil,291.36,279.99,333.3,599.95,
2025-06-15,sv8pt5-156,610511,Holofoil,420.57,390.0,455.87,800.0,
2025-06-15,sv8pt5-161,610516,Holofoil,1162.95,980.0,1181.97,1999.95,1129.76
2025-06-15,sv8pt5-167,610522,Holofoil,145.7,138.0,170.45,360.68,
2025-06-15,sv8pt5-179,610534,Holofoil,35.52,30.68,52.0,270.0,
2025-06-15,sv8pt5-28,610383,Holofoil,1.14,0.25,1.39,14.0,
2025-06-15,sv8pt5-47,610402,Normal,0.03,0.01,0.1,4.95,0.03
2025-06-15,sv8pt5-47,610402,Reverse Holofoil,0.07,0.01,0.14,5.11,0.07
2025-06-15,sv8pt5-59,610414,Holofoil,0.18,0.01,0.3,100.0,
2025-06-15,sv8pt5-59,610414,Reverse Holofoil,0.3,0.1,0.5,25.0,
2025-06-15,sv8pt5-60,610415,Holofoil,5.15,4.9,7.72,40.0,
2025-06-15,svp-085,518861,Normal,318.71,305.0,349.97,700.0,349.94
2025-06-15,swsh11-186,284137,Holofoil,513.6,430.0,550.0,999.95,549.92
2025-06-15,swsh12-186,451834,Holofoil,266.52,229.0,314.89,660.0,274.9
2025-06-15,swsh12pt5gg-GG69,478100,Holofoil,160.25,145.97,182.67,1000.0,171.29
2025-06-15,swsh35-25,223018,Normal,0.13,0.01,0.2,1.25,
2025-06-15,swsh35-25,223018,Reverse Holofoil,0.32,0.09,0.32,2.0,
2025-06-15,swsh35-74,223073,Holofoil,176.7,148.06,199.99,1500.0,150.0
2025-06-15,swsh45sv-SV107,232496,Holofoil,112.11,98.99,123.42,349.95,104.95
2025-06-15,swsh7-204,246693,Holofoil,26.79,25.0,34.75,100.0,34.48
2025-06-15,swsh7-205,246696,Holofoil,394.4,318.72,416.0,799.95,399.9
2025-06-15,swsh7-208,246755,Holofoil,25.57,22.92,29.45,59.95,24.97
2025-06-15,swsh7-209,246756,Holofoil,278.35,272.83,317.93,799.99,316.93
2025-06-15,swsh7-211,246702,Holofoil,42.44,40.0,49.5,90.74,47.89
2025-06-15,swsh7-212,246704,Holofoil,305.45,289.01,343.75,1063.48,314.29
2025-06-15,swsh7-215,246723,Holofoil,1492.46,1350.0,1550.0,2499.95,1445.95
2025-06-15,swsh7-218,246733,Holofoil,706.04,599.98,708.02,1299.95,659.74
2025-06-15,swsh7-41,246753,Holofoil,4.92,3.69,5.5,19.99,5.96
2025-06-15,swsh7-65,246690,Holofoil,9.4,7.98,9.88,500.0,11.93
2025-06-15,swsh7-75,246701,Holofoil,10.84,7.73,11.06,50.0,12.78
2025-06-15,swsh7-8,246691,Holofoil,6.4,3.99,6.41,50.0,7.67
2025-06-15,swsh8-271,253266,Holofoil,587.0,494.5,650.0,1250.0,577.96
2025-06-15,swsh9-154,263873,Holofoil,200.04,179.81,220.0,1500.0,219.92
2025-06-16,base1-15,42355,Holofoil,121.13,60.0,120.56,10000.0,99.99
2025-06-16,base1-16,42356,Holofoil,44.66,20.0,41.0,9999.0,
2025-06-16,base1-2,42360,Holofoil,162.74,119.99,154.94,499.99,
2025-06-16,base1-4,42382,Holofoil,470.05,400.0,499.0,1249.99,
2025-06-16,base1-58,42402,Normal,3.08,0.49,2.4,9999.0,
2025-06-16,cel25c-4,250320,Holofoil,94.04,85.47,101.2,250.0,96.99
2025-06-16,gym2-2,83861,1st Edition Holofoil,697.67,376.48,494.62,499.99,
2025-06-16,gym2-2,83861,Unlimited Holofoil,453.69,347.99,528.0,599.99,499.99
2025-06-16,neo1-9,86903,1st Edition Holofoil,1251.5,1150.0,1150.0,1800.0,
2025-06-16,neo1-9,86903,Unlimited Holofoil,440.48,259.99,359.99,474.98,
2025-06-16,sl-151-bundle,502000,Normal,68.78,64.99,74.97,175.0,
2025-06-16,sl-151-etb,503313,Normal,240.6,240.24,299.5,4999.99,
2025-06-16,sl-151-upc,502005,Normal,368.21,375.0,402.5,26500.0,
2025-06-16,sl-ar-box,265519,Normal,408.12,360.0,425.0,1999.99,
2025-06-16,sl-bs-box,256141,Normal,413.51,379.0,464.5,999.99,
2025-06-16,sl-cel-upc,245140,Normal,475.49,490.0,541.99,1200.0,
2025-06-16,sl-champ-etb,218791,Normal,119.57,118.0,148.0,800.0,
2025-06-16,sl-cz-etb,453470,Normal,171.33,175.0,199.98,1999.99,
2025-06-16,sl-dr-box,624679,Normal,249.73,246.0,271.99,99999.0,
2025-06-16,sl-evs-box,242436,Normal,1824.89,1899.98,2000.0,10000.0,
2025-06-16,sl-evs-etb,243721,Normal,536.55,639.95,650.0,999.99,
2025-06-16,sl-fs-box,247654,Normal,791.64,735.0,874.97,1999.99,
2025-06-16,sl-hf-etb,194729,Normal,357.8,444.99,501.85,999.98,
2025-06-16,sl-jp-151,565243,Normal,158.64,150.0,169.99,250.0,
2025-06-16,sl-jp-terastal,603428,Normal,83.54,82.45,112.66,200.0,
2025-06-16,sl-jt-box,610931,Normal,212.8,209.98,246.99,551.0,
2025-06-16,sl-lo-box,277324,Normal,522.66,499.99,649.95,1299.99,
2025-06-16,sl-obf-box,501257,Normal,235.85,231.99,274.99,500.0,
2025-06-16,sl-pe-etb,593355,Normal,105.46,97.14,130.0,299.99,
2025-06-16,sl-pe-spc,622770,Normal,196.82,190.0,237.0,99999.0,
2025-06-16,sl-pf-etb,528040,Normal,157.08,169.94,184.99,209.98,
2025-06-16,sl-shf-etb,228821,Normal,88.78,83.69,99.94,499.99,
2025-06-16,sl-ss-box,565606,Normal,244.75,236.06,291.3,4999.99,
2025-06-16,sl-st-box,283389,Normal,343.99,343.64,399.99,1199.99,
2025-06-16,sl-tf-box,536225,Normal,216.51,204.0,245.02,400.0,
2025-06-16,sv2-185,497557,Normal,0.31,0.01,0.37,29.0,
2025-06-16,sv2-185,497557,Reverse Holofoil,0.55,0.12,0.93,9.99,
2025-06-16,sv2-254,497669,Holofoil,17.84,17.0,20.73,100.0,23.67
2025-06-16,sv2-269,497689,Holofoil,56.73,54.99,64.99,259.99,66.86
2025-06-16,sv3pt5-151,516566,Holofoil,6.9,5.21,7.65,40.0,9.49
2025-06-16,sv3pt5-199,517045,Holofoil,182.23,172.98,214.93,900.0,
2025-06-16,sv3pt5-205,517051,Holofoil,11.61,8.44,13.5,50.0,12.46
2025-06-16,sv3pt5-4,502555,Normal,0.09,0.01,0.15,5.0,0.08
2025-06-16,sv3pt5-4,502555,Reverse Holofoil,0.24,0.05,0.25,4.95,
2025-06-16,sv3pt5-6,502558,Holofoil,3.91,2.97,4.85,30.0,4.67
2025-06-16,sv3pt5-7,502548,Normal,0.08,0.01,0.15,15.0,
2025-06-16,sv3pt5-7,502548,Reverse Holofoil,0.18,0.02,0.23,11.0,
2025-06-16,sv4pt5-234,535090,Holofoil,166.24,158.19,180.0,499.98,158.19
2025-06-16,sv4pt5-54,534416,Holofoil,2.28,1.75,2.9,45.0,3.58
2025-06-16,sv8-57,590025,Holofoil,7.53,5.0,8.0,74.9,10.17
2025-06-16,sv8pt5-149,610504,Holofoil,256.55,198.73,299.96,800.0,
2025-06-16,sv8pt5-155,610510,Holofoil,290.6,280.0,339.99,599.95,
2025-06-16,sv8pt5-156,610511,Holofoil,420.57,390.0,455.87,800.0,
2025-06-16,sv8pt5-161,610516,Holofoil,1162.95,980.0,1163.94,1999.95,1114.99
2025-06-16,sv8pt5-167,610522,Holofoil,145.7,138.0,170.0,360.68,
2025-06-16,sv8pt5-179,610534,Holofoil,34.8,34.65,54.99,270.0,
2025-06-16,sv8pt5-28,610383,Holofoil,0.91,0.25,1.4,14.0,
2025-06-16,sv8pt5-47,610402,Normal,0.03,0.01,0.1,4.95,0.03
2025-06-16,sv8pt5-47,610402,Reverse Holofoil,0.08,0.01,0.13,5.11,0.07
2025-06-16,sv8pt5-59,610414,Holofoil,0.19,0.01,0.3,100.0,
2025-06-16,sv8pt5-59,610414,Reverse Holofoil,0.28,0.1,0.5,25.0,
2025-06-16,sv8pt5-60,610415,Holofoil,5.73,4.9,7.5,40.0,
2025-06-16,svp-085,518861,Normal,317.31,310.0,349.99,700.0,349.94
2025-06-16,swsh11-186,284137,Holofoil,509.75,456.88,550.0,999.95,549.92
2025-06-16,swsh12-186,451834,Holofoil,271.34,229.0,321.58,660.0,274.9
2025-06-16,swsh12pt5gg-GG69,478100,Holofoil,159.89,145.0,178.44,1000.0,171.29
2025-06-16,swsh35-25,223018,Normal,0.13,0.01,0.2,1.25,
2025-06-16,swsh35-25,223018,Reverse Holofoil,0.32,0.09,0.32,2.0,
2025-06-16,swsh35-74,223073,Holofoil,176.7,148.0,199.99,1500.0,199.87
2025-06-16,swsh45sv-SV107,232496,Holofoil,112.11,98.99,124.25,349.95,104.95
2025-06-16,swsh7-204,246693,Holofoil,26.79,25.0,34.49,100.0,34.47
2025-06-16,swsh7-205,246696,Holofoil,394.4,318.72,420.0,799.95,399.9
2025-06-16,swsh7-208,246755,Holofoil,25.66,22.92,29.65,59.95,24.97
2025-06-16,swsh7-209,246756,Holofoil,277.83,272.34,317.93,799.99,316.93
2025-06-16,swsh7-211,246702,Holofoil,42.44,40.0,49.5,90.74,47.89
2025-06-16,swsh7-212,246704,Holofoil,305.45,289.01,345.08,1063.48,314.29
2025-06-16,swsh7-215,246723,Holofoil,1492.46,1350.0,1550.0,2518.45,1445.95
2025-06-16,swsh7-218,246733,Holofoil,702.83,599.98,714.29,1299.95,684.68
2025-06-16,swsh7-41,246753,Holofoil,4.96,3.92,5.5,19.99,5.99
2025-06-16,swsh7-65,246690,Holofoil,9.45,7.98,9.89,500.0,12.0
2025-06-16,swsh7-75,246701,Holofoil,10.71,7.73,11.06,50.0,12.78
2025-06-16,swsh7-8,246691,Holofoil,6.41,3.99,6.43,50.0,7.67
2025-06-16,swsh8-271,253266,Holofoil,587.0,494.5,650.0,1250.0,577.96
2025-06-16,swsh9-154,263873,Holofoil,200.04,179.81,226.0,1500.0,219.92
2025-06-17,base1-15,42355,Holofoil,121.13,69.98,123.5,10000.0,
2025-06-17,base1-16,42356,Holofoil,43.51,20.0,40.0,69.95,
2025-06-17,base1-2,42360,Holofoil,162.74,114.99,154.15,499.99,
2025-06-17,base1-4,42382,Holofoil,470.05,400.0,499.0,1249.99,
2025-06-17,base1-58,42402,Normal,3.06,0.49,2.4,9999.0,
2025-06-17,cel25c-4,250320,Holofoil,94.19,85.99,100.88,250.0,96.99
2025-06-17,gym2-2,83861,1st Edition Holofoil,697.67,376.48,494.62,499.99,
2025-06-17,gym2-2,83861,Unlimited Holofoil,453.69,347.99,519.99,599.99,499.99
2025-06-17,neo1-9,86903,1st Edition Holofoil,1251.5,1150.0,1475.0,1800.0,
2025-06-17,neo1-9,86903,Unlimited Holofoil,440.48,263.79,460.35,474.7,
2025-06-17,sl-151-bundle,502000,Normal,67.46,58.9,74.7,175.0,
2025-06-17,sl-151-etb,503313,Normal,241.2,240.24,299.0,4999.99,
2025-06-17,sl-151-upc,502005,Normal,367.85,375.0,400.0,20000.0,
2025-06-17,sl-ar-box,265519,Normal,408.12,350.0,425.0,1999.99,
2025-06-17,sl-bs-box,256141,Normal,413.51,379.0,460.0,999.99,
2025-06-17,sl-cel-upc,245140,Normal,476.68,490.0,549.0,1200.0,
2025-06-17,sl-champ-etb,218791,Normal,119.45,118.0,145.0,800.0,
2025-06-17,sl-cz-etb,453470,Normal,171.77,172.17,199.99,1999.99,
2025-06-17,sl-dr-box,624679,Normal,254.51,250.0,271.99,99999.0,
2025-06-17,sl-evs-box,242436,Normal,1824.89,1899.98,2000.0,10000.0,
2025-06-17,sl-evs-etb,243721,Normal,536.55,639.95,647.5,999.99,
2025-06-17,sl-fs-box,247654,Normal,790.21,735.0,874.99,1999.99,
2025-06-17,sl-hf-etb,194729,Normal,353.12,439.99,501.85,999.98,
2025-06-17,sl-jp-151,565243,Normal,158.26,155.0,169.99,250.0,
2025-06-17,sl-jp-terastal,603428,Normal,82.99,82.43,111.75,200.0,
2025-06-17,sl-jt-box,610931,Normal,212.18,209.98,248.99,551.0,
2025-06-17,sl-lo-box,277324,Normal,522.66,499.99,649.95,1299.99,
2025-06-17,sl-obf-box,501257,Normal,235.85,231.99,264.52,500.0,
2025-06-17,sl-pe-etb,593355,Normal,104.73,97.14,130.0,299.99,
2025-06-17,sl-pe-spc,622770,Normal,193.71,190.0,234.97,99999.0,
2025-06-17,sl-pf-etb,528040,Normal,173.3,209.99,215.99,219.93,
2025-06-17,sl-shf-etb,228821,Normal,87.67,84.0,99.0,499.99,
2025-06-17,sl-ss-box,565606,Normal,244.72,236.06,290.0,4999.99,
2025-06-17,sl-st-box,283389,Normal,349.76,349.99,400.0,1199.99,
2025-06-17,sl-tf-box,536225,Normal,216.39,204.0,239.99,400.0,
2025-06-17,sv2-185,497557,Normal,0.32,0.01,0.37,29.0,
2025-06-17,sv2-185,497557,Reverse Holofoil,0.59,0.2,0.91,9.99,
2025-06-17,sv2-254,497669,Holofoil,17.94,17.0,20.73,100.0,23.67
2025-06-17,sv2-269,497689,Holofoil,56.77,54.99,64.99,259.99,66.3
2025-06-17,sv3pt5-151,516566,Holofoil,6.77,5.0,7.76,40.0,
2025-06-17,sv3pt5-199,517045,Holofoil,178.27,168.75,214.65,1430.0,
2025-06-17,sv3pt5-205,517051,Holofoil,11.61,10.0,13.71,50.0,13.89
2025-06-17,sv3pt5-4,502555,Normal,0.1,0.01,0.15,5.0,
2025-06-17,sv3pt5-4,502555,Reverse Holofoil,0.24,0.05,0.26,4.95,
2025-06-17,sv3pt5-6,502558,Holofoil,3.88,2.25,4.85,30.0,5.66
2025-06-17,sv3pt5-7,502548,Normal,0.07,0.01,0.15,15.0,
2025-06-17,sv3pt5-7,502548,Reverse Holofoil,0.17,0.02,0.23,11.0,
2025-06-17,sv4pt5-234,535090,Holofoil,165.55,155.0,179.99,499.98,170.5
2025-06-17,sv4pt5-54,534416,Holofoil,2.73,1.75,2.91,45.0,4.74
2025-06-17,sv8-57,590025,Holofoil,7.46,5.0,8.0,74.9,10.16
2025-06-17,sv8pt5-149,610504,Holofoil,254.73,198.73,295.92,800.0,
2025-06-17,sv8pt5-155,610510,Holofoil,290.6,280.0,332.0,599.95,
2025-06-17,sv8pt5-156,610511,Holofoil,420.57,399.0,461.11,800.0,
2025-06-17,sv8pt5-161,610516,Holofoil,1151.23,980.0,1167.75,1999.95,1114.97
2025-06-17,sv8pt5-167,610522,Holofoil,145.7,138.0,169.84,360.68,
2025-06-17,sv8pt5-179,610534,Holofoil,34.45,34.45,54.38,270.0,
2025-06-17,sv8pt5-28,610383,Holofoil,0.84,0.25,1.39,14.0,
2025-06-17,sv8pt5-47,610402,Normal,0.03,0.01,0.1,4.95,0.03
2025-06-17,sv8pt5-47,610402,Reverse Holofoil,0.07,0.01,0.14,5.11,0.07
2025-06-17,sv8pt5-59,610414,Holofoil,0.23,0.01,0.3,100.0,
2025-06-17,sv8pt5-59,610414,Reverse Holofoil,0.27,0.1,0.49,25.0,
2025-06-17,sv8pt5-60,610415,Holofoil,5.61,4.9,7.32,40.0,
2025-06-17,svp-085,518861,Normal,317.31,304.99,347.45,700.0,349.94
2025-06-17,swsh11-186,284137,Holofoil,509.75,456.88,550.0,999.95,549.92
2025-06-17,swsh12-186,451834,Holofoil,271.56,229.0,320.25,660.0,274.9
2025-06-17,swsh12pt5gg-GG69,478100,Holofoil,158.33,142.49,179.71,1000.0,169.99
2025-06-17,swsh35-25,223018,Normal,0.13,0.01,0.2,1.25,
2025-06-17,swsh35-25,223018,Reverse Holofoil,0.32,0.09,0.32,2.0,
2025-06-17,swsh35-74,223073,Holofoil,176.06,147.1,199.99,1500.0,199.87
2025-06-17,swsh45sv-SV107,232496,Holofoil,110.9,104.0,124.54,349.95,104.95
2025-06-17,swsh7-204,246693,Holofoil,26.93,25.0,34.62,100.0,34.46
2025-06-17,swsh7-205,246696,Holofoil,394.4,318.72,420.0,799.95,399.9
2025-06-17,swsh7-208,246755,Holofoil,25.66,22.92,29.45,59.95,24.96
2025-06-17,swsh7-209,246756,Holofoil,277.83,272.34,317.93,799.99,316.93
2025-06-17,swsh7-211,246702,Holofoil,42.62,40.0,49.99,90.74,47.89
2025-06-17,swsh7-212,246704,Holofoil,305.45,287.64,345.09,1063.48,314.29
2025-06-17,swsh7-215,246723,Holofoil,1504.74,1350.0,1550.0,2518.45,1400.0
2025-06-17,swsh7-218,246733,Holofoil,702.83,519.99,714.29,1299.95,669.69
2025-06-17,swsh7-41,246753,Holofoil,5.04,3.92,5.5,19.99,5.99
2025-06-17,swsh7-65,246690,Holofoil,9.58,7.98,9.92,500.0,11.99
2025-06-17,swsh7-75,246701,Holofoil,10.58,4.96,11.24,50.0,12.78
2025-06-17,swsh7-8,246691,Holofoil,6.31,3.99,6.41,50.0,7.99
2025-06-17,swsh8-271,253266,Holofoil,587.0,494.5,650.0,1250.0,577.95
2025-06-17,swsh9-154,263873,Holofoil,200.04,179.81,220.1,1500.0,219.68
2025-06-18,base1-15,42355,Holofoil,121.13,69.98,121.13,300.0,
2025-06-18,base1-16,42356,Holofoil,43.44,20.0,39.99,69.95,
2025-06-18,base1-2,42360,Holofoil,152.45,102.0,153.96,499.99,
2025-06-18,base1-4,42382,Holofoil,462.27,330.04,499.0,1249.99,
2025-06-18,base1-58,42402,Normal,2.99,0.25,2.24,9999.0,
2025-06-18,cel25c-4,250320,Holofoil,93.78,85.99,101.1,250.0,96.99
2025-06-18,gym2-2,83861,1st Edition Holofoil,697.67,376.48,494.62,499.99,
2025-06-18,gym2-2,83861,Unlimited Holofoil,453.69,347.99,519.99,599.99,499.99
2025-06-18,neo1-9,86903,1st Edition Holofoil,1251.5,1150.0,1798.78,1800.0,
2025-06-18,neo1-9,86903,Unlimited Holofoil,440.48,263.79,460.35,474.7,
2025-06-18,sl-151-bundle,502000,Normal,68.59,60.0,74.97,175.0,
2025-06-18,sl-151-etb,503313,Normal,242.27,246.96,299.0,4999.99,
2025-06-18,sl-151-upc,502005,Normal,374.65,375.0,405.0,26500.0,
2025-06-18,sl-ar-box,265519,Normal,401.8,360.0,425.0,1999.99,
2025-06-18,sl-bs-box,256141,Normal,410.07,379.0,469.0,999.99,
2025-06-18,sl-cel-upc,245140,Normal,477.24,490.0,549.5,1200.0,
2025-06-18,sl-champ-etb,218791,Normal,119.62,118.0,145.0,800.0,
2025-06-18,sl-cz-etb,453470,Normal,172.44,175.0,199.99,1999.99,
2025-06-18,sl-dr-box,624679,Normal,253.59,245.5,270.0,99999.0,
2025-06-18,sl-evs-box,242436,Normal,1837.25,1899.98,2175.0,10000.0,
2025-06-18,sl-evs-etb,243721,Normal,536.55,639.95,647.5,999.99,
2025-06-18,sl-fs-box,247654,Normal,790.21,735.0,874.99,1999.99,
2025-06-18,sl-hf-etb,194729,Normal,356.72,415.0,500.0,999.98,
2025-06-18,sl-jp-151,565243,Normal,158.48,155.0,169.99,250.0,
2025-06-18,sl-jp-terastal,603428,Normal,83.73,82.0,111.75,200.0,
2025-06-18,sl-jt-box,610931,Normal,212.34,209.98,249.99,551.0,
2025-06-18,sl-lo-box,277324,Normal,522.66,499.99,649.95,1299.99,
2025-06-18,sl-obf-box,501257,Normal,236.39,231.99,272.02,500.0,
2025-06-18,sl-pe-etb,593355,Normal,103.01,96.0,130.0,299.99,
2025-06-18,sl-pe-spc,622770,Normal,192.59,180.0,228.0,99999.0,
2025-06-18,sl-pf-etb,528040,Normal,174.2,186.0,207.25,219.99,
2025-06-18,sl-shf-etb,228821,Normal,88.92,84.0,99.95,499.99,
2025-06-18,sl-ss-box,565606,Normal,246.0,244.98,290.0,4999.99,
2025-06-18,sl-st-box,283389,Normal,351.8,375.0,400.0,1199.99,
2025-06-18,sl-tf-box,536225,Normal,217.05,204.0,245.0,400.0,
2025-06-18,sv2-185,497557,Normal,0.31,0.15,0.39,29.0,
2025-06-18,sv2-185,497557,Reverse Holofoil,0.57,0.2,0.93,9.99,
2025-06-18,sv2-254,497669,Holofoil,17.89,15.5,20.66,100.0,23.67
2025-06-18,sv2-269,497689,Holofoil,56.81,54.99,64.85,259.99,
2025-06-18,sv3pt5-151,516566,Holofoil,5.9,5.0,7.56,40.0,
2025-06-18,sv3pt5-199,517045,Holofoil,179.38,170.0,210.0,900.0,
2025-06-18,sv3pt5-205,517051,Holofoil,11.1,9.76,13.49,50.0,13.6
2025-06-18,sv3pt5-4,502555,Normal,0.1,0.01,0.15,5.0,
2025-06-18,sv3pt5-4,502555,Reverse Holofoil,0.24,0.05,0.26,4.95,
2025-06-18,sv3pt5-6,502558,Holofoil,3.13,2.33,4.77,30.0,
2025-06-18,sv3pt5-7,502548,Normal,0.08,0.01,0.15,15.0,
2025-06-18,sv3pt5-7,502548,Reverse Holofoil,0.16,0.02,0.23,11.0,
2025-06-18,sv4pt5-234,535090,Holofoil,164.99,155.0,179.99,499.98,168.0
2025-06-18,sv4pt5-54,534416,Holofoil,3.03,1.75,2.96,45.0,4.74
2025-06-18,sv8-57,590025,Holofoil,7.45,5.0,8.0,74.9,10.22
2025-06-18,sv8pt5-149,610504,Holofoil,255.22,198.73,291.52,800.0,
2025-06-18,sv8pt5-155,610510,Holofoil,290.68,274.39,332.0,599.95,
2025-06-18,sv8pt5-156,610511,Holofoil,416.44,395.01,461.11,800.0,
2025-06-18,sv8pt5-161,610516,Holofoil,1142.19,980.0,1167.75,1999.95,1114.95
2025-06-18,sv8pt5-167,610522,Holofoil,145.73,140.0,167.56,360.68,
2025-06-18,sv8pt5-179,610534,Holofoil,34.62,33.0,52.66,270.0,
2025-06-18,sv8pt5-28,610383,Holofoil,0.9,0.25,1.31,14.0,
2025-06-18,sv8pt5-47,610402,Normal,0.03,0.01,0.1,4.95,0.03
2025-06-18,sv8pt5-47,610402,Reverse Holofoil,0.06,0.01,0.14,5.11,0.07
2025-06-18,sv8pt5-59,610414,Holofoil,0.29,0.01,0.3,100.0,
2025-06-18,sv8pt5-59,610414,Reverse Holofoil,0.28,0.1,0.47,25.0,
2025-06-18,sv8pt5-60,610415,Holofoil,5.55,4.59,7.06,40.0,
2025-06-18,svp-085,518861,Normal,317.31,304.99,344.95,700.0,349.94
2025-06-18,swsh11-186,284137,Holofoil,510.87,456.88,550.0,999.95,549.93
2025-06-18,swsh12-186,451834,Holofoil,271.23,229.0,317.45,660.0,274.9
2025-06-18,swsh12pt5gg-GG69,478100,Holofoil,158.87,142.5,180.05,1000.0,171.0
2025-06-18,swsh35-25,223018,Normal,0.13,0.01,0.2,1.25,
2025-06-18,swsh35-25,223018,Reverse Holofoil,0.32,0.09,0.32,2.0,
2025-06-18,swsh35-74,223073,Holofoil,166.36,150.0,200.0,1500.0,150.0
2025-06-18,swsh45sv-SV107,232496,Holofoil,111.07,100.0,123.97,349.95,104.95
2025-06-18,swsh7-204,246693,Holofoil,26.96,25.0,34.85,100.0,34.48
2025-06-18,swsh7-205,246696,Holofoil,394.4,318.72,420.0,799.95,399.9
2025-06-18,swsh7-208,246755,Holofoil,25.66,22.92,29.22,59.95,24.96
2025-06-18,swsh7-209,246756,Holofoil,277.83,272.34,317.92,799.99,316.92
2025-06-18,swsh7-211,246702,Holofoil,42.93,37.75,49.99,90.74,48.49
2025-06-18,swsh7-212,246704,Holofoil,305.45,287.64,342.88,1063.48,314.29
2025-06-18,swsh7-215,246723,Holofoil,1504.74,1350.0,1567.0,2541.78,1445.95
2025-06-18,swsh7-218,246733,Holofoil,702.83,519.99,721.04,1299.95,684.68
2025-06-18,swsh7-41,246753,Holofoil,5.23,3.92,5.5,19.99,6.15
2025-06-18,swsh7-65,246690,Holofoil,9.76,7.98,9.93,500.0,9.7
2025-06-18,swsh7-75,246701,Holofoil,10.08,7.73,11.05,50.0,12.2
2025-06-18,swsh7-8,246691,Holofoil,6.1,3.99,6.4,50.0,6.2
2025-06-18,swsh8-271,253266,Holofoil,587.0,494.5,649.99,1250.0,577.96
2025-06-18,swsh9-154,263873,Holofoil,201.28,189.99,226.0,1500.0,219.5
2025-06-19,base1-15,42355,Holofoil,121.13,69.98,120.56,300.0,
2025-06-19,base1-16,42356,Holofoil,43.44,20.0,40.5,4321.0,
2025-06-19,base1-2,42360,Holofoil,152.45,102.0,151.25,499.99,
2025-06-19,base1-4,42382,Holofoil,462.27,330.04,499.0,1249.99,
2025-06-19,base1-58,42402,Normal,3.08,0.25,2.14,9999.0,
2025-06-19,cel25c-4,250320,Holofoil,93.56,69.95,100.55,250.0,96.99
2025-06-19,gym2-2,83861,1st Edition Holofoil,697.67,376.48,494.62,499.99,
2025-06-19,gym2-2,83861,Unlimited Holofoil,453.69,347.99,521.23,940.57,499.99
2025-06-19,neo1-9,86903,1st Edition Holofoil,1251.5,1150.0,1798.78,1800.0,
2025-06-19,neo1-9,86903,Unlimited Holofoil,440.48,263.79,460.35,474.7,
2025-06-19,sl-151-bundle,502000,Normal,69.25,60.0,74.95,175.0,
2025-06-19,sl-151-etb,503313,Normal,242.93,246.96,299.0,4999.99,
2025-06-19,sl-151-upc,502005,Normal,378.61,384.98,415.0,20000.0,
2025-06-19,sl-ar-box,265519,Normal,401.8,360.0,425.0,1999.99,
2025-06-19,sl-bs-box,256141,Normal,410.07,379.0,464.5,999.99,
2025-06-19,sl-cel-upc,245140,Normal,477.24,490.0,549.0,1200.0,
2025-06-19,sl-champ-etb,218791,Normal,119.19,118.0,145.0,800.0,
2025-06-19,sl-cz-etb,453470,Normal,173.2,172.01,199.95,1999.99,
2025-06-19,sl-dr-box,624679,Normal,244.8,242.99,267.92,99999.0,
2025-06-19,sl-evs-box,242436,Normal,1846.84,1899.99,2175.0,10000.0,
2025-06-19,sl-evs-etb,243721,Normal,542.66,639.95,650.0,999.99,
2025-06-19,sl-fs-box,247654,Normal,769.41,749.99,875.0,1999.99,
2025-06-19,sl-hf-etb,194729,Normal,356.12,415.0,499.99,999.98,
2025-06-19,sl-jp-151,565243,Normal,158.42,155.0,170.0,250.0,
2025-06-19,sl-jp-terastal,603428,Normal,84.3,82.0,111.75,200.0,
2025-06-19,sl-jt-box,610931,Normal,213.0,209.98,259.18,551.0,
2025-06-19,sl-lo-box,277324,Normal,521.3,499.0,605.0,1299.99,
2025-06-19,sl-obf-box,501257,Normal,239.28,231.99,285.37,500.0,
2025-06-19,sl-pe-etb,593355,Normal,105.66,96.0,130.0,299.99,
2025-06-19,sl-pe-spc,622770,Normal,188.55,176.95,230.0,99999.0,
2025-06-19,sl-pf-etb,528040,Normal,172.96,182.51,202.5,219.99,
2025-06-19,sl-shf-etb,228821,Normal,88.39,84.0,99.97,499.99,
2025-06-19,sl-ss-box,565606,Normal,240.74,223.79,289.41,4999.99,
2025-06-19,sl-st-box,283389,Normal,352.68,359.0,400.0,1199.99,
2025-06-19,sl-tf-box,536225,Normal,216.33,204.0,245.01,400.0,
2025-06-19,sv2-185,497557,Normal,0.31,0.12,0.36,29.0,
2025-06-19,sv2-185,497557,Reverse Holofoil,0.57,0.2,0.9,9.99,
2025-06-19,sv2-254,497669,Holofoil,18.31,15.5,20.38,100.0,22.99
2025-06-19,sv2-269,497689,Holofoil,56.87,55.76,64.99,259.99,
2025-06-19,sv3pt5-151,516566,Holofoil,5.81,4.5,7.55,40.0,
2025-06-19,sv3pt5-199,517045,Holofoil,181.08,169.99,210.33,4321.0,
2025-06-19,sv3pt5-205,517051,Holofoil,11.26,10.0,13.46,50.0,11.98
2025-06-19,sv3pt5-4,502555,Normal,0.12,0.01,0.15,5.0,
2025-06-19,sv3pt5-4,502555,Reverse Holofoil,0.22,0.07,0.25,4.95,
2025-06-19,sv3pt5-6,502558,Holofoil,2.95,2.0,4.75,30.0,
2025-06-19,sv3pt5-7,502548,Normal,0.09,0.01,0.15,15.0,
2025-06-19,sv3pt5-7,502548,Reverse Holofoil,0.19,0.02,0.23,11.0,
2025-06-19,sv4pt5-234,535090,Holofoil,162.69,155.0,179.38,466.0,168.86
2025-06-19,sv4pt5-54,534416,Holofoil,3.05,1.72,3.0,45.0,3.0
2025-06-19,sv8-57,590025,Holofoil,7.4,5.0,8.0,40.0,10.0
2025-06-19,sv8pt5-149,610504,Holofoil,255.22,195.0,293.05,4321.0,
2025-06-19,sv8pt5-155,610510,Holofoil,290.68,270.0,326.91,599.95,
2025-06-19,sv8pt5-156,610511,Holofoil,416.44,379.99,450.0,800.0,
2025-06-19,sv8pt5-161,610516,Holofoil,1142.19,980.0,1167.75,1999.95,1000.31
2025-06-19,sv8pt5-167,610522,Holofoil,145.61,140.0,170.0,360.68,
2025-06-19,sv8pt5-179,610534,Holofoil,34.47,33.0,53.0,270.0,
2025-06-19,sv8pt5-28,610383,Holofoil,0.96,0.5,1.29,14.0,
2025-06-19,sv8pt5-47,610402,Normal,0.04,0.01,0.1,4.95,0.03
2025-06-19,sv8pt5-47,610402,Reverse Holofoil,0.06,0.01,0.14,5.11,0.06
2025-06-19,sv8pt5-59,610414,Holofoil,0.27,0.01,0.3,4321.0,
2025-06-19,sv8pt5-59,610414,Reverse Holofoil,0.29,0.1,0.47,25.0,
2025-06-19,sv8pt5-60,610415,Holofoil,5.23,4.9,6.98,40.0,
2025-06-19,svp-085,518861,Normal,314.97,309.99,349.94,700.0,349.94
2025-06-19,swsh11-186,284137,Holofoil,510.87,456.88,550.0,999.95,549.93
2025-06-19,swsh12-186,451834,Holofoil,271.23,229.0,319.99,4321.0,274.89
2025-06-19,swsh12pt5gg-GG69,478100,Holofoil,156.21,142.5,180.05,499.99,171.48
2025-06-19,swsh35-25,223018,Normal,0.12,0.02,0.2,1.25,
2025-06-19,swsh35-25,223018,Reverse Holofoil,0.31,0.09,0.32,2.0,
2025-06-19,swsh35-74,223073,Holofoil,166.36,150.0,200.0,1500.0,150.0
2025-06-19,swsh45sv-SV107,232496,Holofoil,111.07,100.0,124.38,349.95,104.95
2025-06-19,swsh7-204,246693,Holofoil,26.96,25.0,34.75,100.0,34.0
2025-06-19,swsh7-205,246696,Holofoil,394.4,318.72,420.0,799.95,399.89
2025-06-19,swsh7-208,246755,Holofoil,25.66,22.92,28.24,59.95,24.96
2025-06-19,swsh7-209,246756,Holofoil,277.83,272.34,317.9,799.99,315.99
2025-06-19,swsh7-211,246702,Holofoil,42.93,37.75,49.17,114.25,46.74
2025-06-19,swsh7-212,246704,Holofoil,305.45,287.64,341.85,1000.0,314.29
2025-06-19,swsh7-215,246723,Holofoil,1504.74,1350.0,1584.0,2536.81,1395.95
2025-06-19,swsh7-218,246733,Holofoil,702.83,519.98,728.39,1299.95,684.68
2025-06-19,swsh7-41,246753,Holofoil,5.23,3.92,5.49,19.99,6.15
2025-06-19,swsh7-65,246690,Holofoil,9.46,7.98,9.93,500.0,9.24
2025-06-19,swsh7-75,246701,Holofoil,10.02,7.73,11.05,50.0,12.0
2025-06-19,swsh7-8,246691,Holofoil,6.05,3.99,6.4,50.0,6.2
2025-06-19,swsh8-271,253266,Holofoil,587.0,490.0,650.0,1250.0,577.96
2025-06-19,swsh9-154,263873,Holofoil,201.28,190.9,226.0,4321.0,216.49
2025-06-20,base1-15,42355,Holofoil,121.13,65.99,121.13,300.0,
2025-06-20,base1-16,42356,Holofoil,43.52,18.09,40.0,9999.0,
2025-06-20,base1-2,42360,Holofoil,152.45,102.0,149.99,499.99,
2025-06-20,base1-4,42382,Holofoil,462.27,326.32,455.91,1249.99,
2025-06-20,base1-58,42402,Normal,2.99,0.49,2.37,9999.0,
2025-06-20,cel25c-4,250320,Holofoil,93.05,86.86,100.55,250.0,96.99
2025-06-20,gym2-2,83861,1st Edition Holofoil,697.67,376.48,494.62,499.99,
2025-06-20,gym2-2,83861,Unlimited Holofoil,453.69,294.57,519.97,940.57,499.99
2025-06-20,neo1-9,86903,1st Edition Holofoil,1251.5,1150.0,1798.78,1800.0,
2025-06-20,neo1-9,86903,Unlimited Holofoil,440.48,263.79,359.99,474.7,
2025-06-20,sl-151-bundle,502000,Normal,68.27,60.0,74.99,175.0,
2025-06-20,sl-151-etb,503313,Normal,242.93,235.0,299.95,4999.99,
2025-06-20,sl-151-upc,502005,Normal,379.05,384.98,437.5,26500.0,
2025-06-20,sl-ar-box,265519,Normal,401.8,360.0,420.69,1999.99,
2025-06-20,sl-bs-box,256141,Normal,406.87,399.99,460.0,999.99,
2025-06-20,sl-cel-upc,245140,Normal,478.24,498.99,549.5,1200.0,
2025-06-20,sl-champ-etb,218791,Normal,119.19,118.0,145.0,800.0,
2025-06-20,sl-cz-etb,453470,Normal,176.22,172.01,199.98,1999.99,
2025-06-20,sl-dr-box,624679,Normal,245.47,230.98,264.99,99999.0,
2025-06-20,sl-evs-box,242436,Normal,1854.85,1900.0,2299.99,10000.0,
2025-06-20,sl-evs-etb,243721,Normal,542.66,639.95,672.49,999.99,
2025-06-20,sl-fs-box,247654,Normal,751.41,749.99,897.0,1999.99,
2025-06-20,sl-hf-etb,194729,Normal,356.12,399.99,493.99,999.99,
2025-06-20,sl-jp-151,565243,Normal,157.85,155.0,169.99,250.0,
2025-06-20,sl-jp-terastal,603428,Normal,84.33,82.0,112.66,200.0,
2025-06-20,sl-jt-box,610931,Normal,212.8,209.98,248.99,551.0,
2025-06-20,sl-lo-box,277324,Normal,519.02,499.0,599.99,1299.99,
2025-06-20,sl-obf-box,501257,Normal,239.15,231.99,287.85,500.0,
2025-06-20,sl-pe-etb,593355,Normal,109.07,93.0,130.0,299.99,
2025-06-20,sl-pe-spc,622770,Normal,196.01,181.0,230.0,99999.0,
2025-06-20,sl-pf-etb,528040,Normal,174.48,180.0,198.0,219.99,
2025-06-20,sl-shf-etb,228821,Normal,89.48,84.0,99.95,499.99,
2025-06-20,sl-ss-box,565606,Normal,235.61,223.79,288.88,4999.99,
2025-06-20,sl-st-box,283389,Normal,357.6,359.0,400.0,1199.99,
2025-06-20,sl-tf-box,536225,Normal,216.33,204.0,242.5,400.0,
2025-06-20,sv2-185,497557,Normal,0.37,0.01,0.38,29.0,
2025-06-20,sv2-185,497557,Reverse Holofoil,0.56,0.2,0.89,9.99,
2025-06-20,sv2-254,497669,Holofoil,18.6,16.75,20.42,100.0,27.59
2025-06-20,sv2-269,497689,Holofoil,56.17,50.0,64.85,259.99,
2025-06-20,sv3pt5-151,516566,Holofoil,6.01,5.0,7.66,40.0,
2025-06-20,sv3pt5-199,517045,Holofoil,191.6,169.99,219.99,956.87,
2025-06-20,sv3pt5-205,517051,Holofoil,11.36,10.0,13.5,50.0,14.69
2025-06-20,sv3pt5-4,502555,Normal,0.12,0.01,0.15,5.0,
2025-06-20,sv3pt5-4,502555,Reverse Holofoil,0.27,0.07,0.25,4.95,
2025-06-20,sv3pt5-6,502558,Holofoil,2.96,2.0,4.74,30.0,
2025-06-20,sv3pt5-7,502548,Normal,0.09,0.01,0.15,15.0,
2025-06-20,sv3pt5-7,502548,Reverse Holofoil,0.19,0.02,0.23,11.0,
2025-06-20,sv4pt5-234,535090,Holofoil,161.79,155.0,178.48,466.0,168.0
2025-06-20,sv4pt5-54,534416,Holofoil,2.41,1.75,2.99,45.0,3.71
2025-06-20,sv8-57,590025,Holofoil,7.17,5.0,8.0,52.4,10.0
2025-06-20,sv8pt5-149,610504,Holofoil,255.22,195.0,287.35,800.0,
2025-06-20,sv8pt5-155,610510,Holofoil,290.68,270.0,309.63,599.95,
2025-06-20,sv8pt5-156,610511,Holofoil,414.49,379.99,449.99,800.0,
2025-06-20,sv8pt5-161,610516,Holofoil,1078.62,979.99,1200.0,1999.95,
2025-06-20,sv8pt5-167,610522,Holofoil,145.62,140.0,168.8,360.68,
2025-06-20,sv8pt5-179,610534,Holofoil,34.27,31.09,52.5,270.0,
2025-06-20,sv8pt5-28,610383,Holofoil,0.88,0.5,1.3,14.0,
2025-06-20,sv8pt5-47,610402,Normal,0.04,0.01,0.1,4.95,0.03
2025-06-20,sv8pt5-47,610402,Reverse Holofoil,0.06,0.01,0.14,5.11,0.06
2025-06-20,sv8pt5-59,610414,Holofoil,0.24,0.01,0.3,100.0,
2025-06-20,sv8pt5-59,610414,Reverse Holofoil,0.31,0.1,0.46,25.0,
2025-06-20,sv8pt5-60,610415,Holofoil,5.21,4.44,6.89,40.0,
2025-06-20,svp-085,518861,Normal,314.89,310.0,349.96,700.0,349.94
2025-06-20,swsh11-186,284137,Holofoil,510.87,300.0,550.0,999.95,550.0
2025-06-20,swsh12-186,451834,Holofoil,271.23,229.0,300.0,688.0,274.89
2025-06-20,swsh12pt5gg-GG69,478100,Holofoil,155.61,145.97,180.05,976.2,171.48
2025-06-20,swsh35-25,223018,Normal,0.12,0.02,0.2,1.25,
2025-06-20,swsh35-25,223018,Reverse Holofoil,0.31,0.09,0.31,2.0,
2025-06-20,swsh35-74,223073,Holofoil,165.03,155.0,200.0,1500.0,174.0
2025-06-20,swsh45sv-SV107,232496,Holofoil,111.25,99.0,123.09,349.95,104.95
2025-06-20,swsh7-204,246693,Holofoil,27.36,25.0,34.85,100.0,34.48
2025-06-20,swsh7-205,246696,Holofoil,394.4,318.72,418.5,799.95,394.99
2025-06-20,swsh7-208,246755,Holofoil,25.5,22.92,29.65,59.95,24.95
2025-06-20,swsh7-209,246756,Holofoil,277.83,272.34,316.99,799.99,276.0
2025-06-20,swsh7-211,246702,Holofoil,43.02,37.75,48.75,114.25,48.49
2025-06-20,swsh7-212,246704,Holofoil,298.8,286.45,366.0,1000.0,307.76
2025-06-20,swsh7-215,246723,Holofoil,1491.5,1267.8,1567.0,2531.36,1445.95
2025-06-20,swsh7-218,246733,Holofoil,702.83,519.98,728.39,1299.95,684.68
2025-06-20,swsh7-41,246753,Holofoil,5.23,3.92,5.5,19.99,6.15
2025-06-20,swsh7-65,246690,Holofoil,9.42,7.79,9.85,500.0,9.24
2025-06-20,swsh7-75,246701,Holofoil,10.03,7.73,10.99,50.0,12.49
2025-06-20,swsh7-8,246691,Holofoil,5.74,3.99,6.33,50.0,6.2
2025-06-20,swsh8-271,253266,Holofoil,587.0,490.0,650.0,1250.0,577.96
2025-06-20,swsh9-154,263873,Holofoil,201.79,190.9,222.45,1500.0,215.0
2025-06-21,base1-15,42355,Holofoil,121.13,66.14,120.5,300.0,
2025-06-21,base1-16,42356,Holofoil,43.56,20.0,40.0,9999.0,
2025-06-21,base1-2,42360,Holofoil,152.45,102.0,148.45,499.99,
2025-06-21,base1-4,42382,Holofoil,457.64,326.32,457.21,1249.99,
2025-06-21,base1-58,42402,Normal,2.87,0.49,2.39,9999.0,
2025-06-21,cel25c-4,250320,Holofoil,93.16,86.86,100.38,250.0,97.49
2025-06-21,gym2-2,83861,1st Edition Holofoil,697.67,376.48,494.62,499.99,
2025-06-21,gym2-2,83861,Unlimited Holofoil,453.69,324.03,519.95,2344.85,499.99
2025-06-21,neo1-9,86903,1st Edition Holofoil,1251.5,1150.0,1798.78,1800.0,
2025-06-21,neo1-9,86903,Unlimited Holofoil,440.48,263.79,359.99,474.7,
2025-06-21,sl-151-bundle,502000,Normal,71.62,60.0,74.99,175.0,
2025-06-21,sl-151-etb,503313,Normal,243.19,235.0,299.95,4999.99,
2025-06-21,sl-151-upc,502005,Normal,379.45,384.98,408.99,20000.0,
2025-06-21,sl-ar-box,265519,Normal,395.92,364.96,437.5,1999.99,
2025-06-21,sl-bs-box,256141,Normal,406.87,383.99,458.95,999.99,
2025-06-21,sl-cel-upc,245140,Normal,478.24,498.99,549.0,1200.0,
2025-06-21,sl-champ-etb,218791,Normal,119.4,118.0,145.0,800.0,
2025-06-21,sl-cz-etb,453470,Normal,176.5,174.01,199.99,1999.99,
2025-06-21,sl-dr-box,624679,Normal,244.77,242.66,269.98,99999.0,
2025-06-21,sl-evs-box,242436,Normal,1846.85,1900.0,2375.0,10000.0,
2025-06-21,sl-evs-etb,243721,Normal,548.26,639.99,699.99,999.99,
2025-06-21,sl-fs-box,247654,Normal,747.41,739.99,897.0,1999.99,
2025-06-21,sl-hf-etb,194729,Normal,356.12,399.99,488.0,999.99,
2025-06-21,sl-jp-151,565243,Normal,158.73,155.0,169.99,250.0,
2025-06-21,sl-jp-terastal,603428,Normal,83.91,82.0,110.0,200.0,
2025-06-21,sl-jt-box,610931,Normal,213.2,205.0,246.99,551.0,
2025-06-21,sl-lo-box,277324,Normal,517.63,515.0,599.99,1299.99,
2025-06-21,sl-obf-box,501257,Normal,238.93,231.99,289.98,500.0,
2025-06-21,sl-pe-etb,593355,Normal,108.28,96.0,130.0,299.99,
2025-06-21,sl-pe-spc,622770,Normal,194.44,188.11,230.0,99999.0,
2025-06-21,sl-pf-etb,528040,Normal,175.72,179.0,196.5,219.99,
2025-06-21,sl-shf-etb,228821,Normal,90.22,74.99,99.95,499.99,
2025-06-21,sl-ss-box,565606,Normal,220.05,216.97,289.94,4999.99,
2025-06-21,sl-st-box,283389,Normal,356.04,342.99,400.0,1199.99,
2025-06-21,sl-tf-box,536225,Normal,216.33,204.0,245.01,400.0,
2025-06-21,sv2-185,497557,Normal,0.33,0.01,0.39,29.0,
2025-06-21,sv2-185,497557,Reverse Holofoil,0.6,0.2,0.89,15.5,
2025-06-21,sv2-254,497669,Holofoil,18.69,17.0,20.66,111.35,21.29
2025-06-21,sv2-269,497689,Holofoil,55.85,48.0,64.71,327.65,
2025-06-21,sv3pt5-151,516566,Holofoil,6.2,5.21,7.69,47.3,
2025-06-21,sv3pt5-199,517045,Holofoil,192.44,165.0,215.62,1116.75,
2025-06-21,sv3pt5-205,517051,Holofoil,10.94,10.0,13.45,79.0,11.5
2025-06-21,sv3pt5-4,502555,Normal,0.13,0.01,0.15,5.0,
2025-06-21,sv3pt5-4,502555,Reverse Holofoil,0.29,0.07,0.27,4.95,
2025-06-21,sv3pt5-6,502558,Holofoil,3.06,2.0,4.74,32.2,
2025-06-21,sv3pt5-7,502548,Normal,0.11,0.01,0.15,15.0,
2025-06-21,sv3pt5-7,502548,Reverse Holofoil,0.21,0.02,0.23,4.95,
2025-06-21,sv4pt5-234,535090,Holofoil,161.79,158.89,177.1,897.4,165.03
2025-06-21,sv4pt5-54,534416,Holofoil,2.63,1.75,2.98,45.0,3.3
2025-06-21,sv8-57,590025,Holofoil,7.05,4.97,8.0,74.9,9.99
2025-06-21,sv8pt5-149,610504,Holofoil,255.22,195.0,285.0,800.0,
2025-06-21,sv8pt5-155,610510,Holofoil,291.53,270.0,300.16,599.95,
2025-06-21,sv8pt5-156,610511,Holofoil,414.49,379.99,449.99,800.0,
2025-06-21,sv8pt5-161,610516,Holofoil,1078.62,979.99,1157.75,1999.95,
2025-06-21,sv8pt5-167,610522,Holofoil,145.62,140.0,166.94,360.68,
2025-06-21,sv8pt5-179,610534,Holofoil,34.26,31.09,52.0,270.0,
2025-06-21,sv8pt5-28,610383,Holofoil,0.83,0.07,1.3,14.0,
2025-06-21,sv8pt5-47,610402,Normal,0.04,0.01,0.1,4.95,0.03
2025-06-21,sv8pt5-47,610402,Reverse Holofoil,0.06,0.01,0.13,5.11,0.06
2025-06-21,sv8pt5-59,610414,Holofoil,0.22,0.01,0.3,100.0,
2025-06-21,sv8pt5-59,610414,Reverse Holofoil,0.31,0.1,0.47,25.0,
2025-06-21,sv8pt5-60,610415,Holofoil,5.03,4.19,6.75,40.0,
2025-06-21,svp-085,518861,Normal,313.42,324.99,361.78,700.0,349.94
2025-06-21,swsh11-186,284137,Holofoil,510.87,456.88,555.68,999.95,561.3
2025-06-21,swsh12-186,451834,Holofoil,267.08,229.0,300.0,1586.6,274.89
2025-06-21,swsh12pt5gg-GG69,478100,Holofoil,154.7,150.0,190.0,976.2,171.48
2025-06-21,swsh35-25,223018,Normal,0.12,0.02,0.2,1.25,
2025-06-21,swsh35-25,223018,Reverse Holofoil,0.32,0.09,0.32,2.0,
2025-06-21,swsh35-74,223073,Holofoil,165.43,155.0,200.0,1500.0,174.0
2025-06-21,swsh45sv-SV107,232496,Holofoil,111.25,100.0,122.4,595.9,103.99
2025-06-21,swsh7-204,246693,Holofoil,27.36,25.0,34.97,100.0,34.48
2025-06-21,swsh7-205,246696,Holofoil,394.4,318.72,419.25,799.95,394.99
2025-06-21,swsh7-208,246755,Holofoil,25.5,22.92,28.09,59.95,24.95
2025-06-21,swsh7-209,246756,Holofoil,277.83,270.88,316.99,799.99,276.0
2025-06-21,swsh7-211,246702,Holofoil,43.02,40.0,49.17,248.75,48.49
2025-06-21,swsh7-212,246704,Holofoil,299.15,286.45,375.0,1765.9,307.76
2025-06-21,swsh7-215,246723,Holofoil,1491.5,1267.8,1567.0,2539.78,1445.95
2025-06-21,swsh7-218,246733,Holofoil,702.83,519.98,727.79,1299.95,684.68
2025-06-21,swsh7-41,246753,Holofoil,5.19,3.88,5.49,34.65,6.15
2025-06-21,swsh7-65,246690,Holofoil,9.46,7.79,9.85,500.0,9.24
2025-06-21,swsh7-75,246701,Holofoil,10.01,7.73,10.97,58.65,12.49
2025-06-21,swsh7-8,246691,Holofoil,5.69,4.0,6.31,50.0,6.2
2025-06-21,swsh8-271,253266,Holofoil,586.97,475.0,650.0,1250.0,577.96
2025-06-21,swsh9-154,263873,Holofoil,201.43,198.9,230.0,1500.0,159.99
2025-06-22,base1-15,42355,Holofoil,121.13,66.29,120.5,300.0,
2025-06-22,base1-16,42356,Holofoil,43.56,20.0,39.99,9999.0,
2025-06-22,base1-2,42360,Holofoil,152.45,100.77,146.94,499.99,
2025-06-22,base1-4,42382,Holofoil,457.64,330.04,499.5,1249.99,
2025-06-22,base1-58,42402,Normal,3.04,0.49,2.24,9999.0,
2025-06-22,cel25c-4,250320,Holofoil,93.52,86.86,101.09,250.0,97.49
2025-06-22,gym2-2,83861,1st Edition Holofoil,697.67,376.48,494.62,499.99,
2025-06-22,gym2-2,83861,Unlimited Holofoil,453.69,324.03,511.23,599.99,499.99
2025-06-22,neo1-9,86903,1st Edition Holofoil,1251.5,1150.0,1798.78,1800.0,
2025-06-22,neo1-9,86903,Unlimited Holofoil,440.48,263.79,359.99,474.7,
2025-06-22,sl-151-bundle,502000,Normal,71.27,60.0,75.0,175.0,
2025-06-22,sl-151-etb,503313,Normal,245.94,243.13,299.48,4999.99,
2025-06-22,sl-151-upc,502005,Normal,380.44,384.98,405.0,20000.0,
2025-06-22,sl-ar-box,265519,Normal,398.64,364.96,425.0,1999.99,
2025-06-22,sl-bs-box,256141,Normal,406.83,379.99,454.48,999.99,
2025-06-22,sl-cel-upc,245140,Normal,478.24,498.99,548.99,1000.0,
2025-06-22,sl-champ-etb,218791,Normal,120.13,118.0,145.0,299.99,
2025-06-22,sl-cz-etb,453470,Normal,177.26,179.0,199.99,1999.99,
2025-06-22,sl-dr-box,624679,Normal,248.24,242.94,266.19,99999.0,
2025-06-22,sl-evs-box,242436,Normal,1846.85,1900.0,2000.0,10000.0,
2025-06-22,sl-evs-etb,243721,Normal,548.26,639.99,699.99,999.99,
2025-06-22,sl-fs-box,247654,Normal,746.33,739.99,899.0,1999.99,
2025-06-22,sl-hf-etb,194729,Normal,356.12,399.99,488.0,999.99,
2025-06-22,sl-jp-151,565243,Normal,158.79,155.0,170.0,250.0,
2025-06-22,sl-jp-terastal,603428,Normal,82.77,79.0,110.84,200.0,
2025-06-22,sl-jt-box,610931,Normal,213.49,209.99,248.99,551.0,
2025-06-22,sl-lo-box,277324,Normal,513.04,489.99,596.48,1200.0,
2025-06-22,sl-obf-box,501257,Normal,239.05,231.99,279.99,500.0,
2025-06-22,sl-pe-etb,593355,Normal,106.55,96.0,130.0,299.99,
2025-06-22,sl-pe-spc,622770,Normal,195.09,187.0,229.99,99999.0,
2025-06-22,sl-pf-etb,528040,Normal,180.04,178.99,195.25,219.99,
2025-06-22,sl-shf-etb,228821,Normal,91.08,74.99,99.95,499.99,
2025-06-22,sl-ss-box,565606,Normal,214.69,212.94,280.0,4999.99,
2025-06-22,sl-st-box,283389,Normal,356.04,342.98,400.0,1199.99,
2025-06-22,sl-tf-box,536225,Normal,216.33,204.0,245.01,400.0,
2025-06-22,sv2-185,497557,Normal,0.31,0.01,0.38,29.0,
2025-06-22,sv2-185,497557,Reverse Holofoil,0.6,0.2,0.89,9.99,
2025-06-22,sv2-254,497669,Holofoil,18.9,16.99,20.82,100.0,21.29
2025-06-22,sv2-269,497689,Holofoil,55.07,50.0,64.99,259.99,
2025-06-22,sv3pt5-151,516566,Holofoil,6.07,5.0,7.6,40.0,
2025-06-22,sv3pt5-199,517045,Holofoil,190.84,170.71,213.99,900.0,
2025-06-22,sv3pt5-205,517051,Holofoil,10.5,9.5,13.07,50.0,11.5
2025-06-22,sv3pt5-4,502555,Normal,0.14,0.01,0.15,5.0,
2025-06-22,sv3pt5-4,502555,Reverse Holofoil,0.3,0.07,0.28,4.95,
2025-06-22,sv3pt5-6,502558,Holofoil,2.86,1.32,4.69,30.0,
2025-06-22,sv3pt5-7,502548,Normal,0.14,0.01,0.15,15.0,
2025-06-22,sv3pt5-7,502548,Reverse Holofoil,0.23,0.02,0.23,4.95,
2025-06-22,sv4pt5-234,535090,Holofoil,160.22,159.98,177.1,349.95,165.03
2025-06-22,sv4pt5-54,534416,Holofoil,2.67,1.75,2.98,45.0,3.3
2025-06-22,sv8-57,590025,Holofoil,6.4,5.0,7.99,74.9,9.26
2025-06-22,sv8pt5-149,610504,Holofoil,255.22,198.73,284.24,800.0,
2025-06-22,sv8pt5-155,610510,Holofoil,291.53,269.0,299.99,599.95,
2025-06-22,sv8pt5-156,610511,Holofoil,410.92,378.7,442.09,800.0,
2025-06-22,sv8pt5-161,610516,Holofoil,1072.32,979.99,1152.75,1999.95,
2025-06-22,sv8pt5-167,610522,Holofoil,144.35,143.7,166.12,360.68,
2025-06-22,sv8pt5-179,610534,Holofoil,33.78,33.0,52.99,270.0,
2025-06-22,sv8pt5-28,610383,Holofoil,0.94,0.07,1.3,14.0,
2025-06-22,sv8pt5-47,610402,Normal,0.04,0.01,0.1,4.95,0.03
2025-06-22,sv8pt5-47,610402,Reverse Holofoil,0.06,0.01,0.13,5.11,0.06
2025-06-22,sv8pt5-59,610414,Holofoil,0.23,0.01,0.29,100.0,
2025-06-22,sv8pt5-59,610414,Reverse Holofoil,0.29,0.07,0.46,25.0,
2025-06-22,sv8pt5-60,610415,Holofoil,4.67,3.5,6.72,40.0,
2025-06-22,svp-085,518861,Normal,313.42,320.99,349.99,700.0,349.94
2025-06-22,swsh11-186,284137,Holofoil,509.57,459.09,550.03,999.95,550.05
2025-06-22,swsh12-186,451834,Holofoil,267.08,244.03,300.0,599.95,274.89
2025-06-22,swsh12pt5gg-GG69,478100,Holofoil,155.14,148.99,186.1,499.99,171.48
2025-06-22,swsh35-25,223018,Normal,0.12,0.02,0.2,1.25,
2025-06-22,swsh35-25,223018,Reverse Holofoil,0.32,0.09,0.32,2.0,
2025-06-22,swsh35-74,223073,Holofoil,164.38,165.0,200.0,1500.0,174.0
2025-06-22,swsh45sv-SV107,232496,Holofoil,111.25,100.0,120.82,349.95,103.99
2025-06-22,swsh7-204,246693,Holofoil,27.36,25.0,34.85,100.0,34.48
2025-06-22,swsh7-205,246696,Holofoil,394.4,318.72,416.82,799.95,394.99
2025-06-22,swsh7-208,246755,Holofoil,25.5,20.0,28.24,59.95,24.95
2025-06-22,swsh7-209,246756,Holofoil,277.83,270.88,317.13,799.99,276.0
2025-06-22,swsh7-211,246702,Holofoil,42.88,40.0,48.75,89.95,44.76
2025-06-22,swsh7-212,246704,Holofoil,299.54,286.45,378.47,1000.0,307.76
2025-06-22,swsh7-215,246723,Holofoil,1491.5,1267.8,1584.0,2536.27,1445.95
2025-06-22,swsh7-218,246733,Holofoil,702.83,519.98,727.79,1299.95,684.68
2025-06-22,swsh7-41,246753,Holofoil,5.05,3.9,5.49,19.99,6.15
2025-06-22,swsh7-65,246690,Holofoil,9.46,7.87,9.93,500.0,9.24
2025-06-22,swsh7-75,246701,Holofoil,9.59,8.0,11.0,50.0,12.49
2025-06-22,swsh7-8,246691,Holofoil,5.65,4.0,6.3,50.0,6.2
2025-06-22,swsh8-271,253266,Holofoil,586.97,475.0,650.0,1250.0,577.96
2025-06-22,swsh9-154,263873,Holofoil,201.43,180.2,226.0,1500.0,159.99
2025-06-23,base1-15,42355,Holofoil,121.13,61.29,119.99,300.0,
2025-06-23,base1-16,42356,Holofoil,43.56,20.0,37.28,9999.0,
2025-06-23,base1-2,42360,Holofoil,147.89,36.09,146.72,499.99,
2025-06-23,base1-4,42382,Holofoil,457.64,310.0,499.0,1249.99,
2025-06-23,base1-58,42402,Normal,2.81,0.49,2.49,9999.0,
2025-06-23,cel25c-4,250320,Holofoil,93.52,86.86,99.99,250.0,88.34
2025-06-23,gym2-2,83861,1st Edition Holofoil,697.67,376.48,494.62,499.99,
2025-06-23,gym2-2,83861,Unlimited Holofoil,453.69,310.0,509.95,599.99,499.99
2025-06-23,neo1-9,86903,1st Edition Holofoil,1251.5,1150.0,1798.78,1800.0,
2025-06-23,neo1-9,86903,Unlimited Holofoil,440.48,250.0,359.99,474.98,
2025-06-23,sl-151-bundle,502000,Normal,71.69,57.94,75.0,175.0,
2025-06-23,sl-151-etb,503313,Normal,246.54,240.01,299.48,4999.99,
2025-06-23,sl-151-upc,502005,Normal,381.6,385.0,412.98,20000.0,
2025-06-23,sl-ar-box,265519,Normal,398.64,369.99,457.5,1999.99,
2025-06-23,sl-bs-box,256141,Normal,401.59,383.99,454.48,999.99,
2025-06-23,sl-cel-upc,245140,Normal,478.24,498.98,549.0,1000.0,
2025-06-23,sl-champ-etb,218791,Normal,120.29,118.0,146.5,299.99,
2025-06-23,sl-cz-etb,453470,Normal,177.66,159.89,199.99,1999.99,
2025-06-23,sl-dr-box,624679,Normal,249.66,242.94,267.99,99999.0,
2025-06-23,sl-evs-box,242436,Normal,1846.85,1900.0,2050.0,10000.0,
2025-06-23,sl-evs-etb,243721,Normal,548.26,639.99,699.99,999.99,
2025-06-23,sl-fs-box,247654,Normal,746.33,739.99,899.0,1999.99,
2025-06-23,sl-hf-etb,194729,Normal,356.12,399.99,493.99,999.99,
2025-06-23,sl-jp-151,565243,Normal,159.04,155.0,170.0,250.0,
2025-06-23,sl-jp-terastal,603428,Normal,82.4,79.0,111.75,200.0,
2025-06-23,sl-jt-box,610931,Normal,214.34,209.99,246.99,551.0,
2025-06-23,sl-lo-box,277324,Normal,513.04,489.99,596.48,1200.0,
2025-06-23,sl-obf-box,501257,Normal,238.37,224.94,272.02,500.0,
2025-06-23,sl-pe-etb,593355,Normal,105.13,96.0,129.99,299.99,
2025-06-23,sl-pe-spc,622770,Normal,194.74,187.01,232.49,99999.0,
2025-06-23,sl-pf-etb,528040,Normal,181.4,149.98,198.0,219.99,
2025-06-23,sl-shf-etb,228821,Normal,91.06,75.0,99.99,499.99,
2025-06-23,sl-ss-box,565606,Normal,213.76,212.94,280.0,4999.99,
2025-06-23,sl-st-box,283389,Normal,356.04,342.98,399.99,1199.99,
2025-06-23,sl-tf-box,536225,Normal,216.35,204.0,245.01,400.0,
2025-06-23,sv2-185,497557,Normal,0.29,0.01,0.39,29.0,
2025-06-23,sv2-185,497557,Reverse Holofoil,0.65,0.2,0.89,9.99,
2025-06-23,sv2-254,497669,Holofoil,18.46,15.99,20.84,100.0,21.29
2025-06-23,sv2-269,497689,Holofoil,55.31,50.0,63.87,259.99,
2025-06-23,sv3pt5-151,516566,Holofoil,6.9,5.0,7.66,40.0,
2025-06-23,sv3pt5-199,517045,Holofoil,187.46,170.99,214.95,900.0,
2025-06-23,sv3pt5-205,517051,Holofoil,10.42,9.5,13.0,50.0,11.5
2025-06-23,sv3pt5-4,502555,Normal,0.14,0.01,0.15,5.0,
2025-06-23,sv3pt5-4,502555,Reverse Holofoil,0.3,0.07,0.28,4.95,
2025-06-23,sv3pt5-6,502558,Holofoil,2.88,1.71,4.6,30.0,
2025-06-23,sv3pt5-7,502548,Normal,0.13,0.01,0.15,15.0,
2025-06-23,sv3pt5-7,502548,Reverse Holofoil,0.23,0.02,0.24,4.95,
2025-06-23,sv4pt5-234,535090,Holofoil,158.93,159.69,175.67,349.95,168.0
2025-06-23,sv4pt5-54,534416,Holofoil,2.87,1.75,2.98,45.0,3.3
2025-06-23,sv8-57,590025,Holofoil,6.18,5.29,7.99,74.9,9.26
2025-06-23,sv8pt5-149,610504,Holofoil,254.46,195.0,284.24,800.0,
2025-06-23,sv8pt5-155,610510,Holofoil,291.66,269.0,300.0,599.95,
2025-06-23,sv8pt5-156,610511,Holofoil,405.67,379.99,443.08,800.0,
2025-06-23,sv8pt5-161,610516,Holofoil,1059.02,979.99,1157.75,1999.95,
2025-06-23,sv8pt5-167,610522,Holofoil,143.27,131.39,166.37,360.68,
2025-06-23,sv8pt5-179,610534,Holofoil,33.9,33.0,53.0,270.0,
2025-06-23,sv8pt5-28,610383,Holofoil,0.92,0.49,1.29,9.99,
2025-06-23,sv8pt5-47,610402,Normal,0.04,0.01,0.1,4.95,0.03
2025-06-23,sv8pt5-47,610402,Reverse Holofoil,0.07,0.01,0.13,5.11,0.06
2025-06-23,sv8pt5-59,610414,Holofoil,0.2,0.01,0.29,100.0,
2025-06-23,sv8pt5-59,610414,Reverse Holofoil,0.3,0.07,0.46,25.0,
2025-06-23,sv8pt5-60,610415,Holofoil,5.07,4.5,6.87,40.0,
2025-06-23,svp-085,518861,Normal,313.42,320.99,349.99,700.0,349.94
2025-06-23,swsh11-186,284137,Holofoil,509.57,458.59,558.07,1000.0,489.95
2025-06-23,swsh12-186,451834,Holofoil,267.77,245.0,303.97,599.95,274.89
2025-06-23,swsh12pt5gg-GG69,478100,Holofoil,155.41,142.49,182.48,1000.0,171.48
2025-06-23,swsh35-25,223018,Normal,0.12,0.02,0.2,1.25,
2025-06-23,swsh35-25,223018,Reverse Holofoil,0.3,0.09,0.32,2.0,
2025-06-23,swsh35-74,223073,Holofoil,164.58,165.0,200.0,1500.0,174.0
2025-06-23,swsh45sv-SV107,232496,Holofoil,111.25,99.0,120.17,349.95,103.99
2025-06-23,swsh7-204,246693,Holofoil,27.49,25.0,34.75,100.0,34.48
2025-06-23,swsh7-205,246696,Holofoil,394.4,318.72,416.0,799.95,394.99
2025-06-23,swsh7-208,246755,Holofoil,25.16,22.9,29.81,59.95,24.96
2025-06-23,swsh7-209,246756,Holofoil,277.83,264.99,316.99,799.99,276.0
2025-06-23,swsh7-211,246702,Holofoil,42.9,40.0,47.99,89.95,44.76
2025-06-23,swsh7-212,246704,Holofoil,299.54,286.45,379.37,1000.0,314.29
2025-06-23,swsh7-215,246723,Holofoil,1491.5,1267.8,1584.0,2542.81,1445.95
2025-06-23,swsh7-218,246733,Holofoil,699.26,519.98,714.29,1299.95,659.99
2025-06-23,swsh7-41,246753,Holofoil,5.01,3.3,5.49,19.99,6.15
2025-06-23,swsh7-65,246690,Holofoil,9.37,7.87,9.97,500.0,9.24
2025-06-23,swsh7-75,246701,Holofoil,9.63,8.0,11.0,50.0,10.29
2025-06-23,swsh7-8,246691,Holofoil,5.58,4.0,6.32,50.0,5.65
2025-06-23,swsh8-271,253266,Holofoil,586.77,475.0,650.0,1250.0,577.96
2025-06-23,swsh9-154,263873,Holofoil,196.87,180.2,228.2,1500.0,159.99
2025-06-24,base1-15,42355,Holofoil,121.13,61.29,120.5,300.0,
2025-06-24,base1-16,42356,Holofoil,43.44,20.61,37.54,9999.0,
2025-06-24,base1-2,42360,Holofoil,158.0,95.0,145.97,499.99,
2025-06-24,base1-4,42382,Holofoil,457.64,300.0,478.11,1249.99,
2025-06-24,base1-58,42402,Normal,2.81,0.49,2.49,9999.0,
2025-06-24,cel25c-4,250320,Holofoil,93.52,86.86,99.2,250.0,88.34
2025-06-24,gym2-2,83861,1st Edition Holofoil,697.67,376.48,494.62,499.99,
2025-06-24,gym2-2,83861,Unlimited Holofoil,453.69,310.0,509.91,599.99,499.99
2025-06-24,neo1-9,86903,1st Edition Holofoil,1251.5,1150.0,1798.78,1800.0,
2025-06-24,neo1-9,86903,Unlimited Holofoil,440.48,250.0,359.99,474.98,
2025-06-24,sl-151-bundle,502000,Normal,70.27,60.0,75.0,175.0,
2025-06-24,sl-151-etb,503313,Normal,247.6,235.01,299.95,4999.99,
2025-06-24,sl-151-upc,502005,Normal,381.6,385.0,408.99,20000.0,
2025-06-24,sl-ar-box,265519,Normal,398.64,369.99,437.5,1999.99,
2025-06-24,sl-bs-box,256141,Normal,401.59,400.0,469.45,999.99,
2025-06-24,sl-cel-upc,245140,Normal,481.6,488.99,549.0,1000.0,
2025-06-24,sl-champ-etb,218791,Normal,120.58,118.0,148.0,299.99,
2025-06-24,sl-cz-etb,453470,Normal,177.5,170.0,199.99,1999.99,
2025-06-24,sl-dr-box,624679,Normal,248.68,242.94,264.99,99999.0,
2025-06-24,sl-evs-box,242436,Normal,1889.91,1912.98,2499.99,10000.0,
2025-06-24,sl-evs-etb,243721,Normal,548.26,639.99,699.99,999.99,
2025-06-24,sl-fs-box,247654,Normal,746.33,739.99,899.0,1999.99,
2025-06-24,sl-hf-etb,194729,Normal,356.12,399.99,499.98,999.99,
2025-06-24,sl-jp-151,565243,Normal,159.53,155.0,169.99,250.0,
2025-06-24,sl-jp-terastal,603428,Normal,81.36,80.0,113.08,200.0,
2025-06-24,sl-jt-box,610931,Normal,214.54,213.98,244.98,551.0,
2025-06-24,sl-lo-box,277324,Normal,513.04,489.99,597.97,1200.0,
2025-06-24,sl-obf-box,501257,Normal,238.37,229.99,272.02,500.0,
2025-06-24,sl-pe-etb,593355,Normal,103.23,93.0,129.0,299.99,
2025-06-24,sl-pe-spc,622770,Normal,189.68,187.01,230.0,99999.0,
2025-06-24,sl-pf-etb,528040,Normal,183.91,185.0,199.99,219.99,
2025-06-24,sl-shf-etb,228821,Normal,90.3,84.0,99.99,499.99,
2025-06-24,sl-ss-box,565606,Normal,217.46,219.99,286.25,4999.99,
2025-06-24,sl-st-box,283389,Normal,356.36,342.98,400.0,1199.99,
2025-06-24,sl-tf-box,536225,Normal,216.35,204.0,242.5,400.0,
2025-06-24,sv2-185,497557,Normal,0.29,0.01,0.38,29.0,
2025-06-24,sv2-185,497557,Reverse Holofoil,0.62,0.2,0.89,9.99,
2025-06-24,sv2-254,497669,Holofoil,18.28,15.99,20.75,100.0,21.29
2025-06-24,sv2-269,497689,Holofoil,55.94,54.0,63.94,259.99,
2025-06-24,sv3pt5-151,516566,Holofoil,6.65,5.0,7.73,40.0,
2025-06-24,sv3pt5-199,517045,Holofoil,186.28,172.85,210.2,900.0,
2025-06-24,sv3pt5-205,517051,Holofoil,10.8,9.5,13.0,50.0,10.69
2025-06-24,sv3pt5-4,502555,Normal,0.13,0.01,0.15,5.0,
2025-06-24,sv3pt5-4,502555,Reverse Holofoil,0.25,0.05,0.26,4.95,
2025-06-24,sv3pt5-6,502558,Holofoil,3.33,2.0,4.72,30.0,
2025-06-24,sv3pt5-7,502548,Normal,0.11,0.01,0.15,15.0,
2025-06-24,sv3pt5-7,502548,Reverse Holofoil,0.23,0.02,0.24,4.95,
2025-06-24,sv4pt5-234,535090,Holofoil,159.88,158.53,175.0,400.0,158.69
2025-06-24,sv4pt5-54,534416,Holofoil,2.58,1.98,2.98,45.0,2.7
2025-06-24,sv8-57,590025,Holofoil,6.09,5.0,7.83,74.9,5.69
2025-06-24,sv8pt5-149,610504,Holofoil,254.46,195.0,275.99,800.0,
2025-06-24,sv8pt5-155,610510,Holofoil,291.25,269.0,300.0,599.95,
2025-06-24,sv8pt5-156,610511,Holofoil,405.67,379.99,442.57,800.0,
2025-06-24,sv8pt5-161,610516,Holofoil,1059.02,973.5,1148.97,1999.95,
2025-06-24,sv8pt5-167,610522,Holofoil,143.27,130.08,159.99,360.68,
2025-06-24,sv8pt5-179,610534,Holofoil,34.32,33.99,53.0,270.0,
2025-06-24,sv8pt5-28,610383,Holofoil,0.89,0.5,1.27,9.99,
2025-06-24,sv8pt5-47,610402,Normal,0.04,0.01,0.1,4.95,0.03
2025-06-24,sv8pt5-47,610402,Reverse Holofoil,0.07,0.01,0.13,5.11,0.06
2025-06-24,sv8pt5-59,610414,Holofoil,0.2,0.01,0.29,100.0,
2025-06-24,sv8pt5-59,610414,Reverse Holofoil,0.28,0.07,0.45,25.0,
2025-06-24,sv8pt5-60,610415,Holofoil,4.79,4.31,6.68,40.0,
2025-06-24,svp-085,518861,Normal,313.42,313.0,347.45,700.0,319.95
2025-06-24,swsh11-186,284137,Holofoil,509.57,458.59,559.19,1000.0,549.93
2025-06-24,swsh12-186,451834,Holofoil,264.7,245.0,319.95,599.95,274.89
2025-06-24,swsh12pt5gg-GG69,478100,Holofoil,154.41,150.0,186.98,1000.0,171.48
2025-06-24,swsh35-25,223018,Normal,0.12,0.02,0.2,1.25,
2025-06-24,swsh35-25,223018,Reverse Holofoil,0.3,0.09,0.3,2.0,
2025-06-24,swsh35-74,223073,Holofoil,164.62,164.61,200.0,1500.0,174.0
2025-06-24,swsh45sv-SV107,232496,Holofoil,111.25,90.0,120.3,349.95,103.99
2025-06-24,swsh7-204,246693,Holofoil,27.49,24.51,34.49,100.0,34.48
2025-06-24,swsh7-205,246696,Holofoil,394.4,318.72,415.99,799.95,394.99
2025-06-24,swsh7-208,246755,Holofoil,25.16,22.9,29.57,59.95,24.96
2025-06-24,swsh7-209,246756,Holofoil,277.83,264.99,316.95,799.99,276.0
2025-06-24,swsh7-211,246702,Holofoil,42.9,37.83,47.69,89.95,44.76
2025-06-24,swsh7-212,246704,Holofoil,299.54,267.51,376.22,1000.0,314.29
2025-06-24,swsh7-215,246723,Holofoil,1483.38,1260.9,1550.0,2528.93,1443.99
2025-06-24,swsh7-218,246733,Holofoil,702.83,519.98,707.98,1299.95,659.99
2025-06-24,swsh7-41,246753,Holofoil,4.76,3.3,5.45,89.0,6.15
2025-06-24,swsh7-65,246690,Holofoil,9.1,7.87,9.98,500.0,8.99
2025-06-24,swsh7-75,246701,Holofoil,9.54,8.0,10.97,50.0,10.29
2025-06-24,swsh7-8,246691,Holofoil,5.52,4.0,6.3,50.0,6.2
2025-06-24,swsh8-271,253266,Holofoil,586.77,475.0,650.0,1250.0,577.96
2025-06-24,swsh9-154,263873,Holofoil,196.87,179.99,226.0,1500.0,159.99
2025-06-25,base1-15,42355,Holofoil,121.13,70.0,121.0,300.0,
2025-06-25,base1-16,42356,Holofoil,43.35,21.0,39.57,9999.0,
2025-06-25,base1-2,42360,Holofoil,156.76,105.0,149.97,499.99,
2025-06-25,base1-4,42382,Holofoil,453.86,330.04,499.5,1249.99,
2025-06-25,base1-58,42402,Normal,2.76,0.49,2.56,9999.0,
2025-06-25,cel25c-4,250320,Holofoil,93.02,86.86,101.0,250.0,88.34
2025-06-25,gym2-2,83861,1st Edition Holofoil,697.67,376.48,494.62,499.99,
2025-06-25,gym2-2,83861,Unlimited Holofoil,453.69,310.0,509.91,599.99,499.99
2025-06-25,neo1-9,86903,1st Edition Holofoil,1251.5,1798.78,1899.98,1999.95,
2025-06-25,neo1-9,86903,Unlimited Holofoil,440.48,263.79,359.99,699.95,
2025-06-25,sl-151-bundle,502000,Normal,72.83,60.0,75.0,175.0,
2025-06-25,sl-151-etb,503313,Normal,242.84,235.0,299.0,4999.99,
2025-06-25,sl-151-upc,502005,Normal,382.97,385.0,418.99,20000.0,
2025-06-25,sl-ar-box,265519,Normal,398.64,369.99,450.0,1999.99,
2025-06-25,sl-bs-box,256141,Normal,401.18,400.0,472.5,999.99,
2025-06-25,sl-cel-upc,245140,Normal,482.24,488.99,549.5,1000.0,
2025-06-25,sl-champ-etb,218791,Normal,120.58,110.0,145.0,299.99,
2025-06-25,sl-cz-etb,453470,Normal,176.06,162.0,199.99,1999.99,
2025-06-25,sl-dr-box,624679,Normal,245.85,237.99,263.3,99999.0,
2025-06-25,sl-evs-box,242436,Normal,1909.91,1912.98,2650.0,10000.0,
2025-06-25,sl-evs-etb,243721,Normal,548.26,639.99,699.99,999.99,
2025-06-25,sl-fs-box,247654,Normal,746.33,739.99,899.0,1999.99,
2025-06-25,sl-hf-etb,194729,Normal,356.12,399.99,499.99,999.99,
2025-06-25,sl-jp-151,565243,Normal,159.37,155.0,169.99,250.0,
2025-06-25,sl-jp-terastal,603428,Normal,82.88,80.0,113.08,200.0,
2025-06-25,sl-jt-box,610931,Normal,214.86,213.98,246.99,551.0,
2025-06-25,sl-lo-box,277324,Normal,513.04,489.99,599.99,1200.0,
2025-06-25,sl-obf-box,501257,Normal,238.69,230.0,279.99,500.0,
2025-06-25,sl-pe-etb,593355,Normal,102.75,96.0,129.99,299.99,
2025-06-25,sl-pe-spc,622770,Normal,193.03,181.99,234.97,99999.0,
2025-06-25,sl-pf-etb,528040,Normal,185.35,168.0,199.97,230.0,
2025-06-25,sl-shf-etb,228821,Normal,90.26,78.0,99.99,499.99,
2025-06-25,sl-ss-box,565606,Normal,218.51,219.95,280.0,4999.99,
2025-06-25,sl-st-box,283389,Normal,356.68,342.98,399.99,1199.99,
2025-06-25,sl-tf-box,536225,Normal,216.34,204.0,239.99,400.0,
2025-06-25,sv2-185,497557,Normal,0.33,0.01,0.39,29.0,
2025-06-25,sv2-185,497557,Reverse Holofoil,0.61,0.2,0.87,9.99,
2025-06-25,sv2-254,497669,Holofoil,17.94,16.68,20.89,100.0,21.29
2025-06-25,sv2-269,497689,Holofoil,55.71,54.45,63.91,259.99,
2025-06-25,sv3pt5-151,516566,Holofoil,6.6,5.0,7.82,40.0,
2025-06-25,sv3pt5-199,517045,Holofoil,184.71,172.85,210.0,900.0,
2025-06-25,sv3pt5-205,517051,Holofoil,10.82,9.76,13.0,50.0,10.69
2025-06-25,sv3pt5-4,502555,Normal,0.11,0.01,0.15,5.0,
2025-06-25,sv3pt5-4,502555,Reverse Holofoil,0.22,0.05,0.26,4.95,
2025-06-25,sv3pt5-6,502558,Holofoil,2.97,2.22,4.75,30.0,
2025-06-25,sv3pt5-7,502548,Normal,0.09,0.01,0.15,15.0,
2025-06-25,sv3pt5-7,502548,Reverse Holofoil,0.19,0.02,0.23,4.95,
2025-06-25,sv4pt5-234,535090,Holofoil,160.53,145.0,177.1,400.0,157.69
2025-06-25,sv4pt5-54,534416,Holofoil,2.88,1.31,2.98,45.0,2.7
2025-06-25,sv8-57,590025,Holofoil,6.05,5.0,7.84,74.9,5.69
2025-06-25,sv8pt5-149,610504,Holofoil,254.06,195.0,273.59,800.0,
2025-06-25,sv8pt5-155,610510,Holofoil,291.25,260.0,297.98,599.95,
2025-06-25,sv8pt5-156,610511,Holofoil,405.67,379.99,438.12,800.0,
2025-06-25,sv8pt5-161,610516,Holofoil,1059.02,973.5,1133.18,1999.95,
2025-06-25,sv8pt5-167,610522,Holofoil,142.51,128.77,160.0,360.68,
2025-06-25,sv8pt5-179,610534,Holofoil,35.12,34.0,52.0,270.0,
2025-06-25,sv8pt5-28,610383,Holofoil,0.92,0.5,1.25,9.99,
2025-06-25,sv8pt5-47,610402,Normal,0.04,0.01,0.1,4.95,0.03
2025-06-25,sv8pt5-47,610402,Reverse Holofoil,0.07,0.01,0.13,5.11,0.06
2025-06-25,sv8pt5-59,610414,Holofoil,0.17,0.01,0.28,100.0,
2025-06-25,sv8pt5-59,610414,Reverse Holofoil,0.24,0.1,0.45,25.0,
2025-06-25,sv8pt5-60,610415,Holofoil,4.98,4.0,6.75,40.0,
2025-06-25,svp-085,518861,Normal,318.13,319.95,353.1,700.0,319.95
2025-06-25,swsh11-186,284137,Holofoil,509.57,458.58,550.0,1000.0,514.24
2025-06-25,swsh12-186,451834,Holofoil,265.83,245.0,305.96,599.95,274.89
2025-06-25,swsh12pt5gg-GG69,478100,Holofoil,154.41,150.0,186.98,1000.0,171.48
2025-06-25,swsh35-25,223018,Normal,0.12,0.02,0.2,1.25,
2025-06-25,swsh35-25,223018,Reverse Holofoil,0.3,0.09,0.3,2.0,
2025-06-25,swsh35-74,223073,Holofoil,164.62,160.0,200.0,1500.0,174.0
2025-06-25,swsh45sv-SV107,232496,Holofoil,110.85,88.78,121.3,349.95,103.99
2025-06-25,swsh7-204,246693,Holofoil,27.78,24.51,34.37,100.0,31.73
2025-06-25,swsh7-205,246696,Holofoil,394.4,318.72,412.42,799.95,394.99
2025-06-25,swsh7-208,246755,Holofoil,25.16,22.9,29.0,59.95,24.96
2025-06-25,swsh7-209,246756,Holofoil,277.83,264.99,310.0,799.99,276.0
2025-06-25,swsh7-211,246702,Holofoil,42.9,37.83,46.93,89.95,44.76
2025-06-25,swsh7-212,246704,Holofoil,299.54,266.32,375.33,1000.0,299.54
2025-06-25,swsh7-215,246723,Holofoil,1483.38,1260.9,1550.0,2535.95,1443.99
2025-06-25,swsh7-218,246733,Holofoil,702.83,519.98,702.83,1299.95,659.99
2025-06-25,swsh7-41,246753,Holofoil,4.73,3.3,5.5,89.0,6.15
2025-06-25,swsh7-65,246690,Holofoil,9.02,7.65,9.97,500.0,9.02
2025-06-25,swsh7-75,246701,Holofoil,9.91,8.0,10.99,50.0,10.29
2025-06-25,swsh7-8,246691,Holofoil,5.47,4.0,6.4,50.0,5.74
2025-06-25,swsh8-271,253266,Holofoil,586.77,475.0,649.99,1250.0,577.96
2025-06-25,swsh9-154,263873,Holofoil,197.23,179.99,225.13,1500.0,159.99
2025-06-26,base1-15,42355,Holofoil,121.13,61.99,120.5,300.0,
2025-06-26,base1-16,42356,Holofoil,43.35,21.0,38.58,9999.0,
2025-06-26,base1-2,42360,Holofoil,156.76,105.0,151.88,499.99,
2025-06-26,base1-4,42382,Holofoil,453.54,329.99,499.0,1249.99,
2025-06-26,base1-58,42402,Normal,2.82,0.49,2.5,9999.0,
2025-06-26,cel25c-4,250320,Holofoil,92.58,86.81,99.99,250.0,88.34
2025-06-26,gym2-2,83861,1st Edition Holofoil,697.67,376.48,494.62,499.99,
2025-06-26,gym2-2,83861,Unlimited Holofoil,453.69,310.0,508.95,599.99,499.99
2025-06-26,neo1-9,86903,1st Edition Holofoil,1251.5,1798.78,1899.98,1999.95,
2025-06-26,neo1-9,86903,Unlimited Holofoil,440.48,263.79,359.99,699.95,
2025-06-26,sl-151-bundle,502000,Normal,69.59,64.99,75.0,175.0,
2025-06-26,sl-151-etb,503313,Normal,242.68,234.99,299.0,4999.99,
2025-06-26,sl-151-upc,502005,Normal,385.73,379.0,408.99,26500.0,
2025-06-26,sl-ar-box,265519,Normal,398.64,369.99,422.85,1999.99,
2025-06-26,sl-bs-box,256141,Normal,401.18,400.0,469.95,999.99,
2025-06-26,sl-cel-upc,245140,Normal,485.6,488.99,549.99,1000.0,
2025-06-26,sl-champ-etb,218791,Normal,120.58,110.0,145.0,299.99,
2025-06-26,sl-cz-etb,453470,Normal,176.06,162.0,199.99,1999.99,
2025-06-26,sl-dr-box,624679,Normal,244.85,234.99,260.0,99999.0,
2025-06-26,sl-evs-box,242436,Normal,1909.91,1912.98,2499.99,10000.0,
2025-06-26,sl-evs-etb,243721,Normal,548.26,639.99,699.99,999.99,
2025-06-26,sl-fs-box,247654,Normal,743.29,739.99,899.0,1999.99,
2025-06-26,sl-hf-etb,194729,Normal,356.12,399.99,499.98,999.99,
2025-06-26,sl-jp-151,565243,Normal,159.23,155.0,169.99,250.0,
2025-06-26,sl-jp-terastal,603428,Normal,84.15,80.0,112.83,200.0,
2025-06-26,sl-jt-box,610931,Normal,214.49,216.0,249.49,551.0,
2025-06-26,sl-lo-box,277324,Normal,513.04,489.99,598.98,1200.0,
2025-06-26,sl-obf-box,501257,Normal,239.93,230.0,274.99,500.0,
2025-06-26,sl-pe-etb,593355,Normal,105.76,99.99,129.99,299.99,
2025-06-26,sl-pe-spc,622770,Normal,192.44,180.12,230.0,99999.0,
2025-06-26,sl-pf-etb,528040,Normal,185.35,168.0,198.0,230.0,
2025-06-26,sl-shf-etb,228821,Normal,90.46,82.0,99.99,499.99,
2025-06-26,sl-ss-box,565606,Normal,216.87,218.51,280.0,4999.99,
2025-06-26,sl-st-box,283389,Normal,357.76,349.0,399.99,1199.99,
2025-06-26,sl-tf-box,536225,Normal,216.2,204.0,245.01,400.0,
2025-06-26,sv2-185,497557,Normal,0.33,0.12,0.39,29.0,
2025-06-26,sv2-185,497557,Reverse Holofoil,0.6,0.2,0.86,9.99,
2025-06-26,sv2-254,497669,Holofoil,17.74,16.68,20.74,100.0,21.29
2025-06-26,sv2-269,497689,Holofoil,55.59,54.49,63.97,259.99,
2025-06-26,sv3pt5-151,516566,Holofoil,6.67,5.0,7.9,40.0,
2025-06-26,sv3pt5-199,517045,Holofoil,183.65,170.98,212.29,900.0,
2025-06-26,sv3pt5-205,517051,Holofoil,10.82,9.76,13.15,50.0,10.69
2025-06-26,sv3pt5-4,502555,Normal,0.11,0.01,0.15,5.0,
2025-06-26,sv3pt5-4,502555,Reverse Holofoil,0.22,0.05,0.26,4.95,
2025-06-26,sv3pt5-6,502558,Holofoil,3.19,2.25,4.74,30.0,
2025-06-26,sv3pt5-7,502548,Normal,0.1,0.01,0.15,15.0,
2025-06-26,sv3pt5-7,502548,Reverse Holofoil,0.2,0.02,0.23,4.95,
2025-06-26,sv4pt5-234,535090,Holofoil,160.32,146.45,177.1,400.0,157.69
2025-06-26,sv4pt5-54,534416,Holofoil,2.81,1.0,2.98,34.99,2.7
2025-06-26,sv8-57,590025,Holofoil,5.32,4.5,7.54,74.9,5.47
2025-06-26,sv8pt5-149,610504,Holofoil,254.06,206.99,273.37,800.0,
2025-06-26,sv8pt5-155,610510,Holofoil,291.25,255.0,295.97,599.95,
2025-06-26,sv8pt5-156,610511,Holofoil,405.67,378.44,438.12,800.0,
2025-06-26,sv8pt5-161,610516,Holofoil,1059.02,973.5,1111.97,1999.95,
2025-06-26,sv8pt5-167,610522,Holofoil,142.51,128.77,157.94,360.68,
2025-06-26,sv8pt5-179,610534,Holofoil,35.35,33.83,51.25,270.0,
2025-06-26,sv8pt5-28,610383,Holofoil,0.93,0.5,1.25,9.99,
2025-06-26,sv8pt5-47,610402,Normal,0.04,0.01,0.1,4.95,0.02
2025-06-26,sv8pt5-47,610402,Reverse Holofoil,0.07,0.01,0.14,5.11,0.06
2025-06-26,sv8pt5-59,610414,Holofoil,0.24,0.01,0.29,100.0,
2025-06-26,sv8pt5-59,610414,Reverse Holofoil,0.23,0.1,0.46,25.0,
2025-06-26,sv8pt5-60,610415,Holofoil,5.27,4.39,6.83,40.0,
2025-06-26,svp-085,518861,Normal,318.77,319.95,361.78,700.0,319.95
2025-06-26,swsh11-186,284137,Holofoil,509.57,458.58,550.0,1000.0,514.24
2025-06-26,swsh12-186,451834,Holofoil,260.48,245.0,319.97,599.95,274.89
2025-06-26,swsh12pt5gg-GG69,478100,Holofoil,153.09,150.0,182.35,1000.0,171.48
2025-06-26,swsh35-25,223018,Normal,0.11,0.02,0.2,1.25,
2025-06-26,swsh35-25,223018,Reverse Holofoil,0.3,0.09,0.3,2.0,
2025-06-26,swsh35-74,223073,Holofoil,164.62,160.0,200.0,1500.0,161.49
2025-06-26,swsh45sv-SV107,232496,Holofoil,109.8,88.78,120.37,349.95,103.99
2025-06-26,swsh7-204,246693,Holofoil,27.78,24.51,34.25,100.0,30.56
2025-06-26,swsh7-205,246696,Holofoil,394.4,318.72,414.14,799.95,394.99
2025-06-26,swsh7-208,246755,Holofoil,25.16,22.92,28.24,59.95,24.96
2025-06-26,swsh7-209,246756,Holofoil,277.83,264.99,310.0,799.99,276.0
2025-06-26,swsh7-211,246702,Holofoil,42.9,37.83,45.95,89.95,42.62
2025-06-26,swsh7-212,246704,Holofoil,298.54,266.32,352.77,1000.0,299.53
2025-06-26,swsh7-215,246723,Holofoil,1449.3,1231.9,1550.0,2499.95,1434.81
2025-06-26,swsh7-218,246733,Holofoil,699.22,519.98,703.98,1299.95,659.99
2025-06-26,swsh7-41,246753,Holofoil,4.56,3.3,5.5,89.0,6.09
2025-06-26,swsh7-65,246690,Holofoil,9.01,7.7,9.98,500.0,9.24
2025-06-26,swsh7-75,246701,Holofoil,9.84,8.0,10.99,50.0,10.29
2025-06-26,swsh7-8,246691,Holofoil,5.61,4.0,6.29,50.0,5.58
2025-06-26,swsh8-271,253266,Holofoil,586.77,475.0,642.5,1250.0,577.96
2025-06-26,swsh9-154,263873,Holofoil,197.11,175.99,219.99,1500.0,159.99
2025-06-27,base1-15,42355,Holofoil,121.13,70.0,120.5,300.0,
2025-06-27,base1-16,42356,Holofoil,43.47,21.0,39.19,9999.0,
2025-06-27,base1-2,42360,Holofoil,156.76,105.0,151.88,499.99,
2025-06-27,base1-4,42382,Holofoil,453.54,329.99,499.5,1249.99,
2025-06-27,base1-58,42402,Normal,2.9,0.49,2.5,9999.0,
2025-06-27,cel25c-4,250320,Holofoil,92.66,86.81,100.0,250.0,88.34
2025-06-27,gym2-2,83861,1st Edition Holofoil,597.5,376.48,494.62,499.99,
2025-06-27,gym2-2,83861,Unlimited Holofoil,453.69,310.0,508.95,599.99,499.99
2025-06-27,neo1-9,86903,1st Edition Holofoil,1251.5,1798.78,1999.95,2950.0,
2025-06-27,neo1-9,86903,Unlimited Holofoil,454.51,213.01,319.99,699.95,
2025-06-27,sl-151-bundle,502000,Normal,71.01,64.99,75.0,175.0,
2025-06-27,sl-151-etb,503313,Normal,243.22,234.99,299.0,4999.99,
2025-06-27,sl-151-upc,502005,Normal,386.06,382.99,400.0,20000.0,
2025-06-27,sl-ar-box,265519,Normal,398.64,369.99,420.69,1999.99,
2025-06-27,sl-bs-box,256141,Normal,401.18,400.0,469.95,999.99,
2025-06-27,sl-cel-upc,245140,Normal,485.6,488.99,549.5,1000.0,
2025-06-27,sl-champ-etb,218791,Normal,120.58,110.0,146.5,299.99,
2025-06-27,sl-cz-etb,453470,Normal,176.06,162.0,199.98,1999.99,
2025-06-27,sl-dr-box,624679,Normal,245.57,236.0,260.0,99999.0,
2025-06-27,sl-evs-box,242436,Normal,1909.91,1912.98,2499.99,10000.0,
2025-06-27,sl-evs-etb,243721,Normal,548.26,639.99,699.99,999.99,
2025-06-27,sl-fs-box,247654,Normal,743.29,749.99,899.0,1999.99,
2025-06-27,sl-hf-etb,194729,Normal,359.6,409.99,500.0,999.99,
2025-06-27,sl-jp-151,565243,Normal,159.19,155.0,169.99,250.0,
2025-06-27,sl-jp-terastal,603428,Normal,84.72,80.0,113.31,200.0,
2025-06-27,sl-jt-box,610931,Normal,216.78,220.49,254.99,364.95,
2025-06-27,sl-lo-box,277324,Normal,510.88,470.0,596.48,1200.0,
2025-06-27,sl-obf-box,501257,Normal,239.93,230.0,279.99,500.0,
2025-06-27,sl-pe-etb,593355,Normal,105.03,99.99,130.0,299.99,
2025-06-27,sl-pe-spc,622770,Normal,188.18,181.99,236.99,99999.0,
2025-06-27,sl-pf-etb,528040,Normal,185.03,168.0,199.97,230.0,
2025-06-27,sl-shf-etb,228821,Normal,90.03,84.0,99.99,499.99,
2025-06-27,sl-ss-box,565606,Normal,221.61,218.51,280.0,4999.99,
2025-06-27,sl-st-box,283389,Normal,357.76,349.0,399.98,1199.99,
2025-06-27,sl-tf-box,536225,Normal,216.35,204.0,245.02,400.0,
2025-06-27,sv2-185,497557,Normal,0.27,0.01,0.38,29.0,
2025-06-27,sv2-185,497557,Reverse Holofoil,0.61,0.2,0.85,9.99,
2025-06-27,sv2-254,497669,Holofoil,17.74,16.99,20.89,100.0,21.29
2025-06-27,sv2-269,497689,Holofoil,55.39,50.0,64.02,259.99,
2025-06-27,sv3pt5-151,516566,Holofoil,7.02,5.0,7.99,40.0,
2025-06-27,sv3pt5-199,517045,Holofoil,184.08,170.98,210.0,900.0,
2025-06-27,sv3pt5-205,517051,Holofoil,10.61,9.99,13.2,50.0,10.0
2025-06-27,sv3pt5-4,502555,Normal,0.12,0.01,0.15,5.0,
2025-06-27,sv3pt5-4,502555,Reverse Holofoil,0.19,0.05,0.25,4.95,
2025-06-27,sv3pt5-6,502558,Holofoil,2.97,1.99,4.75,30.0,
2025-06-27,sv3pt5-7,502548,Normal,0.12,0.01,0.15,15.0,
2025-06-27,sv3pt5-7,502548,Reverse Holofoil,0.21,0.02,0.23,4.95,
2025-06-27,sv4pt5-234,535090,Holofoil,159.95,146.45,179.26,400.0,159.88
2025-06-27,sv4pt5-54,534416,Holofoil,2.45,1.0,2.98,34.99,2.7
2025-06-27,sv8-57,590025,Holofoil,5.61,5.31,7.57,74.9,5.47
2025-06-27,sv8pt5-149,610504,Holofoil,252.22,205.0,274.95,800.0,
2025-06-27,sv8pt5-155,610510,Holofoil,290.28,255.0,294.48,599.95,
2025-06-27,sv8pt5-156,610511,Holofoil,405.67,378.44,431.56,800.0,
2025-06-27,sv8pt5-161,610516,Holofoil,1059.02,973.5,1111.97,1999.95,
2025-06-27,sv8pt5-167,610522,Holofoil,143.9,128.77,156.94,360.68,
2025-06-27,sv8pt5-179,610534,Holofoil,35.43,34.0,50.49,270.0,
2025-06-27,sv8pt5-28,610383,Holofoil,0.91,0.7,1.27,9.99,
2025-06-27,sv8pt5-47,610402,Normal,0.04,0.01,0.1,4.95,0.02
2025-06-27,sv8pt5-47,610402,Reverse Holofoil,0.07,0.01,0.13,5.11,0.06
2025-06-27,sv8pt5-59,610414,Holofoil,0.27,0.01,0.29,100.0,
2025-06-27,sv8pt5-59,610414,Reverse Holofoil,0.27,0.07,0.46,25.0,
2025-06-27,sv8pt5-60,610415,Holofoil,5.31,4.5,6.75,40.0,
2025-06-27,svp-085,518861,Normal,319.41,324.99,364.98,700.0,349.94
2025-06-27,swsh11-186,284137,Holofoil,509.57,458.58,550.0,1000.0,514.24
2025-06-27,swsh12-186,451834,Holofoil,259.5,245.0,319.95,599.95,274.89
2025-06-27,swsh12pt5gg-GG69,478100,Holofoil,152.95,150.0,175.87,1000.0,157.95
2025-06-27,swsh35-25,223018,Normal,0.1,0.02,0.2,1.25,
2025-06-27,swsh35-25,223018,Reverse Holofoil,0.3,0.09,0.3,2.0,
2025-06-27,swsh35-74,223073,Holofoil,164.62,161.0,200.0,1500.0,161.49
2025-06-27,swsh45sv-SV107,232496,Holofoil,108.67,90.0,120.23,349.95,103.99
2025-06-27,swsh7-204,246693,Holofoil,27.78,24.51,34.48,100.0,30.56
2025-06-27,swsh7-205,246696,Holofoil,394.4,318.72,414.12,799.95,380.0
2025-06-27,swsh7-208,246755,Holofoil,25.16,23.0,28.24,59.95,24.96
2025-06-27,swsh7-209,246756,Holofoil,277.83,264.99,310.0,799.99,276.0
2025-06-27,swsh7-211,246702,Holofoil,42.9,37.83,45.95,89.95,42.62
2025-06-27,swsh7-212,246704,Holofoil,298.88,254.13,348.94,1000.0,299.53
2025-06-27,swsh7-215,246723,Holofoil,1449.3,1231.9,1550.0,2499.95,1434.81
2025-06-27,swsh7-218,246733,Holofoil,695.62,519.98,703.98,1299.95,649.94
2025-06-27,swsh7-41,246753,Holofoil,4.56,3.25,5.49,89.0,6.09
2025-06-27,swsh7-65,246690,Holofoil,9.27,7.65,9.93,500.0,8.99
2025-06-27,swsh7-75,246701,Holofoil,9.62,8.0,10.99,50.0,10.29
2025-06-27,swsh7-8,246691,Holofoil,5.69,4.6,6.3,50.0,5.58
2025-06-27,swsh8-271,253266,Holofoil,585.81,494.0,640.65,1250.0,577.95
2025-06-27,swsh9-154,263873,Holofoil,196.99,175.99,219.95,1500.0,159.99
2025-06-28,base1-15,42355,Holofoil,120.66,62.0,115.3,300.0,
2025-06-28,base1-16,42356,Holofoil,42.37,21.0,38.09,69.95,
2025-06-28,base1-2,42360,Holofoil,157.08,103.0,151.88,499.99,
2025-06-28,base1-4,42382,Holofoil,453.54,329.99,499.0,1249.99,
2025-06-28,base1-58,42402,Normal,2.87,0.49,2.72,9999.0,3.73
2025-06-28,cel25c-4,250320,Holofoil,92.66,86.94,100.54,250.0,93.95
2025-06-28,gym2-2,83861,1st Edition Holofoil,597.5,376.48,494.62,499.99,
2025-06-28,gym2-2,83861,Unlimited Holofoil,453.69,310.0,505.11,599.99,499.99
2025-06-28,neo1-9,86903,1st Edition Holofoil,1251.5,1798.78,1999.95,2950.0,
2025-06-28,neo1-9,86903,Unlimited Holofoil,454.51,213.01,317.36,699.95,
2025-06-28,sl-151-bundle,502000,Normal,71.28,63.0,75.0,175.0,
2025-06-28,sl-151-etb,503313,Normal,241.86,235.0,299.95,4999.99,
2025-06-28,sl-151-upc,502005,Normal,386.22,382.99,400.0,20000.0,
2025-06-28,sl-ar-box,265519,Normal,398.64,369.99,419.88,1999.99,
2025-06-28,sl-bs-box,256141,Normal,401.18,400.0,469.95,999.99,
2025-06-28,sl-cel-upc,245140,Normal,485.6,488.99,549.99,1000.0,
2025-06-28,sl-champ-etb,218791,Normal,122.45,110.0,148.0,299.99,
2025-06-28,sl-cz-etb,453470,Normal,176.06,162.0,199.95,1999.99,
2025-06-28,sl-dr-box,624679,Normal,245.01,236.0,260.0,99999.0,
2025-06-28,sl-evs-box,242436,Normal,1909.91,1912.98,2499.99,10000.0,
2025-06-28,sl-evs-etb,243721,Normal,554.06,639.99,699.99,999.99,
2025-06-28,sl-fs-box,247654,Normal,740.89,739.99,899.0,1999.99,
2025-06-28,sl-hf-etb,194729,Normal,367.69,439.99,520.94,999.99,
2025-06-28,sl-jp-151,565243,Normal,159.47,155.0,169.99,250.0,
2025-06-28,sl-jp-terastal,603428,Normal,86.18,84.98,114.23,200.0,
2025-06-28,sl-jt-box,610931,Normal,219.14,220.49,249.99,364.95,
2025-06-28,sl-lo-box,277324,Normal,506.57,450.0,597.97,1200.0,
2025-06-28,sl-obf-box,501257,Normal,239.85,229.93,269.04,500.0,
2025-06-28,sl-pe-etb,593355,Normal,107.06,100.0,129.99,299.99,
2025-06-28,sl-pe-spc,622770,Normal,191.02,190.0,244.83,99999.0,
2025-06-28,sl-pf-etb,528040,Normal,185.03,168.0,199.98,249.99,
2025-06-28,sl-shf-etb,228821,Normal,90.02,84.0,99.99,499.99,
2025-06-28,sl-ss-box,565606,Normal,223.93,218.51,280.0,4999.99,
2025-06-28,sl-st-box,283389,Normal,357.88,349.0,399.98,1199.99,
2025-06-28,sl-tf-box,536225,Normal,216.35,204.0,242.5,400.0,
2025-06-28,sv2-185,497557,Normal,0.29,0.1,0.37,29.0,
2025-06-28,sv2-185,497557,Reverse Holofoil,0.63,0.2,0.8,9.99,0.45
2025-06-28,sv2-254,497669,Holofoil,17.29,16.5,20.92,100.0,17.99
2025-06-28,sv2-269,497689,Holofoil,55.39,52.62,63.78,259.99,55.39
2025-06-28,sv3pt5-151,516566,Holofoil,7.04,5.0,7.97,40.0,6.83
2025-06-28,sv3pt5-199,517045,Holofoil,184.24,170.98,209.89,900.0,
2025-06-28,sv3pt5-205,517051,Holofoil,10.53,9.5,13.45,50.0,10.69
2025-06-28,sv3pt5-4,502555,Normal,0.1,0.01,0.15,5.0,0.1
2025-06-28,sv3pt5-4,502555,Reverse Holofoil,0.21,0.05,0.25,4.95,
2025-06-28,sv3pt5-6,502558,Holofoil,3.07,2.35,4.77,30.0,3.59
2025-06-28,sv3pt5-7,502548,Normal,0.12,0.01,0.15,15.0,
2025-06-28,sv3pt5-7,502548,Reverse Holofoil,0.19,0.02,0.23,4.95,
2025-06-28,sv4pt5-234,535090,Holofoil,160.3,149.0,177.45,400.0,162.95
2025-06-28,sv4pt5-54,534416,Holofoil,2.69,1.0,2.99,34.99,2.65
2025-06-28,sv8-57,590025,Holofoil,6.04,4.78,7.56,74.9,5.47
2025-06-28,sv8pt5-149,610504,Holofoil,250.18,200.0,270.0,800.0,
2025-06-28,sv8pt5-155,610510,Holofoil,290.28,250.0,294.48,599.95,
2025-06-28,sv8pt5-156,610511,Holofoil,404.23,378.44,439.79,800.0,
2025-06-28,sv8pt5-161,610516,Holofoil,1054.35,971.0,1100.0,1999.95,
2025-06-28,sv8pt5-167,610522,Holofoil,141.31,129.96,157.96,360.68,
2025-06-28,sv8pt5-179,610534,Holofoil,35.94,34.11,50.52,270.0,
2025-06-28,sv8pt5-28,610383,Holofoil,1.09,0.5,1.29,9.99,
2025-06-28,sv8pt5-47,610402,Normal,0.05,0.01,0.1,4.95,0.03
2025-06-28,sv8pt5-47,610402,Reverse Holofoil,0.07,0.01,0.13,5.11,0.06
2025-06-28,sv8pt5-59,610414,Holofoil,0.27,0.01,0.3,100.0,0.24
2025-06-28,sv8pt5-59,610414,Reverse Holofoil,0.26,0.07,0.45,25.0,
2025-06-28,sv8pt5-60,610415,Holofoil,5.31,4.5,6.75,40.0,4.5
2025-06-28,svp-085,518861,Normal,319.41,324.99,382.49,700.0,349.94
2025-06-28,swsh11-186,284137,Holofoil,509.57,458.58,550.0,1000.0,514.24
2025-06-28,swsh12-186,451834,Holofoil,259.5,220.0,309.98,599.95,274.89
2025-06-28,swsh12pt5gg-GG69,478100,Holofoil,152.69,150.0,175.44,1000.0,157.36
2025-06-28,swsh35-25,223018,Normal,0.1,0.02,0.2,1.25,
2025-06-28,swsh35-25,223018,Reverse Holofoil,0.3,0.09,0.3,2.0,
2025-06-28,swsh35-74,223073,Holofoil,164.62,161.0,200.0,1500.0,161.49
2025-06-28,swsh45sv-SV107,232496,Holofoil,108.67,89.0,117.52,349.95,103.99
2025-06-28,swsh7-204,246693,Holofoil,27.87,24.51,34.48,100.0,30.56
2025-06-28,swsh7-205,246696,Holofoil,395.33,318.72,414.12,799.95,379.99
2025-06-28,swsh7-208,246755,Holofoil,25.16,23.0,28.17,59.95,24.96
2025-06-28,swsh7-209,246756,Holofoil,277.83,264.99,309.36,799.99,276.0
2025-06-28,swsh7-211,246702,Holofoil,42.9,37.83,45.95,89.95,42.62
2025-06-28,swsh7-212,246704,Holofoil,298.88,266.32,350.7,1000.0,304.85
2025-06-28,swsh7-215,246723,Holofoil,1449.3,1231.9,1550.0,2499.95,1434.81
2025-06-28,swsh7-218,246733,Holofoil,695.62,519.98,703.41,1299.95,659.99
2025-06-28,swsh7-41,246753,Holofoil,4.53,3.92,5.49,89.0,6.03
2025-06-28,swsh7-65,246690,Holofoil,9.34,7.48,9.99,500.0,9.4
2025-06-28,swsh7-75,246701,Holofoil,9.87,8.0,10.99,50.0,10.05
2025-06-28,swsh7-8,246691,Holofoil,5.76,4.6,6.39,50.0,5.58
2025-06-28,swsh8-271,253266,Holofoil,585.6,494.0,636.0,1250.0,577.96
2025-06-28,swsh9-154,263873,Holofoil,196.99,175.99,219.7,1500.0,159.99
2025-06-29,base1-15,42355,Holofoil,120.66,70.0,112.89,300.0,
2025-06-29,base1-16,42356,Holofoil,42.37,21.0,37.28,69.95,
2025-06-29,base1-2,42360,Holofoil,157.08,103.0,151.88,499.99,
2025-06-29,base1-4,42382,Holofoil,453.54,329.99,476.55,1249.99,
2025-06-29,base1-58,42402,Normal,2.79,0.49,2.67,9999.0,3.73
2025-06-29,cel25c-4,250320,Holofoil,92.61,86.94,100.0,250.0,97.49
2025-06-29,gym2-2,83861,1st Edition Holofoil,597.5,376.48,494.62,499.99,
2025-06-29,gym2-2,83861,Unlimited Holofoil,453.69,310.0,501.26,599.99,499.99
2025-06-29,neo1-9,86903,1st Edition Holofoil,1251.5,1798.78,1899.98,1999.95,
2025-06-29,neo1-9,86903,Unlimited Holofoil,454.51,213.01,314.73,699.95,
2025-06-29,sl-151-bundle,502000,Normal,72.45,64.99,76.13,175.0,
2025-06-29,sl-151-etb,503313,Normal,242.33,230.0,299.95,4999.99,
2025-06-29,sl-151-upc,502005,Normal,385.58,382.99,400.0,20000.0,
2025-06-29,sl-ar-box,265519,Normal,395.56,369.99,420.29,1999.99,
2025-06-29,sl-bs-box,256141,Normal,399.03,400.0,470.0,999.99,
2025-06-29,sl-cel-upc,245140,Normal,492.13,499.99,550.0,1000.0,
2025-06-29,sl-champ-etb,218791,Normal,122.79,110.0,148.0,299.99,
2025-06-29,sl-cz-etb,453470,Normal,176.06,162.0,199.95,1999.99,
2025-06-29,sl-dr-box,624679,Normal,244.48,239.99,262.5,99999.0,
2025-06-29,sl-evs-box,242436,Normal,1909.91,1912.98,2575.0,10000.0,
2025-06-29,sl-evs-etb,243721,Normal,554.06,639.99,684.99,999.99,
2025-06-29,sl-fs-box,247654,Normal,740.89,739.99,899.0,1999.99,
2025-06-29,sl-hf-etb,194729,Normal,367.69,400.0,510.46,999.99,
2025-06-29,sl-jp-151,565243,Normal,159.19,153.99,169.99,250.0,
2025-06-29,sl-jp-terastal,603428,Normal,87.01,88.98,115.0,200.0,
2025-06-29,sl-jt-box,610931,Normal,220.51,220.49,254.99,364.95,
2025-06-29,sl-lo-box,277324,Normal,503.77,450.0,596.48,1200.0,
2025-06-29,sl-obf-box,501257,Normal,239.85,229.93,260.0,500.0,
2025-06-29,sl-pe-etb,593355,Normal,108.65,100.0,129.99,299.99,
2025-06-29,sl-pe-spc,622770,Normal,192.27,190.0,244.99,99999.0,
2025-06-29,sl-pf-etb,528040,Normal,185.15,173.0,198.99,249.99,
2025-06-29,sl-shf-etb,228821,Normal,90.07,84.0,99.99,499.99,
2025-06-29,sl-ss-box,565606,Normal,223.96,220.0,280.0,4999.99,
2025-06-29,sl-st-box,283389,Normal,361.58,349.0,399.99,1199.99,
2025-06-29,sl-tf-box,536225,Normal,216.25,204.0,245.01,400.0,
2025-06-29,sv2-185,497557,Normal,0.33,0.1,0.38,29.0,
2025-06-29,sv2-185,497557,Reverse Holofoil,0.63,0.19,0.8,9.99,0.2
2025-06-29,sv2-254,497669,Holofoil,17.34,16.5,20.73,100.0,17.99
2025-06-29,sv2-269,497689,Holofoil,55.29,52.5,62.84,259.99,55.59
2025-06-29,sv3pt5-151,516566,Holofoil,7.02,5.0,7.98,40.0,6.28
2025-06-29,sv3pt5-199,517045,Holofoil,183.8,169.99,210.0,900.0,
2025-06-29,sv3pt5-205,517051,Holofoil,10.7,9.5,13.49,50.0,10.69
2025-06-29,sv3pt5-4,502555,Normal,0.1,0.01,0.15,5.0,0.1
2025-06-29,sv3pt5-4,502555,Reverse Holofoil,0.22,0.05,0.25,4.95,
2025-06-29,sv3pt5-6,502558,Holofoil,2.93,2.4,4.88,30.0,3.09
2025-06-29,sv3pt5-7,502548,Normal,0.09,0.01,0.15,15.0,
2025-06-29,sv3pt5-7,502548,Reverse Holofoil,0.19,0.02,0.23,4.95,
2025-06-29,sv4pt5-234,535090,Holofoil,159.42,149.57,179.62,400.0,159.51
2025-06-29,sv4pt5-54,534416,Holofoil,3.08,1.69,2.99,34.99,2.99
2025-06-29,sv8-57,590025,Holofoil,5.82,4.78,7.5,74.9,5.47
2025-06-29,sv8pt5-149,610504,Holofoil,248.46,200.0,272.45,800.0,
2025-06-29,sv8pt5-155,610510,Holofoil,289.88,235.0,295.97,599.95,
2025-06-29,sv8pt5-156,610511,Holofoil,404.03,378.44,442.57,800.0,
2025-06-29,sv8pt5-161,610516,Holofoil,1043.84,968.5,1100.0,1999.95,
2025-06-29,sv8pt5-167,610522,Holofoil,140.81,130.0,157.96,360.68,
2025-06-29,sv8pt5-179,610534,Holofoil,35.35,34.0,53.03,270.0,
2025-06-29,sv8pt5-28,610383,Holofoil,1.13,0.5,1.3,9.99,
2025-06-29,sv8pt5-47,610402,Normal,0.04,0.01,0.1,4.95,0.02
2025-06-29,sv8pt5-47,610402,Reverse Holofoil,0.07,0.01,0.13,5.11,0.06
2025-06-29,sv8pt5-59,610414,Holofoil,0.26,0.01,0.29,100.0,0.24
2025-06-29,sv8pt5-59,610414,Reverse Holofoil,0.29,0.06,0.45,25.0,
2025-06-29,sv8pt5-60,610415,Holofoil,5.68,4.5,6.75,40.0,5.39
2025-06-29,svp-085,518861,Normal,320.33,345.99,399.99,700.0,349.94
2025-06-29,swsh11-186,284137,Holofoil,508.29,458.58,549.99,1000.0,514.24
2025-06-29,swsh12-186,451834,Holofoil,260.11,230.0,319.95,599.95,274.89
2025-06-29,swsh12pt5gg-GG69,478100,Holofoil,152.89,150.0,177.8,1000.0,157.36
2025-06-29,swsh35-25,223018,Normal,0.1,0.02,0.2,1.25,
2025-06-29,swsh35-25,223018,Reverse Holofoil,0.3,0.09,0.3,2.0,
2025-06-29,swsh35-74,223073,Holofoil,164.62,160.0,200.0,1500.0,161.49
2025-06-29,swsh45sv-SV107,232496,Holofoil,104.66,90.49,116.22,349.95,103.99
2025-06-29,swsh7-204,246693,Holofoil,27.99,24.51,34.85,100.0,30.56
2025-06-29,swsh7-205,246696,Holofoil,392.85,318.72,414.25,799.95,369.98
2025-06-29,swsh7-208,246755,Holofoil,25.15,23.0,29.25,59.95,24.96
2025-06-29,swsh7-209,246756,Holofoil,277.51,264.99,309.17,799.99,276.0
2025-06-29,swsh7-211,246702,Holofoil,42.82,37.83,47.99,99.99,42.62
2025-06-29,swsh7-212,246704,Holofoil,299.13,266.32,367.73,1000.0,304.86
2025-06-29,swsh7-215,246723,Holofoil,1449.3,1231.9,1550.0,13000.0,1433.99
2025-06-29,swsh7-218,246733,Holofoil,695.62,519.19,701.99,1299.95,659.99
2025-06-29,swsh7-41,246753,Holofoil,4.53,3.92,5.44,89.0,6.03
2025-06-29,swsh7-65,246690,Holofoil,9.27,7.25,9.99,500.0,9.34
2025-06-29,swsh7-75,246701,Holofoil,9.73,8.0,10.9,50.0,9.9
2025-06-29,swsh7-8,246691,Holofoil,5.7,4.75,6.25,50.0,5.58
2025-06-29,swsh8-271,253266,Holofoil,585.07,494.0,638.62,1250.0,577.96
2025-06-29,swsh9-154,263873,Holofoil,195.83,175.99,219.95,1500.0,159.99
2025-06-30,base1-15,42355,Holofoil,120.66,61.99,111.68,300.0,
2025-06-30,base1-16,42356,Holofoil,42.37,21.0,37.02,69.95,
2025-06-30,base1-2,42360,Holofoil,157.08,103.0,151.88,499.99,
2025-06-30,base1-4,42382,Holofoil,453.54,329.99,454.0,1249.99,
2025-06-30,base1-58,42402,Normal,2.88,0.47,2.77,9999.0,1.23
2025-06-30,cel25c-4,250320,Holofoil,91.85,87.21,100.0,250.0,92.0
2025-06-30,gym2-2,83861,1st Edition Holofoil,597.5,376.48,494.62,499.99,
2025-06-30,gym2-2,83861,Unlimited Holofoil,453.69,310.0,505.11,599.99,499.99
2025-06-30,neo1-9,86903,1st Edition Holofoil,1251.5,1798.78,1899.98,1999.95,
2025-06-30,neo1-9,86903,Unlimited Holofoil,454.51,213.01,314.73,699.95,
2025-06-30,sl-151-bundle,502000,Normal,72.12,64.99,76.26,175.0,
2025-06-30,sl-151-etb,503313,Normal,243.39,235.0,300.0,4999.99,
2025-06-30,sl-151-upc,502005,Normal,385.94,382.99,400.0,20000.0,
2025-06-30,sl-ar-box,265519,Normal,395.56,369.99,420.29,1999.99,
2025-06-30,sl-bs-box,256141,Normal,398.23,400.0,472.5,999.99,
2025-06-30,sl-cel-upc,245140,Normal,492.13,499.99,612.49,2000.0,
2025-06-30,sl-champ-etb,218791,Normal,124.09,110.0,149.99,299.99,
2025-06-30,sl-cz-etb,453470,Normal,174.83,169.99,199.48,1999.99,
2025-06-30,sl-dr-box,624679,Normal,246.58,244.5,265.0,99999.0,
2025-06-30,sl-evs-box,242436,Normal,1909.91,1912.98,2575.0,10000.0,
2025-06-30,sl-evs-etb,243721,Normal,554.06,639.99,684.99,999.99,
2025-06-30,sl-fs-box,247654,Normal,740.89,735.0,899.0,1999.99,
2025-06-30,sl-hf-etb,194729,Normal,375.21,439.99,550.0,999.99,
2025-06-30,sl-jp-151,565243,Normal,159.05,157.75,169.99,390.0,
2025-06-30,sl-jp-terastal,603428,Normal,87.71,87.99,114.99,200.0,
2025-06-30,sl-jt-box,610931,Normal,222.49,220.49,259.99,364.95,
2025-06-30,sl-lo-box,277324,Normal,503.77,450.0,596.48,1200.0,
2025-06-30,sl-obf-box,501257,Normal,240.51,230.0,284.99,500.0,
2025-06-30,sl-pe-etb,593355,Normal,109.59,94.9,129.5,299.99,
2025-06-30,sl-pe-spc,622770,Normal,193.83,190.0,242.33,99999.0,
2025-06-30,sl-pf-etb,528040,Normal,185.11,173.0,198.99,252.99,
2025-06-30,sl-shf-etb,228821,Normal,90.9,84.0,99.99,499.99,
2025-06-30,sl-ss-box,565606,Normal,224.68,220.0,286.94,4999.99,
2025-06-30,sl-st-box,283389,Normal,360.72,355.0,400.0,1199.99,
2025-06-30,sl-tf-box,536225,Normal,216.73,204.0,245.02,400.0,
2025-06-30,sv2-185,497557,Normal,0.39,0.01,0.39,29.0,0.35
2025-06-30,sv2-185,497557,Reverse Holofoil,0.56,0.2,0.78,9.99,0.2
2025-06-30,sv2-254,497669,Holofoil,17.3,16.5,20.34,100.0,17.99
2025-06-30,sv2-269,497689,Holofoil,54.76,50.0,62.36,259.99,52.49
2025-06-30,sv3pt5-151,516566,Holofoil,6.82,5.0,7.99,40.0,6.83
2025-06-30,sv3pt5-199,517045,Holofoil,183.13,170.98,209.9,900.0,
2025-06-30,sv3pt5-205,517051,Holofoil,11.3,9.5,13.73,50.0,10.69
2025-06-30,sv3pt5-4,502555,Normal,0.07,0.01,0.15,5.0,0.1
2025-06-30,sv3pt5-4,502555,Reverse Holofoil,0.21,0.05,0.25,4.95,
2025-06-30,sv3pt5-6,502558,Holofoil,3.41,2.5,4.87,30.0,3.65
2025-06-30,sv3pt5-7,502548,Normal,0.09,0.01,0.15,15.0,0.08
2025-06-30,sv3pt5-7,502548,Reverse Holofoil,0.16,0.02,0.23,4.95,
2025-06-30,sv4pt5-234,535090,Holofoil,159.13,149.57,179.23,400.0,162.64
2025-06-30,sv4pt5-54,534416,Holofoil,2.92,1.69,3.0,34.99,2.99
2025-06-30,sv8-57,590025,Holofoil,5.45,4.4,7.37,40.0,4.45
2025-06-30,sv8pt5-149,610504,Holofoil,248.46,200.0,267.93,800.0,
2025-06-30,sv8pt5-155,610510,Holofoil,289.88,230.0,293.82,599.95,
2025-06-30,sv8pt5-156,610511,Holofoil,404.03,378.44,441.28,800.0,
2025-06-30,sv8pt5-161,610516,Holofoil,1039.69,971.0,1099.99,1999.95,
2025-06-30,sv8pt5-167,610522,Holofoil,141.36,128.0,154.78,360.68,
2025-06-30,sv8pt5-179,610534,Holofoil,35.39,34.44,52.0,270.0,
2025-06-30,sv8pt5-28,610383,Holofoil,1.09,0.5,1.26,9.99,1.12
2025-06-30,sv8pt5-47,610402,Normal,0.04,0.01,0.1,4.95,0.03
2025-06-30,sv8pt5-47,610402,Reverse Holofoil,0.06,0.01,0.13,5.11,0.06
2025-06-30,sv8pt5-59,610414,Holofoil,0.2,0.01,0.28,100.0,0.24
2025-06-30,sv8pt5-59,610414,Reverse Holofoil,0.29,0.07,0.45,25.0,0.26
2025-06-30,sv8pt5-60,610415,Holofoil,5.12,4.62,6.62,40.0,5.4
2025-06-30,svp-085,518861,Normal,320.33,345.99,399.97,700.0,349.94
2025-06-30,swsh11-186,284137,Holofoil,508.29,457.99,549.99,1000.0,514.24
2025-06-30,swsh12-186,451834,Holofoil,259.39,225.0,319.95,599.95,274.89
2025-06-30,swsh12pt5gg-GG69,478100,Holofoil,152.05,150.0,179.44,1000.0,157.05
2025-06-30,swsh35-25,223018,Normal,0.08,0.02,0.2,1.25,
2025-06-30,swsh35-25,223018,Reverse Holofoil,0.3,0.09,0.3,2.0,
2025-06-30,swsh35-74,223073,Holofoil,164.62,161.0,199.99,1500.0,161.49
2025-06-30,swsh45sv-SV107,232496,Holofoil,104.66,96.95,112.99,349.95,96.95
2025-06-30,swsh7-204,246693,Holofoil,27.84,24.09,34.62,100.0,30.56
2025-06-30,swsh7-205,246696,Holofoil,392.85,318.72,415.99,799.95,369.98
2025-06-30,swsh7-208,246755,Holofoil,25.15,16.0,28.92,59.95,24.96
2025-06-30,swsh7-209,246756,Holofoil,277.51,265.98,310.0,799.99,276.0
2025-06-30,swsh7-211,246702,Holofoil,41.92,36.0,47.99,99.99,42.62
2025-06-30,swsh7-212,246704,Holofoil,298.69,266.32,371.38,1000.0,300.0
2025-06-30,swsh7-215,246723,Holofoil,1449.3,1231.9,1545.0,13000.0,1425.99
2025-06-30,swsh7-218,246733,Holofoil,691.3,519.19,700.0,1299.95,659.99
2025-06-30,swsh7-41,246753,Holofoil,4.53,3.92,5.49,89.0,6.15
2025-06-30,swsh7-65,246690,Holofoil,9.09,7.8,9.96,500.0,9.09
2025-06-30,swsh7-75,246701,Holofoil,9.73,8.0,10.89,50.0,9.9
2025-06-30,swsh7-8,246691,Holofoil,5.68,4.48,6.25,50.0,5.5
2025-06-30,swsh8-271,253266,Holofoil,585.07,494.5,639.0,1250.0,576.79
2025-06-30,swsh9-154,263873,Holofoil,195.69,175.99,219.95,1500.0,159.99
