date,asset_id,product_id,subtype,market,low,mid,high,direct_low
2025-02-01,base1-15,42355,Holofoil,119.7,79.26,121.98,300.0,
2025-02-01,base1-16,42356,Holofoil,39.82,19.56,35.4,77.99,42.71
2025-02-01,base1-2,42360,Holofoil,173.06,90.08,149.99,246.19,
2025-02-01,base1-4,42382,Holofoil,412.86,270.0,398.99,1249.99,
2025-02-01,base1-58,42402,Normal,3.64,0.55,2.18,9999.0,2.51
2025-02-01,cel25c-4,250320,Holofoil,99.38,88.76,115.99,249.0,111.98
2025-02-01,gym2-2,83861,1st Edition Holofoil,923.15,675.0,774.08,873.15,
2025-02-01,gym2-2,83861,Unlimited Holofoil,289.23,303.34,349.99,499.99,
2025-02-01,neo1-9,86903,1st Edition Holofoil,931.44,925.99,964.99,2950.0,
2025-02-01,neo1-9,86903,Unlimited Holofoil,349.06,344.97,374.99,1000.0,
2025-02-01,sl-151-bundle,502000,Normal,60.94,59.99,69.99,200.0,
2025-02-01,sl-151-etb,503313,Normal,171.2,170.0,200.0,4999.99,
2025-02-01,sl-151-upc,502005,Normal,263.87,253.99,300.0,694.94,
2025-02-01,sl-ar-box,265519,Normal,236.92,223.0,262.0,1999.99,
2025-02-01,sl-bs-box,256141,Normal,286.93,269.91,350.0,999.99,
2025-02-01,sl-cel-upc,245140,Normal,395.99,385.0,460.0,1000.0,
2025-02-01,sl-champ-etb,218791,Normal,108.28,106.04,129.47,399.99,
2025-02-01,sl-cz-etb,453470,Normal,101.01,99.99,115.0,1999.99,
2025-02-01,sl-evs-box,242436,Normal,1382.48,1385.0,1894.49,9999.99,
2025-02-01,sl-evs-etb,243721,Normal,447.15,480.0,499.99,989.89,
2025-02-01,sl-fs-box,247654,Normal,457.8,440.0,500.0,1000.0,
2025-02-01,sl-hf-etb,194729,Normal,225.6,229.98,252.63,499.99,
2025-02-01,sl-jp-151,565243,Normal,113.37,106.99,120.0,250.0,
2025-02-01,sl-jp-terastal,603428,Normal,91.9,85.0,94.99,170.0,
2025-02-01,sl-jt-box,610931,Normal,189.51,189.69,199.75,279.99,
2025-02-01,sl-lo-box,277324,Normal,357.11,335.01,424.95,1299.99,
2025-02-01,sl-obf-box,501257,Normal,174.85,174.99,200.0,999.99,
2025-02-01,sl-pe-etb,593355,Normal,101.63,100.0,124.98,395.0,
2025-02-01,sl-pf-etb,528040,Normal,97.12,90.0,102.5,200.0,
2025-02-01,sl-shf-etb,228821,Normal,65.7,51.0,79.99,300.0,
2025-02-01,sl-ss-box,565606,Normal,243.6,234.99,275.0,3999.99,
2025-02-01,sl-st-box,283389,Normal,233.66,223.69,299.98,1248.0,
2025-02-01,sl-tf-box,536225,Normal,160.11,159.0,198.96,333.0,
2025-02-01,sv2-185,497557,Normal,0.25,0.14,0.26,15.0,
2025-02-01,sv2-185,497557,Reverse Holofoil,0.87,0.1,0.85,10.0,1.99
2025-02-01,sv2-254,497669,Holofoil,14.46,10.0,15.54,100.0,23.77
2025-02-01,sv2-269,497689,Holofoil,65.25,59.82,75.0,259.99,71.87
2025-02-01,sv3pt5-151,516566,Holofoil,7.99,4.75,8.92,26.0,10.34
2025-02-01,sv3pt5-199,517045,Holofoil,248.03,220.14,264.95,1925.0,238.49
2025-02-01,sv3pt5-205,517051,Holofoil,16.37,12.0,16.13,100.0,16.97
2025-02-01,sv3pt5-4,502555,Normal,0.15,0.01,0.15,2.39,
2025-02-01,sv3pt5-4,502555,Reverse Holofoil,0.26,0.11,0.27,25.0,
2025-02-01,sv3pt5-6,502558,Holofoil,5.73,4.0,6.0,26.0,8.51
2025-02-01,sv3pt5-7,502548,Normal,0.13,0.01,0.15,15.0,
2025-02-01,sv3pt5-7,502548,Reverse Holofoil,0.25,0.09,0.25,15.0,
2025-02-01,sv4pt5-234,535090,Holofoil,214.89,197.96,229.99,318.68,285.0
2025-02-01,sv4pt5-54,534416,Holofoil,2.68,1.0,2.83,34.99,3.24
2025-02-01,sv8-57,590025,Holofoil,6.86,4.0,7.92,25.0,
2025-02-01,sv8pt5-149,610504,Holofoil,308.87,306.2,317.7,548.0,
2025-02-01,sv8pt5-155,610510,Holofoil,382.83,399.99,536.5,1000.0,
2025-02-01,sv8pt5-156,610511,Holofoil,524.34,420.0,537.5,750.0,
2025-02-01,sv8pt5-161,610516,Holofoil,1615.43,1190.0,1612.5,2295.0,
2025-02-01,sv8pt5-167,610522,Holofoil,229.71,225.0,240.25,350.0,
2025-02-01,sv8pt5-179,610534,Holofoil,111.78,99.5,122.66,325.0,
2025-02-01,sv8pt5-28,610383,Holofoil,1.71,1.4,2.03,15.98,
2025-02-01,sv8pt5-47,610402,Normal,0.06,0.01,0.1,1.3,0.03
2025-02-01,sv8pt5-47,610402,Reverse Holofoil,0.12,0.05,0.17,1.12,0.11
2025-02-01,sv8pt5-59,610414,Holofoil,0.46,0.01,0.48,19.99,0.59
2025-02-01,sv8pt5-59,610414,Reverse Holofoil,1.19,0.31,1.68,39.99,1.41
2025-02-01,sv8pt5-60,610415,Holofoil,13.32,12.06,15.0,79.99,
2025-02-01,svp-085,518861,Normal,294.03,278.96,334.69,750.0,334.68
2025-02-01,swsh11-186,284137,Holofoil,653.46,499.0,650.0,1000.0,849.99
2025-02-01,swsh12-186,451834,Holofoil,283.97,235.0,324.99,591.2,321.98
2025-02-01,swsh12pt5gg-GG69,478100,Holofoil,216.35,195.0,239.98,1000.0,239.9
2025-02-01,swsh35-25,223018,Normal,0.11,0.03,0.19,1.49,
2025-02-01,swsh35-25,223018,Reverse Holofoil,0.24,0.09,0.25,2.0,
2025-02-01,swsh35-74,223073,Holofoil,200.43,135.18,243.07,1500.0,241.99
2025-02-01,swsh45sv-SV107,232496,Holofoil,113.97,91.07,124.62,445.06,114.99
2025-02-01,swsh7-204,246693,Holofoil,32.73,24.32,38.73,70.0,29.04
2025-02-01,swsh7-205,246696,Holofoil,410.19,225.37,401.5,699.69,405.0
2025-02-01,swsh7-208,246755,Holofoil,25.66,21.79,32.75,69.99,35.69
2025-02-01,swsh7-209,246756,Holofoil,304.82,298.0,412.5,799.99,449.99
2025-02-01,swsh7-211,246702,Holofoil,42.55,33.61,43.48,94.99,54.99
2025-02-01,swsh7-212,246704,Holofoil,372.3,365.99,577.49,1000.0,599.98
2025-02-01,swsh7-215,246723,Holofoil,1455.79,1000.0,1780.0,2200.0,1640.0
2025-02-01,swsh7-218,246733,Holofoil,672.78,595.22,875.0,1031.18,899.99
2025-02-01,swsh7-41,246753,Holofoil,4.24,2.71,4.3,89.0,4.7
2025-02-01,swsh7-65,246690,Holofoil,8.67,5.19,9.52,500.0,10.4
2025-02-01,swsh7-75,246701,Holofoil,9.19,3.99,8.92,50.0,13.99
2025-02-01,swsh7-8,246691,Holofoil,5.84,3.15,5.34,50.0,6.9
2025-02-01,swsh8-271,253266,Holofoil,730.11,719.99,884.0,1799.0,776.92
2025-02-01,swsh9-154,263873,Holofoil,200.36,206.58,235.98,1500.0,210.99
2025-02-02,base1-15,42355,Holofoil,119.7,79.26,121.98,300.0,
2025-02-02,base1-16,42356,Holofoil,39.82,19.56,35.63,77.99,42.71
2025-02-02,base1-2,42360,Holofoil,173.06,82.5,149.99,242.03,
2025-02-02,base1-4,42382,Holofoil,412.86,270.0,399.99,1249.99,
2025-02-02,base1-58,42402,Normal,3.29,0.54,2.18,9999.0,0.54
2025-02-02,cel25c-4,250320,Holofoil,99.22,88.76,112.86,249.0,111.98
2025-02-02,gym2-2,83861,1st Edition Holofoil,913.15,675.0,774.08,873.15,
2025-02-02,gym2-2,83861,Unlimited Holofoil,289.23,303.34,356.12,499.99,
2025-02-02,neo1-9,86903,1st Edition Holofoil,931.44,925.99,964.99,2950.0,
2025-02-02,neo1-9,86903,Unlimited Holofoil,349.06,344.97,374.99,1000.0,
2025-02-02,sl-151-bundle,502000,Normal,64.27,60.0,69.99,200.0,
2025-02-02,sl-151-etb,503313,Normal,171.14,170.0,200.0,4999.99,
2025-02-02,sl-151-upc,502005,Normal,256.56,264.0,300.0,694.94,
2025-02-02,sl-ar-box,265519,Normal,236.36,200.0,269.48,1999.99,
2025-02-02,sl-bs-box,256141,Normal,284.2,280.0,355.8,999.99,
2025-02-02,sl-cel-upc,245140,Normal,396.91,370.0,467.5,1000.0,
2025-02-02,sl-champ-etb,218791,Normal,107.01,106.04,128.98,399.99,
2025-02-02,sl-cz-etb,453470,Normal,101.16,96.0,116.59,1999.99,
2025-02-02,sl-evs-box,242436,Normal,1382.48,1375.0,1742.6,9999.99,
2025-02-02,sl-evs-etb,243721,Normal,447.15,480.0,499.99,989.89,
2025-02-02,sl-fs-box,247654,Normal,457.64,440.0,500.0,1000.0,
2025-02-02,sl-hf-etb,194729,Normal,226.2,229.98,251.32,499.99,
2025-02-02,sl-jp-151,565243,Normal,113.18,108.0,119.99,250.0,
2025-02-02,sl-jp-terastal,603428,Normal,93.87,90.0,96.4,170.0,
2025-02-02,sl-jt-box,610931,Normal,189.9,189.49,199.75,279.99,
2025-02-02,sl-lo-box,277324,Normal,353.91,335.01,412.49,1299.99,
2025-02-02,sl-obf-box,501257,Normal,177.13,164.99,200.0,999.99,
2025-02-02,sl-pe-etb,593355,Normal,109.59,98.0,125.0,395.0,
2025-02-02,sl-pf-etb,528040,Normal,96.78,90.0,99.99,199.99,
2025-02-02,sl-shf-etb,228821,Normal,65.13,59.98,80.0,300.0,
2025-02-02,sl-ss-box,565606,Normal,239.63,243.2,275.0,3999.99,
2025-02-02,sl-st-box,283389,Normal,233.16,225.0,299.99,1248.0,
2025-02-02,sl-tf-box,536225,Normal,161.92,165.94,198.96,333.0,
2025-02-02,sv2-185,497557,Normal,0.25,0.14,0.26,15.0,
2025-02-02,sv2-185,497557,Reverse Holofoil,1.1,0.1,0.97,10.0,2.25
2025-02-02,sv2-254,497669,Holofoil,14.69,10.0,15.52,100.0,23.77
2025-02-02,sv2-269,497689,Holofoil,64.27,59.87,74.03,259.99,71.87
2025-02-02,sv3pt5-151,516566,Holofoil,7.67,4.75,8.76,26.0,9.17
2025-02-02,sv3pt5-199,517045,Holofoil,248.16,225.0,274.18,1925.0,
2025-02-02,sv3pt5-205,517051,Holofoil,14.95,12.0,15.9,100.0,16.37
2025-02-02,sv3pt5-4,502555,Normal,0.12,0.01,0.15,2.39,
2025-02-02,sv3pt5-4,502555,Reverse Holofoil,0.27,0.11,0.27,25.0,
2025-02-02,sv3pt5-6,502558,Holofoil,6.3,4.0,6.1,26.0,7.57
2025-02-02,sv3pt5-7,502548,Normal,0.12,0.01,0.15,15.0,
2025-02-02,sv3pt5-7,502548,Reverse Holofoil,0.28,0.1,0.25,15.0,
2025-02-02,sv4pt5-234,535090,Holofoil,214.95,198.86,229.99,330.0,285.0
2025-02-02,sv4pt5-54,534416,Holofoil,2.72,1.0,2.72,34.99,3.1
2025-02-02,sv8-57,590025,Holofoil,6.84,4.0,7.91,25.0,
2025-02-02,sv8pt5-149,610504,Holofoil,308.79,296.0,310.0,548.0,
2025-02-02,sv8pt5-155,610510,Holofoil,383.95,375.0,474.5,1000.0,
2025-02-02,sv8pt5-156,610511,Holofoil,512.07,420.0,549.99,750.0,
2025-02-02,sv8pt5-161,610516,Holofoil,1615.43,1356.91,1719.5,2295.0,
2025-02-02,sv8pt5-167,610522,Holofoil,229.11,214.0,240.25,350.0,
2025-02-02,sv8pt5-179,610534,Holofoil,107.17,95.0,122.66,325.0,
2025-02-02,sv8pt5-28,610383,Holofoil,1.87,1.45,2.0,15.98,
2025-02-02,sv8pt5-47,610402,Normal,0.06,0.01,0.1,1.3,0.04
2025-02-02,sv8pt5-47,610402,Reverse Holofoil,0.12,0.05,0.16,1.12,0.11
2025-02-02,sv8pt5-59,610414,Holofoil,0.34,0.01,0.47,19.99,0.59
2025-02-02,sv8pt5-59,610414,Reverse Holofoil,1.17,0.31,1.59,39.99,
2025-02-02,sv8pt5-60,610415,Holofoil,12.78,12.5,14.99,79.99,
2025-02-02,svp-085,518861,Normal,296.22,278.96,349.98,750.0,334.68
2025-02-02,swsh11-186,284137,Holofoil,662.62,499.0,651.73,1000.0,899.69
2025-02-02,swsh12-186,451834,Holofoil,278.73,240.01,325.0,591.2,318.09
2025-02-02,swsh12pt5gg-GG69,478100,Holofoil,215.38,195.0,240.0,1000.0,239.89
2025-02-02,swsh35-25,223018,Normal,0.11,0.02,0.19,1.49,
2025-02-02,swsh35-25,223018,Reverse Holofoil,0.24,0.09,0.25,2.0,
2025-02-02,swsh35-74,223073,Holofoil,201.1,135.18,243.03,1500.0,241.99
2025-02-02,swsh45sv-SV107,232496,Holofoil,113.96,105.0,124.66,445.06,119.97
2025-02-02,swsh7-204,246693,Holofoil,33.82,24.32,38.37,70.0,32.87
2025-02-02,swsh7-205,246696,Holofoil,409.13,327.42,414.05,699.69,405.0
2025-02-02,swsh7-208,246755,Holofoil,25.82,21.79,32.5,69.99,35.69
2025-02-02,swsh7-209,246756,Holofoil,304.82,297.0,399.99,799.99,449.99
2025-02-02,swsh7-211,246702,Holofoil,42.95,33.61,43.0,94.99,69.68
2025-02-02,swsh7-212,246704,Holofoil,372.99,364.0,485.05,1000.0,599.98
2025-02-02,swsh7-215,246723,Holofoil,1256.95,790.99,1860.48,2200.0,1639.99
2025-02-02,swsh7-218,246733,Holofoil,672.78,595.22,895.99,999.99,895.99
2025-02-02,swsh7-41,246753,Holofoil,4.13,2.71,4.29,89.0,4.99
2025-02-02,swsh7-65,246690,Holofoil,8.8,5.19,9.52,500.0,9.99
2025-02-02,swsh7-75,246701,Holofoil,9.21,3.99,8.99,50.0,10.99
2025-02-02,swsh7-8,246691,Holofoil,5.46,3.15,5.6,50.0,6.71
2025-02-02,swsh8-271,253266,Holofoil,732.91,712.11,867.0,1799.0,778.32
2025-02-02,swsh9-154,263873,Holofoil,200.36,200.0,235.3,1500.0,210.99
2025-02-03,base1-15,42355,Holofoil,119.7,79.26,119.85,300.0,
2025-02-03,base1-16,42356,Holofoil,39.82,18.55,35.5,77.99,43.91
2025-02-03,base1-2,42360,Holofoil,173.06,80.76,143.99,243.54,
2025-02-03,base1-4,42382,Holofoil,406.44,270.0,409.99,1249.99,
2025-02-03,base1-58,42402,Normal,3.29,0.55,2.19,9999.0,2.51
2025-02-03,cel25c-4,250320,Holofoil,100.49,94.99,112.23,249.0,111.99
2025-02-03,gym2-2,83861,1st Edition Holofoil,913.15,675.0,774.08,873.15,
2025-02-03,gym2-2,83861,Unlimited Holofoil,289.23,303.34,356.12,499.99,
2025-02-03,neo1-9,86903,1st Edition Holofoil,931.44,925.99,999.99,2953.99,
2025-02-03,neo1-9,86903,Unlimited Holofoil,349.06,344.97,374.99,1000.0,
2025-02-03,sl-151-bundle,502000,Normal,66.0,59.99,69.99,200.0,
2025-02-03,sl-151-etb,503313,Normal,171.87,170.0,199.99,4999.99,
2025-02-03,sl-151-upc,502005,Normal,256.3,269.99,300.0,694.94,
2025-02-03,sl-ar-box,265519,Normal,235.16,223.0,282.47,1999.99,
2025-02-03,sl-bs-box,256141,Normal,282.22,280.0,361.59,999.99,
2025-02-03,sl-cel-upc,245140,Normal,399.22,395.09,484.97,1000.0,
2025-02-03,sl-champ-etb,218791,Normal,109.29,107.99,128.98,399.99,
2025-02-03,sl-cz-etb,453470,Normal,102.23,94.99,118.99,1999.99,
2025-02-03,sl-evs-box,242436,Normal,1385.08,1375.0,1742.6,9999.99,
2025-02-03,sl-evs-etb,243721,Normal,447.15,481.5,499.99,989.89,
2025-02-03,sl-fs-box,247654,Normal,456.13,440.89,500.0,1000.0,
2025-02-03,sl-hf-etb,194729,Normal,231.05,238.88,279.97,499.99,
2025-02-03,sl-jp-151,565243,Normal,116.49,108.0,126.0,250.0,
2025-02-03,sl-jp-terastal,603428,Normal,94.56,92.0,99.99,170.0,
2025-02-03,sl-jt-box,610931,Normal,195.01,194.81,207.48,279.99,
2025-02-03,sl-lo-box,277324,Normal,351.51,340.0,412.49,1299.99,
2025-02-03,sl-obf-box,501257,Normal,178.02,164.99,200.0,999.99,
2025-02-03,sl-pe-etb,593355,Normal,113.31,100.82,125.0,395.0,
2025-02-03,sl-pf-etb,528040,Normal,97.31,90.0,100.0,199.99,
2025-02-03,sl-shf-etb,228821,Normal,66.26,65.0,80.0,499.99,
2025-02-03,sl-ss-box,565606,Normal,248.54,241.63,275.0,4999.99,
2025-02-03,sl-st-box,283389,Normal,232.24,225.0,299.98,1248.0,
2025-02-03,sl-tf-box,536225,Normal,163.64,167.99,200.0,333.0,
2025-02-03,sv2-185,497557,Normal,0.25,0.05,0.25,15.0,
2025-02-03,sv2-185,497557,Reverse Holofoil,1.08,0.1,0.99,10.0,1.07
2025-02-03,sv2-254,497669,Holofoil,14.31,10.0,15.75,100.0,18.0
2025-02-03,sv2-269,497689,Holofoil,64.86,59.87,74.47,259.99,63.37
2025-02-03,sv3pt5-151,516566,Holofoil,6.95,4.75,8.7,26.0,12.44
2025-02-03,sv3pt5-199,517045,Holofoil,247.96,227.35,279.89,1925.0,279.89
2025-02-03,sv3pt5-205,517051,Holofoil,15.61,12.0,15.75,100.0,16.0
2025-02-03,sv3pt5-4,502555,Normal,0.11,0.01,0.15,2.37,
2025-02-03,sv3pt5-4,502555,Reverse Holofoil,0.25,0.08,0.27,25.0,0.23
2025-02-03,sv3pt5-6,502558,Holofoil,5.26,4.0,6.09,26.0,6.0
2025-02-03,sv3pt5-7,502548,Normal,0.13,0.01,0.15,15.0,0.12
2025-02-03,sv3pt5-7,502548,Reverse Holofoil,0.25,0.1,0.25,15.0,
2025-02-03,sv4pt5-234,535090,Holofoil,218.07,198.86,229.99,323.92,285.0
2025-02-03,sv4pt5-54,534416,Holofoil,2.71,1.0,2.88,34.99,3.94
2025-02-03,sv8-57,590025,Holofoil,6.88,4.0,7.85,25.0,6.82
2025-02-03,sv8pt5-149,610504,Holofoil,308.79,296.0,316.21,649.0,
2025-02-03,sv8pt5-155,610510,Holofoil,382.83,400.0,499.0,1000.0,
2025-02-03,sv8pt5-156,610511,Holofoil,506.87,480.01,525.0,750.0,599.99
2025-02-03,sv8pt5-161,610516,Holofoil,1523.33,1306.91,1650.0,2295.0,
2025-02-03,sv8pt5-167,610522,Holofoil,229.11,214.0,249.62,350.0,
2025-02-03,sv8pt5-179,610534,Holofoil,104.97,94.72,122.66,325.0,
2025-02-03,sv8pt5-28,610383,Holofoil,2.19,1.45,2.0,15.98,2.98
2025-02-03,sv8pt5-47,610402,Normal,0.05,0.01,0.1,1.3,0.04
2025-02-03,sv8pt5-47,610402,Reverse Holofoil,0.12,0.05,0.16,1.12,0.11
2025-02-03,sv8pt5-59,610414,Holofoil,0.29,0.05,0.47,19.99,0.59
2025-02-03,sv8pt5-59,610414,Reverse Holofoil,1.2,0.31,1.49,39.99,1.25
2025-02-03,sv8pt5-60,610415,Holofoil,12.52,12.0,14.99,79.99,14.44
2025-02-03,svp-085,518861,Normal,297.82,278.96,349.98,750.0,334.68
2025-02-03,swsh11-186,284137,Holofoil,661.79,506.1,653.46,1000.0,899.69
2025-02-03,swsh12-186,451834,Holofoil,277.74,240.01,324.99,591.2,287.0
2025-02-03,swsh12pt5gg-GG69,478100,Holofoil,213.42,195.0,239.98,1000.0,236.65
2025-02-03,swsh35-25,223018,Normal,0.11,0.02,0.19,1.49,0.07
2025-02-03,swsh35-25,223018,Reverse Holofoil,0.24,0.09,0.25,2.0,
2025-02-03,swsh35-74,223073,Holofoil,201.1,135.18,242.99,1500.0,241.98
2025-02-03,swsh45sv-SV107,232496,Holofoil,115.04,105.0,124.67,445.06,119.98
2025-02-03,swsh7-204,246693,Holofoil,33.94,24.32,38.73,70.0,32.87
2025-02-03,swsh7-205,246696,Holofoil,407.42,382.0,435.0,699.69,391.5
2025-02-03,swsh7-208,246755,Holofoil,25.39,21.79,32.35,69.99,35.69
2025-02-03,swsh7-209,246756,Holofoil,304.82,297.0,400.0,799.99,449.99
2025-02-03,swsh7-211,246702,Holofoil,42.26,33.61,43.48,99.99,42.26
2025-02-03,swsh7-212,246704,Holofoil,376.18,359.98,463.05,1000.0,
2025-02-03,swsh7-215,246723,Holofoil,1208.54,1417.0,1860.95,2200.0,1639.99
2025-02-03,swsh7-218,246733,Holofoil,672.78,595.22,897.99,999.99,895.99
2025-02-03,swsh7-41,246753,Holofoil,3.86,2.49,4.3,89.0,3.92
2025-02-03,swsh7-65,246690,Holofoil,8.63,5.19,9.5,500.0,9.99
2025-02-03,swsh7-75,246701,Holofoil,8.7,3.99,9.0,50.0,10.99
2025-02-03,swsh7-8,246691,Holofoil,5.56,3.15,5.52,50.0,4.9
2025-02-03,swsh8-271,253266,Holofoil,738.61,712.11,867.0,1799.0,778.32
2025-02-03,swsh9-154,263873,Holofoil,199.96,190.0,234.99,1500.0,210.97
2025-02-04,base1-15,42355,Holofoil,120.15,79.26,119.7,300.0,
2025-02-04,base1-16,42356,Holofoil,40.1,18.55,33.33,77.99,
2025-02-04,base1-2,42360,Holofoil,173.06,82.5,146.99,243.81,
2025-02-04,base1-4,42382,Holofoil,397.92,270.0,399.49,1249.99,
2025-02-04,base1-58,42402,Normal,3.29,0.55,2.13,9999.0,2.51
2025-02-04,cel25c-4,250320,Holofoil,99.64,94.99,112.23,249.0,111.99
2025-02-04,gym2-2,83861,Unlimited Holofoil,289.23,303.69,421.12,599.0,
2025-02-04,neo1-9,86903,1st Edition Holofoil,931.44,929.98,1975.0,2953.99,
2025-02-04,neo1-9,86903,Unlimited Holofoil,349.06,344.97,375.18,1000.0,
2025-02-04,sl-151-bundle,502000,Normal,63.91,59.98,69.99,200.0,
2025-02-04,sl-151-etb,503313,Normal,172.63,164.96,200.0,4999.99,
2025-02-04,sl-151-upc,502005,Normal,272.6,262.01,300.0,889.99,
2025-02-04,sl-ar-box,265519,Normal,235.44,220.0,264.0,1999.99,
2025-02-04,sl-bs-box,256141,Normal,282.84,280.98,304.69,999.99,
2025-02-04,sl-cel-upc,245140,Normal,398.68,409.98,499.97,1200.0,
2025-02-04,sl-champ-etb,218791,Normal,111.01,106.95,127.49,399.99,
2025-02-04,sl-cz-etb,453470,Normal,102.62,97.99,118.0,1999.99,
2025-02-04,sl-evs-box,242436,Normal,1380.29,1349.99,1721.3,9999.99,
2025-02-04,sl-evs-etb,243721,Normal,447.15,481.5,499.99,989.89,
2025-02-04,sl-fs-box,247654,Normal,455.65,440.89,500.0,1000.0,
2025-02-04,sl-hf-etb,194729,Normal,233.27,248.95,349.5,499.99,
2025-02-04,sl-jp-151,565243,Normal,114.86,108.0,125.0,250.0,
2025-02-04,sl-jp-terastal,603428,Normal,97.49,92.22,100.0,170.0,
2025-02-04,sl-jt-box,610931,Normal,195.0,194.79,206.75,279.99,
2025-02-04,sl-lo-box,277324,Normal,351.03,335.0,404.5,1299.99,
2025-02-04,sl-obf-box,501257,Normal,179.13,174.99,200.0,999.99,
2025-02-04,sl-pe-etb,593355,Normal,109.86,100.0,125.0,300.0,
2025-02-04,sl-pf-etb,528040,Normal,97.35,90.0,105.0,199.99,
2025-02-04,sl-shf-etb,228821,Normal,65.83,64.99,80.0,499.99,
2025-02-04,sl-ss-box,565606,Normal,246.58,243.2,269.99,4999.99,
2025-02-04,sl-st-box,283389,Normal,232.24,225.0,299.95,1248.0,
2025-02-04,sl-tf-box,536225,Normal,165.87,154.99,199.98,333.0,
2025-02-04,sv2-185,497557,Normal,0.26,0.05,0.26,15.0,
2025-02-04,sv2-185,497557,Reverse Holofoil,1.13,0.1,1.0,9.99,2.49
2025-02-04,sv2-254,497669,Holofoil,14.41,10.0,15.96,100.0,19.99
2025-02-04,sv2-269,497689,Holofoil,64.83,58.12,72.0,259.99,63.37
2025-02-04,sv3pt5-151,516566,Holofoil,7.5,3.0,8.66,26.0,11.97
2025-02-04,sv3pt5-199,517045,Holofoil,255.37,214.97,256.86,1925.0,297.55
2025-02-04,sv3pt5-205,517051,Holofoil,15.47,12.0,15.62,100.0,21.0
2025-02-04,sv3pt5-4,502555,Normal,0.12,0.01,0.15,2.37,
2025-02-04,sv3pt5-4,502555,Reverse Holofoil,0.26,0.08,0.27,25.0,
2025-02-04,sv3pt5-6,502558,Holofoil,5.6,4.0,6.0,26.0,9.98
2025-02-04,sv3pt5-7,502548,Normal,0.14,0.01,0.15,15.0,0.12
2025-02-04,sv3pt5-7,502548,Reverse Holofoil,0.19,0.1,0.25,15.0,
2025-02-04,sv4pt5-234,535090,Holofoil,218.42,198.86,229.99,299.99,285.0
2025-02-04,sv4pt5-54,534416,Holofoil,2.38,1.0,2.77,7495.25,3.93
2025-02-04,sv8-57,590025,Holofoil,6.86,4.0,7.5,25.0,8.23
2025-02-04,sv8pt5-149,610504,Holofoil,308.83,290.0,312.51,649.0,
2025-02-04,sv8pt5-155,610510,Holofoil,385.22,400.0,449.99,1000.0,
2025-02-04,sv8pt5-156,610511,Holofoil,506.87,480.01,562.48,750.0,599.95
2025-02-04,sv8pt5-161,610516,Holofoil,1505.69,1647.99,1649.96,1850.0,
2025-02-04,sv8pt5-167,610522,Holofoil,229.99,214.0,240.25,350.0,
2025-02-04,sv8pt5-179,610534,Holofoil,102.06,85.0,116.0,325.0,
2025-02-04,sv8pt5-28,610383,Holofoil,2.24,1.48,2.11,15.98,
2025-02-04,sv8pt5-47,610402,Normal,0.05,0.01,0.1,1.3,0.04
2025-02-04,sv8pt5-47,610402,Reverse Holofoil,0.12,0.05,0.18,1.12,0.11
2025-02-04,sv8pt5-59,610414,Holofoil,0.54,0.05,0.5,19.99,
2025-02-04,sv8pt5-59,610414,Reverse Holofoil,1.18,0.31,1.49,39.99,
2025-02-04,sv8pt5-60,610415,Holofoil,12.97,11.72,14.64,79.99,
2025-02-04,svp-085,518861,Normal,298.02,278.96,342.33,750.0,278.96
2025-02-04,swsh11-186,284137,Holofoil,661.79,506.1,666.0,1000.0,899.69
2025-02-04,swsh12-186,451834,Holofoil,282.86,240.01,324.97,591.2,317.99
2025-02-04,swsh12pt5gg-GG69,478100,Holofoil,211.01,183.75,239.97,1000.0,235.2
2025-02-04,swsh35-25,223018,Normal,0.11,0.02,0.19,1.49,0.07
2025-02-04,swsh35-25,223018,Reverse Holofoil,0.24,0.09,0.25,2.0,
2025-02-04,swsh35-74,223073,Holofoil,208.69,157.0,243.07,1500.0,242.69
2025-02-04,swsh45sv-SV107,232496,Holofoil,115.34,105.0,124.44,445.06,119.98
2025-02-04,swsh7-204,246693,Holofoil,33.94,24.32,38.0,70.0,32.87
2025-02-04,swsh7-205,246696,Holofoil,407.42,365.0,418.95,699.69,391.5
2025-02-04,swsh7-208,246755,Holofoil,25.16,21.79,32.35,69.99,35.69
2025-02-04,swsh7-209,246756,Holofoil,307.22,280.0,400.0,799.99,423.99
2025-02-04,swsh7-211,246702,Holofoil,42.45,33.61,43.95,99.99,69.68
2025-02-04,swsh7-212,246704,Holofoil,380.21,349.99,475.35,1000.0,499.99
2025-02-04,swsh7-215,246723,Holofoil,1239.02,1398.0,1860.48,2199.99,1864.0
2025-02-04,swsh7-218,246733,Holofoil,681.4,680.0,899.99,1030.1,895.99
2025-02-04,swsh7-41,246753,Holofoil,4.03,2.71,4.3,89.0,6.46
2025-02-04,swsh7-65,246690,Holofoil,9.71,5.19,9.72,500.0,15.29
2025-02-04,swsh7-75,246701,Holofoil,8.97,5.69,8.99,50.0,9.24
2025-02-04,swsh7-8,246691,Holofoil,5.77,3.15,5.55,50.0,8.98
2025-02-04,swsh8-271,253266,Holofoil,737.34,650.0,840.0,1799.0,780.54
2025-02-04,swsh9-154,263873,Holofoil,199.92,193.94,218.0,1500.0,210.97
2025-02-05,base1-15,42355,Holofoil,120.03,79.26,118.65,300.0,
2025-02-05,base1-16,42356,Holofoil,40.1,19.56,34.17,77.99,46.08
2025-02-05,base1-2,42360,Holofoil,174.11,82.5,137.75,244.4,
2025-02-05,base1-4,42382,Holofoil,441.24,270.0,400.68,1249.99,
2025-02-05,base1-58,42402,Normal,3.43,0.55,2.13,9999.0,2.51
2025-02-05,cel25c-4,250320,Holofoil,99.73,95.0,115.28,249.0,95.0
2025-02-05,gym2-2,83861,Unlimited Holofoil,306.41,300.0,421.12,599.0,
2025-02-05,neo1-9,86903,1st Edition Holofoil,931.44,999.99,2952.0,2953.99,
2025-02-05,neo1-9,86903,Unlimited Holofoil,349.06,344.97,374.99,1000.0,
2025-02-05,sl-151-bundle,502000,Normal,61.73,59.81,69.99,200.0,
2025-02-05,sl-151-etb,503313,Normal,172.63,170.0,200.0,4999.99,
2025-02-05,sl-151-upc,502005,Normal,274.44,266.99,300.0,999.99,
2025-02-05,sl-ar-box,265519,Normal,235.44,220.0,262.0,1999.99,
2025-02-05,sl-bs-box,256141,Normal,282.38,280.98,302.35,999.99,
2025-02-05,sl-cel-upc,245140,Normal,398.68,409.98,499.97,1200.0,
2025-02-05,sl-champ-etb,218791,Normal,111.58,103.99,125.97,399.99,
2025-02-05,sl-cz-etb,453470,Normal,106.53,99.99,118.99,1999.99,
2025-02-05,sl-evs-box,242436,Normal,1379.29,1329.99,1742.59,9999.99,
2025-02-05,sl-evs-etb,243721,Normal,447.15,481.0,497.49,989.89,
2025-02-05,sl-fs-box,247654,Normal,455.04,440.89,500.0,1000.0,
2025-02-05,sl-hf-etb,194729,Normal,233.92,248.95,350.0,499.99,
2025-02-05,sl-jp-151,565243,Normal,114.96,99.99,125.0,250.0,
2025-02-05,sl-jp-terastal,603428,Normal,96.9,93.0,100.0,170.0,
2025-02-05,sl-jt-box,610931,Normal,194.8,194.8,207.48,279.99,
2025-02-05,sl-lo-box,277324,Normal,347.84,335.0,404.0,1299.99,
2025-02-05,sl-obf-box,501257,Normal,179.55,174.99,220.0,999.99,
2025-02-05,sl-pe-etb,593355,Normal,112.94,100.0,125.0,300.0,
2025-02-05,sl-pf-etb,528040,Normal,96.35,90.0,106.97,199.99,
2025-02-05,sl-shf-etb,228821,Normal,67.89,65.0,80.0,499.99,
2025-02-05,sl-ss-box,565606,Normal,246.87,240.69,269.99,4999.99,
2025-02-05,sl-st-box,283389,Normal,231.92,225.0,299.95,1248.0,
2025-02-05,sl-tf-box,536225,Normal,167.16,165.0,199.98,333.0,
2025-02-05,sv2-185,497557,Normal,0.2,0.05,0.25,5.74,
2025-02-05,sv2-185,497557,Reverse Holofoil,1.28,0.1,1.0,9.99,2.49
2025-02-05,sv2-254,497669,Holofoil,14.43,10.0,15.99,100.0,19.98
2025-02-05,sv2-269,497689,Holofoil,64.74,57.6,73.87,259.99,67.01
2025-02-05,sv3pt5-151,516566,Holofoil,7.38,4.75,8.66,26.0,8.56
2025-02-05,sv3pt5-199,517045,Holofoil,257.49,214.98,262.48,1925.0,279.99
2025-02-05,sv3pt5-205,517051,Holofoil,15.92,12.0,15.75,100.0,13.97
2025-02-05,sv3pt5-4,502555,Normal,0.11,0.01,0.15,2.37,0.07
2025-02-05,sv3pt5-4,502555,Reverse Holofoil,0.25,0.08,0.27,25.0,
2025-02-05,sv3pt5-6,502558,Holofoil,6.39,4.0,6.09,26.0,6.14
2025-02-05,sv3pt5-7,502548,Normal,0.16,0.01,0.15,15.0,0.13
2025-02-05,sv3pt5-7,502548,Reverse Holofoil,0.19,0.1,0.25,15.0,0.19
2025-02-05,sv4pt5-234,535090,Holofoil,220.34,207.86,229.99,299.99,284.99
2025-02-05,sv4pt5-54,534416,Holofoil,2.72,1.0,2.75,34.99,3.93
2025-02-05,sv8-57,590025,Holofoil,7.07,4.0,7.5,25.0,7.84
2025-02-05,sv8pt5-149,610504,Holofoil,308.83,265.0,307.5,649.0,
2025-02-05,sv8pt5-155,610510,Holofoil,387.86,399.98,439.0,899.0,
2025-02-05,sv8pt5-156,610511,Holofoil,514.66,420.0,599.95,750.0,599.94
2025-02-05,sv8pt5-161,610516,Holofoil,1604.84,1649.0,1749.0,1850.0,
2025-02-05,sv8pt5-167,610522,Holofoil,233.13,214.0,227.5,350.0,
2025-02-05,sv8pt5-179,610534,Holofoil,94.41,78.99,108.87,325.0,
2025-02-05,sv8pt5-28,610383,Holofoil,1.88,1.23,2.08,15.98,
2025-02-05,sv8pt5-47,610402,Normal,0.05,0.01,0.1,1.3,0.04
2025-02-05,sv8pt5-47,610402,Reverse Holofoil,0.11,0.05,0.17,1.12,0.11
2025-02-05,sv8pt5-59,610414,Holofoil,0.32,0.05,0.49,19.99,0.3
2025-02-05,sv8pt5-59,610414,Reverse Holofoil,1.13,0.31,1.48,39.99,1.49
2025-02-05,sv8pt5-60,610415,Holofoil,13.37,11.22,14.45,79.99,
2025-02-05,svp-085,518861,Normal,298.29,278.96,349.97,750.0,334.18
2025-02-05,swsh11-186,284137,Holofoil,660.54,506.1,666.0,1000.0,890.69
2025-02-05,swsh12-186,451834,Holofoil,285.68,245.0,324.99,591.2,317.99
2025-02-05,swsh12pt5gg-GG69,478100,Holofoil,211.65,183.75,239.74,1000.0,235.2
2025-02-05,swsh35-25,223018,Normal,0.1,0.03,0.18,1.49,0.07
2025-02-05,swsh35-25,223018,Reverse Holofoil,0.24,0.09,0.25,2.0,
2025-02-05,swsh35-74,223073,Holofoil,209.4,157.0,243.07,1500.0,242.69
2025-02-05,swsh45sv-SV107,232496,Holofoil,113.59,105.0,124.53,445.06,119.97
2025-02-05,swsh7-204,246693,Holofoil,33.94,24.32,37.07,80.0,39.53
2025-02-05,swsh7-205,246696,Holofoil,416.27,365.0,450.0,699.69,391.5
2025-02-05,swsh7-208,246755,Holofoil,25.68,21.79,32.54,69.99,35.69
2025-02-05,swsh7-209,246756,Holofoil,307.91,276.0,400.0,799.99,423.99
2025-02-05,swsh7-211,246702,Holofoil,42.2,33.61,43.95,99.99,69.68
2025-02-05,swsh7-212,246704,Holofoil,384.85,349.99,484.8,1000.0,499.99
2025-02-05,swsh7-215,246723,Holofoil,1536.26,1398.0,1879.99,2199.99,1400.0
2025-02-05,swsh7-218,246733,Holofoil,680.98,746.19,900.0,1032.64,895.99
2025-02-05,swsh7-41,246753,Holofoil,4.21,2.71,4.29,89.0,4.51
2025-02-05,swsh7-65,246690,Holofoil,9.12,5.19,9.67,500.0,11.08
2025-02-05,swsh7-75,246701,Holofoil,9.13,6.0,9.01,50.0,11.0
2025-02-05,swsh7-8,246691,Holofoil,6.08,3.15,5.8,50.0,8.98
2025-02-05,swsh8-271,253266,Holofoil,736.54,664.52,840.0,1799.0,791.42
2025-02-05,swsh9-154,263873,Holofoil,200.2,193.94,217.95,1500.0,199.27
2025-02-06,base1-15,42355,Holofoil,120.68,76.5,119.85,300.0,
2025-02-06,base1-16,42356,Holofoil,40.1,19.56,35.6,77.99,49.97
2025-02-06,base1-2,42360,Holofoil,174.11,80.5,149.99,245.32,
2025-02-06,base1-4,42382,Holofoil,441.24,265.0,399.99,1249.99,276.25
2025-02-06,base1-58,42402,Normal,3.6,0.55,2.19,9999.0,2.5
2025-02-06,cel25c-4,250320,Holofoil,100.71,92.0,119.41,249.0,117.69
2025-02-06,gym2-2,83861,Unlimited Holofoil,306.41,300.0,356.12,599.0,
2025-02-06,neo1-9,86903,1st Edition Holofoil,887.88,999.99,2952.0,2953.99,
2025-02-06,neo1-9,86903,Unlimited Holofoil,349.06,344.97,375.18,1000.0,
2025-02-06,sl-151-bundle,502000,Normal,64.07,59.99,69.99,200.0,
2025-02-06,sl-151-etb,503313,Normal,174.18,172.0,200.0,4999.99,
2025-02-06,sl-151-upc,502005,Normal,276.91,275.0,302.25,999.99,
2025-02-06,sl-ar-box,265519,Normal,235.44,223.0,260.0,1999.99,
2025-02-06,sl-bs-box,256141,Normal,283.42,280.98,300.0,999.99,
2025-02-06,sl-cel-upc,245140,Normal,399.48,420.0,499.99,1200.0,
2025-02-06,sl-champ-etb,218791,Normal,111.66,103.99,125.95,399.99,
2025-02-06,sl-cz-etb,453470,Normal,106.34,99.99,119.0,1999.99,
2025-02-06,sl-evs-box,242436,Normal,1376.89,1349.0,1721.3,9999.99,
2025-02-06,sl-evs-etb,243721,Normal,447.39,472.0,487.5,989.89,
2025-02-06,sl-fs-box,247654,Normal,452.23,440.89,500.0,1000.0,
2025-02-06,sl-hf-etb,194729,Normal,233.71,248.95,349.0,499.99,
2025-02-06,sl-jp-151,565243,Normal,114.4,108.0,125.0,250.0,
2025-02-06,sl-jp-terastal,603428,Normal,98.15,93.0,100.0,170.0,
2025-02-06,sl-jt-box,610931,Normal,194.78,194.77,207.48,279.99,
2025-02-06,sl-lo-box,277324,Normal,345.4,335.0,399.5,1299.99,
2025-02-06,sl-obf-box,501257,Normal,179.11,174.99,220.0,999.99,
2025-02-06,sl-pe-etb,593355,Normal,110.14,103.96,125.0,300.0,
2025-02-06,sl-pf-etb,528040,Normal,98.82,92.0,105.0,199.99,
2025-02-06,sl-shf-etb,228821,Normal,69.57,64.0,80.0,499.99,
2025-02-06,sl-ss-box,565606,Normal,239.53,240.69,272.5,4999.99,
2025-02-06,sl-st-box,283389,Normal,231.19,225.0,295.0,1248.0,
2025-02-06,sl-tf-box,536225,Normal,169.1,165.0,200.0,333.0,
2025-02-06,sv2-185,497557,Normal,0.2,0.05,0.25,5.74,
2025-02-06,sv2-185,497557,Reverse Holofoil,1.35,0.1,1.0,9.99,0.25
2025-02-06,sv2-254,497669,Holofoil,14.13,10.0,15.99,100.0,17.08
2025-02-06,sv2-269,497689,Holofoil,65.12,60.0,72.35,259.99,
2025-02-06,sv3pt5-151,516566,Holofoil,7.86,4.75,8.53,26.0,10.79
2025-02-06,sv3pt5-199,517045,Holofoil,250.8,214.98,264.95,1925.0,264.95
2025-02-06,sv3pt5-205,517051,Holofoil,15.42,11.97,15.92,100.0,17.49
2025-02-06,sv3pt5-4,502555,Normal,0.12,0.01,0.15,2.37,
2025-02-06,sv3pt5-4,502555,Reverse Holofoil,0.25,0.08,0.26,25.0,0.23
2025-02-06,sv3pt5-6,502558,Holofoil,6.6,3.25,6.13,26.0,5.99
2025-02-06,sv3pt5-7,502548,Normal,0.14,0.01,0.15,15.0,0.13
2025-02-06,sv3pt5-7,502548,Reverse Holofoil,0.18,0.1,0.25,15.0,
2025-02-06,sv4pt5-234,535090,Holofoil,220.42,195.0,229.99,320.0,193.72
2025-02-06,sv4pt5-54,534416,Holofoil,2.51,1.0,2.75,34.99,3.94
2025-02-06,sv8-57,590025,Holofoil,6.03,4.0,7.49,30.0,7.0
2025-02-06,sv8pt5-149,610504,Holofoil,306.91,283.0,306.2,649.0,
2025-02-06,sv8pt5-155,610510,Holofoil,387.86,399.98,449.99,899.0,
2025-02-06,sv8pt5-156,610511,Holofoil,517.75,480.01,599.98,750.0,
2025-02-06,sv8pt5-161,610516,Holofoil,1590.84,1599.99,1774.0,1850.0,
2025-02-06,sv8pt5-167,610522,Holofoil,233.51,221.25,230.0,350.0,
2025-02-06,sv8pt5-179,610534,Holofoil,91.0,84.99,115.0,325.0,
2025-02-06,sv8pt5-28,610383,Holofoil,1.93,1.25,2.04,15.98,
2025-02-06,sv8pt5-47,610402,Normal,0.05,0.01,0.1,1.3,0.05
2025-02-06,sv8pt5-47,610402,Reverse Holofoil,0.11,0.05,0.16,1.12,0.11
2025-02-06,sv8pt5-59,610414,Holofoil,0.35,0.05,0.49,19.99,0.49
2025-02-06,sv8pt5-59,610414,Reverse Holofoil,1.12,0.31,1.4,39.99,1.49
2025-02-06,sv8pt5-60,610415,Holofoil,12.25,10.0,14.0,79.99,
2025-02-06,svp-085,518861,Normal,300.45,278.96,349.98,750.0,334.18
2025-02-06,swsh11-186,284137,Holofoil,659.95,500.0,636.3,1000.0,890.69
2025-02-06,swsh12-186,451834,Holofoil,284.18,245.0,324.97,591.2,317.99
2025-02-06,swsh12pt5gg-GG69,478100,Holofoil,207.77,183.75,237.54,1000.0,234.99
2025-02-06,swsh35-25,223018,Normal,0.1,0.03,0.18,1.49,
2025-02-06,swsh35-25,223018,Reverse Holofoil,0.25,0.09,0.25,2.0,
2025-02-06,swsh35-74,223073,Holofoil,210.76,157.0,242.69,1500.0,242.69
2025-02-06,swsh45sv-SV107,232496,Holofoil,114.26,105.0,124.44,445.06,119.97
2025-02-06,swsh7-204,246693,Holofoil,33.9,24.32,38.5,80.0,54.98
2025-02-06,swsh7-205,246696,Holofoil,416.27,365.0,450.0,699.69,391.5
2025-02-06,swsh7-208,246755,Holofoil,25.84,21.79,34.35,69.99,35.69
2025-02-06,swsh7-209,246756,Holofoil,310.27,299.98,400.0,799.99,423.99
2025-02-06,swsh7-211,246702,Holofoil,42.2,33.61,43.91,99.99,69.68
2025-02-06,swsh7-212,246704,Holofoil,392.77,350.0,499.99,1000.0,499.99
2025-02-06,swsh7-215,246723,Holofoil,1638.66,1398.0,1864.0,2199.99,1864.0
2025-02-06,swsh7-218,246733,Holofoil,691.98,800.0,895.99,1059.8,895.99
2025-02-06,swsh7-41,246753,Holofoil,4.28,2.71,4.3,89.0,6.46
2025-02-06,swsh7-65,246690,Holofoil,8.88,5.19,9.63,500.0,11.08
2025-02-06,swsh7-75,246701,Holofoil,8.71,6.0,8.98,50.0,15.69
2025-02-06,swsh7-8,246691,Holofoil,5.45,3.15,5.69,50.0,8.98
2025-02-06,swsh8-271,253266,Holofoil,744.14,650.0,839.98,1799.0,759.99
2025-02-06,swsh9-154,263873,Holofoil,200.97,190.0,222.5,1500.0,210.96
2025-02-07,base1-15,42355,Holofoil,120.68,75.59,118.65,300.0,
2025-02-07,base1-16,42356,Holofoil,40.1,19.56,34.47,77.99,14.99
2025-02-07,base1-2,42360,Holofoil,174.11,82.5,153.96,246.35,
2025-02-07,base1-4,42382,Holofoil,441.24,265.0,399.99,1249.99,276.25
2025-02-07,base1-58,42402,Normal,3.56,0.5,2.2,9999.0,2.5
2025-02-07,cel25c-4,250320,Holofoil,100.68,92.99,119.68,249.0,117.95
2025-02-07,gym2-2,83861,Unlimited Holofoil,306.41,300.0,356.12,599.0,
2025-02-07,neo1-9,86903,1st Edition Holofoil,887.88,999.99,2949.5,2953.99,
2025-02-07,neo1-9,86903,Unlimited Holofoil,349.06,344.97,375.18,1000.0,
2025-02-07,sl-151-bundle,502000,Normal,65.94,59.99,69.99,200.0,
2025-02-07,sl-151-etb,503313,Normal,175.02,172.0,200.0,4999.99,
2025-02-07,sl-151-upc,502005,Normal,280.48,277.99,307.23,889.99,
2025-02-07,sl-ar-box,265519,Normal,235.24,223.0,262.0,1999.99,
2025-02-07,sl-bs-box,256141,Normal,283.59,280.98,300.0,999.99,
2025-02-07,sl-cel-upc,245140,Normal,401.57,420.0,499.99,1200.0,
2025-02-07,sl-champ-etb,218791,Normal,112.58,100.0,124.98,399.99,
2025-02-07,sl-cz-etb,453470,Normal,108.26,100.0,119.0,1999.99,
2025-02-07,sl-evs-box,242436,Normal,1376.89,1315.0,1742.59,9999.99,
2025-02-07,sl-evs-etb,243721,Normal,447.39,455.0,484.99,989.89,
2025-02-07,sl-fs-box,247654,Normal,451.62,439.89,499.99,1000.0,
2025-02-07,sl-hf-etb,194729,Normal,233.71,248.95,300.0,499.99,
2025-02-07,sl-jp-151,565243,Normal,115.86,108.0,125.0,250.0,
2025-02-07,sl-jp-terastal,603428,Normal,99.22,93.0,101.56,170.0,
2025-02-07,sl-jt-box,610931,Normal,194.48,194.0,199.36,279.99,
2025-02-07,sl-lo-box,277324,Normal,343.96,333.99,397.99,1299.99,
2025-02-07,sl-obf-box,501257,Normal,179.59,177.29,220.0,999.99,
2025-02-07,sl-pe-etb,593355,Normal,110.05,100.0,125.0,300.0,
2025-02-07,sl-pf-etb,528040,Normal,98.94,92.0,106.24,209.98,
2025-02-07,sl-shf-etb,228821,Normal,70.26,64.99,80.0,499.99,
2025-02-07,sl-ss-box,565606,Normal,245.52,240.69,270.0,4999.99,
2025-02-07,sl-st-box,283389,Normal,229.02,220.0,292.5,1248.0,
2025-02-07,sl-tf-box,536225,Normal,168.96,168.94,200.0,339.98,
2025-02-07,sv2-185,497557,Normal,0.3,0.11,0.25,5.74,
2025-02-07,sv2-185,497557,Reverse Holofoil,1.48,0.1,1.0,9.99,3.0
2025-02-07,sv2-254,497669,Holofoil,14.33,10.0,16.0,100.0,12.99
2025-02-07,sv2-269,497689,Holofoil,65.98,60.0,71.99,259.99,65.98
2025-02-07,sv3pt5-151,516566,Holofoil,8.45,4.75,8.49,26.0,8.95
2025-02-07,sv3pt5-199,517045,Holofoil,252.41,230.8,261.14,1925.0,289.98
2025-02-07,sv3pt5-205,517051,Holofoil,15.27,11.97,15.6,100.0,15.34
2025-02-07,sv3pt5-4,502555,Normal,0.1,0.01,0.15,3.99,
2025-02-07,sv3pt5-4,502555,Reverse Holofoil,0.24,0.08,0.27,25.0,
2025-02-07,sv3pt5-6,502558,Holofoil,6.61,3.25,6.25,26.0,4.5
2025-02-07,sv3pt5-7,502548,Normal,0.14,0.01,0.15,15.0,
2025-02-07,sv3pt5-7,502548,Reverse Holofoil,0.2,0.09,0.25,15.0,
2025-02-07,sv4pt5-234,535090,Holofoil,220.21,193.72,228.49,320.0,193.72
2025-02-07,sv4pt5-54,534416,Holofoil,2.5,1.0,2.71,34.99,2.46
2025-02-07,sv8-57,590025,Holofoil,7.12,4.0,7.49,30.0,8.2
2025-02-07,sv8pt5-149,610504,Holofoil,306.91,279.99,305.0,649.0,
2025-02-07,sv8pt5-155,610510,Holofoil,390.69,395.0,439.0,899.0,
2025-02-07,sv8pt5-156,610511,Holofoil,519.71,450.0,599.98,750.0,599.95
2025-02-07,sv8pt5-161,610516,Holofoil,1525.2,1649.99,1799.0,1850.0,
2025-02-07,sv8pt5-167,610522,Holofoil,233.51,221.25,230.7,350.0,
2025-02-07,sv8pt5-179,610534,Holofoil,88.62,94.72,121.35,325.0,
2025-02-07,sv8pt5-28,610383,Holofoil,2.0,1.25,2.01,15.98,
2025-02-07,sv8pt5-47,610402,Normal,0.05,0.01,0.1,3.99,0.05
2025-02-07,sv8pt5-47,610402,Reverse Holofoil,0.1,0.04,0.17,3.99,0.11
2025-02-07,sv8pt5-59,610414,Holofoil,0.35,0.05,0.46,19.99,0.54
2025-02-07,sv8pt5-59,610414,Reverse Holofoil,1.09,0.31,1.36,39.99,
2025-02-07,sv8pt5-60,610415,Holofoil,11.26,8.0,14.0,79.99,
2025-02-07,svp-085,518861,Normal,301.77,278.96,349.98,750.0,278.96
2025-02-07,swsh11-186,284137,Holofoil,668.4,500.0,638.7,1000.0,890.69
2025-02-07,swsh12-186,451834,Holofoil,284.82,244.99,324.95,591.2,317.99
2025-02-07,swsh12pt5gg-GG69,478100,Holofoil,204.79,180.0,239.73,1000.0,235.2
2025-02-07,swsh35-25,223018,Normal,0.1,0.03,0.18,1.49,0.07
2025-02-07,swsh35-25,223018,Reverse Holofoil,0.25,0.09,0.25,2.0,
2025-02-07,swsh35-74,223073,Holofoil,210.76,157.0,242.69,1500.0,242.69
2025-02-07,swsh45sv-SV107,232496,Holofoil,114.23,105.0,124.44,445.06,119.97
2025-02-07,swsh7-204,246693,Holofoil,33.9,25.2,37.87,80.0,54.98
2025-02-07,swsh7-205,246696,Holofoil,418.27,365.0,470.0,699.69,492.95
2025-02-07,swsh7-208,246755,Holofoil,26.09,21.79,35.69,69.99,35.69
2025-02-07,swsh7-209,246756,Holofoil,319.63,299.98,423.95,799.99,423.95
2025-02-07,swsh7-211,246702,Holofoil,42.32,33.61,43.48,94.99,69.68
2025-02-07,swsh7-212,246704,Holofoil,395.96,349.72,499.95,1000.0,499.94
2025-02-07,swsh7-215,246723,Holofoil,1674.86,1398.0,1879.99,2199.99,1864.0
2025-02-07,swsh7-218,246733,Holofoil,703.98,800.0,895.99,1052.35,895.95
2025-02-07,swsh7-41,246753,Holofoil,4.09,2.99,4.34,89.0,4.87
2025-02-07,swsh7-65,246690,Holofoil,8.37,5.19,9.52,500.0,9.0
2025-02-07,swsh7-75,246701,Holofoil,8.03,6.0,8.94,50.0,13.89
2025-02-07,swsh7-8,246691,Holofoil,5.19,3.15,5.63,50.0,6.53
2025-02-07,swsh8-271,253266,Holofoil,744.14,600.0,839.98,1799.0,755.83
2025-02-07,swsh9-154,263873,Holofoil,202.16,190.0,220.0,1500.0,210.96
2025-02-08,base1-15,42355,Holofoil,120.6,75.59,115.9,300.0,
2025-02-08,base1-16,42356,Holofoil,39.96,19.56,33.33,77.99,35.0
2025-02-08,base1-2,42360,Holofoil,174.08,82.5,154.01,247.32,
2025-02-08,base1-4,42382,Holofoil,441.24,265.0,399.99,1249.99,274.99
2025-02-08,base1-58,42402,Normal,3.56,0.55,2.29,9999.0,2.51
2025-02-08,cel25c-4,250320,Holofoil,102.02,93.59,119.91,249.0,95.9
2025-02-08,gym2-2,83861,Unlimited Holofoil,306.41,300.0,356.12,599.0,
2025-02-08,neo1-9,86903,1st Edition Holofoil,887.88,999.99,2949.5,2953.99,
2025-02-08,neo1-9,86903,Unlimited Holofoil,349.06,344.97,374.99,500.0,
2025-02-08,sl-151-bundle,502000,Normal,63.95,60.0,70.0,200.0,
2025-02-08,sl-151-etb,503313,Normal,176.16,174.45,200.0,4999.99,
2025-02-08,sl-151-upc,502005,Normal,283.49,270.0,309.95,889.99,
2025-02-08,sl-ar-box,265519,Normal,234.61,223.0,264.0,1999.99,
2025-02-08,sl-bs-box,256141,Normal,284.27,280.98,300.0,999.99,
2025-02-08,sl-cel-upc,245140,Normal,401.57,414.01,499.95,1200.0,
2025-02-08,sl-champ-etb,218791,Normal,112.31,103.99,125.97,399.99,
2025-02-08,sl-cz-etb,453470,Normal,109.9,101.97,119.99,1999.99,
2025-02-08,sl-evs-box,242436,Normal,1376.89,1305.0,1700.0,9999.99,
2025-02-08,sl-evs-etb,243721,Normal,447.39,455.0,483.5,989.89,
2025-02-08,sl-fs-box,247654,Normal,450.5,439.89,499.99,1000.0,
2025-02-08,sl-hf-etb,194729,Normal,234.55,248.95,300.0,499.99,
2025-02-08,sl-jp-151,565243,Normal,112.39,101.0,125.0,250.0,
2025-02-08,sl-jp-terastal,603428,Normal,97.95,93.0,105.0,170.0,
2025-02-08,sl-jt-box,610931,Normal,194.09,193.99,199.99,279.99,
2025-02-08,sl-lo-box,277324,Normal,341.04,315.0,399.99,1299.99,
2025-02-08,sl-obf-box,501257,Normal,181.04,177.29,220.0,999.99,
2025-02-08,sl-pe-etb,593355,Normal,109.8,105.0,125.0,2000.0,
2025-02-08,sl-pf-etb,528040,Normal,100.71,93.0,105.62,209.98,
2025-02-08,sl-shf-etb,228821,Normal,71.22,64.99,80.0,499.99,
2025-02-08,sl-ss-box,565606,Normal,244.82,240.69,270.0,4999.99,
2025-02-08,sl-st-box,283389,Normal,228.93,220.0,289.99,1248.0,
2025-02-08,sl-tf-box,536225,Normal,169.56,168.91,200.0,339.98,
2025-02-08,sv2-185,497557,Normal,0.23,0.15,0.26,5.74,
2025-02-08,sv2-185,497557,Reverse Holofoil,1.28,0.16,1.0,9.99,
2025-02-08,sv2-254,497669,Holofoil,14.87,11.69,15.95,100.0,19.98
2025-02-08,sv2-269,497689,Holofoil,64.84,60.0,71.97,259.99,
2025-02-08,sv3pt5-151,516566,Holofoil,8.02,4.75,8.49,26.0,13.23
2025-02-08,sv3pt5-199,517045,Holofoil,252.36,230.8,289.98,1925.0,
2025-02-08,sv3pt5-205,517051,Holofoil,14.23,10.99,15.51,100.0,15.75
2025-02-08,sv3pt5-4,502555,Normal,0.1,0.01,0.15,3.99,
2025-02-08,sv3pt5-4,502555,Reverse Holofoil,0.26,0.12,0.26,25.0,
2025-02-08,sv3pt5-6,502558,Holofoil,6.27,4.0,6.2,26.0,9.98
2025-02-08,sv3pt5-7,502548,Normal,0.14,0.01,0.15,15.0,
2025-02-08,sv3pt5-7,502548,Reverse Holofoil,0.21,0.1,0.25,15.0,
2025-02-08,sv4pt5-234,535090,Holofoil,219.68,194.98,227.0,320.0,299.99
2025-02-08,sv4pt5-54,534416,Holofoil,2.55,1.0,2.7,34.99,3.45
2025-02-08,sv8-57,590025,Holofoil,6.53,4.0,7.5,30.0,8.2
2025-02-08,sv8pt5-149,610504,Holofoil,306.55,275.0,306.2,649.0,
2025-02-08,sv8pt5-155,610510,Holofoil,401.44,397.49,499.0,899.0,
2025-02-08,sv8pt5-156,610511,Holofoil,524.99,450.0,599.95,750.0,
2025-02-08,sv8pt5-161,610516,Holofoil,1584.56,1570.0,1650.0,1850.0,
2025-02-08,sv8pt5-167,610522,Holofoil,233.51,220.0,229.5,350.0,
2025-02-08,sv8pt5-179,610534,Holofoil,87.51,88.49,116.12,325.0,
2025-02-08,sv8pt5-28,610383,Holofoil,1.77,1.4,2.0,15.98,
2025-02-08,sv8pt5-47,610402,Normal,0.06,0.01,0.1,3.99,0.06
2025-02-08,sv8pt5-47,610402,Reverse Holofoil,0.1,0.04,0.16,3.99,0.1
2025-02-08,sv8pt5-59,610414,Holofoil,0.3,0.05,0.45,19.99,
2025-02-08,sv8pt5-59,610414,Reverse Holofoil,1.06,0.49,1.28,39.99,
2025-02-08,sv8pt5-60,610415,Holofoil,11.89,8.0,13.99,79.99,
2025-02-08,svp-085,518861,Normal,310.69,278.96,349.98,750.0,334.18
2025-02-08,swsh11-186,284137,Holofoil,671.33,490.0,650.0,900.0,890.0
2025-02-08,swsh12-186,451834,Holofoil,286.49,245.0,324.99,591.2,317.99
2025-02-08,swsh12pt5gg-GG69,478100,Holofoil,207.55,180.0,230.72,499.99,229.98
2025-02-08,swsh35-25,223018,Normal,0.1,0.03,0.18,1.49,0.07
2025-02-08,swsh35-25,223018,Reverse Holofoil,0.25,0.09,0.25,2.0,
2025-02-08,swsh35-74,223073,Holofoil,205.61,157.0,242.69,1500.0,242.69
2025-02-08,swsh45sv-SV107,232496,Holofoil,114.66,105.0,124.68,445.06,119.97
2025-02-08,swsh7-204,246693,Holofoil,33.9,25.2,36.68,80.0,33.9
2025-02-08,swsh7-205,246696,Holofoil,418.27,365.0,475.05,699.69,492.95
2025-02-08,swsh7-208,246755,Holofoil,26.09,21.79,33.0,69.99,35.69
2025-02-08,swsh7-209,246756,Holofoil,319.63,299.98,411.98,799.99,423.95
2025-02-08,swsh7-211,246702,Holofoil,42.52,33.61,43.95,99.99,69.68
2025-02-08,swsh7-212,246704,Holofoil,401.47,349.72,480.06,799.99,499.94
2025-02-08,swsh7-215,246723,Holofoil,1681.58,1398.0,1879.99,2199.99,2199.99
2025-02-08,swsh7-218,246733,Holofoil,703.98,796.01,895.95,1056.56,895.69
2025-02-08,swsh7-41,246753,Holofoil,3.94,2.98,4.46,89.0,4.87
2025-02-08,swsh7-65,246690,Holofoil,8.59,5.19,9.52,500.0,11.0
2025-02-08,swsh7-75,246701,Holofoil,8.49,6.0,8.97,50.0,15.69
2025-02-08,swsh7-8,246691,Holofoil,5.33,3.15,5.51,50.0,6.53
2025-02-08,swsh8-271,253266,Holofoil,744.8,599.95,839.99,1799.0,757.02
2025-02-08,swsh9-154,263873,Holofoil,202.16,186.0,215.09,1500.0,208.73
2025-02-09,base1-15,42355,Holofoil,119.81,74.8,115.77,300.0,
2025-02-09,base1-16,42356,Holofoil,40.16,19.56,33.33,77.99,49.97
2025-02-09,base1-2,42360,Holofoil,174.08,74.96,140.87,248.18,
2025-02-09,base1-4,42382,Holofoil,441.24,270.0,400.68,1249.99,
2025-02-09,base1-58,42402,Normal,3.55,0.5,2.19,9999.0,2.51
2025-02-09,cel25c-4,250320,Holofoil,102.71,95.0,119.95,195.24,119.41
2025-02-09,gym2-2,83861,Unlimited Holofoil,306.41,300.0,356.12,599.0,
2025-02-09,neo1-9,86903,1st Edition Holofoil,943.94,716.26,2950.0,2953.99,
2025-02-09,neo1-9,86903,Unlimited Holofoil,349.06,344.97,374.99,500.0,
2025-02-09,sl-151-bundle,502000,Normal,63.39,60.0,70.0,200.0,
2025-02-09,sl-151-etb,503313,Normal,178.76,174.99,200.0,4999.99,
2025-02-09,sl-151-upc,502005,Normal,283.54,276.0,304.5,999.9,
2025-02-09,sl-ar-box,265519,Normal,234.61,223.0,264.0,1999.99,
2025-02-09,sl-bs-box,256141,Normal,285.59,275.99,300.0,999.99,
2025-02-09,sl-cel-upc,245140,Normal,401.57,414.01,494.98,1200.0,
2025-02-09,sl-champ-etb,218791,Normal,113.05,104.5,125.95,399.99,
2025-02-09,sl-cz-etb,453470,Normal,111.11,101.97,119.99,1999.99,
2025-02-09,sl-evs-box,242436,Normal,1373.33,1299.99,1700.0,9999.99,
2025-02-09,sl-evs-etb,243721,Normal,447.39,455.0,484.99,989.89,
2025-02-09,sl-fs-box,247654,Normal,449.53,431.99,499.99,1000.0,
2025-02-09,sl-hf-etb,194729,Normal,235.35,248.95,349.0,499.99,
2025-02-09,sl-jp-151,565243,Normal,118.51,101.0,125.0,250.0,
2025-02-09,sl-jp-terastal,603428,Normal,98.19,93.0,105.0,170.0,
2025-02-09,sl-jt-box,610931,Normal,194.23,193.95,199.99,279.99,
2025-02-09,sl-lo-box,277324,Normal,339.91,334.99,399.99,1299.99,
2025-02-09,sl-obf-box,501257,Normal,182.21,175.0,221.5,999.99,
2025-02-09,sl-pe-etb,593355,Normal,113.86,104.83,125.99,999.0,
2025-02-09,sl-pf-etb,528040,Normal,102.03,93.0,106.24,209.98,
2025-02-09,sl-shf-etb,228821,Normal,70.98,64.99,83.69,499.99,
2025-02-09,sl-ss-box,565606,Normal,245.01,240.69,269.99,4999.99,
2025-02-09,sl-st-box,283389,Normal,228.23,225.0,285.0,1248.0,
2025-02-09,sl-tf-box,536225,Normal,170.24,168.69,200.0,339.98,
2025-02-09,sv2-185,497557,Normal,0.23,0.14,0.26,5.74,
2025-02-09,sv2-185,497557,Reverse Holofoil,1.25,0.18,1.0,9.99,
2025-02-09,sv2-254,497669,Holofoil,14.74,10.0,16.0,100.0,19.98
2025-02-09,sv2-269,497689,Holofoil,65.57,60.0,71.35,259.99,
2025-02-09,sv3pt5-151,516566,Holofoil,7.04,4.75,8.45,26.0,8.52
2025-02-09,sv3pt5-199,517045,Holofoil,253.16,230.0,297.49,1925.0,
2025-02-09,sv3pt5-205,517051,Holofoil,13.28,11.06,15.47,100.0,15.02
2025-02-09,sv3pt5-4,502555,Normal,0.1,0.01,0.15,3.99,
2025-02-09,sv3pt5-4,502555,Reverse Holofoil,0.26,0.1,0.27,25.0,
2025-02-09,sv3pt5-6,502558,Holofoil,6.24,4.0,6.25,26.0,9.99
2025-02-09,sv3pt5-7,502548,Normal,0.13,0.01,0.15,15.0,
2025-02-09,sv3pt5-7,502548,Reverse Holofoil,0.23,0.1,0.25,15.0,
2025-02-09,sv4pt5-234,535090,Holofoil,217.69,194.98,229.0,320.0,299.99
2025-02-09,sv4pt5-54,534416,Holofoil,2.66,1.0,2.72,34.99,3.95
2025-02-09,sv8-57,590025,Holofoil,6.69,4.0,7.5,30.0,8.11
2025-02-09,sv8pt5-149,610504,Holofoil,306.39,270.0,306.73,649.0,
2025-02-09,sv8pt5-155,610510,Holofoil,402.18,397.49,500.0,899.0,
2025-02-09,sv8pt5-156,610511,Holofoil,522.94,450.0,599.98,750.0,
2025-02-09,sv8pt5-161,610516,Holofoil,1584.56,1529.0,1649.0,1850.0,
2025-02-09,sv8pt5-167,610522,Holofoil,244.37,218.0,227.0,300.0,
2025-02-09,sv8pt5-179,610534,Holofoil,87.45,90.0,116.12,325.0,
2025-02-09,sv8pt5-28,610383,Holofoil,1.98,1.4,2.0,15.98,
2025-02-09,sv8pt5-47,610402,Normal,0.07,0.01,0.1,3.99,0.06
2025-02-09,sv8pt5-47,610402,Reverse Holofoil,0.09,0.04,0.15,3.99,0.1
2025-02-09,sv8pt5-59,610414,Holofoil,0.4,0.05,0.45,19.99,
2025-02-09,sv8pt5-59,610414,Reverse Holofoil,1.25,0.5,1.99,39.99,
2025-02-09,sv8pt5-60,610415,Holofoil,11.83,9.99,13.99,79.99,
2025-02-09,svp-085,518861,Normal,312.69,278.96,399.98,750.0,334.68
2025-02-09,swsh11-186,284137,Holofoil,671.33,481.75,668.67,900.0,889.94
2025-02-09,swsh12-186,451834,Holofoil,285.56,245.0,325.0,591.2,317.95
2025-02-09,swsh12pt5gg-GG69,478100,Holofoil,205.56,183.5,235.28,499.99,229.98
2025-02-09,swsh35-25,223018,Normal,0.08,0.03,0.19,1.49,
2025-02-09,swsh35-25,223018,Reverse Holofoil,0.25,0.09,0.25,2.0,
2025-02-09,swsh35-74,223073,Holofoil,205.61,157.0,242.69,1500.0,242.68
2025-02-09,swsh45sv-SV107,232496,Holofoil,114.86,89.09,124.97,445.06,119.96
2025-02-09,swsh7-204,246693,Holofoil,33.9,25.2,36.54,80.0,33.9
2025-02-09,swsh7-205,246696,Holofoil,425.06,365.0,489.99,699.69,492.95
2025-02-09,swsh7-208,246755,Holofoil,26.09,21.79,33.0,69.99,35.69
2025-02-09,swsh7-209,246756,Holofoil,334.47,299.98,423.99,799.99,423.95
2025-02-09,swsh7-211,246702,Holofoil,42.53,33.61,44.14,99.99,69.68
2025-02-09,swsh7-212,246704,Holofoil,408.66,350.0,480.91,799.99,499.94
2025-02-09,swsh7-215,246723,Holofoil,1681.58,1398.0,1893.94,2199.99,2199.95
2025-02-09,swsh7-218,246733,Holofoil,703.98,780.0,895.69,1060.13,895.68
2025-02-09,swsh7-41,246753,Holofoil,3.97,3.0,4.46,19.99,5.02
2025-02-09,swsh7-65,246690,Holofoil,8.88,5.19,9.54,500.0,11.04
2025-02-09,swsh7-75,246701,Holofoil,8.74,6.0,9.08,50.0,15.95
2025-02-09,swsh7-8,246691,Holofoil,4.85,3.15,5.51,50.0,6.23
2025-02-09,swsh8-271,253266,Holofoil,744.8,649.99,839.99,1799.0,796.35
2025-02-09,swsh9-154,263873,Holofoil,200.29,190.0,217.95,1500.0,210.96
2025-02-10,base1-15,42355,Holofoil,119.81,74.8,115.67,300.0,
2025-02-10,base1-16,42356,Holofoil,39.42,19.56,33.33,77.99,49.97
2025-02-10,base1-2,42360,Holofoil,174.08,74.96,140.87,247.59,
2025-02-10,base1-4,42382,Holofoil,441.24,270.0,400.68,1249.99,
2025-02-10,base1-58,42402,Normal,3.77,0.5,2.18,9999.0,2.51
2025-02-10,cel25c-4,250320,Holofoil,104.16,95.0,119.95,195.24,119.41
2025-02-10,gym2-2,83861,Unlimited Holofoil,306.41,300.0,356.12,599.0,
2025-02-10,neo1-9,86903,1st Edition Holofoil,943.94,716.26,2950.0,2953.99,
2025-02-10,neo1-9,86903,Unlimited Holofoil,349.06,344.97,374.99,500.0,
2025-02-10,sl-151-bundle,502000,Normal,66.06,61.99,71.89,200.0,
2025-02-10,sl-151-etb,503313,Normal,179.16,175.0,200.0,4999.99,
2025-02-10,sl-151-upc,502005,Normal,284.14,283.49,309.95,999.99,
2025-02-10,sl-ar-box,265519,Normal,234.61,223.0,260.0,1999.99,
2025-02-10,sl-bs-box,256141,Normal,285.69,275.99,300.0,999.99,
2025-02-10,sl-cel-upc,245140,Normal,401.57,414.01,494.98,1200.0,
2025-02-10,sl-champ-etb,218791,Normal,114.25,100.0,127.49,399.99,
2025-02-10,sl-cz-etb,453470,Normal,110.27,101.99,120.0,1999.99,
2025-02-10,sl-evs-box,242436,Normal,1369.49,1278.29,1700.0,9999.99,
2025-02-10,sl-evs-etb,243721,Normal,447.39,445.0,483.47,989.89,
2025-02-10,sl-fs-box,247654,Normal,448.11,430.99,499.99,1000.0,
2025-02-10,sl-hf-etb,194729,Normal,238.86,269.99,349.0,499.99,
2025-02-10,sl-jp-151,565243,Normal,120.83,115.0,129.97,250.0,
2025-02-10,sl-jp-terastal,603428,Normal,100.78,95.0,105.67,170.0,
2025-02-10,sl-jt-box,610931,Normal,194.32,193.99,199.99,279.99,
2025-02-10,sl-lo-box,277324,Normal,339.82,334.99,400.0,1299.99,
2025-02-10,sl-obf-box,501257,Normal,184.97,175.0,221.5,999.99,
2025-02-10,sl-pe-etb,593355,Normal,115.82,110.0,129.36,999.0,
2025-02-10,sl-pf-etb,528040,Normal,103.17,93.0,108.46,209.98,
2025-02-10,sl-shf-etb,228821,Normal,74.4,64.99,87.63,499.99,
2025-02-10,sl-ss-box,565606,Normal,246.07,240.0,272.5,4999.99,
2025-02-10,sl-st-box,283389,Normal,229.62,225.0,289.99,1248.0,
2025-02-10,sl-tf-box,536225,Normal,169.26,168.51,200.0,339.98,
2025-02-10,sv2-185,497557,Normal,0.28,0.11,0.26,5.74,0.15
2025-02-10,sv2-185,497557,Reverse Holofoil,0.8,0.25,0.99,9.99,0.79
2025-02-10,sv2-254,497669,Holofoil,15.54,12.0,16.0,100.0,23.78
2025-02-10,sv2-269,497689,Holofoil,65.44,58.82,71.0,259.99,65.98
2025-02-10,sv3pt5-151,516566,Holofoil,6.93,1.7,8.29,26.0,12.82
2025-02-10,sv3pt5-199,517045,Holofoil,253.09,232.0,284.89,1925.0,279.99
2025-02-10,sv3pt5-205,517051,Holofoil,13.95,11.97,15.47,100.0,19.0
2025-02-10,sv3pt5-4,502555,Normal,0.11,0.01,0.15,3.99,
2025-02-10,sv3pt5-4,502555,Reverse Holofoil,0.27,0.1,0.27,25.0,
2025-02-10,sv3pt5-6,502558,Holofoil,5.91,4.0,6.28,26.0,8.69
2025-02-10,sv3pt5-7,502548,Normal,0.13,0.01,0.15,15.0,0.12
2025-02-10,sv3pt5-7,502548,Reverse Holofoil,0.2,0.1,0.25,15.0,0.1
2025-02-10,sv4pt5-234,535090,Holofoil,214.65,194.98,229.99,320.0,299.99
2025-02-10,sv4pt5-54,534416,Holofoil,2.91,1.0,2.88,34.99,3.94
2025-02-10,sv8-57,590025,Holofoil,6.62,4.77,7.5,30.0,7.0
2025-02-10,sv8pt5-149,610504,Holofoil,306.39,275.0,306.55,649.0,303.33
2025-02-10,sv8pt5-155,610510,Holofoil,402.18,345.0,474.5,899.0,
2025-02-10,sv8pt5-156,610511,Holofoil,520.9,450.0,522.94,750.0,550.0
2025-02-10,sv8pt5-161,610516,Holofoil,1579.0,1499.99,1724.0,2118.75,2118.75
2025-02-10,sv8pt5-167,610522,Holofoil,244.37,217.72,221.25,300.0,
2025-02-10,sv8pt5-179,610534,Holofoil,87.71,87.0,115.52,325.0,
2025-02-10,sv8pt5-28,610383,Holofoil,1.87,1.3,2.0,15.98,
2025-02-10,sv8pt5-47,610402,Normal,0.07,0.01,0.1,3.99,0.06
2025-02-10,sv8pt5-47,610402,Reverse Holofoil,0.09,0.04,0.15,3.99,0.09
2025-02-10,sv8pt5-59,610414,Holofoil,0.53,0.04,0.47,19.99,
2025-02-10,sv8pt5-59,610414,Reverse Holofoil,1.3,0.99,1.99,39.99,1.0
2025-02-10,sv8pt5-60,610415,Holofoil,12.5,11.0,13.84,79.99,
2025-02-10,svp-085,518861,Normal,312.69,314.96,375.0,750.0,334.68
2025-02-10,swsh11-186,284137,Holofoil,671.33,481.75,671.33,999.69,885.0
2025-02-10,swsh12-186,451834,Holofoil,285.56,245.0,325.0,591.2,317.95
2025-02-10,swsh12pt5gg-GG69,478100,Holofoil,207.55,199.99,237.63,499.99,229.98
2025-02-10,swsh35-25,223018,Normal,0.09,0.03,0.18,1.49,
2025-02-10,swsh35-25,223018,Reverse Holofoil,0.26,0.09,0.26,2.0,
2025-02-10,swsh35-74,223073,Holofoil,205.61,157.0,242.69,1500.0,242.68
2025-02-10,swsh45sv-SV107,232496,Holofoil,115.32,89.09,124.97,445.06,119.99
2025-02-10,swsh7-204,246693,Holofoil,33.89,25.2,36.49,80.0,54.98
2025-02-10,swsh7-205,246696,Holofoil,425.06,365.0,492.95,699.69,492.95
2025-02-10,swsh7-208,246755,Holofoil,26.02,21.79,32.5,69.99,35.69
2025-02-10,swsh7-209,246756,Holofoil,339.42,299.98,424.28,799.99,423.95
2025-02-10,swsh7-211,246702,Holofoil,42.53,33.61,44.52,99.99,67.05
2025-02-10,swsh7-212,246704,Holofoil,418.23,349.99,480.06,799.99,499.94
2025-02-10,swsh7-215,246723,Holofoil,1681.58,1398.0,1888.88,2199.99,2199.95
2025-02-10,swsh7-218,246733,Holofoil,703.98,780.0,895.68,1085.99,895.68
2025-02-10,swsh7-41,246753,Holofoil,3.86,3.0,4.47,19.99,5.02
2025-02-10,swsh7-65,246690,Holofoil,8.86,5.19,9.52,500.0,10.56
2025-02-10,swsh7-75,246701,Holofoil,9.09,6.48,9.22,50.0,15.69
2025-02-10,swsh7-8,246691,Holofoil,4.73,3.15,5.38,50.0,6.22
2025-02-10,swsh8-271,253266,Holofoil,744.8,649.99,830.0,1799.0,773.84
2025-02-10,swsh9-154,263873,Holofoil,199.98,194.0,218.56,1500.0,210.96
2025-02-11,base1-15,42355,Holofoil,119.81,74.8,117.25,300.0,
2025-02-11,base1-16,42356,Holofoil,39.42,19.75,35.5,77.99,49.95
2025-02-11,base1-2,42360,Holofoil,174.08,74.96,137.75,245.38,
2025-02-11,base1-4,42382,Holofoil,441.24,270.0,399.99,1249.99,
2025-02-11,base1-58,42402,Normal,3.75,0.5,2.21,9999.0,2.51
2025-02-11,cel25c-4,250320,Holofoil,105.69,95.0,119.99,250.0,119.41
2025-02-11,gym2-2,83861,Unlimited Holofoil,306.41,300.0,356.12,599.0,
2025-02-11,neo1-9,86903,1st Edition Holofoil,943.94,716.26,2950.0,2953.99,
2025-02-11,neo1-9,86903,Unlimited Holofoil,349.06,344.97,374.99,500.0,
2025-02-11,sl-151-bundle,502000,Normal,64.2,56.99,72.0,200.0,
2025-02-11,sl-151-etb,503313,Normal,180.92,180.0,205.01,4999.99,
2025-02-11,sl-151-upc,502005,Normal,286.16,287.95,320.0,999.99,
2025-02-11,sl-ar-box,265519,Normal,232.73,205.0,264.0,1999.99,
2025-02-11,sl-bs-box,256141,Normal,285.99,275.0,300.0,999.99,
2025-02-11,sl-cel-upc,245140,Normal,402.37,414.01,499.95,1200.0,
2025-02-11,sl-champ-etb,218791,Normal,111.77,100.0,132.48,399.99,
2025-02-11,sl-cz-etb,453470,Normal,110.2,101.99,119.99,1999.99,
2025-02-11,sl-evs-box,242436,Normal,1369.49,1250.0,1700.0,9999.99,
2025-02-11,sl-evs-etb,243721,Normal,447.19,455.0,484.99,989.89,
2025-02-11,sl-fs-box,247654,Normal,448.35,439.9,500.0,1000.0,
2025-02-11,sl-hf-etb,194729,Normal,238.86,259.99,299.95,499.99,
2025-02-11,sl-jp-151,565243,Normal,123.01,116.99,134.95,250.0,
2025-02-11,sl-jp-terastal,603428,Normal,101.27,94.99,104.0,170.0,
2025-02-11,sl-jt-box,610931,Normal,193.27,193.84,199.99,279.99,
2025-02-11,sl-lo-box,277324,Normal,339.16,325.0,399.99,1299.99,
2025-02-11,sl-obf-box,501257,Normal,185.0,174.5,221.5,999.99,
2025-02-11,sl-pe-etb,593355,Normal,115.35,104.01,129.0,999.0,
2025-02-11,sl-pf-etb,528040,Normal,102.92,93.99,106.53,209.98,
2025-02-11,sl-shf-etb,228821,Normal,74.96,64.99,86.0,499.99,
2025-02-11,sl-ss-box,565606,Normal,244.91,240.0,277.47,4999.99,
2025-02-11,sl-st-box,283389,Normal,232.05,230.1,299.99,1248.0,
2025-02-11,sl-tf-box,536225,Normal,168.7,168.44,200.0,339.98,
2025-02-11,sv2-185,497557,Normal,0.27,0.08,0.28,5.74,
2025-02-11,sv2-185,497557,Reverse Holofoil,0.77,0.25,0.98,9.99,2.75
2025-02-11,sv2-254,497669,Holofoil,15.45,12.63,16.0,100.0,23.78
2025-02-11,sv2-269,497689,Holofoil,64.74,55.0,71.37,259.99,67.01
2025-02-11,sv3pt5-151,516566,Holofoil,7.65,3.0,8.43,26.0,11.55
2025-02-11,sv3pt5-199,517045,Holofoil,252.08,219.95,291.23,1925.0,279.96
2025-02-11,sv3pt5-205,517051,Holofoil,14.12,11.0,15.47,100.0,17.1
2025-02-11,sv3pt5-4,502555,Normal,0.13,0.01,0.15,3.99,
2025-02-11,sv3pt5-4,502555,Reverse Holofoil,0.25,0.09,0.27,25.0,
2025-02-11,sv3pt5-6,502558,Holofoil,5.79,4.0,6.18,26.0,8.69
2025-02-11,sv3pt5-7,502548,Normal,0.14,0.01,0.15,15.0,
2025-02-11,sv3pt5-7,502548,Reverse Holofoil,0.19,0.1,0.25,15.0,
2025-02-11,sv4pt5-234,535090,Holofoil,211.73,199.99,228.75,320.0,240.0
2025-02-11,sv4pt5-54,534416,Holofoil,3.06,1.0,2.99,34.99,3.94
2025-02-11,sv8-57,590025,Holofoil,6.72,4.77,7.5,30.0,7.55
2025-02-11,sv8pt5-149,610504,Holofoil,304.77,275.0,306.55,649.0,
2025-02-11,sv8pt5-155,610510,Holofoil,396.22,345.0,499.5,899.0,
2025-02-11,sv8pt5-156,610511,Holofoil,515.96,450.0,562.48,650.0,
2025-02-11,sv8pt5-161,610516,Holofoil,1575.0,1529.0,1799.0,2118.75,1799.0
2025-02-11,sv8pt5-167,610522,Holofoil,244.37,218.0,225.0,300.0,
2025-02-11,sv8pt5-179,610534,Holofoil,88.47,85.0,116.23,325.0,
2025-02-11,sv8pt5-28,610383,Holofoil,1.98,1.25,2.0,15.98,
2025-02-11,sv8pt5-47,610402,Normal,0.07,0.01,0.1,3.99,0.06
2025-02-11,sv8pt5-47,610402,Reverse Holofoil,0.09,0.04,0.15,3.99,0.08
2025-02-11,sv8pt5-59,610414,Holofoil,0.36,0.04,0.5,19.99,
2025-02-11,sv8pt5-59,610414,Reverse Holofoil,1.3,0.5,1.84,39.99,
2025-02-11,sv8pt5-60,610415,Holofoil,11.25,10.53,13.73,79.99,11.87
2025-02-11,svp-085,518861,Normal,316.17,314.96,387.49,750.0,334.66
2025-02-11,swsh11-186,284137,Holofoil,681.11,361.64,671.33,999.69,885.0
2025-02-11,swsh12-186,451834,Holofoil,285.82,245.0,324.99,591.2,317.9
2025-02-11,swsh12pt5gg-GG69,478100,Holofoil,210.3,167.91,230.15,499.99,220.95
2025-02-11,swsh35-25,223018,Normal,0.09,0.03,0.15,1.49,
2025-02-11,swsh35-25,223018,Reverse Holofoil,0.27,0.09,0.26,2.0,
2025-02-11,swsh35-74,223073,Holofoil,203.89,157.0,242.68,1500.0,242.68
2025-02-11,swsh45sv-SV107,232496,Holofoil,115.48,89.09,124.97,445.06,119.99
2025-02-11,swsh7-204,246693,Holofoil,33.63,25.2,36.68,80.0,39.95
2025-02-11,swsh7-205,246696,Holofoil,424.15,401.5,492.95,699.69,492.94
2025-02-11,swsh7-208,246755,Holofoil,25.97,21.79,32.0,69.99,35.65
2025-02-11,swsh7-209,246756,Holofoil,339.42,299.98,424.14,799.99,423.94
2025-02-11,swsh7-211,246702,Holofoil,42.53,33.61,44.62,87.59,67.05
2025-02-11,swsh7-212,246704,Holofoil,418.23,345.99,480.06,799.99,499.93
2025-02-11,swsh7-215,246723,Holofoil,1697.91,1398.0,1879.99,2199.99,2199.94
2025-02-11,swsh7-218,246733,Holofoil,706.94,780.0,885.34,1090.15,895.68
2025-02-11,swsh7-41,246753,Holofoil,3.83,3.0,4.61,19.99,5.02
2025-02-11,swsh7-65,246690,Holofoil,8.89,5.19,9.51,500.0,15.38
2025-02-11,swsh7-75,246701,Holofoil,8.6,6.99,9.09,50.0,15.69
2025-02-11,swsh7-8,246691,Holofoil,4.9,3.15,5.3,50.0,6.22
2025-02-11,swsh8-271,253266,Holofoil,744.8,649.99,839.99,1799.0,774.43
2025-02-11,swsh9-154,263873,Holofoil,198.21,194.0,220.0,1500.0,210.96
2025-02-12,base1-15,42355,Holofoil,119.81,71.39,113.24,300.0,
2025-02-12,base1-16,42356,Holofoil,39.42,19.75,33.33,77.99,19.98
2025-02-12,base1-2,42360,Holofoil,174.08,82.5,140.87,244.94,
2025-02-12,base1-4,42382,Holofoil,441.24,277.77,384.49,1249.99,
2025-02-12,base1-58,42402,Normal,3.89,0.5,2.2,9999.0,2.11
2025-02-12,cel25c-4,250320,Holofoil,105.1,94.99,119.44,250.0,99.49
2025-02-12,gym2-2,83861,Unlimited Holofoil,306.41,300.0,356.12,599.0,
2025-02-12,neo1-9,86903,1st Edition Holofoil,943.94,716.26,1976.5,2950.0,
2025-02-12,neo1-9,86903,Unlimited Holofoil,358.82,348.92,367.49,500.0,
2025-02-12,sl-151-bundle,502000,Normal,66.78,60.0,71.7,200.0,
2025-02-12,sl-151-etb,503313,Normal,181.56,174.99,202.49,4999.99,
2025-02-12,sl-151-upc,502005,Normal,289.43,285.96,318.0,999.99,
2025-02-12,sl-ar-box,265519,Normal,232.73,223.0,264.0,1999.99,
2025-02-12,sl-bs-box,256141,Normal,283.99,275.99,300.0,999.99,
2025-02-12,sl-cel-upc,245140,Normal,405.8,425.0,499.99,1200.0,
2025-02-12,sl-champ-etb,218791,Normal,110.77,99.99,135.0,399.99,
2025-02-12,sl-cz-etb,453470,Normal,110.36,101.99,119.99,1999.99,
2025-02-12,sl-evs-box,242436,Normal,1356.18,1250.0,1742.6,9999.99,
2025-02-12,sl-evs-etb,243721,Normal,447.19,455.0,485.98,989.89,
2025-02-12,sl-fs-box,247654,Normal,448.35,439.9,500.0,1000.0,
2025-02-12,sl-hf-etb,194729,Normal,244.42,269.99,324.5,499.99,
2025-02-12,sl-jp-151,565243,Normal,126.84,116.99,135.5,250.0,
2025-02-12,sl-jp-terastal,603428,Normal,101.01,94.99,102.55,170.0,
2025-02-12,sl-jt-box,610931,Normal,193.83,193.8,199.99,279.99,
2025-02-12,sl-lo-box,277324,Normal,338.95,340.0,404.5,1299.99,
2025-02-12,sl-obf-box,501257,Normal,185.65,177.29,220.0,999.99,
2025-02-12,sl-pe-etb,593355,Normal,120.06,110.0,129.25,999.0,
2025-02-12,sl-pf-etb,528040,Normal,102.55,90.99,106.75,209.98,
2025-02-12,sl-shf-etb,228821,Normal,75.79,64.99,85.48,499.99,
2025-02-12,sl-ss-box,565606,Normal,242.61,240.0,282.5,4999.99,
2025-02-12,sl-st-box,283389,Normal,232.51,230.1,299.99,1248.0,
2025-02-12,sl-tf-box,536225,Normal,167.9,161.99,200.0,339.98,
2025-02-12,sv2-185,497557,Normal,0.3,0.1,0.28,5.74,
2025-02-12,sv2-185,497557,Reverse Holofoil,0.84,0.25,0.95,9.99,2.24
2025-02-12,sv2-254,497669,Holofoil,15.96,13.0,16.0,100.0,25.7
2025-02-12,sv2-269,497689,Holofoil,64.81,55.0,71.15,259.99,67.08
2025-02-12,sv3pt5-151,516566,Holofoil,8.92,3.0,8.5,26.0,11.99
2025-02-12,sv3pt5-199,517045,Holofoil,252.83,219.95,289.98,1925.0,279.99
2025-02-12,sv3pt5-205,517051,Holofoil,14.57,11.0,15.47,100.0,19.0
2025-02-12,sv3pt5-4,502555,Normal,0.12,0.01,0.15,3.99,0.11
2025-02-12,sv3pt5-4,502555,Reverse Holofoil,0.25,0.09,0.27,25.0,0.25
2025-02-12,sv3pt5-6,502558,Holofoil,6.46,4.0,6.37,26.0,9.98
2025-02-12,sv3pt5-7,502548,Normal,0.12,0.01,0.15,15.0,0.12
2025-02-12,sv3pt5-7,502548,Reverse Holofoil,0.23,0.1,0.25,15.0,0.14
2025-02-12,sv4pt5-234,535090,Holofoil,211.7,190.0,228.0,299.99,240.0
2025-02-12,sv4pt5-54,534416,Holofoil,2.89,1.0,2.9,34.99,4.28
2025-02-12,sv8-57,590025,Holofoil,5.48,4.0,7.4,30.0,7.52
2025-02-12,sv8pt5-149,610504,Holofoil,296.65,270.0,315.01,649.0,
2025-02-12,sv8pt5-155,610510,Holofoil,399.95,345.0,449.0,899.0,
2025-02-12,sv8pt5-156,610511,Holofoil,513.43,450.0,599.95,650.0,
2025-02-12,sv8pt5-161,610516,Holofoil,1562.08,1649.0,1799.0,3000.0,1799.0
2025-02-12,sv8pt5-167,610522,Holofoil,244.48,218.0,225.0,300.0,
2025-02-12,sv8pt5-179,610534,Holofoil,89.09,80.0,116.0,325.0,
2025-02-12,sv8pt5-28,610383,Holofoil,1.96,1.4,2.0,15.98,
2025-02-12,sv8pt5-47,610402,Normal,0.08,0.01,0.1,3.99,0.06
2025-02-12,sv8pt5-47,610402,Reverse Holofoil,0.1,0.04,0.15,3.99,0.09
2025-02-12,sv8pt5-59,610414,Holofoil,0.31,0.04,0.47,19.99,0.32
2025-02-12,sv8pt5-59,610414,Reverse Holofoil,1.35,0.5,1.84,39.99,1.0
2025-02-12,sv8pt5-60,610415,Holofoil,11.63,10.0,13.35,79.99,
2025-02-12,svp-085,518861,Normal,316.17,314.96,375.0,750.0,334.66
2025-02-12,swsh11-186,284137,Holofoil,679.32,481.75,719.98,999.69,885.0
2025-02-12,swsh12-186,451834,Holofoil,289.37,259.34,322.5,591.2,317.99
2025-02-12,swsh12pt5gg-GG69,478100,Holofoil,209.53,167.91,229.99,499.99,220.95
2025-02-12,swsh35-25,223018,Normal,0.09,0.03,0.15,1.49,
2025-02-12,swsh35-25,223018,Reverse Holofoil,0.27,0.09,0.27,2.0,
2025-02-12,swsh35-74,223073,Holofoil,207.69,157.0,242.68,1500.0,242.68
2025-02-12,swsh45sv-SV107,232496,Holofoil,115.06,89.09,124.98,445.06,119.99
2025-02-12,swsh7-204,246693,Holofoil,33.94,25.2,36.49,80.0,44.19
2025-02-12,swsh7-205,246696,Holofoil,424.21,415.0,492.95,699.69,468.95
2025-02-12,swsh7-208,246755,Holofoil,26.12,21.79,32.0,69.99,35.94
2025-02-12,swsh7-209,246756,Holofoil,343.42,299.98,423.99,799.99,423.94
2025-02-12,swsh7-211,246702,Holofoil,43.61,33.61,45.19,99.99,69.68
2025-02-12,swsh7-212,246704,Holofoil,428.11,350.0,499.93,799.99,499.93
2025-02-12,swsh7-215,246723,Holofoil,1720.35,1398.0,1879.99,2199.99,2199.94
2025-02-12,swsh7-218,246733,Holofoil,730.23,780.0,874.99,1088.37,895.69
2025-02-12,swsh7-41,246753,Holofoil,3.89,3.0,4.5,19.99,4.67
2025-02-12,swsh7-65,246690,Holofoil,9.25,3.87,9.5,500.0,15.38
2025-02-12,swsh7-75,246701,Holofoil,9.5,6.99,9.11,50.0,15.68
2025-02-12,swsh7-8,246691,Holofoil,4.71,3.15,5.25,50.0,5.65
2025-02-12,swsh8-271,253266,Holofoil,754.59,649.99,820.01,1799.0,800.0
2025-02-12,swsh9-154,263873,Holofoil,198.1,194.0,220.0,1500.0,199.27
2025-02-13,base1-15,42355,Holofoil,123.01,72.67,118.14,300.0,
2025-02-13,base1-16,42356,Holofoil,39.59,19.75,35.9,77.99,15.75
2025-02-13,base1-2,42360,Holofoil,174.59,82.5,143.99,244.67,
2025-02-13,base1-4,42382,Holofoil,440.18,277.77,359.99,1249.99,
2025-02-13,base1-58,42402,Normal,4.09,0.5,2.19,9999.0,2.51
2025-02-13,cel25c-4,250320,Holofoil,104.27,89.99,117.69,250.0,99.49
2025-02-13,gym2-2,83861,Unlimited Holofoil,306.41,300.0,356.12,599.0,
2025-02-13,neo1-9,86903,1st Edition Holofoil,943.94,716.26,1976.5,2950.0,
2025-02-13,neo1-9,86903,Unlimited Holofoil,358.82,348.92,367.49,500.0,
2025-02-13,sl-151-bundle,502000,Normal,64.71,59.99,70.0,200.0,
2025-02-13,sl-151-etb,503313,Normal,180.56,175.99,200.0,4999.99,
2025-02-13,sl-151-upc,502005,Normal,289.91,275.0,315.99,4999.99,
2025-02-13,sl-ar-box,265519,Normal,231.84,223.0,262.0,1999.99,
2025-02-13,sl-bs-box,256141,Normal,284.09,275.99,302.35,999.99,
2025-02-13,sl-cel-upc,245140,Normal,405.0,420.0,499.99,1200.0,
2025-02-13,sl-champ-etb,218791,Normal,109.45,99.99,135.0,399.99,
2025-02-13,sl-cz-etb,453470,Normal,111.38,101.99,120.0,1999.99,
2025-02-13,sl-evs-box,242436,Normal,1350.58,1250.0,1721.3,9999.99,
2025-02-13,sl-evs-etb,243721,Normal,447.19,450.0,485.98,989.89,
2025-02-13,sl-fs-box,247654,Normal,448.35,439.9,500.0,1000.0,
2025-02-13,sl-hf-etb,194729,Normal,244.42,269.99,299.99,499.99,
2025-02-13,sl-jp-151,565243,Normal,128.42,116.99,135.75,250.0,
2025-02-13,sl-jp-terastal,603428,Normal,100.28,94.99,102.1,170.0,
2025-02-13,sl-jt-box,610931,Normal,193.82,193.8,205.27,279.99,
2025-02-13,sl-lo-box,277324,Normal,340.59,340.0,422.46,1299.99,
2025-02-13,sl-obf-box,501257,Normal,186.6,177.29,220.0,999.99,
2025-02-13,sl-pe-etb,593355,Normal,116.13,110.0,129.94,999.0,
2025-02-13,sl-pf-etb,528040,Normal,101.42,90.99,104.77,209.98,
2025-02-13,sl-shf-etb,228821,Normal,76.63,64.99,85.0,499.99,
2025-02-13,sl-ss-box,565606,Normal,249.85,247.99,292.29,4999.99,
2025-02-13,sl-st-box,283389,Normal,233.49,230.1,299.99,1248.0,
2025-02-13,sl-tf-box,536225,Normal,166.76,161.99,200.0,339.98,
2025-02-13,sv2-185,497557,Normal,0.25,0.12,0.27,5.74,0.25
2025-02-13,sv2-185,497557,Reverse Holofoil,1.19,0.25,0.99,9.99,2.24
2025-02-13,sv2-254,497669,Holofoil,16.07,13.0,16.07,100.0,15.01
2025-02-13,sv2-269,497689,Holofoil,64.64,58.82,70.94,259.99,66.9
2025-02-13,sv3pt5-151,516566,Holofoil,7.55,3.0,8.49,26.0,8.79
2025-02-13,sv3pt5-199,517045,Holofoil,249.77,210.0,289.99,1925.0,279.99
2025-02-13,sv3pt5-205,517051,Holofoil,14.46,11.0,15.47,50.0,13.43
2025-02-13,sv3pt5-4,502555,Normal,0.12,0.01,0.15,3.99,0.11
2025-02-13,sv3pt5-4,502555,Reverse Holofoil,0.26,0.09,0.27,25.0,0.25
2025-02-13,sv3pt5-6,502558,Holofoil,6.47,4.0,6.25,26.0,5.53
2025-02-13,sv3pt5-7,502548,Normal,0.13,0.01,0.15,15.0,
2025-02-13,sv3pt5-7,502548,Reverse Holofoil,0.23,0.1,0.25,15.0,
2025-02-13,sv4pt5-234,535090,Holofoil,210.54,190.0,229.99,299.99,240.0
2025-02-13,sv4pt5-54,534416,Holofoil,2.61,1.0,2.89,34.99,4.63
2025-02-13,sv8-57,590025,Holofoil,5.88,4.29,7.25,30.0,6.05
2025-02-13,sv8pt5-149,610504,Holofoil,296.65,275.0,332.25,649.0,
2025-02-13,sv8pt5-155,610510,Holofoil,397.02,429.99,449.99,899.0,
2025-02-13,sv8pt5-156,610511,Holofoil,513.43,449.0,599.94,650.0,599.95
2025-02-13,sv8pt5-161,610516,Holofoil,1565.92,1649.0,1799.0,3000.0,1799.0
2025-02-13,sv8pt5-167,610522,Holofoil,242.57,217.0,229.99,300.0,
2025-02-13,sv8pt5-179,610534,Holofoil,89.63,80.0,116.23,325.0,
2025-02-13,sv8pt5-28,610383,Holofoil,1.85,1.3,2.0,15.98,
2025-02-13,sv8pt5-47,610402,Normal,0.07,0.01,0.1,3.99,0.06
2025-02-13,sv8pt5-47,610402,Reverse Holofoil,0.09,0.04,0.15,3.99,0.09
2025-02-13,sv8pt5-59,610414,Holofoil,0.37,0.04,0.46,19.99,
2025-02-13,sv8pt5-59,610414,Reverse Holofoil,1.34,0.25,1.72,39.99,1.0
2025-02-13,sv8pt5-60,610415,Holofoil,10.34,10.45,13.24,79.99,
2025-02-13,svp-085,518861,Normal,316.37,299.99,350.0,750.0,334.66
2025-02-13,swsh11-186,284137,Holofoil,674.88,481.75,719.95,999.69,875.0
2025-02-13,swsh12-186,451834,Holofoil,291.76,259.34,327.5,591.2,329.99
2025-02-13,swsh12pt5gg-GG69,478100,Holofoil,210.14,205.0,234.13,499.99,200.0
2025-02-13,swsh35-25,223018,Normal,0.09,0.03,0.15,1.49,
2025-02-13,swsh35-25,223018,Reverse Holofoil,0.27,0.09,0.27,2.0,
2025-02-13,swsh35-74,223073,Holofoil,209.19,157.0,242.69,1500.0,242.68
2025-02-13,swsh45sv-SV107,232496,Holofoil,114.85,89.09,124.98,445.06,119.99
2025-02-13,swsh7-204,246693,Holofoil,33.9,25.32,36.99,80.0,44.19
2025-02-13,swsh7-205,246696,Holofoil,424.21,415.0,492.95,699.69,415.67
2025-02-13,swsh7-208,246755,Holofoil,25.76,21.79,30.84,69.99,35.94
2025-02-13,swsh7-209,246756,Holofoil,343.42,325.0,423.97,799.99,423.94
2025-02-13,swsh7-211,246702,Holofoil,43.61,35.0,45.19,99.99,69.68
2025-02-13,swsh7-212,246704,Holofoil,428.11,350.0,497.47,799.99,499.93
2025-02-13,swsh7-215,246723,Holofoil,1707.46,1398.0,1884.44,2199.99,2199.94
2025-02-13,swsh7-218,246733,Holofoil,722.23,775.99,874.99,1087.13,895.69
2025-02-13,swsh7-41,246753,Holofoil,3.99,3.0,4.34,19.99,3.23
2025-02-13,swsh7-65,246690,Holofoil,9.04,5.19,9.47,500.0,14.55
2025-02-13,swsh7-75,246701,Holofoil,9.21,6.99,9.21,50.0,10.0
2025-02-13,swsh7-8,246691,Holofoil,5.05,3.15,5.25,50.0,5.75
2025-02-13,swsh8-271,253266,Holofoil,749.42,649.99,820.01,1799.0,800.0
2025-02-13,swsh9-154,263873,Holofoil,198.1,194.0,222.5,1500.0,210.89
2025-02-14,base1-15,42355,Holofoil,125.02,72.67,114.99,300.0,
2025-02-14,base1-16,42356,Holofoil,39.98,16.55,34.67,77.99,49.95
2025-02-14,base1-2,42360,Holofoil,175.19,82.5,140.87,245.38,
2025-02-14,base1-4,42382,Holofoil,440.18,277.77,359.99,1249.99,
2025-02-14,base1-58,42402,Normal,3.93,0.5,2.26,9999.0,
2025-02-14,cel25c-4,250320,Holofoil,103.83,89.99,115.0,250.0,99.49
2025-02-14,gym2-2,83861,Unlimited Holofoil,306.41,300.0,356.12,599.0,
2025-02-14,neo1-9,86903,1st Edition Holofoil,943.94,716.26,1976.5,2950.0,
2025-02-14,neo1-9,86903,Unlimited Holofoil,358.82,348.92,374.99,500.0,
2025-02-14,sl-151-bundle,502000,Normal,65.12,52.0,70.0,200.0,
2025-02-14,sl-151-etb,503313,Normal,183.87,175.0,200.0,4999.99,
2025-02-14,sl-151-upc,502005,Normal,290.89,289.43,318.0,4999.99,
2025-02-14,sl-ar-box,265519,Normal,230.17,219.99,262.0,1999.99,
2025-02-14,sl-bs-box,256141,Normal,284.73,270.98,300.0,999.99,
2025-02-14,sl-cel-upc,245140,Normal,406.0,421.0,499.99,1200.0,
2025-02-14,sl-champ-etb,218791,Normal,107.81,100.0,129.95,399.99,
2025-02-14,sl-cz-etb,453470,Normal,109.04,101.99,120.0,1999.99,
2025-02-14,sl-evs-box,242436,Normal,1335.78,1250.0,1742.59,9999.99,
2025-02-14,sl-evs-etb,243721,Normal,447.19,450.0,481.95,989.89,
2025-02-14,sl-fs-box,247654,Normal,447.98,439.9,500.0,1000.0,
2025-02-14,sl-hf-etb,194729,Normal,244.42,267.98,299.97,499.99,
2025-02-14,sl-jp-151,565243,Normal,129.24,124.98,135.99,250.0,
2025-02-14,sl-jp-terastal,603428,Normal,99.71,94.99,102.1,170.0,
2025-02-14,sl-jt-box,610931,Normal,193.17,191.75,193.95,279.99,
2025-02-14,sl-lo-box,277324,Normal,343.76,343.76,437.48,1299.99,
2025-02-14,sl-obf-box,501257,Normal,187.67,177.29,220.0,999.99,
2025-02-14,sl-pe-etb,593355,Normal,118.96,110.0,129.47,999.0,
2025-02-14,sl-pf-etb,528040,Normal,99.07,93.0,103.0,209.98,
2025-02-14,sl-shf-etb,228821,Normal,75.97,63.0,84.97,499.99,
2025-02-14,sl-ss-box,565606,Normal,246.61,244.5,280.0,4999.99,
2025-02-14,sl-st-box,283389,Normal,236.27,230.1,299.98,1248.0,
2025-02-14,sl-tf-box,536225,Normal,166.95,166.76,200.0,339.98,
2025-02-14,sv2-185,497557,Normal,0.21,0.12,0.26,5.74,
2025-02-14,sv2-185,497557,Reverse Holofoil,1.51,0.2,1.0,9.99,1.82
2025-02-14,sv2-254,497669,Holofoil,16.38,13.0,16.4,100.0,14.23
2025-02-14,sv2-269,497689,Holofoil,64.31,58.82,70.07,259.99,69.99
2025-02-14,sv3pt5-151,516566,Holofoil,7.57,4.75,8.35,110.0,8.34
2025-02-14,sv3pt5-199,517045,Holofoil,257.68,222.61,297.49,1925.0,289.97
2025-02-14,sv3pt5-205,517051,Holofoil,14.78,11.0,15.36,50.0,17.64
2025-02-14,sv3pt5-4,502555,Normal,0.11,0.01,0.15,3.99,
2025-02-14,sv3pt5-4,502555,Reverse Holofoil,0.27,0.09,0.28,25.0,0.25
2025-02-14,sv3pt5-6,502558,Holofoil,6.07,4.0,6.31,26.0,6.1
2025-02-14,sv3pt5-7,502548,Normal,0.14,0.01,0.15,15.0,0.12
2025-02-14,sv3pt5-7,502548,Reverse Holofoil,0.3,0.1,0.25,15.0,
2025-02-14,sv4pt5-234,535090,Holofoil,210.27,190.0,227.75,299.99,240.0
2025-02-14,sv4pt5-54,534416,Holofoil,2.3,0.83,2.81,34.99,3.3
2025-02-14,sv8-57,590025,Holofoil,5.78,4.51,7.25,30.0,7.83
2025-02-14,sv8pt5-149,610504,Holofoil,296.28,275.0,322.68,649.0,
2025-02-14,sv8pt5-155,610510,Holofoil,401.82,429.99,449.99,899.0,
2025-02-14,sv8pt5-156,610511,Holofoil,503.39,480.01,599.95,650.0,549.99
2025-02-14,sv8pt5-161,610516,Holofoil,1572.51,1630.0,1799.0,3000.0,1789.99
2025-02-14,sv8pt5-167,610522,Holofoil,241.77,218.0,235.0,275.0,
2025-02-14,sv8pt5-179,610534,Holofoil,90.76,80.0,116.23,325.0,
2025-02-14,sv8pt5-28,610383,Holofoil,1.66,1.3,2.0,15.98,1.77
2025-02-14,sv8pt5-47,610402,Normal,0.07,0.01,0.1,3.99,0.06
2025-02-14,sv8pt5-47,610402,Reverse Holofoil,0.09,0.04,0.15,3.99,0.09
2025-02-14,sv8pt5-59,610414,Holofoil,0.36,0.05,0.45,19.99,0.5
2025-02-14,sv8pt5-59,610414,Reverse Holofoil,1.29,0.5,1.65,39.99,0.98
2025-02-14,sv8pt5-60,610415,Holofoil,10.61,9.5,13.04,40.0,
2025-02-14,svp-085,518861,Normal,315.59,290.0,350.0,750.0,334.66
2025-02-14,swsh11-186,284137,Holofoil,684.32,499.99,720.0,999.69,799.99
2025-02-14,swsh12-186,451834,Holofoil,291.76,259.34,325.0,591.2,203.38
2025-02-14,swsh12pt5gg-GG69,478100,Holofoil,209.31,205.0,230.18,499.99,220.95
2025-02-14,swsh35-25,223018,Normal,0.09,0.03,0.15,1.49,
2025-02-14,swsh35-25,223018,Reverse Holofoil,0.27,0.09,0.27,2.0,
2025-02-14,swsh35-74,223073,Holofoil,211.02,157.0,242.69,1500.0,241.99
2025-02-14,swsh45sv-SV107,232496,Holofoil,114.85,89.09,124.97,445.06,119.99
2025-02-14,swsh7-204,246693,Holofoil,34.13,25.32,38.54,80.0,44.19
2025-02-14,swsh7-205,246696,Holofoil,424.21,397.65,492.94,699.69,397.65
2025-02-14,swsh7-208,246755,Holofoil,25.76,21.79,29.14,69.99,35.94
2025-02-14,swsh7-209,246756,Holofoil,343.42,325.0,423.95,799.99,422.99
2025-02-14,swsh7-211,246702,Holofoil,43.72,30.0,45.19,99.99,69.68
2025-02-14,swsh7-212,246704,Holofoil,428.11,350.0,490.0,799.99,499.93
2025-02-14,swsh7-215,246723,Holofoil,1729.45,1398.0,1888.88,2199.99,2199.99
2025-02-14,swsh7-218,246733,Holofoil,756.81,800.0,894.49,1131.03,893.99
2025-02-14,swsh7-41,246753,Holofoil,4.04,2.99,4.46,19.99,4.85
2025-02-14,swsh7-65,246690,Holofoil,9.26,5.19,9.48,500.0,9.48
2025-02-14,swsh7-75,246701,Holofoil,9.72,6.99,9.19,50.0,9.62
2025-02-14,swsh7-8,246691,Holofoil,5.04,3.15,5.19,50.0,5.2
2025-02-14,swsh8-271,253266,Holofoil,739.06,599.0,800.0,1799.0,800.0
2025-02-14,swsh9-154,263873,Holofoil,198.92,194.0,225.1,1500.0,210.89
2025-02-15,base1-15,42355,Holofoil,125.02,72.67,113.87,300.0,
2025-02-15,base1-16,42356,Holofoil,39.98,19.75,33.33,77.99,49.95
2025-02-15,base1-2,42360,Holofoil,175.19,82.5,143.99,246.4,
2025-02-15,base1-4,42382,Holofoil,440.18,277.77,384.49,1249.99,
2025-02-15,base1-58,42402,Normal,3.99,0.5,2.2,9999.0,
2025-02-15,cel25c-4,250320,Holofoil,103.19,90.0,114.26,250.0,91.9
2025-02-15,gym2-2,83861,Unlimited Holofoil,307.62,300.0,356.12,599.0,349.99
2025-02-15,neo1-9,86903,1st Edition Holofoil,943.94,716.26,1976.5,2950.0,
2025-02-15,neo1-9,86903,Unlimited Holofoil,358.82,348.92,380.41,1000.0,
2025-02-15,sl-151-bundle,502000,Normal,61.75,52.0,70.0,200.0,
2025-02-15,sl-151-etb,503313,Normal,185.11,181.56,200.0,4999.99,
2025-02-15,sl-151-upc,502005,Normal,290.93,289.43,320.0,4999.99,
2025-02-15,sl-ar-box,265519,Normal,230.17,219.99,260.0,1999.99,
2025-02-15,sl-bs-box,256141,Normal,284.88,270.98,300.0,999.99,
2025-02-15,sl-cel-upc,245140,Normal,407.0,410.0,499.99,1200.0,
2025-02-15,sl-champ-etb,218791,Normal,108.29,100.95,138.95,399.99,
2025-02-15,sl-cz-etb,453470,Normal,108.15,101.99,120.0,1999.99,
2025-02-15,sl-evs-box,242436,Normal,1327.94,1274.99,1742.6,9999.99,
2025-02-15,sl-evs-etb,243721,Normal,449.59,450.0,485.98,989.89,
2025-02-15,sl-fs-box,247654,Normal,448.24,439.9,500.0,1000.0,
2025-02-15,sl-hf-etb,194729,Normal,244.42,267.98,299.95,499.99,
2025-02-15,sl-jp-151,565243,Normal,128.87,124.98,135.99,250.0,
2025-02-15,sl-jp-terastal,603428,Normal,99.06,98.98,104.49,170.0,
2025-02-15,sl-jt-box,610931,Normal,192.95,193.69,197.0,279.99,
2025-02-15,sl-lo-box,277324,Normal,343.84,345.45,449.95,1299.99,
2025-02-15,sl-obf-box,501257,Normal,188.11,177.29,220.0,999.99,
2025-02-15,sl-pe-etb,593355,Normal,124.26,112.0,130.0,999.0,
2025-02-15,sl-pf-etb,528040,Normal,99.27,93.0,102.92,209.98,
2025-02-15,sl-shf-etb,228821,Normal,74.8,63.0,84.99,499.99,
2025-02-15,sl-ss-box,565606,Normal,247.17,243.82,280.0,4999.99,
2025-02-15,sl-st-box,283389,Normal,236.23,240.0,299.98,1248.0,
2025-02-15,sl-tf-box,536225,Normal,168.43,167.4,200.0,339.98,
2025-02-15,sv2-185,497557,Normal,0.23,0.12,0.26,5.74,
2025-02-15,sv2-185,497557,Reverse Holofoil,1.51,0.18,1.0,9.99,4.5
2025-02-15,sv2-254,497669,Holofoil,17.09,13.0,16.61,100.0,24.98
2025-02-15,sv2-269,497689,Holofoil,64.59,57.55,70.0,259.99,71.4
2025-02-15,sv3pt5-151,516566,Holofoil,7.22,4.75,8.25,26.0,11.58
2025-02-15,sv3pt5-199,517045,Holofoil,261.28,236.99,293.5,1925.0,
2025-02-15,sv3pt5-205,517051,Holofoil,15.83,11.0,15.62,50.0,19.98
2025-02-15,sv3pt5-4,502555,Normal,0.1,0.01,0.15,3.99,
2025-02-15,sv3pt5-4,502555,Reverse Holofoil,0.28,0.09,0.28,25.0,
2025-02-15,sv3pt5-6,502558,Holofoil,5.86,3.78,6.21,26.19,8.37
2025-02-15,sv3pt5-7,502548,Normal,0.14,0.01,0.15,15.0,
2025-02-15,sv3pt5-7,502548,Reverse Holofoil,0.23,0.1,0.25,15.0,
2025-02-15,sv4pt5-234,535090,Holofoil,209.61,189.0,229.35,344.2,212.94
2025-02-15,sv4pt5-54,534416,Holofoil,2.63,0.83,2.75,34.99,4.95
2025-02-15,sv8-57,590025,Holofoil,6.31,4.51,7.25,25.0,8.91
2025-02-15,sv8pt5-149,610504,Holofoil,295.28,273.81,316.21,649.0,
2025-02-15,sv8pt5-155,610510,Holofoil,401.82,424.99,449.97,899.0,
2025-02-15,sv8pt5-156,610511,Holofoil,503.39,454.98,574.97,650.0,549.99
2025-02-15,sv8pt5-161,610516,Holofoil,1580.11,1599.0,1789.99,3000.0,
2025-02-15,sv8pt5-167,610522,Holofoil,241.77,218.0,230.0,300.0,
2025-02-15,sv8pt5-179,610534,Holofoil,91.46,99.99,127.98,325.0,
2025-02-15,sv8pt5-28,610383,Holofoil,1.62,1.25,2.0,15.98,
2025-02-15,sv8pt5-47,610402,Normal,0.07,0.01,0.1,3.99,0.06
2025-02-15,sv8pt5-47,610402,Reverse Holofoil,0.1,0.04,0.15,3.99,0.09
2025-02-15,sv8pt5-59,610414,Holofoil,0.36,0.05,0.45,19.99,
2025-02-15,sv8pt5-59,610414,Reverse Holofoil,1.26,0.5,1.66,39.99,
2025-02-15,sv8pt5-60,610415,Holofoil,10.39,9.0,13.0,40.0,
2025-02-15,svp-085,518861,Normal,315.65,290.0,350.0,750.0,334.66
2025-02-15,swsh11-186,284137,Holofoil,684.32,500.0,725.0,1000.0,799.0
2025-02-15,swsh12-186,451834,Holofoil,295.36,258.34,322.49,591.2,329.99
2025-02-15,swsh12pt5gg-GG69,478100,Holofoil,209.92,205.0,229.99,1000.0,220.95
2025-02-15,swsh35-25,223018,Normal,0.09,0.03,0.15,1.49,
2025-02-15,swsh35-25,223018,Reverse Holofoil,0.27,0.09,0.26,2.0,
2025-02-15,swsh35-74,223073,Holofoil,211.02,157.0,242.69,1500.0,241.99
2025-02-15,swsh45sv-SV107,232496,Holofoil,114.85,104.99,124.97,445.06,119.99
2025-02-15,swsh7-204,246693,Holofoil,34.13,25.32,36.99,80.0,44.19
2025-02-15,swsh7-205,246696,Holofoil,424.21,397.65,492.94,699.69,397.65
2025-02-15,swsh7-208,246755,Holofoil,26.24,21.79,29.14,69.99,35.94
2025-02-15,swsh7-209,246756,Holofoil,348.34,325.0,423.95,799.99,423.94
2025-02-15,swsh7-211,246702,Holofoil,43.72,35.0,45.0,99.99,69.68
2025-02-15,swsh7-212,246704,Holofoil,428.11,350.0,494.69,1000.0,494.69
2025-02-15,swsh7-215,246723,Holofoil,1729.45,1398.0,1888.88,2199.99,1699.99
2025-02-15,swsh7-218,246733,Holofoil,756.81,800.0,894.49,1169.69,893.99
2025-02-15,swsh7-41,246753,Holofoil,4.04,2.99,4.4,19.99,4.85
2025-02-15,swsh7-65,246690,Holofoil,9.93,5.19,9.5,500.0,15.38
2025-02-15,swsh7-75,246701,Holofoil,9.75,6.99,9.53,50.0,15.98
2025-02-15,swsh7-8,246691,Holofoil,5.06,3.15,5.13,50.0,6.22
2025-02-15,swsh8-271,253266,Holofoil,739.06,599.0,800.0,1799.0,800.0
2025-02-15,swsh9-154,263873,Holofoil,199.59,194.0,224.99,1500.0,210.89
2025-02-16,base1-15,42355,Holofoil,125.02,74.8,113.87,300.0,
2025-02-16,base1-16,42356,Holofoil,39.98,19.75,33.17,77.99,49.95
2025-02-16,base1-2,42360,Holofoil,175.19,82.5,143.99,244.19,
2025-02-16,base1-4,42382,Holofoil,440.18,274.71,369.99,1249.99,
2025-02-16,base1-58,42402,Normal,3.9,0.49,2.19,9999.0,
2025-02-16,cel25c-4,250320,Holofoil,101.6,80.0,112.41,250.0,99.99
2025-02-16,gym2-2,83861,Unlimited Holofoil,307.62,300.0,356.12,599.0,349.99
2025-02-16,neo1-9,86903,1st Edition Holofoil,943.94,716.26,1976.5,2950.0,
2025-02-16,neo1-9,86903,Unlimited Holofoil,358.82,349.91,380.41,1000.0,
2025-02-16,sl-151-bundle,502000,Normal,65.03,59.99,71.0,200.0,
2025-02-16,sl-151-etb,503313,Normal,187.11,180.0,200.0,4999.99,
2025-02-16,sl-151-upc,502005,Normal,290.61,279.96,310.0,4999.99,
2025-02-16,sl-ar-box,265519,Normal,228.89,215.0,264.0,1999.99,
2025-02-16,sl-bs-box,256141,Normal,284.72,270.98,300.0,999.99,
2025-02-16,sl-cel-upc,245140,Normal,407.0,410.0,499.99,1200.0,
2025-02-16,sl-champ-etb,218791,Normal,108.09,99.99,138.95,399.99,
2025-02-16,sl-cz-etb,453470,Normal,109.02,101.99,120.0,1999.99,
2025-02-16,sl-evs-box,242436,Normal,1327.94,1266.29,1742.6,9999.99,
2025-02-16,sl-evs-etb,243721,Normal,451.6,455.0,490.0,989.89,
2025-02-16,sl-fs-box,247654,Normal,450.91,439.9,500.0,1000.0,
2025-02-16,sl-hf-etb,194729,Normal,244.42,267.98,299.95,499.99,
2025-02-16,sl-jp-151,565243,Normal,129.0,124.98,137.48,250.0,
2025-02-16,sl-jp-terastal,603428,Normal,98.94,98.98,104.49,170.0,
2025-02-16,sl-jt-box,610931,Normal,193.58,193.49,199.99,279.99,
2025-02-16,sl-lo-box,277324,Normal,345.72,345.45,449.95,1299.99,
2025-02-16,sl-obf-box,501257,Normal,188.88,177.29,220.0,999.99,
2025-02-16,sl-pe-etb,593355,Normal,121.85,115.0,135.0,300.0,
2025-02-16,sl-pf-etb,528040,Normal,98.95,93.0,102.92,209.98,
2025-02-16,sl-shf-etb,228821,Normal,76.03,63.0,83.69,499.99,
2025-02-16,sl-ss-box,565606,Normal,247.54,243.95,280.0,4999.99,
2025-02-16,sl-st-box,283389,Normal,237.06,226.99,299.97,1248.0,
2025-02-16,sl-tf-box,536225,Normal,169.87,168.43,200.0,339.98,
2025-02-16,sv2-185,497557,Normal,0.25,0.1,0.28,5.74,
2025-02-16,sv2-185,497557,Reverse Holofoil,1.32,0.18,1.01,9.99,4.5
2025-02-16,sv2-254,497669,Holofoil,16.3,13.0,16.95,100.0,24.6
2025-02-16,sv2-269,497689,Holofoil,64.18,57.55,70.0,259.99,
2025-02-16,sv3pt5-151,516566,Holofoil,8.82,4.75,8.49,26.0,12.73
2025-02-16,sv3pt5-199,517045,Holofoil,259.59,225.0,289.99,1925.0,
2025-02-16,sv3pt5-205,517051,Holofoil,16.21,11.0,15.93,50.0,19.95
2025-02-16,sv3pt5-4,502555,Normal,0.1,0.01,0.15,3.99,
2025-02-16,sv3pt5-4,502555,Reverse Holofoil,0.31,0.09,0.3,25.0,
2025-02-16,sv3pt5-6,502558,Holofoil,5.82,3.99,6.18,26.02,9.95
2025-02-16,sv3pt5-7,502548,Normal,0.15,0.01,0.15,15.0,
2025-02-16,sv3pt5-7,502548,Reverse Holofoil,0.18,0.1,0.25,15.0,
2025-02-16,sv4pt5-234,535090,Holofoil,208.05,190.0,220.21,299.99,239.99
2025-02-16,sv4pt5-54,534416,Holofoil,2.67,1.75,2.8,34.99,4.95
2025-02-16,sv8-57,590025,Holofoil,6.33,4.77,7.3,25.0,8.0
2025-02-16,sv8pt5-149,610504,Holofoil,295.1,275.0,348.7,649.0,380.0
2025-02-16,sv8pt5-155,610510,Holofoil,411.61,428.76,449.99,899.0,
2025-02-16,sv8pt5-156,610511,Holofoil,503.39,453.99,549.99,650.0,549.95
2025-02-16,sv8pt5-161,610516,Holofoil,1580.16,1550.0,1789.99,3000.0,
2025-02-16,sv8pt5-167,610522,Holofoil,240.93,218.0,230.0,275.0,
2025-02-16,sv8pt5-179,610534,Holofoil,92.5,100.0,125.99,325.0,
2025-02-16,sv8pt5-28,610383,Holofoil,1.75,1.25,2.0,15.98,
2025-02-16,sv8pt5-47,610402,Normal,0.06,0.01,0.1,3.99,0.06
2025-02-16,sv8pt5-47,610402,Reverse Holofoil,0.11,0.04,0.15,3.99,0.09
2025-02-16,sv8pt5-59,610414,Holofoil,0.39,0.05,0.44,19.99,
2025-02-16,sv8pt5-59,610414,Reverse Holofoil,1.25,0.5,1.64,39.99,
2025-02-16,sv8pt5-60,610415,Holofoil,10.41,9.0,13.0,40.0,
2025-02-16,svp-085,518861,Normal,317.89,290.0,349.99,750.0,334.68
2025-02-16,swsh11-186,284137,Holofoil,689.18,506.1,725.0,1000.0,798.95
2025-02-16,swsh12-186,451834,Holofoil,294.81,258.34,324.99,591.2,329.99
2025-02-16,swsh12pt5gg-GG69,478100,Holofoil,212.2,205.0,229.99,1000.0,229.99
2025-02-16,swsh35-25,223018,Normal,0.09,0.03,0.15,1.49,
2025-02-16,swsh35-25,223018,Reverse Holofoil,0.28,0.09,0.27,2.0,
2025-02-16,swsh35-74,223073,Holofoil,211.02,157.0,242.69,1500.0,241.9
2025-02-16,swsh45sv-SV107,232496,Holofoil,115.72,104.99,124.84,445.06,119.99
2025-02-16,swsh7-204,246693,Holofoil,34.13,25.32,36.99,80.0,44.19
2025-02-16,swsh7-205,246696,Holofoil,424.21,415.0,492.94,699.69,491.99
2025-02-16,swsh7-208,246755,Holofoil,26.0,21.79,31.02,69.99,35.94
2025-02-16,swsh7-209,246756,Holofoil,348.34,325.0,423.95,799.99,421.99
2025-02-16,swsh7-211,246702,Holofoil,43.72,35.0,43.76,99.99,69.68
2025-02-16,swsh7-212,246704,Holofoil,428.11,350.0,493.6,1000.0,493.6
2025-02-16,swsh7-215,246723,Holofoil,1729.45,1398.0,1900.0,2594.18,1699.99
2025-02-16,swsh7-218,246733,Holofoil,764.56,800.0,893.99,1171.1,883.58
2025-02-16,swsh7-41,246753,Holofoil,4.05,2.99,4.42,19.99,6.46
2025-02-16,swsh7-65,246690,Holofoil,10.13,5.19,9.89,500.0,16.85
2025-02-16,swsh7-75,246701,Holofoil,10.11,6.99,9.51,50.0,15.99
2025-02-16,swsh7-8,246691,Holofoil,4.78,3.15,5.06,50.0,6.22
2025-02-16,swsh8-271,253266,Holofoil,735.06,598.0,800.0,1799.0,800.0
2025-02-16,swsh9-154,263873,Holofoil,204.0,194.0,225.2,1500.0,217.95
2025-02-17,base1-15,42355,Holofoil,125.02,74.8,112.75,300.0,
2025-02-17,base1-16,42356,Holofoil,39.98,19.75,33.0,77.99,49.95
2025-02-17,base1-2,42360,Holofoil,175.19,82.5,140.87,244.3,
2025-02-17,base1-4,42382,Holofoil,446.45,274.71,369.99,1249.99,
2025-02-17,base1-58,42402,Normal,3.85,0.55,2.19,9999.0,
2025-02-17,cel25c-4,250320,Holofoil,101.6,80.0,111.76,250.0,98.0
2025-02-17,gym2-2,83861,Unlimited Holofoil,307.62,300.0,356.12,599.0,349.99
2025-02-17,neo1-9,86903,1st Edition Holofoil,943.94,716.26,1976.5,2950.0,
2025-02-17,neo1-9,86903,Unlimited Holofoil,358.82,348.91,367.49,1000.0,
2025-02-17,sl-151-bundle,502000,Normal,67.67,60.0,71.89,200.0,
2025-02-17,sl-151-etb,503313,Normal,189.22,181.56,201.25,4999.99,
2025-02-17,sl-151-upc,502005,Normal,293.4,285.0,318.0,4999.99,
2025-02-17,sl-ar-box,265519,Normal,228.89,215.0,269.48,1999.99,
2025-02-17,sl-bs-box,256141,Normal,285.53,274.99,300.0,999.99,
2025-02-17,sl-cel-upc,245140,Normal,407.35,409.99,499.99,1200.0,
2025-02-17,sl-champ-etb,218791,Normal,104.79,75.0,129.95,399.99,
2025-02-17,sl-cz-etb,453470,Normal,109.83,101.99,120.0,1999.99,
2025-02-17,sl-evs-box,242436,Normal,1327.94,1274.99,1798.0,9999.99,
2025-02-17,sl-evs-etb,243721,Normal,454.87,455.0,495.0,989.89,
2025-02-17,sl-fs-box,247654,Normal,450.19,442.75,500.0,1000.0,
2025-02-17,sl-hf-etb,194729,Normal,247.28,269.98,299.97,499.99,
2025-02-17,sl-jp-151,565243,Normal,129.52,124.98,139.0,250.0,
2025-02-17,sl-jp-terastal,603428,Normal,101.05,98.97,102.55,170.0,
2025-02-17,sl-jt-box,610931,Normal,193.23,193.85,209.75,279.99,
2025-02-17,sl-lo-box,277324,Normal,352.32,365.0,449.99,1299.99,
2025-02-17,sl-obf-box,501257,Normal,188.1,177.29,225.0,999.99,
2025-02-17,sl-pe-etb,593355,Normal,127.89,115.0,137.49,300.0,
2025-02-17,sl-pf-etb,528040,Normal,98.59,93.0,103.0,209.98,
2025-02-17,sl-shf-etb,228821,Normal,75.14,63.0,83.69,499.99,
2025-02-17,sl-ss-box,565606,Normal,246.08,232.5,280.0,4999.99,
2025-02-17,sl-st-box,283389,Normal,238.04,226.99,299.97,1248.0,
2025-02-17,sl-tf-box,536225,Normal,170.66,169.99,200.0,339.98,
2025-02-17,sv2-185,497557,Normal,0.27,0.12,0.27,5.74,
2025-02-17,sv2-185,497557,Reverse Holofoil,1.41,0.18,1.03,9.99,3.99
2025-02-17,sv2-254,497669,Holofoil,15.71,13.0,16.81,100.0,23.7
2025-02-17,sv2-269,497689,Holofoil,64.91,55.0,70.0,259.99,
2025-02-17,sv3pt5-151,516566,Holofoil,7.55,4.75,8.3,26.0,11.32
2025-02-17,sv3pt5-199,517045,Holofoil,260.39,233.5,289.99,1925.0,
2025-02-17,sv3pt5-205,517051,Holofoil,15.89,12.0,16.0,50.0,19.79
2025-02-17,sv3pt5-4,502555,Normal,0.1,0.01,0.15,3.99,
2025-02-17,sv3pt5-4,502555,Reverse Holofoil,0.33,0.09,0.3,25.0,
2025-02-17,sv3pt5-6,502558,Holofoil,5.37,3.99,6.0,26.04,5.37
2025-02-17,sv3pt5-7,502548,Normal,0.15,0.01,0.15,15.0,
2025-02-17,sv3pt5-7,502548,Reverse Holofoil,0.24,0.1,0.25,15.0,
2025-02-17,sv4pt5-234,535090,Holofoil,206.34,190.0,225.66,299.99,234.99
2025-02-17,sv4pt5-54,534416,Holofoil,3.02,1.75,2.98,34.99,4.95
2025-02-17,sv8-57,590025,Holofoil,7.25,5.0,7.5,25.0,8.99
2025-02-17,sv8pt5-149,610504,Holofoil,295.1,275.0,348.7,649.0,380.0
2025-02-17,sv8pt5-155,610510,Holofoil,418.45,428.76,450.0,899.0,
2025-02-17,sv8pt5-156,610511,Holofoil,503.39,454.95,549.99,650.0,524.0
2025-02-17,sv8pt5-161,610516,Holofoil,1580.16,1634.0,1789.99,3000.0,
2025-02-17,sv8pt5-167,610522,Holofoil,240.6,214.7,226.0,275.0,
2025-02-17,sv8pt5-179,610534,Holofoil,93.59,94.0,120.75,325.0,
2025-02-17,sv8pt5-28,610383,Holofoil,1.78,1.3,2.0,15.98,
2025-02-17,sv8pt5-47,610402,Normal,0.07,0.01,0.1,3.99,0.06
2025-02-17,sv8pt5-47,610402,Reverse Holofoil,0.12,0.04,0.15,3.99,0.09
2025-02-17,sv8pt5-59,610414,Holofoil,0.4,0.05,0.46,19.99,
2025-02-17,sv8pt5-59,610414,Reverse Holofoil,1.12,0.5,1.65,39.99,
2025-02-17,sv8pt5-60,610415,Holofoil,11.06,9.0,13.0,40.0,11.69
2025-02-17,svp-085,518861,Normal,317.89,290.0,350.0,750.0,334.68
2025-02-17,swsh11-186,284137,Holofoil,689.18,506.1,726.75,1033.8,789.0
2025-02-17,swsh12-186,451834,Holofoil,298.42,258.34,317.99,591.2,329.99
2025-02-17,swsh12pt5gg-GG69,478100,Holofoil,211.02,205.0,229.99,1000.0,229.98
2025-02-17,swsh35-25,223018,Normal,0.09,0.03,0.15,1.49,
2025-02-17,swsh35-25,223018,Reverse Holofoil,0.28,0.09,0.27,2.0,
2025-02-17,swsh35-74,223073,Holofoil,211.02,157.0,242.69,1500.0,241.9
2025-02-17,swsh45sv-SV107,232496,Holofoil,116.49,95.0,124.49,445.06,119.99
2025-02-17,swsh7-204,246693,Holofoil,34.13,25.32,36.99,80.0,44.19
2025-02-17,swsh7-205,246696,Holofoil,424.15,419.99,492.46,551.39,491.69
2025-02-17,swsh7-208,246755,Holofoil,26.0,22.0,31.07,59.69,35.94
2025-02-17,swsh7-209,246756,Holofoil,348.34,325.0,423.95,799.99,421.99
2025-02-17,swsh7-211,246702,Holofoil,43.72,35.0,43.88,99.99,69.68
2025-02-17,swsh7-212,246704,Holofoil,425.39,399.99,492.95,1000.0,492.9
2025-02-17,swsh7-215,246723,Holofoil,1729.45,1398.0,1900.0,3000.0,1699.99
2025-02-17,swsh7-218,246733,Holofoil,764.56,799.0,890.0,1171.58,889.99
2025-02-17,swsh7-41,246753,Holofoil,4.22,2.99,4.46,19.99,6.45
2025-02-17,swsh7-65,246690,Holofoil,10.18,5.19,10.0,500.0,16.9
2025-02-17,swsh7-75,246701,Holofoil,10.25,6.99,9.79,50.0,16.95
2025-02-17,swsh7-8,246691,Holofoil,4.45,3.15,5.06,50.0,7.95
2025-02-17,swsh8-271,253266,Holofoil,735.06,599.0,800.0,1799.0,799.49
2025-02-17,swsh9-154,263873,Holofoil,202.97,194.0,225.1,1500.0,217.95
2025-02-18,base1-15,42355,Holofoil,125.02,74.8,114.99,300.0,
2025-02-18,base1-16,42356,Holofoil,39.98,19.75,33.25,77.99,59.99
2025-02-18,base1-2,42360,Holofoil,173.19,82.5,137.75,241.54,
2025-02-18,base1-4,42382,Holofoil,446.45,285.0,402.95,1249.99,
2025-02-18,base1-58,42402,Normal,3.77,0.55,2.12,9999.0,
2025-02-18,cel25c-4,250320,Holofoil,100.71,90.0,110.0,250.0,98.0
2025-02-18,gym2-2,83861,Unlimited Holofoil,307.62,300.0,356.12,599.0,349.99
2025-02-18,neo1-9,86903,1st Edition Holofoil,943.94,716.26,1976.5,2950.0,
2025-02-18,neo1-9,86903,Unlimited Holofoil,358.82,323.85,359.99,1000.0,
2025-02-18,sl-151-bundle,502000,Normal,63.57,55.0,70.5,200.0,
2025-02-18,sl-151-etb,503313,Normal,190.23,186.0,202.49,4999.99,
2025-02-18,sl-151-upc,502005,Normal,293.04,285.0,315.99,4999.99,
2025-02-18,sl-ar-box,265519,Normal,229.89,215.0,264.0,1999.99,
2025-02-18,sl-bs-box,256141,Normal,286.27,274.99,302.35,999.99,
2025-02-18,sl-cel-upc,245140,Normal,408.12,405.0,499.99,1200.0,
2025-02-18,sl-champ-etb,218791,Normal,99.74,99.99,134.45,399.99,
2025-02-18,sl-cz-etb,453470,Normal,110.13,101.98,119.99,1999.99,
2025-02-18,sl-evs-box,242436,Normal,1313.38,1274.99,1798.0,9999.99,
2025-02-18,sl-evs-etb,243721,Normal,454.87,455.0,479.95,989.89,
2025-02-18,sl-fs-box,247654,Normal,449.91,447.99,500.0,1000.0,
2025-02-18,sl-hf-etb,194729,Normal,248.28,255.0,297.45,499.99,
2025-02-18,sl-jp-151,565243,Normal,129.8,125.0,143.49,250.0,
2025-02-18,sl-jp-terastal,603428,Normal,101.36,98.0,105.0,170.0,
2025-02-18,sl-jt-box,610931,Normal,199.97,199.95,229.72,279.99,
2025-02-18,sl-lo-box,277324,Normal,354.04,360.0,449.95,1299.99,
2025-02-18,sl-obf-box,501257,Normal,188.82,177.29,225.0,999.99,
2025-02-18,sl-pe-etb,593355,Normal,119.67,114.99,137.99,300.0,
2025-02-18,sl-pf-etb,528040,Normal,98.68,93.0,103.0,209.98,
2025-02-18,sl-shf-etb,228821,Normal,74.91,63.0,80.0,499.99,
2025-02-18,sl-ss-box,565606,Normal,244.37,243.75,280.0,4999.99,
2025-02-18,sl-st-box,283389,Normal,239.18,226.99,299.0,1248.0,
2025-02-18,sl-tf-box,536225,Normal,173.98,169.99,200.0,339.98,
2025-02-18,sv2-185,497557,Normal,0.22,0.12,0.27,5.74,
2025-02-18,sv2-185,497557,Reverse Holofoil,1.19,0.18,1.03,9.99,3.99
2025-02-18,sv2-254,497669,Holofoil,15.63,13.0,16.8,100.0,24.98
2025-02-18,sv2-269,497689,Holofoil,64.48,55.0,70.0,259.99,
2025-02-18,sv3pt5-151,516566,Holofoil,8.39,4.75,8.28,24.99,11.49
2025-02-18,sv3pt5-199,517045,Holofoil,259.59,233.5,280.72,1925.0,
2025-02-18,sv3pt5-205,517051,Holofoil,14.85,12.0,15.99,50.0,16.0
2025-02-18,sv3pt5-4,502555,Normal,0.1,0.01,0.15,3.99,
2025-02-18,sv3pt5-4,502555,Reverse Holofoil,0.31,0.09,0.3,25.0,0.25
2025-02-18,sv3pt5-6,502558,Holofoil,5.48,3.0,6.0,26.0,9.89
2025-02-18,sv3pt5-7,502548,Normal,0.19,0.01,0.15,15.0,
2025-02-18,sv3pt5-7,502548,Reverse Holofoil,0.33,0.1,0.25,15.0,
2025-02-18,sv4pt5-234,535090,Holofoil,204.76,188.96,223.96,299.99,234.9
2025-02-18,sv4pt5-54,534416,Holofoil,2.92,1.5,2.95,34.99,3.3
2025-02-18,sv8-57,590025,Holofoil,6.89,5.25,7.5,25.0,
2025-02-18,sv8pt5-149,610504,Holofoil,294.64,275.0,316.2,649.0,
2025-02-18,sv8pt5-155,610510,Holofoil,418.8,441.97,450.0,899.0,
2025-02-18,sv8pt5-156,610511,Holofoil,501.59,480.01,549.99,650.0,523.99
2025-02-18,sv8pt5-161,610516,Holofoil,1580.16,1634.0,1794.5,3000.0,
2025-02-18,sv8pt5-167,610522,Holofoil,240.6,200.0,230.0,275.0,
2025-02-18,sv8pt5-179,610534,Holofoil,94.81,100.0,116.19,325.0,
2025-02-18,sv8pt5-28,610383,Holofoil,1.92,1.25,2.0,15.98,
2025-02-18,sv8pt5-47,610402,Normal,0.07,0.01,0.1,10.0,0.06
2025-02-18,sv8pt5-47,610402,Reverse Holofoil,0.11,0.04,0.15,3.99,0.11
2025-02-18,sv8pt5-59,610414,Holofoil,0.33,0.01,0.44,19.99,
2025-02-18,sv8pt5-59,610414,Reverse Holofoil,1.1,0.5,1.5,39.99,
2025-02-18,sv8pt5-60,610415,Holofoil,11.24,10.0,12.99,40.0,
2025-02-18,svp-085,518861,Normal,317.53,280.0,354.5,750.0,399.99
2025-02-18,swsh11-186,284137,Holofoil,689.18,506.1,779.48,1033.8,788.95
2025-02-18,swsh12-186,451834,Holofoil,300.73,258.34,320.0,591.2,
2025-02-18,swsh12pt5gg-GG69,478100,Holofoil,211.02,205.0,229.97,1000.0,229.97
2025-02-18,swsh35-25,223018,Normal,0.09,0.03,0.18,1.49,
2025-02-18,swsh35-25,223018,Reverse Holofoil,0.28,0.09,0.27,2.0,
2025-02-18,swsh35-74,223073,Holofoil,211.02,157.0,242.69,1500.0,241.9
2025-02-18,swsh45sv-SV107,232496,Holofoil,116.97,95.0,124.49,299.99,119.99
2025-02-18,swsh7-204,246693,Holofoil,34.13,26.0,36.99,80.0,44.19
2025-02-18,swsh7-205,246696,Holofoil,424.15,400.0,491.99,551.39,491.69
2025-02-18,swsh7-208,246755,Holofoil,26.24,22.0,29.66,59.69,35.94
2025-02-18,swsh7-209,246756,Holofoil,348.34,325.0,423.95,799.99,421.98
2025-02-18,swsh7-211,246702,Holofoil,43.72,35.0,43.8,99.99,69.68
2025-02-18,swsh7-212,246704,Holofoil,425.39,399.99,492.72,1000.0,492.48
2025-02-18,swsh7-215,246723,Holofoil,1729.45,1299.0,1879.99,2234.0,1699.99
2025-02-18,swsh7-218,246733,Holofoil,764.56,750.0,889.79,1171.69,889.89
2025-02-18,swsh7-41,246753,Holofoil,4.15,2.99,4.4,19.99,6.45
2025-02-18,swsh7-65,246690,Holofoil,10.19,5.19,10.0,500.0,16.9
2025-02-18,swsh7-75,246701,Holofoil,10.25,6.99,9.98,50.0,16.95
2025-02-18,swsh7-8,246691,Holofoil,4.42,3.25,5.01,50.0,8.69
2025-02-18,swsh8-271,253266,Holofoil,735.06,599.0,799.69,1799.0,799.49
2025-02-18,swsh9-154,263873,Holofoil,202.97,185.0,220.0,1500.0,215.6
2025-02-19,base1-15,42355,Holofoil,125.02,75.51,113.92,300.0,
2025-02-19,base1-16,42356,Holofoil,39.91,19.75,33.25,77.99,59.99
2025-02-19,base1-2,42360,Holofoil,175.04,82.5,137.75,243.76,
2025-02-19,base1-4,42382,Holofoil,446.45,299.99,450.0,1249.99,
2025-02-19,base1-58,42402,Normal,3.77,0.55,2.09,9999.0,
2025-02-19,cel25c-4,250320,Holofoil,95.2,90.0,110.0,250.0,98.0
2025-02-19,gym2-2,83861,1st Edition Holofoil,923.15,519.99,519.99,519.99,
2025-02-19,gym2-2,83861,Unlimited Holofoil,307.62,300.0,350.0,599.0,349.99
2025-02-19,neo1-9,86903,1st Edition Holofoil,943.94,716.26,1976.5,2950.0,
2025-02-19,neo1-9,86903,Unlimited Holofoil,358.82,323.85,359.99,1000.0,
2025-02-19,sl-151-bundle,502000,Normal,66.28,60.0,71.0,200.0,
2025-02-19,sl-151-etb,503313,Normal,190.7,186.0,200.0,4999.99,
2025-02-19,sl-151-upc,502005,Normal,294.49,290.69,320.0,4999.99,
2025-02-19,sl-ar-box,265519,Normal,227.01,215.0,269.48,1999.99,
2025-02-19,sl-bs-box,256141,Normal,285.87,270.98,300.0,999.99,
2025-02-19,sl-cel-upc,245140,Normal,409.19,405.0,499.99,1200.0,
2025-02-19,sl-champ-etb,218791,Normal,99.14,99.99,134.45,399.99,
2025-02-19,sl-cz-etb,453470,Normal,110.95,101.98,120.0,1999.99,
2025-02-19,sl-evs-box,242436,Normal,1313.96,1284.01,1770.3,9999.99,
2025-02-19,sl-evs-etb,243721,Normal,454.87,454.87,484.98,989.89,
2025-02-19,sl-fs-box,247654,Normal,449.84,441.0,500.0,1000.0,
2025-02-19,sl-hf-etb,194729,Normal,248.28,254.14,294.95,499.99,
2025-02-19,sl-jp-151,565243,Normal,131.44,125.0,144.99,399.99,
2025-02-19,sl-jp-terastal,603428,Normal,101.39,99.89,109.11,170.0,
2025-02-19,sl-jt-box,610931,Normal,199.93,199.93,240.0,279.99,
2025-02-19,sl-lo-box,277324,Normal,354.04,344.99,449.95,1299.99,
2025-02-19,sl-obf-box,501257,Normal,189.04,185.99,220.0,999.99,
2025-02-19,sl-pe-etb,593355,Normal,125.68,114.91,135.0,300.0,
2025-02-19,sl-pf-etb,528040,Normal,98.44,89.99,106.53,209.98,
2025-02-19,sl-shf-etb,228821,Normal,75.81,64.99,80.0,499.99,
2025-02-19,sl-ss-box,565606,Normal,249.72,249.38,292.29,4999.99,
2025-02-19,sl-st-box,283389,Normal,238.62,225.99,299.97,1248.0,
2025-02-19,sl-tf-box,536225,Normal,172.66,169.4,199.99,339.98,
2025-02-19,sv2-185,497557,Normal,0.28,0.14,0.28,5.74,
2025-02-19,sv2-185,497557,Reverse Holofoil,1.14,0.18,1.04,9.99,0.9
2025-02-19,sv2-254,497669,Holofoil,16.65,13.0,16.99,100.0,24.98
2025-02-19,sv2-269,497689,Holofoil,64.18,55.0,70.49,259.99,
2025-02-19,sv3pt5-151,516566,Holofoil,7.43,4.75,8.29,24.99,12.47
2025-02-19,sv3pt5-199,517045,Holofoil,261.23,233.5,289.98,1925.0,241.49
2025-02-19,sv3pt5-205,517051,Holofoil,14.98,12.0,15.99,50.0,13.9
2025-02-19,sv3pt5-4,502555,Normal,0.11,0.01,0.15,3.99,
2025-02-19,sv3pt5-4,502555,Reverse Holofoil,0.26,0.09,0.29,25.0,0.18
2025-02-19,sv3pt5-6,502558,Holofoil,5.21,3.0,6.0,26.0,6.0
2025-02-19,sv3pt5-7,502548,Normal,0.16,0.01,0.16,15.0,
2025-02-19,sv3pt5-7,502548,Reverse Holofoil,0.34,0.1,0.25,15.0,
2025-02-19,sv4pt5-234,535090,Holofoil,203.73,188.06,222.99,306.98,234.0
2025-02-19,sv4pt5-54,534416,Holofoil,3.12,1.5,2.99,34.99,4.99
2025-02-19,sv8-57,590025,Holofoil,6.47,5.25,7.49,25.0,6.91
2025-02-19,sv8pt5-149,610504,Holofoil,295.66,298.9,342.5,649.0,354.99
2025-02-19,sv8pt5-155,610510,Holofoil,414.81,440.0,450.0,899.0,
2025-02-19,sv8pt5-156,610511,Holofoil,501.39,457.99,537.49,650.0,523.94
2025-02-19,sv8pt5-161,610516,Holofoil,1582.88,1634.0,1794.5,3000.0,
2025-02-19,sv8pt5-167,610522,Holofoil,235.6,200.0,230.0,275.0,
2025-02-19,sv8pt5-179,610534,Holofoil,96.13,95.97,116.19,325.0,
2025-02-19,sv8pt5-28,610383,Holofoil,1.8,1.25,2.0,15.98,2.12
2025-02-19,sv8pt5-47,610402,Normal,0.06,0.01,0.1,10.0,0.06
2025-02-19,sv8pt5-47,610402,Reverse Holofoil,0.11,0.04,0.15,3.99,0.1
2025-02-19,sv8pt5-59,610414,Holofoil,0.34,0.01,0.42,19.99,
2025-02-19,sv8pt5-59,610414,Reverse Holofoil,1.09,0.5,1.66,39.99,
2025-02-19,sv8pt5-60,610415,Holofoil,11.33,9.0,12.95,40.0,11.69
2025-02-19,svp-085,518861,Normal,320.67,280.0,350.0,750.0,399.99
2025-02-19,swsh11-186,284137,Holofoil,703.0,506.86,784.95,1054.5,784.89
2025-02-19,swsh12-186,451834,Holofoil,299.75,210.0,319.05,591.2,329.98
2025-02-19,swsh12pt5gg-GG69,478100,Holofoil,211.69,205.0,229.97,1000.0,229.98
2025-02-19,swsh35-25,223018,Normal,0.09,0.03,0.16,1.49,
2025-02-19,swsh35-25,223018,Reverse Holofoil,0.28,0.09,0.27,2.0,
2025-02-19,swsh35-74,223073,Holofoil,212.29,157.0,242.69,1500.0,241.9
2025-02-19,swsh45sv-SV107,232496,Holofoil,117.52,95.0,124.97,349.95,119.99
2025-02-19,swsh7-204,246693,Holofoil,34.01,26.0,38.99,80.0,44.19
2025-02-19,swsh7-205,246696,Holofoil,427.12,400.0,491.96,555.26,420.69
2025-02-19,swsh7-208,246755,Holofoil,25.8,22.76,32.5,59.69,35.93
2025-02-19,swsh7-209,246756,Holofoil,352.76,325.0,423.95,799.99,421.98
2025-02-19,swsh7-211,246702,Holofoil,41.58,35.0,45.37,99.99,69.68
2025-02-19,swsh7-212,246704,Holofoil,435.03,399.99,492.48,1000.0,492.46
2025-02-19,swsh7-215,246723,Holofoil,1795.25,1297.0,1870.47,2234.0,1649.98
2025-02-19,swsh7-218,246733,Holofoil,751.32,525.0,882.24,1170.07,888.88
2025-02-19,swsh7-41,246753,Holofoil,4.25,3.05,4.39,19.99,6.45
2025-02-19,swsh7-65,246690,Holofoil,9.06,5.19,10.0,500.0,16.91
2025-02-19,swsh7-75,246701,Holofoil,10.53,6.99,9.99,50.0,16.98
2025-02-19,swsh7-8,246691,Holofoil,4.86,3.25,5.05,50.0,8.98
2025-02-19,swsh8-271,253266,Holofoil,724.54,599.0,799.95,1799.0,794.98
2025-02-19,swsh9-154,263873,Holofoil,202.33,185.0,221.02,1500.0,219.99
2025-02-20,base1-15,42355,Holofoil,125.02,72.99,114.99,300.0,
2025-02-20,base1-16,42356,Holofoil,39.91,19.75,33.0,77.99,59.99
2025-02-20,base1-2,42360,Holofoil,174.56,82.5,137.75,243.7,88.75
2025-02-20,base1-4,42382,Holofoil,446.45,300.0,521.89,1249.99,
2025-02-20,base1-58,42402,Normal,3.6,0.5,2.01,9999.0,
2025-02-20,cel25c-4,250320,Holofoil,94.57,90.0,110.0,250.0,95.0
2025-02-20,gym2-2,83861,Unlimited Holofoil,307.62,300.0,350.0,599.0,349.99
2025-02-20,neo1-9,86903,1st Edition Holofoil,943.94,716.26,1976.5,2950.0,
2025-02-20,neo1-9,86903,Unlimited Holofoil,358.82,323.85,359.99,1000.0,
2025-02-20,sl-151-bundle,502000,Normal,67.56,60.0,71.0,200.0,
2025-02-20,sl-151-etb,503313,Normal,192.69,186.0,200.0,4999.99,
2025-02-20,sl-151-upc,502005,Normal,286.5,250.0,334.39,4999.99,
2025-02-20,sl-ar-box,265519,Normal,225.35,225.0,280.0,1999.99,
2025-02-20,sl-bs-box,256141,Normal,285.16,274.99,307.34,999.99,
2025-02-20,sl-cel-upc,245140,Normal,411.79,404.99,499.99,1200.0,
2025-02-20,sl-champ-etb,218791,Normal,98.22,100.0,134.45,399.99,
2025-02-20,sl-cz-etb,453470,Normal,111.5,103.0,120.0,1999.99,
2025-02-20,sl-evs-box,242436,Normal,1314.9,1313.38,1798.0,9999.99,
2025-02-20,sl-evs-etb,243721,Normal,454.87,454.87,484.98,989.89,
2025-02-20,sl-fs-box,247654,Normal,449.05,441.0,500.0,1000.0,
2025-02-20,sl-hf-etb,194729,Normal,248.28,249.14,294.95,499.99,
2025-02-20,sl-jp-151,565243,Normal,132.69,129.0,149.99,399.99,
2025-02-20,sl-jp-terastal,603428,Normal,102.46,100.0,110.0,170.0,
2025-02-20,sl-jt-box,610931,Normal,197.53,197.49,234.88,279.99,
2025-02-20,sl-lo-box,277324,Normal,355.75,344.99,422.46,1299.99,
2025-02-20,sl-obf-box,501257,Normal,190.66,185.99,220.0,999.99,
2025-02-20,sl-pe-etb,593355,Normal,91.54,113.99,135.0,300.0,
2025-02-20,sl-pf-etb,528040,Normal,98.53,95.0,109.47,209.98,
2025-02-20,sl-shf-etb,228821,Normal,74.53,65.99,80.0,499.99,
2025-02-20,sl-ss-box,565606,Normal,252.63,249.99,291.0,4999.99,
2025-02-20,sl-st-box,283389,Normal,239.15,237.0,299.98,1248.0,
2025-02-20,sl-tf-box,536225,Normal,171.5,169.39,200.0,339.98,
2025-02-20,sv2-185,497557,Normal,0.27,0.15,0.28,5.74,
2025-02-20,sv2-185,497557,Reverse Holofoil,1.21,0.18,1.08,9.99,1.43
2025-02-20,sv2-254,497669,Holofoil,16.73,13.0,17.72,100.0,25.7
2025-02-20,sv2-269,497689,Holofoil,64.06,55.0,70.61,259.99,69.87
2025-02-20,sv3pt5-151,516566,Holofoil,7.91,4.75,8.25,24.99,7.25
2025-02-20,sv3pt5-199,517045,Holofoil,258.14,240.0,290.0,1925.0,299.98
2025-02-20,sv3pt5-205,517051,Holofoil,14.97,12.0,15.93,50.0,14.5
2025-02-20,sv3pt5-4,502555,Normal,0.12,0.01,0.15,4.95,
2025-02-20,sv3pt5-4,502555,Reverse Holofoil,0.25,0.09,0.28,25.0,
2025-02-20,sv3pt5-6,502558,Holofoil,5.79,3.75,6.0,26.0,9.94
2025-02-20,sv3pt5-7,502548,Normal,0.13,0.01,0.15,15.0,
2025-02-20,sv3pt5-7,502548,Reverse Holofoil,0.22,0.1,0.25,15.0,
2025-02-20,sv4pt5-234,535090,Holofoil,204.78,187.16,225.05,299.99,208.0
2025-02-20,sv4pt5-54,534416,Holofoil,2.89,1.5,3.0,34.99,2.97
2025-02-20,sv8-57,590025,Holofoil,6.83,5.49,7.49,25.0,7.9
2025-02-20,sv8pt5-149,610504,Holofoil,295.86,300.0,354.99,649.0,354.99
2025-02-20,sv8pt5-155,610510,Holofoil,416.43,435.0,450.0,899.0,
2025-02-20,sv8pt5-156,610511,Holofoil,501.11,480.01,524.47,650.0,501.1
2025-02-20,sv8pt5-161,610516,Holofoil,1582.88,1600.0,1775.0,3000.0,
2025-02-20,sv8pt5-167,610522,Holofoil,235.24,200.0,230.0,275.0,
2025-02-20,sv8pt5-179,610534,Holofoil,96.16,95.97,117.62,325.0,
2025-02-20,sv8pt5-28,610383,Holofoil,1.72,1.25,2.0,15.98,
2025-02-20,sv8pt5-47,610402,Normal,0.07,0.01,0.1,10.0,0.06
2025-02-20,sv8pt5-47,610402,Reverse Holofoil,0.11,0.04,0.15,4.95,0.1
2025-02-20,sv8pt5-59,610414,Holofoil,0.36,0.01,0.41,19.99,
2025-02-20,sv8pt5-59,610414,Reverse Holofoil,1.21,0.5,1.66,39.99,1.25
2025-02-20,sv8pt5-60,610415,Holofoil,10.76,9.7,13.0,40.0,
2025-02-20,svp-085,518861,Normal,321.63,280.0,352.25,750.0,399.99
2025-02-20,swsh11-186,284137,Holofoil,708.2,506.86,784.74,1062.3,784.0
2025-02-20,swsh12-186,451834,Holofoil,300.23,260.0,325.0,591.2,329.99
2025-02-20,swsh12pt5gg-GG69,478100,Holofoil,212.1,186.38,229.25,1000.0,229.98
2025-02-20,swsh35-25,223018,Normal,0.09,0.03,0.17,1.49,
2025-02-20,swsh35-25,223018,Reverse Holofoil,0.28,0.09,0.27,2.0,
2025-02-20,swsh35-74,223073,Holofoil,212.29,157.0,242.88,1500.0,241.9
2025-02-20,swsh45sv-SV107,232496,Holofoil,117.93,95.0,125.0,349.95,119.99
2025-02-20,swsh7-204,246693,Holofoil,34.01,26.0,38.99,80.0,44.19
2025-02-20,swsh7-205,246696,Holofoil,438.35,400.0,492.93,699.69,492.92
2025-02-20,swsh7-208,246755,Holofoil,25.82,22.76,32.25,59.69,35.93
2025-02-20,swsh7-209,246756,Holofoil,351.83,325.0,421.99,799.99,421.98
2025-02-20,swsh7-211,246702,Holofoil,41.58,35.0,45.37,99.99,49.24
2025-02-20,swsh7-212,246704,Holofoil,435.03,399.99,499.95,1000.0,492.47
2025-02-20,swsh7-215,246723,Holofoil,1767.24,1297.0,1860.95,2234.0,1649.98
2025-02-20,swsh7-218,246733,Holofoil,751.32,650.0,881.84,1152.52,888.88
2025-02-20,swsh7-41,246753,Holofoil,4.32,2.77,4.4,19.99,6.45
2025-02-20,swsh7-65,246690,Holofoil,9.3,5.19,9.99,500.0,9.75
2025-02-20,swsh7-75,246701,Holofoil,10.22,7.0,9.99,50.0,9.65
2025-02-20,swsh7-8,246691,Holofoil,4.83,3.0,5.06,50.0,8.98
2025-02-20,swsh8-271,253266,Holofoil,724.54,599.0,799.95,1799.0,794.98
2025-02-20,swsh9-154,263873,Holofoil,202.67,185.0,221.72,1500.0,219.99
2025-02-21,base1-15,42355,Holofoil,125.02,72.99,118.18,300.0,
2025-02-21,base1-16,42356,Holofoil,39.73,19.75,33.0,77.99,37.82
2025-02-21,base1-2,42360,Holofoil,174.56,82.5,151.98,243.38,88.75
2025-02-21,base1-4,42382,Holofoil,446.45,300.0,468.77,1249.99,
2025-02-21,base1-58,42402,Normal,3.54,0.5,2.02,9999.0,1.38
2025-02-21,cel25c-4,250320,Holofoil,95.06,90.99,109.95,250.0,95.07
2025-02-21,gym2-2,83861,Unlimited Holofoil,307.62,300.0,350.0,599.0,349.99
2025-02-21,neo1-9,86903,1st Edition Holofoil,943.94,716.26,1976.5,2950.0,
2025-02-21,neo1-9,86903,Unlimited Holofoil,358.82,323.85,359.99,1000.0,
2025-02-21,sl-151-bundle,502000,Normal,65.13,60.0,71.0,200.0,
2025-02-21,sl-151-etb,503313,Normal,193.8,189.22,200.0,4999.99,
2025-02-21,sl-151-upc,502005,Normal,289.56,289.99,349.33,4999.99,
2025-02-21,sl-ar-box,265519,Normal,227.31,240.0,299.95,1999.99,
2025-02-21,sl-bs-box,256141,Normal,284.9,274.99,302.35,999.99,
2025-02-21,sl-cel-upc,245140,Normal,412.79,404.99,499.99,1200.0,
2025-02-21,sl-champ-etb,218791,Normal,98.26,89.0,139.47,399.99,
2025-02-21,sl-cz-etb,453470,Normal,109.81,89.0,120.99,1999.99,
2025-02-21,sl-evs-box,242436,Normal,1319.09,1313.38,1798.0,9999.99,
2025-02-21,sl-evs-etb,243721,Normal,457.59,454.87,492.5,989.89,
2025-02-21,sl-fs-box,247654,Normal,449.09,444.99,500.0,1000.0,
2025-02-21,sl-hf-etb,194729,Normal,250.01,225.0,294.97,499.99,
2025-02-21,sl-jp-151,565243,Normal,136.63,135.0,149.99,399.99,
2025-02-21,sl-jp-terastal,603428,Normal,106.28,105.0,119.99,170.0,
2025-02-21,sl-jt-box,610931,Normal,197.52,197.42,240.0,279.99,
2025-02-21,sl-lo-box,277324,Normal,361.06,369.99,491.6,1299.99,
2025-02-21,sl-obf-box,501257,Normal,192.22,185.99,220.0,999.99,
2025-02-21,sl-pe-etb,593355,Normal,129.74,119.01,139.99,499.99,
2025-02-21,sl-pf-etb,528040,Normal,100.95,94.99,106.75,209.98,
2025-02-21,sl-shf-etb,228821,Normal,72.59,63.95,80.0,499.99,
2025-02-21,sl-ss-box,565606,Normal,257.07,249.99,291.99,4999.99,
2025-02-21,sl-st-box,283389,Normal,238.78,236.9,299.98,1248.0,
2025-02-21,sl-tf-box,536225,Normal,171.4,164.4,200.0,339.98,
2025-02-21,sv2-185,497557,Normal,0.26,0.15,0.28,5.74,
2025-02-21,sv2-185,497557,Reverse Holofoil,1.4,0.18,1.09,9.99,1.07
2025-02-21,sv2-254,497669,Holofoil,16.37,13.0,17.99,100.0,17.99
2025-02-21,sv2-269,497689,Holofoil,64.39,55.0,70.69,259.99,64.39
2025-02-21,sv3pt5-151,516566,Holofoil,7.24,4.75,8.2,24.99,11.1
2025-02-21,sv3pt5-199,517045,Holofoil,262.08,240.0,290.0,1925.0,299.99
2025-02-21,sv3pt5-205,517051,Holofoil,14.57,10.0,15.93,50.0,18.99
2025-02-21,sv3pt5-4,502555,Normal,0.13,0.01,0.15,4.95,0.03
2025-02-21,sv3pt5-4,502555,Reverse Holofoil,0.28,0.09,0.29,25.0,0.25
2025-02-21,sv3pt5-6,502558,Holofoil,5.64,3.99,6.0,26.0,9.93
2025-02-21,sv3pt5-7,502548,Normal,0.11,0.01,0.15,15.0,0.03
2025-02-21,sv3pt5-7,502548,Reverse Holofoil,0.21,0.1,0.25,15.0,0.14
2025-02-21,sv4pt5-234,535090,Holofoil,203.9,186.26,221.6,299.99,208.0
2025-02-21,sv4pt5-54,534416,Holofoil,3.18,1.5,3.0,34.99,4.98
2025-02-21,sv8-57,590025,Holofoil,6.99,5.75,7.5,25.0,6.79
2025-02-21,sv8pt5-149,610504,Holofoil,295.86,295.0,354.99,649.0,354.99
2025-02-21,sv8pt5-155,610510,Holofoil,416.43,435.0,449.97,899.0,
2025-02-21,sv8pt5-156,610511,Holofoil,501.15,425.0,501.39,750.0,501.1
2025-02-21,sv8pt5-161,610516,Holofoil,1610.84,1500.0,1729.0,3000.0,
2025-02-21,sv8pt5-167,610522,Holofoil,232.16,218.0,231.98,275.0,
2025-02-21,sv8pt5-179,610534,Holofoil,96.79,95.0,116.23,325.0,
2025-02-21,sv8pt5-28,610383,Holofoil,1.75,1.25,2.0,15.98,
2025-02-21,sv8pt5-47,610402,Normal,0.07,0.01,0.1,10.0,0.06
2025-02-21,sv8pt5-47,610402,Reverse Holofoil,0.11,0.04,0.15,4.95,0.1
2025-02-21,sv8pt5-59,610414,Holofoil,0.37,0.03,0.4,19.99,0.35
2025-02-21,sv8pt5-59,610414,Reverse Holofoil,1.23,0.5,1.5,39.99,1.13
2025-02-21,sv8pt5-60,610415,Holofoil,10.88,9.7,12.99,40.0,11.77
2025-02-21,svp-085,518861,Normal,322.67,280.0,375.24,750.0,399.99
2025-02-21,swsh11-186,284137,Holofoil,708.2,505.0,781.48,1269.69,783.95
2025-02-21,swsh12-186,451834,Holofoil,298.9,263.0,327.99,591.2,327.98
2025-02-21,swsh12pt5gg-GG69,478100,Holofoil,212.88,197.0,229.0,1000.0,229.98
2025-02-21,swsh35-25,223018,Normal,0.09,0.03,0.18,1.49,
2025-02-21,swsh35-25,223018,Reverse Holofoil,0.3,0.09,0.27,2.0,
2025-02-21,swsh35-74,223073,Holofoil,212.29,157.0,242.69,1500.0,239.99
2025-02-21,swsh45sv-SV107,232496,Holofoil,118.09,95.0,126.0,349.95,119.99
2025-02-21,swsh7-204,246693,Holofoil,33.85,26.0,39.0,80.0,44.19
2025-02-21,swsh7-205,246696,Holofoil,438.35,400.0,496.47,699.69,492.92
2025-02-21,swsh7-208,246755,Holofoil,25.82,22.76,32.0,59.69,35.93
2025-02-21,swsh7-209,246756,Holofoil,351.83,325.0,421.98,799.99,421.98
2025-02-21,swsh7-211,246702,Holofoil,40.47,35.0,45.49,99.99,49.24
2025-02-21,swsh7-212,246704,Holofoil,435.03,399.99,499.93,1000.0,492.38
2025-02-21,swsh7-215,246723,Holofoil,1747.73,1297.0,1870.47,2234.0,1649.98
2025-02-21,swsh7-218,246733,Holofoil,751.32,650.0,888.49,1151.01,888.49
2025-02-21,swsh7-41,246753,Holofoil,4.42,2.77,4.47,19.99,6.45
2025-02-21,swsh7-65,246690,Holofoil,9.08,5.19,9.99,500.0,16.91
2025-02-21,swsh7-75,246701,Holofoil,10.1,7.0,10.0,50.0,13.59
2025-02-21,swsh7-8,246691,Holofoil,4.67,3.0,5.06,50.0,8.68
2025-02-21,swsh8-271,253266,Holofoil,724.54,599.0,799.69,1799.0,794.49
2025-02-21,swsh9-154,263873,Holofoil,202.47,194.0,220.75,1500.0,219.99
2025-02-22,base1-15,42355,Holofoil,125.02,74.8,119.09,300.0,
2025-02-22,base1-16,42356,Holofoil,39.73,19.75,35.8,77.99,59.99
2025-02-22,base1-2,42360,Holofoil,168.56,104.95,152.83,235.22,88.75
2025-02-22,base1-4,42382,Holofoil,446.45,285.0,468.77,1249.99,
2025-02-22,base1-58,42402,Normal,3.34,0.5,2.13,9999.0,2.0
2025-02-22,cel25c-4,250320,Holofoil,95.06,93.99,110.0,250.0,95.07
2025-02-22,gym2-2,83861,Unlimited Holofoil,307.62,300.0,350.0,599.0,349.99
2025-02-22,neo1-9,86903,1st Edition Holofoil,943.94,716.26,1003.99,2950.0,
2025-02-22,neo1-9,86903,Unlimited Holofoil,358.82,323.85,357.27,1000.0,
2025-02-22,sl-151-bundle,502000,Normal,66.17,60.0,71.0,200.0,
2025-02-22,sl-151-etb,503313,Normal,194.88,192.99,200.0,4999.99,
2025-02-22,sl-151-upc,502005,Normal,290.65,289.56,349.93,4999.99,
2025-02-22,sl-ar-box,265519,Normal,227.31,240.0,299.95,1999.99,
2025-02-22,sl-bs-box,256141,Normal,285.01,274.99,300.0,999.99,
2025-02-22,sl-cel-upc,245140,Normal,412.79,404.99,499.99,1200.0,
2025-02-22,sl-champ-etb,218791,Normal,101.7,89.0,128.98,399.99,
2025-02-22,sl-cz-etb,453470,Normal,105.93,103.0,120.98,1999.99,
2025-02-22,sl-evs-box,242436,Normal,1319.09,1299.95,1798.99,9999.99,
2025-02-22,sl-evs-etb,243721,Normal,459.99,454.87,492.5,989.89,
2025-02-22,sl-fs-box,247654,Normal,448.89,450.0,500.0,1000.0,
2025-02-22,sl-hf-etb,194729,Normal,250.21,254.99,294.99,499.99,
2025-02-22,sl-jp-151,565243,Normal,139.25,135.0,150.0,399.99,
2025-02-22,sl-jp-terastal,603428,Normal,109.4,105.0,120.0,170.0,
2025-02-22,sl-jt-box,610931,Normal,196.73,195.0,229.75,279.99,
2025-02-22,sl-lo-box,277324,Normal,363.65,385.0,499.99,1299.99,
2025-02-22,sl-obf-box,501257,Normal,192.55,185.99,220.0,999.99,
2025-02-22,sl-pe-etb,593355,Normal,126.86,120.0,145.0,499.99,
2025-02-22,sl-pf-etb,528040,Normal,102.69,95.0,109.95,209.98,
2025-02-22,sl-shf-etb,228821,Normal,72.43,65.99,80.0,499.99,
2025-02-22,sl-ss-box,565606,Normal,256.95,239.98,293.79,4999.99,
2025-02-22,sl-st-box,283389,Normal,238.58,236.9,299.98,1248.0,
2025-02-22,sl-tf-box,536225,Normal,171.69,169.99,200.0,339.98,
2025-02-22,sv2-185,497557,Normal,0.28,0.15,0.28,5.74,
2025-02-22,sv2-185,497557,Reverse Holofoil,1.16,0.18,1.08,9.99,2.77
2025-02-22,sv2-254,497669,Holofoil,15.78,13.0,17.99,100.0,17.99
2025-02-22,sv2-269,497689,Holofoil,64.37,57.0,73.53,259.99,69.99
2025-02-22,sv3pt5-151,516566,Holofoil,9.02,4.75,8.25,24.99,11.97
2025-02-22,sv3pt5-199,517045,Holofoil,262.06,228.64,290.0,1925.0,299.99
2025-02-22,sv3pt5-205,517051,Holofoil,14.62,11.0,15.9,50.0,17.97
2025-02-22,sv3pt5-4,502555,Normal,0.12,0.01,0.15,4.95,0.03
2025-02-22,sv3pt5-4,502555,Reverse Holofoil,0.29,0.09,0.29,25.0,
2025-02-22,sv3pt5-6,502558,Holofoil,6.35,3.99,6.0,26.0,9.94
2025-02-22,sv3pt5-7,502548,Normal,0.14,0.01,0.15,15.0,0.03
2025-02-22,sv3pt5-7,502548,Reverse Holofoil,0.23,0.1,0.25,15.0,0.14
2025-02-22,sv4pt5-234,535090,Holofoil,203.34,186.26,220.76,299.99,299.99
2025-02-22,sv4pt5-54,534416,Holofoil,2.82,1.75,3.0,34.99,4.82
2025-02-22,sv8-57,590025,Holofoil,7.3,5.99,7.49,25.0,7.3
2025-02-22,sv8pt5-149,610504,Holofoil,296.0,300.0,375.37,649.0,354.99
2025-02-22,sv8pt5-155,610510,Holofoil,420.47,435.0,449.97,899.0,
2025-02-22,sv8pt5-156,610511,Holofoil,501.15,425.0,519.95,750.0,501.1
2025-02-22,sv8pt5-161,610516,Holofoil,1610.84,1500.0,1782.5,3000.0,
2025-02-22,sv8pt5-167,610522,Holofoil,231.19,218.0,230.0,275.0,
2025-02-22,sv8pt5-179,610534,Holofoil,97.33,95.0,115.0,325.0,
2025-02-22,sv8pt5-28,610383,Holofoil,1.87,1.0,2.0,15.98,
2025-02-22,sv8pt5-47,610402,Normal,0.07,0.01,0.1,10.0,0.06
2025-02-22,sv8pt5-47,610402,Reverse Holofoil,0.1,0.04,0.15,4.95,0.1
2025-02-22,sv8pt5-59,610414,Holofoil,0.33,0.03,0.42,19.99,
2025-02-22,sv8pt5-59,610414,Reverse Holofoil,1.12,0.5,1.46,39.99,
2025-02-22,sv8pt5-60,610415,Holofoil,11.17,9.0,12.95,40.0,
2025-02-22,svp-085,518861,Normal,322.67,299.99,350.0,750.0,399.99
2025-02-22,swsh11-186,284137,Holofoil,708.2,505.99,783.94,1269.69,783.5
2025-02-22,swsh12-186,451834,Holofoil,295.35,263.02,322.5,591.2,296.99
2025-02-22,swsh12pt5gg-GG69,478100,Holofoil,212.68,200.0,224.99,1000.0,213.1
2025-02-22,swsh35-25,223018,Normal,0.09,0.03,0.15,1.49,
2025-02-22,swsh35-25,223018,Reverse Holofoil,0.3,0.09,0.28,2.0,
2025-02-22,swsh35-74,223073,Holofoil,210.65,157.0,242.69,1500.0,239.99
2025-02-22,swsh45sv-SV107,232496,Holofoil,118.07,95.0,129.0,349.95,119.99
2025-02-22,swsh7-204,246693,Holofoil,33.6,26.0,39.0,80.0,44.19
2025-02-22,swsh7-205,246696,Holofoil,438.35,400.0,496.47,699.69,492.92
2025-02-22,swsh7-208,246755,Holofoil,25.95,22.76,32.0,59.69,35.92
2025-02-22,swsh7-209,246756,Holofoil,351.83,325.0,421.94,799.99,421.89
2025-02-22,swsh7-211,246702,Holofoil,40.13,35.0,45.49,99.99,49.24
2025-02-22,swsh7-212,246704,Holofoil,435.03,399.99,492.47,1000.0,491.99
2025-02-22,swsh7-215,246723,Holofoil,1747.73,1250.0,1870.47,2199.99,1499.99
2025-02-22,swsh7-218,246733,Holofoil,751.32,625.0,887.99,1151.93,887.98
2025-02-22,swsh7-41,246753,Holofoil,4.27,2.77,4.49,89.0,5.32
2025-02-22,swsh7-65,246690,Holofoil,9.08,5.19,9.99,500.0,16.9
2025-02-22,swsh7-75,246701,Holofoil,9.14,7.0,9.99,50.0,13.4
2025-02-22,swsh7-8,246691,Holofoil,4.67,3.0,5.05,50.0,8.09
2025-02-22,swsh8-271,253266,Holofoil,724.54,550.0,799.82,1799.0,794.49
2025-02-22,swsh9-154,263873,Holofoil,202.51,194.0,220.0,1500.0,219.99
2025-02-23,base1-15,42355,Holofoil,125.02,74.8,118.18,300.0,
2025-02-23,base1-16,42356,Holofoil,39.73,19.75,37.54,9999.0,59.99
2025-02-23,base1-2,42360,Holofoil,168.56,91.99,152.83,234.79,88.75
2025-02-23,base1-4,42382,Holofoil,378.71,330.0,565.09,1249.99,
2025-02-23,base1-58,42402,Normal,3.25,0.5,2.15,9999.0,2.0
2025-02-23,cel25c-4,250320,Holofoil,87.12,40.0,110.29,250.0,98.0
2025-02-23,gym2-2,83861,Unlimited Holofoil,307.62,300.0,350.0,599.0,349.99
2025-02-23,neo1-9,86903,1st Edition Holofoil,943.94,716.26,1003.99,2950.0,
2025-02-23,neo1-9,86903,Unlimited Holofoil,358.82,323.85,359.99,1000.0,
2025-02-23,sl-151-bundle,502000,Normal,66.44,60.0,71.0,200.0,
2025-02-23,sl-151-etb,503313,Normal,194.73,192.99,200.0,4999.99,
2025-02-23,sl-151-upc,502005,Normal,295.9,289.56,350.0,4999.99,
2025-02-23,sl-ar-box,265519,Normal,226.91,240.0,299.95,1999.99,
2025-02-23,sl-bs-box,256141,Normal,286.61,274.99,300.0,999.99,
2025-02-23,sl-cel-upc,245140,Normal,412.79,404.99,499.99,1200.0,
2025-02-23,sl-champ-etb,218791,Normal,100.95,89.0,148.99,399.99,
2025-02-23,sl-cz-etb,453470,Normal,105.91,103.0,120.99,1999.99,
2025-02-23,sl-evs-box,242436,Normal,1321.3,1309.89,1798.99,9999.99,
2025-02-23,sl-evs-etb,243721,Normal,462.07,454.87,490.0,989.89,
2025-02-23,sl-fs-box,247654,Normal,449.26,457.5,500.0,1000.0,
2025-02-23,sl-hf-etb,194729,Normal,251.02,254.99,299.95,499.99,
2025-02-23,sl-jp-151,565243,Normal,140.93,135.0,150.5,399.99,
2025-02-23,sl-jp-terastal,603428,Normal,110.14,108.0,120.0,170.0,
2025-02-23,sl-jt-box,610931,Normal,196.75,195.0,220.15,279.99,
2025-02-23,sl-lo-box,277324,Normal,367.61,392.0,491.6,1299.99,
2025-02-23,sl-obf-box,501257,Normal,192.43,185.0,220.0,999.99,
2025-02-23,sl-pe-etb,593355,Normal,132.01,125.0,149.0,499.99,
2025-02-23,sl-pf-etb,528040,Normal,105.6,95.0,109.95,209.98,
2025-02-23,sl-shf-etb,228821,Normal,71.08,63.95,80.0,499.99,
2025-02-23,sl-ss-box,565606,Normal,257.02,256.0,299.0,4999.99,
2025-02-23,sl-st-box,283389,Normal,237.5,240.0,299.99,1248.0,
2025-02-23,sl-tf-box,536225,Normal,172.53,169.99,200.0,339.98,
2025-02-23,sv2-185,497557,Normal,0.27,0.15,0.29,5.74,
2025-02-23,sv2-185,497557,Reverse Holofoil,1.69,0.18,1.09,9.99,4.5
2025-02-23,sv2-254,497669,Holofoil,16.25,13.0,18.0,100.0,17.99
2025-02-23,sv2-269,497689,Holofoil,64.27,58.0,74.03,259.99,73.09
2025-02-23,sv3pt5-151,516566,Holofoil,8.49,5.48,8.35,24.99,11.53
2025-02-23,sv3pt5-199,517045,Holofoil,268.77,228.64,290.0,1925.0,300.0
2025-02-23,sv3pt5-205,517051,Holofoil,14.68,12.0,15.82,55.0,17.97
2025-02-23,sv3pt5-4,502555,Normal,0.15,0.01,0.15,4.95,
2025-02-23,sv3pt5-4,502555,Reverse Holofoil,0.3,0.08,0.28,25.0,
2025-02-23,sv3pt5-6,502558,Holofoil,6.28,3.99,6.1,26.0,6.04
2025-02-23,sv3pt5-7,502548,Normal,0.13,0.01,0.15,15.0,
2025-02-23,sv3pt5-7,502548,Reverse Holofoil,0.26,0.1,0.25,15.0,
2025-02-23,sv4pt5-234,535090,Holofoil,202.43,186.26,220.35,499.98,299.99
2025-02-23,sv4pt5-54,534416,Holofoil,3.03,1.75,3.0,34.99,2.95
2025-02-23,sv8-57,590025,Holofoil,7.12,5.99,7.49,25.0,
2025-02-23,sv8pt5-149,610504,Holofoil,298.28,297.5,317.4,620.0,
2025-02-23,sv8pt5-155,610510,Holofoil,419.68,405.0,445.0,899.0,
2025-02-23,sv8pt5-156,610511,Holofoil,496.19,480.01,501.25,750.0,501.09
2025-02-23,sv8pt5-161,610516,Holofoil,1600.28,1600.0,1794.5,3000.0,
2025-02-23,sv8pt5-167,610522,Holofoil,228.11,218.0,230.0,275.0,
2025-02-23,sv8pt5-179,610534,Holofoil,97.53,95.0,114.99,325.0,
2025-02-23,sv8pt5-28,610383,Holofoil,1.74,1.18,2.0,15.98,
2025-02-23,sv8pt5-47,610402,Normal,0.07,0.01,0.09,10.0,0.05
2025-02-23,sv8pt5-47,610402,Reverse Holofoil,0.1,0.04,0.15,4.95,0.1
2025-02-23,sv8pt5-59,610414,Holofoil,0.43,0.03,0.4,19.99,
2025-02-23,sv8pt5-59,610414,Reverse Holofoil,1.2,0.5,1.42,39.99,
2025-02-23,sv8pt5-60,610415,Holofoil,10.39,9.7,12.97,40.0,
2025-02-23,svp-085,518861,Normal,323.52,299.99,350.25,750.0,399.99
2025-02-23,swsh11-186,284137,Holofoil,708.07,505.99,773.3,1269.69,783.0
2025-02-23,swsh12-186,451834,Holofoil,293.2,295.0,327.99,591.2,296.99
2025-02-23,swsh12pt5gg-GG69,478100,Holofoil,214.44,199.01,224.99,1000.0,228.9
2025-02-23,swsh35-25,223018,Normal,0.1,0.03,0.17,1.49,
2025-02-23,swsh35-25,223018,Reverse Holofoil,0.3,0.09,0.28,2.0,
2025-02-23,swsh35-74,223073,Holofoil,210.65,157.0,242.69,1500.0,239.99
2025-02-23,swsh45sv-SV107,232496,Holofoil,118.07,115.0,129.0,349.95,119.99
2025-02-23,swsh7-204,246693,Holofoil,33.6,26.0,38.64,80.0,44.19
2025-02-23,swsh7-205,246696,Holofoil,439.15,400.0,496.47,699.69,492.92
2025-02-23,swsh7-208,246755,Holofoil,25.95,22.07,32.0,59.69,35.92
2025-02-23,swsh7-209,246756,Holofoil,351.83,315.0,421.89,799.99,421.88
2025-02-23,swsh7-211,246702,Holofoil,40.13,35.0,45.31,99.99,49.24
2025-02-23,swsh7-212,246704,Holofoil,431.43,399.99,494.31,1000.0,491.99
2025-02-23,swsh7-215,246723,Holofoil,1747.73,1250.0,1870.47,2199.99,1599.99
2025-02-23,swsh7-218,246733,Holofoil,751.32,625.0,887.39,1149.88,887.38
2025-02-23,swsh7-41,246753,Holofoil,4.36,2.77,4.5,89.0,6.44
2025-02-23,swsh7-65,246690,Holofoil,9.59,5.19,9.97,500.0,16.9
2025-02-23,swsh7-75,246701,Holofoil,9.05,7.0,9.99,50.0,11.37
2025-02-23,swsh7-8,246691,Holofoil,4.68,3.0,5.14,50.0,6.49
2025-02-23,swsh8-271,253266,Holofoil,718.11,550.0,799.69,1799.0,794.49
2025-02-23,swsh9-154,263873,Holofoil,203.43,194.0,220.0,1500.0,219.99
2025-02-24,base1-15,42355,Holofoil,125.02,74.8,119.09,300.0,
2025-02-24,base1-16,42356,Holofoil,39.73,19.75,36.7,9999.0,59.99
2025-02-24,base1-2,42360,Holofoil,168.56,91.99,151.7,235.87,
2025-02-24,base1-4,42382,Holofoil,378.71,289.43,529.9,1249.99,
2025-02-24,base1-58,42402,Normal,3.31,0.5,2.19,9999.0,2.51
2025-02-24,cel25c-4,250320,Holofoil,86.05,89.99,110.0,250.0,98.0
2025-02-24,gym2-2,83861,Unlimited Holofoil,307.62,300.0,350.0,599.0,349.99
2025-02-24,neo1-9,86903,1st Edition Holofoil,943.94,716.26,1002.0,2950.0,
2025-02-24,neo1-9,86903,Unlimited Holofoil,358.82,323.85,359.99,1000.0,
2025-02-24,sl-151-bundle,502000,Normal,66.77,60.0,72.0,200.0,
2025-02-24,sl-151-etb,503313,Normal,195.81,193.99,201.0,4999.99,
2025-02-24,sl-151-upc,502005,Normal,295.39,287.95,350.0,4999.99,
2025-02-24,sl-ar-box,265519,Normal,229.43,250.0,300.0,1999.99,
2025-02-24,sl-bs-box,256141,Normal,287.03,274.99,304.69,999.99,
2025-02-24,sl-cel-upc,245140,Normal,413.93,404.99,500.0,1200.0,
2025-02-24,sl-champ-etb,218791,Normal,98.47,109.99,149.97,399.99,
2025-02-24,sl-cz-etb,453470,Normal,112.03,103.0,120.98,1999.99,
2025-02-24,sl-evs-box,242436,Normal,1321.3,1300.0,1798.99,9999.99,
2025-02-24,sl-evs-etb,243721,Normal,463.86,459.99,492.5,989.89,
2025-02-24,sl-fs-box,247654,Normal,449.96,460.0,502.5,1000.0,
2025-02-24,sl-hf-etb,194729,Normal,252.82,254.99,299.95,499.99,
2025-02-24,sl-jp-151,565243,Normal,142.48,135.5,150.5,399.99,
2025-02-24,sl-jp-terastal,603428,Normal,112.46,110.0,120.0,170.0,
2025-02-24,sl-jt-box,610931,Normal,200.27,199.85,239.32,279.99,
2025-02-24,sl-lo-box,277324,Normal,367.29,392.0,449.97,1299.99,
2025-02-24,sl-obf-box,501257,Normal,191.65,185.0,225.0,999.99,
2025-02-24,sl-pe-etb,593355,Normal,132.72,124.0,149.91,499.99,
2025-02-24,sl-pf-etb,528040,Normal,105.48,95.0,109.95,209.98,
2025-02-24,sl-shf-etb,228821,Normal,70.88,65.0,80.0,499.99,
2025-02-24,sl-ss-box,565606,Normal,256.54,255.99,298.0,4999.99,
2025-02-24,sl-st-box,283389,Normal,239.06,245.98,299.99,1248.0,
2025-02-24,sl-tf-box,536225,Normal,174.43,169.99,200.0,339.98,
2025-02-24,sv2-185,497557,Normal,0.34,0.15,0.29,5.74,
2025-02-24,sv2-185,497557,Reverse Holofoil,1.48,0.18,1.1,9.99,2.88
2025-02-24,sv2-254,497669,Holofoil,16.61,13.0,19.04,100.0,18.65
2025-02-24,sv2-269,497689,Holofoil,64.82,60.0,75.0,259.99,73.09
2025-02-24,sv3pt5-151,516566,Holofoil,8.31,5.48,8.49,24.99,8.02
2025-02-24,sv3pt5-199,517045,Holofoil,274.37,228.64,299.0,1925.0,299.98
2025-02-24,sv3pt5-205,517051,Holofoil,15.6,12.0,15.75,55.0,14.58
2025-02-24,sv3pt5-4,502555,Normal,0.12,0.01,0.15,4.95,0.1
2025-02-24,sv3pt5-4,502555,Reverse Holofoil,0.28,0.08,0.29,25.0,0.2
2025-02-24,sv3pt5-6,502558,Holofoil,5.62,3.99,6.12,26.0,6.66
2025-02-24,sv3pt5-7,502548,Normal,0.14,0.01,0.15,15.0,0.13
2025-02-24,sv3pt5-7,502548,Reverse Holofoil,0.23,0.1,0.25,4.95,
2025-02-24,sv4pt5-234,535090,Holofoil,202.57,186.26,225.0,499.98,299.99
2025-02-24,sv4pt5-54,534416,Holofoil,2.87,1.75,3.0,34.99,4.8
2025-02-24,sv8-57,590025,Holofoil,7.08,4.39,7.48,25.0,7.21
2025-02-24,sv8pt5-149,610504,Holofoil,298.36,297.5,385.38,620.0,
2025-02-24,sv8pt5-155,610510,Holofoil,422.28,405.0,442.5,899.0,
2025-02-24,sv8pt5-156,610511,Holofoil,487.25,480.01,512.17,750.0,
2025-02-24,sv8pt5-161,610516,Holofoil,1597.36,1579.99,1799.0,3000.0,
2025-02-24,sv8pt5-167,610522,Holofoil,227.67,218.0,230.0,275.0,
2025-02-24,sv8pt5-179,610534,Holofoil,98.12,93.0,112.4,325.0,
2025-02-24,sv8pt5-28,610383,Holofoil,1.67,1.18,2.0,15.98,2.99
2025-02-24,sv8pt5-47,610402,Normal,0.06,0.01,0.09,10.0,0.05
2025-02-24,sv8pt5-47,610402,Reverse Holofoil,0.11,0.04,0.15,4.95,0.09
2025-02-24,sv8pt5-59,610414,Holofoil,0.36,0.03,0.43,19.99,0.34
2025-02-24,sv8pt5-59,610414,Reverse Holofoil,1.18,0.5,1.4,39.99,
2025-02-24,sv8pt5-60,610415,Holofoil,10.52,9.4,12.29,40.0,
2025-02-24,svp-085,518861,Normal,325.91,299.99,350.0,750.0,399.99
2025-02-24,swsh11-186,284137,Holofoil,708.07,505.99,776.15,1269.69,781.94
2025-02-24,swsh12-186,451834,Holofoil,294.32,293.2,328.42,591.2,296.99
2025-02-24,swsh12pt5gg-GG69,478100,Holofoil,214.28,199.01,227.0,1000.0,228.91
2025-02-24,swsh35-25,223018,Normal,0.1,0.03,0.15,1.49,
2025-02-24,swsh35-25,223018,Reverse Holofoil,0.3,0.09,0.28,2.0,0.27
2025-02-24,swsh35-74,223073,Holofoil,210.53,156.0,242.69,1500.0,239.99
2025-02-24,swsh45sv-SV107,232496,Holofoil,118.64,99.99,129.22,349.95,124.48
2025-02-24,swsh7-204,246693,Holofoil,33.6,26.0,38.64,80.0,44.19
2025-02-24,swsh7-205,246696,Holofoil,445.74,397.65,499.99,699.69,399.48
2025-02-24,swsh7-208,246755,Holofoil,25.79,22.07,30.0,59.69,29.45
2025-02-24,swsh7-209,246756,Holofoil,357.21,315.0,421.87,799.99,421.87
2025-02-24,swsh7-211,246702,Holofoil,40.24,35.0,45.24,130.0,49.24
2025-02-24,swsh7-212,246704,Holofoil,427.63,399.99,492.47,1000.0,491.98
2025-02-24,swsh7-215,246723,Holofoil,1744.84,1250.0,1894.44,3000.0,1599.99
2025-02-24,swsh7-218,246733,Holofoil,748.68,699.99,887.39,1151.17,887.38
2025-02-24,swsh7-41,246753,Holofoil,4.4,2.77,4.61,89.0,4.37
2025-02-24,swsh7-65,246690,Holofoil,10.08,5.19,9.99,500.0,16.92
2025-02-24,swsh7-75,246701,Holofoil,9.55,7.0,10.0,50.0,15.68
2025-02-24,swsh7-8,246691,Holofoil,4.79,3.0,5.26,50.0,8.09
2025-02-24,swsh8-271,253266,Holofoil,718.11,550.0,798.85,1799.0,794.49
2025-02-24,swsh9-154,263873,Holofoil,203.89,198.0,244.99,1500.0,219.99
2025-02-25,base1-15,42355,Holofoil,125.62,74.8,118.76,300.0,
2025-02-25,base1-16,42356,Holofoil,39.73,20.0,36.7,9999.0,59.99
2025-02-25,base1-2,42360,Holofoil,168.65,92.5,150.9,235.98,
2025-02-25,base1-4,42382,Holofoil,378.71,289.43,500.55,1249.99,
2025-02-25,base1-58,42402,Normal,3.12,0.5,2.17,9999.0,2.51
2025-02-25,cel25c-4,250320,Holofoil,84.73,89.99,110.0,250.0,98.0
2025-02-25,gym2-2,83861,Unlimited Holofoil,307.62,300.0,356.13,599.0,349.99
2025-02-25,neo1-9,86903,1st Edition Holofoil,943.94,716.26,1002.0,2950.0,
2025-02-25,neo1-9,86903,Unlimited Holofoil,358.82,323.85,367.49,1000.0,
2025-02-25,sl-151-bundle,502000,Normal,65.39,59.97,71.0,200.0,
2025-02-25,sl-151-etb,503313,Normal,195.79,194.0,202.25,4999.99,
2025-02-25,sl-151-upc,502005,Normal,296.71,295.96,355.0,4999.99,
2025-02-25,sl-ar-box,265519,Normal,233.47,250.0,324.98,1999.99,
2025-02-25,sl-bs-box,256141,Normal,287.55,274.99,300.0,999.99,
2025-02-25,sl-cel-upc,245140,Normal,415.53,404.99,500.0,1200.0,
2025-02-25,sl-champ-etb,218791,Normal,100.51,109.99,149.97,399.99,
2025-02-25,sl-cz-etb,453470,Normal,113.17,103.0,120.98,1999.99,
2025-02-25,sl-evs-box,242436,Normal,1293.34,1100.0,1745.8,9999.99,
2025-02-25,sl-evs-etb,243721,Normal,466.87,459.99,492.5,989.89,
2025-02-25,sl-fs-box,247654,Normal,453.95,460.0,505.0,1000.0,
2025-02-25,sl-hf-etb,194729,Normal,256.74,254.99,299.99,499.99,
2025-02-25,sl-jp-151,565243,Normal,143.02,135.5,153.28,399.99,
2025-02-25,sl-jp-terastal,603428,Normal,116.12,110.0,120.0,170.0,
2025-02-25,sl-jt-box,610931,Normal,219.53,218.5,229.87,279.99,
2025-02-25,sl-lo-box,277324,Normal,370.37,392.0,470.8,1299.99,
2025-02-25,sl-obf-box,501257,Normal,190.46,180.99,230.0,999.99,
2025-02-25,sl-pe-etb,593355,Normal,134.02,125.0,149.89,499.99,
2025-02-25,sl-pf-etb,528040,Normal,106.75,95.0,110.0,209.98,
2025-02-25,sl-shf-etb,228821,Normal,72.05,65.0,80.0,499.99,
2025-02-25,sl-ss-box,565606,Normal,257.73,256.0,298.95,4999.99,
2025-02-25,sl-st-box,283389,Normal,242.63,245.98,300.0,1199.99,
2025-02-25,sl-tf-box,536225,Normal,175.24,169.99,200.0,339.98,
2025-02-25,sv2-185,497557,Normal,0.27,0.15,0.29,5.74,
2025-02-25,sv2-185,497557,Reverse Holofoil,1.75,0.18,1.1,9.99,4.5
2025-02-25,sv2-254,497669,Holofoil,16.76,13.0,19.04,100.0,25.7
2025-02-25,sv2-269,497689,Holofoil,65.1,60.0,75.08,259.99,74.99
2025-02-25,sv3pt5-151,516566,Holofoil,8.56,5.48,8.43,24.99,8.04
2025-02-25,sv3pt5-199,517045,Holofoil,275.95,226.35,299.99,1925.0,
2025-02-25,sv3pt5-205,517051,Holofoil,15.71,12.0,15.91,55.0,19.77
2025-02-25,sv3pt5-4,502555,Normal,0.12,0.01,0.15,4.95,
2025-02-25,sv3pt5-4,502555,Reverse Holofoil,0.3,0.08,0.3,25.0,
2025-02-25,sv3pt5-6,502558,Holofoil,6.3,3.99,6.2,26.0,8.33
2025-02-25,sv3pt5-7,502548,Normal,0.15,0.01,0.15,15.0,0.13
2025-02-25,sv3pt5-7,502548,Reverse Holofoil,0.26,0.1,0.25,4.95,
2025-02-25,sv4pt5-234,535090,Holofoil,201.95,186.21,224.0,499.98,299.99
2025-02-25,sv4pt5-54,534416,Holofoil,2.66,1.75,3.0,34.99,3.54
2025-02-25,sv8-57,590025,Holofoil,7.13,5.25,7.49,26.79,8.15
2025-02-25,sv8pt5-149,610504,Holofoil,299.0,297.5,373.85,620.0,
2025-02-25,sv8pt5-155,610510,Holofoil,422.58,419.68,444.72,899.0,
2025-02-25,sv8pt5-156,610511,Holofoil,471.46,480.01,501.39,750.0,
2025-02-25,sv8pt5-161,610516,Holofoil,1597.36,1449.97,1799.0,3000.0,
2025-02-25,sv8pt5-167,610522,Holofoil,226.18,225.0,229.99,275.0,
2025-02-25,sv8pt5-179,610534,Holofoil,98.12,89.0,113.98,325.0,
2025-02-25,sv8pt5-28,610383,Holofoil,1.79,1.18,2.0,15.98,
2025-02-25,sv8pt5-47,610402,Normal,0.06,0.01,0.1,10.0,0.04
2025-02-25,sv8pt5-47,610402,Reverse Holofoil,0.1,0.04,0.15,4.95,0.09
2025-02-25,sv8pt5-59,610414,Holofoil,0.29,0.03,0.4,19.99,0.32
2025-02-25,sv8pt5-59,610414,Reverse Holofoil,1.22,0.5,1.4,39.99,1.2
2025-02-25,sv8pt5-60,610415,Holofoil,10.66,8.0,12.7,40.0,
2025-02-25,svp-085,518861,Normal,324.99,313.99,399.98,750.0,399.98
2025-02-25,swsh11-186,284137,Holofoil,708.07,505.99,778.94,1269.69,780.0
2025-02-25,swsh12-186,451834,Holofoil,297.3,295.0,327.99,591.2,349.98
2025-02-25,swsh12pt5gg-GG69,478100,Holofoil,213.15,199.01,227.96,1000.0,228.9
2025-02-25,swsh35-25,223018,Normal,0.1,0.03,0.18,1.49,
2025-02-25,swsh35-25,223018,Reverse Holofoil,0.3,0.09,0.28,2.0,0.27
2025-02-25,swsh35-74,223073,Holofoil,213.16,156.0,242.69,1500.0,242.69
2025-02-25,swsh45sv-SV107,232496,Holofoil,117.21,119.95,129.78,349.95,124.48
2025-02-25,swsh7-204,246693,Holofoil,33.15,26.0,39.48,100.0,42.98
2025-02-25,swsh7-205,246696,Holofoil,445.74,399.48,499.99,699.69,399.48
2025-02-25,swsh7-208,246755,Holofoil,25.79,22.07,30.0,59.69,29.4
2025-02-25,swsh7-209,246756,Holofoil,357.15,315.0,419.99,799.99,419.89
2025-02-25,swsh7-211,246702,Holofoil,40.24,35.0,42.6,130.0,49.24
2025-02-25,swsh7-212,246704,Holofoil,424.57,399.99,491.99,1000.0,489.99
2025-02-25,swsh7-215,246723,Holofoil,1744.84,1250.0,1888.88,3000.0,1599.99
2025-02-25,swsh7-218,246733,Holofoil,759.41,750.0,887.54,1156.25,887.29
2025-02-25,swsh7-41,246753,Holofoil,4.45,3.33,4.61,89.0,6.45
2025-02-25,swsh7-65,246690,Holofoil,9.85,5.19,10.0,500.0,16.92
2025-02-25,swsh7-75,246701,Holofoil,9.49,7.0,9.99,50.0,18.49
2025-02-25,swsh7-8,246691,Holofoil,5.06,2.49,5.25,50.0,5.0
2025-02-25,swsh8-271,253266,Holofoil,718.11,550.0,794.98,1799.0,794.48
2025-02-25,swsh9-154,263873,Holofoil,203.77,194.28,244.99,1500.0,219.99
2025-02-26,base1-15,42355,Holofoil,125.62,74.8,118.76,300.0,
2025-02-26,base1-16,42356,Holofoil,39.73,20.0,35.85,77.99,16.06
2025-02-26,base1-2,42360,Holofoil,169.56,92.47,149.99,236.52,
2025-02-26,base1-4,42382,Holofoil,378.71,289.43,499.74,1249.99,
2025-02-26,base1-58,42402,Normal,3.06,0.5,2.17,9999.0,
2025-02-26,cel25c-4,250320,Holofoil,84.31,90.35,114.2,250.0,99.85
2025-02-26,gym2-2,83861,Unlimited Holofoil,307.62,300.0,356.13,599.0,349.99
2025-02-26,neo1-9,86903,1st Edition Holofoil,943.94,716.26,1002.0,2950.0,
2025-02-26,neo1-9,86903,Unlimited Holofoil,358.82,323.85,367.49,1000.0,
2025-02-26,sl-151-bundle,502000,Normal,64.77,58.0,70.97,200.0,
2025-02-26,sl-151-etb,503313,Normal,196.72,190.0,205.01,4999.99,
2025-02-26,sl-151-upc,502005,Normal,299.04,299.99,364.96,4999.99,
2025-02-26,sl-ar-box,265519,Normal,235.07,250.0,324.98,1999.99,
2025-02-26,sl-bs-box,256141,Normal,287.35,274.99,300.0,999.99,
2025-02-26,sl-cel-upc,245140,Normal,415.93,420.0,500.0,1214.95,
2025-02-26,sl-champ-etb,218791,Normal,101.35,114.99,149.95,399.99,
2025-02-26,sl-cz-etb,453470,Normal,115.18,105.0,120.98,1999.99,
2025-02-26,sl-evs-box,242436,Normal,1320.3,1285.0,1749.0,9999.99,
2025-02-26,sl-evs-etb,243721,Normal,465.67,459.99,492.5,989.89,
2025-02-26,sl-fs-box,247654,Normal,455.19,460.0,505.0,1000.0,
2025-02-26,sl-hf-etb,194729,Normal,256.74,254.99,299.99,499.99,
2025-02-26,sl-jp-151,565243,Normal,144.57,143.02,164.99,399.99,
2025-02-26,sl-jp-terastal,603428,Normal,117.89,110.0,119.99,170.0,
2025-02-26,sl-jt-box,610931,Normal,218.51,218.43,229.75,279.99,
2025-02-26,sl-lo-box,277324,Normal,372.65,383.96,495.8,1299.99,
2025-02-26,sl-obf-box,501257,Normal,188.48,179.99,230.0,999.99,
2025-02-26,sl-pe-etb,593355,Normal,133.07,129.99,149.95,499.99,
2025-02-26,sl-pf-etb,528040,Normal,106.07,94.99,110.0,250.0,
2025-02-26,sl-shf-etb,228821,Normal,71.24,60.0,80.0,499.99,
2025-02-26,sl-ss-box,565606,Normal,257.44,255.81,299.0,4999.99,
2025-02-26,sl-st-box,283389,Normal,244.93,245.98,300.0,1199.99,
2025-02-26,sl-tf-box,536225,Normal,177.27,170.0,200.0,339.98,
2025-02-26,sv2-185,497557,Normal,0.3,0.15,0.29,5.74,
2025-02-26,sv2-185,497557,Reverse Holofoil,1.71,0.18,1.13,9.99,0.56
2025-02-26,sv2-254,497669,Holofoil,16.71,14.58,19.92,100.0,20.21
2025-02-26,sv2-269,497689,Holofoil,67.52,60.0,78.0,259.99,
2025-02-26,sv3pt5-151,516566,Holofoil,7.69,5.48,8.38,24.99,9.7
2025-02-26,sv3pt5-199,517045,Holofoil,276.58,238.0,299.99,1925.0,
2025-02-26,sv3pt5-205,517051,Holofoil,15.26,12.0,15.93,55.0,15.44
2025-02-26,sv3pt5-4,502555,Normal,0.11,0.01,0.15,4.95,0.12
2025-02-26,sv3pt5-4,502555,Reverse Holofoil,0.33,0.08,0.3,25.0,
2025-02-26,sv3pt5-6,502558,Holofoil,6.27,4.0,6.15,26.0,9.89
2025-02-26,sv3pt5-7,502548,Normal,0.15,0.01,0.15,15.0,
2025-02-26,sv3pt5-7,502548,Reverse Holofoil,0.24,0.1,0.25,4.95,
2025-02-26,sv4pt5-234,535090,Holofoil,202.56,184.99,220.56,499.98,195.0
2025-02-26,sv4pt5-54,534416,Holofoil,3.17,1.75,3.0,34.99,4.49
2025-02-26,sv8-57,590025,Holofoil,7.05,5.0,7.5,26.98,7.88
2025-02-26,sv8pt5-149,610504,Holofoil,299.88,299.99,316.94,620.0,
2025-02-26,sv8pt5-155,610510,Holofoil,426.66,419.68,440.0,899.0,
2025-02-26,sv8pt5-156,610511,Holofoil,467.54,478.92,509.99,750.0,
2025-02-26,sv8pt5-161,610516,Holofoil,1597.36,1449.97,1799.0,3000.0,
2025-02-26,sv8pt5-167,610522,Holofoil,226.18,226.62,234.44,275.0,
2025-02-26,sv8pt5-179,610534,Holofoil,96.96,89.99,114.49,325.0,
2025-02-26,sv8pt5-28,610383,Holofoil,1.92,1.09,2.0,15.98,
2025-02-26,sv8pt5-47,610402,Normal,0.06,0.01,0.1,10.0,0.04
2025-02-26,sv8pt5-47,610402,Reverse Holofoil,0.11,0.04,0.15,4.95,0.09
2025-02-26,sv8pt5-59,610414,Holofoil,0.52,0.03,0.4,19.99,0.32
2025-02-26,sv8pt5-59,610414,Reverse Holofoil,1.17,0.5,1.3,39.99,
2025-02-26,sv8pt5-60,610415,Holofoil,9.86,9.5,12.4,40.0,
2025-02-26,svp-085,518861,Normal,324.79,313.99,399.98,750.0,399.98
2025-02-26,swsh11-186,284137,Holofoil,707.46,499.99,771.09,1269.69,779.95
2025-02-26,swsh12-186,451834,Holofoil,303.58,289.99,322.5,591.2,294.27
2025-02-26,swsh12pt5gg-GG69,478100,Holofoil,214.07,199.01,225.99,1000.0,228.9
2025-02-26,swsh35-25,223018,Normal,0.1,0.03,0.16,1.49,
2025-02-26,swsh35-25,223018,Reverse Holofoil,0.3,0.09,0.28,2.0,0.27
2025-02-26,swsh35-74,223073,Holofoil,213.16,156.0,242.88,1500.0,242.69
2025-02-26,swsh45sv-SV107,232496,Holofoil,118.47,119.95,130.0,349.95,124.48
2025-02-26,swsh7-204,246693,Holofoil,33.19,26.0,39.97,100.0,42.98
2025-02-26,swsh7-205,246696,Holofoil,445.74,399.48,499.99,699.69,399.48
2025-02-26,swsh7-208,246755,Holofoil,25.79,18.97,30.0,59.69,26.82
2025-02-26,swsh7-209,246756,Holofoil,357.15,315.0,419.94,799.99,419.89
2025-02-26,swsh7-211,246702,Holofoil,40.56,35.0,42.99,130.0,49.24
2025-02-26,swsh7-212,246704,Holofoil,424.57,399.99,491.98,1000.0,489.99
2025-02-26,swsh7-215,246723,Holofoil,1744.84,1250.0,1888.88,3000.0,1599.99
2025-02-26,swsh7-218,246733,Holofoil,759.41,750.0,887.69,1200.0,887.28
2025-02-26,swsh7-41,246753,Holofoil,4.72,3.35,4.7,89.0,4.72
2025-02-26,swsh7-65,246690,Holofoil,9.59,5.19,10.0,500.0,16.92
2025-02-26,swsh7-75,246701,Holofoil,9.14,7.73,10.0,50.0,9.14
2025-02-26,swsh7-8,246691,Holofoil,4.66,3.38,5.27,50.0,4.99
2025-02-26,swsh8-271,253266,Holofoil,718.11,550.0,794.49,1799.0,794.48
2025-02-26,swsh9-154,263873,Holofoil,204.73,194.28,239.99,1500.0,190.0
2025-02-27,base1-15,42355,Holofoil,125.62,74.8,119.38,300.0,
2025-02-27,base1-16,42356,Holofoil,39.73,20.0,35.83,77.99,59.99
2025-02-27,base1-2,42360,Holofoil,169.56,104.95,153.96,237.38,
2025-02-27,base1-4,42382,Holofoil,378.71,330.0,530.17,1249.99,
2025-02-27,base1-58,42402,Normal,2.76,0.5,2.1,9999.0,
2025-02-27,cel25c-4,250320,Holofoil,81.66,90.35,111.04,250.0,99.85
2025-02-27,gym2-2,83861,Unlimited Holofoil,307.62,300.0,356.13,599.0,349.99
2025-02-27,neo1-9,86903,1st Edition Holofoil,943.94,716.26,1002.0,2950.0,
2025-02-27,neo1-9,86903,Unlimited Holofoil,358.82,324.34,374.99,1000.0,
2025-02-27,sl-151-bundle,502000,Normal,65.73,58.87,70.97,200.0,
2025-02-27,sl-151-etb,503313,Normal,198.34,190.0,215.49,4999.99,
2025-02-27,sl-151-upc,502005,Normal,302.94,309.0,392.0,4999.99,
2025-02-27,sl-ar-box,265519,Normal,237.15,250.0,300.0,1999.99,
2025-02-27,sl-bs-box,256141,Normal,287.07,274.99,304.69,999.99,
2025-02-27,sl-cel-upc,245140,Normal,419.73,449.95,500.0,1214.95,
2025-02-27,sl-champ-etb,218791,Normal,103.51,114.99,149.95,399.99,
2025-02-27,sl-cz-etb,453470,Normal,115.0,111.0,122.98,1999.99,
2025-02-27,sl-evs-box,242436,Normal,1318.7,1285.0,1749.0,9999.99,
2025-02-27,sl-evs-etb,243721,Normal,465.67,459.99,490.0,989.89,
2025-02-27,sl-fs-box,247654,Normal,414.59,460.0,520.99,1000.0,
2025-02-27,sl-hf-etb,194729,Normal,259.46,267.98,299.99,499.99,
2025-02-27,sl-jp-151,565243,Normal,144.95,143.02,165.0,399.99,
2025-02-27,sl-jp-terastal,603428,Normal,115.49,110.0,119.99,170.0,
2025-02-27,sl-jt-box,610931,Normal,217.68,218.0,228.0,279.99,
2025-02-27,sl-lo-box,277324,Normal,317.3,372.65,491.6,1299.99,
2025-02-27,sl-obf-box,501257,Normal,188.73,189.95,239.96,999.99,
2025-02-27,sl-pe-etb,593355,Normal,136.6,130.0,149.99,499.99,
2025-02-27,sl-pf-etb,528040,Normal,105.5,97.99,114.99,250.0,
2025-02-27,sl-shf-etb,228821,Normal,73.48,64.99,81.85,499.99,
2025-02-27,sl-ss-box,565606,Normal,261.41,255.81,298.95,4999.99,
2025-02-27,sl-st-box,283389,Normal,227.22,248.98,300.0,1199.99,
2025-02-27,sl-tf-box,536225,Normal,177.39,170.0,200.0,339.98,
2025-02-27,sv2-185,497557,Normal,0.26,0.15,0.29,5.74,0.23
2025-02-27,sv2-185,497557,Reverse Holofoil,1.81,0.18,1.15,9.99,1.07
2025-02-27,sv2-254,497669,Holofoil,16.64,14.58,20.0,100.0,21.1
2025-02-27,sv2-269,497689,Holofoil,67.14,58.0,75.54,259.99,
2025-02-27,sv3pt5-151,516566,Holofoil,7.93,5.49,8.35,24.99,11.7
2025-02-27,sv3pt5-199,517045,Holofoil,284.4,237.0,329.99,1925.0,
2025-02-27,sv3pt5-205,517051,Holofoil,14.61,12.0,15.81,55.0,14.93
2025-02-27,sv3pt5-4,502555,Normal,0.15,0.01,0.15,4.95,
2025-02-27,sv3pt5-4,502555,Reverse Holofoil,0.34,0.08,0.3,25.0,
2025-02-27,sv3pt5-6,502558,Holofoil,5.76,4.0,6.15,26.0,9.99
2025-02-27,sv3pt5-7,502548,Normal,0.15,0.01,0.15,15.0,
2025-02-27,sv3pt5-7,502548,Reverse Holofoil,0.25,0.1,0.25,4.95,0.14
2025-02-27,sv4pt5-234,535090,Holofoil,202.64,184.99,220.76,499.98,195.0
2025-02-27,sv4pt5-54,534416,Holofoil,3.26,1.75,3.0,34.99,3.13
2025-02-27,sv8-57,590025,Holofoil,8.4,5.49,7.91,25.0,7.21
2025-02-27,sv8pt5-149,610504,Holofoil,303.68,300.0,370.0,620.0,
2025-02-27,sv8pt5-155,610510,Holofoil,426.66,419.68,445.46,899.0,
2025-02-27,sv8pt5-156,610511,Holofoil,467.54,478.92,509.99,750.0,
2025-02-27,sv8pt5-161,610516,Holofoil,1597.36,1449.97,1729.0,3000.0,
2025-02-27,sv8pt5-167,610522,Holofoil,219.4,226.62,230.0,275.0,
2025-02-27,sv8pt5-179,610534,Holofoil,96.58,89.99,112.64,325.0,
2025-02-27,sv8pt5-28,610383,Holofoil,1.74,1.0,2.0,15.98,
2025-02-27,sv8pt5-47,610402,Normal,0.06,0.01,0.1,10.0,0.05
2025-02-27,sv8pt5-47,610402,Reverse Holofoil,0.11,0.04,0.15,4.95,0.08
2025-02-27,sv8pt5-59,610414,Holofoil,0.61,0.03,0.45,19.99,0.5
2025-02-27,sv8pt5-59,610414,Reverse Holofoil,1.13,0.49,1.25,39.99,
2025-02-27,sv8pt5-60,610415,Holofoil,9.34,9.0,12.14,40.0,
2025-02-27,svp-085,518861,Normal,322.84,310.0,399.99,750.0,399.98
2025-02-27,swsh11-186,284137,Holofoil,709.09,499.99,727.15,1269.69,695.0
2025-02-27,swsh12-186,451834,Holofoil,302.49,289.99,338.27,591.2,294.27
2025-02-27,swsh12pt5gg-GG69,478100,Holofoil,212.21,199.01,228.91,1000.0,220.68
2025-02-27,swsh35-25,223018,Normal,0.1,0.03,0.16,1.49,
2025-02-27,swsh35-25,223018,Reverse Holofoil,0.3,0.09,0.28,2.0,0.27
2025-02-27,swsh35-74,223073,Holofoil,210.28,156.0,243.07,1500.0,242.69
2025-02-27,swsh45sv-SV107,232496,Holofoil,119.15,119.95,130.0,349.95,124.48
2025-02-27,swsh7-204,246693,Holofoil,33.13,26.0,39.04,100.0,42.98
2025-02-27,swsh7-205,246696,Holofoil,445.74,399.48,499.99,699.69,399.48
2025-02-27,swsh7-208,246755,Holofoil,25.99,18.97,30.0,59.69,27.97
2025-02-27,swsh7-209,246756,Holofoil,357.15,315.0,419.94,799.99,419.89
2025-02-27,swsh7-211,246702,Holofoil,40.56,35.0,44.0,130.0,49.24
2025-02-27,swsh7-212,246704,Holofoil,421.73,379.0,491.99,1000.0,489.98
2025-02-27,swsh7-215,246723,Holofoil,1742.13,1250.0,1894.44,3000.0,1599.99
2025-02-27,swsh7-218,246733,Holofoil,761.77,700.0,887.38,1200.0,887.19
2025-02-27,swsh7-41,246753,Holofoil,4.76,3.45,4.78,89.0,4.72
2025-02-27,swsh7-65,246690,Holofoil,9.83,5.19,9.99,500.0,16.99
2025-02-27,swsh7-75,246701,Holofoil,9.13,7.73,9.99,50.0,9.14
2025-02-27,swsh7-8,246691,Holofoil,4.74,3.38,5.16,50.0,4.98
2025-02-27,swsh8-271,253266,Holofoil,717.19,550.0,799.82,1799.0,794.49
2025-02-27,swsh9-154,263873,Holofoil,204.52,198.0,250.0,1500.0,219.99
2025-02-28,base1-15,42355,Holofoil,125.62,74.8,119.38,300.0,
2025-02-28,base1-16,42356,Holofoil,39.93,20.0,36.05,77.99,35.3
2025-02-28,base1-2,42360,Holofoil,169.56,101.58,153.28,238.68,
2025-02-28,base1-4,42382,Holofoil,378.71,330.0,533.09,1249.99,
2025-02-28,base1-58,42402,Normal,2.73,0.5,2.15,9999.0,1.79
2025-02-28,cel25c-4,250320,Holofoil,85.85,90.35,110.05,250.0,98.56
2025-02-28,gym2-2,83861,Unlimited Holofoil,307.62,300.0,356.13,599.0,349.99
2025-02-28,neo1-9,86903,1st Edition Holofoil,943.94,716.26,1002.0,2950.0,
2025-02-28,neo1-9,86903,Unlimited Holofoil,352.94,348.71,377.25,1000.0,
2025-02-28,sl-151-bundle,502000,Normal,65.43,60.0,70.0,200.0,
2025-02-28,sl-151-etb,503313,Normal,199.07,195.0,234.0,4999.99,
2025-02-28,sl-151-upc,502005,Normal,309.5,315.0,393.5,4999.99,
2025-02-28,sl-ar-box,265519,Normal,237.15,250.0,299.98,1999.99,
2025-02-28,sl-bs-box,256141,Normal,286.54,274.99,309.99,999.99,
2025-02-28,sl-cel-upc,245140,Normal,423.21,450.0,500.31,1214.95,
2025-02-28,sl-champ-etb,218791,Normal,117.89,114.99,149.99,399.99,
2025-02-28,sl-cz-etb,453470,Normal,117.35,111.0,124.69,1999.99,
2025-02-28,sl-evs-box,242436,Normal,1318.7,1295.0,1773.5,9999.99,
2025-02-28,sl-evs-etb,243721,Normal,465.71,459.99,492.5,989.89,
2025-02-28,sl-fs-box,247654,Normal,421.79,485.0,584.95,1000.0,
2025-02-28,sl-hf-etb,194729,Normal,264.46,275.0,302.5,500.0,
2025-02-28,sl-jp-151,565243,Normal,145.27,135.49,164.49,399.99,
2025-02-28,sl-jp-terastal,603428,Normal,114.54,110.0,119.99,170.0,
2025-02-28,sl-jt-box,610931,Normal,216.53,216.2,224.48,279.99,
2025-02-28,sl-lo-box,277324,Normal,330.38,399.0,500.0,1299.99,
2025-02-28,sl-obf-box,501257,Normal,189.63,189.95,239.48,999.99,
2025-02-28,sl-pe-etb,593355,Normal,138.53,130.0,149.99,499.99,
2025-02-28,sl-pf-etb,528040,Normal,103.41,98.31,120.0,250.0,
2025-02-28,sl-shf-etb,228821,Normal,74.09,64.99,83.69,499.99,
2025-02-28,sl-ss-box,565606,Normal,259.8,255.0,299.0,4999.99,
2025-02-28,sl-st-box,283389,Normal,227.46,249.0,300.0,1199.99,
2025-02-28,sl-tf-box,536225,Normal,178.75,170.0,199.99,339.98,
2025-02-28,sv2-185,497557,Normal,0.24,0.12,0.29,5.74,
2025-02-28,sv2-185,497557,Reverse Holofoil,1.87,0.18,1.2,9.99,1.07
2025-02-28,sv2-254,497669,Holofoil,17.52,14.58,20.0,100.0,25.95
2025-02-28,sv2-269,497689,Holofoil,67.3,60.0,75.65,259.99,
2025-02-28,sv3pt5-151,516566,Holofoil,8.72,5.49,8.5,24.99,12.73
2025-02-28,sv3pt5-199,517045,Holofoil,286.39,229.99,330.0,1925.0,269.99
2025-02-28,sv3pt5-205,517051,Holofoil,15.8,12.0,15.75,55.0,19.88
2025-02-28,sv3pt5-4,502555,Normal,0.13,0.01,0.15,4.95,0.05
2025-02-28,sv3pt5-4,502555,Reverse Holofoil,0.3,0.05,0.3,25.0,0.25
2025-02-28,sv3pt5-6,502558,Holofoil,6.43,4.0,6.27,26.0,9.98
2025-02-28,sv3pt5-7,502548,Normal,0.13,0.01,0.15,15.0,0.05
2025-02-28,sv3pt5-7,502548,Reverse Holofoil,0.23,0.1,0.25,4.95,
2025-02-28,sv4pt5-234,535090,Holofoil,203.02,184.99,222.97,499.98,195.0
2025-02-28,sv4pt5-54,534416,Holofoil,3.1,1.75,3.0,34.99,3.13
2025-02-28,sv8-57,590025,Holofoil,7.98,5.91,7.96,25.0,11.62
2025-02-28,sv8pt5-149,610504,Holofoil,307.68,299.99,332.5,620.0,
2025-02-28,sv8pt5-155,610510,Holofoil,428.26,419.68,446.33,899.0,
2025-02-28,sv8pt5-156,610511,Holofoil,474.7,475.0,500.99,750.0,499.99
2025-02-28,sv8pt5-161,610516,Holofoil,1597.36,1525.0,1695.57,3000.0,
2025-02-28,sv8pt5-167,610522,Holofoil,220.35,229.99,252.5,275.0,
2025-02-28,sv8pt5-179,610534,Holofoil,96.58,90.01,110.55,325.0,
2025-02-28,sv8pt5-28,610383,Holofoil,1.72,1.0,2.0,15.98,1.72
2025-02-28,sv8pt5-47,610402,Normal,0.05,0.01,0.1,10.0,0.05
2025-02-28,sv8pt5-47,610402,Reverse Holofoil,0.11,0.04,0.15,4.95,0.08
2025-02-28,sv8pt5-59,610414,Holofoil,0.33,0.03,0.45,19.99,0.5
2025-02-28,sv8pt5-59,610414,Reverse Holofoil,1.08,0.5,1.25,39.99,1.0
2025-02-28,sv8pt5-60,610415,Holofoil,9.65,8.9,12.14,40.0,10.57
2025-02-28,svp-085,518861,Normal,331.67,310.0,399.99,750.0,399.98
2025-02-28,swsh11-186,284137,Holofoil,709.09,506.86,725.0,1269.69,694.9
2025-02-28,swsh12-186,451834,Holofoil,304.29,210.0,370.09,591.2,399.97
2025-02-28,swsh12pt5gg-GG69,478100,Holofoil,211.33,200.0,229.75,1000.0,228.9
2025-02-28,swsh35-25,223018,Normal,0.1,0.03,0.16,1.49,
2025-02-28,swsh35-25,223018,Reverse Holofoil,0.3,0.09,0.28,2.0,0.28
2025-02-28,swsh35-74,223073,Holofoil,210.28,156.0,242.88,1500.0,239.99
2025-02-28,swsh45sv-SV107,232496,Holofoil,119.28,119.95,130.0,349.95,124.48
2025-02-28,swsh7-204,246693,Holofoil,33.13,26.0,38.1,100.0,42.98
2025-02-28,swsh7-205,246696,Holofoil,445.74,374.89,496.46,699.69,374.88
2025-02-28,swsh7-208,246755,Holofoil,25.99,18.97,30.0,59.69,27.97
2025-02-28,swsh7-209,246756,Holofoil,357.15,375.15,419.89,799.99,419.88
2025-02-28,swsh7-211,246702,Holofoil,40.64,37.0,44.69,130.0,49.24
2025-02-28,swsh7-212,246704,Holofoil,423.73,394.99,491.99,1000.0,489.98
2025-02-28,swsh7-215,246723,Holofoil,1727.65,1250.0,1974.5,3000.0,1599.99
2025-02-28,swsh7-218,246733,Holofoil,761.77,750.0,888.6,1200.0,886.99
2025-02-28,swsh7-41,246753,Holofoil,5.06,3.45,4.86,89.0,6.61
2025-02-28,swsh7-65,246690,Holofoil,10.68,5.19,10.0,500.0,16.99
2025-02-28,swsh7-75,246701,Holofoil,9.21,7.12,9.99,50.0,9.49
2025-02-28,swsh7-8,246691,Holofoil,4.65,3.38,5.2,50.0,5.0
2025-02-28,swsh8-271,253266,Holofoil,717.19,599.99,799.69,1799.0,794.49
2025-02-28,swsh9-154,263873,Holofoil,204.92,198.0,250.0,1500.0,219.99
