date,asset_id,product_id,subtype,market,low,mid,high,direct_low
2025-08-01,base1-15,42355,Holofoil,114.43,69.99,120.56,300.0,108.15
2025-08-01,base1-16,42356,Holofoil,37.39,19.92,33.17,72.94,16.3
2025-08-01,base1-2,42360,Holofoil,161.58,105.0,153.73,499.99,80.0
2025-08-01,base1-4,42382,Holofoil,455.94,375.0,461.11,1249.99,
2025-08-01,base1-58,42402,Normal,2.96,0.59,2.75,9999.0,0.8
2025-08-01,cel25c-4,250320,Holofoil,102.64,89.99,113.15,250.0,82.43
2025-08-01,gym2-2,83861,1st Edition Holofoil,650.0,499.97,499.99,1000.0,
2025-08-01,gym2-2,83861,Unlimited Holofoil,524.92,309.98,498.7,599.99,498.7
2025-08-01,neo1-9,86903,1st Edition Holofoil,1251.5,1798.78,1799.99,1999.95,
2025-08-01,neo1-9,86903,Unlimited Holofoil,440.48,263.79,339.97,699.95,
2025-08-01,sl-151-bundle,502000,Normal,70.35,68.0,80.0,999.99,
2025-08-01,sl-151-etb,503313,Normal,291.33,289.99,350.0,4999.99,
2025-08-01,sl-151-upc,502005,Normal,406.72,410.0,499.99,20000.0,
2025-08-01,sl-ar-box,265519,Normal,376.88,360.99,412.73,1999.99,
2025-08-01,sl-bs-box,256141,Normal,409.46,395.0,499.99,1299.99,
2025-08-01,sl-cel-upc,245140,Normal,691.55,798.0,1000.0,1010.45,
2025-08-01,sl-champ-etb,218791,Normal,132.69,129.79,150.0,299.99,
2025-08-01,sl-cz-etb,453470,Normal,182.29,185.0,200.0,1999.99,
2025-08-01,sl-dr-box,624679,Normal,313.5,305.0,347.0,99999.0,
2025-08-01,sl-evs-box,242436,Normal,2089.2,2400.0,2900.0,10000.0,
2025-08-01,sl-evs-etb,243721,Normal,619.66,799.0,999.95,1000.99,
2025-08-01,sl-fs-box,247654,Normal,732.35,745.69,975.0,3000.0,
2025-08-01,sl-hf-etb,194729,Normal,409.66,434.99,499.99,999.99,
2025-08-01,sl-jp-151,565243,Normal,160.2,148.9,169.98,250.0,
2025-08-01,sl-jp-terastal,603428,Normal,87.34,83.99,109.99,200.0,
2025-08-01,sl-jt-box,610931,Normal,245.93,259.98,277.5,364.95,
2025-08-01,sl-lo-box,277324,Normal,524.26,594.48,955.0,1299.99,
2025-08-01,sl-obf-box,501257,Normal,233.37,235.8,289.98,30000.0,
2025-08-01,sl-pe-etb,593355,Normal,109.32,97.01,129.0,100000.0,
2025-08-01,sl-pe-spc,622770,Normal,208.56,194.97,249.99,99999.0,
2025-08-01,sl-pf-etb,528040,Normal,204.67,187.99,223.0,395.0,
2025-08-01,sl-shf-etb,228821,Normal,88.7,81.59,99.99,499.99,
2025-08-01,sl-ss-box,565606,Normal,242.17,233.94,289.94,4999.99,
2025-08-01,sl-st-box,283389,Normal,367.74,375.0,425.0,1199.99,
2025-08-01,sl-tf-box,536225,Normal,232.36,215.0,249.99,400.0,
2025-08-01,sv2-185,497557,Normal,0.28,0.15,0.36,4321.0,0.25
2025-08-01,sv2-185,497557,Reverse Holofoil,0.51,0.2,0.66,4321.0,0.44
2025-08-01,sv2-254,497669,Holofoil,16.0,12.0,19.21,100.0,15.76
2025-08-01,sv2-269,497689,Holofoil,50.72,49.68,59.78,259.99,50.0
2025-08-01,sv3pt5-151,516566,Holofoil,7.97,5.99,8.0,40.0,12.22
2025-08-01,sv3pt5-199,517045,Holofoil,197.19,172.33,222.6,900.0,
2025-08-01,sv3pt5-205,517051,Holofoil,12.01,9.97,14.0,50.0,11.78
2025-08-01,sv3pt5-4,502555,Normal,0.1,0.01,0.15,5.0,0.1
2025-08-01,sv3pt5-4,502555,Reverse Holofoil,0.27,0.07,0.27,4321.0,0.25
2025-08-01,sv3pt5-6,502558,Holofoil,4.03,1.0,4.88,999.99,5.97
2025-08-01,sv3pt5-7,502548,Normal,0.17,0.01,0.17,4.95,
2025-08-01,sv3pt5-7,502548,Reverse Holofoil,0.23,0.05,0.25,4321.0,0.15
2025-08-01,sv4pt5-234,535090,Holofoil,167.72,151.1,181.58,400.0,151.2
2025-08-01,sv4pt5-54,534416,Holofoil,2.88,2.3,3.15,34.99,2.87
2025-08-01,sv8-57,590025,Holofoil,5.35,3.99,6.51,40.0,4.99
2025-08-01,sv8pt5-149,610504,Holofoil,219.01,199.97,228.68,800.0,213.99
2025-08-01,sv8pt5-155,610510,Holofoil,224.69,199.01,243.99,599.95,
2025-08-01,sv8pt5-156,610511,Holofoil,330.81,297.49,359.0,800.0,329.9
2025-08-01,sv8pt5-161,610516,Holofoil,959.75,839.99,980.0,1999.95,924.99
2025-08-01,sv8pt5-167,610522,Holofoil,116.24,109.01,127.4,360.68,121.99
2025-08-01,sv8pt5-179,610534,Holofoil,34.25,30.0,44.21,270.0,
2025-08-01,sv8pt5-28,610383,Holofoil,1.22,0.5,1.36,9.99,1.19
2025-08-01,sv8pt5-47,610402,Normal,0.07,0.01,0.1,4.95,0.02
2025-08-01,sv8pt5-47,610402,Reverse Holofoil,0.11,0.01,0.14,5.24,0.09
2025-08-01,sv8pt5-59,610414,Holofoil,0.22,0.05,0.27,100.0,0.14
2025-08-01,sv8pt5-59,610414,Reverse Holofoil,0.35,0.1,0.41,25.0,0.28
2025-08-01,sv8pt5-60,610415,Holofoil,4.81,4.0,5.99,40.0,4.67
2025-08-01,svp-085,518861,Normal,396.19,400.1,500.0,1000.0,413.77
2025-08-01,swsh11-186,284137,Holofoil,493.26,400.0,546.56,1199.99,540.19
2025-08-01,swsh12-186,451834,Holofoil,313.12,294.27,404.97,625.0,320.0
2025-08-01,swsh12pt5gg-GG69,478100,Holofoil,162.76,155.0,199.69,1000.0,179.99
2025-08-01,swsh35-25,223018,Normal,0.09,0.03,0.2,4.95,0.09
2025-08-01,swsh35-25,223018,Reverse Holofoil,0.23,0.05,0.25,4.95,0.18
2025-08-01,swsh35-74,223073,Holofoil,161.23,146.0,177.72,1500.0,149.99
2025-08-01,swsh45sv-SV107,232496,Holofoil,97.72,90.57,115.0,349.95,102.9
2025-08-01,swsh7-204,246693,Holofoil,26.15,26.27,35.0,100.0,29.69
2025-08-01,swsh7-205,246696,Holofoil,383.57,263.7,400.0,849.99,331.0
2025-08-01,swsh7-208,246755,Holofoil,24.88,23.87,29.99,59.99,26.6
2025-08-01,swsh7-209,246756,Holofoil,275.21,256.98,292.66,799.99,270.99
2025-08-01,swsh7-211,246702,Holofoil,36.89,35.49,48.75,99.99,35.49
2025-08-01,swsh7-212,246704,Holofoil,293.24,268.64,340.0,1000.0,270.0
2025-08-01,swsh7-215,246723,Holofoil,1361.61,1119.98,1430.06,2999.99,1298.77
2025-08-01,swsh7-218,246733,Holofoil,664.85,556.64,699.99,1499.99,659.94
2025-08-01,swsh7-41,246753,Holofoil,4.8,4.0,5.51,89.0,4.99
2025-08-01,swsh7-65,246690,Holofoil,8.79,8.0,10.0,500.0,9.02
2025-08-01,swsh7-75,246701,Holofoil,9.19,3.5,10.82,50.0,6.65
2025-08-01,swsh7-8,246691,Holofoil,4.62,3.1,6.17,50.0,4.69
2025-08-01,swsh8-271,253266,Holofoil,582.96,522.02,677.49,1399.99,576.79
2025-08-01,swsh9-154,263873,Holofoil,210.86,171.99,248.03,1500.0,155.99
2025-08-02,base1-15,42355,Holofoil,114.43,65.99,121.13,300.0,108.15
2025-08-02,base1-16,42356,Holofoil,37.39,20.0,33.33,72.94,16.99
2025-08-02,base1-2,42360,Holofoil,161.58,100.0,151.75,499.99,80.0
2025-08-02,base1-4,42382,Holofoil,455.94,375.0,500.0,1249.99,
2025-08-02,base1-58,42402,Normal,2.98,0.5,2.75,9999.0,0.8
2025-08-02,cel25c-4,250320,Holofoil,103.37,97.79,113.54,250.0,82.43
2025-08-02,gym2-2,83861,1st Edition Holofoil,650.0,499.97,499.99,1000.0,
2025-08-02,gym2-2,83861,Unlimited Holofoil,524.92,309.98,504.95,599.99,498.7
2025-08-02,neo1-9,86903,1st Edition Holofoil,1251.5,1798.78,1799.99,1999.95,
2025-08-02,neo1-9,86903,Unlimited Holofoil,440.48,263.79,339.97,699.95,
2025-08-02,sl-151-bundle,502000,Normal,72.8,68.0,80.0,999.99,
2025-08-02,sl-151-etb,503313,Normal,291.33,270.01,350.0,4999.99,
2025-08-02,sl-151-upc,502005,Normal,406.72,410.0,499.99,20000.0,
2025-08-02,sl-ar-box,265519,Normal,376.88,360.75,410.56,1999.99,
2025-08-02,sl-bs-box,256141,Normal,409.46,395.0,499.99,999.99,
2025-08-02,sl-cel-upc,245140,Normal,691.55,798.0,1000.0,1010.45,
2025-08-02,sl-champ-etb,218791,Normal,132.69,129.79,150.0,299.99,
2025-08-02,sl-cz-etb,453470,Normal,183.45,185.0,200.0,1999.99,
2025-08-02,sl-dr-box,624679,Normal,316.63,305.0,342.5,99999.0,
2025-08-02,sl-evs-box,242436,Normal,2089.2,2400.0,2949.5,10000.0,
2025-08-02,sl-evs-etb,243721,Normal,619.66,799.0,999.95,1000.99,
2025-08-02,sl-fs-box,247654,Normal,732.98,760.0,979.98,3000.0,
2025-08-02,sl-hf-etb,194729,Normal,409.66,432.0,499.99,999.99,
2025-08-02,sl-jp-151,565243,Normal,161.04,148.9,169.99,250.0,
2025-08-02,sl-jp-terastal,603428,Normal,87.41,82.95,106.99,200.0,
2025-08-02,sl-jt-box,610931,Normal,246.72,257.97,279.99,551.0,
2025-08-02,sl-lo-box,277324,Normal,529.06,550.0,955.0,1200.0,
2025-08-02,sl-obf-box,501257,Normal,234.0,239.99,289.96,30000.0,
2025-08-02,sl-pe-etb,593355,Normal,105.15,100.0,130.0,100000.0,
2025-08-02,sl-pe-spc,622770,Normal,211.11,194.97,249.99,99999.0,
2025-08-02,sl-pf-etb,528040,Normal,204.21,205.0,225.0,395.0,
2025-08-02,sl-shf-etb,228821,Normal,88.7,81.59,99.99,499.99,
2025-08-02,sl-ss-box,565606,Normal,241.43,239.99,298.0,4999.99,
2025-08-02,sl-st-box,283389,Normal,369.1,374.95,424.95,1199.99,
2025-08-02,sl-tf-box,536225,Normal,231.2,228.99,250.0,400.0,
2025-08-02,sv2-185,497557,Normal,0.33,0.2,0.38,4321.0,0.25
2025-08-02,sv2-185,497557,Reverse Holofoil,0.52,0.2,0.65,4321.0,0.3
2025-08-02,sv2-254,497669,Holofoil,16.09,12.0,19.26,100.0,15.76
2025-08-02,sv2-269,497689,Holofoil,50.8,49.88,60.0,259.99,50.0
2025-08-02,sv3pt5-151,516566,Holofoil,8.91,6.0,8.06,40.0,14.99
2025-08-02,sv3pt5-199,517045,Holofoil,195.29,172.33,216.94,900.0,
2025-08-02,sv3pt5-205,517051,Holofoil,12.85,10.29,14.14,50.0,14.85
2025-08-02,sv3pt5-4,502555,Normal,0.09,0.01,0.15,5.0,0.1
2025-08-02,sv3pt5-4,502555,Reverse Holofoil,0.21,0.07,0.27,4321.0,0.25
2025-08-02,sv3pt5-6,502558,Holofoil,4.45,1.0,4.88,999.99,4.42
2025-08-02,sv3pt5-7,502548,Normal,0.15,0.01,0.17,4.95,
2025-08-02,sv3pt5-7,502548,Reverse Holofoil,0.2,0.05,0.25,4321.0,
2025-08-02,sv4pt5-234,535090,Holofoil,167.27,150.0,179.79,400.0,151.2
2025-08-02,sv4pt5-54,534416,Holofoil,2.98,2.0,3.15,34.99,2.92
2025-08-02,sv8-57,590025,Holofoil,5.18,4.25,6.6,40.0,4.99
2025-08-02,sv8pt5-149,610504,Holofoil,217.31,188.88,230.0,800.0,213.99
2025-08-02,sv8pt5-155,610510,Holofoil,221.15,188.88,240.0,599.95,
2025-08-02,sv8pt5-156,610511,Holofoil,330.01,288.88,360.0,800.0,329.9
2025-08-02,sv8pt5-161,610516,Holofoil,944.89,839.99,980.0,1999.95,947.67
2025-08-02,sv8pt5-167,610522,Holofoil,116.24,103.99,127.3,360.68,114.44
2025-08-02,sv8pt5-179,610534,Holofoil,34.22,30.0,42.5,270.0,
2025-08-02,sv8pt5-28,610383,Holofoil,1.17,0.5,1.35,9.99,1.19
2025-08-02,sv8pt5-47,610402,Normal,0.07,0.01,0.1,4.95,0.02
2025-08-02,sv8pt5-47,610402,Reverse Holofoil,0.12,0.01,0.14,4.95,0.09
2025-08-02,sv8pt5-59,610414,Holofoil,0.24,0.05,0.28,100.0,0.14
2025-08-02,sv8pt5-59,610414,Reverse Holofoil,0.37,0.1,0.42,25.0,0.28
2025-08-02,sv8pt5-60,610415,Holofoil,5.08,4.0,5.99,40.0,4.41
2025-08-02,svp-085,518861,Normal,396.19,400.1,499.99,1000.0,413.77
2025-08-02,swsh11-186,284137,Holofoil,498.95,400.0,602.48,1199.99,549.99
2025-08-02,swsh12-186,451834,Holofoil,315.08,294.27,411.41,625.0,320.0
2025-08-02,swsh12pt5gg-GG69,478100,Holofoil,162.66,155.0,199.99,1000.0,179.99
2025-08-02,swsh35-25,223018,Normal,0.1,0.03,0.2,4.95,0.09
2025-08-02,swsh35-25,223018,Reverse Holofoil,0.24,0.05,0.26,4.95,0.18
2025-08-02,swsh35-74,223073,Holofoil,161.23,146.0,177.36,1500.0,149.99
2025-08-02,swsh45sv-SV107,232496,Holofoil,97.8,95.0,115.0,349.95,102.9
2025-08-02,swsh7-204,246693,Holofoil,26.15,26.27,35.0,100.0,29.69
2025-08-02,swsh7-205,246696,Holofoil,381.53,261.97,404.42,849.99,325.82
2025-08-02,swsh7-208,246755,Holofoil,24.79,22.75,29.99,59.99,26.6
2025-08-02,swsh7-209,246756,Holofoil,275.1,256.98,290.51,799.99,270.99
2025-08-02,swsh7-211,246702,Holofoil,36.89,35.49,48.49,99.99,35.49
2025-08-02,swsh7-212,246704,Holofoil,290.49,265.0,342.5,1000.0,322.56
2025-08-02,swsh7-215,246723,Holofoil,1352.16,1119.98,1428.03,2999.99,1298.77
2025-08-02,swsh7-218,246733,Holofoil,661.52,556.64,683.81,1499.99,659.94
2025-08-02,swsh7-41,246753,Holofoil,4.8,4.0,5.62,89.0,4.99
2025-08-02,swsh7-65,246690,Holofoil,8.77,8.0,10.0,500.0,8.5
2025-08-02,swsh7-75,246701,Holofoil,8.47,7.62,10.87,50.0,9.74
2025-08-02,swsh7-8,246691,Holofoil,4.51,4.0,6.0,50.0,4.68
2025-08-02,swsh8-271,253266,Holofoil,585.95,522.02,698.39,1399.99,576.79
2025-08-02,swsh9-154,263873,Holofoil,211.22,171.99,249.99,1500.0,155.99
2025-08-03,base1-15,42355,Holofoil,115.41,65.99,119.99,300.0,109.1
2025-08-03,base1-16,42356,Holofoil,37.39,20.0,33.5,72.94,16.99
2025-08-03,base1-2,42360,Holofoil,161.58,100.0,149.99,499.99,80.0
2025-08-03,base1-4,42382,Holofoil,455.94,375.0,500.0,1249.99,
2025-08-03,base1-58,42402,Normal,2.99,0.45,2.77,9999.0,0.43
2025-08-03,cel25c-4,250320,Holofoil,103.53,97.83,114.19,250.0,82.43
2025-08-03,gym2-2,83861,1st Edition Holofoil,650.0,499.97,499.99,1000.0,
2025-08-03,gym2-2,83861,Unlimited Holofoil,524.92,309.98,509.91,599.99,498.7
2025-08-03,neo1-9,86903,1st Edition Holofoil,1251.5,1798.78,1799.99,1999.95,
2025-08-03,neo1-9,86903,Unlimited Holofoil,440.48,263.79,339.97,699.95,
2025-08-03,sl-151-bundle,502000,Normal,74.3,65.0,80.0,999.99,
2025-08-03,sl-151-etb,503313,Normal,289.97,289.99,350.0,4999.99,
2025-08-03,sl-151-upc,502005,Normal,411.19,439.0,500.0,20000.0,
2025-08-03,sl-ar-box,265519,Normal,376.88,360.75,410.56,1999.99,
2025-08-03,sl-bs-box,256141,Normal,409.46,395.0,499.99,999.99,
2025-08-03,sl-cel-upc,245140,Normal,691.55,795.0,999.99,1010.45,
2025-08-03,sl-champ-etb,218791,Normal,132.59,129.79,150.0,299.99,
2025-08-03,sl-cz-etb,453470,Normal,184.65,180.98,200.0,1999.99,
2025-08-03,sl-dr-box,624679,Normal,316.56,305.0,339.98,99999.0,
2025-08-03,sl-evs-box,242436,Normal,2106.84,2448.0,2999.5,10000.0,
2025-08-03,sl-evs-etb,243721,Normal,619.66,799.0,999.97,1250.0,
2025-08-03,sl-fs-box,247654,Normal,735.69,777.77,984.95,3000.0,
2025-08-03,sl-hf-etb,194729,Normal,409.66,409.99,499.98,999.99,
2025-08-03,sl-jp-151,565243,Normal,159.85,151.0,169.99,250.0,
2025-08-03,sl-jp-terastal,603428,Normal,87.0,83.99,106.99,200.0,
2025-08-03,sl-jt-box,610931,Normal,248.28,257.97,279.99,551.0,
2025-08-03,sl-lo-box,277324,Normal,531.5,594.48,991.98,1200.0,
2025-08-03,sl-obf-box,501257,Normal,237.11,239.99,289.99,30000.0,
2025-08-03,sl-pe-etb,593355,Normal,105.73,99.99,129.0,100000.0,
2025-08-03,sl-pe-spc,622770,Normal,208.99,210.0,250.0,99999.0,
2025-08-03,sl-pf-etb,528040,Normal,203.69,204.94,223.0,395.0,
2025-08-03,sl-shf-etb,228821,Normal,88.71,81.59,100.0,499.99,
2025-08-03,sl-ss-box,565606,Normal,241.36,239.99,299.0,4999.99,
2025-08-03,sl-st-box,283389,Normal,368.54,369.98,422.47,1199.99,
2025-08-03,sl-tf-box,536225,Normal,231.2,224.88,249.99,400.0,
2025-08-03,sv2-185,497557,Normal,0.31,0.01,0.38,4321.0,0.25
2025-08-03,sv2-185,497557,Reverse Holofoil,0.56,0.2,0.66,4321.0,0.43
2025-08-03,sv2-254,497669,Holofoil,16.26,11.99,19.34,100.0,15.76
2025-08-03,sv2-269,497689,Holofoil,50.56,49.88,60.0,259.99,50.0
2025-08-03,sv3pt5-151,516566,Holofoil,7.59,6.37,8.04,40.0,19.69
2025-08-03,sv3pt5-199,517045,Holofoil,194.59,173.0,216.6,900.0,432.02
2025-08-03,sv3pt5-205,517051,Holofoil,12.71,10.75,14.37,50.0,13.99
2025-08-03,sv3pt5-4,502555,Normal,0.1,0.01,0.15,5.0,0.09
2025-08-03,sv3pt5-4,502555,Reverse Holofoil,0.24,0.07,0.26,4321.0,
2025-08-03,sv3pt5-6,502558,Holofoil,4.01,1.0,4.88,999.99,6.99
2025-08-03,sv3pt5-7,502548,Normal,0.14,0.01,0.15,4.95,
2025-08-03,sv3pt5-7,502548,Reverse Holofoil,0.18,0.05,0.24,4321.0,
2025-08-03,sv4pt5-234,535090,Holofoil,166.87,150.0,178.55,400.0,161.12
2025-08-03,sv4pt5-54,534416,Holofoil,2.96,1.99,3.15,34.99,0.25
2025-08-03,sv8-57,590025,Holofoil,5.04,4.0,6.5,40.0,4.99
2025-08-03,sv8pt5-149,610504,Holofoil,216.27,188.88,239.99,800.0,213.99
2025-08-03,sv8pt5-155,610510,Holofoil,219.2,188.88,243.99,599.95,
2025-08-03,sv8pt5-156,610511,Holofoil,327.41,288.88,360.2,800.0,327.41
2025-08-03,sv8pt5-161,610516,Holofoil,944.89,839.99,979.0,1999.95,914.98
2025-08-03,sv8pt5-167,610522,Holofoil,115.84,107.99,126.92,360.68,113.92
2025-08-03,sv8pt5-179,610534,Holofoil,34.4,30.0,41.86,270.0,
2025-08-03,sv8pt5-28,610383,Holofoil,1.18,0.5,1.33,9.99,1.17
2025-08-03,sv8pt5-47,610402,Normal,0.07,0.01,0.1,4.95,0.02
2025-08-03,sv8pt5-47,610402,Reverse Holofoil,0.12,0.01,0.14,4.95,0.09
2025-08-03,sv8pt5-59,610414,Holofoil,0.31,0.05,0.3,100.0,0.14
2025-08-03,sv8pt5-59,610414,Reverse Holofoil,0.35,0.1,0.42,25.0,0.28
2025-08-03,sv8pt5-60,610415,Holofoil,5.54,3.49,5.99,40.0,3.69
2025-08-03,svp-085,518861,Normal,396.19,400.1,499.99,1000.0,413.77
2025-08-03,swsh11-186,284137,Holofoil,498.95,400.0,611.24,1199.99,549.99
2025-08-03,swsh12-186,451834,Holofoil,315.08,294.27,399.99,625.0,320.0
2025-08-03,swsh12pt5gg-GG69,478100,Holofoil,162.31,155.0,199.99,1000.0,179.99
2025-08-03,swsh35-25,223018,Normal,0.1,0.03,0.2,4.95,0.09
2025-08-03,swsh35-25,223018,Reverse Holofoil,0.24,0.05,0.26,4.95,0.19
2025-08-03,swsh35-74,223073,Holofoil,159.63,135.0,177.67,1500.0,145.0
2025-08-03,swsh45sv-SV107,232496,Holofoil,97.79,93.0,115.0,349.95,102.9
2025-08-03,swsh7-204,246693,Holofoil,26.15,26.27,34.87,100.0,29.69
2025-08-03,swsh7-205,246696,Holofoil,381.53,264.99,402.21,849.99,325.82
2025-08-03,swsh7-208,246755,Holofoil,24.79,24.88,29.99,59.99,26.6
2025-08-03,swsh7-209,246756,Holofoil,275.1,259.99,303.81,799.99,270.99
2025-08-03,swsh7-211,246702,Holofoil,36.89,35.49,48.49,99.99,35.49
2025-08-03,swsh7-212,246704,Holofoil,290.49,265.0,350.0,1000.0,322.56
2025-08-03,swsh7-215,246723,Holofoil,1352.16,1119.98,1439.53,2999.99,1298.77
2025-08-03,swsh7-218,246733,Holofoil,661.52,556.64,699.99,1499.99,659.94
2025-08-03,swsh7-41,246753,Holofoil,4.77,4.0,5.72,89.0,4.99
2025-08-03,swsh7-65,246690,Holofoil,8.97,8.0,10.0,500.0,8.58
2025-08-03,swsh7-75,246701,Holofoil,8.4,7.17,10.87,50.0,9.74
2025-08-03,swsh7-8,246691,Holofoil,4.69,4.0,6.08,50.0,4.69
2025-08-03,swsh8-271,253266,Holofoil,585.95,522.02,698.39,1399.99,576.79
2025-08-03,swsh9-154,263873,Holofoil,211.22,171.99,249.99,1500.0,155.99
2025-08-04,base1-15,42355,Holofoil,115.41,65.99,120.56,300.0,109.1
2025-08-04,base1-16,42356,Holofoil,37.39,19.92,33.5,72.94,16.99
2025-08-04,base1-2,42360,Holofoil,161.58,100.0,149.97,499.99,80.0
2025-08-04,base1-4,42382,Holofoil,463.95,375.0,500.0,1249.99,
2025-08-04,base1-58,42402,Normal,3.03,0.45,2.75,9999.0,0.8
2025-08-04,cel25c-4,250320,Holofoil,104.07,91.18,114.76,250.0,82.43
2025-08-04,gym2-2,83861,1st Edition Holofoil,650.0,499.96,499.98,1000.0,
2025-08-04,gym2-2,83861,Unlimited Holofoil,524.92,309.98,510.56,599.99,498.7
2025-08-04,neo1-9,86903,1st Edition Holofoil,1251.5,1798.78,1799.99,1999.95,
2025-08-04,neo1-9,86903,Unlimited Holofoil,440.48,263.79,339.97,699.95,
2025-08-04,sl-151-bundle,502000,Normal,73.82,65.0,80.0,999.99,
2025-08-04,sl-151-etb,503313,Normal,291.69,294.99,359.5,4999.99,
2025-08-04,sl-151-upc,502005,Normal,413.8,442.0,500.0,20000.0,
2025-08-04,sl-ar-box,265519,Normal,376.88,360.75,410.56,1999.99,
2025-08-04,sl-bs-box,256141,Normal,409.46,395.0,499.99,999.99,
2025-08-04,sl-cel-upc,245140,Normal,691.55,795.0,949.99,1010.45,
2025-08-04,sl-champ-etb,218791,Normal,133.39,129.79,154.99,299.99,
2025-08-04,sl-cz-etb,453470,Normal,184.89,185.0,200.0,1999.99,
2025-08-04,sl-dr-box,624679,Normal,315.36,301.99,327.5,99999.0,
2025-08-04,sl-evs-box,242436,Normal,2106.84,2435.0,2949.5,10000.0,
2025-08-04,sl-evs-etb,243721,Normal,619.66,799.0,999.97,1250.0,
2025-08-04,sl-fs-box,247654,Normal,744.24,812.99,1000.0,3000.0,
2025-08-04,sl-hf-etb,194729,Normal,409.66,409.99,487.49,999.99,
2025-08-04,sl-jp-151,565243,Normal,159.49,151.0,169.99,250.0,
2025-08-04,sl-jp-terastal,603428,Normal,87.89,83.99,110.0,200.0,
2025-08-04,sl-jt-box,610931,Normal,248.28,257.97,277.5,551.0,
2025-08-04,sl-lo-box,277324,Normal,535.28,599.88,991.98,1200.0,
2025-08-04,sl-obf-box,501257,Normal,241.3,239.99,299.99,30000.0,
2025-08-04,sl-pe-etb,593355,Normal,105.65,95.0,129.0,100000.0,
2025-08-04,sl-pe-spc,622770,Normal,210.5,210.0,250.0,99999.0,
2025-08-04,sl-pf-etb,528040,Normal,203.39,217.99,239.7,395.0,
2025-08-04,sl-shf-etb,228821,Normal,88.85,81.59,99.99,499.99,
2025-08-04,sl-ss-box,565606,Normal,242.3,239.99,299.0,4999.99,
2025-08-04,sl-st-box,283389,Normal,371.34,374.99,425.0,1199.99,
2025-08-04,sl-tf-box,536225,Normal,230.69,226.98,249.99,400.0,
2025-08-04,sv2-185,497557,Normal,0.32,0.01,0.39,4321.0,0.25
2025-08-04,sv2-185,497557,Reverse Holofoil,0.57,0.2,0.67,4321.0,0.2
2025-08-04,sv2-254,497669,Holofoil,16.25,11.99,19.31,100.0,15.76
2025-08-04,sv2-269,497689,Holofoil,50.56,49.59,59.66,259.99,50.0
2025-08-04,sv3pt5-151,516566,Holofoil,8.25,6.5,8.28,40.0,9.98
2025-08-04,sv3pt5-199,517045,Holofoil,194.35,173.51,216.73,900.0,432.02
2025-08-04,sv3pt5-205,517051,Holofoil,11.85,10.26,14.33,50.0,13.99
2025-08-04,sv3pt5-4,502555,Normal,0.14,0.01,0.15,100.0,0.11
2025-08-04,sv3pt5-4,502555,Reverse Holofoil,0.28,0.01,0.28,4321.0,
2025-08-04,sv3pt5-6,502558,Holofoil,4.46,1.0,4.86,999.99,
2025-08-04,sv3pt5-7,502548,Normal,0.17,0.01,0.17,100.0,
2025-08-04,sv3pt5-7,502548,Reverse Holofoil,0.3,0.01,0.25,4321.0,
2025-08-04,sv4pt5-234,535090,Holofoil,166.86,150.0,176.07,400.0,160.02
2025-08-04,sv4pt5-54,534416,Holofoil,2.77,1.81,3.1,34.99,2.86
2025-08-04,sv8-57,590025,Holofoil,4.86,4.0,6.25,40.0,4.99
2025-08-04,sv8pt5-149,610504,Holofoil,215.87,188.88,238.84,800.0,213.99
2025-08-04,sv8pt5-155,610510,Holofoil,217.91,188.88,240.0,599.95,
2025-08-04,sv8pt5-156,610511,Holofoil,324.29,288.88,361.0,800.0,329.9
2025-08-04,sv8pt5-161,610516,Holofoil,939.87,839.99,980.0,1999.95,947.68
2025-08-04,sv8pt5-167,610522,Holofoil,115.54,112.68,127.09,360.68,121.99
2025-08-04,sv8pt5-179,610534,Holofoil,34.31,30.0,48.1,270.0,
2025-08-04,sv8pt5-28,610383,Holofoil,1.17,0.5,1.3,9.99,1.14
2025-08-04,sv8pt5-47,610402,Normal,0.07,0.01,0.1,4.95,0.02
2025-08-04,sv8pt5-47,610402,Reverse Holofoil,0.12,0.01,0.14,4.95,0.09
2025-08-04,sv8pt5-59,610414,Holofoil,0.31,0.02,0.3,100.0,0.14
2025-08-04,sv8pt5-59,610414,Reverse Holofoil,0.35,0.09,0.42,25.0,0.28
2025-08-04,sv8pt5-60,610415,Holofoil,4.59,3.0,5.84,40.0,4.36
2025-08-04,svp-085,518861,Normal,396.19,400.1,500.0,1000.0,
2025-08-04,swsh11-186,284137,Holofoil,501.37,400.0,600.0,1199.99,549.99
2025-08-04,swsh12-186,451834,Holofoil,314.49,293.41,393.11,625.0,320.0
2025-08-04,swsh12pt5gg-GG69,478100,Holofoil,164.31,160.0,200.0,1000.0,199.69
2025-08-04,swsh35-25,223018,Normal,0.1,0.03,0.2,4.95,0.09
2025-08-04,swsh35-25,223018,Reverse Holofoil,0.22,0.05,0.25,4.95,0.18
2025-08-04,swsh35-74,223073,Holofoil,159.63,135.0,177.67,1500.0,145.0
2025-08-04,swsh45sv-SV107,232496,Holofoil,97.82,90.57,115.75,349.95,102.9
2025-08-04,swsh7-204,246693,Holofoil,26.13,26.27,34.99,100.0,29.69
2025-08-04,swsh7-205,246696,Holofoil,381.53,264.99,400.0,849.99,325.82
2025-08-04,swsh7-208,246755,Holofoil,24.79,24.88,29.99,59.99,26.6
2025-08-04,swsh7-209,246756,Holofoil,275.1,258.99,303.66,799.99,270.99
2025-08-04,swsh7-211,246702,Holofoil,36.89,35.49,47.48,99.99,35.49
2025-08-04,swsh7-212,246704,Holofoil,290.49,268.64,350.0,1000.0,334.99
2025-08-04,swsh7-215,246723,Holofoil,1352.16,1119.98,1439.53,2999.99,1298.77
2025-08-04,swsh7-218,246733,Holofoil,661.52,556.64,697.9,1499.99,659.94
2025-08-04,swsh7-41,246753,Holofoil,4.86,4.0,5.63,89.0,4.99
2025-08-04,swsh7-65,246690,Holofoil,9.13,8.0,10.0,500.0,8.82
2025-08-04,swsh7-75,246701,Holofoil,8.48,6.65,10.88,50.0,9.74
2025-08-04,swsh7-8,246691,Holofoil,4.89,4.0,6.0,50.0,4.69
2025-08-04,swsh8-271,253266,Holofoil,587.63,522.02,684.99,1399.99,576.79
2025-08-04,swsh9-154,263873,Holofoil,211.09,171.99,249.99,1500.0,155.99
2025-08-05,base1-15,42355,Holofoil,115.41,66.35,120.57,300.0,73.32
2025-08-05,base1-16,42356,Holofoil,37.82,19.92,33.29,72.94,16.99
2025-08-05,base1-2,42360,Holofoil,161.58,100.0,149.95,499.99,80.0
2025-08-05,base1-4,42382,Holofoil,455.67,349.99,500.0,1249.99,
2025-08-05,base1-58,42402,Normal,3.09,0.45,2.75,9999.0,0.8
2025-08-05,cel25c-4,250320,Holofoil,105.03,91.18,117.73,250.0,82.43
2025-08-05,gym2-2,83861,1st Edition Holofoil,650.0,499.96,499.98,1000.0,
2025-08-05,gym2-2,83861,Unlimited Holofoil,537.88,309.98,510.46,599.99,499.99
2025-08-05,neo1-9,86903,1st Edition Holofoil,1251.5,1798.78,1799.99,1899.99,
2025-08-05,neo1-9,86903,Unlimited Holofoil,440.48,275.0,349.98,699.95,
2025-08-05,sl-151-bundle,502000,Normal,70.67,69.0,79.99,999.99,
2025-08-05,sl-151-etb,503313,Normal,297.44,294.99,399.99,4999.99,
2025-08-05,sl-151-upc,502005,Normal,416.52,442.0,500.0,20000.0,
2025-08-05,sl-ar-box,265519,Normal,371.14,360.75,410.56,1999.99,
2025-08-05,sl-bs-box,256141,Normal,411.53,420.69,499.99,999.99,
2025-08-05,sl-cel-upc,245140,Normal,707.31,798.0,999.99,1039.2,
2025-08-05,sl-champ-etb,218791,Normal,133.39,130.0,152.5,299.99,
2025-08-05,sl-cz-etb,453470,Normal,187.29,177.99,200.0,1999.99,
2025-08-05,sl-dr-box,624679,Normal,313.27,304.99,330.0,99999.0,
2025-08-05,sl-evs-box,242436,Normal,2116.32,2435.0,3000.0,10000.0,
2025-08-05,sl-evs-etb,243721,Normal,630.82,979.99,1000.99,1250.0,
2025-08-05,sl-fs-box,247654,Normal,758.44,819.95,1000.0,3000.0,
2025-08-05,sl-hf-etb,194729,Normal,409.66,400.0,467.5,999.99,
2025-08-05,sl-jp-151,565243,Normal,158.63,151.0,169.99,250.0,
2025-08-05,sl-jp-terastal,603428,Normal,88.19,83.99,106.99,200.0,
2025-08-05,sl-jt-box,610931,Normal,249.48,257.97,283.77,551.0,
2025-08-05,sl-lo-box,277324,Normal,548.64,599.88,999.47,1200.0,
2025-08-05,sl-obf-box,501257,Normal,242.74,239.99,297.5,30000.0,
2025-08-05,sl-pe-etb,593355,Normal,103.69,93.99,125.0,100000.0,
2025-08-05,sl-pe-spc,622770,Normal,213.79,210.0,250.0,99999.0,
2025-08-05,sl-pf-etb,528040,Normal,203.51,214.48,239.72,395.0,
2025-08-05,sl-shf-etb,228821,Normal,88.85,80.0,99.99,499.99,
2025-08-05,sl-ss-box,565606,Normal,242.71,242.98,299.5,4999.99,
2025-08-05,sl-st-box,283389,Normal,374.24,374.99,429.95,1199.99,
2025-08-05,sl-tf-box,536225,Normal,230.67,226.98,249.99,400.0,
2025-08-05,sv2-185,497557,Normal,0.31,0.01,0.39,4321.0,0.25
2025-08-05,sv2-185,497557,Reverse Holofoil,0.5,0.17,0.69,4321.0,0.27
2025-08-05,sv2-254,497669,Holofoil,16.29,10.5,19.2,100.0,14.19
2025-08-05,sv2-269,497689,Holofoil,50.32,49.39,59.54,259.99,50.0
2025-08-05,sv3pt5-151,516566,Holofoil,8.45,5.99,8.49,40.0,9.98
2025-08-05,sv3pt5-199,517045,Holofoil,192.72,173.51,225.0,900.0,432.02
2025-08-05,sv3pt5-205,517051,Holofoil,12.96,10.03,14.78,50.0,15.49
2025-08-05,sv3pt5-4,502555,Normal,0.15,0.01,0.15,5.0,0.15
2025-08-05,sv3pt5-4,502555,Reverse Holofoil,0.31,0.01,0.29,4321.0,
2025-08-05,sv3pt5-6,502558,Holofoil,3.88,1.0,4.88,999.99,
2025-08-05,sv3pt5-7,502548,Normal,0.19,0.01,0.18,4.95,
2025-08-05,sv3pt5-7,502548,Reverse Holofoil,0.38,0.01,0.25,4321.0,
2025-08-05,sv4pt5-234,535090,Holofoil,166.39,160.02,179.7,400.0,160.02
2025-08-05,sv4pt5-54,534416,Holofoil,2.62,1.99,3.1,34.99,2.84
2025-08-05,sv8-57,590025,Holofoil,4.91,4.2,6.55,40.0,4.99
2025-08-05,sv8pt5-149,610504,Holofoil,214.96,188.88,230.0,800.0,213.99
2025-08-05,sv8pt5-155,610510,Holofoil,216.51,188.88,242.0,599.95,
2025-08-05,sv8pt5-156,610511,Holofoil,320.81,288.88,358.35,800.0,324.99
2025-08-05,sv8pt5-161,610516,Holofoil,926.22,839.99,979.0,1999.95,941.63
2025-08-05,sv8pt5-167,610522,Holofoil,115.29,113.98,127.07,360.68,121.99
2025-08-05,sv8pt5-179,610534,Holofoil,34.31,30.0,44.94,270.0,
2025-08-05,sv8pt5-28,610383,Holofoil,1.18,0.5,1.35,9.99,1.1
2025-08-05,sv8pt5-47,610402,Normal,0.07,0.01,0.1,4.95,0.02
2025-08-05,sv8pt5-47,610402,Reverse Holofoil,0.14,0.01,0.14,4.95,0.09
2025-08-05,sv8pt5-59,610414,Holofoil,0.3,0.01,0.31,100.0,0.14
2025-08-05,sv8pt5-59,610414,Reverse Holofoil,0.43,0.07,0.42,25.0,0.28
2025-08-05,sv8pt5-60,610415,Holofoil,4.96,3.49,5.86,40.0,4.62
2025-08-05,svp-085,518861,Normal,408.43,400.1,499.99,1000.0,405.81
2025-08-05,swsh11-186,284137,Holofoil,501.37,400.0,600.0,1199.99,549.99
2025-08-05,swsh12-186,451834,Holofoil,315.41,293.41,393.75,625.0,320.0
2025-08-05,swsh12pt5gg-GG69,478100,Holofoil,165.24,160.0,200.0,1000.0,199.69
2025-08-05,swsh35-25,223018,Normal,0.1,0.03,0.2,4.95,0.09
2025-08-05,swsh35-25,223018,Reverse Holofoil,0.21,0.05,0.25,4.95,0.17
2025-08-05,swsh35-74,223073,Holofoil,159.63,135.0,177.67,1500.0,145.0
2025-08-05,swsh45sv-SV107,232496,Holofoil,97.72,95.0,116.7,349.95,102.9
2025-08-05,swsh7-204,246693,Holofoil,26.13,26.27,34.99,100.0,29.69
2025-08-05,swsh7-205,246696,Holofoil,381.53,264.99,400.0,849.99,325.82
2025-08-05,swsh7-208,246755,Holofoil,24.45,24.88,29.99,59.99,26.6
2025-08-05,swsh7-209,246756,Holofoil,275.1,250.0,303.06,799.99,270.99
2025-08-05,swsh7-211,246702,Holofoil,36.56,35.49,48.75,99.99,35.49
2025-08-05,swsh7-212,246704,Holofoil,290.49,268.64,349.99,1000.0,334.99
2025-08-05,swsh7-215,246723,Holofoil,1341.62,1119.98,1550.0,2999.99,1298.77
2025-08-05,swsh7-218,246733,Holofoil,661.52,560.0,697.9,1499.99,659.94
2025-08-05,swsh7-41,246753,Holofoil,4.86,3.91,5.55,89.0,4.7
2025-08-05,swsh7-65,246690,Holofoil,9.25,8.0,10.0,500.0,8.82
2025-08-05,swsh7-75,246701,Holofoil,8.17,7.12,10.87,50.0,9.74
2025-08-05,swsh7-8,246691,Holofoil,4.98,4.0,6.0,50.0,4.69
2025-08-05,swsh8-271,253266,Holofoil,589.41,522.02,692.34,1399.99,576.79
2025-08-05,swsh9-154,263873,Holofoil,211.47,171.99,249.99,1500.0,155.99
2025-08-06,base1-15,42355,Holofoil,115.41,69.98,121.13,300.0,109.1
2025-08-06,base1-16,42356,Holofoil,38.11,19.91,33.0,72.94,16.99
2025-08-06,base1-2,42360,Holofoil,161.58,99.99,143.78,499.99,80.0
2025-08-06,base1-4,42382,Holofoil,455.67,349.99,505.88,1249.99,
2025-08-06,base1-58,42402,Normal,3.11,0.45,2.75,9999.0,0.8
2025-08-06,cel25c-4,250320,Holofoil,105.37,88.2,116.0,250.0,82.43
2025-08-06,gym2-2,83861,1st Edition Holofoil,650.0,499.96,499.98,1000.0,
2025-08-06,gym2-2,83861,Unlimited Holofoil,537.88,309.98,509.91,604.04,357.49
2025-08-06,neo1-9,86903,1st Edition Holofoil,1251.5,1798.78,1849.99,1899.99,
2025-08-06,neo1-9,86903,Unlimited Holofoil,447.38,275.0,349.98,699.95,
2025-08-06,sl-151-bundle,502000,Normal,71.0,59.62,79.99,999.99,
2025-08-06,sl-151-etb,503313,Normal,297.52,294.95,399.99,4999.99,
2025-08-06,sl-151-upc,502005,Normal,418.66,416.52,500.0,20000.0,
2025-08-06,sl-ar-box,265519,Normal,370.37,360.75,411.65,1999.99,
2025-08-06,sl-bs-box,256141,Normal,417.33,439.99,500.0,999.99,
2025-08-06,sl-cel-upc,245140,Normal,707.31,798.0,999.99,1039.2,
2025-08-06,sl-champ-etb,218791,Normal,133.82,130.0,152.5,299.99,
2025-08-06,sl-cz-etb,453470,Normal,187.33,170.0,200.0,1999.99,
2025-08-06,sl-dr-box,624679,Normal,311.28,300.0,319.99,99999.0,
2025-08-06,sl-evs-box,242436,Normal,2137.72,2430.0,3000.0,10000.0,
2025-08-06,sl-evs-etb,243721,Normal,630.82,979.99,1000.99,1250.0,
2025-08-06,sl-fs-box,247654,Normal,763.52,859.99,992.48,3000.0,
2025-08-06,sl-hf-etb,194729,Normal,409.66,400.0,450.0,999.99,
2025-08-06,sl-jp-151,565243,Normal,158.59,151.0,170.0,250.0,
2025-08-06,sl-jp-terastal,603428,Normal,89.1,83.99,110.0,200.0,
2025-08-06,sl-jt-box,610931,Normal,249.87,252.99,299.25,551.0,
2025-08-06,sl-lo-box,277324,Normal,556.96,650.0,999.97,1200.0,
2025-08-06,sl-obf-box,501257,Normal,244.58,239.99,292.5,30000.0,
2025-08-06,sl-pe-etb,593355,Normal,103.0,99.99,128.5,100000.0,
2025-08-06,sl-pe-spc,622770,Normal,213.47,210.0,250.0,99999.0,
2025-08-06,sl-pf-etb,528040,Normal,205.27,214.48,249.99,395.0,
2025-08-06,sl-shf-etb,228821,Normal,88.24,80.0,99.99,499.99,
2025-08-06,sl-ss-box,565606,Normal,243.89,243.89,288.88,4999.99,
2025-08-06,sl-st-box,283389,Normal,374.96,370.0,425.0,1199.99,
2025-08-06,sl-tf-box,536225,Normal,229.7,215.0,249.99,400.0,
2025-08-06,sv2-185,497557,Normal,0.3,0.01,0.38,4321.0,0.25
2025-08-06,sv2-185,497557,Reverse Holofoil,0.54,0.17,0.67,4321.0,0.29
2025-08-06,sv2-254,497669,Holofoil,16.14,10.5,19.38,100.0,15.49
2025-08-06,sv2-269,497689,Holofoil,50.3,49.39,59.75,259.99,50.0
2025-08-06,sv3pt5-151,516566,Holofoil,8.05,5.81,8.38,40.0,9.98
2025-08-06,sv3pt5-199,517045,Holofoil,196.53,173.51,225.0,900.0,399.99
2025-08-06,sv3pt5-205,517051,Holofoil,13.05,9.93,14.99,50.0,15.49
2025-08-06,sv3pt5-4,502555,Normal,0.14,0.01,0.15,5.0,
2025-08-06,sv3pt5-4,502555,Reverse Holofoil,0.32,0.07,0.3,4321.0,
2025-08-06,sv3pt5-6,502558,Holofoil,4.05,1.0,4.85,999.99,
2025-08-06,sv3pt5-7,502548,Normal,0.14,0.01,0.18,4.95,
2025-08-06,sv3pt5-7,502548,Reverse Holofoil,0.25,0.05,0.25,4321.0,
2025-08-06,sv4pt5-234,535090,Holofoil,169.04,161.12,185.0,400.0,161.12
2025-08-06,sv4pt5-54,534416,Holofoil,2.62,2.0,3.14,34.99,3.05
2025-08-06,sv8-57,590025,Holofoil,5.21,4.0,6.73,40.0,4.99
2025-08-06,sv8pt5-149,610504,Holofoil,214.96,188.88,230.0,800.0,200.98
2025-08-06,sv8pt5-155,610510,Holofoil,215.71,188.88,240.0,599.95,
2025-08-06,sv8pt5-156,610511,Holofoil,318.46,288.88,360.5,800.0,321.2
2025-08-06,sv8pt5-161,610516,Holofoil,927.31,839.99,975.0,1999.95,923.99
2025-08-06,sv8pt5-167,610522,Holofoil,115.01,113.98,126.96,360.68,119.95
2025-08-06,sv8pt5-179,610534,Holofoil,34.84,30.0,45.0,270.0,
2025-08-06,sv8pt5-28,610383,Holofoil,1.26,0.5,1.35,9.99,1.1
2025-08-06,sv8pt5-47,610402,Normal,0.07,0.01,0.1,4.95,0.02
2025-08-06,sv8pt5-47,610402,Reverse Holofoil,0.13,0.01,0.14,4.95,0.09
2025-08-06,sv8pt5-59,610414,Holofoil,0.28,0.01,0.3,100.0,0.14
2025-08-06,sv8pt5-59,610414,Reverse Holofoil,0.43,0.07,0.43,25.0,0.28
2025-08-06,sv8pt5-60,610415,Holofoil,4.97,3.5,5.8,40.0,4.72
2025-08-06,svp-085,518861,Normal,412.23,400.1,499.99,1000.0,
2025-08-06,swsh11-186,284137,Holofoil,503.77,400.0,597.5,1199.99,500.95
2025-08-06,swsh12-186,451834,Holofoil,316.84,294.27,399.98,625.0,320.0
2025-08-06,swsh12pt5gg-GG69,478100,Holofoil,168.41,150.6,200.0,1000.0,199.69
2025-08-06,swsh35-25,223018,Normal,0.1,0.03,0.2,4.95,0.09
2025-08-06,swsh35-25,223018,Reverse Holofoil,0.21,0.05,0.25,4.95,0.17
2025-08-06,swsh35-74,223073,Holofoil,159.63,135.0,177.47,1500.0,145.0
2025-08-06,swsh45sv-SV107,232496,Holofoil,97.68,95.0,115.5,349.95,102.9
2025-08-06,swsh7-204,246693,Holofoil,26.21,26.27,34.99,100.0,29.69
2025-08-06,swsh7-205,246696,Holofoil,381.53,319.95,400.0,849.99,325.82
2025-08-06,swsh7-208,246755,Holofoil,24.69,25.87,29.99,59.99,26.6
2025-08-06,swsh7-209,246756,Holofoil,275.1,250.0,293.29,799.99,270.99
2025-08-06,swsh7-211,246702,Holofoil,36.56,35.49,48.49,99.99,35.49
2025-08-06,swsh7-212,246704,Holofoil,290.49,268.64,347.3,1000.0,308.95
2025-08-06,swsh7-215,246723,Holofoil,1341.62,1119.98,1474.5,2999.99,1298.77
2025-08-06,swsh7-218,246733,Holofoil,661.32,560.0,710.0,1499.99,659.93
2025-08-06,swsh7-41,246753,Holofoil,4.9,3.91,5.72,89.0,4.7
2025-08-06,swsh7-65,246690,Holofoil,9.23,8.0,10.0,500.0,9.02
2025-08-06,swsh7-75,246701,Holofoil,8.11,7.32,10.87,50.0,9.74
2025-08-06,swsh7-8,246691,Holofoil,4.93,4.0,6.0,50.0,4.69
2025-08-06,swsh8-271,253266,Holofoil,591.0,522.02,692.34,1399.99,576.79
2025-08-06,swsh9-154,263873,Holofoil,211.47,171.99,249.99,1500.0,153.99
2025-08-07,base1-15,42355,Holofoil,115.41,69.89,121.13,300.0,109.1
2025-08-07,base1-16,42356,Holofoil,38.31,19.92,33.5,72.94,16.99
2025-08-07,base1-2,42360,Holofoil,161.58,100.0,149.95,499.99,80.0
2025-08-07,base1-4,42382,Holofoil,455.67,349.99,505.88,1249.99,
2025-08-07,base1-58,42402,Normal,3.29,0.45,2.8,9999.0,1.13
2025-08-07,cel25c-4,250320,Holofoil,105.37,88.19,119.69,250.0,82.43
2025-08-07,gym2-2,83861,1st Edition Holofoil,650.0,499.96,499.98,1000.0,
2025-08-07,gym2-2,83861,Unlimited Holofoil,537.88,309.98,510.46,604.04,357.49
2025-08-07,neo1-9,86903,1st Edition Holofoil,1251.5,1798.78,1849.99,1899.99,
2025-08-07,neo1-9,86903,Unlimited Holofoil,447.38,275.0,359.0,699.95,
2025-08-07,sl-151-bundle,502000,Normal,68.45,68.0,80.0,999.99,
2025-08-07,sl-151-etb,503313,Normal,298.0,279.99,399.99,4999.99,
2025-08-07,sl-151-upc,502005,Normal,418.66,416.52,500.0,20000.0,
2025-08-07,sl-ar-box,265519,Normal,370.37,360.75,410.56,1999.99,
2025-08-07,sl-bs-box,256141,Normal,418.92,449.97,500.0,999.99,
2025-08-07,sl-cel-upc,245140,Normal,714.27,798.0,999.99,1039.2,
2025-08-07,sl-champ-etb,218791,Normal,133.78,130.0,150.0,299.99,
2025-08-07,sl-cz-etb,453470,Normal,188.13,170.0,200.0,1999.99,
2025-08-07,sl-dr-box,624679,Normal,305.42,300.0,325.68,99999.0,
2025-08-07,sl-evs-box,242436,Normal,2155.64,2417.01,2999.99,10000.0,
2025-08-07,sl-evs-etb,243721,Normal,630.82,979.99,1000.99,1250.0,
2025-08-07,sl-fs-box,247654,Normal,779.18,860.0,1000.0,3000.0,
2025-08-07,sl-hf-etb,194729,Normal,412.77,400.0,460.0,999.99,
2025-08-07,sl-jp-151,565243,Normal,159.46,151.0,169.99,250.0,
2025-08-07,sl-jp-terastal,603428,Normal,89.71,83.99,110.0,200.0,
2025-08-07,sl-jt-box,610931,Normal,250.64,265.99,300.0,551.0,
2025-08-07,sl-lo-box,277324,Normal,562.16,650.0,999.97,1200.0,
2025-08-07,sl-obf-box,501257,Normal,245.83,239.99,289.98,30000.0,
2025-08-07,sl-pe-etb,593355,Normal,102.4,99.99,125.0,100000.0,
2025-08-07,sl-pe-spc,622770,Normal,212.32,210.0,250.0,99999.0,
2025-08-07,sl-pf-etb,528040,Normal,207.11,219.3,250.0,395.0,
2025-08-07,sl-shf-etb,228821,Normal,87.95,80.0,99.99,499.99,
2025-08-07,sl-ss-box,565606,Normal,245.92,241.0,286.94,4999.99,
2025-08-07,sl-st-box,283389,Normal,377.16,377.16,429.95,1199.99,
2025-08-07,sl-tf-box,536225,Normal,229.11,222.98,249.99,400.0,
2025-08-07,sv2-185,497557,Normal,0.52,0.01,0.4,4321.0,0.25
2025-08-07,sv2-185,497557,Reverse Holofoil,0.55,0.17,0.68,4321.0,0.39
2025-08-07,sv2-254,497669,Holofoil,15.99,10.5,19.35,52.5,15.76
2025-08-07,sv2-269,497689,Holofoil,50.25,49.29,58.79,259.99,50.0
2025-08-07,sv3pt5-151,516566,Holofoil,8.32,3.75,8.2,40.0,13.34
2025-08-07,sv3pt5-199,517045,Holofoil,198.98,165.11,224.99,900.0,399.99
2025-08-07,sv3pt5-205,517051,Holofoil,12.89,9.93,14.99,100.0,15.48
2025-08-07,sv3pt5-4,502555,Normal,0.14,0.01,0.15,5.0,
2025-08-07,sv3pt5-4,502555,Reverse Holofoil,0.28,0.07,0.29,4321.0,
2025-08-07,sv3pt5-6,502558,Holofoil,4.1,2.73,4.89,999.99,
2025-08-07,sv3pt5-7,502548,Normal,0.14,0.01,0.16,4.95,
2025-08-07,sv3pt5-7,502548,Reverse Holofoil,0.25,0.05,0.25,4321.0,
2025-08-07,sv4pt5-234,535090,Holofoil,169.68,162.0,185.99,400.0,162.0
2025-08-07,sv4pt5-54,534416,Holofoil,2.8,1.99,3.11,34.99,3.05
2025-08-07,sv8-57,590025,Holofoil,5.42,4.0,6.55,40.0,4.99
2025-08-07,sv8pt5-149,610504,Holofoil,212.22,190.0,233.67,800.0,209.99
2025-08-07,sv8pt5-155,610510,Holofoil,215.71,188.88,239.99,599.95,
2025-08-07,sv8pt5-156,610511,Holofoil,318.46,292.88,359.5,800.0,318.46
2025-08-07,sv8pt5-161,610516,Holofoil,921.95,839.99,972.5,1999.95,923.98
2025-08-07,sv8pt5-167,610522,Holofoil,114.79,110.0,126.27,360.68,119.95
2025-08-07,sv8pt5-179,610534,Holofoil,35.03,30.0,45.05,270.0,
2025-08-07,sv8pt5-28,610383,Holofoil,1.23,0.5,1.35,9.99,1.28
2025-08-07,sv8pt5-47,610402,Normal,0.07,0.01,0.1,4.95,0.02
2025-08-07,sv8pt5-47,610402,Reverse Holofoil,0.13,0.01,0.14,4.95,0.09
2025-08-07,sv8pt5-59,610414,Holofoil,0.26,0.01,0.3,100.0,0.14
2025-08-07,sv8pt5-59,610414,Reverse Holofoil,0.44,0.07,0.44,25.0,0.34
2025-08-07,sv8pt5-60,610415,Holofoil,4.8,2.55,5.75,40.0,5.12
2025-08-07,svp-085,518861,Normal,412.23,400.1,500.0,1000.0,
2025-08-07,swsh11-186,284137,Holofoil,505.92,400.0,600.0,1199.99,679.99
2025-08-07,swsh12-186,451834,Holofoil,318.06,294.27,399.97,625.0,367.97
2025-08-07,swsh12pt5gg-GG69,478100,Holofoil,168.92,150.6,201.05,1000.0,199.69
2025-08-07,swsh35-25,223018,Normal,0.11,0.03,0.2,4.95,0.09
2025-08-07,swsh35-25,223018,Reverse Holofoil,0.21,0.05,0.25,4.95,0.17
2025-08-07,swsh35-74,223073,Holofoil,159.48,135.0,177.68,1500.0,149.99
2025-08-07,swsh45sv-SV107,232496,Holofoil,98.07,95.0,116.0,349.95,102.9
2025-08-07,swsh7-204,246693,Holofoil,26.33,26.27,34.75,100.0,29.69
2025-08-07,swsh7-205,246696,Holofoil,381.53,309.95,400.0,849.99,321.48
2025-08-07,swsh7-208,246755,Holofoil,24.81,25.87,29.99,59.99,26.6
2025-08-07,swsh7-209,246756,Holofoil,275.1,250.0,291.9,799.99,270.99
2025-08-07,swsh7-211,246702,Holofoil,36.67,35.49,47.89,99.99,35.49
2025-08-07,swsh7-212,246704,Holofoil,289.89,251.37,349.59,1000.0,308.95
2025-08-07,swsh7-215,246723,Holofoil,1343.43,1109.99,1500.0,2999.99,1298.77
2025-08-07,swsh7-218,246733,Holofoil,661.32,560.0,699.99,1499.99,659.92
2025-08-07,swsh7-41,246753,Holofoil,4.91,3.72,5.79,89.0,4.7
2025-08-07,swsh7-65,246690,Holofoil,9.28,8.0,10.0,500.0,9.02
2025-08-07,swsh7-75,246701,Holofoil,7.87,7.12,10.65,50.0,9.74
2025-08-07,swsh7-8,246691,Holofoil,5.01,3.48,6.0,50.0,5.32
2025-08-07,swsh8-271,253266,Holofoil,591.0,522.02,701.44,1399.99,620.69
2025-08-07,swsh9-154,263873,Holofoil,211.47,171.99,248.0,1500.0,153.99
2025-08-08,base1-15,42355,Holofoil,115.41,69.9,121.13,300.0,109.1
2025-08-08,base1-16,42356,Holofoil,38.31,19.92,33.33,72.94,16.99
2025-08-08,base1-2,42360,Holofoil,161.58,105.0,149.99,499.99,80.0
2025-08-08,base1-4,42382,Holofoil,455.67,349.99,505.88,1249.99,
2025-08-08,base1-58,42402,Normal,3.22,0.45,2.75,9999.0,0.82
2025-08-08,cel25c-4,250320,Holofoil,105.37,100.1,120.0,250.0,104.99
2025-08-08,gym2-2,83861,1st Edition Holofoil,650.0,499.97,499.98,499.98,
2025-08-08,gym2-2,83861,Unlimited Holofoil,537.88,309.98,504.95,604.04,357.49
2025-08-08,neo1-9,86903,1st Edition Holofoil,1251.5,1798.78,1849.99,1899.99,
2025-08-08,neo1-9,86903,Unlimited Holofoil,447.38,275.0,359.0,699.95,
2025-08-08,sl-151-bundle,502000,Normal,70.92,64.5,79.99,999.99,
2025-08-08,sl-151-etb,503313,Normal,298.2,279.99,398.5,4999.99,
2025-08-08,sl-151-upc,502005,Normal,418.86,440.0,500.0,20000.0,
2025-08-08,sl-ar-box,265519,Normal,369.69,355.75,406.27,1999.99,
2025-08-08,sl-bs-box,256141,Normal,421.32,439.99,510.0,999.99,
2025-08-08,sl-cel-upc,245140,Normal,721.19,798.99,999.99,1039.2,
2025-08-08,sl-champ-etb,218791,Normal,133.78,130.0,150.0,299.99,
2025-08-08,sl-cz-etb,453470,Normal,188.13,177.99,200.0,1999.99,
2025-08-08,sl-dr-box,624679,Normal,303.66,297.99,321.54,99999.0,
2025-08-08,sl-evs-box,242436,Normal,2155.64,2430.0,3000.0,10000.0,
2025-08-08,sl-evs-etb,243721,Normal,630.82,979.99,1000.99,1250.0,
2025-08-08,sl-fs-box,247654,Normal,779.18,850.0,1000.0,3000.0,
2025-08-08,sl-hf-etb,194729,Normal,412.77,409.99,479.99,999.99,
2025-08-08,sl-jp-151,565243,Normal,159.64,151.0,169.99,250.0,
2025-08-08,sl-jp-terastal,603428,Normal,90.26,83.99,109.99,200.0,
2025-08-08,sl-jt-box,610931,Normal,251.76,259.99,300.0,551.0,
2025-08-08,sl-lo-box,277324,Normal,562.16,640.0,999.95,1200.0,
2025-08-08,sl-obf-box,501257,Normal,246.63,245.0,299.99,30000.0,
2025-08-08,sl-pe-etb,593355,Normal,101.54,99.95,125.0,100000.0,
2025-08-08,sl-pe-spc,622770,Normal,215.7,210.0,250.0,99999.0,
2025-08-08,sl-pf-etb,528040,Normal,207.11,218.99,250.0,399.44,
2025-08-08,sl-shf-etb,228821,Normal,88.87,80.0,100.0,499.99,
2025-08-08,sl-ss-box,565606,Normal,243.99,229.0,288.88,4999.99,
2025-08-08,sl-st-box,283389,Normal,379.07,387.99,429.96,1199.99,
2025-08-08,sl-tf-box,536225,Normal,227.71,215.0,249.99,400.0,
2025-08-08,sv2-185,497557,Normal,0.41,0.01,0.4,4321.0,0.25
2025-08-08,sv2-185,497557,Reverse Holofoil,0.54,0.17,0.65,4321.0,0.39
2025-08-08,sv2-254,497669,Holofoil,15.91,10.5,19.21,52.5,15.76
2025-08-08,sv2-269,497689,Holofoil,50.19,49.2,59.45,259.99,50.0
2025-08-08,sv3pt5-151,516566,Holofoil,7.7,5.99,8.27,40.0,13.34
2025-08-08,sv3pt5-199,517045,Holofoil,199.84,165.0,224.99,900.0,214.23
2025-08-08,sv3pt5-205,517051,Holofoil,13.62,9.76,14.99,100.0,9.76
2025-08-08,sv3pt5-4,502555,Normal,0.16,0.01,0.16,5.0,0.06
2025-08-08,sv3pt5-4,502555,Reverse Holofoil,0.27,0.07,0.29,4321.0,0.1
2025-08-08,sv3pt5-6,502558,Holofoil,3.9,2.73,4.87,999.99,3.66
2025-08-08,sv3pt5-7,502548,Normal,0.12,0.01,0.15,4.95,0.1
2025-08-08,sv3pt5-7,502548,Reverse Holofoil,0.22,0.05,0.25,4321.0,
2025-08-08,sv4pt5-234,535090,Holofoil,169.8,159.0,188.0,400.0,162.0
2025-08-08,sv4pt5-54,534416,Holofoil,2.85,1.99,3.09,34.99,3.05
2025-08-08,sv8-57,590025,Holofoil,5.41,4.25,6.51,40.0,5.71
2025-08-08,sv8pt5-149,610504,Holofoil,212.28,188.99,230.44,800.0,209.99
2025-08-08,sv8pt5-155,610510,Holofoil,214.95,204.98,240.0,599.95,
2025-08-08,sv8pt5-156,610511,Holofoil,318.76,289.99,359.0,800.0,318.0
2025-08-08,sv8pt5-161,610516,Holofoil,921.95,839.99,969.99,1999.95,923.98
2025-08-08,sv8pt5-167,610522,Holofoil,114.35,110.0,125.41,360.68,119.95
2025-08-08,sv8pt5-179,610534,Holofoil,35.14,30.0,45.18,270.0,
2025-08-08,sv8pt5-28,610383,Holofoil,1.2,0.49,1.36,9.99,1.57
2025-08-08,sv8pt5-47,610402,Normal,0.06,0.01,0.1,4.95,0.03
2025-08-08,sv8pt5-47,610402,Reverse Holofoil,0.12,0.01,0.14,4.95,0.1
2025-08-08,sv8pt5-59,610414,Holofoil,0.24,0.01,0.3,100.0,0.22
2025-08-08,sv8pt5-59,610414,Reverse Holofoil,0.48,0.07,0.47,25.0,0.34
2025-08-08,sv8pt5-60,610415,Holofoil,4.58,2.9,5.74,40.0,5.45
2025-08-08,svp-085,518861,Normal,412.23,400.1,499.99,1000.0,
2025-08-08,swsh11-186,284137,Holofoil,523.02,400.0,643.73,1199.99,679.99
2025-08-08,swsh12-186,451834,Holofoil,327.91,294.27,419.95,625.0,397.58
2025-08-08,swsh12pt5gg-GG69,478100,Holofoil,169.05,150.6,204.82,1000.0,199.69
2025-08-08,swsh35-25,223018,Normal,0.11,0.03,0.2,4.95,0.09
2025-08-08,swsh35-25,223018,Reverse Holofoil,0.21,0.05,0.25,4.95,0.17
2025-08-08,swsh35-74,223073,Holofoil,159.48,135.0,178.99,1500.0,149.99
2025-08-08,swsh45sv-SV107,232496,Holofoil,98.07,95.0,116.0,349.95,102.9
2025-08-08,swsh7-204,246693,Holofoil,26.33,26.27,34.87,100.0,29.69
2025-08-08,swsh7-205,246696,Holofoil,381.53,260.0,400.0,849.99,321.48
2025-08-08,swsh7-208,246755,Holofoil,24.81,25.87,29.99,59.99,26.6
2025-08-08,swsh7-209,246756,Holofoil,275.1,245.75,291.75,799.99,270.99
2025-08-08,swsh7-211,246702,Holofoil,36.67,35.49,47.3,99.99,35.49
2025-08-08,swsh7-212,246704,Holofoil,289.89,251.37,349.79,1000.0,308.95
2025-08-08,swsh7-215,246723,Holofoil,1341.97,1099.99,1550.0,2999.99,1298.77
2025-08-08,swsh7-218,246733,Holofoil,653.02,560.0,723.32,1499.99,659.92
2025-08-08,swsh7-41,246753,Holofoil,4.9,3.9,5.87,89.0,4.7
2025-08-08,swsh7-65,246690,Holofoil,9.33,8.0,10.0,500.0,9.02
2025-08-08,swsh7-75,246701,Holofoil,7.86,7.13,10.72,50.0,9.74
2025-08-08,swsh7-8,246691,Holofoil,5.12,4.51,6.0,50.0,5.32
2025-08-08,swsh8-271,253266,Holofoil,594.19,515.0,710.34,1399.99,650.0
2025-08-08,swsh9-154,263873,Holofoil,214.79,171.99,249.99,1500.0,151.99
2025-08-09,base1-15,42355,Holofoil,115.41,69.9,121.16,300.0,109.1
2025-08-09,base1-16,42356,Holofoil,38.31,19.92,33.17,72.94,13.2
2025-08-09,base1-2,42360,Holofoil,162.38,105.0,149.99,499.99,80.0
2025-08-09,base1-4,42382,Holofoil,455.67,349.99,505.88,1249.99,
2025-08-09,base1-58,42402,Normal,3.21,0.45,2.75,9999.0,1.13
2025-08-09,cel25c-4,250320,Holofoil,105.76,100.1,120.0,250.0,114.08
2025-08-09,gym2-2,83861,1st Edition Holofoil,650.0,499.97,499.98,499.98,
2025-08-09,gym2-2,83861,Unlimited Holofoil,537.88,309.97,511.0,604.04,280.0
2025-08-09,neo1-9,86903,1st Edition Holofoil,1251.5,1798.78,1849.99,1899.99,
2025-08-09,neo1-9,86903,Unlimited Holofoil,447.38,275.0,359.0,699.95,
2025-08-09,sl-151-bundle,502000,Normal,70.16,69.99,80.0,999.99,
2025-08-09,sl-151-etb,503313,Normal,297.92,294.95,399.0,4999.99,
2025-08-09,sl-151-upc,502005,Normal,426.67,442.0,500.0,20000.0,
2025-08-09,sl-ar-box,265519,Normal,369.69,355.75,406.27,1999.99,
2025-08-09,sl-bs-box,256141,Normal,422.72,439.99,510.0,999.99,
2025-08-09,sl-cel-upc,245140,Normal,723.31,779.99,992.0,1039.2,
2025-08-09,sl-champ-etb,218791,Normal,133.34,127.99,152.5,299.99,
2025-08-09,sl-cz-etb,453470,Normal,188.21,177.99,200.0,1999.99,
2025-08-09,sl-dr-box,624679,Normal,302.24,300.0,330.0,99999.0,
2025-08-09,sl-evs-box,242436,Normal,2155.64,2400.0,3000.0,10000.0,
2025-08-09,sl-evs-etb,243721,Normal,630.82,979.99,1000.99,1250.0,
2025-08-09,sl-fs-box,247654,Normal,791.26,860.0,1000.0,3000.0,
2025-08-09,sl-hf-etb,194729,Normal,412.77,409.99,505.0,999.99,
2025-08-09,sl-jp-151,565243,Normal,158.49,151.0,170.0,250.0,
2025-08-09,sl-jp-terastal,603428,Normal,91.1,83.99,110.0,200.0,
2025-08-09,sl-jt-box,610931,Normal,255.32,265.99,299.25,551.0,
2025-08-09,sl-lo-box,277324,Normal,584.57,650.0,999.97,1200.0,
2025-08-09,sl-obf-box,501257,Normal,247.68,249.95,299.99,30000.0,
2025-08-09,sl-pe-etb,593355,Normal,101.05,99.99,125.0,100000.0,
2025-08-09,sl-pe-spc,622770,Normal,220.75,210.0,250.0,99999.0,
2025-08-09,sl-pf-etb,528040,Normal,208.72,219.3,251.5,399.44,
2025-08-09,sl-shf-etb,228821,Normal,88.05,80.0,100.0,499.99,
2025-08-09,sl-ss-box,565606,Normal,242.35,225.95,286.94,4999.99,
2025-08-09,sl-st-box,283389,Normal,379.87,387.99,429.96,1199.99,
2025-08-09,sl-tf-box,536225,Normal,224.85,224.97,249.99,400.0,
2025-08-09,sv2-185,497557,Normal,0.36,0.14,0.4,4321.0,0.25
2025-08-09,sv2-185,497557,Reverse Holofoil,0.53,0.17,0.67,4321.0,0.39
2025-08-09,sv2-254,497669,Holofoil,15.92,11.99,19.38,52.5,15.76
2025-08-09,sv2-269,497689,Holofoil,50.19,49.2,59.12,259.99,50.0
2025-08-09,sv3pt5-151,516566,Holofoil,8.67,5.99,8.5,40.0,9.98
2025-08-09,sv3pt5-199,517045,Holofoil,203.67,165.11,230.0,900.0,224.99
2025-08-09,sv3pt5-205,517051,Holofoil,13.21,10.99,14.93,50.0,15.49
2025-08-09,sv3pt5-4,502555,Normal,0.16,0.01,0.16,5.0,
2025-08-09,sv3pt5-4,502555,Reverse Holofoil,0.23,0.07,0.28,4321.0,
2025-08-09,sv3pt5-6,502558,Holofoil,4.24,2.73,4.87,50.0,6.46
2025-08-09,sv3pt5-7,502548,Normal,0.1,0.01,0.15,4.95,
2025-08-09,sv3pt5-7,502548,Reverse Holofoil,0.22,0.05,0.25,4321.0,
2025-08-09,sv4pt5-234,535090,Holofoil,170.37,159.0,187.5,400.0,164.99
2025-08-09,sv4pt5-54,534416,Holofoil,2.7,1.99,3.1,34.99,3.05
2025-08-09,sv8-57,590025,Holofoil,5.6,4.1,6.5,40.0,6.39
2025-08-09,sv8pt5-149,610504,Holofoil,211.82,188.96,230.44,800.0,
2025-08-09,sv8pt5-155,610510,Holofoil,214.41,204.99,239.99,599.95,
2025-08-09,sv8pt5-156,610511,Holofoil,317.91,289.99,362.16,800.0,320.0
2025-08-09,sv8pt5-161,610516,Holofoil,919.07,839.99,959.99,1999.95,
2025-08-09,sv8pt5-167,610522,Holofoil,114.35,110.0,125.0,360.68,119.0
2025-08-09,sv8pt5-179,610534,Holofoil,35.49,30.0,49.98,270.0,
2025-08-09,sv8pt5-28,610383,Holofoil,1.33,0.49,1.39,9.99,1.26
2025-08-09,sv8pt5-47,610402,Normal,0.06,0.01,0.1,4.95,0.03
2025-08-09,sv8pt5-47,610402,Reverse Holofoil,0.12,0.01,0.15,4.95,0.1
2025-08-09,sv8pt5-59,610414,Holofoil,0.27,0.01,0.3,100.0,0.25
2025-08-09,sv8pt5-59,610414,Reverse Holofoil,0.45,0.07,0.47,25.0,0.35
2025-08-09,sv8pt5-60,610415,Holofoil,4.52,2.9,5.56,40.0,5.49
2025-08-09,svp-085,518861,Normal,412.23,400.1,499.99,1000.0,409.4
2025-08-09,swsh11-186,284137,Holofoil,523.02,400.0,649.99,1199.99,679.99
2025-08-09,swsh12-186,451834,Holofoil,331.12,294.27,450.0,625.0,409.89
2025-08-09,swsh12pt5gg-GG69,478100,Holofoil,168.64,150.6,207.92,1000.0,199.69
2025-08-09,swsh35-25,223018,Normal,0.11,0.03,0.2,4.95,0.1
2025-08-09,swsh35-25,223018,Reverse Holofoil,0.22,0.05,0.25,4.95,0.19
2025-08-09,swsh35-74,223073,Holofoil,159.48,135.0,177.99,1500.0,149.97
2025-08-09,swsh45sv-SV107,232496,Holofoil,98.22,95.0,117.5,349.95,102.9
2025-08-09,swsh7-204,246693,Holofoil,26.33,26.27,34.87,100.0,29.69
2025-08-09,swsh7-205,246696,Holofoil,381.53,260.0,399.99,849.99,321.48
2025-08-09,swsh7-208,246755,Holofoil,24.81,25.87,29.99,59.99,26.6
2025-08-09,swsh7-209,246756,Holofoil,275.1,245.75,290.9,799.99,270.99
2025-08-09,swsh7-211,246702,Holofoil,36.67,33.0,46.15,99.99,35.49
2025-08-09,swsh7-212,246704,Holofoil,289.89,251.37,349.79,1000.0,308.95
2025-08-09,swsh7-215,246723,Holofoil,1342.09,1099.99,1583.89,2999.99,1298.77
2025-08-09,swsh7-218,246733,Holofoil,653.02,560.0,749.99,1499.99,659.92
2025-08-09,swsh7-41,246753,Holofoil,4.93,3.9,5.88,89.0,4.7
2025-08-09,swsh7-65,246690,Holofoil,9.33,8.0,10.0,500.0,9.02
2025-08-09,swsh7-75,246701,Holofoil,8.24,7.41,10.87,50.0,9.74
2025-08-09,swsh7-8,246691,Holofoil,5.21,4.01,6.0,50.0,5.32
2025-08-09,swsh8-271,253266,Holofoil,603.92,515.0,713.09,1399.99,649.99
2025-08-09,swsh9-154,263873,Holofoil,214.47,171.99,254.99,1500.0,155.0
2025-08-10,base1-15,42355,Holofoil,115.41,68.91,120.57,300.0,109.1
2025-08-10,base1-16,42356,Holofoil,38.31,19.92,33.17,72.94,17.28
2025-08-10,base1-2,42360,Holofoil,162.38,105.0,149.99,499.99,80.0
2025-08-10,base1-4,42382,Holofoil,455.67,349.99,505.88,1249.99,
2025-08-10,base1-58,42402,Normal,3.12,0.4,2.7,9999.0,1.13
2025-08-10,cel25c-4,250320,Holofoil,105.53,100.3,122.25,250.0,114.08
2025-08-10,gym2-2,83861,1st Edition Holofoil,650.0,499.97,499.98,499.98,
2025-08-10,gym2-2,83861,Unlimited Holofoil,537.88,309.96,510.46,604.04,357.48
2025-08-10,neo1-9,86903,1st Edition Holofoil,1251.5,1798.78,1849.99,1899.99,
2025-08-10,neo1-9,86903,Unlimited Holofoil,447.38,275.0,359.0,699.95,
2025-08-10,sl-151-bundle,502000,Normal,70.68,69.99,80.0,999.99,
2025-08-10,sl-151-etb,503313,Normal,297.31,294.95,399.0,4999.99,
2025-08-10,sl-151-upc,502005,Normal,426.67,442.0,500.0,20000.0,
2025-08-10,sl-ar-box,265519,Normal,369.69,355.75,410.56,1999.99,
2025-08-10,sl-bs-box,256141,Normal,422.72,439.99,552.97,999.99,
2025-08-10,sl-cel-upc,245140,Normal,723.31,779.99,992.0,1039.2,
2025-08-10,sl-champ-etb,218791,Normal,132.94,127.99,150.0,299.99,
2025-08-10,sl-cz-etb,453470,Normal,188.0,177.99,205.0,1999.99,
2025-08-10,sl-dr-box,624679,Normal,304.13,300.0,330.0,99999.0,
2025-08-10,sl-evs-box,242436,Normal,2175.64,2400.0,3000.0,10000.0,
2025-08-10,sl-evs-etb,243721,Normal,630.82,806.99,999.99,1250.0,
2025-08-10,sl-fs-box,247654,Normal,808.13,869.95,1000.0,3000.0,
2025-08-10,sl-hf-etb,194729,Normal,412.77,409.99,499.99,999.99,
2025-08-10,sl-jp-151,565243,Normal,159.42,151.0,170.38,250.0,
2025-08-10,sl-jp-terastal,603428,Normal,91.15,83.99,110.84,200.0,
2025-08-10,sl-jt-box,610931,Normal,256.43,265.0,299.49,551.0,
2025-08-10,sl-lo-box,277324,Normal,588.97,700.0,999.95,1200.0,
2025-08-10,sl-obf-box,501257,Normal,248.88,249.95,299.99,30000.0,
2025-08-10,sl-pe-etb,593355,Normal,101.8,94.99,125.0,100000.0,
2025-08-10,sl-pe-spc,622770,Normal,220.31,211.98,250.0,99999.0,
2025-08-10,sl-pf-etb,528040,Normal,210.47,209.99,250.0,399.44,
2025-08-10,sl-shf-etb,228821,Normal,87.82,82.0,100.0,499.99,
2025-08-10,sl-ss-box,565606,Normal,239.38,229.0,288.0,4999.99,
2025-08-10,sl-st-box,283389,Normal,379.47,390.0,430.0,1199.99,
2025-08-10,sl-tf-box,536225,Normal,226.05,224.97,249.99,400.0,
2025-08-10,sv2-185,497557,Normal,0.35,0.2,0.4,4321.0,0.25
2025-08-10,sv2-185,497557,Reverse Holofoil,0.5,0.2,0.67,4321.0,0.39
2025-08-10,sv2-254,497669,Holofoil,15.92,11.99,19.24,52.5,15.75
2025-08-10,sv2-269,497689,Holofoil,50.24,49.29,59.85,259.99,50.0
2025-08-10,sv3pt5-151,516566,Holofoil,8.31,5.99,8.28,40.0,7.92
2025-08-10,sv3pt5-199,517045,Holofoil,205.12,167.0,230.0,900.0,399.99
2025-08-10,sv3pt5-205,517051,Holofoil,13.64,9.99,14.8,100.0,15.86
2025-08-10,sv3pt5-4,502555,Normal,0.12,0.01,0.15,5.0,
2025-08-10,sv3pt5-4,502555,Reverse Holofoil,0.3,0.07,0.28,4321.0,
2025-08-10,sv3pt5-6,502558,Holofoil,4.29,3.0,4.95,50.0,
2025-08-10,sv3pt5-7,502548,Normal,0.12,0.01,0.15,4.95,
2025-08-10,sv3pt5-7,502548,Reverse Holofoil,0.24,0.05,0.25,4321.0,
2025-08-10,sv4pt5-234,535090,Holofoil,169.89,164.99,192.49,400.0,164.99
2025-08-10,sv4pt5-54,534416,Holofoil,2.8,2.0,3.07,34.99,3.05
2025-08-10,sv8-57,590025,Holofoil,5.53,4.0,6.5,40.0,4.68
2025-08-10,sv8pt5-149,610504,Holofoil,211.82,188.99,230.44,800.0,
2025-08-10,sv8pt5-155,610510,Holofoil,213.61,204.99,242.5,599.95,
2025-08-10,sv8pt5-156,610511,Holofoil,315.76,292.88,362.16,800.0,317.91
2025-08-10,sv8pt5-161,610516,Holofoil,915.43,839.99,976.5,1999.95,
2025-08-10,sv8pt5-167,610522,Holofoil,114.13,110.0,125.84,360.68,
2025-08-10,sv8pt5-179,610534,Holofoil,35.44,30.0,47.75,270.0,
2025-08-10,sv8pt5-28,610383,Holofoil,1.34,0.49,1.4,9.95,
2025-08-10,sv8pt5-47,610402,Normal,0.05,0.01,0.1,4.95,0.03
2025-08-10,sv8pt5-47,610402,Reverse Holofoil,0.11,0.01,0.14,4.95,0.1
2025-08-10,sv8pt5-59,610414,Holofoil,0.24,0.01,0.29,100.0,0.25
2025-08-10,sv8pt5-59,610414,Reverse Holofoil,0.35,0.07,0.45,25.0,0.36
2025-08-10,sv8pt5-60,610415,Holofoil,4.74,2.9,5.5,40.0,5.49
2025-08-10,svp-085,518861,Normal,412.23,400.1,500.0,1000.0,
2025-08-10,swsh11-186,284137,Holofoil,523.02,400.0,650.0,1199.99,671.0
2025-08-10,swsh12-186,451834,Holofoil,331.12,294.27,427.0,625.0,426.99
2025-08-10,swsh12pt5gg-GG69,478100,Holofoil,169.56,150.6,205.92,1000.0,199.69
2025-08-10,swsh35-25,223018,Normal,0.11,0.03,0.2,4.95,0.1
2025-08-10,swsh35-25,223018,Reverse Holofoil,0.23,0.05,0.25,4.95,0.2
2025-08-10,swsh35-74,223073,Holofoil,159.52,135.0,179.99,1500.0,149.97
2025-08-10,swsh45sv-SV107,232496,Holofoil,98.21,94.0,117.85,349.95,94.0
2025-08-10,swsh7-204,246693,Holofoil,26.33,26.27,34.87,100.0,29.69
2025-08-10,swsh7-205,246696,Holofoil,381.53,260.0,400.0,849.99,321.48
2025-08-10,swsh7-208,246755,Holofoil,24.81,25.01,29.99,59.99,26.6
2025-08-10,swsh7-209,246756,Holofoil,274.1,245.75,290.78,799.99,250.0
2025-08-10,swsh7-211,246702,Holofoil,36.54,36.67,47.9,99.99,42.99
2025-08-10,swsh7-212,246704,Holofoil,289.89,251.37,350.0,1000.0,308.95
2025-08-10,swsh7-215,246723,Holofoil,1343.82,1099.99,1617.84,2999.99,1298.77
2025-08-10,swsh7-218,246733,Holofoil,653.02,560.0,723.32,1499.99,659.92
2025-08-10,swsh7-41,246753,Holofoil,4.98,3.9,5.87,89.0,4.7
2025-08-10,swsh7-65,246690,Holofoil,9.21,7.99,10.0,500.0,9.02
2025-08-10,swsh7-75,246701,Holofoil,8.28,7.45,10.8,50.0,9.74
2025-08-10,swsh7-8,246691,Holofoil,4.97,4.01,6.0,50.0,5.32
2025-08-10,swsh8-271,253266,Holofoil,601.43,515.0,699.99,1399.99,649.69
2025-08-10,swsh9-154,263873,Holofoil,215.8,171.99,255.49,1500.0,155.0
2025-08-11,base1-15,42355,Holofoil,115.41,68.91,120.0,300.0,109.1
2025-08-11,base1-16,42356,Holofoil,38.33,19.92,33.0,72.94,16.05
2025-08-11,base1-2,42360,Holofoil,162.38,105.0,149.99,499.99,80.0
2025-08-11,base1-4,42382,Holofoil,455.39,349.99,505.7,1249.99,
2025-08-11,base1-58,42402,Normal,2.83,0.4,2.65,9999.0,0.95
2025-08-11,cel25c-4,250320,Holofoil,105.86,88.19,125.76,250.0,114.08
2025-08-11,gym2-2,83861,1st Edition Holofoil,650.0,499.97,499.98,499.98,
2025-08-11,gym2-2,83861,Unlimited Holofoil,537.88,309.96,510.46,604.04,357.48
2025-08-11,neo1-9,86903,1st Edition Holofoil,1251.5,1798.78,1899.99,4752.45,4752.45
2025-08-11,neo1-9,86903,Unlimited Holofoil,447.38,275.0,359.0,699.95,
2025-08-11,sl-151-bundle,502000,Normal,72.73,66.0,80.0,999.99,
2025-08-11,sl-151-etb,503313,Normal,295.95,275.0,399.0,4999.99,
2025-08-11,sl-151-upc,502005,Normal,430.9,440.0,500.0,20000.0,
2025-08-11,sl-ar-box,265519,Normal,368.08,355.75,418.87,1999.99,
2025-08-11,sl-bs-box,256141,Normal,422.64,449.97,590.85,999.99,
2025-08-11,sl-cel-upc,245140,Normal,723.31,779.99,942.0,1039.2,
2025-08-11,sl-champ-etb,218791,Normal,132.94,127.99,150.0,299.99,
2025-08-11,sl-cz-etb,453470,Normal,188.0,170.01,200.0,1999.99,
2025-08-11,sl-dr-box,624679,Normal,307.31,299.99,334.99,99999.0,
2025-08-11,sl-evs-box,242436,Normal,2175.64,2400.0,3000.0,10000.0,
2025-08-11,sl-evs-etb,243721,Normal,630.82,699.99,999.99,1250.0,
2025-08-11,sl-fs-box,247654,Normal,819.61,869.95,1050.0,3000.0,
2025-08-11,sl-hf-etb,194729,Normal,412.77,409.99,499.99,999.99,
2025-08-11,sl-jp-151,565243,Normal,159.46,151.0,170.75,250.0,
2025-08-11,sl-jp-terastal,603428,Normal,91.56,83.99,112.66,200.0,
2025-08-11,sl-jt-box,610931,Normal,257.67,249.99,298.98,551.0,
2025-08-11,sl-lo-box,277324,Normal,600.61,700.0,999.94,1200.0,
2025-08-11,sl-obf-box,501257,Normal,248.88,249.95,294.98,30000.0,
2025-08-11,sl-pe-etb,593355,Normal,103.34,94.99,125.0,100000.0,
2025-08-11,sl-pe-spc,622770,Normal,217.02,211.98,250.0,99999.0,
2025-08-11,sl-pf-etb,528040,Normal,211.55,215.25,250.0,399.44,
2025-08-11,sl-shf-etb,228821,Normal,87.49,82.0,100.0,499.99,
2025-08-11,sl-ss-box,565606,Normal,237.57,225.85,282.5,4999.99,
2025-08-11,sl-st-box,283389,Normal,379.47,389.98,429.98,1199.99,
2025-08-11,sl-tf-box,536225,Normal,226.2,224.96,249.99,400.0,
2025-08-11,sv2-185,497557,Normal,0.33,0.2,0.4,4321.0,
2025-08-11,sv2-185,497557,Reverse Holofoil,0.53,0.2,0.69,4321.0,0.52
2025-08-11,sv2-254,497669,Holofoil,15.86,11.99,19.26,52.5,15.76
2025-08-11,sv2-269,497689,Holofoil,50.22,49.29,58.17,259.99,50.0
2025-08-11,sv3pt5-151,516566,Holofoil,9.65,5.99,8.5,40.0,11.58
2025-08-11,sv3pt5-199,517045,Holofoil,210.21,173.05,230.0,900.0,399.98
2025-08-11,sv3pt5-205,517051,Holofoil,13.16,9.99,14.99,100.0,15.7
2025-08-11,sv3pt5-4,502555,Normal,0.12,0.01,0.15,5.0,
2025-08-11,sv3pt5-4,502555,Reverse Holofoil,0.27,0.07,0.29,4321.0,
2025-08-11,sv3pt5-6,502558,Holofoil,4.02,3.0,4.92,50.0,
2025-08-11,sv3pt5-7,502548,Normal,0.13,0.01,0.15,4.95,
2025-08-11,sv3pt5-7,502548,Reverse Holofoil,0.22,0.05,0.25,4321.0,
2025-08-11,sv4pt5-234,535090,Holofoil,170.39,164.99,187.74,400.0,164.99
2025-08-11,sv4pt5-54,534416,Holofoil,3.02,1.99,3.05,34.99,3.76
2025-08-11,sv8-57,590025,Holofoil,5.98,4.0,6.44,40.0,4.25
2025-08-11,sv8pt5-149,610504,Holofoil,211.82,188.99,230.0,800.0,
2025-08-11,sv8pt5-155,610510,Holofoil,213.61,199.96,238.57,599.95,
2025-08-11,sv8pt5-156,610511,Holofoil,314.88,292.88,359.0,800.0,
2025-08-11,sv8pt5-161,610516,Holofoil,915.43,839.99,969.99,1999.95,
2025-08-11,sv8pt5-167,610522,Holofoil,113.96,100.0,125.41,360.68,
2025-08-11,sv8pt5-179,610534,Holofoil,35.46,30.0,45.0,270.0,
2025-08-11,sv8pt5-28,610383,Holofoil,1.26,0.49,1.41,9.95,
2025-08-11,sv8pt5-47,610402,Normal,0.06,0.01,0.1,4.95,0.03
2025-08-11,sv8pt5-47,610402,Reverse Holofoil,0.11,0.01,0.14,4.95,0.09
2025-08-11,sv8pt5-59,610414,Holofoil,0.25,0.01,0.29,100.0,
2025-08-11,sv8pt5-59,610414,Reverse Holofoil,0.38,0.07,0.44,25.0,0.33
2025-08-11,sv8pt5-60,610415,Holofoil,4.39,2.88,5.55,40.0,5.65
2025-08-11,svp-085,518861,Normal,412.23,400.1,499.99,1000.25,1000.25
2025-08-11,swsh11-186,284137,Holofoil,524.33,400.0,650.0,1199.99,671.0
2025-08-11,swsh12-186,451834,Holofoil,337.81,294.27,420.07,740.65,397.34
2025-08-11,swsh12pt5gg-GG69,478100,Holofoil,170.42,150.6,206.75,1000.0,199.65
2025-08-11,swsh35-25,223018,Normal,0.1,0.03,0.2,4.95,0.1
2025-08-11,swsh35-25,223018,Reverse Holofoil,0.22,0.05,0.25,4.95,0.2
2025-08-11,swsh35-74,223073,Holofoil,160.84,149.97,178.99,1500.0,149.97
2025-08-11,swsh45sv-SV107,232496,Holofoil,100.54,94.0,117.95,349.95,94.0
2025-08-11,swsh7-204,246693,Holofoil,26.33,26.27,34.62,100.0,29.69
2025-08-11,swsh7-205,246696,Holofoil,381.53,260.0,400.0,849.99,321.48
2025-08-11,swsh7-208,246755,Holofoil,24.83,25.87,29.99,59.99,26.6
2025-08-11,swsh7-209,246756,Holofoil,274.1,245.75,290.64,799.99,270.99
2025-08-11,swsh7-211,246702,Holofoil,36.74,36.67,47.92,99.99,42.99
2025-08-11,swsh7-212,246704,Holofoil,289.89,251.37,349.99,1000.0,304.38
2025-08-11,swsh7-215,246723,Holofoil,1343.82,1099.99,1618.85,2999.99,1298.77
2025-08-11,swsh7-218,246733,Holofoil,653.02,560.0,736.66,1499.99,659.92
2025-08-11,swsh7-41,246753,Holofoil,4.98,3.9,5.88,89.0,4.7
2025-08-11,swsh7-65,246690,Holofoil,8.98,7.99,10.0,500.0,9.02
2025-08-11,swsh7-75,246701,Holofoil,8.31,7.75,10.68,50.0,9.74
2025-08-11,swsh7-8,246691,Holofoil,4.89,4.51,6.0,50.0,5.05
2025-08-11,swsh8-271,253266,Holofoil,610.39,524.0,713.09,1399.99,634.01
2025-08-11,swsh9-154,263873,Holofoil,217.0,171.99,254.99,1500.0,155.0
2025-08-12,base1-15,42355,Holofoil,115.41,68.91,120.0,300.0,109.1
2025-08-12,base1-16,42356,Holofoil,38.33,19.92,32.73,72.94,16.05
2025-08-12,base1-2,42360,Holofoil,162.38,105.0,153.96,499.99,80.0
2025-08-12,base1-4,42382,Holofoil,455.39,349.99,511.4,1249.99,
2025-08-12,base1-58,42402,Normal,2.78,0.4,2.5,9999.0,1.11
2025-08-12,cel25c-4,250320,Holofoil,105.68,100.4,120.0,250.0,114.08
2025-08-12,gym2-2,83861,1st Edition Holofoil,650.0,499.96,499.97,499.98,
2025-08-12,gym2-2,83861,Unlimited Holofoil,537.88,309.96,510.46,604.04,357.48
2025-08-12,neo1-9,86903,1st Edition Holofoil,1251.5,1798.78,1899.99,4752.45,4752.45
2025-08-12,neo1-9,86903,Unlimited Holofoil,447.38,275.0,359.0,699.95,
2025-08-12,sl-151-bundle,502000,Normal,74.77,69.99,80.0,999.99,
2025-08-12,sl-151-etb,503313,Normal,293.62,285.0,396.6,4999.99,
2025-08-12,sl-151-upc,502005,Normal,439.7,440.0,500.0,20000.0,
2025-08-12,sl-ar-box,265519,Normal,368.08,355.75,411.65,1999.99,
2025-08-12,sl-bs-box,256141,Normal,424.6,449.97,520.0,999.99,
2025-08-12,sl-cel-upc,245140,Normal,723.31,779.99,913.0,1039.2,
2025-08-12,sl-champ-etb,218791,Normal,132.94,127.99,150.0,299.99,
2025-08-12,sl-cz-etb,453470,Normal,187.8,170.01,200.0,1999.99,
2025-08-12,sl-dr-box,624679,Normal,306.47,300.0,330.0,99999.0,
2025-08-12,sl-evs-box,242436,Normal,2191.64,2400.0,3000.0,10000.0,
2025-08-12,sl-evs-etb,243721,Normal,630.82,699.99,999.99,1250.0,
2025-08-12,sl-fs-box,247654,Normal,819.61,898.99,1095.0,3000.0,
2025-08-12,sl-hf-etb,194729,Normal,412.77,409.99,499.98,999.98,
2025-08-12,sl-jp-151,565243,Normal,159.69,151.0,172.87,250.0,
2025-08-12,sl-jp-terastal,603428,Normal,91.56,83.99,111.75,200.0,
2025-08-12,sl-jt-box,610931,Normal,257.67,249.99,298.98,551.0,
2025-08-12,sl-lo-box,277324,Normal,600.61,700.0,997.95,1200.0,
2025-08-12,sl-obf-box,501257,Normal,250.29,243.0,289.96,30000.0,
2025-08-12,sl-pe-etb,593355,Normal,102.33,94.98,125.0,100000.0,
2025-08-12,sl-pe-spc,622770,Normal,217.69,211.98,250.0,99999.0,
2025-08-12,sl-pf-etb,528040,Normal,211.55,204.0,249.97,399.44,
2025-08-12,sl-shf-etb,228821,Normal,88.1,82.0,100.0,499.99,
2025-08-12,sl-ss-box,565606,Normal,237.95,228.99,279.99,4999.99,
2025-08-12,sl-st-box,283389,Normal,379.47,389.98,429.95,1199.99,
2025-08-12,sl-tf-box,536225,Normal,227.89,229.99,254.99,400.0,
2025-08-12,sv2-185,497557,Normal,0.33,0.2,0.4,4321.0,
2025-08-12,sv2-185,497557,Reverse Holofoil,0.55,0.2,0.69,4321.0,0.58
2025-08-12,sv2-254,497669,Holofoil,15.71,11.99,19.38,52.5,15.76
2025-08-12,sv2-269,497689,Holofoil,50.25,49.29,57.21,259.99,52.77
2025-08-12,sv3pt5-151,516566,Holofoil,7.56,5.99,8.52,40.0,
2025-08-12,sv3pt5-199,517045,Holofoil,209.71,170.0,239.99,900.0,399.98
2025-08-12,sv3pt5-205,517051,Holofoil,13.4,9.99,14.99,100.0,17.03
2025-08-12,sv3pt5-4,502555,Normal,0.12,0.01,0.15,5.0,
2025-08-12,sv3pt5-4,502555,Reverse Holofoil,0.27,0.07,0.28,4321.0,
2025-08-12,sv3pt5-6,502558,Holofoil,4.26,2.75,4.88,50.0,
2025-08-12,sv3pt5-7,502548,Normal,0.11,0.01,0.15,4.95,
2025-08-12,sv3pt5-7,502548,Reverse Holofoil,0.25,0.05,0.25,4321.0,
2025-08-12,sv4pt5-234,535090,Holofoil,170.54,164.99,192.49,400.0,164.99
2025-08-12,sv4pt5-54,534416,Holofoil,3.3,1.95,3.13,34.99,5.0
2025-08-12,sv8-57,590025,Holofoil,5.62,4.0,6.5,50.0,9.15
2025-08-12,sv8pt5-149,610504,Holofoil,211.32,188.99,224.99,800.0,
2025-08-12,sv8pt5-155,610510,Holofoil,212.81,199.96,235.0,599.95,
2025-08-12,sv8pt5-156,610511,Holofoil,313.96,298.47,362.16,800.0,
2025-08-12,sv8pt5-161,610516,Holofoil,881.44,782.75,956.36,1999.95,
2025-08-12,sv8pt5-167,610522,Holofoil,113.73,108.3,125.37,360.68,
2025-08-12,sv8pt5-179,610534,Holofoil,35.41,30.0,45.0,270.0,
2025-08-12,sv8pt5-28,610383,Holofoil,1.38,0.5,1.39,9.95,
2025-08-12,sv8pt5-47,610402,Normal,0.06,0.01,0.1,4.95,0.03
2025-08-12,sv8pt5-47,610402,Reverse Holofoil,0.1,0.01,0.14,4.95,0.09
2025-08-12,sv8pt5-59,610414,Holofoil,0.24,0.01,0.29,100.0,
2025-08-12,sv8pt5-59,610414,Reverse Holofoil,0.36,0.07,0.45,25.0,
2025-08-12,sv8pt5-60,610415,Holofoil,4.34,2.9,5.55,28.56,
2025-08-12,svp-085,518861,Normal,415.84,400.1,500.0,1000.25,1000.25
2025-08-12,swsh11-186,284137,Holofoil,524.33,400.0,649.99,1199.99,671.0
2025-08-12,swsh12-186,451834,Holofoil,329.55,294.27,418.7,740.65,330.99
2025-08-12,swsh12pt5gg-GG69,478100,Holofoil,170.42,153.85,201.3,1000.0,160.0
2025-08-12,swsh35-25,223018,Normal,0.1,0.03,0.2,4.95,0.1
2025-08-12,swsh35-25,223018,Reverse Holofoil,0.22,0.05,0.25,4.95,0.2
2025-08-12,swsh35-74,223073,Holofoil,160.84,149.97,178.9,1500.0,149.97
2025-08-12,swsh45sv-SV107,232496,Holofoil,100.07,94.0,117.9,349.95,94.0
2025-08-12,swsh7-204,246693,Holofoil,26.61,26.79,34.87,100.0,29.69
2025-08-12,swsh7-205,246696,Holofoil,381.53,309.95,400.0,849.99,321.48
2025-08-12,swsh7-208,246755,Holofoil,25.05,25.87,31.65,59.99,26.61
2025-08-12,swsh7-209,246756,Holofoil,266.4,245.75,290.22,799.99,270.99
2025-08-12,swsh7-211,246702,Holofoil,36.75,36.67,47.9,99.99,42.99
2025-08-12,swsh7-212,246704,Holofoil,282.74,251.37,349.99,1000.0,304.38
2025-08-12,swsh7-215,246723,Holofoil,1343.82,1099.99,1550.0,2999.99,1298.77
2025-08-12,swsh7-218,246733,Holofoil,653.02,560.0,749.99,1499.99,659.92
2025-08-12,swsh7-41,246753,Holofoil,4.77,2.38,5.9,89.0,4.7
2025-08-12,swsh7-65,246690,Holofoil,8.87,8.0,10.0,500.0,9.02
2025-08-12,swsh7-75,246701,Holofoil,8.5,7.97,10.7,50.0,9.74
2025-08-12,swsh7-8,246691,Holofoil,4.84,3.73,6.0,50.0,4.42
2025-08-12,swsh8-271,253266,Holofoil,613.51,524.0,713.08,1399.99,634.01
2025-08-12,swsh9-154,263873,Holofoil,217.0,171.99,253.99,1500.0,155.0
2025-08-13,base1-15,42355,Holofoil,115.41,69.8,120.57,300.0,109.1
2025-08-13,base1-16,42356,Holofoil,38.33,19.92,32.73,72.94,16.05
2025-08-13,base1-2,42360,Holofoil,161.75,105.0,151.98,499.99,80.0
2025-08-13,base1-4,42382,Holofoil,457.82,349.99,517.85,1249.99,
2025-08-13,base1-58,42402,Normal,2.78,0.4,2.59,9999.0,1.13
2025-08-13,cel25c-4,250320,Holofoil,105.7,100.29,119.45,250.0,114.08
2025-08-13,gym2-2,83861,1st Edition Holofoil,650.0,499.96,499.97,499.98,
2025-08-13,gym2-2,83861,Unlimited Holofoil,537.88,309.96,510.46,604.04,357.48
2025-08-13,neo1-9,86903,1st Edition Holofoil,1251.5,1798.78,1899.99,4752.45,4752.45
2025-08-13,neo1-9,86903,Unlimited Holofoil,447.38,275.0,359.0,699.95,
2025-08-13,sl-151-bundle,502000,Normal,75.96,68.0,80.0,999.99,
2025-08-13,sl-151-etb,503313,Normal,291.54,285.0,398.5,4999.99,
2025-08-13,sl-151-upc,502005,Normal,439.7,439.94,500.0,30000.0,
2025-08-13,sl-ar-box,265519,Normal,367.15,355.75,411.65,1999.99,
2025-08-13,sl-bs-box,256141,Normal,426.04,449.99,585.94,999.99,
2025-08-13,sl-cel-upc,245140,Normal,723.31,779.99,913.0,1039.2,
2025-08-13,sl-champ-etb,218791,Normal,132.94,127.99,150.0,299.99,
2025-08-13,sl-cz-etb,453470,Normal,187.77,170.01,200.0,1999.99,
2025-08-13,sl-dr-box,624679,Normal,304.94,300.0,330.0,99999.0,
2025-08-13,sl-evs-box,242436,Normal,2253.52,2400.0,3000.0,10000.0,
2025-08-13,sl-evs-etb,243721,Normal,630.82,699.99,999.99,1250.0,
2025-08-13,sl-fs-box,247654,Normal,825.81,870.0,1000.0,3000.0,
2025-08-13,sl-hf-etb,194729,Normal,412.77,409.99,499.98,9999.98,
2025-08-13,sl-jp-151,565243,Normal,159.62,151.0,170.38,250.0,
2025-08-13,sl-jp-terastal,603428,Normal,90.92,83.99,111.75,200.0,
2025-08-13,sl-jt-box,610931,Normal,257.67,247.0,298.49,551.0,
2025-08-13,sl-lo-box,277324,Normal,613.61,700.0,973.98,1200.0,
2025-08-13,sl-obf-box,501257,Normal,250.29,243.0,287.48,30000.0,
2025-08-13,sl-pe-etb,593355,Normal,102.89,95.0,125.0,100000.0,
2025-08-13,sl-pe-spc,622770,Normal,220.87,215.87,260.0,99999.0,
2025-08-13,sl-pf-etb,528040,Normal,213.29,204.0,249.97,399.44,
2025-08-13,sl-shf-etb,228821,Normal,88.34,82.0,100.0,499.99,
2025-08-13,sl-ss-box,565606,Normal,236.96,225.0,280.0,4999.99,
2025-08-13,sl-st-box,283389,Normal,383.48,389.98,429.95,1199.99,
2025-08-13,sl-tf-box,536225,Normal,227.49,229.99,264.89,400.0,
2025-08-13,sv2-185,497557,Normal,0.32,0.2,0.4,4321.0,
2025-08-13,sv2-185,497557,Reverse Holofoil,0.57,0.2,0.68,4321.0,0.65
2025-08-13,sv2-254,497669,Holofoil,15.83,11.99,19.08,52.5,15.76
2025-08-13,sv2-269,497689,Holofoil,50.41,48.0,55.99,259.99,52.77
2025-08-13,sv3pt5-151,516566,Holofoil,7.95,5.99,8.48,40.0,
2025-08-13,sv3pt5-199,517045,Holofoil,209.41,170.0,230.0,900.0,399.98
2025-08-13,sv3pt5-205,517051,Holofoil,12.98,10.8,14.99,100.0,17.03
2025-08-13,sv3pt5-4,502555,Normal,0.12,0.01,0.15,5.0,
2025-08-13,sv3pt5-4,502555,Reverse Holofoil,0.29,0.07,0.29,4321.0,
2025-08-13,sv3pt5-6,502558,Holofoil,3.82,2.0,4.87,50.0,
2025-08-13,sv3pt5-7,502548,Normal,0.12,0.01,0.15,4.95,
2025-08-13,sv3pt5-7,502548,Reverse Holofoil,0.25,0.05,0.25,4321.0,
2025-08-13,sv4pt5-234,535090,Holofoil,174.86,165.72,201.64,400.0,199.89
2025-08-13,sv4pt5-54,534416,Holofoil,2.92,2.0,3.19,34.99,3.99
2025-08-13,sv8-57,590025,Holofoil,5.43,4.0,6.49,50.0,7.76
2025-08-13,sv8pt5-149,610504,Holofoil,211.32,188.99,226.41,800.0,
2025-08-13,sv8pt5-155,610510,Holofoil,212.81,199.96,234.19,599.95,
2025-08-13,sv8pt5-156,610511,Holofoil,313.96,298.47,350.0,800.0,
2025-08-13,sv8pt5-161,610516,Holofoil,863.76,780.0,974.0,1999.95,
2025-08-13,sv8pt5-167,610522,Holofoil,110.56,105.1,125.2,360.68,
2025-08-13,sv8pt5-179,610534,Holofoil,35.72,30.0,45.0,270.0,
2025-08-13,sv8pt5-28,610383,Holofoil,1.24,0.5,1.38,9.95,
2025-08-13,sv8pt5-47,610402,Normal,0.05,0.01,0.1,4.95,0.03
2025-08-13,sv8pt5-47,610402,Reverse Holofoil,0.1,0.01,0.14,4.95,0.09
2025-08-13,sv8pt5-59,610414,Holofoil,0.22,0.01,0.28,100.0,
2025-08-13,sv8pt5-59,610414,Reverse Holofoil,0.32,0.07,0.43,25.0,
2025-08-13,sv8pt5-60,610415,Holofoil,3.94,3.0,5.5,40.0,
2025-08-13,svp-085,518861,Normal,415.84,400.1,500.0,1000.25,1000.25
2025-08-13,swsh11-186,284137,Holofoil,530.5,400.0,645.0,1199.99,671.0
2025-08-13,swsh12-186,451834,Holofoil,340.51,294.27,426.99,740.65,426.99
2025-08-13,swsh12pt5gg-GG69,478100,Holofoil,170.38,141.74,200.0,1000.0,194.88
2025-08-13,swsh35-25,223018,Normal,0.1,0.03,0.2,4.95,0.1
2025-08-13,swsh35-25,223018,Reverse Holofoil,0.22,0.05,0.25,4.95,0.2
2025-08-13,swsh35-74,223073,Holofoil,160.84,147.0,176.92,1500.0,149.97
2025-08-13,swsh45sv-SV107,232496,Holofoil,100.07,93.0,115.0,349.95,94.0
2025-08-13,swsh7-204,246693,Holofoil,26.61,26.61,34.62,100.0,26.61
2025-08-13,swsh7-205,246696,Holofoil,375.79,309.95,400.0,849.99,321.48
2025-08-13,swsh7-208,246755,Holofoil,25.05,25.87,31.57,59.99,26.61
2025-08-13,swsh7-209,246756,Holofoil,266.4,245.75,290.0,799.99,270.99
2025-08-13,swsh7-211,246702,Holofoil,36.75,36.67,45.0,99.99,40.0
2025-08-13,swsh7-212,246704,Holofoil,281.22,256.4,347.19,1000.0,304.38
2025-08-13,swsh7-215,246723,Holofoil,1343.82,1099.99,1525.0,2999.99,1298.77
2025-08-13,swsh7-218,246733,Holofoil,653.02,560.0,723.32,1499.99,659.92
2025-08-13,swsh7-41,246753,Holofoil,4.84,4.0,5.97,89.0,4.7
2025-08-13,swsh7-65,246690,Holofoil,8.86,8.0,9.99,500.0,9.02
2025-08-13,swsh7-75,246701,Holofoil,8.56,7.97,10.76,50.0,8.96
2025-08-13,swsh7-8,246691,Holofoil,4.87,3.04,6.0,50.0,4.87
2025-08-13,swsh8-271,253266,Holofoil,613.51,524.0,713.08,1399.99,634.01
2025-08-13,swsh9-154,263873,Holofoil,218.52,171.99,254.99,1500.0,157.86
2025-08-14,base1-15,42355,Holofoil,115.41,69.8,120.0,300.0,109.1
2025-08-14,base1-16,42356,Holofoil,38.33,19.92,33.0,72.94,16.06
2025-08-14,base1-2,42360,Holofoil,161.75,103.79,149.99,499.99,80.0
2025-08-14,base1-4,42382,Holofoil,457.82,319.3,524.3,1249.99,
2025-08-14,base1-58,42402,Normal,2.75,0.4,2.5,9999.0,0.85
2025-08-14,cel25c-4,250320,Holofoil,105.7,100.89,119.72,250.0,114.08
2025-08-14,gym2-2,83861,1st Edition Holofoil,650.0,499.96,499.97,499.98,
2025-08-14,gym2-2,83861,Unlimited Holofoil,537.88,309.96,510.24,604.04,357.48
2025-08-14,neo1-9,86903,1st Edition Holofoil,1251.5,1798.78,1899.99,4752.45,4752.45
2025-08-14,neo1-9,86903,Unlimited Holofoil,447.38,275.0,354.55,699.95,
2025-08-14,sl-151-bundle,502000,Normal,73.78,61.89,80.0,999.99,
2025-08-14,sl-151-etb,503313,Normal,292.63,285.0,399.5,4999.99,
2025-08-14,sl-151-upc,502005,Normal,439.86,440.0,507.5,30000.0,
2025-08-14,sl-ar-box,265519,Normal,367.15,355.75,411.65,1999.99,
2025-08-14,sl-bs-box,256141,Normal,427.96,449.99,585.94,999.99,
2025-08-14,sl-cel-upc,245140,Normal,723.31,778.0,926.0,1039.2,
2025-08-14,sl-champ-etb,218791,Normal,132.94,127.99,150.0,299.99,
2025-08-14,sl-cz-etb,453470,Normal,184.95,177.99,200.0,1999.99,
2025-08-14,sl-dr-box,624679,Normal,302.82,290.0,322.49,99999.0,
2025-08-14,sl-evs-box,242436,Normal,2269.52,2410.0,3003.8,10000.0,
2025-08-14,sl-evs-etb,243721,Normal,630.82,699.99,999.99,1500.0,
2025-08-14,sl-fs-box,247654,Normal,832.21,850.0,1000.0,3000.0,
2025-08-14,sl-hf-etb,194729,Normal,412.73,409.99,499.99,9999.98,
2025-08-14,sl-jp-151,565243,Normal,161.39,151.0,170.38,250.0,
2025-08-14,sl-jp-terastal,603428,Normal,91.05,87.99,110.42,200.0,
2025-08-14,sl-jt-box,610931,Normal,257.95,249.99,298.0,364.95,
2025-08-14,sl-lo-box,277324,Normal,630.12,700.0,950.0,1499.99,
2025-08-14,sl-obf-box,501257,Normal,250.55,243.0,299.99,30000.0,
2025-08-14,sl-pe-etb,593355,Normal,100.99,85.92,125.0,100000.0,
2025-08-14,sl-pe-spc,622770,Normal,221.07,207.99,255.0,99999.0,
2025-08-14,sl-pf-etb,528040,Normal,215.61,209.94,250.0,399.44,
2025-08-14,sl-shf-etb,228821,Normal,88.56,84.79,100.0,499.99,
2025-08-14,sl-ss-box,565606,Normal,234.64,225.0,279.99,4999.99,
2025-08-14,sl-st-box,283389,Normal,387.16,390.0,429.98,1199.99,
2025-08-14,sl-tf-box,536225,Normal,229.02,229.99,265.0,400.0,
2025-08-14,sv2-185,497557,Normal,0.34,0.2,0.39,4321.0,
2025-08-14,sv2-185,497557,Reverse Holofoil,0.57,0.2,0.68,4321.0,0.39
2025-08-14,sv2-254,497669,Holofoil,15.86,12.99,19.21,52.5,16.0
2025-08-14,sv2-269,497689,Holofoil,50.75,48.0,56.08,259.99,53.99
2025-08-14,sv3pt5-151,516566,Holofoil,7.32,6.5,8.39,40.0,8.99
2025-08-14,sv3pt5-199,517045,Holofoil,207.45,170.0,232.5,900.0,239.99
2025-08-14,sv3pt5-205,517051,Holofoil,13.53,10.8,15.0,100.0,11.99
2025-08-14,sv3pt5-4,502555,Normal,0.12,0.01,0.15,5.0,
2025-08-14,sv3pt5-4,502555,Reverse Holofoil,0.25,0.06,0.28,4321.0,0.1
2025-08-14,sv3pt5-6,502558,Holofoil,4.15,3.0,4.75,30.0,3.75
2025-08-14,sv3pt5-7,502548,Normal,0.15,0.01,0.15,4.95,0.11
2025-08-14,sv3pt5-7,502548,Reverse Holofoil,0.25,0.05,0.25,4321.0,
2025-08-14,sv4pt5-234,535090,Holofoil,177.32,164.0,200.0,400.0,199.89
2025-08-14,sv4pt5-54,534416,Holofoil,3.13,2.0,3.22,34.99,3.13
2025-08-14,sv8-57,590025,Holofoil,5.34,4.0,6.32,50.0,5.34
2025-08-14,sv8pt5-149,610504,Holofoil,211.32,188.99,223.7,800.0,
2025-08-14,sv8pt5-155,610510,Holofoil,210.57,200.0,230.83,599.95,
2025-08-14,sv8pt5-156,610511,Holofoil,313.96,280.0,347.34,800.0,
2025-08-14,sv8pt5-161,610516,Holofoil,863.76,780.0,969.99,1999.95,
2025-08-14,sv8pt5-167,610522,Holofoil,110.56,105.1,124.99,360.68,
2025-08-14,sv8pt5-179,610534,Holofoil,35.63,30.0,44.88,270.0,
2025-08-14,sv8pt5-28,610383,Holofoil,1.18,0.49,1.35,9.95,
2025-08-14,sv8pt5-47,610402,Normal,0.05,0.01,0.1,4.95,0.03
2025-08-14,sv8pt5-47,610402,Reverse Holofoil,0.1,0.01,0.14,20.0,0.09
2025-08-14,sv8pt5-59,610414,Holofoil,0.21,0.01,0.27,100.0,
2025-08-14,sv8pt5-59,610414,Reverse Holofoil,0.32,0.07,0.43,25.0,
2025-08-14,sv8pt5-60,610415,Holofoil,4.19,3.0,5.5,40.0,
2025-08-14,svp-085,518861,Normal,418.68,400.1,499.99,1000.25,1000.25
2025-08-14,swsh11-186,284137,Holofoil,525.53,400.0,647.5,1199.99,585.0
2025-08-14,swsh12-186,451834,Holofoil,342.27,294.27,424.03,740.65,426.99
2025-08-14,swsh12pt5gg-GG69,478100,Holofoil,170.38,141.74,200.0,1000.0,194.88
2025-08-14,swsh35-25,223018,Normal,0.1,0.03,0.2,4.95,0.1
2025-08-14,swsh35-25,223018,Reverse Holofoil,0.23,0.05,0.25,4.95,0.2
2025-08-14,swsh35-74,223073,Holofoil,160.84,147.69,176.88,1500.0,149.97
2025-08-14,swsh45sv-SV107,232496,Holofoil,100.02,93.0,115.0,349.95,94.0
2025-08-14,swsh7-204,246693,Holofoil,26.77,26.64,34.75,100.0,29.69
2025-08-14,swsh7-205,246696,Holofoil,375.79,309.95,399.99,849.99,317.38
2025-08-14,swsh7-208,246755,Holofoil,25.05,25.87,31.14,59.99,26.61
2025-08-14,swsh7-209,246756,Holofoil,266.4,245.75,290.0,799.99,270.99
2025-08-14,swsh7-211,246702,Holofoil,36.89,36.67,46.65,99.99,40.0
2025-08-14,swsh7-212,246704,Holofoil,273.38,256.4,348.87,1000.0,304.38
2025-08-14,swsh7-215,246723,Holofoil,1343.82,1099.99,1550.0,2999.99,1298.77
2025-08-14,swsh7-218,246733,Holofoil,653.38,560.0,723.72,1499.99,659.92
2025-08-14,swsh7-41,246753,Holofoil,4.86,3.16,5.99,89.0,4.7
2025-08-14,swsh7-65,246690,Holofoil,8.92,8.0,9.99,500.0,9.02
2025-08-14,swsh7-75,246701,Holofoil,8.48,7.56,10.82,50.0,8.86
2025-08-14,swsh7-8,246691,Holofoil,4.76,3.04,5.99,50.0,4.74
2025-08-14,swsh8-271,253266,Holofoil,616.63,524.0,706.54,1399.99,634.0
2025-08-14,swsh9-154,263873,Holofoil,218.52,171.99,253.99,1500.0,157.86
2025-08-15,base1-15,42355,Holofoil,113.81,71.64,121.18,300.0,107.57
2025-08-15,base1-16,42356,Holofoil,38.33,16.23,33.38,72.94,16.38
2025-08-15,base1-2,42360,Holofoil,161.17,102.01,144.97,499.99,80.0
2025-08-15,base1-4,42382,Holofoil,464.32,310.0,535.58,1249.99,
2025-08-15,base1-58,42402,Normal,2.75,0.4,2.59,9999.0,0.85
2025-08-15,cel25c-4,250320,Holofoil,107.0,101.1,124.21,250.0,114.08
2025-08-15,gym2-2,83861,1st Edition Holofoil,650.0,499.96,499.97,499.98,
2025-08-15,gym2-2,83861,Unlimited Holofoil,537.88,309.96,510.24,604.04,357.48
2025-08-15,neo1-9,86903,1st Edition Holofoil,1251.5,1798.78,1899.99,4752.45,4752.45
2025-08-15,neo1-9,86903,Unlimited Holofoil,447.38,275.0,354.55,699.95,
2025-08-15,sl-151-bundle,502000,Normal,73.97,70.0,80.0,999.99,
2025-08-15,sl-151-etb,503313,Normal,299.95,320.99,400.0,4999.99,
2025-08-15,sl-151-upc,502005,Normal,442.46,440.0,555.08,30000.0,
2025-08-15,sl-ar-box,265519,Normal,366.55,355.75,411.65,1999.99,
2025-08-15,sl-bs-box,256141,Normal,435.85,449.97,552.97,999.99,
2025-08-15,sl-cel-upc,245140,Normal,723.31,778.0,926.0,1199.99,
2025-08-15,sl-champ-etb,218791,Normal,132.46,122.99,150.0,299.99,
2025-08-15,sl-cz-etb,453470,Normal,184.95,177.99,200.0,1999.99,
2025-08-15,sl-dr-box,624679,Normal,300.94,295.0,324.98,99999.0,
2025-08-15,sl-evs-box,242436,Normal,2269.52,2410.0,3000.0,10000.0,
2025-08-15,sl-evs-etb,243721,Normal,637.22,973.0,1099.97,2999.99,
2025-08-15,sl-fs-box,247654,Normal,836.73,850.0,1000.0,3000.0,
2025-08-15,sl-hf-etb,194729,Normal,412.89,409.99,499.99,9999.98,
2025-08-15,sl-jp-151,565243,Normal,162.52,151.0,172.87,250.0,
2025-08-15,sl-jp-terastal,603428,Normal,90.75,87.99,110.42,200.0,
2025-08-15,sl-jt-box,610931,Normal,258.35,249.99,298.49,364.95,
2025-08-15,sl-lo-box,277324,Normal,636.44,700.0,950.0,1499.99,
2025-08-15,sl-obf-box,501257,Normal,250.19,243.0,299.99,30000.0,
2025-08-15,sl-pe-etb,593355,Normal,97.43,94.99,124.97,100000.0,
2025-08-15,sl-pe-spc,622770,Normal,221.03,215.0,250.0,99999.0,
2025-08-15,sl-pf-etb,528040,Normal,216.02,214.97,250.0,399.44,
2025-08-15,sl-shf-etb,228821,Normal,88.24,77.01,100.0,499.99,
2025-08-15,sl-ss-box,565606,Normal,234.59,225.0,280.0,4999.99,
2025-08-15,sl-st-box,283389,Normal,388.28,390.0,430.0,1199.99,
2025-08-15,sl-tf-box,536225,Normal,228.62,229.99,262.5,400.0,
2025-08-15,sv2-185,497557,Normal,0.4,0.2,0.4,4321.0,
2025-08-15,sv2-185,497557,Reverse Holofoil,0.57,0.2,0.69,4321.0,
2025-08-15,sv2-254,497669,Holofoil,15.67,12.99,18.97,100.0,16.0
2025-08-15,sv2-269,497689,Holofoil,50.61,48.0,55.83,259.99,53.99
2025-08-15,sv3pt5-151,516566,Holofoil,7.23,6.0,8.25,40.0,7.99
2025-08-15,sv3pt5-199,517045,Holofoil,205.83,170.0,239.99,900.0,239.99
2025-08-15,sv3pt5-205,517051,Holofoil,14.34,10.8,14.99,100.0,19.99
2025-08-15,sv3pt5-4,502555,Normal,0.11,0.01,0.15,5.0,
2025-08-15,sv3pt5-4,502555,Reverse Holofoil,0.21,0.07,0.27,4321.0,
2025-08-15,sv3pt5-6,502558,Holofoil,4.32,2.0,4.78,30.0,4.99
2025-08-15,sv3pt5-7,502548,Normal,0.13,0.01,0.15,4.95,
2025-08-15,sv3pt5-7,502548,Reverse Holofoil,0.25,0.05,0.25,4321.0,
2025-08-15,sv4pt5-234,535090,Holofoil,178.37,164.0,209.99,400.0,199.89
2025-08-15,sv4pt5-54,534416,Holofoil,3.28,2.0,3.25,34.99,5.47
2025-08-15,sv8-57,590025,Holofoil,6.0,4.0,6.49,50.0,7.0
2025-08-15,sv8pt5-149,610504,Holofoil,211.32,188.99,226.41,800.0,
2025-08-15,sv8pt5-155,610510,Holofoil,210.57,198.0,233.94,599.95,
2025-08-15,sv8pt5-156,610511,Holofoil,310.26,280.0,349.99,800.0,
2025-08-15,sv8pt5-161,610516,Holofoil,863.76,780.0,961.2,1999.95,
2025-08-15,sv8pt5-167,610522,Holofoil,110.62,105.1,122.99,360.68,
2025-08-15,sv8pt5-179,610534,Holofoil,35.64,30.0,45.01,270.0,
2025-08-15,sv8pt5-28,610383,Holofoil,1.2,0.49,1.35,9.95,
2025-08-15,sv8pt5-47,610402,Normal,0.05,0.01,0.1,4.95,0.03
2025-08-15,sv8pt5-47,610402,Reverse Holofoil,0.1,0.01,0.13,20.0,0.08
2025-08-15,sv8pt5-59,610414,Holofoil,0.3,0.01,0.3,100.0,
2025-08-15,sv8pt5-59,610414,Reverse Holofoil,0.28,0.07,0.42,25.0,
2025-08-15,sv8pt5-60,610415,Holofoil,4.06,3.23,5.5,40.0,
2025-08-15,svp-085,518861,Normal,428.89,400.1,500.0,1000.25,1000.25
2025-08-15,swsh11-186,284137,Holofoil,525.53,400.0,645.0,1199.99,570.0
2025-08-15,swsh12-186,451834,Holofoil,345.01,294.27,427.0,740.65,427.0
2025-08-15,swsh12pt5gg-GG69,478100,Holofoil,171.73,141.74,200.0,1000.0,194.88
2025-08-15,swsh35-25,223018,Normal,0.1,0.03,0.2,4.95,0.1
2025-08-15,swsh35-25,223018,Reverse Holofoil,0.22,0.05,0.25,4.95,0.2
2025-08-15,swsh35-74,223073,Holofoil,160.84,147.0,176.83,1500.0,149.97
2025-08-15,swsh45sv-SV107,232496,Holofoil,100.18,93.0,115.0,349.95,94.0
2025-08-15,swsh7-204,246693,Holofoil,27.09,26.79,34.75,100.0,29.69
2025-08-15,swsh7-205,246696,Holofoil,375.79,309.95,399.99,849.99,321.52
2025-08-15,swsh7-208,246755,Holofoil,25.11,25.82,30.65,59.99,26.61
2025-08-15,swsh7-209,246756,Holofoil,266.4,248.5,288.91,799.99,270.99
2025-08-15,swsh7-211,246702,Holofoil,36.89,36.67,47.36,99.99,40.0
2025-08-15,swsh7-212,246704,Holofoil,273.38,256.4,342.94,1000.0,304.38
2025-08-15,swsh7-215,246723,Holofoil,1343.82,1099.99,1525.0,2999.99,1298.77
2025-08-15,swsh7-218,246733,Holofoil,654.04,560.0,749.99,1499.99,749.98
2025-08-15,swsh7-41,246753,Holofoil,4.81,4.0,5.99,89.0,4.54
2025-08-15,swsh7-65,246690,Holofoil,8.92,8.0,9.99,500.0,9.02
2025-08-15,swsh7-75,246701,Holofoil,8.57,7.7,10.87,50.0,8.91
2025-08-15,swsh7-8,246691,Holofoil,4.78,3.74,5.99,50.0,5.0
2025-08-15,swsh8-271,253266,Holofoil,619.52,524.0,721.39,1399.99,634.0
2025-08-15,swsh9-154,263873,Holofoil,220.32,171.99,253.99,1500.0,157.86
2025-08-16,base1-15,42355,Holofoil,113.81,70.0,121.18,300.0,107.57
2025-08-16,base1-16,42356,Holofoil,38.33,16.23,33.67,72.94,18.3
2025-08-16,base1-2,42360,Holofoil,161.17,102.01,149.95,499.99,80.0
2025-08-16,base1-4,42382,Holofoil,464.32,310.0,549.93,1249.99,
2025-08-16,base1-58,42402,Normal,2.73,0.4,2.68,9999.0,0.85
2025-08-16,cel25c-4,250320,Holofoil,107.0,101.7,119.87,250.0,114.08
2025-08-16,gym2-2,83861,1st Edition Holofoil,650.0,499.97,499.98,499.98,
2025-08-16,gym2-2,83861,Unlimited Holofoil,537.88,309.97,510.62,604.04,357.48
2025-08-16,neo1-9,86903,1st Edition Holofoil,1251.5,1798.78,1899.99,4752.45,4752.45
2025-08-16,neo1-9,86903,Unlimited Holofoil,447.38,275.0,354.55,699.95,
2025-08-16,sl-151-bundle,502000,Normal,76.82,70.0,80.99,999.99,
2025-08-16,sl-151-etb,503313,Normal,300.79,335.0,400.0,4999.99,
2025-08-16,sl-151-upc,502005,Normal,452.97,440.0,525.0,30000.0,
2025-08-16,sl-ar-box,265519,Normal,365.99,355.75,412.73,9999.99,
2025-08-16,sl-bs-box,256141,Normal,435.85,449.97,510.0,9999.99,
2025-08-16,sl-cel-upc,245140,Normal,730.11,778.0,899.99,1199.99,
2025-08-16,sl-champ-etb,218791,Normal,131.66,122.99,154.99,299.99,
2025-08-16,sl-cz-etb,453470,Normal,184.59,177.99,210.0,1999.99,
2025-08-16,sl-dr-box,624679,Normal,303.54,300.0,334.99,99999.0,
2025-08-16,sl-evs-box,242436,Normal,2289.52,2410.0,3003.8,10000.0,
2025-08-16,sl-evs-etb,243721,Normal,637.22,973.0,1099.97,2999.99,
2025-08-16,sl-fs-box,247654,Normal,846.65,850.0,1000.0,9999.99,
2025-08-16,sl-hf-etb,194729,Normal,413.09,414.98,499.99,9999.98,
2025-08-16,sl-jp-151,565243,Normal,163.38,151.0,172.88,250.0,
2025-08-16,sl-jp-terastal,603428,Normal,89.92,87.99,110.84,200.0,
2025-08-16,sl-jt-box,610931,Normal,258.95,249.99,298.98,551.0,
2025-08-16,sl-lo-box,277324,Normal,649.28,700.0,973.98,9999.99,
2025-08-16,sl-obf-box,501257,Normal,249.99,243.0,289.99,30000.0,
2025-08-16,sl-pe-etb,593355,Normal,101.13,95.0,124.97,100000.0,
2025-08-16,sl-pe-spc,622770,Normal,220.5,199.99,250.0,99999.0,
2025-08-16,sl-pf-etb,528040,Normal,216.4,221.0,250.0,399.44,
2025-08-16,sl-shf-etb,228821,Normal,86.96,86.0,100.0,499.99,
2025-08-16,sl-ss-box,565606,Normal,234.63,225.0,286.5,4999.99,
2025-08-16,sl-st-box,283389,Normal,392.32,390.0,449.99,9999.99,
2025-08-16,sl-tf-box,536225,Normal,229.02,229.99,254.99,400.0,
2025-08-16,sv2-185,497557,Normal,0.36,0.2,0.4,4321.0,
2025-08-16,sv2-185,497557,Reverse Holofoil,0.53,0.2,0.68,4321.0,
2025-08-16,sv2-254,497669,Holofoil,15.73,12.99,18.98,100.0,16.0
2025-08-16,sv2-269,497689,Holofoil,50.71,48.0,55.82,259.99,53.99
2025-08-16,sv3pt5-151,516566,Holofoil,7.55,5.75,8.17,40.0,7.99
2025-08-16,sv3pt5-199,517045,Holofoil,211.11,173.65,246.84,900.0,299.69
2025-08-16,sv3pt5-205,517051,Holofoil,14.09,10.8,15.0,100.0,19.99
2025-08-16,sv3pt5-4,502555,Normal,0.09,0.01,0.15,5.0,
2025-08-16,sv3pt5-4,502555,Reverse Holofoil,0.21,0.07,0.27,4321.0,
2025-08-16,sv3pt5-6,502558,Holofoil,3.58,1.99,4.76,30.0,4.24
2025-08-16,sv3pt5-7,502548,Normal,0.13,0.01,0.15,4.95,
2025-08-16,sv3pt5-7,502548,Reverse Holofoil,0.24,0.05,0.25,4321.0,
2025-08-16,sv4pt5-234,535090,Holofoil,179.93,169.4,210.0,400.0,199.89
2025-08-16,sv4pt5-54,534416,Holofoil,3.1,2.0,3.25,34.99,3.25
2025-08-16,sv8-57,590025,Holofoil,5.59,4.0,6.5,50.0,7.74
2025-08-16,sv8pt5-149,610504,Holofoil,211.32,185.0,222.41,800.0,
2025-08-16,sv8pt5-155,610510,Holofoil,210.57,196.0,236.08,599.95,
2025-08-16,sv8pt5-156,610511,Holofoil,306.27,280.0,354.02,800.0,
2025-08-16,sv8pt5-161,610516,Holofoil,859.11,780.0,955.6,1999.95,
2025-08-16,sv8pt5-167,610522,Holofoil,110.54,101.95,121.86,360.68,
2025-08-16,sv8pt5-179,610534,Holofoil,35.85,31.48,49.98,270.0,
2025-08-16,sv8pt5-28,610383,Holofoil,1.1,0.5,1.36,9.95,
2025-08-16,sv8pt5-47,610402,Normal,0.05,0.01,0.1,4.95,0.03
2025-08-16,sv8pt5-47,610402,Reverse Holofoil,0.1,0.01,0.14,20.0,0.06
2025-08-16,sv8pt5-59,610414,Holofoil,0.32,0.01,0.3,100.0,
2025-08-16,sv8pt5-59,610414,Reverse Holofoil,0.28,0.07,0.42,25.0,
2025-08-16,sv8pt5-60,610415,Holofoil,4.49,3.23,5.5,40.0,
2025-08-16,svp-085,518861,Normal,432.49,400.1,500.0,1000.25,1000.25
2025-08-16,swsh11-186,284137,Holofoil,528.9,423.99,645.0,1199.99,570.0
2025-08-16,swsh12-186,451834,Holofoil,345.01,294.27,427.0,740.65,427.0
2025-08-16,swsh12pt5gg-GG69,478100,Holofoil,171.27,141.74,200.0,1000.0,194.88
2025-08-16,swsh35-25,223018,Normal,0.1,0.03,0.2,4.95,0.1
2025-08-16,swsh35-25,223018,Reverse Holofoil,0.23,0.05,0.25,4.95,0.2
2025-08-16,swsh35-74,223073,Holofoil,160.46,147.69,176.79,1500.0,149.97
2025-08-16,swsh45sv-SV107,232496,Holofoil,100.06,93.0,112.53,349.95,102.24
2025-08-16,swsh7-204,246693,Holofoil,26.88,26.79,34.99,100.0,29.69
2025-08-16,swsh7-205,246696,Holofoil,375.79,309.95,399.99,849.99,315.66
2025-08-16,swsh7-208,246755,Holofoil,25.17,25.87,30.68,59.99,26.6
2025-08-16,swsh7-209,246756,Holofoil,266.4,248.5,287.0,599.99,270.99
2025-08-16,swsh7-211,246702,Holofoil,36.89,36.67,48.16,99.99,40.0
2025-08-16,swsh7-212,246704,Holofoil,271.27,256.4,344.5,1000.0,304.38
2025-08-16,swsh7-215,246723,Holofoil,1343.82,1099.99,1525.0,2999.99,1298.77
2025-08-16,swsh7-218,246733,Holofoil,654.48,560.0,750.0,1499.99,692.7
2025-08-16,swsh7-41,246753,Holofoil,5.09,4.0,5.99,89.0,4.54
2025-08-16,swsh7-65,246690,Holofoil,9.04,8.0,10.0,500.0,9.02
2025-08-16,swsh7-75,246701,Holofoil,9.07,7.7,10.89,50.0,9.51
2025-08-16,swsh7-8,246691,Holofoil,4.89,3.74,5.99,50.0,4.89
2025-08-16,swsh8-271,253266,Holofoil,619.52,524.0,699.99,1399.99,619.52
2025-08-16,swsh9-154,263873,Holofoil,220.32,171.99,251.5,1500.0,151.99
2025-08-17,base1-15,42355,Holofoil,113.65,70.0,133.35,300.0,108.57
2025-08-17,base1-16,42356,Holofoil,38.37,16.23,33.38,72.94,18.3
2025-08-17,base1-2,42360,Holofoil,160.37,100.0,139.99,499.99,80.0
2025-08-17,base1-4,42382,Holofoil,462.62,310.0,524.3,1249.99,
2025-08-17,base1-58,42402,Normal,2.56,0.4,2.54,9999.0,0.85
2025-08-17,cel25c-4,250320,Holofoil,107.0,99.0,119.87,250.0,114.08
2025-08-17,gym2-2,83861,1st Edition Holofoil,650.0,499.97,499.98,975.99,
2025-08-17,gym2-2,83861,Unlimited Holofoil,537.88,309.97,510.62,604.04,357.48
2025-08-17,neo1-9,86903,1st Edition Holofoil,1251.5,1798.78,1899.99,4752.45,4752.45
2025-08-17,neo1-9,86903,Unlimited Holofoil,447.38,275.0,354.55,699.95,
2025-08-17,sl-151-bundle,502000,Normal,73.73,70.0,82.95,999.99,
2025-08-17,sl-151-etb,503313,Normal,305.15,343.0,400.0,4999.99,
2025-08-17,sl-151-upc,502005,Normal,452.94,439.5,525.0,30000.0,
2025-08-17,sl-ar-box,265519,Normal,366.39,355.75,412.73,9999.99,
2025-08-17,sl-bs-box,256141,Normal,441.69,459.99,585.94,9999.99,
2025-08-17,sl-cel-upc,245140,Normal,792.59,795.0,1000.0,1199.99,
2025-08-17,sl-champ-etb,218791,Normal,131.66,122.99,152.5,299.99,
2025-08-17,sl-cz-etb,453470,Normal,184.9,177.99,210.0,1999.99,
2025-08-17,sl-dr-box,624679,Normal,310.59,300.0,344.5,99999.0,
2025-08-17,sl-evs-box,242436,Normal,2289.52,2430.0,3253.79,10000.0,
2025-08-17,sl-evs-etb,243721,Normal,637.22,973.0,1199.95,2999.99,
2025-08-17,sl-fs-box,247654,Normal,850.77,850.0,1000.0,9999.99,
2025-08-17,sl-hf-etb,194729,Normal,413.09,414.98,499.99,9999.98,
2025-08-17,sl-jp-151,565243,Normal,163.54,151.0,173.27,250.0,
2025-08-17,sl-jp-terastal,603428,Normal,90.11,87.99,110.0,200.0,
2025-08-17,sl-jt-box,610931,Normal,260.55,249.99,298.98,551.0,
2025-08-17,sl-lo-box,277324,Normal,655.28,725.0,973.98,9999.99,
2025-08-17,sl-obf-box,501257,Normal,250.19,243.0,294.99,30000.0,
2025-08-17,sl-pe-etb,593355,Normal,100.39,95.0,124.97,100000.0,
2025-08-17,sl-pe-spc,622770,Normal,220.18,215.0,250.0,99999.0,
2025-08-17,sl-pf-etb,528040,Normal,217.56,221.0,251.5,399.44,
2025-08-17,sl-shf-etb,228821,Normal,86.96,86.0,100.0,499.99,
2025-08-17,sl-ss-box,565606,Normal,235.26,225.0,288.88,4999.99,
2025-08-17,sl-st-box,283389,Normal,394.76,398.0,450.0,9999.99,
2025-08-17,sl-tf-box,536225,Normal,229.62,221.0,249.99,400.0,
2025-08-17,sv2-185,497557,Normal,0.45,0.2,0.4,4321.0,
2025-08-17,sv2-185,497557,Reverse Holofoil,0.55,0.2,0.65,4321.0,
2025-08-17,sv2-254,497669,Holofoil,15.45,12.99,18.7,100.0,15.27
2025-08-17,sv2-269,497689,Holofoil,51.46,48.0,56.5,259.99,51.35
2025-08-17,sv3pt5-151,516566,Holofoil,6.95,6.0,8.11,40.0,13.99
2025-08-17,sv3pt5-199,517045,Holofoil,211.96,179.95,244.38,900.0,299.69
2025-08-17,sv3pt5-205,517051,Holofoil,14.53,8.5,15.0,100.0,
2025-08-17,sv3pt5-4,502555,Normal,0.1,0.01,0.15,5.0,
2025-08-17,sv3pt5-4,502555,Reverse Holofoil,0.23,0.07,0.27,4321.0,
2025-08-17,sv3pt5-6,502558,Holofoil,3.86,3.0,4.75,30.0,3.52
2025-08-17,sv3pt5-7,502548,Normal,0.13,0.01,0.15,4.95,
2025-08-17,sv3pt5-7,502548,Reverse Holofoil,0.24,0.05,0.25,4321.0,
2025-08-17,sv4pt5-234,535090,Holofoil,181.85,169.4,209.99,400.0,199.99
2025-08-17,sv4pt5-54,534416,Holofoil,3.43,2.0,3.26,34.99,5.9
2025-08-17,sv8-57,590025,Holofoil,6.17,4.0,6.56,50.0,7.74
2025-08-17,sv8pt5-149,610504,Holofoil,210.07,185.0,223.7,800.0,
2025-08-17,sv8pt5-155,610510,Holofoil,209.77,196.0,235.0,599.95,
2025-08-17,sv8pt5-156,610511,Holofoil,306.27,280.0,350.0,800.0,
2025-08-17,sv8pt5-161,610516,Holofoil,859.11,780.0,955.6,1999.95,
2025-08-17,sv8pt5-167,610522,Holofoil,110.42,101.95,121.73,360.68,
2025-08-17,sv8pt5-179,610534,Holofoil,36.13,31.46,47.83,270.0,
2025-08-17,sv8pt5-28,610383,Holofoil,1.18,0.5,1.36,9.95,
2025-08-17,sv8pt5-47,610402,Normal,0.04,0.01,0.1,4.95,0.03
2025-08-17,sv8pt5-47,610402,Reverse Holofoil,0.08,0.01,0.13,20.0,0.06
2025-08-17,sv8pt5-59,610414,Holofoil,0.34,0.01,0.3,100.0,
2025-08-17,sv8pt5-59,610414,Reverse Holofoil,0.29,0.07,0.42,25.0,
2025-08-17,sv8pt5-60,610415,Holofoil,4.59,3.23,5.5,40.0,
2025-08-17,svp-085,518861,Normal,432.49,400.1,500.0,1000.25,1000.25
2025-08-17,swsh11-186,284137,Holofoil,528.9,423.27,649.97,1199.99,570.0
2025-08-17,swsh12-186,451834,Holofoil,347.81,294.27,431.26,740.65,427.0
2025-08-17,swsh12pt5gg-GG69,478100,Holofoil,170.69,154.05,200.0,1000.0,194.88
2025-08-17,swsh35-25,223018,Normal,0.1,0.03,0.2,4.95,0.1
2025-08-17,swsh35-25,223018,Reverse Holofoil,0.23,0.05,0.25,4.95,0.2
2025-08-17,swsh35-74,223073,Holofoil,159.92,147.69,175.61,1500.0,149.97
2025-08-17,swsh45sv-SV107,232496,Holofoil,100.06,95.0,110.09,349.95,102.24
2025-08-17,swsh7-204,246693,Holofoil,26.92,25.99,34.75,100.0,27.49
2025-08-17,swsh7-205,246696,Holofoil,375.79,309.95,399.99,849.99,315.66
2025-08-17,swsh7-208,246755,Holofoil,25.25,25.87,31.42,59.99,26.6
2025-08-17,swsh7-209,246756,Holofoil,264.38,248.5,287.91,599.99,270.99
2025-08-17,swsh7-211,246702,Holofoil,36.79,36.67,47.65,99.99,40.0
2025-08-17,swsh7-212,246704,Holofoil,271.27,256.4,344.0,1000.0,304.38
2025-08-17,swsh7-215,246723,Holofoil,1343.82,1099.99,1550.0,2999.99,1298.77
2025-08-17,swsh7-218,246733,Holofoil,654.48,560.0,750.0,1499.99,744.98
2025-08-17,swsh7-41,246753,Holofoil,5.17,4.0,5.99,89.0,4.52
2025-08-17,swsh7-65,246690,Holofoil,9.09,8.0,10.0,500.0,9.02
2025-08-17,swsh7-75,246701,Holofoil,9.11,8.0,10.89,50.0,9.51
2025-08-17,swsh7-8,246691,Holofoil,4.81,3.74,6.0,50.0,4.85
2025-08-17,swsh8-271,253266,Holofoil,619.52,540.75,713.08,1399.99,615.86
2025-08-17,swsh9-154,263873,Holofoil,220.32,171.99,251.5,1500.0,151.99
2025-08-18,base1-15,42355,Holofoil,113.65,70.0,129.47,300.0,107.42
2025-08-18,base1-16,42356,Holofoil,38.25,16.23,33.17,72.94,18.3
2025-08-18,base1-2,42360,Holofoil,160.37,100.0,127.49,499.99,80.0
2025-08-18,base1-4,42382,Holofoil,462.62,310.0,524.3,1249.99,
2025-08-18,base1-58,42402,Normal,2.7,0.4,2.49,9999.0,0.85
2025-08-18,cel25c-4,250320,Holofoil,106.73,101.3,119.6,250.0,114.08
2025-08-18,gym2-2,83861,1st Edition Holofoil,650.0,975.99,988.0,1000.0,
2025-08-18,gym2-2,83861,Unlimited Holofoil,537.88,309.97,510.62,604.04,357.48
2025-08-18,neo1-9,86903,1st Edition Holofoil,1251.5,1798.78,1900.49,4752.45,4752.45
2025-08-18,neo1-9,86903,Unlimited Holofoil,447.38,265.0,354.55,699.95,
2025-08-18,sl-151-bundle,502000,Normal,74.83,60.0,84.22,999.99,
2025-08-18,sl-151-etb,503313,Normal,306.87,343.0,400.0,4999.99,
2025-08-18,sl-151-upc,502005,Normal,454.42,454.98,567.57,30000.0,
2025-08-18,sl-ar-box,265519,Normal,366.19,355.75,418.87,9999.99,
2025-08-18,sl-bs-box,256141,Normal,448.21,465.0,590.85,9999.99,
2025-08-18,sl-cel-upc,245140,Normal,792.59,795.0,1000.0,1199.99,
2025-08-18,sl-champ-etb,218791,Normal,131.1,122.99,154.99,299.99,
2025-08-18,sl-cz-etb,453470,Normal,184.5,177.99,205.0,1999.99,
2025-08-18,sl-dr-box,624679,Normal,313.73,307.31,350.0,99999.0,
2025-08-18,sl-evs-box,242436,Normal,2306.72,2496.0,3340.04,10000.0,
2025-08-18,sl-evs-etb,243721,Normal,637.22,973.0,1199.95,2999.99,
2025-08-18,sl-fs-box,247654,Normal,863.5,899.0,1047.5,9999.99,
2025-08-18,sl-hf-etb,194729,Normal,413.09,400.45,499.98,9999.98,
2025-08-18,sl-jp-151,565243,Normal,164.59,151.0,174.99,250.0,
2025-08-18,sl-jp-terastal,603428,Normal,91.66,87.99,110.0,200.0,
2025-08-18,sl-jt-box,610931,Normal,259.75,249.99,298.0,551.0,
2025-08-18,sl-lo-box,277324,Normal,676.48,749.0,999.94,9999.99,
2025-08-18,sl-obf-box,501257,Normal,250.56,249.95,299.99,30000.0,
2025-08-18,sl-pe-etb,593355,Normal,100.33,95.0,124.97,100000.0,
2025-08-18,sl-pe-spc,622770,Normal,222.16,215.0,250.0,99999.0,
2025-08-18,sl-pf-etb,528040,Normal,219.21,221.0,251.5,399.44,
2025-08-18,sl-shf-etb,228821,Normal,86.53,85.0,100.0,499.99,
2025-08-18,sl-ss-box,565606,Normal,234.91,231.0,288.88,4999.99,
2025-08-18,sl-st-box,283389,Normal,396.23,398.0,474.97,9999.99,
2025-08-18,sl-tf-box,536225,Normal,230.38,229.99,250.0,400.0,
2025-08-18,sv2-185,497557,Normal,0.37,0.2,0.41,4321.0,
2025-08-18,sv2-185,497557,Reverse Holofoil,0.58,0.2,0.69,4321.0,
2025-08-18,sv2-254,497669,Holofoil,15.64,12.99,19.26,100.0,18.54
2025-08-18,sv2-269,497689,Holofoil,51.31,47.99,56.61,259.99,51.4
2025-08-18,sv3pt5-151,516566,Holofoil,7.73,6.5,8.25,40.0,
2025-08-18,sv3pt5-199,517045,Holofoil,213.78,171.99,247.43,900.0,299.69
2025-08-18,sv3pt5-205,517051,Holofoil,14.15,10.8,15.0,100.0,
2025-08-18,sv3pt5-4,502555,Normal,0.11,0.01,0.15,5.0,
2025-08-18,sv3pt5-4,502555,Reverse Holofoil,0.23,0.07,0.27,4321.0,
2025-08-18,sv3pt5-6,502558,Holofoil,4.11,3.0,4.77,30.0,
2025-08-18,sv3pt5-7,502548,Normal,0.16,0.01,0.15,4.95,
2025-08-18,sv3pt5-7,502548,Reverse Holofoil,0.25,0.05,0.25,4321.0,
2025-08-18,sv4pt5-234,535090,Holofoil,181.85,169.4,209.99,400.0,199.99
2025-08-18,sv4pt5-54,534416,Holofoil,3.85,2.0,3.25,34.99,5.47
2025-08-18,sv8-57,590025,Holofoil,7.2,4.0,6.58,50.0,9.99
2025-08-18,sv8pt5-149,610504,Holofoil,209.47,185.0,222.2,800.0,
2025-08-18,sv8pt5-155,610510,Holofoil,207.26,199.99,235.0,599.95,
2025-08-18,sv8pt5-156,610511,Holofoil,304.69,280.0,350.0,800.0,
2025-08-18,sv8pt5-161,610516,Holofoil,859.11,780.0,955.6,1999.95,
2025-08-18,sv8pt5-167,610522,Holofoil,109.93,101.95,121.99,360.68,
2025-08-18,sv8pt5-179,610534,Holofoil,36.24,31.48,49.99,270.0,
2025-08-18,sv8pt5-28,610383,Holofoil,1.14,0.5,1.36,9.95,
2025-08-18,sv8pt5-47,610402,Normal,0.05,0.01,0.1,4.95,0.03
2025-08-18,sv8pt5-47,610402,Reverse Holofoil,0.08,0.01,0.13,20.0,0.06
2025-08-18,sv8pt5-59,610414,Holofoil,0.32,0.01,0.31,100.0,
2025-08-18,sv8pt5-59,610414,Reverse Holofoil,0.3,0.07,0.42,25.0,
2025-08-18,sv8pt5-60,610415,Holofoil,4.56,3.23,5.5,40.0,
2025-08-18,svp-085,518861,Normal,446.79,400.1,534.0,1000.25,1000.25
2025-08-18,swsh11-186,284137,Holofoil,531.06,423.27,649.97,1199.99,569.69
2025-08-18,swsh12-186,451834,Holofoil,347.21,294.27,427.0,740.65,347.21
2025-08-18,swsh12pt5gg-GG69,478100,Holofoil,170.69,154.05,200.0,1000.0,199.63
2025-08-18,swsh35-25,223018,Normal,0.11,0.03,0.2,4.95,0.1
2025-08-18,swsh35-25,223018,Reverse Holofoil,0.22,0.05,0.25,4.95,0.2
2025-08-18,swsh35-74,223073,Holofoil,159.92,140.0,175.49,1500.0,149.97
2025-08-18,swsh45sv-SV107,232496,Holofoil,100.06,95.0,110.0,349.95,99.99
2025-08-18,swsh7-204,246693,Holofoil,26.83,25.99,34.87,100.0,27.49
2025-08-18,swsh7-205,246696,Holofoil,373.08,309.95,399.99,849.99,315.66
2025-08-18,swsh7-208,246755,Holofoil,26.05,25.87,33.53,59.99,26.6
2025-08-18,swsh7-209,246756,Holofoil,264.38,248.5,287.66,599.99,270.99
2025-08-18,swsh7-211,246702,Holofoil,36.69,36.67,47.69,99.99,40.0
2025-08-18,swsh7-212,246704,Holofoil,271.27,256.4,340.0,1000.0,304.38
2025-08-18,swsh7-215,246723,Holofoil,1343.82,1099.99,1550.0,2999.99,1298.77
2025-08-18,swsh7-218,246733,Holofoil,654.4,550.0,750.0,1499.99,744.98
2025-08-18,swsh7-41,246753,Holofoil,5.19,4.0,5.99,89.0,4.5
2025-08-18,swsh7-65,246690,Holofoil,9.17,8.0,10.0,500.0,9.02
2025-08-18,swsh7-75,246701,Holofoil,9.07,8.0,10.95,50.0,9.52
2025-08-18,swsh7-8,246691,Holofoil,4.82,3.73,6.0,50.0,4.82
2025-08-18,swsh8-271,253266,Holofoil,619.06,540.75,705.0,1399.99,619.52
2025-08-18,swsh9-154,263873,Holofoil,223.17,171.99,251.5,1500.0,151.99
2025-08-19,base1-15,42355,Holofoil,113.81,70.0,131.28,300.0,107.42
2025-08-19,base1-16,42356,Holofoil,38.25,19.0,33.17,72.94,15.85
2025-08-19,base1-2,42360,Holofoil,160.37,100.0,131.33,499.99,79.17
2025-08-19,base1-4,42382,Holofoil,462.62,320.29,537.05,1249.99,
2025-08-19,base1-58,42402,Normal,2.78,0.4,2.59,9999.0,0.85
2025-08-19,cel25c-4,250320,Holofoil,106.73,101.4,123.9,250.0,114.08
2025-08-19,gym2-2,83861,1st Edition Holofoil,650.0,975.99,988.0,1000.0,
2025-08-19,gym2-2,83861,Unlimited Holofoil,537.88,309.97,510.62,604.04,299.98
2025-08-19,neo1-9,86903,1st Edition Holofoil,1251.5,1798.78,1899.99,4752.45,4752.45
2025-08-19,neo1-9,86903,Unlimited Holofoil,447.38,265.0,354.55,699.95,
2025-08-19,sl-151-bundle,502000,Normal,76.05,70.0,84.99,999.99,
2025-08-19,sl-151-etb,503313,Normal,308.27,347.89,400.0,4999.99,
2025-08-19,sl-151-upc,502005,Normal,455.54,459.99,549.99,30000.0,
2025-08-19,sl-ar-box,265519,Normal,366.74,355.75,425.0,9999.99,
2025-08-19,sl-bs-box,256141,Normal,465.9,480.0,600.0,9999.99,
2025-08-19,sl-cel-upc,245140,Normal,792.59,795.0,1000.0,1200.0,
2025-08-19,sl-champ-etb,218791,Normal,131.1,120.0,150.0,299.99,
2025-08-19,sl-cz-etb,453470,Normal,184.11,177.99,205.0,1999.99,
2025-08-19,sl-dr-box,624679,Normal,316.94,307.31,350.0,99999.0,
2025-08-19,sl-evs-box,242436,Normal,2306.72,2450.0,3000.0,10000.0,
2025-08-19,sl-evs-etb,243721,Normal,637.22,799.99,1000.99,2999.99,
2025-08-19,sl-fs-box,247654,Normal,873.35,899.99,1097.5,9999.99,
2025-08-19,sl-hf-etb,194729,Normal,413.09,400.45,450.0,9999.98,
2025-08-19,sl-jp-151,565243,Normal,163.33,159.23,180.0,250.0,
2025-08-19,sl-jp-terastal,603428,Normal,92.19,87.99,110.0,200.0,
2025-08-19,sl-jt-box,610931,Normal,261.65,249.99,298.0,551.0,
2025-08-19,sl-lo-box,277324,Normal,676.48,749.0,999.94,9999.99,
2025-08-19,sl-me1-box,644298,Normal,270.11,247.46,247.46,247.46,
2025-08-19,sl-obf-box,501257,Normal,250.32,244.95,299.99,30000.0,
2025-08-19,sl-pe-etb,593355,Normal,99.97,85.51,123.96,100000.0,
2025-08-19,sl-pe-spc,622770,Normal,223.24,215.0,250.0,99999.0,
2025-08-19,sl-pf-etb,528040,Normal,219.21,221.0,249.97,395.0,
2025-08-19,sl-shf-etb,228821,Normal,84.37,79.99,100.0,499.99,
2025-08-19,sl-ss-box,565606,Normal,236.41,234.99,294.0,4999.99,
2025-08-19,sl-st-box,283389,Normal,397.93,400.0,499.94,9999.99,
2025-08-19,sl-tf-box,536225,Normal,233.06,229.99,259.99,400.0,
2025-08-19,sv2-185,497557,Normal,0.35,0.21,0.4,4321.0,
2025-08-19,sv2-185,497557,Reverse Holofoil,0.5,0.2,0.66,4321.0,
2025-08-19,sv2-254,497669,Holofoil,15.9,12.99,19.5,100.0,18.91
2025-08-19,sv2-269,497689,Holofoil,51.22,43.0,56.49,259.99,51.25
2025-08-19,sv3pt5-151,516566,Holofoil,7.13,6.0,8.06,40.0,
2025-08-19,sv3pt5-199,517045,Holofoil,211.12,171.99,249.99,900.0,199.98
2025-08-19,sv3pt5-205,517051,Holofoil,13.95,10.8,15.03,100.0,
2025-08-19,sv3pt5-4,502555,Normal,0.14,0.01,0.15,5.0,
2025-08-19,sv3pt5-4,502555,Reverse Holofoil,0.24,0.07,0.27,4321.0,
2025-08-19,sv3pt5-6,502558,Holofoil,3.86,2.99,4.67,50.0,
2025-08-19,sv3pt5-7,502548,Normal,0.16,0.01,0.16,4.95,
2025-08-19,sv3pt5-7,502548,Reverse Holofoil,0.24,0.05,0.25,4321.0,
2025-08-19,sv4pt5-234,535090,Holofoil,188.04,169.4,209.99,400.0,199.99
2025-08-19,sv4pt5-54,534416,Holofoil,3.47,2.0,3.31,34.99,5.19
2025-08-19,sv8-57,590025,Holofoil,6.39,4.0,6.58,50.0,10.28
2025-08-19,sv8pt5-149,610504,Holofoil,207.83,185.0,221.33,800.0,
2025-08-19,sv8pt5-155,610510,Holofoil,206.68,199.99,237.99,599.95,
2025-08-19,sv8pt5-156,610511,Holofoil,298.6,280.0,349.99,800.0,
2025-08-19,sv8pt5-161,610516,Holofoil,850.98,780.0,961.2,1999.95,
2025-08-19,sv8pt5-167,610522,Holofoil,109.62,100.9,120.72,360.68,
2025-08-19,sv8pt5-179,610534,Holofoil,36.3,31.48,49.74,270.0,
2025-08-19,sv8pt5-28,610383,Holofoil,1.19,0.5,1.35,9.95,
2025-08-19,sv8pt5-47,610402,Normal,0.05,0.01,0.1,4.95,0.03
2025-08-19,sv8pt5-47,610402,Reverse Holofoil,0.07,0.01,0.13,20.0,0.06
2025-08-19,sv8pt5-59,610414,Holofoil,0.22,0.01,0.3,100.0,
2025-08-19,sv8pt5-59,610414,Reverse Holofoil,0.3,0.07,0.41,25.0,
2025-08-19,sv8pt5-60,610415,Holofoil,4.87,3.23,5.5,40.0,
2025-08-19,svp-085,518861,Normal,446.79,400.1,509.0,1000.25,1000.25
2025-08-19,swsh11-186,284137,Holofoil,538.41,423.27,645.0,1199.99,639.98
2025-08-19,swsh12-186,451834,Holofoil,347.96,294.27,427.0,740.65,427.0
2025-08-19,swsh12pt5gg-GG69,478100,Holofoil,169.13,153.9,200.0,1000.0,199.63
2025-08-19,swsh35-25,223018,Normal,0.11,0.03,0.2,4.95,0.1
2025-08-19,swsh35-25,223018,Reverse Holofoil,0.22,0.05,0.25,4.95,0.2
2025-08-19,swsh35-74,223073,Holofoil,159.92,140.0,175.43,1500.0,149.97
2025-08-19,swsh45sv-SV107,232496,Holofoil,96.04,95.0,109.99,349.95,99.99
2025-08-19,swsh7-204,246693,Holofoil,26.96,25.99,34.99,100.0,27.49
2025-08-19,swsh7-205,246696,Holofoil,356.76,309.95,400.0,849.99,315.66
2025-08-19,swsh7-208,246755,Holofoil,26.12,25.87,34.71,59.99,26.6
2025-08-19,swsh7-209,246756,Holofoil,260.6,249.0,287.91,599.99,270.99
2025-08-19,swsh7-211,246702,Holofoil,37.21,36.67,49.11,99.99,40.0
2025-08-19,swsh7-212,246704,Holofoil,270.32,256.4,339.64,1000.0,304.38
2025-08-19,swsh7-215,246723,Holofoil,1363.16,1099.99,1612.48,2999.99,1298.77
2025-08-19,swsh7-218,246733,Holofoil,657.08,550.0,750.2,1499.99,739.98
2025-08-19,swsh7-41,246753,Holofoil,5.3,4.0,5.99,89.0,4.53
2025-08-19,swsh7-65,246690,Holofoil,9.14,8.0,10.0,500.0,9.02
2025-08-19,swsh7-75,246701,Holofoil,8.95,8.0,10.92,50.0,9.47
2025-08-19,swsh7-8,246691,Holofoil,4.87,3.73,6.0,50.0,4.87
2025-08-19,swsh8-271,253266,Holofoil,627.07,540.75,717.35,1399.99,620.0
2025-08-19,swsh9-154,263873,Holofoil,228.85,171.99,270.46,1500.0,149.99
2025-08-20,base1-15,42355,Holofoil,113.81,71.64,131.45,300.0,107.57
2025-08-20,base1-16,42356,Holofoil,38.14,19.0,33.17,72.94,15.85
2025-08-20,base1-2,42360,Holofoil,160.37,100.0,136.33,499.99,79.17
2025-08-20,base1-4,42382,Holofoil,462.62,320.29,599.99,1249.99,
2025-08-20,base1-58,42402,Normal,3.01,0.4,2.68,9999.0,0.85
2025-08-20,cel25c-4,250320,Holofoil,106.89,101.3,120.0,250.0,103.28
2025-08-20,gym2-2,83861,1st Edition Holofoil,650.0,975.99,988.0,1000.0,
2025-08-20,gym2-2,83861,Unlimited Holofoil,537.88,309.97,510.62,604.04,299.98
2025-08-20,neo1-9,86903,1st Edition Holofoil,1251.5,1798.78,1899.99,4752.45,4752.45
2025-08-20,neo1-9,86903,Unlimited Holofoil,447.38,265.0,359.0,699.95,
2025-08-20,sl-151-bundle,502000,Normal,76.62,71.0,88.93,999.99,
2025-08-20,sl-151-etb,503313,Normal,312.14,347.89,400.0,4999.99,
2025-08-20,sl-151-upc,502005,Normal,456.81,458.0,549.99,30000.0,
2025-08-20,sl-ar-box,265519,Normal,366.21,355.75,407.78,9999.99,
2025-08-20,sl-bs-box,256141,Normal,478.3,584.95,717.5,9999.99,
2025-08-20,sl-cel-upc,245140,Normal,795.99,795.0,1000.0,1200.0,
2025-08-20,sl-champ-etb,218791,Normal,130.86,120.0,150.0,299.99,
2025-08-20,sl-cz-etb,453470,Normal,184.19,177.99,200.0,4999.99,
2025-08-20,sl-dr-box,624679,Normal,314.97,310.3,350.0,99999.0,
2025-08-20,sl-evs-box,242436,Normal,2396.6,2499.0,3499.99,10000.0,
2025-08-20,sl-evs-etb,243721,Normal,637.22,799.99,1000.49,2999.99,
2025-08-20,sl-fs-box,247654,Normal,875.35,898.99,1100.0,9999.99,
2025-08-20,sl-hf-etb,194729,Normal,413.09,395.0,499.98,9999.98,
2025-08-20,sl-jp-151,565243,Normal,164.3,159.23,177.5,250.0,
2025-08-20,sl-jp-terastal,603428,Normal,92.5,87.99,110.0,200.0,
2025-08-20,sl-jt-box,610931,Normal,261.33,249.99,298.0,551.0,
2025-08-20,sl-lo-box,277324,Normal,697.5,799.95,999.95,9999.99,
2025-08-20,sl-me1-box,644298,Normal,266.92,269.98,269.99,269.99,
2025-08-20,sl-obf-box,501257,Normal,250.4,244.95,294.99,30000.0,
2025-08-20,sl-pe-etb,593355,Normal,101.34,95.0,124.95,100000.0,
2025-08-20,sl-pe-spc,622770,Normal,221.76,198.0,250.0,99999.0,
2025-08-20,sl-pf-etb,528040,Normal,219.24,220.99,249.99,395.0,
2025-08-20,sl-shf-etb,228821,Normal,85.64,79.99,100.0,499.99,
2025-08-20,sl-ss-box,565606,Normal,237.99,237.95,298.0,4999.99,
2025-08-20,sl-st-box,283389,Normal,404.77,429.95,499.95,9999.99,
2025-08-20,sl-tf-box,536225,Normal,233.26,225.0,250.0,400.0,
2025-08-20,sv2-185,497557,Normal,0.36,0.23,0.4,4321.0,
2025-08-20,sv2-185,497557,Reverse Holofoil,0.55,0.2,0.66,4321.0,
2025-08-20,sv2-254,497669,Holofoil,16.29,12.0,19.43,100.0,15.47
2025-08-20,sv2-269,497689,Holofoil,49.72,48.5,57.99,259.99,48.5
2025-08-20,sv3pt5-151,516566,Holofoil,6.99,6.02,8.0,40.0,
2025-08-20,sv3pt5-199,517045,Holofoil,209.49,170.0,241.65,900.0,
2025-08-20,sv3pt5-205,517051,Holofoil,14.48,10.8,15.66,100.0,
2025-08-20,sv3pt5-4,502555,Normal,0.15,0.01,0.15,5.0,
2025-08-20,sv3pt5-4,502555,Reverse Holofoil,0.23,0.06,0.27,4321.0,
2025-08-20,sv3pt5-6,502558,Holofoil,4.07,2.99,4.75,50.0,
2025-08-20,sv3pt5-7,502548,Normal,0.14,0.01,0.16,4.95,
2025-08-20,sv3pt5-7,502548,Reverse Holofoil,0.25,0.05,0.25,4321.0,
2025-08-20,sv4pt5-234,535090,Holofoil,189.72,169.8,228.5,400.0,232.0
2025-08-20,sv4pt5-54,534416,Holofoil,3.27,1.85,3.37,34.99,4.39
2025-08-20,sv8-57,590025,Holofoil,5.72,4.0,6.52,50.0,10.45
2025-08-20,sv8pt5-149,610504,Holofoil,207.75,185.0,220.25,800.0,
2025-08-20,sv8pt5-155,610510,Holofoil,206.81,199.99,235.0,599.95,
2025-08-20,sv8pt5-156,610511,Holofoil,298.76,284.39,370.54,800.0,
2025-08-20,sv8pt5-161,610516,Holofoil,847.82,719.95,949.99,1999.95,
2025-08-20,sv8pt5-167,610522,Holofoil,109.62,100.9,119.99,360.68,
2025-08-20,sv8pt5-179,610534,Holofoil,37.02,31.48,48.14,270.0,
2025-08-20,sv8pt5-28,610383,Holofoil,1.2,0.5,1.35,9.95,
2025-08-20,sv8pt5-47,610402,Normal,0.05,0.01,0.1,4.95,0.03
2025-08-20,sv8pt5-47,610402,Reverse Holofoil,0.07,0.01,0.13,20.0,0.06
2025-08-20,sv8pt5-59,610414,Holofoil,0.22,0.01,0.3,100.0,
2025-08-20,sv8pt5-59,610414,Reverse Holofoil,0.3,0.07,0.41,25.0,
2025-08-20,sv8pt5-60,610415,Holofoil,4.97,3.49,5.5,40.0,
2025-08-20,svp-085,518861,Normal,455.15,400.1,500.99,1000.25,1000.25
2025-08-20,swsh11-186,284137,Holofoil,538.41,420.69,639.98,1199.99,639.98
2025-08-20,swsh12-186,451834,Holofoil,341.76,294.27,427.0,740.65,427.0
2025-08-20,swsh12pt5gg-GG69,478100,Holofoil,168.14,151.8,209.0,1000.0,199.63
2025-08-20,swsh35-25,223018,Normal,0.11,0.03,0.2,4.95,0.1
2025-08-20,swsh35-25,223018,Reverse Holofoil,0.21,0.05,0.25,4.95,0.19
2025-08-20,swsh35-74,223073,Holofoil,157.22,140.0,175.49,1500.0,159.92
2025-08-20,swsh45sv-SV107,232496,Holofoil,95.84,95.0,109.98,349.95,99.99
2025-08-20,swsh7-204,246693,Holofoil,26.96,25.99,34.87,100.0,27.49
2025-08-20,swsh7-205,246696,Holofoil,356.9,309.95,400.0,849.99,315.66
2025-08-20,swsh7-208,246755,Holofoil,26.12,25.87,34.08,59.99,26.6
2025-08-20,swsh7-209,246756,Holofoil,260.6,249.0,289.01,599.99,270.99
2025-08-20,swsh7-211,246702,Holofoil,37.57,40.0,49.04,99.99,40.0
2025-08-20,swsh7-212,246704,Holofoil,270.32,256.4,344.0,1000.0,304.38
2025-08-20,swsh7-215,246723,Holofoil,1363.16,1099.99,1612.48,2999.99,1298.77
2025-08-20,swsh7-218,246733,Holofoil,657.08,550.0,750.0,1499.99,679.99
2025-08-20,swsh7-41,246753,Holofoil,5.36,3.15,5.99,89.0,4.53
2025-08-20,swsh7-65,246690,Holofoil,9.4,6.82,10.0,500.0,6.82
2025-08-20,swsh7-75,246701,Holofoil,9.03,8.49,10.97,50.0,9.03
2025-08-20,swsh7-8,246691,Holofoil,4.83,3.7,5.99,50.0,4.83
2025-08-20,swsh8-271,253266,Holofoil,628.11,540.75,756.91,1399.99,634.0
2025-08-20,swsh9-154,263873,Holofoil,231.3,171.99,270.93,1500.0,149.99
2025-08-21,base1-15,42355,Holofoil,113.81,71.64,131.45,300.0,85.69
2025-08-21,base1-16,42356,Holofoil,38.14,16.23,33.17,72.94,16.0
2025-08-21,base1-2,42360,Holofoil,160.37,99.98,139.99,499.99,67.99
2025-08-21,base1-4,42382,Holofoil,463.43,320.29,524.3,1249.99,
2025-08-21,base1-58,42402,Normal,3.12,0.4,2.74,9999.0,1.13
2025-08-21,cel25c-4,250320,Holofoil,110.58,102.01,127.99,250.0,104.16
2025-08-21,gym2-2,83861,1st Edition Holofoil,650.0,975.99,988.0,1000.0,
2025-08-21,gym2-2,83861,Unlimited Holofoil,537.88,309.97,511.0,604.04,299.98
2025-08-21,neo1-9,86903,1st Edition Holofoil,1251.5,1798.78,1899.99,4752.45,4752.45
2025-08-21,neo1-9,86903,Unlimited Holofoil,447.38,265.0,359.0,699.95,
2025-08-21,sl-151-bundle,502000,Normal,77.22,74.0,89.32,999.99,
2025-08-21,sl-151-etb,503313,Normal,314.84,345.0,400.0,4999.99,
2025-08-21,sl-151-upc,502005,Normal,457.96,465.0,599.95,30000.0,
2025-08-21,sl-ar-box,265519,Normal,366.7,385.01,462.44,9999.99,
2025-08-21,sl-bs-box,256141,Normal,482.58,584.95,745.0,9999.99,
2025-08-21,sl-cel-upc,245140,Normal,795.99,795.0,1000.0,1200.0,
2025-08-21,sl-champ-etb,218791,Normal,130.71,120.0,152.5,299.99,
2025-08-21,sl-cz-etb,453470,Normal,184.05,177.49,200.0,4999.99,
2025-08-21,sl-dr-box,624679,Normal,312.82,310.0,350.0,99999.0,
2025-08-21,sl-evs-box,242436,Normal,2396.6,2499.0,3499.98,12000.0,
2025-08-21,sl-evs-etb,243721,Normal,637.22,799.99,1000.49,2999.99,
2025-08-21,sl-fs-box,247654,Normal,878.47,945.0,1097.5,9999.99,
2025-08-21,sl-hf-etb,194729,Normal,413.09,395.0,499.98,9999.98,
2025-08-21,sl-jp-151,565243,Normal,165.37,159.23,177.5,250.0,
2025-08-21,sl-jp-terastal,603428,Normal,93.21,87.99,110.0,200.0,
2025-08-21,sl-jt-box,610931,Normal,261.33,249.99,298.0,551.0,
2025-08-21,sl-lo-box,277324,Normal,721.9,849.98,999.99,9999.99,
2025-08-21,sl-me1-box,644298,Normal,266.37,269.95,269.97,325.0,
2025-08-21,sl-obf-box,501257,Normal,257.6,270.0,306.5,30000.0,
2025-08-21,sl-pe-etb,593355,Normal,103.49,93.5,121.49,100000.0,
2025-08-21,sl-pe-spc,622770,Normal,220.76,215.0,250.0,99999.0,
2025-08-21,sl-pf-etb,528040,Normal,220.8,220.99,250.0,775.0,
2025-08-21,sl-shf-etb,228821,Normal,86.77,86.0,100.0,499.99,
2025-08-21,sl-ss-box,565606,Normal,240.51,238.51,289.99,4999.99,
2025-08-21,sl-st-box,283389,Normal,415.53,445.0,501.12,9999.99,
2025-08-21,sl-tf-box,536225,Normal,231.66,225.0,249.99,420.0,
2025-08-21,sv2-185,497557,Normal,0.4,0.25,0.4,4321.0,
2025-08-21,sv2-185,497557,Reverse Holofoil,0.58,0.2,0.69,4321.0,
2025-08-21,sv2-254,497669,Holofoil,16.35,12.0,19.63,100.0,16.99
2025-08-21,sv2-269,497689,Holofoil,49.67,48.71,57.77,259.99,
2025-08-21,sv3pt5-151,516566,Holofoil,7.44,6.1,8.0,40.0,
2025-08-21,sv3pt5-199,517045,Holofoil,206.27,171.99,239.99,900.0,
2025-08-21,sv3pt5-205,517051,Holofoil,14.65,10.99,15.67,100.0,
2025-08-21,sv3pt5-4,502555,Normal,0.09,0.01,0.15,5.0,
2025-08-21,sv3pt5-4,502555,Reverse Holofoil,0.22,0.04,0.27,4321.0,
2025-08-21,sv3pt5-6,502558,Holofoil,4.04,2.99,4.65,50.0,
2025-08-21,sv3pt5-7,502548,Normal,0.11,0.01,0.16,4.95,
2025-08-21,sv3pt5-7,502548,Reverse Holofoil,0.22,0.05,0.25,4321.0,
2025-08-21,sv4pt5-234,535090,Holofoil,193.97,169.49,225.0,400.0,299.99
2025-08-21,sv4pt5-54,534416,Holofoil,3.22,2.0,3.35,34.99,3.17
2025-08-21,sv8-57,590025,Holofoil,6.71,3.8,6.52,50.0,
2025-08-21,sv8pt5-149,610504,Holofoil,207.75,188.99,222.62,800.0,
2025-08-21,sv8pt5-155,610510,Holofoil,206.97,199.99,238.99,599.95,
2025-08-21,sv8pt5-156,610511,Holofoil,288.65,298.47,372.54,800.0,
2025-08-21,sv8pt5-161,610516,Holofoil,847.82,719.99,969.99,1999.95,
2025-08-21,sv8pt5-167,610522,Holofoil,108.4,97.85,121.13,360.68,
2025-08-21,sv8pt5-179,610534,Holofoil,37.55,32.48,49.98,270.0,
2025-08-21,sv8pt5-28,610383,Holofoil,1.27,0.5,1.39,9.95,
2025-08-21,sv8pt5-47,610402,Normal,0.04,0.01,0.1,4.95,0.03
2025-08-21,sv8pt5-47,610402,Reverse Holofoil,0.07,0.01,0.14,20.0,0.05
2025-08-21,sv8pt5-59,610414,Holofoil,0.24,0.01,0.3,100.0,
2025-08-21,sv8pt5-59,610414,Reverse Holofoil,0.34,0.07,0.4,25.0,
2025-08-21,sv8pt5-60,610415,Holofoil,4.74,3.49,5.5,40.0,5.04
2025-08-21,svp-085,518861,Normal,455.15,400.1,509.5,1000.25,999.99
2025-08-21,swsh11-186,284137,Holofoil,540.7,423.99,647.49,1199.99,639.98
2025-08-21,swsh12-186,451834,Holofoil,338.34,294.27,492.49,740.65,427.0
2025-08-21,swsh12pt5gg-GG69,478100,Holofoil,169.82,153.4,209.0,1000.0,199.62
2025-08-21,swsh35-25,223018,Normal,0.11,0.03,0.2,4.95,0.1
2025-08-21,swsh35-25,223018,Reverse Holofoil,0.21,0.05,0.25,4.95,0.19
2025-08-21,swsh35-74,223073,Holofoil,157.22,147.69,175.5,1500.0,159.92
2025-08-21,swsh45sv-SV107,232496,Holofoil,96.03,94.95,110.0,349.95,99.99
2025-08-21,swsh7-204,246693,Holofoil,26.86,25.99,34.99,100.0,29.69
2025-08-21,swsh7-205,246696,Holofoil,356.9,309.95,400.0,849.99,315.66
2025-08-21,swsh7-208,246755,Holofoil,26.12,25.0,33.11,59.99,26.6
2025-08-21,swsh7-209,246756,Holofoil,260.6,249.0,288.01,599.99,270.99
2025-08-21,swsh7-211,246702,Holofoil,37.85,40.0,49.49,99.99,40.0
2025-08-21,swsh7-212,246704,Holofoil,272.29,256.4,344.5,1000.0,304.38
2025-08-21,swsh7-215,246723,Holofoil,1363.16,1099.99,1558.3,2999.99,1298.77
2025-08-21,swsh7-218,246733,Holofoil,658.36,550.0,750.1,1499.99,679.98
2025-08-21,swsh7-41,246753,Holofoil,5.37,4.0,5.99,89.0,4.53
2025-08-21,swsh7-65,246690,Holofoil,9.41,6.82,10.0,500.0,6.82
2025-08-21,swsh7-75,246701,Holofoil,9.25,8.0,10.99,50.0,9.47
2025-08-21,swsh7-8,246691,Holofoil,4.57,3.5,5.99,50.0,4.83
2025-08-21,swsh8-271,253266,Holofoil,629.47,540.75,793.62,1399.99,668.99
2025-08-21,swsh9-154,263873,Holofoil,231.3,171.99,270.93,1500.0,149.99
2025-08-22,base1-15,42355,Holofoil,113.65,71.64,129.64,300.0,85.69
2025-08-22,base1-16,42356,Holofoil,37.66,16.23,31.74,72.94,16.0
2025-08-22,base1-2,42360,Holofoil,160.37,99.98,149.95,499.99,67.99
2025-08-22,base1-4,42382,Holofoil,463.55,310.0,547.25,1249.99,
2025-08-22,base1-58,42402,Normal,3.1,0.4,2.75,9999.0,1.13
2025-08-22,cel25c-4,250320,Holofoil,110.58,102.01,128.29,250.0,104.16
2025-08-22,gym2-2,83861,1st Edition Holofoil,650.0,499.97,499.98,1000.0,
2025-08-22,gym2-2,83861,Unlimited Holofoil,537.88,309.97,511.0,604.04,299.98
2025-08-22,neo1-9,86903,1st Edition Holofoil,1434.33,1798.78,1899.99,4752.45,4752.45
2025-08-22,neo1-9,86903,Unlimited Holofoil,447.38,265.0,359.0,699.95,
2025-08-22,sl-151-bundle,502000,Normal,79.01,65.0,89.99,999.99,
2025-08-22,sl-151-etb,503313,Normal,322.99,343.99,400.0,4999.99,
2025-08-22,sl-151-upc,502005,Normal,459.36,469.0,599.95,30000.0,
2025-08-22,sl-ar-box,265519,Normal,369.4,385.01,465.0,9999.99,
2025-08-22,sl-bs-box,256141,Normal,488.7,564.98,735.0,9999.99,
2025-08-22,sl-cel-upc,245140,Normal,795.99,795.0,1000.0,1200.0,
2025-08-22,sl-champ-etb,218791,Normal,130.51,120.0,152.5,299.99,
2025-08-22,sl-cz-etb,453470,Normal,184.13,177.49,200.0,4999.99,
2025-08-22,sl-dr-box,624679,Normal,313.5,312.52,350.0,99999.0,
2025-08-22,sl-evs-box,242436,Normal,2396.6,2499.0,3400.0,12000.0,
2025-08-22,sl-evs-etb,243721,Normal,637.22,799.99,999.99,2999.99,
2025-08-22,sl-fs-box,247654,Normal,878.47,935.99,1100.0,9999.99,
2025-08-22,sl-hf-etb,194729,Normal,413.09,395.0,499.98,9999.98,
2025-08-22,sl-jp-151,565243,Normal,165.97,159.23,184.99,250.0,
2025-08-22,sl-jp-terastal,603428,Normal,94.03,87.99,100.0,200.0,
2025-08-22,sl-jt-box,610931,Normal,261.33,244.99,282.5,551.0,
2025-08-22,sl-lo-box,277324,Normal,721.9,839.97,999.95,9999.99,
2025-08-22,sl-me1-box,644298,Normal,269.94,269.93,269.94,269.95,
2025-08-22,sl-obf-box,501257,Normal,259.2,270.0,325.0,30000.0,
2025-08-22,sl-pe-etb,593355,Normal,101.36,88.48,120.0,100000.0,
2025-08-22,sl-pe-spc,622770,Normal,218.48,215.0,250.0,99999.0,
2025-08-22,sl-pf-etb,528040,Normal,221.31,224.99,269.93,775.0,
2025-08-22,sl-shf-etb,228821,Normal,86.77,86.0,100.0,499.99,
2025-08-22,sl-ss-box,565606,Normal,244.78,233.95,289.41,4999.99,
2025-08-22,sl-st-box,283389,Normal,415.53,435.01,499.99,9999.99,
2025-08-22,sl-tf-box,536225,Normal,231.66,225.0,249.99,420.0,
2025-08-22,sv2-185,497557,Normal,0.34,0.25,0.4,4321.0,
2025-08-22,sv2-185,497557,Reverse Holofoil,0.54,0.25,0.68,4321.0,
2025-08-22,sv2-254,497669,Holofoil,16.18,12.0,19.62,100.0,16.26
2025-08-22,sv2-269,497689,Holofoil,49.8,48.8,58.17,259.99,
2025-08-22,sv3pt5-151,516566,Holofoil,7.16,6.0,8.0,40.0,
2025-08-22,sv3pt5-199,517045,Holofoil,211.83,174.99,250.0,900.0,
2025-08-22,sv3pt5-205,517051,Holofoil,14.42,11.76,15.74,100.0,
2025-08-22,sv3pt5-4,502555,Normal,0.1,0.01,0.15,5.0,
2025-08-22,sv3pt5-4,502555,Reverse Holofoil,0.22,0.04,0.26,4321.0,
2025-08-22,sv3pt5-6,502558,Holofoil,4.11,2.99,4.71,50.0,
2025-08-22,sv3pt5-7,502548,Normal,0.11,0.01,0.15,4.95,
2025-08-22,sv3pt5-7,502548,Reverse Holofoil,0.23,0.05,0.25,4321.0,
2025-08-22,sv4pt5-234,535090,Holofoil,193.97,168.79,220.3,400.0,299.99
2025-08-22,sv4pt5-54,534416,Holofoil,2.94,2.23,3.34,34.99,2.71
2025-08-22,sv8-57,590025,Holofoil,6.04,3.95,6.7,50.0,
2025-08-22,sv8pt5-149,610504,Holofoil,207.39,188.99,226.41,800.0,
2025-08-22,sv8pt5-155,610510,Holofoil,206.14,199.99,238.99,599.95,
2025-08-22,sv8pt5-156,610511,Holofoil,290.73,290.73,367.71,800.0,
2025-08-22,sv8pt5-161,610516,Holofoil,845.18,719.99,959.99,1999.95,
2025-08-22,sv8pt5-167,610522,Holofoil,108.4,97.85,121.99,4321.0,
2025-08-22,sv8pt5-179,610534,Holofoil,37.43,33.98,49.97,270.0,
2025-08-22,sv8pt5-28,610383,Holofoil,1.21,0.5,1.39,9.95,
2025-08-22,sv8pt5-47,610402,Normal,0.04,0.01,0.1,4.95,0.03
2025-08-22,sv8pt5-47,610402,Reverse Holofoil,0.08,0.01,0.14,20.0,0.06
2025-08-22,sv8pt5-59,610414,Holofoil,0.28,0.01,0.3,100.0,
2025-08-22,sv8pt5-59,610414,Reverse Holofoil,0.36,0.07,0.43,25.0,
2025-08-22,sv8pt5-60,610415,Holofoil,4.56,3.3,5.5,40.0,
2025-08-22,svp-085,518861,Normal,455.15,400.1,509.5,1000.0,999.49
2025-08-22,swsh11-186,284137,Holofoil,546.73,423.99,642.48,1199.99,639.98
2025-08-22,swsh12-186,451834,Holofoil,335.56,294.27,467.5,740.65,426.99
2025-08-22,swsh12pt5gg-GG69,478100,Holofoil,171.54,154.85,200.0,1000.0,199.62
2025-08-22,swsh35-25,223018,Normal,0.12,0.03,0.2,4.95,
2025-08-22,swsh35-25,223018,Reverse Holofoil,0.21,0.07,0.25,4.95,
2025-08-22,swsh35-74,223073,Holofoil,153.74,140.0,189.68,1500.0,164.99
2025-08-22,swsh45sv-SV107,232496,Holofoil,96.41,93.0,108.11,349.95,99.99
2025-08-22,swsh7-204,246693,Holofoil,26.86,25.99,34.99,100.0,29.69
2025-08-22,swsh7-205,246696,Holofoil,356.9,309.95,399.99,849.99,315.66
2025-08-22,swsh7-208,246755,Holofoil,26.21,25.0,33.11,59.99,28.42
2025-08-22,swsh7-209,246756,Holofoil,257.81,250.0,290.22,599.99,270.99
2025-08-22,swsh7-211,246702,Holofoil,37.85,39.69,49.0,99.99,39.69
2025-08-22,swsh7-212,246704,Holofoil,272.7,256.4,349.99,1000.0,304.38
2025-08-22,swsh7-215,246723,Holofoil,1363.16,1099.99,1558.3,2999.99,1298.77
2025-08-22,swsh7-218,246733,Holofoil,664.56,550.0,768.48,1499.99,739.99
2025-08-22,swsh7-41,246753,Holofoil,5.28,4.0,5.99,89.0,4.53
2025-08-22,swsh7-65,246690,Holofoil,9.41,6.82,10.0,500.0,6.82
2025-08-22,swsh7-75,246701,Holofoil,9.63,8.0,10.99,50.0,9.47
2025-08-22,swsh7-8,246691,Holofoil,4.55,3.7,5.99,50.0,4.49
2025-08-22,swsh8-271,253266,Holofoil,630.81,540.75,800.0,1399.99,729.69
2025-08-22,swsh9-154,263873,Holofoil,231.3,171.99,270.93,1500.0,149.99
2025-08-23,base1-15,42355,Holofoil,113.65,71.64,129.47,300.0,85.69
2025-08-23,base1-16,42356,Holofoil,37.63,16.23,33.29,72.94,16.0
2025-08-23,base1-2,42360,Holofoil,160.37,99.98,144.97,499.99,80.0
2025-08-23,base1-4,42382,Holofoil,461.52,310.0,521.3,1249.99,
2025-08-23,base1-58,42402,Normal,2.85,0.4,2.75,9999.0,1.13
2025-08-23,cel25c-4,250320,Holofoil,110.38,102.0,126.3,499.99,114.08
2025-08-23,gym2-2,83861,1st Edition Holofoil,650.0,499.97,499.98,1000.0,
2025-08-23,gym2-2,83861,Unlimited Holofoil,537.88,309.97,511.0,604.04,299.98
2025-08-23,neo1-9,86903,1st Edition Holofoil,1434.33,1798.78,1899.99,4752.45,4752.45
2025-08-23,neo1-9,86903,Unlimited Holofoil,447.38,275.0,359.99,699.95,
2025-08-23,sl-151-bundle,502000,Normal,78.74,74.0,90.0,999.99,
2025-08-23,sl-151-etb,503313,Normal,326.65,349.99,400.0,4999.99,
2025-08-23,sl-151-upc,502005,Normal,466.22,477.97,599.95,30000.0,
2025-08-23,sl-ar-box,265519,Normal,370.6,385.01,465.0,9999.99,
2025-08-23,sl-bs-box,256141,Normal,488.7,564.98,735.0,9999.99,
2025-08-23,sl-cel-upc,245140,Normal,795.99,795.0,1000.0,1200.0,
2025-08-23,sl-champ-etb,218791,Normal,130.27,120.0,154.99,299.99,
2025-08-23,sl-cz-etb,453470,Normal,183.25,177.49,200.0,4999.99,
2025-08-23,sl-dr-box,624679,Normal,316.61,312.52,350.0,99999.0,
2025-08-23,sl-evs-box,242436,Normal,2380.6,2499.0,3449.99,12000.0,
2025-08-23,sl-evs-etb,243721,Normal,637.22,799.99,1000.49,2999.99,
2025-08-23,sl-fs-box,247654,Normal,878.47,935.99,1097.5,9999.99,
2025-08-23,sl-hf-etb,194729,Normal,412.69,395.0,499.98,9999.98,
2025-08-23,sl-jp-151,565243,Normal,166.57,159.23,184.99,250.0,
2025-08-23,sl-jp-terastal,603428,Normal,94.12,87.99,100.0,200.0,
2025-08-23,sl-jt-box,610931,Normal,261.33,244.99,279.99,551.0,
2025-08-23,sl-lo-box,277324,Normal,721.9,825.0,999.95,9999.99,
2025-08-23,sl-me1-box,644298,Normal,269.93,269.94,284.97,299.99,
2025-08-23,sl-obf-box,501257,Normal,260.2,275.0,325.0,30000.0,
2025-08-23,sl-pe-etb,593355,Normal,99.18,88.9,120.0,100000.0,
2025-08-23,sl-pe-spc,622770,Normal,218.0,215.0,250.0,99999.0,
2025-08-23,sl-pf-etb,528040,Normal,221.31,224.99,261.46,775.0,
2025-08-23,sl-shf-etb,228821,Normal,87.17,86.0,100.0,499.99,
2025-08-23,sl-ss-box,565606,Normal,244.78,233.95,288.88,4999.99,
2025-08-23,sl-st-box,283389,Normal,415.53,435.01,500.0,9999.99,
2025-08-23,sl-tf-box,536225,Normal,234.02,225.0,262.5,420.0,
2025-08-23,sv2-185,497557,Normal,0.35,0.25,0.4,4321.0,
2025-08-23,sv2-185,497557,Reverse Holofoil,0.54,0.24,0.66,4321.0,
2025-08-23,sv2-254,497669,Holofoil,16.07,12.0,19.38,100.0,19.27
2025-08-23,sv2-269,497689,Holofoil,49.8,47.5,56.61,259.99,
2025-08-23,sv3pt5-151,516566,Holofoil,7.3,6.0,8.0,40.0,
2025-08-23,sv3pt5-199,517045,Holofoil,217.03,179.0,255.41,900.0,
2025-08-23,sv3pt5-205,517051,Holofoil,14.19,11.76,16.0,100.0,
2025-08-23,sv3pt5-4,502555,Normal,0.12,0.01,0.15,5.0,
2025-08-23,sv3pt5-4,502555,Reverse Holofoil,0.23,0.03,0.27,4321.0,
2025-08-23,sv3pt5-6,502558,Holofoil,4.19,2.91,4.62,50.0,
2025-08-23,sv3pt5-7,502548,Normal,0.12,0.01,0.15,4.95,
2025-08-23,sv3pt5-7,502548,Reverse Holofoil,0.22,0.04,0.25,4321.0,
2025-08-23,sv4pt5-234,535090,Holofoil,194.17,169.8,220.39,400.0,299.99
2025-08-23,sv4pt5-54,534416,Holofoil,3.32,2.25,3.31,34.99,6.24
2025-08-23,sv8-57,590025,Holofoil,5.24,4.0,6.5,50.0,
2025-08-23,sv8pt5-149,610504,Holofoil,207.39,188.99,220.12,800.0,
2025-08-23,sv8pt5-155,610510,Holofoil,206.14,199.99,232.89,599.95,
2025-08-23,sv8pt5-156,610511,Holofoil,291.45,290.73,365.72,800.0,
2025-08-23,sv8pt5-161,610516,Holofoil,845.18,719.99,959.99,1999.95,
2025-08-23,sv8pt5-167,610522,Holofoil,108.6,97.85,120.99,4321.0,
2025-08-23,sv8pt5-179,610534,Holofoil,37.43,33.98,49.97,270.0,
2025-08-23,sv8pt5-28,610383,Holofoil,1.3,0.5,1.35,9.95,
2025-08-23,sv8pt5-47,610402,Normal,0.04,0.01,0.1,4.95,0.03
2025-08-23,sv8pt5-47,610402,Reverse Holofoil,0.07,0.01,0.14,20.0,0.06
2025-08-23,sv8pt5-59,610414,Holofoil,0.29,0.01,0.3,100.0,
2025-08-23,sv8pt5-59,610414,Reverse Holofoil,0.43,0.07,0.44,25.0,
2025-08-23,sv8pt5-60,610415,Holofoil,4.41,2.99,5.5,40.0,
2025-08-23,svp-085,518861,Normal,455.15,400.1,500.99,1000.0,999.0
2025-08-23,swsh11-186,284137,Holofoil,546.73,423.98,642.48,1199.99,639.98
2025-08-23,swsh12-186,451834,Holofoil,334.92,307.7,439.65,740.65,419.69
2025-08-23,swsh12pt5gg-GG69,478100,Holofoil,173.42,154.87,200.0,1000.0,199.62
2025-08-23,swsh35-25,223018,Normal,0.12,0.03,0.2,4.95,
2025-08-23,swsh35-25,223018,Reverse Holofoil,0.21,0.07,0.25,4.95,
2025-08-23,swsh35-74,223073,Holofoil,154.15,140.0,191.19,1500.0,164.99
2025-08-23,swsh45sv-SV107,232496,Holofoil,96.54,93.0,108.5,349.95,99.99
2025-08-23,swsh7-204,246693,Holofoil,28.08,25.99,34.99,100.0,29.69
2025-08-23,swsh7-205,246696,Holofoil,356.9,309.95,399.99,849.99,315.66
2025-08-23,swsh7-208,246755,Holofoil,26.49,25.0,34.56,59.99,28.42
2025-08-23,swsh7-209,246756,Holofoil,265.64,250.0,292.27,599.99,270.99
2025-08-23,swsh7-211,246702,Holofoil,38.08,39.81,49.0,99.99,39.81
2025-08-23,swsh7-212,246704,Holofoil,279.33,256.4,349.99,1000.0,324.99
2025-08-23,swsh7-215,246723,Holofoil,1355.2,1099.99,1574.5,2999.99,1298.77
2025-08-23,swsh7-218,246733,Holofoil,664.56,550.0,752.6,1499.99,664.56
2025-08-23,swsh7-41,246753,Holofoil,5.56,3.69,5.99,89.0,5.06
2025-08-23,swsh7-65,246690,Holofoil,9.64,6.82,10.0,500.0,6.82
2025-08-23,swsh7-75,246701,Holofoil,9.73,8.0,11.1,50.0,9.47
2025-08-23,swsh7-8,246691,Holofoil,4.48,3.7,5.94,50.0,4.99
2025-08-23,swsh8-271,253266,Holofoil,630.81,540.75,800.0,1399.99,729.69
2025-08-23,swsh9-154,263873,Holofoil,231.3,171.98,269.99,1500.0,157.86
2025-08-24,base1-15,42355,Holofoil,113.65,70.76,129.47,300.0,107.42
2025-08-24,base1-16,42356,Holofoil,36.08,16.23,33.13,72.94,19.99
2025-08-24,base1-2,42360,Holofoil,158.97,99.98,145.46,499.99,80.0
2025-08-24,base1-4,42382,Holofoil,461.52,310.0,537.05,1249.99,
2025-08-24,base1-58,42402,Normal,2.83,0.4,2.75,9999.0,
2025-08-24,cel25c-4,250320,Holofoil,109.89,104.0,127.99,499.99,114.08
2025-08-24,gym2-2,83861,1st Edition Holofoil,650.0,975.99,988.0,1000.0,
2025-08-24,gym2-2,83861,Unlimited Holofoil,537.88,309.97,511.0,604.04,299.98
2025-08-24,neo1-9,86903,1st Edition Holofoil,1434.33,1798.78,1899.99,4752.45,4752.45
2025-08-24,neo1-9,86903,Unlimited Holofoil,447.38,275.0,359.99,699.95,
2025-08-24,sl-151-bundle,502000,Normal,78.32,74.99,90.0,999.99,
2025-08-24,sl-151-etb,503313,Normal,326.65,332.51,400.0,4999.99,
2025-08-24,sl-151-upc,502005,Normal,466.55,477.97,599.95,30000.0,
2025-08-24,sl-ar-box,265519,Normal,372.68,385.01,465.0,9999.99,
2025-08-24,sl-bs-box,256141,Normal,503.61,584.0,745.0,9999.99,
2025-08-24,sl-cel-upc,245140,Normal,795.99,850.0,1000.0,1200.0,
2025-08-24,sl-champ-etb,218791,Normal,129.98,120.0,154.99,299.99,
2025-08-24,sl-cz-etb,453470,Normal,183.75,177.99,200.0,4999.99,
2025-08-24,sl-dr-box,624679,Normal,318.08,312.52,359.95,99999.0,
2025-08-24,sl-evs-box,242436,Normal,2380.6,2430.0,3400.0,12000.0,
2025-08-24,sl-evs-etb,243721,Normal,637.22,799.99,999.99,2999.99,
2025-08-24,sl-fs-box,247654,Normal,884.71,975.0,1100.0,9999.99,
2025-08-24,sl-hf-etb,194729,Normal,412.69,395.0,499.98,9999.98,
2025-08-24,sl-jp-151,565243,Normal,166.73,159.23,184.99,250.0,
2025-08-24,sl-jp-terastal,603428,Normal,93.29,87.99,100.0,200.0,
2025-08-24,sl-jt-box,610931,Normal,261.21,249.98,279.99,551.0,
2025-08-24,sl-lo-box,277324,Normal,736.7,820.0,999.94,9999.99,
2025-08-24,sl-me1-box,644298,Normal,276.95,325.0,325.0,325.0,
2025-08-24,sl-obf-box,501257,Normal,262.93,284.95,325.0,30000.0,
2025-08-24,sl-pe-etb,593355,Normal,98.95,88.9,120.0,100000.0,
2025-08-24,sl-pe-spc,622770,Normal,217.14,215.0,250.0,99999.0,
2025-08-24,sl-pf-etb,528040,Normal,221.53,224.99,251.5,775.0,
2025-08-24,sl-shf-etb,228821,Normal,86.49,86.0,100.0,499.99,
2025-08-24,sl-ss-box,565606,Normal,247.31,234.0,289.44,4999.99,
2025-08-24,sl-st-box,283389,Normal,426.73,445.0,525.56,9999.99,
2025-08-24,sl-tf-box,536225,Normal,234.02,225.0,270.0,535.0,
2025-08-24,sv2-185,497557,Normal,0.34,0.25,0.4,50.0,
2025-08-24,sv2-185,497557,Reverse Holofoil,0.5,0.24,0.64,7.99,
2025-08-24,sv2-254,497669,Holofoil,16.29,12.0,19.27,100.0,13.2
2025-08-24,sv2-269,497689,Holofoil,50.1,47.5,56.62,259.99,
2025-08-24,sv3pt5-151,516566,Holofoil,7.73,5.22,8.0,40.0,
2025-08-24,sv3pt5-199,517045,Holofoil,214.57,179.0,255.41,900.0,
2025-08-24,sv3pt5-205,517051,Holofoil,14.82,11.76,16.0,100.0,
2025-08-24,sv3pt5-4,502555,Normal,0.13,0.01,0.15,5.0,
2025-08-24,sv3pt5-4,502555,Reverse Holofoil,0.23,0.04,0.26,5.0,
2025-08-24,sv3pt5-6,502558,Holofoil,3.75,3.0,4.75,50.0,
2025-08-24,sv3pt5-7,502548,Normal,0.13,0.01,0.15,4.95,
2025-08-24,sv3pt5-7,502548,Reverse Holofoil,0.24,0.05,0.25,5.0,
2025-08-24,sv4pt5-234,535090,Holofoil,194.57,170.31,220.39,549.99,299.99
2025-08-24,sv4pt5-54,534416,Holofoil,3.47,1.93,3.36,34.99,6.86
2025-08-24,sv8-57,590025,Holofoil,5.24,4.0,6.44,50.0,
2025-08-24,sv8pt5-149,610504,Holofoil,206.79,188.99,220.12,800.0,
2025-08-24,sv8pt5-155,610510,Holofoil,205.27,197.0,230.0,599.95,
2025-08-24,sv8pt5-156,610511,Holofoil,290.85,277.0,364.64,800.0,
2025-08-24,sv8pt5-161,610516,Holofoil,844.23,719.99,964.0,1999.95,
2025-08-24,sv8pt5-167,610522,Holofoil,108.6,97.85,119.95,360.68,
2025-08-24,sv8pt5-179,610534,Holofoil,37.82,33.98,49.17,270.0,
2025-08-24,sv8pt5-28,610383,Holofoil,1.17,0.5,1.4,9.95,
2025-08-24,sv8pt5-47,610402,Normal,0.04,0.01,0.1,4.95,0.03
2025-08-24,sv8pt5-47,610402,Reverse Holofoil,0.08,0.01,0.14,20.0,0.06
2025-08-24,sv8pt5-59,610414,Holofoil,0.24,0.01,0.3,100.0,
2025-08-24,sv8pt5-59,610414,Reverse Holofoil,0.45,0.07,0.45,25.0,
2025-08-24,sv8pt5-60,610415,Holofoil,4.21,3.5,5.5,40.0,
2025-08-24,svp-085,518861,Normal,455.15,400.1,500.99,1000.0,998.98
2025-08-24,swsh11-186,284137,Holofoil,546.73,423.99,642.48,1199.99,649.98
2025-08-24,swsh12-186,451834,Holofoil,337.42,307.7,439.65,740.65,419.69
2025-08-24,swsh12pt5gg-GG69,478100,Holofoil,171.87,154.87,200.41,1000.0,199.61
2025-08-24,swsh35-25,223018,Normal,0.12,0.03,0.2,4.95,
2025-08-24,swsh35-25,223018,Reverse Holofoil,0.21,0.07,0.25,4.95,
2025-08-24,swsh35-74,223073,Holofoil,154.15,140.0,191.81,1500.0,164.99
2025-08-24,swsh45sv-SV107,232496,Holofoil,96.54,93.0,109.97,349.95,99.99
2025-08-24,swsh7-204,246693,Holofoil,28.08,25.99,34.87,100.0,29.69
2025-08-24,swsh7-205,246696,Holofoil,356.9,309.95,399.99,849.99,320.3
2025-08-24,swsh7-208,246755,Holofoil,26.49,25.0,34.56,59.99,28.42
2025-08-24,swsh7-209,246756,Holofoil,265.64,250.0,291.25,599.99,270.99
2025-08-24,swsh7-211,246702,Holofoil,38.08,39.81,48.75,99.99,39.81
2025-08-24,swsh7-212,246704,Holofoil,279.33,256.4,349.99,1000.0,324.99
2025-08-24,swsh7-215,246723,Holofoil,1355.2,1099.99,1574.5,2999.99,1298.77
2025-08-24,swsh7-218,246733,Holofoil,664.56,550.0,759.34,1499.99,739.99
2025-08-24,swsh7-41,246753,Holofoil,5.46,3.71,5.99,89.0,5.15
2025-08-24,swsh7-65,246690,Holofoil,9.8,8.0,10.0,500.0,9.08
2025-08-24,swsh7-75,246701,Holofoil,9.91,7.0,11.1,50.0,9.47
2025-08-24,swsh7-8,246691,Holofoil,4.55,3.7,5.94,50.0,4.99
2025-08-24,swsh8-271,253266,Holofoil,630.81,540.75,799.84,1399.99,728.99
2025-08-24,swsh9-154,263873,Holofoil,231.3,171.99,254.99,1500.0,157.86
2025-08-25,base1-15,42355,Holofoil,113.65,71.64,129.47,300.0,107.42
2025-08-25,base1-16,42356,Holofoil,35.96,13.3,33.33,72.94,40.54
2025-08-25,base1-2,42360,Holofoil,158.97,99.59,144.97,499.99,80.0
2025-08-25,base1-4,42382,Holofoil,461.52,310.0,521.3,1249.99,
2025-08-25,base1-58,42402,Normal,2.96,0.4,2.74,9999.0,
2025-08-25,cel25c-4,250320,Holofoil,110.12,90.42,126.03,499.99,114.08
2025-08-25,gym2-2,83861,1st Edition Holofoil,650.0,975.99,988.0,1000.0,
2025-08-25,gym2-2,83861,Unlimited Holofoil,537.88,309.97,511.08,604.04,299.98
2025-08-25,neo1-9,86903,1st Edition Holofoil,1434.33,1798.78,1899.99,4752.45,4752.45
2025-08-25,neo1-9,86903,Unlimited Holofoil,447.38,275.0,359.5,699.95,
2025-08-25,sl-151-bundle,502000,Normal,80.74,70.0,99.95,999.99,
2025-08-25,sl-151-etb,503313,Normal,327.72,332.51,400.0,4999.99,
2025-08-25,sl-151-upc,502005,Normal,481.92,490.0,599.99,30000.0,
2025-08-25,sl-ar-box,265519,Normal,372.68,385.01,465.0,9999.99,
2025-08-25,sl-bs-box,256141,Normal,503.61,584.0,745.0,9999.99,
2025-08-25,sl-cel-upc,245140,Normal,798.99,870.0,1000.0,1788.75,
2025-08-25,sl-champ-etb,218791,Normal,130.78,120.0,154.99,299.99,
2025-08-25,sl-cz-etb,453470,Normal,184.55,177.99,200.0,4999.99,
2025-08-25,sl-dr-box,624679,Normal,324.9,321.01,373.4,99999.0,
2025-08-25,sl-evs-box,242436,Normal,2380.6,2430.0,3180.1,12000.0,
2025-08-25,sl-evs-etb,243721,Normal,637.22,799.99,999.99,2999.99,
2025-08-25,sl-fs-box,247654,Normal,884.71,984.95,1195.0,9999.99,
2025-08-25,sl-hf-etb,194729,Normal,412.49,400.45,499.99,9999.98,
2025-08-25,sl-jp-151,565243,Normal,167.28,159.23,182.49,250.0,
2025-08-25,sl-jp-terastal,603428,Normal,93.22,87.99,105.0,200.0,
2025-08-25,sl-jt-box,610931,Normal,259.05,249.99,282.5,551.0,
2025-08-25,sl-lo-box,277324,Normal,759.06,820.0,999.99,9999.99,
2025-08-25,sl-me1-box,644298,Normal,286.15,324.88,324.89,324.89,
2025-08-25,sl-obf-box,501257,Normal,266.64,284.95,325.0,30000.0,
2025-08-25,sl-pe-etb,593355,Normal,97.62,88.9,120.0,100000.0,
2025-08-25,sl-pe-spc,622770,Normal,218.83,222.49,250.0,99999.0,
2025-08-25,sl-pf-etb,528040,Normal,222.23,224.99,251.5,775.0,
2025-08-25,sl-shf-etb,228821,Normal,90.96,86.0,100.72,499.99,
2025-08-25,sl-ss-box,565606,Normal,243.61,234.69,289.99,4999.99,
2025-08-25,sl-st-box,283389,Normal,430.97,441.99,500.0,9999.99,
2025-08-25,sl-tf-box,536225,Normal,235.03,229.99,274.99,420.0,
2025-08-25,sv2-185,497557,Normal,0.35,0.25,0.4,50.0,
2025-08-25,sv2-185,497557,Reverse Holofoil,0.49,0.25,0.63,7.99,
2025-08-25,sv2-254,497669,Holofoil,16.26,12.0,19.38,100.0,19.74
2025-08-25,sv2-269,497689,Holofoil,50.21,47.5,56.75,259.99,
2025-08-25,sv3pt5-151,516566,Holofoil,7.56,6.5,8.0,40.0,
2025-08-25,sv3pt5-199,517045,Holofoil,213.78,179.0,253.06,900.0,
2025-08-25,sv3pt5-205,517051,Holofoil,15.07,11.76,16.35,100.0,
2025-08-25,sv3pt5-4,502555,Normal,0.12,0.01,0.15,5.0,
2025-08-25,sv3pt5-4,502555,Reverse Holofoil,0.19,0.04,0.26,5.0,
2025-08-25,sv3pt5-6,502558,Holofoil,3.96,3.0,4.75,50.0,
2025-08-25,sv3pt5-7,502548,Normal,0.19,0.01,0.17,4.95,
2025-08-25,sv3pt5-7,502548,Reverse Holofoil,0.26,0.05,0.25,5.0,
2025-08-25,sv4pt5-234,535090,Holofoil,197.33,170.31,222.74,549.99,
2025-08-25,sv4pt5-54,534416,Holofoil,3.34,1.5,3.4,34.99,4.02
2025-08-25,sv8-57,590025,Holofoil,5.47,4.0,6.44,50.0,
2025-08-25,sv8pt5-149,610504,Holofoil,206.52,188.99,217.14,800.0,
2025-08-25,sv8pt5-155,610510,Holofoil,205.27,198.0,225.0,599.95,
2025-08-25,sv8pt5-156,610511,Holofoil,290.85,277.0,362.16,800.0,
2025-08-25,sv8pt5-161,610516,Holofoil,844.23,760.0,964.0,1999.95,
2025-08-25,sv8pt5-167,610522,Holofoil,108.06,102.7,119.89,360.68,
2025-08-25,sv8pt5-179,610534,Holofoil,38.77,33.98,53.0,270.0,
2025-08-25,sv8pt5-28,610383,Holofoil,1.07,0.5,1.38,9.95,
2025-08-25,sv8pt5-47,610402,Normal,0.05,0.01,0.1,4.95,0.03
2025-08-25,sv8pt5-47,610402,Reverse Holofoil,0.08,0.01,0.14,20.0,0.06
2025-08-25,sv8pt5-59,610414,Holofoil,0.25,0.01,0.3,100.0,
2025-08-25,sv8pt5-59,610414,Reverse Holofoil,0.44,0.07,0.45,25.0,
2025-08-25,sv8pt5-60,610415,Holofoil,4.23,3.91,5.5,40.0,
2025-08-25,svp-085,518861,Normal,461.36,400.1,518.0,1000.0,998.9
2025-08-25,swsh11-186,284137,Holofoil,550.88,423.99,647.47,1199.99,649.98
2025-08-25,swsh12-186,451834,Holofoil,337.42,307.7,428.15,740.65,419.69
2025-08-25,swsh12pt5gg-GG69,478100,Holofoil,170.48,154.87,207.4,1000.0,199.61
2025-08-25,swsh35-25,223018,Normal,0.11,0.03,0.2,4.95,
2025-08-25,swsh35-25,223018,Reverse Holofoil,0.21,0.07,0.25,4.95,
2025-08-25,swsh35-74,223073,Holofoil,155.03,140.0,199.69,1500.0,164.99
2025-08-25,swsh45sv-SV107,232496,Holofoil,96.54,92.49,110.0,349.95,99.99
2025-08-25,swsh7-204,246693,Holofoil,28.15,25.99,34.99,100.0,29.69
2025-08-25,swsh7-205,246696,Holofoil,356.9,309.95,399.99,849.99,320.3
2025-08-25,swsh7-208,246755,Holofoil,26.73,25.0,33.52,59.99,28.42
2025-08-25,swsh7-209,246756,Holofoil,265.64,250.0,290.37,599.99,270.99
2025-08-25,swsh7-211,246702,Holofoil,38.42,40.93,49.0,99.99,42.99
2025-08-25,swsh7-212,246704,Holofoil,287.97,256.4,349.99,1000.0,304.38
2025-08-25,swsh7-215,246723,Holofoil,1355.2,1099.99,1574.5,2999.99,1298.77
2025-08-25,swsh7-218,246733,Holofoil,664.56,550.0,750.1,1499.99,739.99
2025-08-25,swsh7-41,246753,Holofoil,5.2,4.0,5.99,89.0,5.99
2025-08-25,swsh7-65,246690,Holofoil,9.68,8.0,10.0,500.0,10.99
2025-08-25,swsh7-75,246701,Holofoil,10.17,7.0,11.85,50.0,9.57
2025-08-25,swsh7-8,246691,Holofoil,4.74,3.7,5.99,50.0,5.06
2025-08-25,swsh8-271,253266,Holofoil,630.81,540.75,787.84,1399.99,728.99
2025-08-25,swsh9-154,263873,Holofoil,232.62,171.99,269.99,1500.0,157.86
2025-08-26,base1-15,42355,Holofoil,113.65,71.64,127.65,300.0,107.42
2025-08-26,base1-16,42356,Holofoil,35.52,16.23,33.5,72.94,40.42
2025-08-26,base1-2,42360,Holofoil,158.97,99.59,142.97,499.99,80.0
2025-08-26,base1-4,42382,Holofoil,461.52,310.0,521.3,1249.99,
2025-08-26,base1-58,42402,Normal,2.96,0.4,2.73,9999.0,
2025-08-26,cel25c-4,250320,Holofoil,111.08,90.42,129.99,499.99,114.08
2025-08-26,gym2-2,83861,1st Edition Holofoil,650.0,1000.0,1019.99,1039.98,
2025-08-26,gym2-2,83861,Unlimited Holofoil,537.88,309.97,511.0,604.04,299.98
2025-08-26,neo1-9,86903,1st Edition Holofoil,1434.33,1798.78,1899.99,4752.45,4752.45
2025-08-26,neo1-9,86903,Unlimited Holofoil,447.38,275.0,359.5,699.95,
2025-08-26,sl-151-bundle,502000,Normal,78.64,75.0,99.99,999.99,
2025-08-26,sl-151-etb,503313,Normal,329.02,343.99,400.0,4999.99,
2025-08-26,sl-151-upc,502005,Normal,483.92,490.0,600.0,30000.0,
2025-08-26,sl-ar-box,265519,Normal,372.68,374.98,457.48,9999.99,
2025-08-26,sl-bs-box,256141,Normal,507.21,570.0,729.69,9999.99,
2025-08-26,sl-cel-upc,245140,Normal,799.03,885.0,1000.0,2683.13,
2025-08-26,sl-champ-etb,218791,Normal,130.73,120.0,154.99,299.99,
2025-08-26,sl-cz-etb,453470,Normal,184.49,177.99,200.0,4999.99,
2025-08-26,sl-dr-box,624679,Normal,326.23,321.0,385.0,99999.0,
2025-08-26,sl-evs-box,242436,Normal,2403.8,2495.0,3400.0,12000.0,
2025-08-26,sl-evs-etb,243721,Normal,637.22,799.99,999.99,2999.99,
2025-08-26,sl-fs-box,247654,Normal,890.7,984.95,1195.0,9999.99,
2025-08-26,sl-hf-etb,194729,Normal,412.7,409.99,499.99,9999.98,
2025-08-26,sl-jp-151,565243,Normal,169.12,159.23,187.48,250.0,
2025-08-26,sl-jp-terastal,603428,Normal,93.45,87.99,100.0,200.0,
2025-08-26,sl-jt-box,610931,Normal,259.05,235.0,279.99,551.0,
2025-08-26,sl-lo-box,277324,Normal,759.06,820.0,999.94,9999.99,
2025-08-26,sl-me1-box,644298,Normal,292.6,292.59,292.6,308.42,
2025-08-26,sl-obf-box,501257,Normal,266.64,284.95,319.0,30000.0,
2025-08-26,sl-pe-etb,593355,Normal,97.99,88.9,120.0,100000.0,
2025-08-26,sl-pe-spc,622770,Normal,219.85,219.87,250.0,99999.0,
2025-08-26,sl-pf-etb,528040,Normal,222.55,224.99,251.5,775.0,
2025-08-26,sl-shf-etb,228821,Normal,90.96,86.0,100.72,499.99,
2025-08-26,sl-ss-box,565606,Normal,242.09,230.0,289.99,4999.99,
2025-08-26,sl-st-box,283389,Normal,435.03,445.0,525.0,9999.99,
2025-08-26,sl-tf-box,536225,Normal,235.83,229.99,270.0,420.0,
2025-08-26,sv2-185,497557,Normal,0.4,0.25,0.41,50.0,
2025-08-26,sv2-185,497557,Reverse Holofoil,0.5,0.25,0.63,7.99,
2025-08-26,sv2-254,497669,Holofoil,16.57,12.0,19.44,100.0,19.74
2025-08-26,sv2-269,497689,Holofoil,49.86,47.5,56.26,259.99,
2025-08-26,sv3pt5-151,516566,Holofoil,7.35,6.5,8.0,40.0,
2025-08-26,sv3pt5-199,517045,Holofoil,220.78,187.18,260.37,900.0,
2025-08-26,sv3pt5-205,517051,Holofoil,14.82,11.99,16.36,100.0,
2025-08-26,sv3pt5-4,502555,Normal,0.13,0.01,0.15,5.0,
2025-08-26,sv3pt5-4,502555,Reverse Holofoil,0.18,0.04,0.26,5.0,
2025-08-26,sv3pt5-6,502558,Holofoil,3.91,3.0,4.71,50.0,
2025-08-26,sv3pt5-7,502548,Normal,0.17,0.01,0.17,4.95,
2025-08-26,sv3pt5-7,502548,Reverse Holofoil,0.26,0.03,0.25,5.0,
2025-08-26,sv4pt5-234,535090,Holofoil,198.79,170.31,238.58,549.99,
2025-08-26,sv4pt5-54,534416,Holofoil,3.11,1.99,3.3,34.99,3.11
2025-08-26,sv8-57,590025,Holofoil,5.4,4.0,6.38,50.0,
2025-08-26,sv8pt5-149,610504,Holofoil,206.52,188.99,214.48,800.0,
2025-08-26,sv8pt5-155,610510,Holofoil,205.27,193.01,222.5,599.95,
2025-08-26,sv8pt5-156,610511,Holofoil,290.46,290.73,362.16,800.0,
2025-08-26,sv8pt5-161,610516,Holofoil,843.15,760.0,973.15,1999.95,
2025-08-26,sv8pt5-167,610522,Holofoil,108.06,104.0,119.97,360.68,
2025-08-26,sv8pt5-179,610534,Holofoil,38.44,38.49,53.0,270.0,
2025-08-26,sv8pt5-28,610383,Holofoil,1.09,0.5,1.35,9.95,
2025-08-26,sv8pt5-47,610402,Normal,0.05,0.01,0.1,4.95,0.03
2025-08-26,sv8pt5-47,610402,Reverse Holofoil,0.07,0.01,0.14,20.0,0.06
2025-08-26,sv8pt5-59,610414,Holofoil,0.26,0.01,0.3,100.0,
2025-08-26,sv8pt5-59,610414,Reverse Holofoil,0.45,0.07,0.45,25.0,
2025-08-26,sv8pt5-60,610415,Holofoil,4.22,3.79,5.5,40.0,
2025-08-26,svp-085,518861,Normal,461.16,400.1,518.0,1000.0,998.86
2025-08-26,swsh11-186,284137,Holofoil,556.84,423.99,647.47,1199.99,649.94
2025-08-26,swsh12-186,451834,Holofoil,337.07,252.3,429.29,740.65,252.3
2025-08-26,swsh12pt5gg-GG69,478100,Holofoil,170.76,154.99,208.84,1000.0,199.61
2025-08-26,swsh35-25,223018,Normal,0.11,0.03,0.2,4.95,
2025-08-26,swsh35-25,223018,Reverse Holofoil,0.21,0.07,0.25,4.95,
2025-08-26,swsh35-74,223073,Holofoil,155.03,140.0,199.69,1500.0,164.99
2025-08-26,swsh45sv-SV107,232496,Holofoil,98.29,89.0,110.0,349.95,99.99
2025-08-26,swsh7-204,246693,Holofoil,28.3,25.99,34.99,100.0,29.69
2025-08-26,swsh7-205,246696,Holofoil,357.56,309.95,399.99,849.99,320.3
2025-08-26,swsh7-208,246755,Holofoil,26.73,25.0,34.08,59.99,28.42
2025-08-26,swsh7-209,246756,Holofoil,265.04,250.0,290.37,599.99,270.99
2025-08-26,swsh7-211,246702,Holofoil,39.8,38.08,50.53,99.99,48.49
2025-08-26,swsh7-212,246704,Holofoil,287.57,256.4,347.13,1000.0,303.95
2025-08-26,swsh7-215,246723,Holofoil,1355.2,1099.99,1599.5,2999.99,1298.77
2025-08-26,swsh7-218,246733,Holofoil,664.56,550.0,759.34,1499.99,739.99
2025-08-26,swsh7-41,246753,Holofoil,5.07,4.0,5.99,19.99,5.99
2025-08-26,swsh7-65,246690,Holofoil,9.72,8.0,10.34,500.0,10.99
2025-08-26,swsh7-75,246701,Holofoil,10.2,7.0,11.35,50.0,10.71
2025-08-26,swsh7-8,246691,Holofoil,4.73,3.73,5.99,50.0,4.49
2025-08-26,swsh8-271,253266,Holofoil,630.81,540.75,775.99,1399.99,728.99
2025-08-26,swsh9-154,263873,Holofoil,232.62,171.99,269.99,1500.0,157.86
2025-08-27,base1-15,42355,Holofoil,113.65,71.64,129.47,300.0,107.42
2025-08-27,base1-16,42356,Holofoil,35.52,16.23,33.5,72.94,39.9
2025-08-27,base1-2,42360,Holofoil,158.78,99.0,134.99,499.99,80.0
2025-08-27,base1-4,42382,Holofoil,461.52,310.0,521.3,1249.99,
2025-08-27,base1-58,42402,Normal,2.77,0.25,2.71,9999.0,
2025-08-27,cel25c-4,250320,Holofoil,111.04,90.42,140.93,499.99,114.08
2025-08-27,gym2-2,83861,1st Edition Holofoil,650.0,1000.0,1019.99,1039.98,
2025-08-27,gym2-2,83861,Unlimited Holofoil,537.88,309.97,510.6,604.04,299.98
2025-08-27,neo1-9,86903,1st Edition Holofoil,1434.33,1798.78,1899.99,4752.45,4752.45
2025-08-27,neo1-9,86903,Unlimited Holofoil,447.38,275.0,359.5,699.95,
2025-08-27,sl-151-bundle,502000,Normal,81.9,75.0,99.99,999.99,
2025-08-27,sl-151-etb,503313,Normal,329.02,340.0,400.0,4999.99,
2025-08-27,sl-151-upc,502005,Normal,496.45,547.97,700.0,30000.0,
2025-08-27,sl-ar-box,265519,Normal,374.28,369.99,457.48,9999.99,
2025-08-27,sl-bs-box,256141,Normal,511.61,595.95,729.69,9999.99,
2025-08-27,sl-cel-upc,245140,Normal,802.44,899.99,1025.0,4024.69,
2025-08-27,sl-champ-etb,218791,Normal,130.73,120.0,154.99,299.99,
2025-08-27,sl-cz-etb,453470,Normal,184.49,177.99,200.0,4999.99,
2025-08-27,sl-dr-box,624679,Normal,330.25,313.34,361.49,99999.0,
2025-08-27,sl-evs-box,242436,Normal,2420.16,2495.0,3400.0,12000.0,
2025-08-27,sl-evs-etb,243721,Normal,637.22,799.99,999.99,2999.99,
2025-08-27,sl-fs-box,247654,Normal,890.7,984.95,1100.0,9999.99,
2025-08-27,sl-hf-etb,194729,Normal,412.49,405.0,499.99,9999.98,
2025-08-27,sl-jp-151,565243,Normal,169.38,159.23,189.99,250.0,
2025-08-27,sl-jp-terastal,603428,Normal,93.3,89.51,110.0,200.0,
2025-08-27,sl-jt-box,610931,Normal,256.07,235.0,260.0,551.0,
2025-08-27,sl-lo-box,277324,Normal,766.66,820.0,997.95,9999.99,
2025-08-27,sl-me1-box,644298,Normal,298.63,299.99,304.21,308.42,
2025-08-27,sl-obf-box,501257,Normal,272.8,280.0,325.0,30000.0,
2025-08-27,sl-pe-etb,593355,Normal,99.79,88.9,120.0,100000.0,
2025-08-27,sl-pe-spc,622770,Normal,224.89,219.99,258.4,99999.0,
2025-08-27,sl-pf-etb,528040,Normal,224.58,230.0,249.97,775.0,
2025-08-27,sl-shf-etb,228821,Normal,92.04,86.0,100.72,499.99,
2025-08-27,sl-ss-box,565606,Normal,240.28,239.25,288.44,4999.99,
2025-08-27,sl-st-box,283389,Normal,438.91,445.0,500.0,9999.99,
2025-08-27,sl-tf-box,536225,Normal,235.83,229.99,274.99,420.0,
2025-08-27,sv2-185,497557,Normal,0.32,0.1,0.4,50.0,
2025-08-27,sv2-185,497557,Reverse Holofoil,0.49,0.15,0.63,7.99,
2025-08-27,sv2-254,497669,Holofoil,16.76,11.5,19.76,100.0,19.99
2025-08-27,sv2-269,497689,Holofoil,49.47,47.0,57.99,259.99,
2025-08-27,sv3pt5-151,516566,Holofoil,7.52,2.99,8.0,40.0,
2025-08-27,sv3pt5-199,517045,Holofoil,234.4,180.0,277.6,900.0,
2025-08-27,sv3pt5-205,517051,Holofoil,14.87,11.99,16.49,100.0,
2025-08-27,sv3pt5-4,502555,Normal,0.13,0.01,0.15,5.0,
2025-08-27,sv3pt5-4,502555,Reverse Holofoil,0.18,0.04,0.25,5.0,
2025-08-27,sv3pt5-6,502558,Holofoil,4.17,3.0,4.7,50.0,
2025-08-27,sv3pt5-7,502548,Normal,0.15,0.01,0.17,4.95,
2025-08-27,sv3pt5-7,502548,Reverse Holofoil,0.23,0.03,0.25,5.0,
2025-08-27,sv4pt5-234,535090,Holofoil,203.97,185.0,246.08,549.99,
2025-08-27,sv4pt5-54,534416,Holofoil,3.84,2.21,3.31,34.99,3.09
2025-08-27,sv8-57,590025,Holofoil,4.9,4.0,6.17,50.0,
2025-08-27,sv8pt5-149,610504,Holofoil,205.43,184.99,214.0,800.0,
2025-08-27,sv8pt5-155,610510,Holofoil,204.23,193.45,222.37,599.95,
2025-08-27,sv8pt5-156,610511,Holofoil,290.46,290.0,362.16,800.0,
2025-08-27,sv8pt5-161,610516,Holofoil,843.83,780.0,980.0,1999.95,
2025-08-27,sv8pt5-167,610522,Holofoil,107.78,102.5,119.89,360.68,
2025-08-27,sv8pt5-179,610534,Holofoil,38.94,38.97,54.47,270.0,
2025-08-27,sv8pt5-28,610383,Holofoil,1.19,0.5,1.37,9.95,
2025-08-27,sv8pt5-47,610402,Normal,0.05,0.01,0.1,4.95,0.03
2025-08-27,sv8pt5-47,610402,Reverse Holofoil,0.07,0.01,0.14,20.0,0.06
2025-08-27,sv8pt5-59,610414,Holofoil,0.38,0.01,0.31,100.0,
2025-08-27,sv8pt5-59,610414,Reverse Holofoil,0.47,0.07,0.46,25.0,
2025-08-27,sv8pt5-60,610415,Holofoil,4.55,3.91,5.5,40.0,
2025-08-27,svp-085,518861,Normal,459.25,450.0,549.99,1000.0,998.86
2025-08-27,swsh11-186,284137,Holofoil,559.13,423.99,649.94,1199.99,649.94
2025-08-27,swsh12-186,451834,Holofoil,337.91,353.32,450.0,740.65,386.99
2025-08-27,swsh12pt5gg-GG69,478100,Holofoil,171.3,159.99,209.0,1000.0,199.59
2025-08-27,swsh35-25,223018,Normal,0.11,0.03,0.2,4.95,
2025-08-27,swsh35-25,223018,Reverse Holofoil,0.21,0.07,0.25,4.95,
2025-08-27,swsh35-74,223073,Holofoil,155.03,140.0,199.69,1500.0,164.99
2025-08-27,swsh45sv-SV107,232496,Holofoil,98.9,85.0,110.0,349.95,99.99
2025-08-27,swsh7-204,246693,Holofoil,28.46,25.99,35.0,100.0,44.69
2025-08-27,swsh7-205,246696,Holofoil,360.56,309.95,399.99,849.99,320.3
2025-08-27,swsh7-208,246755,Holofoil,26.97,25.0,34.7,59.99,28.42
2025-08-27,swsh7-209,246756,Holofoil,265.04,250.0,290.11,599.99,270.99
2025-08-27,swsh7-211,246702,Holofoil,39.8,38.68,49.3,99.99,48.49
2025-08-27,swsh7-212,246704,Holofoil,287.57,256.4,347.0,1000.0,303.95
2025-08-27,swsh7-215,246723,Holofoil,1355.2,1099.99,1599.5,2999.99,1298.77
2025-08-27,swsh7-218,246733,Holofoil,664.56,550.0,768.48,1499.99,739.99
2025-08-27,swsh7-41,246753,Holofoil,5.07,4.0,5.99,19.99,5.99
2025-08-27,swsh7-65,246690,Holofoil,9.83,8.0,10.44,500.0,11.97
2025-08-27,swsh7-75,246701,Holofoil,10.4,7.0,11.32,50.0,10.71
2025-08-27,swsh7-8,246691,Holofoil,4.7,3.73,5.99,50.0,4.49
2025-08-27,swsh8-271,253266,Holofoil,630.81,540.75,793.45,1399.99,729.68
2025-08-27,swsh9-154,263873,Holofoil,232.62,171.99,269.99,1500.0,157.21
2025-08-28,base1-15,42355,Holofoil,113.65,71.64,129.47,300.0,
2025-08-28,base1-16,42356,Holofoil,35.64,16.23,33.79,72.94,39.9
2025-08-28,base1-2,42360,Holofoil,158.78,99.0,129.99,499.99,
2025-08-28,base1-4,42382,Holofoil,461.52,310.0,518.3,1249.99,
2025-08-28,base1-58,42402,Normal,2.7,0.4,2.7,9999.0,
2025-08-28,cel25c-4,250320,Holofoil,116.55,90.42,149.97,499.99,114.08
2025-08-28,gym2-2,83861,1st Edition Holofoil,650.0,1000.0,1019.99,1039.98,
2025-08-28,gym2-2,83861,Unlimited Holofoil,537.88,309.97,510.46,604.04,299.98
2025-08-28,neo1-9,86903,1st Edition Holofoil,1434.33,1798.78,1899.99,4752.45,4752.45
2025-08-28,neo1-9,86903,Unlimited Holofoil,447.38,275.0,349.49,474.99,
2025-08-28,sl-151-bundle,502000,Normal,83.9,79.99,98.97,999.99,
2025-08-28,sl-151-etb,503313,Normal,339.23,339.23,400.0,4999.99,
2025-08-28,sl-151-upc,502005,Normal,509.26,547.0,774.97,30000.0,
2025-08-28,sl-ar-box,265519,Normal,375.61,399.0,478.0,9999.99,
2025-08-28,sl-bs-box,256141,Normal,511.61,594.99,727.35,9999.99,
2025-08-28,sl-cel-upc,245140,Normal,806.43,899.99,1025.0,4024.69,
2025-08-28,sl-champ-etb,218791,Normal,130.73,120.0,155.98,299.99,
2025-08-28,sl-cz-etb,453470,Normal,184.29,177.99,200.0,4999.99,
2025-08-28,sl-dr-box,624679,Normal,328.37,315.0,354.99,99999.0,
2025-08-28,sl-evs-box,242436,Normal,2423.16,2495.0,3400.0,12000.0,
2025-08-28,sl-evs-etb,243721,Normal,637.22,799.99,989.99,2999.99,
2025-08-28,sl-fs-box,247654,Normal,890.7,984.95,1100.0,9999.99,
2025-08-28,sl-hf-etb,194729,Normal,413.09,405.0,499.99,9999.98,
2025-08-28,sl-jp-151,565243,Normal,169.8,159.23,189.98,250.0,
2025-08-28,sl-jp-terastal,603428,Normal,93.17,89.51,112.66,200.0,
2025-08-28,sl-jt-box,610931,Normal,253.89,235.0,260.0,551.0,
2025-08-28,sl-lo-box,277324,Normal,791.18,840.0,999.97,9999.99,
2025-08-28,sl-obf-box,501257,Normal,284.56,290.0,345.5,30000.0,
2025-08-28,sl-pe-etb,593355,Normal,96.58,90.0,121.49,100000.0,
2025-08-28,sl-pe-spc,622770,Normal,224.13,219.99,266.43,99999.0,
2025-08-28,sl-pf-etb,528040,Normal,225.78,230.0,269.93,775.0,
2025-08-28,sl-shf-etb,228821,Normal,92.43,86.0,100.0,499.99,
2025-08-28,sl-ss-box,565606,Normal,236.04,240.0,289.99,4999.99,
2025-08-28,sl-st-box,283389,Normal,438.91,445.0,500.0,9999.99,
2025-08-28,sl-tf-box,536225,Normal,238.98,239.99,287.99,420.0,
2025-08-28,sv2-185,497557,Normal,0.34,0.15,0.4,50.0,
2025-08-28,sv2-185,497557,Reverse Holofoil,0.48,0.15,0.62,7.99,
2025-08-28,sv2-254,497669,Holofoil,16.67,12.99,19.14,100.0,19.98
2025-08-28,sv2-269,497689,Holofoil,49.35,48.41,56.57,259.99,
2025-08-28,sv3pt5-151,516566,Holofoil,7.27,5.0,8.0,40.0,5.49
2025-08-28,sv3pt5-199,517045,Holofoil,241.55,180.0,278.69,900.0,
2025-08-28,sv3pt5-205,517051,Holofoil,14.83,11.99,16.63,100.0,15.54
2025-08-28,sv3pt5-4,502555,Normal,0.11,0.01,0.15,5.0,0.1
2025-08-28,sv3pt5-4,502555,Reverse Holofoil,0.18,0.03,0.25,5.0,0.14
2025-08-28,sv3pt5-6,502558,Holofoil,4.11,3.0,4.77,50.0,3.61
2025-08-28,sv3pt5-7,502548,Normal,0.14,0.01,0.16,1.74,0.08
2025-08-28,sv3pt5-7,502548,Reverse Holofoil,0.2,0.03,0.25,5.0,0.1
2025-08-28,sv4pt5-234,535090,Holofoil,208.62,185.0,248.57,549.99,
2025-08-28,sv4pt5-54,534416,Holofoil,3.23,2.0,3.5,34.99,5.7
2025-08-28,sv8-57,590025,Holofoil,4.98,4.0,6.22,50.0,5.52
2025-08-28,sv8pt5-149,610504,Holofoil,204.67,188.99,214.0,800.0,
2025-08-28,sv8pt5-155,610510,Holofoil,204.23,192.49,219.55,419.98,
2025-08-28,sv8pt5-156,610511,Holofoil,290.46,290.0,358.49,800.0,
2025-08-28,sv8pt5-161,610516,Holofoil,843.83,780.0,978.0,1500.0,
2025-08-28,sv8pt5-167,610522,Holofoil,110.62,97.99,119.65,360.68,
2025-08-28,sv8pt5-179,610534,Holofoil,39.0,34.29,50.94,270.0,
2025-08-28,sv8pt5-28,610383,Holofoil,1.31,0.5,1.41,9.95,
2025-08-28,sv8pt5-47,610402,Normal,0.05,0.01,0.1,2.0,0.03
2025-08-28,sv8pt5-47,610402,Reverse Holofoil,0.07,0.01,0.14,20.0,0.06
2025-08-28,sv8pt5-59,610414,Holofoil,0.38,0.01,0.32,100.0,
2025-08-28,sv8pt5-59,610414,Reverse Holofoil,0.43,0.07,0.45,25.0,
2025-08-28,sv8pt5-60,610415,Holofoil,4.59,3.91,5.5,40.0,4.7
2025-08-28,svp-085,518861,Normal,459.25,440.0,518.0,2500.0,998.86
2025-08-28,swsh11-186,284137,Holofoil,561.13,423.99,644.49,1000.0,649.94
2025-08-28,swsh12-186,451834,Holofoil,337.91,345.99,428.15,740.65,386.99
2025-08-28,swsh12pt5gg-GG69,478100,Holofoil,171.54,162.5,209.0,1000.0,199.59
2025-08-28,swsh35-25,223018,Normal,0.11,0.03,0.2,1.69,
2025-08-28,swsh35-25,223018,Reverse Holofoil,0.21,0.07,0.25,2.0,
2025-08-28,swsh35-74,223073,Holofoil,155.03,147.3,199.64,1500.0,164.99
2025-08-28,swsh45sv-SV107,232496,Holofoil,98.41,93.0,110.46,349.95,99.99
2025-08-28,swsh7-204,246693,Holofoil,28.97,25.99,35.01,100.0,44.69
2025-08-28,swsh7-205,246696,Holofoil,359.06,308.64,399.98,700.0,320.3
2025-08-28,swsh7-208,246755,Holofoil,26.97,25.0,34.7,49.3,28.42
2025-08-28,swsh7-209,246756,Holofoil,265.04,255.0,290.22,524.99,270.99
2025-08-28,swsh7-211,246702,Holofoil,40.1,38.68,52.14,99.99,48.49
2025-08-28,swsh7-212,246704,Holofoil,287.57,256.4,344.0,1000.0,303.95
2025-08-28,swsh7-215,246723,Holofoil,1372.21,1099.99,1550.0,2198.0,1599.99
2025-08-28,swsh7-218,246733,Holofoil,664.56,550.0,750.2,999.97,739.99
2025-08-28,swsh7-41,246753,Holofoil,5.24,4.0,5.99,19.99,5.99
2025-08-28,swsh7-65,246690,Holofoil,10.02,8.0,10.52,500.0,11.97
2025-08-28,swsh7-75,246701,Holofoil,10.95,7.0,11.53,50.0,11.99
2025-08-28,swsh7-8,246691,Holofoil,4.81,3.73,5.99,50.0,4.49
2025-08-28,swsh8-271,253266,Holofoil,624.01,540.75,749.99,1249.95,649.83
2025-08-28,swsh9-154,263873,Holofoil,232.62,171.99,252.97,1500.0,157.86
2025-08-29,base1-15,42355,Holofoil,113.65,71.64,121.13,300.0,
2025-08-29,base1-16,42356,Holofoil,36.06,16.23,34.77,72.94,39.9
2025-08-29,base1-2,42360,Holofoil,158.78,99.0,129.99,499.99,
2025-08-29,base1-4,42382,Holofoil,461.52,280.0,542.68,1000.0,
2025-08-29,base1-58,42402,Normal,2.69,0.4,2.69,9999.0,
2025-08-29,cel25c-4,250320,Holofoil,116.17,90.42,149.99,499.99,114.08
2025-08-29,gym2-2,83861,1st Edition Holofoil,650.0,499.97,1000.0,1001.0,
2025-08-29,gym2-2,83861,Unlimited Holofoil,537.88,309.97,504.95,604.04,299.98
2025-08-29,neo1-9,86903,1st Edition Holofoil,1434.33,1798.78,1902.48,1904.97,
2025-08-29,neo1-9,86903,Unlimited Holofoil,447.38,275.0,359.5,699.95,
2025-08-29,sl-151-bundle,502000,Normal,84.38,75.0,96.97,999.99,
2025-08-29,sl-151-etb,503313,Normal,341.17,339.23,444.6,4999.99,
2025-08-29,sl-151-upc,502005,Normal,512.48,547.0,774.97,30000.0,
2025-08-29,sl-ar-box,265519,Normal,377.26,399.0,478.0,9999.99,
2025-08-29,sl-bs-box,256141,Normal,511.61,549.99,712.5,9999.99,
2025-08-29,sl-cel-upc,245140,Normal,806.43,899.99,1025.0,6037.03,
2025-08-29,sl-champ-etb,218791,Normal,130.69,120.0,156.97,299.99,
2025-08-29,sl-cz-etb,453470,Normal,185.51,189.95,220.0,4999.99,
2025-08-29,sl-dr-box,624679,Normal,329.13,328.4,372.47,99999.0,
2025-08-29,sl-evs-box,242436,Normal,2452.92,2500.0,3499.98,19850.0,
2025-08-29,sl-evs-etb,243721,Normal,637.22,799.99,999.99,2999.99,
2025-08-29,sl-fs-box,247654,Normal,916.09,984.95,1199.95,9999.99,
2025-08-29,sl-hf-etb,194729,Normal,413.14,405.0,499.99,9999.98,
2025-08-29,sl-jp-151,565243,Normal,169.92,159.23,190.49,250.0,
2025-08-29,sl-jp-terastal,603428,Normal,92.93,90.99,115.0,200.0,
2025-08-29,sl-jt-box,610931,Normal,253.85,235.0,263.0,551.0,
2025-08-29,sl-lo-box,277324,Normal,791.18,837.95,999.95,9999.99,
2025-08-29,sl-me1-box,644298,Normal,303.44,300.0,300.0,300.0,
2025-08-29,sl-obf-box,501257,Normal,288.1,291.49,345.5,30000.0,
2025-08-29,sl-pe-etb,593355,Normal,99.59,90.0,124.98,100000.0,
2025-08-29,sl-pe-spc,622770,Normal,223.99,219.99,273.21,99999.0,
2025-08-29,sl-pf-etb,528040,Normal,229.43,237.99,272.44,775.0,
2025-08-29,sl-shf-etb,228821,Normal,93.19,86.0,104.95,499.99,
2025-08-29,sl-ss-box,565606,Normal,240.15,240.0,299.0,4999.99,
2025-08-29,sl-st-box,283389,Normal,440.91,445.0,500.0,9999.99,
2025-08-29,sl-tf-box,536225,Normal,239.42,241.0,274.99,420.0,
2025-08-29,sv2-185,497557,Normal,0.29,0.24,0.4,50.0,
2025-08-29,sv2-185,497557,Reverse Holofoil,0.46,0.24,0.61,7.99,
2025-08-29,sv2-254,497669,Holofoil,17.26,12.99,19.0,100.0,19.97
2025-08-29,sv2-269,497689,Holofoil,49.18,48.31,59.06,259.99,
2025-08-29,sv3pt5-151,516566,Holofoil,6.3,5.0,7.99,40.0,9.82
2025-08-29,sv3pt5-199,517045,Holofoil,239.5,196.86,289.98,900.0,249.0
2025-08-29,sv3pt5-205,517051,Holofoil,15.0,11.99,16.58,100.0,14.24
2025-08-29,sv3pt5-4,502555,Normal,0.11,0.01,0.15,5.0,0.12
2025-08-29,sv3pt5-4,502555,Reverse Holofoil,0.2,0.03,0.25,5.0,0.25
2025-08-29,sv3pt5-6,502558,Holofoil,4.22,3.0,4.74,50.0,3.99
2025-08-29,sv3pt5-7,502548,Normal,0.13,0.01,0.15,4.95,0.08
2025-08-29,sv3pt5-7,502548,Reverse Holofoil,0.18,0.03,0.25,5.0,0.11
2025-08-29,sv4pt5-234,535090,Holofoil,211.82,206.28,248.74,549.99,
2025-08-29,sv4pt5-54,534416,Holofoil,3.51,1.95,3.48,34.99,3.33
2025-08-29,sv8-57,590025,Holofoil,5.86,2.0,6.09,50.0,7.39
2025-08-29,sv8pt5-149,610504,Holofoil,203.77,188.99,214.98,800.0,
2025-08-29,sv8pt5-155,610510,Holofoil,203.78,191.48,216.01,599.95,
2025-08-29,sv8pt5-156,610511,Holofoil,299.49,280.0,350.0,800.0,
2025-08-29,sv8pt5-161,610516,Holofoil,839.65,780.0,937.5,1999.95,
2025-08-29,sv8pt5-167,610522,Holofoil,109.3,97.99,119.95,299.95,
2025-08-29,sv8pt5-179,610534,Holofoil,39.96,38.27,54.99,270.0,
2025-08-29,sv8pt5-28,610383,Holofoil,1.25,0.5,1.39,9.95,
2025-08-29,sv8pt5-47,610402,Normal,0.06,0.01,0.1,4.95,0.03
2025-08-29,sv8pt5-47,610402,Reverse Holofoil,0.07,0.01,0.14,20.0,0.06
2025-08-29,sv8pt5-59,610414,Holofoil,0.4,0.01,0.32,100.0,
2025-08-29,sv8pt5-59,610414,Reverse Holofoil,0.37,0.07,0.43,25.0,
2025-08-29,sv8pt5-60,610415,Holofoil,4.9,3.66,5.5,40.0,
2025-08-29,svp-085,518861,Normal,457.45,440.0,509.0,2500.0,994.99
2025-08-29,swsh11-186,284137,Holofoil,561.13,425.08,649.94,1199.99,649.94
2025-08-29,swsh12-186,451834,Holofoil,345.99,350.98,450.0,625.0,386.99
2025-08-29,swsh12pt5gg-GG69,478100,Holofoil,171.73,134.99,207.4,1000.0,199.59
2025-08-29,swsh35-25,223018,Normal,0.11,0.03,0.2,4.95,
2025-08-29,swsh35-25,223018,Reverse Holofoil,0.21,0.07,0.25,4.95,
2025-08-29,swsh35-74,223073,Holofoil,155.19,147.3,198.49,1500.0,164.99
2025-08-29,swsh45sv-SV107,232496,Holofoil,98.6,93.0,109.99,349.95,99.99
2025-08-29,swsh7-204,246693,Holofoil,28.97,25.99,35.8,100.0,44.69
2025-08-29,swsh7-205,246696,Holofoil,358.57,308.64,399.99,849.99,320.3
2025-08-29,swsh7-208,246755,Holofoil,26.97,25.0,33.94,59.99,28.42
2025-08-29,swsh7-209,246756,Holofoil,265.04,255.0,290.11,599.99,270.99
2025-08-29,swsh7-211,246702,Holofoil,40.1,38.68,52.31,99.99,48.49
2025-08-29,swsh7-212,246704,Holofoil,287.57,256.4,344.5,1000.0,303.95
2025-08-29,swsh7-215,246723,Holofoil,1388.25,1099.99,1542.84,2999.99,1708.0
2025-08-29,swsh7-218,246733,Holofoil,665.47,550.0,759.34,1499.99,739.99
2025-08-29,swsh7-41,246753,Holofoil,5.33,3.38,5.99,19.99,5.99
2025-08-29,swsh7-65,246690,Holofoil,10.06,8.0,10.49,500.0,11.95
2025-08-29,swsh7-75,246701,Holofoil,11.13,7.0,11.72,50.0,11.99
2025-08-29,swsh7-8,246691,Holofoil,4.63,2.99,5.99,50.0,4.49
2025-08-29,swsh8-271,253266,Holofoil,626.59,526.5,749.99,1399.99,729.68
2025-08-29,swsh9-154,263873,Holofoil,243.47,171.99,291.15,1500.0,270.93
2025-08-30,base1-15,42355,Holofoil,113.65,71.64,120.57,300.0,
2025-08-30,base1-16,42356,Holofoil,36.06,16.23,34.3,72.94,39.9
2025-08-30,base1-2,42360,Holofoil,158.78,99.0,129.99,499.99,
2025-08-30,base1-4,42382,Holofoil,461.52,280.0,544.65,1000.0,
2025-08-30,base1-58,42402,Normal,2.67,0.4,2.63,9999.0,
2025-08-30,cel25c-4,250320,Holofoil,117.13,90.42,145.97,499.99,90.52
2025-08-30,gym2-2,83861,1st Edition Holofoil,650.0,499.97,1000.0,1001.0,
2025-08-30,gym2-2,83861,Unlimited Holofoil,537.88,309.97,504.95,604.04,511.0
2025-08-30,neo1-9,86903,1st Edition Holofoil,1434.33,1798.78,1900.48,1900.97,
2025-08-30,neo1-9,86903,Unlimited Holofoil,447.38,275.0,359.5,699.95,
2025-08-30,sl-151-bundle,502000,Normal,87.49,79.99,97.99,999.99,
2025-08-30,sl-151-etb,503313,Normal,342.62,365.0,448.0,4999.99,
2025-08-30,sl-151-upc,502005,Normal,515.24,547.0,799.95,30000.0,
2025-08-30,sl-ar-box,265519,Normal,377.26,399.0,480.0,9999.99,
2025-08-30,sl-bs-box,256141,Normal,515.45,549.99,725.0,9999.99,
2025-08-30,sl-cel-upc,245140,Normal,806.43,899.99,1025.0,9055.55,
2025-08-30,sl-champ-etb,218791,Normal,130.69,120.0,156.97,299.99,
2025-08-30,sl-cz-etb,453470,Normal,189.1,195.0,250.0,4999.99,
2025-08-30,sl-dr-box,624679,Normal,323.72,328.39,369.95,99999.0,
2025-08-30,sl-evs-box,242436,Normal,2464.92,2500.0,3499.98,19850.0,
2025-08-30,sl-evs-etb,243721,Normal,637.22,799.99,1000.49,2999.99,
2025-08-30,sl-fs-box,247654,Normal,916.09,984.95,1199.97,9999.99,
2025-08-30,sl-hf-etb,194729,Normal,415.7,435.0,499.99,9999.98,
2025-08-30,sl-jp-151,565243,Normal,170.56,159.23,190.49,250.0,
2025-08-30,sl-jp-terastal,603428,Normal,93.21,90.99,113.47,200.0,
2025-08-30,sl-jt-box,610931,Normal,253.65,235.0,263.0,551.0,
2025-08-30,sl-lo-box,277324,Normal,792.79,837.95,999.95,9999.99,
2025-08-30,sl-me1-box,644298,Normal,307.0,349.0,349.0,349.0,
2025-08-30,sl-obf-box,501257,Normal,292.7,291.49,349.99,30000.0,
2025-08-30,sl-pe-etb,593355,Normal,99.3,97.99,125.0,100000.0,
2025-08-30,sl-pe-spc,622770,Normal,226.23,233.97,273.51,99999.0,
2025-08-30,sl-pf-etb,528040,Normal,231.87,237.99,261.46,775.0,
2025-08-30,sl-shf-etb,228821,Normal,94.02,86.53,110.0,499.99,
2025-08-30,sl-ss-box,565606,Normal,246.88,245.63,300.0,4999.99,
2025-08-30,sl-st-box,283389,Normal,441.87,445.0,500.0,9999.99,
2025-08-30,sl-tf-box,536225,Normal,239.42,241.0,287.99,420.0,
2025-08-30,sv2-185,497557,Normal,0.3,0.25,0.4,30.0,
2025-08-30,sv2-185,497557,Reverse Holofoil,0.44,0.25,0.61,7.99,
2025-08-30,sv2-254,497669,Holofoil,17.36,12.99,19.31,100.0,17.0
2025-08-30,sv2-269,497689,Holofoil,49.17,48.0,58.0,259.99,
2025-08-30,sv3pt5-151,516566,Holofoil,8.36,4.92,8.0,40.0,12.0
2025-08-30,sv3pt5-199,517045,Holofoil,243.39,199.99,299.99,900.0,
2025-08-30,sv3pt5-205,517051,Holofoil,15.21,11.99,16.93,100.0,17.0
2025-08-30,sv3pt5-4,502555,Normal,0.1,0.01,0.15,5.0,0.11
2025-08-30,sv3pt5-4,502555,Reverse Holofoil,0.19,0.03,0.25,5.0,
2025-08-30,sv3pt5-6,502558,Holofoil,4.58,3.0,4.75,50.0,5.97
2025-08-30,sv3pt5-7,502548,Normal,0.1,0.01,0.15,4.95,
2025-08-30,sv3pt5-7,502548,Reverse Holofoil,0.17,0.03,0.25,5.0,0.12
2025-08-30,sv4pt5-234,535090,Holofoil,237.29,234.95,297.5,549.99,
2025-08-30,sv4pt5-54,534416,Holofoil,3.16,2.0,3.49,34.99,
2025-08-30,sv8-57,590025,Holofoil,5.46,4.0,6.15,50.0,8.5
2025-08-30,sv8pt5-149,610504,Holofoil,203.77,188.99,215.0,800.0,
2025-08-30,sv8pt5-155,610510,Holofoil,203.78,192.0,219.15,599.95,
2025-08-30,sv8pt5-156,610511,Holofoil,299.09,280.0,350.0,800.0,
2025-08-30,sv8pt5-161,610516,Holofoil,839.65,780.0,937.5,1999.95,
2025-08-30,sv8pt5-167,610522,Holofoil,108.82,97.99,119.89,299.95,
2025-08-30,sv8pt5-179,610534,Holofoil,40.89,42.0,56.7,270.0,
2025-08-30,sv8pt5-28,610383,Holofoil,1.2,0.5,1.4,9.95,
2025-08-30,sv8pt5-47,610402,Normal,0.06,0.01,0.1,4.95,0.04
2025-08-30,sv8pt5-47,610402,Reverse Holofoil,0.08,0.01,0.14,20.0,0.06
2025-08-30,sv8pt5-59,610414,Holofoil,0.3,0.01,0.31,100.0,
2025-08-30,sv8pt5-59,610414,Reverse Holofoil,0.34,0.07,0.43,25.0,0.36
2025-08-30,sv8pt5-60,610415,Holofoil,4.53,3.66,5.45,40.0,
2025-08-30,svp-085,518861,Normal,458.65,489.99,549.99,2500.0,994.99
2025-08-30,swsh11-186,284137,Holofoil,561.13,425.08,649.95,1199.99,649.94
2025-08-30,swsh12-186,451834,Holofoil,354.88,350.98,492.35,625.0,386.99
2025-08-30,swsh12pt5gg-GG69,478100,Holofoil,172.01,134.99,209.0,1000.0,199.58
2025-08-30,swsh35-25,223018,Normal,0.12,0.03,0.2,4.95,
2025-08-30,swsh35-25,223018,Reverse Holofoil,0.21,0.07,0.25,4.95,
2025-08-30,swsh35-74,223073,Holofoil,155.19,147.5,197.89,1500.0,164.99
2025-08-30,swsh45sv-SV107,232496,Holofoil,98.91,95.0,115.0,349.95,99.99
2025-08-30,swsh7-204,246693,Holofoil,28.97,25.99,35.8,100.0,44.69
2025-08-30,swsh7-205,246696,Holofoil,358.57,308.64,399.99,849.99,320.3
2025-08-30,swsh7-208,246755,Holofoil,26.97,25.0,33.61,59.99,28.42
2025-08-30,swsh7-209,246756,Holofoil,265.04,245.0,288.47,599.99,270.99
2025-08-30,swsh7-211,246702,Holofoil,40.1,38.68,52.29,99.99,48.49
2025-08-30,swsh7-212,246704,Holofoil,289.74,256.4,340.0,1000.0,303.95
2025-08-30,swsh7-215,246723,Holofoil,1388.25,1099.99,1550.0,2999.99,1708.0
2025-08-30,swsh7-218,246733,Holofoil,665.47,550.0,750.1,1499.99,719.99
2025-08-30,swsh7-41,246753,Holofoil,5.29,4.0,5.99,19.99,5.99
2025-08-30,swsh7-65,246690,Holofoil,10.38,8.0,10.5,500.0,11.99
2025-08-30,swsh7-75,246701,Holofoil,11.01,7.92,11.99,50.0,12.71
2025-08-30,swsh7-8,246691,Holofoil,4.83,3.73,5.99,50.0,4.94
2025-08-30,swsh8-271,253266,Holofoil,631.0,526.5,749.99,1399.99,797.1
2025-08-30,swsh9-154,263873,Holofoil,244.61,171.99,286.4,1500.0,149.99
2025-08-31,base1-15,42355,Holofoil,113.65,70.24,120.0,300.0,
2025-08-31,base1-16,42356,Holofoil,36.06,16.23,34.3,72.94,39.9
2025-08-31,base1-2,42360,Holofoil,158.78,98.74,129.99,499.99,
2025-08-31,base1-4,42382,Holofoil,461.52,280.0,579.99,1000.0,
2025-08-31,base1-58,42402,Normal,2.76,0.4,2.66,9999.0,
2025-08-31,cel25c-4,250320,Holofoil,117.13,90.42,149.97,499.99,90.0
2025-08-31,gym2-2,83861,1st Edition Holofoil,650.0,1000.0,1001.0,1039.98,
2025-08-31,gym2-2,83861,Unlimited Holofoil,537.88,309.97,504.95,604.04,511.0
2025-08-31,neo1-9,86903,1st Edition Holofoil,1434.33,1798.78,1900.48,1900.97,
2025-08-31,neo1-9,86903,Unlimited Holofoil,447.38,289.3,359.99,699.95,
2025-08-31,sl-151-bundle,502000,Normal,86.9,83.0,99.99,999.99,
2025-08-31,sl-151-etb,503313,Normal,343.3,375.0,448.0,4999.99,
2025-08-31,sl-151-upc,502005,Normal,523.36,549.99,749.98,30000.0,
2025-08-31,sl-ar-box,265519,Normal,377.26,388.99,480.0,9999.99,
2025-08-31,sl-bs-box,256141,Normal,520.49,549.99,725.0,9999.99,
2025-08-31,sl-cel-upc,245140,Normal,810.47,899.99,1025.0,13583.33,
2025-08-31,sl-champ-etb,218791,Normal,130.69,120.0,154.99,299.99,
2025-08-31,sl-cz-etb,453470,Normal,190.4,199.97,250.0,4999.99,
2025-08-31,sl-dr-box,624679,Normal,328.53,330.99,374.99,9999.0,
2025-08-31,sl-evs-box,242436,Normal,2472.92,2975.0,3499.99,19850.0,
2025-08-31,sl-evs-etb,243721,Normal,637.22,799.99,1000.49,2999.99,
2025-08-31,sl-fs-box,247654,Normal,930.17,1000.0,1199.99,9999.99,
2025-08-31,sl-hf-etb,194729,Normal,416.3,439.99,545.0,9999.98,
2025-08-31,sl-jp-151,565243,Normal,171.95,159.23,190.99,250.0,
2025-08-31,sl-jp-terastal,603428,Normal,93.46,90.99,116.0,200.0,
2025-08-31,sl-jt-box,610931,Normal,253.45,245.99,279.99,551.0,
2025-08-31,sl-lo-box,277324,Normal,798.19,839.99,999.95,9999.99,
2025-08-31,sl-me1-box,644298,Normal,312.12,348.99,348.99,348.99,
2025-08-31,sl-obf-box,501257,Normal,295.92,299.99,350.0,1000.0,
2025-08-31,sl-pe-etb,593355,Normal,100.42,95.0,125.0,2000.0,
2025-08-31,sl-pe-spc,622770,Normal,228.69,234.0,276.13,10000.0,
2025-08-31,sl-pf-etb,528040,Normal,233.75,238.0,272.44,775.0,
2025-08-31,sl-shf-etb,228821,Normal,95.58,86.53,111.99,499.99,
2025-08-31,sl-ss-box,565606,Normal,251.23,260.0,300.0,4999.99,
2025-08-31,sl-st-box,283389,Normal,443.47,445.0,569.94,9999.99,
2025-08-31,sl-tf-box,536225,Normal,240.78,241.0,289.0,500.0,
2025-08-31,sv2-185,497557,Normal,0.34,0.05,0.4,30.0,
2025-08-31,sv2-185,497557,Reverse Holofoil,0.46,0.24,0.6,7.99,
2025-08-31,sv2-254,497669,Holofoil,17.41,12.99,19.15,100.0,19.96
2025-08-31,sv2-269,497689,Holofoil,49.11,48.22,58.17,259.99,
2025-08-31,sv3pt5-151,516566,Holofoil,6.32,1.0,8.0,40.0,18.69
2025-08-31,sv3pt5-199,517045,Holofoil,250.57,200.48,299.99,900.0,
2025-08-31,sv3pt5-205,517051,Holofoil,15.63,11.99,17.0,100.0,15.99
2025-08-31,sv3pt5-4,502555,Normal,0.13,0.01,0.15,5.0,
2025-08-31,sv3pt5-4,502555,Reverse Holofoil,0.18,0.03,0.25,4.95,
2025-08-31,sv3pt5-6,502558,Holofoil,4.77,3.0,5.0,50.0,
2025-08-31,sv3pt5-7,502548,Normal,0.11,0.01,0.15,4.95,
2025-08-31,sv3pt5-7,502548,Reverse Holofoil,0.17,0.03,0.25,4.95,0.17
2025-08-31,sv4pt5-234,535090,Holofoil,240.01,246.99,310.0,549.99,
2025-08-31,sv4pt5-54,534416,Holofoil,3.23,1.93,3.49,34.99,
2025-08-31,sv8-57,590025,Holofoil,5.11,4.0,6.08,50.0,
2025-08-31,sv8pt5-149,610504,Holofoil,203.29,188.99,214.96,800.0,
2025-08-31,sv8pt5-155,610510,Holofoil,202.5,189.5,219.55,599.95,
2025-08-31,sv8pt5-156,610511,Holofoil,300.06,280.0,358.49,800.0,
2025-08-31,sv8pt5-161,610516,Holofoil,839.65,780.0,978.0,1999.95,
2025-08-31,sv8pt5-167,610522,Holofoil,108.14,97.99,119.95,299.95,
2025-08-31,sv8pt5-179,610534,Holofoil,41.52,42.0,58.35,270.0,
2025-08-31,sv8pt5-28,610383,Holofoil,1.26,0.5,1.43,9.95,
2025-08-31,sv8pt5-47,610402,Normal,0.06,0.01,0.1,4.95,0.04
2025-08-31,sv8pt5-47,610402,Reverse Holofoil,0.08,0.01,0.14,20.0,0.07
2025-08-31,sv8pt5-59,610414,Holofoil,0.37,0.01,0.32,100.0,
2025-08-31,sv8pt5-59,610414,Reverse Holofoil,0.38,0.07,0.43,25.0,
2025-08-31,sv8pt5-60,610415,Holofoil,4.54,3.69,5.41,40.0,
2025-08-31,svp-085,518861,Normal,458.65,479.99,518.0,2500.0,994.49
2025-08-31,swsh11-186,284137,Holofoil,565.96,425.07,649.97,2000.0,649.95
2025-08-31,swsh12-186,451834,Holofoil,363.88,348.99,485.0,625.0,386.99
2025-08-31,swsh12pt5gg-GG69,478100,Holofoil,171.49,162.5,213.6,1000.0,199.58
2025-08-31,swsh35-25,223018,Normal,0.12,0.03,0.2,4.95,
2025-08-31,swsh35-25,223018,Reverse Holofoil,0.21,0.09,0.25,4.95,
2025-08-31,swsh35-74,223073,Holofoil,155.19,147.5,197.77,1500.0,164.99
2025-08-31,swsh45sv-SV107,232496,Holofoil,99.82,95.0,118.24,349.95,99.99
2025-08-31,swsh7-204,246693,Holofoil,28.97,25.99,35.0,150.0,44.69
2025-08-31,swsh7-205,246696,Holofoil,358.57,308.64,399.99,849.99,320.3
2025-08-31,swsh7-208,246755,Holofoil,27.34,25.0,34.7,59.99,29.99
2025-08-31,swsh7-209,246756,Holofoil,265.04,245.0,285.16,599.99,270.99
2025-08-31,swsh7-211,246702,Holofoil,40.1,38.68,51.15,99.99,48.49
2025-08-31,swsh7-212,246704,Holofoil,289.38,268.64,342.0,1000.0,303.95
2025-08-31,swsh7-215,246723,Holofoil,1388.25,1099.99,1624.99,2999.99,1699.98
2025-08-31,swsh7-218,246733,Holofoil,665.47,550.0,750.1,1499.99,686.88
2025-08-31,swsh7-41,246753,Holofoil,5.36,4.0,6.0,19.99,5.99
2025-08-31,swsh7-65,246690,Holofoil,10.38,8.0,10.73,500.0,11.99
2025-08-31,swsh7-75,246701,Holofoil,11.0,7.92,11.99,50.0,10.2
2025-08-31,swsh7-8,246691,Holofoil,5.02,3.73,5.99,100.0,4.94
2025-08-31,swsh8-271,253266,Holofoil,631.0,540.75,763.0,1399.99,797.75
2025-08-31,swsh9-154,263873,Holofoil,246.87,171.99,279.99,1500.0,194.99
