date,asset_id,product_id,subtype,market,low,mid,high,direct_low
2025-04-01,base1-15,42355,Holofoil,126.49,70.0,123.49,300.0,
2025-04-01,base1-16,42356,Holofoil,39.31,20.0,37.34,77.99,18.5
2025-04-01,base1-2,42360,Holofoil,166.52,148.98,164.44,271.57,
2025-04-01,base1-4,42382,Holofoil,459.16,299.0,476.53,1000.0,
2025-04-01,base1-58,42402,Normal,3.15,0.49,2.49,9999.0,
2025-04-01,cel25c-4,250320,Holofoil,93.38,90.0,105.0,250.0,99.48
2025-04-01,gym2-2,83861,1st Edition Holofoil,923.15,683.99,799.99,949.99,
2025-04-01,gym2-2,83861,Unlimited Holofoil,337.78,300.0,374.6,550.0,
2025-04-01,neo1-9,86903,1st Edition Holofoil,1251.5,680.45,1825.0,2954.98,
2025-04-01,neo1-9,86903,Unlimited Holofoil,368.2,298.99,363.79,1000.0,
2025-04-01,sl-151-bundle,502000,Normal,64.7,58.99,70.0,399.99,
2025-04-01,sl-151-etb,503313,Normal,205.67,194.99,227.73,4999.99,
2025-04-01,sl-151-upc,502005,Normal,346.31,335.95,399.93,20000.0,
2025-04-01,sl-ar-box,265519,Normal,266.93,261.77,294.97,1999.99,
2025-04-01,sl-bs-box,256141,Normal,292.2,284.99,350.0,999.99,
2025-04-01,sl-cel-upc,245140,Normal,451.63,442.01,499.99,1499.95,
2025-04-01,sl-champ-etb,218791,Normal,124.76,118.0,141.99,399.99,
2025-04-01,sl-cz-etb,453470,Normal,123.34,125.78,150.0,1999.99,
2025-04-01,sl-dr-box,624679,Normal,340.97,328.0,359.18,1500.0,
2025-04-01,sl-evs-box,242436,Normal,1309.93,1329.97,1942.5,9999.99,
2025-04-01,sl-evs-etb,243721,Normal,471.19,455.01,500.0,989.89,
2025-04-01,sl-fs-box,247654,Normal,471.88,465.0,529.99,1222.99,
2025-04-01,sl-hf-etb,194729,Normal,286.82,285.0,300.0,999.98,
2025-04-01,sl-jp-151,565243,Normal,154.8,149.99,166.66,399.99,
2025-04-01,sl-jp-terastal,603428,Normal,116.81,111.0,120.0,170.0,
2025-04-01,sl-jt-box,610931,Normal,237.46,235.0,250.0,600.0,
2025-04-01,sl-lo-box,277324,Normal,392.62,378.99,440.0,1299.99,
2025-04-01,sl-obf-box,501257,Normal,214.78,200.0,250.0,999.99,
2025-04-01,sl-pe-etb,593355,Normal,135.79,124.89,145.0,299.99,
2025-04-01,sl-pe-spc,622770,Normal,456.2,451.75,453.55,498.87,
2025-04-01,sl-pf-etb,528040,Normal,126.75,115.0,137.5,209.98,
2025-04-01,sl-shf-etb,228821,Normal,81.32,72.43,90.0,999.0,
2025-04-01,sl-ss-box,565606,Normal,249.33,232.0,280.0,4999.99,
2025-04-01,sl-st-box,283389,Normal,271.19,270.0,317.25,1199.99,
2025-04-01,sl-tf-box,536225,Normal,194.06,194.0,220.99,400.0,
2025-04-01,sv2-185,497557,Normal,0.26,0.15,0.3,4.99,
2025-04-01,sv2-185,497557,Reverse Holofoil,1.16,0.19,1.08,9.99,1.16
2025-04-01,sv2-254,497669,Holofoil,19.31,14.99,21.21,100.0,20.0
2025-04-01,sv2-269,497689,Holofoil,67.36,62.0,74.14,259.99,67.25
2025-04-01,sv3pt5-151,516566,Holofoil,7.52,5.21,8.02,40.0,7.5
2025-04-01,sv3pt5-199,517045,Holofoil,245.15,224.99,280.0,1000.0,233.74
2025-04-01,sv3pt5-205,517051,Holofoil,12.8,9.99,14.6,50.0,15.02
2025-04-01,sv3pt5-4,502555,Normal,0.11,0.01,0.15,4.95,
2025-04-01,sv3pt5-4,502555,Reverse Holofoil,0.26,0.05,0.27,10.0,
2025-04-01,sv3pt5-6,502558,Holofoil,4.69,3.0,5.46,29.65,6.91
2025-04-01,sv3pt5-7,502548,Normal,0.12,0.01,0.15,15.0,
2025-04-01,sv3pt5-7,502548,Reverse Holofoil,0.19,0.01,0.25,4.95,
2025-04-01,sv4pt5-234,535090,Holofoil,187.59,175.0,207.89,499.98,191.95
2025-04-01,sv4pt5-54,534416,Holofoil,2.73,1.75,3.0,45.0,2.66
2025-04-01,sv8-57,590025,Holofoil,6.69,4.99,7.18,50.0,8.95
2025-04-01,sv8pt5-149,610504,Holofoil,378.46,335.0,430.25,799.95,
2025-04-01,sv8pt5-155,610510,Holofoil,416.12,351.16,416.2,899.95,
2025-04-01,sv8pt5-156,610511,Holofoil,478.54,450.0,513.25,899.95,513.0
2025-04-01,sv8pt5-161,610516,Holofoil,1454.21,1298.0,1549.0,3000.0,1499.99
2025-04-01,sv8pt5-167,610522,Holofoil,240.39,229.99,240.44,378.68,
2025-04-01,sv8pt5-179,610534,Holofoil,77.39,71.99,89.99,325.0,
2025-04-01,sv8pt5-28,610383,Holofoil,1.91,0.99,1.86,20.0,
2025-04-01,sv8pt5-47,610402,Normal,0.06,0.01,0.1,10.0,0.05
2025-04-01,sv8pt5-47,610402,Reverse Holofoil,0.08,0.01,0.12,4.95,0.09
2025-04-01,sv8pt5-59,610414,Holofoil,0.35,0.02,0.45,35.0,0.49
2025-04-01,sv8pt5-59,610414,Reverse Holofoil,0.71,0.15,1.01,69.0,
2025-04-01,sv8pt5-60,610415,Holofoil,7.01,5.07,9.06,33.0,
2025-04-01,svp-085,518861,Normal,343.81,330.0,381.47,750.0,349.9
2025-04-01,swsh11-186,284137,Holofoil,624.91,430.67,685.0,1269.69,
2025-04-01,swsh12-186,451834,Holofoil,286.18,257.5,314.8,699.95,308.85
2025-04-01,swsh12pt5gg-GG69,478100,Holofoil,196.06,173.49,210.45,1000.0,211.15
2025-04-01,swsh35-25,223018,Normal,0.11,0.01,0.19,1.25,
2025-04-01,swsh35-25,223018,Reverse Holofoil,0.35,0.09,0.3,2.0,
2025-04-01,swsh35-74,223073,Holofoil,203.91,162.49,249.97,1500.0,241.98
2025-04-01,swsh45sv-SV107,232496,Holofoil,123.32,104.0,133.19,445.06,129.99
2025-04-01,swsh7-204,246693,Holofoil,31.06,24.99,34.17,100.0,42.98
2025-04-01,swsh7-205,246696,Holofoil,434.62,330.0,466.54,776.3,419.99
2025-04-01,swsh7-208,246755,Holofoil,25.47,18.68,29.99,48.95,34.7
2025-04-01,swsh7-209,246756,Holofoil,378.04,252.58,399.99,799.99,357.3
2025-04-01,swsh7-211,246702,Holofoil,43.35,36.99,45.37,130.0,48.99
2025-04-01,swsh7-212,246704,Holofoil,426.12,325.99,473.95,1000.0,469.99
2025-04-01,swsh7-215,246723,Holofoil,1665.1,1299.0,1879.99,2703.6,1728.99
2025-04-01,swsh7-218,246733,Holofoil,808.0,645.0,849.99,1443.15,949.99
2025-04-01,swsh7-41,246753,Holofoil,5.25,3.45,5.41,89.0,6.79
2025-04-01,swsh7-65,246690,Holofoil,9.82,5.19,10.0,500.0,11.05
2025-04-01,swsh7-75,246701,Holofoil,10.41,7.67,10.41,50.0,8.91
2025-04-01,swsh7-8,246691,Holofoil,5.95,3.9,6.04,50.0,5.95
2025-04-01,swsh8-271,253266,Holofoil,649.46,584.51,720.0,1799.0,609.99
2025-04-01,swsh9-154,263873,Holofoil,215.91,174.93,226.0,1500.0,224.94
2025-04-02,base1-15,42355,Holofoil,126.77,70.0,121.77,300.0,112.75
2025-04-02,base1-16,42356,Holofoil,39.23,20.0,35.35,77.99,
2025-04-02,base1-2,42360,Holofoil,166.52,148.98,158.2,269.51,
2025-04-02,base1-4,42382,Holofoil,459.16,299.0,478.96,1000.0,
2025-04-02,base1-58,42402,Normal,3.09,0.49,2.25,9999.0,1.0
2025-04-02,cel25c-4,250320,Holofoil,93.41,91.0,105.0,250.0,93.5
2025-04-02,gym2-2,83861,1st Edition Holofoil,923.15,683.99,799.99,949.99,
2025-04-02,gym2-2,83861,Unlimited Holofoil,337.78,300.0,362.25,550.0,
2025-04-02,neo1-9,86903,1st Edition Holofoil,1251.5,699.99,2950.0,2954.98,
2025-04-02,neo1-9,86903,Unlimited Holofoil,368.2,298.99,379.87,1000.0,
2025-04-02,sl-151-bundle,502000,Normal,65.67,59.99,70.0,399.99,
2025-04-02,sl-151-etb,503313,Normal,200.76,197.98,229.5,4999.99,
2025-04-02,sl-151-upc,502005,Normal,344.78,333.96,399.99,20000.0,
2025-04-02,sl-ar-box,265519,Normal,267.25,260.0,289.99,1999.99,
2025-04-02,sl-bs-box,256141,Normal,291.8,275.0,349.99,999.99,
2025-04-02,sl-cel-upc,245140,Normal,452.91,455.0,500.0,1499.95,
2025-04-02,sl-champ-etb,218791,Normal,124.76,118.0,134.99,399.99,
2025-04-02,sl-cz-etb,453470,Normal,128.07,124.78,149.99,1999.99,
2025-04-02,sl-dr-box,624679,Normal,327.01,323.97,327.91,1500.0,
2025-04-02,sl-evs-box,242436,Normal,1309.93,1300.0,1890.0,9999.99,
2025-04-02,sl-evs-etb,243721,Normal,470.79,490.0,500.0,989.89,
2025-04-02,sl-fs-box,247654,Normal,476.51,465.0,529.99,1222.99,
2025-04-02,sl-hf-etb,194729,Normal,287.89,290.0,300.0,999.98,
2025-04-02,sl-jp-151,565243,Normal,154.27,149.99,165.99,399.99,
2025-04-02,sl-jp-terastal,603428,Normal,116.61,111.0,120.0,170.0,
2025-04-02,sl-jt-box,610931,Normal,236.29,229.99,259.99,600.0,
2025-04-02,sl-lo-box,277324,Normal,392.62,374.99,425.0,1299.99,
2025-04-02,sl-obf-box,501257,Normal,215.42,200.0,250.0,999.99,
2025-04-02,sl-pe-etb,593355,Normal,134.88,124.89,145.0,299.99,
2025-04-02,sl-pe-spc,622770,Normal,455.96,451.24,452.93,498.87,
2025-04-02,sl-pf-etb,528040,Normal,127.88,115.99,135.0,209.98,
2025-04-02,sl-shf-etb,228821,Normal,81.54,72.0,90.0,999.0,
2025-04-02,sl-ss-box,565606,Normal,248.16,249.0,285.99,4999.99,
2025-04-02,sl-st-box,283389,Normal,271.07,259.98,322.99,1199.99,
2025-04-02,sl-tf-box,536225,Normal,194.77,174.99,220.99,400.0,
2025-04-02,sv2-185,497557,Normal,0.28,0.01,0.3,4.99,
2025-04-02,sv2-185,497557,Reverse Holofoil,1.56,0.2,1.12,9.99,4.74
2025-04-02,sv2-254,497669,Holofoil,19.18,14.99,21.0,100.0,28.79
2025-04-02,sv2-269,497689,Holofoil,66.95,61.0,74.24,259.99,69.98
2025-04-02,sv3pt5-151,516566,Holofoil,7.38,5.99,8.0,40.0,8.49
2025-04-02,sv3pt5-199,517045,Holofoil,249.76,219.98,281.1,1000.0,245.33
2025-04-02,sv3pt5-205,517051,Holofoil,13.19,8.31,14.5,50.0,12.28
2025-04-02,sv3pt5-4,502555,Normal,0.1,0.01,0.15,4.95,0.11
2025-04-02,sv3pt5-4,502555,Reverse Holofoil,0.27,0.08,0.27,10.0,
2025-04-02,sv3pt5-6,502558,Holofoil,4.8,0.21,5.43,29.65,6.38
2025-04-02,sv3pt5-7,502548,Normal,0.12,0.01,0.15,15.0,
2025-04-02,sv3pt5-7,502548,Reverse Holofoil,0.2,0.01,0.25,4.95,0.18
2025-04-02,sv4pt5-234,535090,Holofoil,189.88,184.72,205.51,499.98,189.99
2025-04-02,sv4pt5-54,534416,Holofoil,2.85,1.75,3.0,45.0,4.49
2025-04-02,sv8-57,590025,Holofoil,6.86,4.99,7.2,50.0,8.25
2025-04-02,sv8pt5-149,610504,Holofoil,380.79,335.0,472.5,799.95,570.3
2025-04-02,sv8pt5-155,610510,Holofoil,416.95,351.16,419.99,899.95,
2025-04-02,sv8pt5-156,610511,Holofoil,478.14,450.0,529.25,899.95,
2025-04-02,sv8pt5-161,610516,Holofoil,1448.57,1298.0,1548.99,3000.0,
2025-04-02,sv8pt5-167,610522,Holofoil,240.22,223.77,240.39,378.38,
2025-04-02,sv8pt5-179,610534,Holofoil,76.58,72.0,89.99,325.0,
2025-04-02,sv8pt5-28,610383,Holofoil,1.91,0.99,1.93,20.0,1.5
2025-04-02,sv8pt5-47,610402,Normal,0.07,0.01,0.1,10.0,0.05
2025-04-02,sv8pt5-47,610402,Reverse Holofoil,0.09,0.01,0.12,4.95,0.09
2025-04-02,sv8pt5-59,610414,Holofoil,0.38,0.02,0.45,35.0,0.52
2025-04-02,sv8pt5-59,610414,Reverse Holofoil,0.65,0.2,1.01,25.0,0.25
2025-04-02,sv8pt5-60,610415,Holofoil,6.99,5.99,9.08,89.99,
2025-04-02,svp-085,518861,Normal,346.77,338.0,393.97,750.0,349.9
2025-04-02,swsh11-186,284137,Holofoil,628.67,430.67,684.95,1269.69,684.29
2025-04-02,swsh12-186,451834,Holofoil,282.76,269.0,315.55,699.95,334.98
2025-04-02,swsh12pt5gg-GG69,478100,Holofoil,193.55,173.49,206.8,1000.0,211.15
2025-04-02,swsh35-25,223018,Normal,0.11,0.01,0.19,1.25,
2025-04-02,swsh35-25,223018,Reverse Holofoil,0.35,0.09,0.3,2.0,0.28
2025-04-02,swsh35-74,223073,Holofoil,203.91,162.49,247.83,1500.0,241.98
2025-04-02,swsh45sv-SV107,232496,Holofoil,122.63,110.0,131.24,445.06,129.99
2025-04-02,swsh7-204,246693,Holofoil,30.88,23.99,34.23,100.0,42.89
2025-04-02,swsh7-205,246696,Holofoil,430.51,330.0,466.55,773.06,419.99
2025-04-02,swsh7-208,246755,Holofoil,25.94,18.68,29.99,48.95,34.7
2025-04-02,swsh7-209,246756,Holofoil,381.64,252.58,399.97,799.99,357.3
2025-04-02,swsh7-211,246702,Holofoil,43.69,35.22,45.0,130.0,48.99
2025-04-02,swsh7-212,246704,Holofoil,427.14,325.99,473.95,1000.0,469.99
2025-04-02,swsh7-215,246723,Holofoil,1667.12,1299.0,1835.68,2628.38,1728.95
2025-04-02,swsh7-218,246733,Holofoil,808.0,645.0,834.99,1436.94,949.99
2025-04-02,swsh7-41,246753,Holofoil,4.77,3.45,5.5,89.0,3.95
2025-04-02,swsh7-65,246690,Holofoil,10.12,5.19,10.0,500.0,9.49
2025-04-02,swsh7-75,246701,Holofoil,10.54,7.73,10.47,50.0,8.92
2025-04-02,swsh7-8,246691,Holofoil,5.74,3.9,6.08,50.0,6.74
2025-04-02,swsh8-271,253266,Holofoil,648.4,584.51,719.05,1799.0,609.99
2025-04-02,swsh9-154,263873,Holofoil,214.58,177.08,231.0,1500.0,224.93
2025-04-03,base1-15,42355,Holofoil,126.53,70.0,120.0,4321.0,112.5
2025-04-03,base1-16,42356,Holofoil,39.23,20.0,35.35,4321.0,4321.0
2025-04-03,base1-2,42360,Holofoil,168.12,148.98,158.2,270.59,89.5
2025-04-03,base1-4,42382,Holofoil,459.16,299.0,493.19,1000.0,
2025-04-03,base1-58,42402,Normal,2.98,0.5,2.45,9999.0,2.51
2025-04-03,cel25c-4,250320,Holofoil,93.91,88.0,104.99,250.0,99.47
2025-04-03,gym2-2,83861,1st Edition Holofoil,923.15,683.99,799.99,949.99,
2025-04-03,gym2-2,83861,Unlimited Holofoil,337.78,300.0,362.79,550.0,
2025-04-03,neo1-9,86903,1st Edition Holofoil,1251.5,680.45,1825.0,2954.98,
2025-04-03,neo1-9,86903,Unlimited Holofoil,368.2,298.99,363.79,1000.0,
2025-04-03,sl-151-bundle,502000,Normal,66.63,54.99,70.0,399.99,
2025-04-03,sl-151-etb,503313,Normal,201.84,194.99,227.0,4999.99,
2025-04-03,sl-151-upc,502005,Normal,345.02,333.95,399.98,20000.0,
2025-04-03,sl-ar-box,265519,Normal,267.97,260.0,294.97,1999.99,
2025-04-03,sl-bs-box,256141,Normal,290.18,284.99,350.0,999.99,
2025-04-03,sl-cel-upc,245140,Normal,452.91,455.0,499.99,1499.95,
2025-04-03,sl-champ-etb,218791,Normal,124.5,118.0,134.99,399.99,
2025-04-03,sl-cz-etb,453470,Normal,132.98,124.78,149.99,1999.99,
2025-04-03,sl-dr-box,624679,Normal,323.55,320.0,323.94,1500.0,
2025-04-03,sl-evs-box,242436,Normal,1302.82,1326.41,1942.5,9999.99,
2025-04-03,sl-evs-etb,243721,Normal,470.79,490.0,500.0,979.99,
2025-04-03,sl-fs-box,247654,Normal,477.47,465.0,529.99,1222.99,
2025-04-03,sl-hf-etb,194729,Normal,287.89,281.75,299.99,999.98,
2025-04-03,sl-jp-151,565243,Normal,157.53,149.99,167.0,399.99,
2025-04-03,sl-jp-terastal,603428,Normal,115.56,106.83,120.0,170.0,
2025-04-03,sl-jt-box,610931,Normal,234.11,228.91,250.0,600.0,
2025-04-03,sl-lo-box,277324,Normal,392.62,370.0,425.0,1299.99,
2025-04-03,sl-obf-box,501257,Normal,214.42,200.0,250.0,999.99,
2025-04-03,sl-pe-etb,593355,Normal,135.0,124.89,145.0,299.99,
2025-04-03,sl-pe-spc,622770,Normal,455.59,447.58,449.64,498.87,
2025-04-03,sl-pf-etb,528040,Normal,128.19,115.99,132.5,209.98,
2025-04-03,sl-shf-etb,228821,Normal,81.45,72.0,89.99,999.0,
2025-04-03,sl-ss-box,565606,Normal,250.57,242.89,280.0,4999.99,
2025-04-03,sl-st-box,283389,Normal,270.39,271.97,319.98,1199.99,
2025-04-03,sl-tf-box,536225,Normal,193.91,189.99,217.5,400.0,
2025-04-03,sv2-185,497557,Normal,0.27,0.01,0.3,4.99,0.28
2025-04-03,sv2-185,497557,Reverse Holofoil,1.71,0.2,1.16,9.99,4.62
2025-04-03,sv2-254,497669,Holofoil,20.67,14.99,21.31,100.0,20.05
2025-04-03,sv2-269,497689,Holofoil,67.11,61.96,75.07,259.99,79.25
2025-04-03,sv3pt5-151,516566,Holofoil,7.19,5.89,8.0,4321.0,7.04
2025-04-03,sv3pt5-199,517045,Holofoil,248.49,225.19,282.5,1000.0,245.33
2025-04-03,sv3pt5-205,517051,Holofoil,13.46,8.31,14.5,50.0,11.69
2025-04-03,sv3pt5-4,502555,Normal,0.1,0.01,0.15,4.95,0.11
2025-04-03,sv3pt5-4,502555,Reverse Holofoil,0.26,0.08,0.28,10.0,
2025-04-03,sv3pt5-6,502558,Holofoil,5.18,0.21,5.54,4321.0,7.99
2025-04-03,sv3pt5-7,502548,Normal,0.1,0.01,0.15,15.0,
2025-04-03,sv3pt5-7,502548,Reverse Holofoil,0.23,0.01,0.25,4.95,0.18
2025-04-03,sv4pt5-234,535090,Holofoil,190.32,180.0,203.5,499.98,188.18
2025-04-03,sv4pt5-54,534416,Holofoil,2.59,1.75,3.0,45.0,4.49
2025-04-03,sv8-57,590025,Holofoil,6.29,4.99,7.25,50.0,6.2
2025-04-03,sv8pt5-149,610504,Holofoil,380.79,335.0,430.25,799.95,571.2
2025-04-03,sv8pt5-155,610510,Holofoil,417.62,351.16,420.0,899.95,
2025-04-03,sv8pt5-156,610511,Holofoil,482.26,449.99,547.5,899.95,
2025-04-03,sv8pt5-161,610516,Holofoil,1448.57,1298.0,1529.99,3000.0,
2025-04-03,sv8pt5-167,610522,Holofoil,240.22,216.0,240.08,378.38,
2025-04-03,sv8pt5-179,610534,Holofoil,75.64,67.63,89.67,270.0,
2025-04-03,sv8pt5-28,610383,Holofoil,1.58,0.99,1.87,20.0,2.21
2025-04-03,sv8pt5-47,610402,Normal,0.07,0.01,0.1,10.0,0.05
2025-04-03,sv8pt5-47,610402,Reverse Holofoil,0.09,0.01,0.12,4.95,0.09
2025-04-03,sv8pt5-59,610414,Holofoil,0.43,0.02,0.45,35.0,
2025-04-03,sv8pt5-59,610414,Reverse Holofoil,0.66,0.2,1.0,25.0,1.25
2025-04-03,sv8pt5-60,610415,Holofoil,6.81,6.0,9.44,89.99,
2025-04-03,svp-085,518861,Normal,345.17,328.99,372.5,750.0,349.9
2025-04-03,swsh11-186,284137,Holofoil,628.67,432.92,684.29,1269.69,605.0
2025-04-03,swsh12-186,451834,Holofoil,284.56,269.0,318.71,699.95,334.98
2025-04-03,swsh12pt5gg-GG69,478100,Holofoil,192.83,173.49,204.4,100000.0,211.15
2025-04-03,swsh35-25,223018,Normal,0.12,0.01,0.19,1.25,
2025-04-03,swsh35-25,223018,Reverse Holofoil,0.33,0.09,0.3,2.0,
2025-04-03,swsh35-74,223073,Holofoil,209.31,161.7,245.69,1500.0,241.98
2025-04-03,swsh45sv-SV107,232496,Holofoil,122.63,110.0,130.32,445.06,129.99
2025-04-03,swsh7-204,246693,Holofoil,30.3,23.71,35.0,100.0,42.89
2025-04-03,swsh7-205,246696,Holofoil,426.88,350.0,466.72,762.26,419.99
2025-04-03,swsh7-208,246755,Holofoil,25.94,18.68,28.52,48.95,34.69
2025-04-03,swsh7-209,246756,Holofoil,381.64,338.08,399.95,799.99,357.3
2025-04-03,swsh7-211,246702,Holofoil,44.61,35.22,45.0,130.0,48.99
2025-04-03,swsh7-212,246704,Holofoil,427.14,325.99,471.94,1000.0,469.99
2025-04-03,swsh7-215,246723,Holofoil,1667.12,1274.99,1816.92,2625.75,1728.95
2025-04-03,swsh7-218,246733,Holofoil,808.0,645.0,834.99,1442.77,949.99
2025-04-03,swsh7-41,246753,Holofoil,4.82,3.45,5.5,4321.0,7.58
2025-04-03,swsh7-65,246690,Holofoil,9.78,5.19,10.11,500.0,8.68
2025-04-03,swsh7-75,246701,Holofoil,11.02,7.73,10.46,50.0,11.02
2025-04-03,swsh7-8,246691,Holofoil,5.72,3.9,6.07,50.0,7.74
2025-04-03,swsh8-271,253266,Holofoil,650.33,583.56,704.65,1799.0,609.99
2025-04-03,swsh9-154,263873,Holofoil,214.58,177.08,230.0,1500.0,224.91
2025-04-04,base1-15,42355,Holofoil,126.89,71.99,119.99,4321.0,112.5
2025-04-04,base1-16,42356,Holofoil,39.16,20.0,35.13,4321.0,24.7
2025-04-04,base1-2,42360,Holofoil,168.12,105.89,156.88,271.84,89.49
2025-04-04,base1-4,42382,Holofoil,459.16,299.0,470.35,1000.0,
2025-04-04,base1-58,42402,Normal,3.0,0.5,2.47,9999.0,0.75
2025-04-04,cel25c-4,250320,Holofoil,94.33,88.0,105.0,250.0,99.85
2025-04-04,gym2-2,83861,1st Edition Holofoil,923.15,799.99,874.99,949.99,
2025-04-04,gym2-2,83861,Unlimited Holofoil,337.78,300.0,366.17,550.0,
2025-04-04,neo1-9,86903,1st Edition Holofoil,1251.5,680.45,1825.0,2954.98,
2025-04-04,neo1-9,86903,Unlimited Holofoil,368.2,298.99,363.79,1000.0,
2025-04-04,sl-151-bundle,502000,Normal,65.17,53.99,69.99,9999.0,
2025-04-04,sl-151-etb,503313,Normal,204.49,197.98,225.0,4999.99,
2025-04-04,sl-151-upc,502005,Normal,345.79,333.89,399.93,20000.0,
2025-04-04,sl-ar-box,265519,Normal,267.97,255.01,294.97,1999.99,
2025-04-04,sl-bs-box,256141,Normal,290.18,284.99,349.99,999.99,
2025-04-04,sl-cel-upc,245140,Normal,452.91,455.0,500.0,1499.95,
2025-04-04,sl-champ-etb,218791,Normal,123.45,118.0,136.98,399.99,
2025-04-04,sl-cz-etb,453470,Normal,131.9,130.0,150.0,1999.99,
2025-04-04,sl-dr-box,624679,Normal,322.72,322.0,323.89,1500.0,
2025-04-04,sl-evs-box,242436,Normal,1302.82,1318.91,1887.0,9999.99,
2025-04-04,sl-evs-etb,243721,Normal,471.91,490.0,500.0,979.99,
2025-04-04,sl-fs-box,247654,Normal,477.47,465.0,529.99,1222.99,
2025-04-04,sl-hf-etb,194729,Normal,289.49,280.5,299.99,999.98,
2025-04-04,sl-jp-151,565243,Normal,158.19,149.99,166.99,399.99,
2025-04-04,sl-jp-terastal,603428,Normal,114.57,110.0,120.0,170.0,
2025-04-04,sl-jt-box,610931,Normal,235.01,224.99,250.0,600.0,
2025-04-04,sl-lo-box,277324,Normal,392.62,370.0,425.0,1299.99,
2025-04-04,sl-obf-box,501257,Normal,214.57,200.0,250.0,999.99,
2025-04-04,sl-pe-etb,593355,Normal,128.89,124.89,145.0,299.99,
2025-04-04,sl-pe-spc,622770,Normal,454.96,437.9,443.18,498.87,
2025-04-04,sl-pf-etb,528040,Normal,127.69,119.0,135.0,209.98,
2025-04-04,sl-shf-etb,228821,Normal,82.5,72.0,89.99,999.0,
2025-04-04,sl-ss-box,565606,Normal,249.54,237.99,280.0,4999.99,
2025-04-04,sl-st-box,283389,Normal,270.43,271.97,317.25,1199.99,
2025-04-04,sl-tf-box,536225,Normal,192.52,187.99,217.5,400.0,
2025-04-04,sv2-185,497557,Normal,0.27,0.01,0.3,4.99,0.28
2025-04-04,sv2-185,497557,Reverse Holofoil,1.66,0.2,1.19,9.99,1.99
2025-04-04,sv2-254,497669,Holofoil,20.31,10.65,21.0,100.0,19.97
2025-04-04,sv2-269,497689,Holofoil,67.39,62.95,75.0,259.99,79.62
2025-04-04,sv3pt5-151,516566,Holofoil,7.81,5.48,8.0,4321.0,9.94
2025-04-04,sv3pt5-199,517045,Holofoil,248.04,225.19,277.99,1000.0,245.33
2025-04-04,sv3pt5-205,517051,Holofoil,12.19,8.31,14.47,50.0,15.08
2025-04-04,sv3pt5-4,502555,Normal,0.11,0.01,0.15,4.95,0.11
2025-04-04,sv3pt5-4,502555,Reverse Holofoil,0.2,0.08,0.27,10.0,
2025-04-04,sv3pt5-6,502558,Holofoil,5.35,2.99,5.56,4321.0,5.56
2025-04-04,sv3pt5-7,502548,Normal,0.11,0.01,0.15,15.0,0.12
2025-04-04,sv3pt5-7,502548,Reverse Holofoil,0.23,0.01,0.25,4.95,
2025-04-04,sv4pt5-234,535090,Holofoil,191.19,170.0,205.8,499.98,189.15
2025-04-04,sv4pt5-54,534416,Holofoil,2.96,1.65,3.0,45.0,3.13
2025-04-04,sv8-57,590025,Holofoil,6.93,4.99,7.24,50.0,7.97
2025-04-04,sv8pt5-149,610504,Holofoil,385.08,333.74,474.99,799.95,569.99
2025-04-04,sv8pt5-155,610510,Holofoil,417.62,351.16,420.0,899.95,
2025-04-04,sv8pt5-156,610511,Holofoil,482.26,449.99,513.0,899.95,512.5
2025-04-04,sv8pt5-161,610516,Holofoil,1448.57,1298.0,1515.0,3000.0,
2025-04-04,sv8pt5-167,610522,Holofoil,236.14,224.95,240.22,372.75,
2025-04-04,sv8pt5-179,610534,Holofoil,75.09,68.61,86.25,270.0,
2025-04-04,sv8pt5-28,610383,Holofoil,1.64,0.5,1.82,20.0,
2025-04-04,sv8pt5-47,610402,Normal,0.07,0.01,0.1,10.0,0.05
2025-04-04,sv8pt5-47,610402,Reverse Holofoil,0.09,0.01,0.12,4.95,0.09
2025-04-04,sv8pt5-59,610414,Holofoil,0.36,0.02,0.45,35.0,
2025-04-04,sv8pt5-59,610414,Reverse Holofoil,0.62,0.2,1.0,25.0,1.23
2025-04-04,sv8pt5-60,610415,Holofoil,6.97,6.41,9.25,89.99,7.99
2025-04-04,svp-085,518861,Normal,344.57,328.99,372.5,750.0,349.9
2025-04-04,swsh11-186,284137,Holofoil,628.26,432.92,684.29,1269.69,605.0
2025-04-04,swsh12-186,451834,Holofoil,284.56,269.0,318.06,699.95,334.94
2025-04-04,swsh12pt5gg-GG69,478100,Holofoil,193.04,173.49,206.22,100000.0,211.15
2025-04-04,swsh35-25,223018,Normal,0.12,0.01,0.19,1.25,0.08
2025-04-04,swsh35-25,223018,Reverse Holofoil,0.33,0.09,0.3,2.0,
2025-04-04,swsh35-74,223073,Holofoil,209.31,162.65,245.69,1500.0,240.99
2025-04-04,swsh45sv-SV107,232496,Holofoil,122.51,95.0,130.56,445.06,129.99
2025-04-04,swsh7-204,246693,Holofoil,29.97,26.0,35.0,100.0,42.89
2025-04-04,swsh7-205,246696,Holofoil,430.75,350.0,466.49,765.29,419.99
2025-04-04,swsh7-208,246755,Holofoil,25.76,18.68,29.99,48.95,34.69
2025-04-04,swsh7-209,246756,Holofoil,381.16,343.74,399.95,799.99,357.3
2025-04-04,swsh7-211,246702,Holofoil,44.66,35.22,45.0,130.0,35.68
2025-04-04,swsh7-212,246704,Holofoil,427.14,325.99,469.92,1000.0,469.99
2025-04-04,swsh7-215,246723,Holofoil,1713.03,1274.99,1840.0,2698.05,1728.95
2025-04-04,swsh7-218,246733,Holofoil,808.0,644.99,819.99,1435.54,799.99
2025-04-04,swsh7-41,246753,Holofoil,4.8,3.45,5.5,4321.0,6.99
2025-04-04,swsh7-65,246690,Holofoil,9.48,5.19,10.03,500.0,11.31
2025-04-04,swsh7-75,246701,Holofoil,10.49,7.73,10.46,50.0,11.49
2025-04-04,swsh7-8,246691,Holofoil,5.68,3.9,6.01,50.0,5.61
2025-04-04,swsh8-271,253266,Holofoil,649.37,584.43,700.0,1799.0,609.99
2025-04-04,swsh9-154,263873,Holofoil,214.3,177.08,231.0,1500.0,224.91
2025-04-05,base1-15,42355,Holofoil,126.89,71.99,119.99,4321.0,112.75
2025-04-05,base1-16,42356,Holofoil,39.32,20.37,35.4,4321.0,4320.99
2025-04-05,base1-2,42360,Holofoil,168.12,105.89,152.66,270.76,89.49
2025-04-05,base1-4,42382,Holofoil,459.16,289.98,454.58,1000.0,
2025-04-05,base1-58,42402,Normal,2.97,0.5,2.45,9999.0,
2025-04-05,cel25c-4,250320,Holofoil,95.16,91.0,105.61,250.0,99.85
2025-04-05,gym2-2,83861,1st Edition Holofoil,923.15,799.99,874.99,949.99,
2025-04-05,gym2-2,83861,Unlimited Holofoil,337.78,349.0,370.09,550.0,
2025-04-05,neo1-9,86903,1st Edition Holofoil,1251.5,680.45,1825.0,2954.98,
2025-04-05,neo1-9,86903,Unlimited Holofoil,368.2,298.99,379.87,1000.0,
2025-04-05,sl-151-bundle,502000,Normal,63.15,52.98,69.99,399.99,
2025-04-05,sl-151-etb,503313,Normal,203.56,197.98,225.0,4999.99,
2025-04-05,sl-151-upc,502005,Normal,346.18,333.89,392.0,20000.0,
2025-04-05,sl-ar-box,265519,Normal,267.97,255.01,289.99,1999.99,
2025-04-05,sl-bs-box,256141,Normal,290.18,284.99,331.86,999.99,
2025-04-05,sl-cel-upc,245140,Normal,454.75,455.0,499.99,1499.95,
2025-04-05,sl-champ-etb,218791,Normal,122.51,118.0,140.99,399.99,
2025-04-05,sl-cz-etb,453470,Normal,134.35,124.97,149.99,1999.99,
2025-04-05,sl-dr-box,624679,Normal,321.81,319.94,322.0,1500.0,
2025-04-05,sl-evs-box,242436,Normal,1305.57,1315.29,1887.0,9999.99,
2025-04-05,sl-evs-etb,243721,Normal,472.63,480.0,500.0,979.99,
2025-04-05,sl-fs-box,247654,Normal,475.67,465.0,550.0,1222.99,
2025-04-05,sl-hf-etb,194729,Normal,291.53,287.74,299.99,999.98,
2025-04-05,sl-jp-151,565243,Normal,159.53,149.99,166.83,399.99,
2025-04-05,sl-jp-terastal,603428,Normal,114.85,110.0,120.0,170.0,
2025-04-05,sl-jt-box,610931,Normal,229.35,224.99,250.0,600.0,
2025-04-05,sl-lo-box,277324,Normal,392.02,370.0,425.0,1299.99,
2025-04-05,sl-obf-box,501257,Normal,215.05,199.0,250.0,999.99,
2025-04-05,sl-pe-etb,593355,Normal,128.96,124.89,145.0,299.99,
2025-04-05,sl-pe-spc,622770,Normal,454.19,431.34,439.68,458.72,
2025-04-05,sl-pf-etb,528040,Normal,127.52,114.95,135.0,209.98,
2025-04-05,sl-shf-etb,228821,Normal,82.64,72.0,89.99,999.0,
2025-04-05,sl-ss-box,565606,Normal,242.9,247.26,289.41,4999.99,
2025-04-05,sl-st-box,283389,Normal,269.67,260.0,300.0,1199.99,
2025-04-05,sl-tf-box,536225,Normal,191.21,194.0,220.99,400.0,
2025-04-05,sv2-185,497557,Normal,0.28,0.01,0.3,4.99,
2025-04-05,sv2-185,497557,Reverse Holofoil,1.41,0.2,1.22,9.99,4.62
2025-04-05,sv2-254,497669,Holofoil,20.28,14.99,20.83,100.0,19.99
2025-04-05,sv2-269,497689,Holofoil,65.93,61.0,75.0,259.99,79.49
2025-04-05,sv3pt5-151,516566,Holofoil,7.51,5.0,8.04,4321.0,14.5
2025-04-05,sv3pt5-199,517045,Holofoil,246.56,229.01,275.84,1000.0,245.33
2025-04-05,sv3pt5-205,517051,Holofoil,11.33,7.71,14.3,50.0,11.69
2025-04-05,sv3pt5-4,502555,Normal,0.11,0.01,0.15,4.95,0.05
2025-04-05,sv3pt5-4,502555,Reverse Holofoil,0.2,0.08,0.26,10.0,
2025-04-05,sv3pt5-6,502558,Holofoil,5.41,2.99,5.49,4321.0,7.99
2025-04-05,sv3pt5-7,502548,Normal,0.11,0.01,0.15,15.0,0.05
2025-04-05,sv3pt5-7,502548,Reverse Holofoil,0.22,0.01,0.25,4.95,
2025-04-05,sv4pt5-234,535090,Holofoil,193.56,170.0,200.0,499.98,189.15
2025-04-05,sv4pt5-54,534416,Holofoil,2.61,1.45,3.0,45.0,3.0
2025-04-05,sv8-57,590025,Holofoil,6.43,5.0,7.1,50.0,10.2
2025-04-05,sv8pt5-149,610504,Holofoil,385.08,333.74,442.75,799.95,569.99
2025-04-05,sv8pt5-155,610510,Holofoil,417.62,351.16,429.97,899.95,
2025-04-05,sv8pt5-156,610511,Holofoil,481.86,449.99,547.5,899.95,
2025-04-05,sv8pt5-161,610516,Holofoil,1446.53,1298.0,1500.0,3000.0,
2025-04-05,sv8pt5-167,610522,Holofoil,234.29,221.0,236.68,370.2,
2025-04-05,sv8pt5-179,610534,Holofoil,74.69,65.0,86.25,270.0,
2025-04-05,sv8pt5-28,610383,Holofoil,1.65,0.5,1.83,20.0,
2025-04-05,sv8pt5-47,610402,Normal,0.06,0.01,0.1,10.0,0.05
2025-04-05,sv8pt5-47,610402,Reverse Holofoil,0.09,0.01,0.14,4.95,0.1
2025-04-05,sv8pt5-59,610414,Holofoil,0.32,0.04,0.45,35.0,
2025-04-05,sv8pt5-59,610414,Reverse Holofoil,0.56,0.19,1.0,25.0,
2025-04-05,sv8pt5-60,610415,Holofoil,6.91,5.55,9.23,89.99,
2025-04-05,svp-085,518861,Normal,345.77,329.9,391.37,750.0,329.9
2025-04-05,swsh11-186,284137,Holofoil,628.26,432.0,672.29,1269.69,605.0
2025-04-05,swsh12-186,451834,Holofoil,283.33,250.0,318.09,699.95,320.65
2025-04-05,swsh12pt5gg-GG69,478100,Holofoil,184.85,173.49,204.17,100000.0,211.15
2025-04-05,swsh35-25,223018,Normal,0.12,0.01,0.19,1.25,0.08
2025-04-05,swsh35-25,223018,Reverse Holofoil,0.33,0.09,0.3,2.0,
2025-04-05,swsh35-74,223073,Holofoil,209.31,162.65,243.07,1500.0,210.0
2025-04-05,swsh45sv-SV107,232496,Holofoil,122.51,96.29,130.0,445.06,119.99
2025-04-05,swsh7-204,246693,Holofoil,29.84,26.0,35.0,100.0,42.89
2025-04-05,swsh7-205,246696,Holofoil,428.85,350.0,466.5,758.92,419.99
2025-04-05,swsh7-208,246755,Holofoil,26.24,18.68,26.88,48.95,34.7
2025-04-05,swsh7-209,246756,Holofoil,380.96,343.0,399.95,799.99,357.3
2025-04-05,swsh7-211,246702,Holofoil,44.46,35.22,45.19,130.0,35.68
2025-04-05,swsh7-212,246704,Holofoil,426.37,325.99,469.99,1000.0,469.99
2025-04-05,swsh7-215,246723,Holofoil,1713.03,1274.0,1840.0,2698.05,1728.95
2025-04-05,swsh7-218,246733,Holofoil,808.0,644.99,808.0,1429.87,799.98
2025-04-05,swsh7-41,246753,Holofoil,4.97,3.9,5.55,4321.0,6.99
2025-04-05,swsh7-65,246690,Holofoil,9.77,5.19,10.0,500.0,11.32
2025-04-05,swsh7-75,246701,Holofoil,10.43,7.73,10.49,50.0,11.49
2025-04-05,swsh7-8,246691,Holofoil,5.79,3.9,6.03,50.0,5.61
2025-04-05,swsh8-271,253266,Holofoil,651.29,588.0,700.0,1799.0,609.99
2025-04-05,swsh9-154,263873,Holofoil,214.74,175.0,226.0,1500.0,224.89
2025-04-06,base1-15,42355,Holofoil,126.89,75.0,120.0,4321.0,112.75
2025-04-06,base1-16,42356,Holofoil,39.32,20.37,35.4,4321.0,4320.99
2025-04-06,base1-2,42360,Holofoil,168.12,147.0,152.66,267.79,
2025-04-06,base1-4,42382,Holofoil,459.16,289.98,454.58,1000.0,
2025-04-06,base1-58,42402,Normal,3.03,0.5,2.13,9999.0,
2025-04-06,cel25c-4,250320,Holofoil,95.25,89.99,105.0,250.0,99.85
2025-04-06,gym2-2,83861,1st Edition Holofoil,923.15,799.99,874.99,949.99,
2025-04-06,gym2-2,83861,Unlimited Holofoil,337.78,349.0,370.09,550.0,
2025-04-06,neo1-9,86903,1st Edition Holofoil,1251.5,680.45,1825.0,2954.98,
2025-04-06,neo1-9,86903,Unlimited Holofoil,368.2,298.99,379.87,1000.0,
2025-04-06,sl-151-bundle,502000,Normal,66.53,57.0,69.99,399.99,
2025-04-06,sl-151-etb,503313,Normal,206.19,197.98,225.0,4999.99,
2025-04-06,sl-151-upc,502005,Normal,346.18,333.89,392.0,20000.0,
2025-04-06,sl-ar-box,265519,Normal,267.97,255.01,289.99,1999.99,
2025-04-06,sl-bs-box,256141,Normal,290.22,284.99,322.5,999.99,
2025-04-06,sl-cel-upc,245140,Normal,454.75,450.0,500.0,1499.95,
2025-04-06,sl-champ-etb,218791,Normal,122.87,113.99,136.98,399.99,
2025-04-06,sl-cz-etb,453470,Normal,135.43,124.97,149.99,1999.99,
2025-04-06,sl-dr-box,624679,Normal,321.61,319.81,321.94,1500.0,
2025-04-06,sl-evs-box,242436,Normal,1304.97,1350.0,1890.0,9999.99,
2025-04-06,sl-evs-etb,243721,Normal,472.63,480.0,510.0,979.99,
2025-04-06,sl-fs-box,247654,Normal,475.08,465.0,550.0,1222.99,
2025-04-06,sl-hf-etb,194729,Normal,292.38,273.75,299.97,999.98,
2025-04-06,sl-jp-151,565243,Normal,159.61,153.0,165.54,399.99,
2025-04-06,sl-jp-terastal,603428,Normal,117.08,112.7,120.0,170.0,
2025-04-06,sl-jt-box,610931,Normal,230.11,224.99,250.0,600.0,
2025-04-06,sl-lo-box,277324,Normal,391.29,369.94,432.5,1299.99,
2025-04-06,sl-obf-box,501257,Normal,214.16,200.0,249.95,999.99,
2025-04-06,sl-pe-etb,593355,Normal,132.51,122.86,148.0,299.99,
2025-04-06,sl-pe-spc,622770,Normal,453.03,427.8,439.4,458.72,
2025-04-06,sl-pf-etb,528040,Normal,128.03,114.95,130.0,209.98,
2025-04-06,sl-shf-etb,228821,Normal,81.84,65.0,89.25,999.0,
2025-04-06,sl-ss-box,565606,Normal,247.7,250.0,289.94,4999.99,
2025-04-06,sl-st-box,283389,Normal,269.67,260.0,300.0,1199.99,
2025-04-06,sl-tf-box,536225,Normal,191.41,194.0,217.5,400.0,
2025-04-06,sv2-185,497557,Normal,0.29,0.01,0.31,4.99,
2025-04-06,sv2-185,497557,Reverse Holofoil,1.19,0.2,1.14,9.99,1.45
2025-04-06,sv2-254,497669,Holofoil,20.55,14.99,20.76,100.0,19.99
2025-04-06,sv2-269,497689,Holofoil,65.04,59.0,75.0,259.99,75.71
2025-04-06,sv3pt5-151,516566,Holofoil,7.1,5.0,8.0,4321.0,9.68
2025-04-06,sv3pt5-199,517045,Holofoil,243.06,225.2,275.0,1000.0,245.33
2025-04-06,sv3pt5-205,517051,Holofoil,10.02,7.99,14.21,50.0,10.0
2025-04-06,sv3pt5-4,502555,Normal,0.1,0.01,0.15,4.95,0.11
2025-04-06,sv3pt5-4,502555,Reverse Holofoil,0.2,0.07,0.26,10.0,
2025-04-06,sv3pt5-6,502558,Holofoil,5.19,3.0,5.5,4321.0,5.14
2025-04-06,sv3pt5-7,502548,Normal,0.11,0.01,0.15,15.0,
2025-04-06,sv3pt5-7,502548,Reverse Holofoil,0.19,0.01,0.25,4.95,
2025-04-06,sv4pt5-234,535090,Holofoil,193.56,170.0,203.23,499.98,189.15
2025-04-06,sv4pt5-54,534416,Holofoil,2.66,1.45,3.0,45.0,2.61
2025-04-06,sv8-57,590025,Holofoil,6.05,4.06,7.0,50.0,9.38
2025-04-06,sv8pt5-149,610504,Holofoil,387.92,320.0,442.75,799.95,568.0
2025-04-06,sv8pt5-155,610510,Holofoil,417.62,351.16,419.99,899.95,
2025-04-06,sv8pt5-156,610511,Holofoil,480.88,449.99,545.0,899.95,
2025-04-06,sv8pt5-161,610516,Holofoil,1448.28,1298.0,1500.0,3000.0,
2025-04-06,sv8pt5-167,610522,Holofoil,234.29,221.0,236.7,369.0,
2025-04-06,sv8pt5-179,610534,Holofoil,74.62,62.65,83.99,270.0,
2025-04-06,sv8pt5-28,610383,Holofoil,1.61,0.5,1.8,20.0,
2025-04-06,sv8pt5-47,610402,Normal,0.05,0.01,0.1,10.0,0.04
2025-04-06,sv8pt5-47,610402,Reverse Holofoil,0.1,0.01,0.14,4.95,0.1
2025-04-06,sv8pt5-59,610414,Holofoil,0.27,0.05,0.45,35.0,
2025-04-06,sv8pt5-59,610414,Reverse Holofoil,0.5,0.19,1.0,25.0,
2025-04-06,sv8pt5-60,610415,Holofoil,6.54,6.0,9.0,89.99,
2025-04-06,svp-085,518861,Normal,347.37,329.9,391.37,750.0,329.9
2025-04-06,swsh11-186,284137,Holofoil,628.26,432.0,678.3,1269.69,605.0
2025-04-06,swsh12-186,451834,Holofoil,285.93,248.0,318.1,699.95,272.97
2025-04-06,swsh12pt5gg-GG69,478100,Holofoil,184.85,173.49,205.0,100000.0,211.15
2025-04-06,swsh35-25,223018,Normal,0.12,0.01,0.18,1.25,0.08
2025-04-06,swsh35-25,223018,Reverse Holofoil,0.33,0.09,0.3,2.0,
2025-04-06,swsh35-74,223073,Holofoil,209.31,162.65,242.9,1500.0,210.0
2025-04-06,swsh45sv-SV107,232496,Holofoil,122.51,96.29,130.15,445.06,119.99
2025-04-06,swsh7-204,246693,Holofoil,29.84,26.0,35.0,100.0,35.81
2025-04-06,swsh7-205,246696,Holofoil,428.85,350.0,466.5,750.55,419.99
2025-04-06,swsh7-208,246755,Holofoil,26.07,22.0,26.55,48.95,31.28
2025-04-06,swsh7-209,246756,Holofoil,380.96,341.26,399.95,799.99,357.3
2025-04-06,swsh7-211,246702,Holofoil,44.46,35.68,45.19,130.0,35.68
2025-04-06,swsh7-212,246704,Holofoil,426.37,325.99,469.95,1000.0,426.37
2025-04-06,swsh7-215,246723,Holofoil,1713.03,1273.99,1840.0,2698.05,1728.95
2025-04-06,swsh7-218,246733,Holofoil,808.0,644.99,799.99,1414.04,799.98
2025-04-06,swsh7-41,246753,Holofoil,5.3,3.9,5.51,4321.0,7.95
2025-04-06,swsh7-65,246690,Holofoil,9.75,6.49,10.0,500.0,9.75
2025-04-06,swsh7-75,246701,Holofoil,10.7,7.49,10.48,50.0,10.7
2025-04-06,swsh7-8,246691,Holofoil,5.86,3.9,6.05,50.0,5.86
2025-04-06,swsh8-271,253266,Holofoil,640.69,586.16,700.0,1799.0,609.99
2025-04-06,swsh9-154,263873,Holofoil,214.74,175.0,228.0,1500.0,224.88
2025-04-07,base1-15,42355,Holofoil,126.05,65.0,119.91,4321.0,112.5
2025-04-07,base1-16,42356,Holofoil,39.47,20.37,35.4,4321.0,4320.99
2025-04-07,base1-2,42360,Holofoil,166.0,104.91,151.98,266.98,
2025-04-07,base1-4,42382,Holofoil,459.16,288.99,459.16,1000.0,
2025-04-07,base1-58,42402,Normal,3.62,0.5,2.25,9999.0,7.45
2025-04-07,cel25c-4,250320,Holofoil,95.15,89.0,105.0,250.0,94.86
2025-04-07,gym2-2,83861,1st Edition Holofoil,923.15,799.99,874.99,949.99,
2025-04-07,gym2-2,83861,Unlimited Holofoil,337.78,349.0,370.09,550.0,
2025-04-07,neo1-9,86903,1st Edition Holofoil,1251.5,646.43,1825.0,2954.98,
2025-04-07,neo1-9,86903,Unlimited Holofoil,368.2,298.99,379.87,1000.0,
2025-04-07,sl-151-bundle,502000,Normal,64.81,52.7,69.99,399.99,
2025-04-07,sl-151-etb,503313,Normal,207.29,197.98,227.57,4999.99,
2025-04-07,sl-151-upc,502005,Normal,346.01,333.0,390.0,20000.0,
2025-04-07,sl-ar-box,265519,Normal,268.37,255.01,289.99,1999.99,
2025-04-07,sl-bs-box,256141,Normal,290.29,278.0,310.99,999.99,
2025-04-07,sl-cel-upc,245140,Normal,454.75,449.98,499.99,1499.95,
2025-04-07,sl-champ-etb,218791,Normal,122.02,113.99,136.98,399.99,
2025-04-07,sl-cz-etb,453470,Normal,134.87,124.97,149.99,1999.99,
2025-04-07,sl-dr-box,624679,Normal,313.53,289.95,321.59,1500.0,
2025-04-07,sl-evs-box,242436,Normal,1306.97,1350.0,1887.0,9999.99,
2025-04-07,sl-evs-etb,243721,Normal,472.63,480.0,519.99,979.99,
2025-04-07,sl-fs-box,247654,Normal,475.68,470.0,550.0,1222.99,
2025-04-07,sl-hf-etb,194729,Normal,292.38,273.75,299.99,999.98,
2025-04-07,sl-jp-151,565243,Normal,159.84,149.99,164.65,399.99,
2025-04-07,sl-jp-terastal,603428,Normal,116.74,108.99,120.0,170.0,
2025-04-07,sl-jt-box,610931,Normal,231.68,224.99,249.95,600.0,
2025-04-07,sl-lo-box,277324,Normal,390.49,369.94,434.98,1299.99,
2025-04-07,sl-obf-box,501257,Normal,214.68,200.0,249.95,999.99,
2025-04-07,sl-pe-etb,593355,Normal,137.77,124.99,149.91,299.99,
2025-04-07,sl-pe-spc,622770,Normal,449.76,324.98,429.95,458.72,
2025-04-07,sl-pf-etb,528040,Normal,126.02,114.95,130.0,209.98,
2025-04-07,sl-shf-etb,228821,Normal,82.02,69.99,89.98,999.0,
2025-04-07,sl-ss-box,565606,Normal,253.19,250.0,293.8,4999.99,
2025-04-07,sl-st-box,283389,Normal,270.03,260.0,300.0,1199.99,
2025-04-07,sl-tf-box,536225,Normal,192.31,194.0,212.5,400.0,
2025-04-07,sv2-185,497557,Normal,0.3,0.01,0.32,4.99,
2025-04-07,sv2-185,497557,Reverse Holofoil,2.05,0.2,1.19,9.99,5.26
2025-04-07,sv2-254,497669,Holofoil,19.26,14.99,20.92,100.0,24.66
2025-04-07,sv2-269,497689,Holofoil,64.89,59.0,74.73,259.99,75.71
2025-04-07,sv3pt5-151,516566,Holofoil,7.75,5.0,8.0,4321.0,9.89
2025-04-07,sv3pt5-199,517045,Holofoil,237.72,224.0,275.0,1000.0,245.33
2025-04-07,sv3pt5-205,517051,Holofoil,10.42,8.31,14.38,50.0,12.49
2025-04-07,sv3pt5-4,502555,Normal,0.11,0.01,0.15,4.95,0.15
2025-04-07,sv3pt5-4,502555,Reverse Holofoil,0.22,0.08,0.26,10.0,
2025-04-07,sv3pt5-6,502558,Holofoil,4.72,3.0,5.5,4321.0,6.01
2025-04-07,sv3pt5-7,502548,Normal,0.12,0.01,0.15,15.0,
2025-04-07,sv3pt5-7,502548,Reverse Holofoil,0.14,0.01,0.25,4.95,
2025-04-07,sv4pt5-234,535090,Holofoil,193.56,170.0,204.47,499.98,189.15
2025-04-07,sv4pt5-54,534416,Holofoil,2.83,1.44,3.0,45.0,4.39
2025-04-07,sv8-57,590025,Holofoil,6.29,4.0,7.0,50.0,10.89
2025-04-07,sv8pt5-149,610504,Holofoil,387.92,320.0,449.99,799.95,568.0
2025-04-07,sv8pt5-155,610510,Holofoil,417.62,350.0,417.7,899.95,
2025-04-07,sv8pt5-156,610511,Holofoil,480.88,440.0,500.0,899.95,
2025-04-07,sv8pt5-161,610516,Holofoil,1448.28,1298.0,1499.0,3000.0,
2025-04-07,sv8pt5-167,610522,Holofoil,234.29,220.81,235.0,369.0,
2025-04-07,sv8pt5-179,610534,Holofoil,73.42,60.0,83.31,270.0,
2025-04-07,sv8pt5-28,610383,Holofoil,1.55,0.95,1.75,20.0,
2025-04-07,sv8pt5-47,610402,Normal,0.04,0.01,0.1,10.0,0.01
2025-04-07,sv8pt5-47,610402,Reverse Holofoil,0.1,0.01,0.14,4.95,0.1
2025-04-07,sv8pt5-59,610414,Holofoil,0.3,0.05,0.44,35.0,
2025-04-07,sv8pt5-59,610414,Reverse Holofoil,0.59,0.15,1.0,25.0,
2025-04-07,sv8pt5-60,610415,Holofoil,6.59,5.39,9.0,89.99,
2025-04-07,svp-085,518861,Normal,347.37,329.9,385.03,750.0,329.9
2025-04-07,swsh11-186,284137,Holofoil,628.26,432.0,684.29,1269.69,684.29
2025-04-07,swsh12-186,451834,Holofoil,285.85,250.0,318.43,699.95,272.97
2025-04-07,swsh12pt5gg-GG69,478100,Holofoil,185.34,170.0,203.87,100000.0,211.14
2025-04-07,swsh35-25,223018,Normal,0.11,0.01,0.18,1.25,
2025-04-07,swsh35-25,223018,Reverse Holofoil,0.33,0.09,0.3,2.0,
2025-04-07,swsh35-74,223073,Holofoil,209.31,162.65,242.78,1500.0,210.0
2025-04-07,swsh45sv-SV107,232496,Holofoil,122.36,95.02,130.05,445.06,147.01
2025-04-07,swsh7-204,246693,Holofoil,29.84,26.0,35.0,100.0,35.81
2025-04-07,swsh7-205,246696,Holofoil,428.85,350.0,466.49,757.84,419.99
2025-04-07,swsh7-208,246755,Holofoil,25.63,22.07,29.99,48.95,29.99
2025-04-07,swsh7-209,246756,Holofoil,380.96,341.26,398.99,799.99,360.19
2025-04-07,swsh7-211,246702,Holofoil,44.12,35.68,47.18,130.0,35.68
2025-04-07,swsh7-212,246704,Holofoil,426.37,325.99,469.97,1000.0,469.9
2025-04-07,swsh7-215,246723,Holofoil,1713.03,1273.99,1800.0,2698.05,1728.94
2025-04-07,swsh7-218,246733,Holofoil,808.0,644.99,799.97,1427.81,799.96
2025-04-07,swsh7-41,246753,Holofoil,5.33,3.9,5.51,4321.0,7.95
2025-04-07,swsh7-65,246690,Holofoil,9.28,6.0,10.0,500.0,13.98
2025-04-07,swsh7-75,246701,Holofoil,10.47,7.73,10.49,50.0,11.49
2025-04-07,swsh7-8,246691,Holofoil,5.77,3.9,6.0,50.0,6.89
2025-04-07,swsh8-271,253266,Holofoil,643.92,579.53,700.0,1799.0,609.99
2025-04-07,swsh9-154,263873,Holofoil,214.59,175.0,230.0,1500.0,224.87
2025-04-08,base1-15,42355,Holofoil,126.03,65.0,117.79,300.0,101.76
2025-04-08,base1-16,42356,Holofoil,40.55,20.37,33.67,4320.99,38.05
2025-04-08,base1-2,42360,Holofoil,166.34,104.91,149.99,267.52,
2025-04-08,base1-4,42382,Holofoil,460.36,288.99,460.14,1000.0,
2025-04-08,base1-58,42402,Normal,3.67,0.49,2.45,9999.0,7.44
2025-04-08,cel25c-4,250320,Holofoil,94.11,89.0,105.0,250.0,100.49
2025-04-08,gym2-2,83861,1st Edition Holofoil,923.15,799.99,874.99,949.99,
2025-04-08,gym2-2,83861,Unlimited Holofoil,337.78,349.0,389.99,599.0,
2025-04-08,neo1-9,86903,1st Edition Holofoil,1251.5,646.43,1825.0,2954.98,
2025-04-08,neo1-9,86903,Unlimited Holofoil,372.95,298.99,363.79,1000.0,
2025-04-08,sl-151-bundle,502000,Normal,65.01,55.0,70.0,250.0,
2025-04-08,sl-151-etb,503313,Normal,206.8,197.98,227.48,4999.99,
2025-04-08,sl-151-upc,502005,Normal,345.73,333.0,391.0,20000.0,
2025-04-08,sl-ar-box,265519,Normal,268.37,255.01,287.5,1999.99,
2025-04-08,sl-bs-box,256141,Normal,290.05,284.99,305.0,999.99,
2025-04-08,sl-cel-upc,245140,Normal,454.75,449.98,499.99,1499.95,
2025-04-08,sl-champ-etb,218791,Normal,121.76,107.0,142.99,399.99,
2025-04-08,sl-cz-etb,453470,Normal,136.9,124.97,149.0,1999.99,
2025-04-08,sl-dr-box,624679,Normal,274.94,274.93,321.49,1500.0,
2025-04-08,sl-evs-box,242436,Normal,1306.97,1350.0,1890.0,9999.99,
2025-04-08,sl-evs-etb,243721,Normal,472.63,480.0,519.99,979.99,
2025-04-08,sl-fs-box,247654,Normal,476.48,470.0,550.0,1222.99,
2025-04-08,sl-hf-etb,194729,Normal,292.38,273.75,299.99,999.98,
2025-04-08,sl-jp-151,565243,Normal,157.63,149.99,164.65,399.99,
2025-04-08,sl-jp-terastal,603428,Normal,115.22,108.99,120.0,175.0,
2025-04-08,sl-jt-box,610931,Normal,231.71,217.01,246.63,600.0,
2025-04-08,sl-lo-box,277324,Normal,390.49,369.94,425.0,1299.99,
2025-04-08,sl-obf-box,501257,Normal,213.27,200.0,249.95,999.99,
2025-04-08,sl-pe-etb,593355,Normal,134.86,124.99,149.89,299.99,
2025-04-08,sl-pe-spc,622770,Normal,434.41,372.94,430.13,458.72,
2025-04-08,sl-pf-etb,528040,Normal,127.51,119.99,135.0,209.98,
2025-04-08,sl-shf-etb,228821,Normal,80.88,69.99,86.0,999.0,
2025-04-08,sl-ss-box,565606,Normal,254.14,250.0,299.0,4999.99,
2025-04-08,sl-st-box,283389,Normal,270.03,271.97,300.0,1199.99,
2025-04-08,sl-tf-box,536225,Normal,194.39,194.0,207.5,400.0,
2025-04-08,sv2-185,497557,Normal,0.27,0.01,0.32,4.99,
2025-04-08,sv2-185,497557,Reverse Holofoil,2.22,0.2,1.24,9.99,5.26
2025-04-08,sv2-254,497669,Holofoil,19.87,14.99,20.67,100.0,19.87
2025-04-08,sv2-269,497689,Holofoil,64.72,59.0,73.43,259.99,75.71
2025-04-08,sv3pt5-151,516566,Holofoil,6.94,5.0,8.0,40.0,6.99
2025-04-08,sv3pt5-199,517045,Holofoil,234.44,219.98,275.0,1000.0,
2025-04-08,sv3pt5-205,517051,Holofoil,11.13,8.31,14.21,50.0,13.6
2025-04-08,sv3pt5-4,502555,Normal,0.13,0.01,0.15,4.95,0.01
2025-04-08,sv3pt5-4,502555,Reverse Holofoil,0.25,0.08,0.26,10.0,
2025-04-08,sv3pt5-6,502558,Holofoil,5.1,2.0,5.37,26.0,5.0
2025-04-08,sv3pt5-7,502548,Normal,0.12,0.01,0.15,15.0,
2025-04-08,sv3pt5-7,502548,Reverse Holofoil,0.15,0.01,0.25,4.95,
2025-04-08,sv4pt5-234,535090,Holofoil,194.49,170.0,203.24,499.98,189.15
2025-04-08,sv4pt5-54,534416,Holofoil,2.48,1.25,2.99,45.0,2.99
2025-04-08,sv8-57,590025,Holofoil,6.43,4.0,7.0,50.0,
2025-04-08,sv8pt5-149,610504,Holofoil,387.92,319.01,449.99,799.95,567.99
2025-04-08,sv8pt5-155,610510,Holofoil,415.57,350.0,419.98,899.95,
2025-04-08,sv8pt5-156,610511,Holofoil,480.39,441.27,545.0,899.95,
2025-04-08,sv8pt5-161,610516,Holofoil,1447.68,1300.0,1499.5,3000.0,
2025-04-08,sv8pt5-167,610522,Holofoil,233.38,220.81,235.0,367.58,
2025-04-08,sv8pt5-179,610534,Holofoil,71.52,60.0,82.63,270.0,
2025-04-08,sv8pt5-28,610383,Holofoil,1.47,0.8,1.75,20.0,
2025-04-08,sv8pt5-47,610402,Normal,0.04,0.01,0.1,10.0,0.01
2025-04-08,sv8pt5-47,610402,Reverse Holofoil,0.1,0.01,0.13,4.95,0.1
2025-04-08,sv8pt5-59,610414,Holofoil,0.3,0.04,0.44,35.0,
2025-04-08,sv8pt5-59,610414,Reverse Holofoil,0.56,0.15,1.0,25.0,
2025-04-08,sv8pt5-60,610415,Holofoil,6.37,6.0,9.0,89.99,
2025-04-08,svp-085,518861,Normal,347.37,329.9,385.03,750.0,329.9
2025-04-08,swsh11-186,284137,Holofoil,622.19,449.99,680.06,1269.69,689.45
2025-04-08,swsh12-186,451834,Holofoil,283.99,269.0,328.99,699.95,272.96
2025-04-08,swsh12pt5gg-GG69,478100,Holofoil,186.38,169.0,205.34,100000.0,209.69
2025-04-08,swsh35-25,223018,Normal,0.11,0.01,0.19,1.25,
2025-04-08,swsh35-25,223018,Reverse Holofoil,0.33,0.09,0.3,2.0,
2025-04-08,swsh35-74,223073,Holofoil,211.91,160.0,245.69,1500.0,240.99
2025-04-08,swsh45sv-SV107,232496,Holofoil,118.53,95.02,130.65,349.95,118.99
2025-04-08,swsh7-204,246693,Holofoil,29.79,26.0,35.0,100.0,38.21
2025-04-08,swsh7-205,246696,Holofoil,425.33,350.0,466.49,751.63,419.99
2025-04-08,swsh7-208,246755,Holofoil,25.67,22.07,29.99,48.95,29.98
2025-04-08,swsh7-209,246756,Holofoil,380.76,325.0,398.99,799.99,360.19
2025-04-08,swsh7-211,246702,Holofoil,44.22,36.99,49.0,130.0,48.98
2025-04-08,swsh7-212,246704,Holofoil,426.37,325.99,469.99,1000.0,469.89
2025-04-08,swsh7-215,246723,Holofoil,1723.02,1273.0,1800.0,2698.05,1728.94
2025-04-08,swsh7-218,246733,Holofoil,801.77,644.99,799.98,1416.8,799.96
2025-04-08,swsh7-41,246753,Holofoil,5.5,3.9,5.55,89.0,8.24
2025-04-08,swsh7-65,246690,Holofoil,8.92,6.0,10.0,500.0,13.05
2025-04-08,swsh7-75,246701,Holofoil,9.87,7.73,10.48,50.0,11.7
2025-04-08,swsh7-8,246691,Holofoil,6.3,3.9,6.05,50.0,5.0
2025-04-08,swsh8-271,253266,Holofoil,642.78,579.53,700.0,1799.0,609.99
2025-04-08,swsh9-154,263873,Holofoil,214.63,175.0,229.81,1500.0,224.86
2025-04-09,base1-15,42355,Holofoil,126.03,65.0,117.96,300.0,101.76
2025-04-09,base1-16,42356,Holofoil,40.55,20.37,33.67,4320.99,4320.99
2025-04-09,base1-2,42360,Holofoil,166.34,84.99,149.87,267.46,99.99
2025-04-09,base1-4,42382,Holofoil,460.36,288.99,460.14,1000.0,
2025-04-09,base1-58,42402,Normal,3.83,0.49,2.28,9999.0,2.0
2025-04-09,cel25c-4,250320,Holofoil,94.67,88.24,105.0,250.0,101.2
2025-04-09,gym2-2,83861,1st Edition Holofoil,923.15,799.99,874.99,949.99,
2025-04-09,gym2-2,83861,Unlimited Holofoil,337.78,349.0,389.99,599.0,
2025-04-09,neo1-9,86903,1st Edition Holofoil,1251.5,646.43,2950.0,2954.98,
2025-04-09,neo1-9,86903,Unlimited Holofoil,372.95,298.99,364.23,1000.0,
2025-04-09,sl-151-bundle,502000,Normal,64.02,57.99,69.99,250.0,
2025-04-09,sl-151-etb,503313,Normal,208.08,197.98,225.0,4999.99,
2025-04-09,sl-151-upc,502005,Normal,343.74,333.89,399.44,20000.0,
2025-04-09,sl-ar-box,265519,Normal,267.97,259.9,289.99,1999.99,
2025-04-09,sl-bs-box,256141,Normal,289.93,284.99,305.0,999.99,
2025-04-09,sl-cel-upc,245140,Normal,454.75,440.0,500.0,1499.95,
2025-04-09,sl-champ-etb,218791,Normal,119.85,118.0,142.99,399.99,
2025-04-09,sl-cz-etb,453470,Normal,136.9,120.99,140.0,1999.99,
2025-04-09,sl-dr-box,624679,Normal,276.74,274.94,321.59,1500.0,
2025-04-09,sl-evs-box,242436,Normal,1306.97,1345.0,1800.1,9999.99,
2025-04-09,sl-evs-etb,243721,Normal,472.63,480.0,522.49,979.99,
2025-04-09,sl-fs-box,247654,Normal,475.6,470.0,550.0,1199.99,
2025-04-09,sl-hf-etb,194729,Normal,292.06,273.75,299.99,999.98,
2025-04-09,sl-jp-151,565243,Normal,157.18,150.0,164.82,399.99,
2025-04-09,sl-jp-terastal,603428,Normal,114.86,108.99,120.0,175.0,
2025-04-09,sl-jt-box,610931,Normal,230.82,224.0,250.86,600.0,
2025-04-09,sl-lo-box,277324,Normal,390.49,369.94,420.0,1299.99,
2025-04-09,sl-obf-box,501257,Normal,211.82,195.0,248.95,999.99,
2025-04-09,sl-pe-etb,593355,Normal,136.21,124.99,147.36,299.99,
2025-04-09,sl-pe-spc,622770,Normal,418.12,364.1,374.79,458.72,
2025-04-09,sl-pf-etb,528040,Normal,127.68,115.0,130.0,209.98,
2025-04-09,sl-shf-etb,228821,Normal,81.94,69.99,86.0,999.0,
2025-04-09,sl-ss-box,565606,Normal,255.5,250.0,291.27,4999.99,
2025-04-09,sl-st-box,283389,Normal,270.03,271.97,300.0,1199.99,
2025-04-09,sl-tf-box,536225,Normal,195.97,194.0,205.0,400.0,
2025-04-09,sv2-185,497557,Normal,0.3,0.01,0.32,4.99,
2025-04-09,sv2-185,497557,Reverse Holofoil,1.87,0.2,1.25,9.99,5.99
2025-04-09,sv2-254,497669,Holofoil,20.61,14.99,20.7,100.0,29.95
2025-04-09,sv2-269,497689,Holofoil,65.66,59.0,71.0,259.99,74.98
2025-04-09,sv3pt5-151,516566,Holofoil,6.24,4.72,7.99,40.0,6.34
2025-04-09,sv3pt5-199,517045,Holofoil,229.59,198.69,275.0,1000.0,233.73
2025-04-09,sv3pt5-205,517051,Holofoil,11.38,8.31,14.41,50.0,14.9
2025-04-09,sv3pt5-4,502555,Normal,0.11,0.01,0.15,4.95,0.15
2025-04-09,sv3pt5-4,502555,Reverse Holofoil,0.23,0.08,0.26,10.0,0.2
2025-04-09,sv3pt5-6,502558,Holofoil,5.23,2.0,5.39,26.0,5.89
2025-04-09,sv3pt5-7,502548,Normal,0.1,0.01,0.15,15.0,0.12
2025-04-09,sv3pt5-7,502548,Reverse Holofoil,0.14,0.01,0.25,4.95,0.18
2025-04-09,sv4pt5-234,535090,Holofoil,197.81,170.0,199.97,499.98,189.15
2025-04-09,sv4pt5-54,534416,Holofoil,2.46,1.4,2.99,45.0,3.14
2025-04-09,sv8-57,590025,Holofoil,5.93,4.0,7.05,50.0,8.51
2025-04-09,sv8pt5-149,610504,Holofoil,387.92,319.01,408.91,799.95,550.0
2025-04-09,sv8pt5-155,610510,Holofoil,415.57,350.0,417.62,899.95,
2025-04-09,sv8pt5-156,610511,Holofoil,480.39,420.0,506.25,899.95,512.5
2025-04-09,sv8pt5-161,610516,Holofoil,1447.68,1325.0,1470.0,3000.0,1469.99
2025-04-09,sv8pt5-167,610522,Holofoil,232.38,220.0,235.0,367.58,
2025-04-09,sv8pt5-179,610534,Holofoil,71.28,64.69,81.0,270.0,
2025-04-09,sv8pt5-28,610383,Holofoil,1.7,0.8,1.86,20.0,2.97
2025-04-09,sv8pt5-47,610402,Normal,0.04,0.01,0.1,10.0,0.01
2025-04-09,sv8pt5-47,610402,Reverse Holofoil,0.1,0.01,0.13,4.95,0.09
2025-04-09,sv8pt5-59,610414,Holofoil,0.34,0.04,0.44,35.0,0.49
2025-04-09,sv8pt5-59,610414,Reverse Holofoil,0.66,0.19,1.0,25.0,1.0
2025-04-09,sv8pt5-60,610415,Holofoil,6.93,5.5,9.0,89.99,6.88
2025-04-09,svp-085,518861,Normal,348.22,329.9,379.02,750.0,329.9
2025-04-09,swsh11-186,284137,Holofoil,624.31,449.99,676.65,1269.69,689.45
2025-04-09,swsh12-186,451834,Holofoil,283.95,270.0,318.09,699.95,272.97
2025-04-09,swsh12pt5gg-GG69,478100,Holofoil,186.38,164.99,201.71,100000.0,207.99
2025-04-09,swsh35-25,223018,Normal,0.11,0.01,0.19,1.25,
2025-04-09,swsh35-25,223018,Reverse Holofoil,0.32,0.09,0.3,2.0,
2025-04-09,swsh35-74,223073,Holofoil,207.61,160.0,246.52,1500.0,216.22
2025-04-09,swsh45sv-SV107,232496,Holofoil,118.53,95.02,130.0,349.95,128.05
2025-04-09,swsh7-204,246693,Holofoil,29.79,26.0,34.64,100.0,42.88
2025-04-09,swsh7-205,246696,Holofoil,421.85,350.0,466.49,751.57,419.99
2025-04-09,swsh7-208,246755,Holofoil,25.67,22.07,29.99,48.95,31.27
2025-04-09,swsh7-209,246756,Holofoil,377.75,325.0,398.99,799.99,360.19
2025-04-09,swsh7-211,246702,Holofoil,44.22,34.99,49.0,130.0,48.98
2025-04-09,swsh7-212,246704,Holofoil,426.37,320.0,465.18,1000.0,465.17
2025-04-09,swsh7-215,246723,Holofoil,1723.02,1272.99,1840.0,2713.8,1728.94
2025-04-09,swsh7-218,246733,Holofoil,801.77,640.0,799.97,1416.74,799.96
2025-04-09,swsh7-41,246753,Holofoil,5.87,3.9,5.68,89.0,9.99
2025-04-09,swsh7-65,246690,Holofoil,9.31,7.67,10.0,500.0,13.57
2025-04-09,swsh7-75,246701,Holofoil,10.32,7.73,10.43,50.0,12.69
2025-04-09,swsh7-8,246691,Holofoil,6.27,3.9,6.26,50.0,6.99
2025-04-09,swsh8-271,253266,Holofoil,641.42,578.5,705.56,1799.0,609.99
2025-04-09,swsh9-154,263873,Holofoil,214.63,175.0,226.0,1500.0,224.84
2025-04-10,base1-15,42355,Holofoil,125.35,65.0,118.7,300.0,101.76
2025-04-10,base1-16,42356,Holofoil,40.55,20.37,33.33,9999.0,23.28
2025-04-10,base1-2,42360,Holofoil,162.3,104.91,149.99,259.85,99.99
2025-04-10,base1-4,42382,Holofoil,460.29,288.99,430.56,1000.0,
2025-04-10,base1-58,42402,Normal,3.9,0.48,2.25,9999.0,3.1
2025-04-10,cel25c-4,250320,Holofoil,94.67,88.0,104.96,250.0,101.2
2025-04-10,gym2-2,83861,1st Edition Holofoil,923.15,500.0,650.0,799.99,
2025-04-10,gym2-2,83861,Unlimited Holofoil,337.78,349.0,389.99,599.0,
2025-04-10,neo1-9,86903,1st Edition Holofoil,1251.5,646.43,2950.0,2954.98,
2025-04-10,neo1-9,86903,Unlimited Holofoil,400.6,298.99,372.61,1000.0,
2025-04-10,sl-151-bundle,502000,Normal,67.42,55.0,70.0,250.0,
2025-04-10,sl-151-etb,503313,Normal,207.24,200.0,225.0,4999.99,
2025-04-10,sl-151-upc,502005,Normal,344.13,333.89,399.98,20000.0,
2025-04-10,sl-ar-box,265519,Normal,268.37,259.9,289.99,1999.99,
2025-04-10,sl-bs-box,256141,Normal,290.68,284.99,312.99,999.99,
2025-04-10,sl-cel-upc,245140,Normal,455.27,440.0,500.0,1499.95,
2025-04-10,sl-champ-etb,218791,Normal,120.69,118.0,142.99,399.99,
2025-04-10,sl-cz-etb,453470,Normal,136.43,120.99,143.75,1999.99,
2025-04-10,sl-dr-box,624679,Normal,274.54,274.94,321.49,1500.0,
2025-04-10,sl-evs-box,242436,Normal,1306.97,1345.0,1842.05,9999.99,
2025-04-10,sl-evs-etb,243721,Normal,472.63,480.0,522.49,979.99,
2025-04-10,sl-fs-box,247654,Normal,476.8,470.0,567.48,1199.99,
2025-04-10,sl-hf-etb,194729,Normal,290.98,269.69,300.0,999.98,
2025-04-10,sl-jp-151,565243,Normal,157.28,154.0,164.82,399.99,
2025-04-10,sl-jp-terastal,603428,Normal,114.86,108.99,120.0,200.0,
2025-04-10,sl-jt-box,610931,Normal,230.47,224.0,242.95,600.0,
2025-04-10,sl-lo-box,277324,Normal,386.94,370.0,425.0,1299.99,
2025-04-10,sl-obf-box,501257,Normal,210.31,200.0,249.0,999.99,
2025-04-10,sl-pe-etb,593355,Normal,136.55,124.99,148.24,299.99,
2025-04-10,sl-pe-spc,622770,Normal,408.2,361.7,371.74,458.72,
2025-04-10,sl-pf-etb,528040,Normal,127.91,119.99,130.0,209.98,
2025-04-10,sl-shf-etb,228821,Normal,80.73,72.0,89.25,999.0,
2025-04-10,sl-ss-box,565606,Normal,253.34,244.99,288.88,4999.99,
2025-04-10,sl-st-box,283389,Normal,272.76,271.97,300.0,1199.99,
2025-04-10,sl-tf-box,536225,Normal,197.01,194.0,205.0,400.0,
2025-04-10,sv2-185,497557,Normal,0.35,0.01,0.33,28.0,0.25
2025-04-10,sv2-185,497557,Reverse Holofoil,1.98,0.2,1.29,9.99,0.6
2025-04-10,sv2-254,497669,Holofoil,21.03,14.99,20.96,100.0,29.97
2025-04-10,sv2-269,497689,Holofoil,66.26,57.0,70.95,259.99,74.98
2025-04-10,sv3pt5-151,516566,Holofoil,7.7,4.9,7.99,40.0,9.15
2025-04-10,sv3pt5-199,517045,Holofoil,221.92,198.69,274.99,1000.0,233.73
2025-04-10,sv3pt5-205,517051,Holofoil,11.43,8.31,14.44,50.0,12.28
2025-04-10,sv3pt5-4,502555,Normal,0.1,0.01,0.15,28.0,0.11
2025-04-10,sv3pt5-4,502555,Reverse Holofoil,0.23,0.08,0.26,10.0,0.24
2025-04-10,sv3pt5-6,502558,Holofoil,5.94,2.5,5.67,26.0,5.0
2025-04-10,sv3pt5-7,502548,Normal,0.11,0.01,0.15,28.0,0.12
2025-04-10,sv3pt5-7,502548,Reverse Holofoil,0.15,0.01,0.25,4.95,0.16
2025-04-10,sv4pt5-234,535090,Holofoil,196.56,170.0,200.0,499.98,199.99
2025-04-10,sv4pt5-54,534416,Holofoil,2.7,1.44,3.0,45.0,4.49
2025-04-10,sv8-57,590025,Holofoil,6.39,4.0,7.0,50.0,9.45
2025-04-10,sv8pt5-149,610504,Holofoil,387.92,319.01,408.91,799.95,549.89
2025-04-10,sv8pt5-155,610510,Holofoil,415.57,350.0,417.62,899.95,
2025-04-10,sv8pt5-156,610511,Holofoil,480.39,420.0,511.95,899.95,511.99
2025-04-10,sv8pt5-161,610516,Holofoil,1447.68,1300.0,1469.98,3000.0,1469.98
2025-04-10,sv8pt5-167,610522,Holofoil,232.38,219.31,235.15,366.0,
2025-04-10,sv8pt5-179,610534,Holofoil,70.37,64.99,79.99,270.0,
2025-04-10,sv8pt5-28,610383,Holofoil,1.7,0.75,1.82,20.0,
2025-04-10,sv8pt5-47,610402,Normal,0.05,0.01,0.1,28.0,0.01
2025-04-10,sv8pt5-47,610402,Reverse Holofoil,0.1,0.01,0.13,4.95,0.1
2025-04-10,sv8pt5-59,610414,Holofoil,0.39,0.04,0.42,35.0,
2025-04-10,sv8pt5-59,610414,Reverse Holofoil,0.6,0.15,1.0,25.0,1.35
2025-04-10,sv8pt5-60,610415,Holofoil,6.54,4.39,8.99,89.99,8.81
2025-04-10,svp-085,518861,Normal,348.77,329.9,383.65,750.0,329.9
2025-04-10,swsh11-186,284137,Holofoil,624.31,438.38,664.1,1269.69,689.44
2025-04-10,swsh12-186,451834,Holofoil,284.65,250.0,318.1,699.95,292.51
2025-04-10,swsh12pt5gg-GG69,478100,Holofoil,183.1,164.99,205.0,100000.0,208.0
2025-04-10,swsh35-25,223018,Normal,0.11,0.01,0.2,28.0,
2025-04-10,swsh35-25,223018,Reverse Holofoil,0.32,0.09,0.3,2.0,
2025-04-10,swsh35-74,223073,Holofoil,207.61,162.65,243.07,1500.0,211.82
2025-04-10,swsh45sv-SV107,232496,Holofoil,119.31,95.02,130.0,349.95,124.3
2025-04-10,swsh7-204,246693,Holofoil,29.79,25.74,34.99,100.0,42.88
2025-04-10,swsh7-205,246696,Holofoil,421.85,350.0,466.49,742.12,419.99
2025-04-10,swsh7-208,246755,Holofoil,25.67,20.0,28.55,48.95,31.27
2025-04-10,swsh7-209,246756,Holofoil,377.75,325.0,398.99,799.99,360.19
2025-04-10,swsh7-211,246702,Holofoil,44.22,34.99,49.0,130.0,48.98
2025-04-10,swsh7-212,246704,Holofoil,426.37,320.0,465.1,1000.0,460.52
2025-04-10,swsh7-215,246723,Holofoil,1742.15,1249.99,1800.0,2713.8,1699.61
2025-04-10,swsh7-218,246733,Holofoil,801.77,640.0,799.96,1410.43,795.69
2025-04-10,swsh7-41,246753,Holofoil,6.21,3.9,5.98,89.0,5.77
2025-04-10,swsh7-65,246690,Holofoil,9.66,8.0,10.0,500.0,13.98
2025-04-10,swsh7-75,246701,Holofoil,11.05,7.73,10.49,50.0,9.43
2025-04-10,swsh7-8,246691,Holofoil,6.27,3.9,6.24,50.0,7.97
2025-04-10,swsh8-271,253266,Holofoil,641.42,577.28,702.1,1799.0,609.99
2025-04-10,swsh9-154,263873,Holofoil,215.95,175.0,226.0,1500.0,224.82
2025-04-11,base1-15,42355,Holofoil,125.19,58.68,118.9,300.0,
2025-04-11,base1-16,42356,Holofoil,40.55,20.37,36.5,9999.0,20.41
2025-04-11,base1-2,42360,Holofoil,162.3,101.42,149.99,260.98,
2025-04-11,base1-4,42382,Holofoil,460.29,288.99,475.16,1000.0,
2025-04-11,base1-58,42402,Normal,4.01,0.48,2.33,9999.0,
2025-04-11,cel25c-4,250320,Holofoil,94.55,89.0,104.95,250.0,101.03
2025-04-11,gym2-2,83861,1st Edition Holofoil,923.15,500.0,650.0,799.99,
2025-04-11,gym2-2,83861,Unlimited Holofoil,337.78,349.0,389.99,599.0,
2025-04-11,neo1-9,86903,1st Edition Holofoil,1251.5,646.43,2950.0,2954.98,
2025-04-11,neo1-9,86903,Unlimited Holofoil,400.6,298.99,395.82,1000.0,
2025-04-11,sl-151-bundle,502000,Normal,64.4,58.89,70.0,250.0,
2025-04-11,sl-151-etb,503313,Normal,206.14,205.0,227.45,4999.99,
2025-04-11,sl-151-upc,502005,Normal,339.35,333.89,399.99,20000.0,
2025-04-11,sl-ar-box,265519,Normal,268.76,259.9,289.99,1999.99,
2025-04-11,sl-bs-box,256141,Normal,290.37,284.99,312.99,999.99,
2025-04-11,sl-cel-upc,245140,Normal,455.27,435.0,500.0,1499.95,
2025-04-11,sl-champ-etb,218791,Normal,122.16,118.0,148.99,399.99,
2025-04-11,sl-cz-etb,453470,Normal,134.64,120.99,143.75,1999.99,
2025-04-11,sl-dr-box,624679,Normal,275.25,274.92,320.0,1500.0,
2025-04-11,sl-evs-box,242436,Normal,1306.97,1344.99,1800.04,9999.99,
2025-04-11,sl-evs-etb,243721,Normal,472.63,495.99,513.99,979.99,
2025-04-11,sl-fs-box,247654,Normal,477.0,470.0,550.0,1199.99,
2025-04-11,sl-hf-etb,194729,Normal,290.98,269.69,300.0,999.98,
2025-04-11,sl-jp-151,565243,Normal,156.81,143.7,164.57,399.99,
2025-04-11,sl-jp-terastal,603428,Normal,114.84,107.2,120.0,200.0,
2025-04-11,sl-jt-box,610931,Normal,228.02,224.99,241.82,600.0,
2025-04-11,sl-lo-box,277324,Normal,385.38,378.98,425.0,1299.99,
2025-04-11,sl-obf-box,501257,Normal,209.76,200.0,248.9,999.99,
2025-04-11,sl-pe-etb,593355,Normal,136.07,128.0,149.99,299.99,
2025-04-11,sl-pe-spc,622770,Normal,391.34,359.7,370.64,458.72,
2025-04-11,sl-pf-etb,528040,Normal,128.45,119.99,130.0,209.98,
2025-04-11,sl-shf-etb,228821,Normal,80.03,72.0,87.63,999.0,
2025-04-11,sl-ss-box,565606,Normal,252.41,246.97,292.59,4999.99,
2025-04-11,sl-st-box,283389,Normal,272.76,271.97,300.0,1199.99,
2025-04-11,sl-tf-box,536225,Normal,198.41,194.0,205.0,400.0,
2025-04-11,sv2-185,497557,Normal,0.29,0.01,0.33,4.99,0.28
2025-04-11,sv2-185,497557,Reverse Holofoil,2.44,0.2,1.33,9.99,0.98
2025-04-11,sv2-254,497669,Holofoil,21.44,14.99,21.13,100.0,29.98
2025-04-11,sv2-269,497689,Holofoil,66.03,57.0,70.98,259.99,74.98
2025-04-11,sv3pt5-151,516566,Holofoil,7.49,5.0,7.99,40.0,9.15
2025-04-11,sv3pt5-199,517045,Holofoil,221.55,198.0,277.99,983.0,279.93
2025-04-11,sv3pt5-205,517051,Holofoil,11.88,8.31,14.24,50.0,16.99
2025-04-11,sv3pt5-4,502555,Normal,0.1,0.01,0.15,4.95,0.15
2025-04-11,sv3pt5-4,502555,Reverse Holofoil,0.24,0.07,0.26,10.0,
2025-04-11,sv3pt5-6,502558,Holofoil,4.78,2.5,5.5,26.0,3.97
2025-04-11,sv3pt5-7,502548,Normal,0.13,0.01,0.15,15.0,0.14
2025-04-11,sv3pt5-7,502548,Reverse Holofoil,0.18,0.01,0.25,4.95,0.15
2025-04-11,sv4pt5-234,535090,Holofoil,190.57,170.0,201.67,499.98,199.99
2025-04-11,sv4pt5-54,534416,Holofoil,2.68,1.28,3.0,45.0,4.23
2025-04-11,sv8-57,590025,Holofoil,5.9,4.0,7.0,50.0,8.03
2025-04-11,sv8pt5-149,610504,Holofoil,387.92,319.01,410.5,799.95,548.89
2025-04-11,sv8pt5-155,610510,Holofoil,429.92,350.0,417.62,899.95,
2025-04-11,sv8pt5-156,610511,Holofoil,501.98,420.0,546.45,899.95,
2025-04-11,sv8pt5-161,610516,Holofoil,1454.92,1325.0,1449.99,3000.0,1469.99
2025-04-11,sv8pt5-167,610522,Holofoil,228.85,220.0,239.0,360.45,
2025-04-11,sv8pt5-179,610534,Holofoil,69.54,65.0,79.99,270.0,70.44
2025-04-11,sv8pt5-28,610383,Holofoil,1.87,0.75,1.83,20.0,
2025-04-11,sv8pt5-47,610402,Normal,0.05,0.01,0.1,10.0,0.01
2025-04-11,sv8pt5-47,610402,Reverse Holofoil,0.1,0.01,0.13,4.95,0.1
2025-04-11,sv8pt5-59,610414,Holofoil,0.44,0.04,0.42,35.0,
2025-04-11,sv8pt5-59,610414,Reverse Holofoil,0.68,0.15,1.0,25.0,
2025-04-11,sv8pt5-60,610415,Holofoil,6.14,4.39,8.81,40.0,8.81
2025-04-11,svp-085,518861,Normal,348.77,329.9,379.32,750.0,329.9
2025-04-11,swsh11-186,284137,Holofoil,619.15,434.99,655.0,1269.69,689.42
2025-04-11,swsh12-186,451834,Holofoil,284.81,245.0,304.58,699.95,292.5
2025-04-11,swsh12pt5gg-GG69,478100,Holofoil,181.38,164.99,205.0,100000.0,201.33
2025-04-11,swsh35-25,223018,Normal,0.11,0.01,0.2,1.25,
2025-04-11,swsh35-25,223018,Reverse Holofoil,0.32,0.09,0.3,2.0,
2025-04-11,swsh35-74,223073,Holofoil,207.61,162.65,242.65,1500.0,211.82
2025-04-11,swsh45sv-SV107,232496,Holofoil,117.32,95.02,130.0,349.95,124.29
2025-04-11,swsh7-204,246693,Holofoil,29.79,26.0,33.68,100.0,42.88
2025-04-11,swsh7-205,246696,Holofoil,421.85,350.0,466.49,745.42,419.99
2025-04-11,swsh7-208,246755,Holofoil,25.69,20.0,26.69,48.95,31.27
2025-04-11,swsh7-209,246756,Holofoil,377.75,319.99,398.19,799.99,360.18
2025-04-11,swsh7-211,246702,Holofoil,44.22,34.99,48.99,130.0,48.98
2025-04-11,swsh7-212,246704,Holofoil,426.37,320.0,461.31,1000.0,460.51
2025-04-11,swsh7-215,246723,Holofoil,1742.15,1224.99,1800.0,2743.95,1699.6
2025-04-11,swsh7-218,246733,Holofoil,801.77,640.0,795.68,1416.74,794.69
2025-04-11,swsh7-41,246753,Holofoil,6.03,3.9,5.99,89.0,7.32
2025-04-11,swsh7-65,246690,Holofoil,10.23,8.0,10.05,500.0,13.49
2025-04-11,swsh7-75,246701,Holofoil,11.0,7.73,10.75,50.0,10.0
2025-04-11,swsh7-8,246691,Holofoil,6.28,3.9,6.24,50.0,5.0
2025-04-11,swsh8-271,253266,Holofoil,642.68,578.41,700.0,1799.0,609.99
2025-04-11,swsh9-154,263873,Holofoil,216.97,175.0,226.0,1500.0,224.8
2025-04-12,base1-15,42355,Holofoil,125.19,64.99,118.73,300.0,
2025-04-12,base1-16,42356,Holofoil,40.55,20.37,36.5,9999.0,
2025-04-12,base1-2,42360,Holofoil,162.3,101.42,149.99,258.28,
2025-04-12,base1-4,42382,Holofoil,460.29,288.99,472.63,1000.0,
2025-04-12,base1-58,42402,Normal,4.05,0.48,2.38,9999.0,
2025-04-12,cel25c-4,250320,Holofoil,94.55,87.49,104.95,250.0,104.88
2025-04-12,gym2-2,83861,1st Edition Holofoil,923.15,500.0,650.0,799.99,
2025-04-12,gym2-2,83861,Unlimited Holofoil,337.78,349.0,389.99,599.0,
2025-04-12,neo1-9,86903,1st Edition Holofoil,1251.5,646.43,1825.0,2954.98,
2025-04-12,neo1-9,86903,Unlimited Holofoil,400.6,340.0,413.31,1000.0,
2025-04-12,sl-151-bundle,502000,Normal,68.18,59.98,70.0,250.0,
2025-04-12,sl-151-etb,503313,Normal,206.34,202.7,225.8,4999.99,
2025-04-12,sl-151-upc,502005,Normal,338.92,333.89,399.99,20000.0,
2025-04-12,sl-ar-box,265519,Normal,269.15,259.9,287.5,1999.99,
2025-04-12,sl-bs-box,256141,Normal,289.77,285.9,324.07,999.99,
2025-04-12,sl-cel-upc,245140,Normal,455.27,435.0,500.0,1499.95,
2025-04-12,sl-champ-etb,218791,Normal,121.37,118.0,149.5,399.99,
2025-04-12,sl-cz-etb,453470,Normal,133.67,124.97,149.48,1999.99,
2025-04-12,sl-dr-box,624679,Normal,274.9,274.88,320.0,1500.0,
2025-04-12,sl-evs-box,242436,Normal,1306.97,1344.99,1799.98,9999.99,
2025-04-12,sl-evs-etb,243721,Normal,472.63,495.99,513.99,979.99,
2025-04-12,sl-fs-box,247654,Normal,477.0,470.0,550.0,1199.99,
2025-04-12,sl-hf-etb,194729,Normal,290.98,260.0,300.0,999.98,
2025-04-12,sl-jp-151,565243,Normal,156.33,153.86,164.65,399.99,
2025-04-12,sl-jp-terastal,603428,Normal,113.6,107.2,120.0,200.0,
2025-04-12,sl-jt-box,610931,Normal,229.36,215.0,240.69,600.0,
2025-04-12,sl-lo-box,277324,Normal,383.73,377.72,425.0,1299.99,
2025-04-12,sl-obf-box,501257,Normal,208.17,200.0,245.95,999.99,
2025-04-12,sl-pe-etb,593355,Normal,138.72,124.99,149.99,299.99,
2025-04-12,sl-pe-spc,622770,Normal,377.59,354.8,369.84,458.72,
2025-04-12,sl-pf-etb,528040,Normal,128.94,119.99,130.0,209.98,
2025-04-12,sl-shf-etb,228821,Normal,79.94,72.0,86.0,999.0,
2025-04-12,sl-ss-box,565606,Normal,250.39,242.99,289.41,4999.99,
2025-04-12,sl-st-box,283389,Normal,272.76,270.95,300.0,1199.99,
2025-04-12,sl-tf-box,536225,Normal,198.49,194.0,205.0,400.0,
2025-04-12,sv2-185,497557,Normal,0.29,0.01,0.33,4.99,0.28
2025-04-12,sv2-185,497557,Reverse Holofoil,2.36,0.2,1.38,9.99,1.01
2025-04-12,sv2-254,497669,Holofoil,22.12,14.99,22.0,100.0,29.99
2025-04-12,sv2-269,497689,Holofoil,66.31,57.0,71.0,259.99,74.98
2025-04-12,sv3pt5-151,516566,Holofoil,7.22,4.0,8.0,40.0,6.45
2025-04-12,sv3pt5-199,517045,Holofoil,223.96,198.0,275.0,825.0,270.0
2025-04-12,sv3pt5-205,517051,Holofoil,12.7,8.31,14.28,50.0,17.91
2025-04-12,sv3pt5-4,502555,Normal,0.11,0.01,0.15,4.95,0.15
2025-04-12,sv3pt5-4,502555,Reverse Holofoil,0.22,0.05,0.26,10.0,
2025-04-12,sv3pt5-6,502558,Holofoil,5.23,2.5,5.5,26.0,7.88
2025-04-12,sv3pt5-7,502548,Normal,0.14,0.01,0.15,15.0,0.14
2025-04-12,sv3pt5-7,502548,Reverse Holofoil,0.18,0.01,0.25,4.95,0.15
2025-04-12,sv4pt5-234,535090,Holofoil,190.57,170.0,200.09,499.98,213.99
2025-04-12,sv4pt5-54,534416,Holofoil,2.76,1.44,3.0,45.0,4.24
2025-04-12,sv8-57,590025,Holofoil,6.13,4.0,7.0,50.0,7.99
2025-04-12,sv8pt5-149,610504,Holofoil,387.92,319.01,410.5,823.33,548.89
2025-04-12,sv8pt5-155,610510,Holofoil,424.96,345.0,418.8,899.95,
2025-04-12,sv8pt5-156,610511,Holofoil,501.98,420.0,501.45,899.95,
2025-04-12,sv8pt5-161,610516,Holofoil,1454.92,1325.0,1454.92,3000.0,1469.99
2025-04-12,sv8pt5-167,610522,Holofoil,229.23,220.0,239.5,361.05,
2025-04-12,sv8pt5-179,610534,Holofoil,68.09,65.0,79.99,270.0,71.4
2025-04-12,sv8pt5-28,610383,Holofoil,1.82,0.75,1.82,20.0,
2025-04-12,sv8pt5-47,610402,Normal,0.05,0.01,0.1,10.0,0.04
2025-04-12,sv8pt5-47,610402,Reverse Holofoil,0.1,0.01,0.13,4.95,0.1
2025-04-12,sv8pt5-59,610414,Holofoil,0.4,0.09,0.42,35.0,
2025-04-12,sv8pt5-59,610414,Reverse Holofoil,0.66,0.15,1.0,25.0,
2025-04-12,sv8pt5-60,610415,Holofoil,6.34,4.99,8.66,40.0,8.81
2025-04-12,svp-085,518861,Normal,347.09,329.9,384.88,750.0,329.9
2025-04-12,swsh11-186,284137,Holofoil,619.15,434.99,660.0,1269.69,684.95
2025-04-12,swsh12-186,451834,Holofoil,284.36,243.0,299.99,699.95,292.5
2025-04-12,swsh12pt5gg-GG69,478100,Holofoil,188.58,164.99,205.0,1000.0,208.0
2025-04-12,swsh35-25,223018,Normal,0.11,0.01,0.2,1.25,
2025-04-12,swsh35-25,223018,Reverse Holofoil,0.32,0.09,0.3,2.0,
2025-04-12,swsh35-74,223073,Holofoil,207.65,162.65,242.78,1500.0,211.82
2025-04-12,swsh45sv-SV107,232496,Holofoil,117.32,95.02,129.99,349.95,124.29
2025-04-12,swsh7-204,246693,Holofoil,29.79,26.0,33.94,100.0,42.87
2025-04-12,swsh7-205,246696,Holofoil,421.85,350.0,466.49,737.64,419.99
2025-04-12,swsh7-208,246755,Holofoil,25.69,20.0,26.24,48.95,31.27
2025-04-12,swsh7-209,246756,Holofoil,377.75,300.0,397.98,799.99,339.99
2025-04-12,swsh7-211,246702,Holofoil,44.22,34.99,48.99,130.0,48.98
2025-04-12,swsh7-212,246704,Holofoil,426.37,320.0,460.73,1000.0,455.9
2025-04-12,swsh7-215,246723,Holofoil,1742.15,1200.0,1800.0,2743.95,1699.6
2025-04-12,swsh7-218,246733,Holofoil,801.77,640.0,795.18,1401.95,791.69
2025-04-12,swsh7-41,246753,Holofoil,5.98,3.31,5.99,89.0,6.0
2025-04-12,swsh7-65,246690,Holofoil,10.21,7.96,10.07,500.0,13.31
2025-04-12,swsh7-75,246701,Holofoil,10.76,7.73,10.81,50.0,13.29
2025-04-12,swsh7-8,246691,Holofoil,6.12,3.9,6.25,50.0,8.18
2025-04-12,swsh8-271,253266,Holofoil,642.32,578.09,700.0,1799.0,609.99
2025-04-12,swsh9-154,263873,Holofoil,216.97,175.0,226.0,1500.0,199.99
2025-04-13,base1-15,42355,Holofoil,125.19,65.0,119.3,300.0,
2025-04-13,base1-16,42356,Holofoil,40.55,20.37,36.55,9999.0,
2025-04-13,base1-2,42360,Holofoil,162.3,101.42,151.98,255.26,
2025-04-13,base1-4,42382,Holofoil,460.29,288.99,489.21,1000.0,
2025-04-13,base1-58,42402,Normal,4.03,0.5,2.38,9999.0,
2025-04-13,cel25c-4,250320,Holofoil,94.81,89.0,104.95,250.0,100.98
2025-04-13,gym2-2,83861,1st Edition Holofoil,923.15,500.0,650.0,799.99,
2025-04-13,gym2-2,83861,Unlimited Holofoil,337.78,349.0,389.99,599.0,
2025-04-13,neo1-9,86903,1st Edition Holofoil,1251.5,646.43,699.99,2954.98,
2025-04-13,neo1-9,86903,Unlimited Holofoil,400.6,340.0,413.31,1000.0,
2025-04-13,sl-151-bundle,502000,Normal,67.46,59.98,70.0,250.0,
2025-04-13,sl-151-etb,503313,Normal,207.15,205.0,229.0,4999.99,
2025-04-13,sl-151-upc,502005,Normal,340.91,333.85,399.99,20000.0,
2025-04-13,sl-ar-box,265519,Normal,269.81,259.9,289.99,1999.99,
2025-04-13,sl-bs-box,256141,Normal,290.0,285.9,316.62,999.99,
2025-04-13,sl-cel-upc,245140,Normal,455.27,435.0,500.0,1499.95,
2025-04-13,sl-champ-etb,218791,Normal,122.01,120.0,148.99,399.99,
2025-04-13,sl-cz-etb,453470,Normal,135.26,124.97,149.99,1999.99,
2025-04-13,sl-dr-box,624679,Normal,274.85,274.83,320.0,1500.0,
2025-04-13,sl-evs-box,242436,Normal,1291.97,1344.99,1800.04,9999.99,
2025-04-13,sl-evs-etb,243721,Normal,476.11,494.98,500.0,979.99,
2025-04-13,sl-fs-box,247654,Normal,476.8,470.0,567.48,1199.99,
2025-04-13,sl-hf-etb,194729,Normal,288.7,279.0,300.0,999.98,
2025-04-13,sl-jp-151,565243,Normal,157.08,151.4,164.65,399.99,
2025-04-13,sl-jp-terastal,603428,Normal,111.53,107.2,120.0,200.0,
2025-04-13,sl-jt-box,610931,Normal,228.76,219.98,243.46,600.0,
2025-04-13,sl-lo-box,277324,Normal,383.05,377.72,425.0,1299.99,
2025-04-13,sl-obf-box,501257,Normal,207.58,200.0,249.0,999.99,
2025-04-13,sl-pe-etb,593355,Normal,135.4,124.99,149.9,299.99,
2025-04-13,sl-pe-spc,622770,Normal,368.39,354.5,369.52,458.72,
2025-04-13,sl-pf-etb,528040,Normal,128.55,119.99,130.0,209.98,
2025-04-13,sl-shf-etb,228821,Normal,78.83,72.01,89.25,999.0,
2025-04-13,sl-ss-box,565606,Normal,247.83,249.99,298.95,4999.99,
2025-04-13,sl-st-box,283389,Normal,273.04,270.0,300.0,1199.99,
2025-04-13,sl-tf-box,536225,Normal,198.46,194.0,205.0,400.0,
2025-04-13,sv2-185,497557,Normal,0.29,0.01,0.34,4.99,
2025-04-13,sv2-185,497557,Reverse Holofoil,1.88,0.2,1.4,9.99,
2025-04-13,sv2-254,497669,Holofoil,24.24,14.99,22.0,100.0,20.67
2025-04-13,sv2-269,497689,Holofoil,66.11,57.0,70.49,259.99,
2025-04-13,sv3pt5-151,516566,Holofoil,7.37,4.0,7.97,40.0,7.64
2025-04-13,sv3pt5-199,517045,Holofoil,221.58,198.69,277.79,825.0,278.99
2025-04-13,sv3pt5-205,517051,Holofoil,12.41,9.0,14.24,50.0,11.19
2025-04-13,sv3pt5-4,502555,Normal,0.12,0.01,0.15,4.95,0.15
2025-04-13,sv3pt5-4,502555,Reverse Holofoil,0.2,0.07,0.26,10.0,
2025-04-13,sv3pt5-6,502558,Holofoil,4.81,3.5,5.46,26.0,
2025-04-13,sv3pt5-7,502548,Normal,0.14,0.01,0.15,15.0,0.15
2025-04-13,sv3pt5-7,502548,Reverse Holofoil,0.2,0.01,0.25,4.95,0.19
2025-04-13,sv4pt5-234,535090,Holofoil,190.44,170.0,202.64,499.98,213.99
2025-04-13,sv4pt5-54,534416,Holofoil,2.77,1.5,3.0,45.0,4.05
2025-04-13,sv8-57,590025,Holofoil,6.32,4.0,7.0,50.0,7.82
2025-04-13,sv8pt5-149,610504,Holofoil,387.92,319.01,410.5,799.95,499.99
2025-04-13,sv8pt5-155,610510,Holofoil,424.96,345.0,418.8,899.95,
2025-04-13,sv8pt5-156,610511,Holofoil,501.98,420.0,501.45,899.95,
2025-04-13,sv8pt5-161,610516,Holofoil,1453.72,1325.0,1449.99,3000.0,
2025-04-13,sv8pt5-167,610522,Holofoil,229.23,220.0,236.66,361.05,
2025-04-13,sv8pt5-179,610534,Holofoil,67.51,65.0,79.99,270.0,
2025-04-13,sv8pt5-28,610383,Holofoil,1.67,0.8,1.85,20.0,
2025-04-13,sv8pt5-47,610402,Normal,0.05,0.01,0.1,30.06,0.04
2025-04-13,sv8pt5-47,610402,Reverse Holofoil,0.09,0.01,0.13,30.09,0.1
2025-04-13,sv8pt5-59,610414,Holofoil,0.38,0.09,0.42,35.0,
2025-04-13,sv8pt5-59,610414,Reverse Holofoil,0.8,0.2,1.0,30.8,
2025-04-13,sv8pt5-60,610415,Holofoil,6.85,5.3,8.59,40.0,
2025-04-13,svp-085,518861,Normal,346.73,329.9,378.2,750.0,329.9
2025-04-13,swsh11-186,284137,Holofoil,619.15,450.0,678.04,1269.69,684.94
2025-04-13,swsh12-186,451834,Holofoil,284.28,240.0,304.2,699.95,292.5
2025-04-13,swsh12pt5gg-GG69,478100,Holofoil,187.08,164.0,205.0,1000.0,208.0
2025-04-13,swsh35-25,223018,Normal,0.11,0.01,0.19,1.25,
2025-04-13,swsh35-25,223018,Reverse Holofoil,0.32,0.09,0.3,2.0,
2025-04-13,swsh35-74,223073,Holofoil,205.05,162.93,242.24,1500.0,209.19
2025-04-13,swsh45sv-SV107,232496,Holofoil,117.32,95.02,129.99,349.95,124.29
2025-04-13,swsh7-204,246693,Holofoil,28.92,26.0,34.47,100.0,42.86
2025-04-13,swsh7-205,246696,Holofoil,421.85,349.99,466.49,729.0,419.99
2025-04-13,swsh7-208,246755,Holofoil,25.81,22.07,26.32,48.95,31.28
2025-04-13,swsh7-209,246756,Holofoil,377.75,255.48,397.97,799.99,339.99
2025-04-13,swsh7-211,246702,Holofoil,44.22,34.99,48.99,130.0,48.98
2025-04-13,swsh7-212,246704,Holofoil,426.37,320.0,452.65,1000.0,426.36
2025-04-13,swsh7-215,246723,Holofoil,1742.15,1199.99,1800.0,2743.95,1699.0
2025-04-13,swsh7-218,246733,Holofoil,801.77,600.0,793.68,1385.59,785.69
2025-04-13,swsh7-41,246753,Holofoil,5.65,3.31,5.98,89.0,6.0
2025-04-13,swsh7-65,246690,Holofoil,10.34,8.0,10.05,500.0,13.44
2025-04-13,swsh7-75,246701,Holofoil,10.74,7.73,10.74,50.0,15.99
2025-04-13,swsh7-8,246691,Holofoil,5.8,3.9,6.1,50.0,8.75
2025-04-13,swsh8-271,253266,Holofoil,642.32,578.09,700.0,1799.0,609.99
2025-04-13,swsh9-154,263873,Holofoil,216.97,175.0,228.0,1500.0,199.99
2025-04-14,base1-15,42355,Holofoil,125.19,65.0,119.3,300.0,
2025-04-14,base1-16,42356,Holofoil,40.55,20.37,33.5,9999.0,29.99
2025-04-14,base1-2,42360,Holofoil,162.3,104.91,153.96,254.45,
2025-04-14,base1-4,42382,Holofoil,460.29,288.99,461.11,1000.0,
2025-04-14,base1-58,42402,Normal,4.05,0.5,2.38,9999.0,
2025-04-14,cel25c-4,250320,Holofoil,94.81,90.0,104.96,250.0,99.99
2025-04-14,gym2-2,83861,1st Edition Holofoil,923.15,500.0,519.99,799.99,
2025-04-14,gym2-2,83861,Unlimited Holofoil,337.78,349.0,389.99,599.0,
2025-04-14,neo1-9,86903,1st Edition Holofoil,1251.5,646.43,699.99,2954.98,
2025-04-14,neo1-9,86903,Unlimited Holofoil,400.6,340.0,413.31,1000.0,
2025-04-14,sl-151-bundle,502000,Normal,64.19,60.0,70.0,250.0,
2025-04-14,sl-151-etb,503313,Normal,207.3,204.99,229.5,4999.99,
2025-04-14,sl-151-upc,502005,Normal,342.22,330.0,399.99,20000.0,
2025-04-14,sl-ar-box,265519,Normal,269.61,254.9,289.99,1999.99,
2025-04-14,sl-bs-box,256141,Normal,289.83,280.01,316.62,999.99,
2025-04-14,sl-cel-upc,245140,Normal,456.99,435.0,500.0,1499.95,
2025-04-14,sl-champ-etb,218791,Normal,123.4,120.0,136.98,300.0,
2025-04-14,sl-cz-etb,453470,Normal,135.7,124.9,149.99,1999.99,
2025-04-14,sl-dr-box,624679,Normal,275.25,274.85,320.0,1500.0,
2025-04-14,sl-evs-box,242436,Normal,1291.97,1344.99,1800.04,9999.99,
2025-04-14,sl-evs-etb,243721,Normal,477.99,494.98,500.0,979.99,
2025-04-14,sl-fs-box,247654,Normal,476.8,470.0,567.48,1199.99,
2025-04-14,sl-hf-etb,194729,Normal,287.57,280.0,299.99,999.98,
2025-04-14,sl-jp-151,565243,Normal,155.38,148.71,164.49,399.99,
2025-04-14,sl-jp-terastal,603428,Normal,111.57,108.99,120.0,200.0,
2025-04-14,sl-jt-box,610931,Normal,227.28,214.99,240.0,600.0,
2025-04-14,sl-lo-box,277324,Normal,382.16,377.72,425.0,1299.99,
2025-04-14,sl-obf-box,501257,Normal,207.94,200.0,248.9,999.99,
2025-04-14,sl-pe-etb,593355,Normal,134.82,123.16,149.9,299.99,
2025-04-14,sl-pe-spc,622770,Normal,368.51,354.5,364.7,458.72,
2025-04-14,sl-pf-etb,528040,Normal,128.35,119.99,130.0,209.98,
2025-04-14,sl-shf-etb,228821,Normal,78.42,72.01,87.63,999.0,
2025-04-14,sl-ss-box,565606,Normal,252.39,254.99,298.9,4999.99,
2025-04-14,sl-st-box,283389,Normal,273.04,255.0,300.0,1199.99,
2025-04-14,sl-tf-box,536225,Normal,198.48,194.0,208.47,400.0,
2025-04-14,sv2-185,497557,Normal,0.31,0.01,0.35,4.99,0.4
2025-04-14,sv2-185,497557,Reverse Holofoil,1.71,0.2,1.45,9.99,1.1
2025-04-14,sv2-254,497669,Holofoil,23.77,14.99,23.03,100.0,29.97
2025-04-14,sv2-269,497689,Holofoil,66.22,58.0,70.7,259.99,58.0
2025-04-14,sv3pt5-151,516566,Holofoil,7.0,4.0,7.91,40.0,10.12
2025-04-14,sv3pt5-199,517045,Holofoil,224.62,200.0,276.85,765.0,278.97
2025-04-14,sv3pt5-205,517051,Holofoil,11.7,9.0,14.11,50.0,14.58
2025-04-14,sv3pt5-4,502555,Normal,0.11,0.01,0.15,4.95,0.15
2025-04-14,sv3pt5-4,502555,Reverse Holofoil,0.2,0.07,0.26,10.0,
2025-04-14,sv3pt5-6,502558,Holofoil,4.92,2.0,5.49,30.0,5.0
2025-04-14,sv3pt5-7,502548,Normal,0.13,0.01,0.15,15.0,0.13
2025-04-14,sv3pt5-7,502548,Reverse Holofoil,0.24,0.01,0.25,4.95,0.19
2025-04-14,sv4pt5-234,535090,Holofoil,190.35,175.46,203.24,499.98,213.99
2025-04-14,sv4pt5-54,534416,Holofoil,2.63,1.5,3.0,45.0,4.24
2025-04-14,sv8-57,590025,Holofoil,5.6,3.5,7.0,50.0,6.49
2025-04-14,sv8pt5-149,610504,Holofoil,382.49,319.01,391.46,799.95,
2025-04-14,sv8pt5-155,610510,Holofoil,423.44,345.0,425.0,899.95,
2025-04-14,sv8pt5-156,610511,Holofoil,499.78,445.0,502.9,899.95,
2025-04-14,sv8pt5-161,610516,Holofoil,1448.93,1325.0,1459.13,3000.0,
2025-04-14,sv8pt5-167,610522,Holofoil,229.23,220.0,234.99,361.05,
2025-04-14,sv8pt5-179,610534,Holofoil,67.15,65.01,79.99,270.0,
2025-04-14,sv8pt5-28,610383,Holofoil,1.74,0.8,1.85,20.0,2.17
2025-04-14,sv8pt5-47,610402,Normal,0.05,0.01,0.1,10.0,0.04
2025-04-14,sv8pt5-47,610402,Reverse Holofoil,0.1,0.01,0.12,4.95,0.1
2025-04-14,sv8pt5-59,610414,Holofoil,0.37,0.04,0.42,35.0,
2025-04-14,sv8pt5-59,610414,Reverse Holofoil,0.8,0.15,1.0,25.0,
2025-04-14,sv8pt5-60,610415,Holofoil,6.77,5.3,8.5,40.0,
2025-04-14,svp-085,518861,Normal,346.73,329.0,364.98,750.0,329.9
2025-04-14,swsh11-186,284137,Holofoil,619.15,446.5,655.0,1269.69,684.94
2025-04-14,swsh12-186,451834,Holofoil,286.16,238.5,299.04,699.95,292.51
2025-04-14,swsh12pt5gg-GG69,478100,Holofoil,187.19,164.0,200.9,1000.0,213.3
2025-04-14,swsh35-25,223018,Normal,0.11,0.01,0.19,1.25,
2025-04-14,swsh35-25,223018,Reverse Holofoil,0.34,0.09,0.3,2.0,
2025-04-14,swsh35-74,223073,Holofoil,205.05,162.93,241.49,1500.0,209.19
2025-04-14,swsh45sv-SV107,232496,Holofoil,118.02,95.02,130.0,349.95,117.32
2025-04-14,swsh7-204,246693,Holofoil,28.9,26.0,34.75,100.0,42.86
2025-04-14,swsh7-205,246696,Holofoil,421.85,344.99,466.48,726.73,419.99
2025-04-14,swsh7-208,246755,Holofoil,25.81,22.07,26.39,48.95,31.28
2025-04-14,swsh7-209,246756,Holofoil,377.75,290.0,397.96,799.99,334.99
2025-04-14,swsh7-211,246702,Holofoil,44.22,34.99,48.99,130.0,48.98
2025-04-14,swsh7-212,246704,Holofoil,426.37,320.0,450.7,1000.0,426.36
2025-04-14,swsh7-215,246723,Holofoil,1742.15,1199.99,1800.0,2743.95,1699.0
2025-04-14,swsh7-218,246733,Holofoil,801.77,600.0,793.68,1381.27,784.69
2025-04-14,swsh7-41,246753,Holofoil,5.34,3.9,5.7,89.0,6.83
2025-04-14,swsh7-65,246690,Holofoil,10.35,8.0,10.04,500.0,14.31
2025-04-14,swsh7-75,246701,Holofoil,10.65,7.73,10.74,50.0,10.66
2025-04-14,swsh7-8,246691,Holofoil,5.88,4.0,6.0,50.0,8.75
2025-04-14,swsh8-271,253266,Holofoil,642.32,578.09,700.0,1799.0,609.99
2025-04-14,swsh9-154,263873,Holofoil,216.97,175.0,230.0,1500.0,199.99
2025-04-15,base1-15,42355,Holofoil,125.19,65.0,119.8,300.0,
2025-04-15,base1-16,42356,Holofoil,40.55,22.0,36.6,9999.0,
2025-04-15,base1-2,42360,Holofoil,162.36,104.91,151.98,254.56,
2025-04-15,base1-4,42382,Holofoil,460.29,288.99,469.02,999.0,
2025-04-15,base1-58,42402,Normal,4.12,0.5,2.38,9999.0,
2025-04-15,cel25c-4,250320,Holofoil,94.22,90.0,104.86,250.0,82.61
2025-04-15,gym2-2,83861,1st Edition Holofoil,923.15,500.0,650.0,799.99,
2025-04-15,gym2-2,83861,Unlimited Holofoil,337.78,349.0,389.99,599.0,
2025-04-15,neo1-9,86903,1st Edition Holofoil,1251.5,646.43,699.99,2954.98,
2025-04-15,neo1-9,86903,Unlimited Holofoil,400.6,340.0,397.91,500.0,
2025-04-15,sl-151-bundle,502000,Normal,64.66,57.95,70.0,250.0,
2025-04-15,sl-151-etb,503313,Normal,208.8,202.11,228.58,4999.99,
2025-04-15,sl-151-upc,502005,Normal,342.63,330.0,399.98,20000.0,
2025-04-15,sl-ar-box,265519,Normal,269.01,259.9,289.99,1999.99,
2025-04-15,sl-bs-box,256141,Normal,289.83,280.01,316.62,999.99,
2025-04-15,sl-cel-upc,245140,Normal,456.87,435.0,499.99,1499.95,
2025-04-15,sl-champ-etb,218791,Normal,123.4,109.69,134.47,300.0,
2025-04-15,sl-cz-etb,453470,Normal,134.85,124.94,149.99,1999.99,
2025-04-15,sl-dr-box,624679,Normal,319.92,318.99,320.0,398.92,
2025-04-15,sl-evs-box,242436,Normal,1291.97,1344.99,1798.99,9999.99,
2025-04-15,sl-evs-etb,243721,Normal,480.59,494.98,500.0,979.99,
2025-04-15,sl-fs-box,247654,Normal,476.8,470.0,550.0,1199.99,
2025-04-15,sl-hf-etb,194729,Normal,287.57,280.0,299.99,999.98,
2025-04-15,sl-jp-151,565243,Normal,156.18,151.05,164.82,399.99,
2025-04-15,sl-jp-terastal,603428,Normal,113.36,112.0,120.0,200.0,
2025-04-15,sl-jt-box,610931,Normal,226.72,214.99,242.33,600.0,
2025-04-15,sl-lo-box,277324,Normal,382.16,377.72,425.0,1299.99,
2025-04-15,sl-obf-box,501257,Normal,208.73,200.0,248.9,999.99,
2025-04-15,sl-pe-etb,593355,Normal,133.6,125.0,148.95,299.99,
2025-04-15,sl-pe-spc,622770,Normal,366.34,345.0,358.33,458.72,
2025-04-15,sl-pf-etb,528040,Normal,128.54,119.99,130.0,209.98,
2025-04-15,sl-shf-etb,228821,Normal,78.21,69.24,89.25,499.99,
2025-04-15,sl-ss-box,565606,Normal,253.97,249.99,298.0,4999.99,
2025-04-15,sl-st-box,283389,Normal,272.6,255.0,300.0,1199.99,
2025-04-15,sl-tf-box,536225,Normal,198.3,194.99,208.47,400.0,
2025-04-15,sv2-185,497557,Normal,0.44,0.01,0.4,4.99,
2025-04-15,sv2-185,497557,Reverse Holofoil,1.29,0.2,1.31,9.99,
2025-04-15,sv2-254,497669,Holofoil,22.75,14.99,23.43,100.0,22.75
2025-04-15,sv2-269,497689,Holofoil,65.91,59.48,70.55,259.99,65.91
2025-04-15,sv3pt5-151,516566,Holofoil,6.62,5.0,7.89,40.0,8.0
2025-04-15,sv3pt5-199,517045,Holofoil,224.95,199.99,269.98,765.0,199.99
2025-04-15,sv3pt5-205,517051,Holofoil,11.66,9.99,14.5,50.0,17.24
2025-04-15,sv3pt5-4,502555,Normal,0.09,0.01,0.15,4.95,
2025-04-15,sv3pt5-4,502555,Reverse Holofoil,0.2,0.07,0.25,10.0,
2025-04-15,sv3pt5-6,502558,Holofoil,4.09,3.25,5.35,30.0,4.5
2025-04-15,sv3pt5-7,502548,Normal,0.12,0.01,0.15,15.0,0.12
2025-04-15,sv3pt5-7,502548,Reverse Holofoil,0.22,0.01,0.25,4.95,
2025-04-15,sv4pt5-234,535090,Holofoil,186.03,175.46,199.99,499.98,213.99
2025-04-15,sv4pt5-54,534416,Holofoil,2.05,1.49,3.0,45.0,3.45
2025-04-15,sv8-57,590025,Holofoil,4.9,4.0,7.0,50.0,7.71
2025-04-15,sv8pt5-149,610504,Holofoil,385.49,302.99,387.92,799.95,
2025-04-15,sv8pt5-155,610510,Holofoil,420.61,345.99,419.98,899.95,
2025-04-15,sv8pt5-156,610511,Holofoil,499.78,445.0,546.45,899.95,
2025-04-15,sv8pt5-161,610516,Holofoil,1448.93,1325.0,1456.71,3000.0,
2025-04-15,sv8pt5-167,610522,Holofoil,229.23,218.99,234.99,361.05,
2025-04-15,sv8pt5-179,610534,Holofoil,69.01,65.01,80.28,270.0,
2025-04-15,sv8pt5-28,610383,Holofoil,1.83,0.8,1.88,20.0,
2025-04-15,sv8pt5-47,610402,Normal,0.04,0.01,0.1,10.0,0.04
2025-04-15,sv8pt5-47,610402,Reverse Holofoil,0.1,0.01,0.13,4.95,0.1
2025-04-15,sv8pt5-59,610414,Holofoil,0.4,0.03,0.43,35.0,
2025-04-15,sv8pt5-59,610414,Reverse Holofoil,0.8,0.15,1.0,25.0,
2025-04-15,sv8pt5-60,610415,Holofoil,6.14,5.3,8.5,40.0,
2025-04-15,svp-085,518861,Normal,346.73,329.0,364.95,750.0,329.9
2025-04-15,swsh11-186,284137,Holofoil,619.15,446.5,650.0,1269.69,684.95
2025-04-15,swsh12-186,451834,Holofoil,286.56,238.5,300.0,699.95,286.55
2025-04-15,swsh12pt5gg-GG69,478100,Holofoil,186.26,164.0,200.0,1000.0,174.99
2025-04-15,swsh35-25,223018,Normal,0.12,0.01,0.2,1.25,
2025-04-15,swsh35-25,223018,Reverse Holofoil,0.36,0.09,0.3,2.0,
2025-04-15,swsh35-74,223073,Holofoil,205.05,162.93,241.98,1500.0,209.19
2025-04-15,swsh45sv-SV107,232496,Holofoil,118.55,95.02,130.0,349.95,117.32
2025-04-15,swsh7-204,246693,Holofoil,28.9,26.0,34.22,100.0,42.86
2025-04-15,swsh7-205,246696,Holofoil,421.85,344.99,458.83,726.68,419.99
2025-04-15,swsh7-208,246755,Holofoil,25.81,22.07,26.39,48.95,31.28
2025-04-15,swsh7-209,246756,Holofoil,377.75,290.0,397.89,799.99,334.99
2025-04-15,swsh7-211,246702,Holofoil,44.34,34.99,48.98,130.0,48.49
2025-04-15,swsh7-212,246704,Holofoil,426.37,320.0,450.0,1000.0,426.36
2025-04-15,swsh7-215,246723,Holofoil,1750.98,1150.0,1750.98,2757.82,1699.0
2025-04-15,swsh7-218,246733,Holofoil,801.77,600.0,784.69,1381.16,782.69
2025-04-15,swsh7-41,246753,Holofoil,5.37,3.9,5.69,89.0,5.37
2025-04-15,swsh7-65,246690,Holofoil,10.41,8.0,10.19,500.0,14.31
2025-04-15,swsh7-75,246701,Holofoil,10.41,7.73,10.96,50.0,12.41
2025-04-15,swsh7-8,246691,Holofoil,6.1,4.0,6.08,50.0,8.75
2025-04-15,swsh8-271,253266,Holofoil,642.32,578.09,680.0,1799.0,609.99
2025-04-15,swsh9-154,263873,Holofoil,217.04,170.0,225.0,1500.0,223.97
2025-04-16,base1-15,42355,Holofoil,125.19,70.0,119.85,300.0,
2025-04-16,base1-16,42356,Holofoil,40.55,22.0,38.51,9999.0,
2025-04-16,base1-2,42360,Holofoil,162.36,129.99,151.98,254.39,
2025-04-16,base1-4,42382,Holofoil,441.22,288.99,460.56,999.0,
2025-04-16,base1-58,42402,Normal,4.08,0.5,2.5,89.0,0.87
2025-04-16,cel25c-4,250320,Holofoil,94.0,82.61,103.94,250.0,82.61
2025-04-16,gym2-2,83861,1st Edition Holofoil,923.15,500.0,650.0,799.99,
2025-04-16,gym2-2,83861,Unlimited Holofoil,337.78,349.0,389.99,599.0,382.2
2025-04-16,neo1-9,86903,1st Edition Holofoil,1251.5,646.43,699.99,2954.98,
2025-04-16,neo1-9,86903,Unlimited Holofoil,400.6,344.92,395.82,500.0,
2025-04-16,sl-151-bundle,502000,Normal,64.81,60.0,69.99,250.0,
2025-04-16,sl-151-etb,503313,Normal,208.88,204.99,225.0,4999.99,
2025-04-16,sl-151-upc,502005,Normal,341.67,330.0,399.93,20000.0,
2025-04-16,sl-ar-box,265519,Normal,269.17,259.9,287.5,1999.99,
2025-04-16,sl-bs-box,256141,Normal,289.83,277.0,312.49,999.99,
2025-04-16,sl-cel-upc,245140,Normal,457.07,424.99,499.99,1499.95,
2025-04-16,sl-champ-etb,218791,Normal,122.78,120.0,136.98,300.0,
2025-04-16,sl-cz-etb,453470,Normal,134.48,130.0,149.99,1999.99,
2025-04-16,sl-dr-box,624679,Normal,319.75,318.99,319.8,389.9,
2025-04-16,sl-evs-box,242436,Normal,1298.07,1350.0,1884.0,9999.99,
2025-04-16,sl-evs-etb,243721,Normal,480.59,494.98,500.0,979.99,
2025-04-16,sl-fs-box,247654,Normal,477.08,470.0,567.48,1199.99,
2025-04-16,sl-hf-etb,194729,Normal,287.57,275.0,299.99,999.98,
2025-04-16,sl-jp-151,565243,Normal,156.49,150.81,164.82,399.99,
2025-04-16,sl-jp-terastal,603428,Normal,115.55,112.0,120.0,200.0,
2025-04-16,sl-jt-box,610931,Normal,222.03,219.99,250.0,600.0,
2025-04-16,sl-lo-box,277324,Normal,379.91,380.0,425.0,1299.99,
2025-04-16,sl-obf-box,501257,Normal,208.59,200.0,248.95,999.99,
2025-04-16,sl-pe-etb,593355,Normal,135.31,122.99,147.33,299.99,
2025-04-16,sl-pe-spc,622770,Normal,362.84,345.0,356.66,458.72,
2025-04-16,sl-pf-etb,528040,Normal,127.49,119.99,130.0,209.98,
2025-04-16,sl-shf-etb,228821,Normal,78.58,72.43,89.62,499.99,
2025-04-16,sl-ss-box,565606,Normal,255.01,245.0,298.0,4999.99,
2025-04-16,sl-st-box,283389,Normal,272.16,255.0,300.0,1199.99,
2025-04-16,sl-tf-box,536225,Normal,198.41,194.0,209.99,400.0,
2025-04-16,sv2-185,497557,Normal,0.36,0.01,0.4,4.99,0.25
2025-04-16,sv2-185,497557,Reverse Holofoil,0.9,0.2,1.19,9.99,0.97
2025-04-16,sv2-254,497669,Holofoil,20.76,14.99,22.82,100.0,29.98
2025-04-16,sv2-269,497689,Holofoil,65.55,59.48,70.26,259.99,65.55
2025-04-16,sv3pt5-151,516566,Holofoil,7.34,5.0,7.75,40.0,7.48
2025-04-16,sv3pt5-199,517045,Holofoil,222.46,199.99,258.64,800.0,219.99
2025-04-16,sv3pt5-205,517051,Holofoil,11.29,8.0,14.5,50.0,13.19
2025-04-16,sv3pt5-4,502555,Normal,0.09,0.01,0.15,4.95,0.15
2025-04-16,sv3pt5-4,502555,Reverse Holofoil,0.18,0.07,0.25,10.0,
2025-04-16,sv3pt5-6,502558,Holofoil,4.04,2.99,5.27,30.0,5.0
2025-04-16,sv3pt5-7,502548,Normal,0.12,0.01,0.15,15.0,0.1
2025-04-16,sv3pt5-7,502548,Reverse Holofoil,0.21,0.01,0.25,4.95,
2025-04-16,sv4pt5-234,535090,Holofoil,186.03,169.15,199.99,499.98,216.97
2025-04-16,sv4pt5-54,534416,Holofoil,2.27,1.75,2.99,45.0,3.39
2025-04-16,sv8-57,590025,Holofoil,5.66,4.0,6.99,50.0,6.99
2025-04-16,sv8pt5-149,610504,Holofoil,387.01,280.0,430.25,799.95,
2025-04-16,sv8pt5-155,610510,Holofoil,420.61,345.99,408.81,1000.0,
2025-04-16,sv8pt5-156,610511,Holofoil,504.38,449.99,562.7,899.95,595.0
2025-04-16,sv8pt5-161,610516,Holofoil,1442.17,1324.99,1453.3,3000.0,
2025-04-16,sv8pt5-167,610522,Holofoil,228.88,214.5,234.98,360.52,
2025-04-16,sv8pt5-179,610534,Holofoil,69.39,64.99,80.53,270.0,
2025-04-16,sv8pt5-28,610383,Holofoil,1.75,0.8,1.87,20.0,2.97
2025-04-16,sv8pt5-47,610402,Normal,0.05,0.01,0.1,10.0,0.04
2025-04-16,sv8pt5-47,610402,Reverse Holofoil,0.1,0.01,0.13,4.95,0.1
2025-04-16,sv8pt5-59,610414,Holofoil,0.39,0.03,0.42,100.0,0.4
2025-04-16,sv8pt5-59,610414,Reverse Holofoil,0.76,0.15,1.0,25.0,
2025-04-16,sv8pt5-60,610415,Holofoil,6.03,5.3,8.19,40.0,7.52
2025-04-16,svp-085,518861,Normal,343.83,329.9,368.16,750.0,329.9
2025-04-16,swsh11-186,284137,Holofoil,619.15,446.5,650.0,1269.69,684.92
2025-04-16,swsh12-186,451834,Holofoil,284.09,234.69,299.04,700.0,275.82
2025-04-16,swsh12pt5gg-GG69,478100,Holofoil,184.71,164.0,200.0,1000.0,209.2
2025-04-16,swsh35-25,223018,Normal,0.12,0.01,0.2,1.25,
2025-04-16,swsh35-25,223018,Reverse Holofoil,0.36,0.09,0.3,2.0,
2025-04-16,swsh35-74,223073,Holofoil,205.05,160.0,240.99,1500.0,205.05
2025-04-16,swsh45sv-SV107,232496,Holofoil,118.45,95.02,130.0,349.95,119.99
2025-04-16,swsh7-204,246693,Holofoil,28.32,26.0,33.49,100.0,32.57
2025-04-16,swsh7-205,246696,Holofoil,421.85,344.99,457.73,726.25,419.99
2025-04-16,swsh7-208,246755,Holofoil,25.81,22.07,26.24,48.95,31.28
2025-04-16,swsh7-209,246756,Holofoil,374.01,290.0,397.89,799.99,334.99
2025-04-16,swsh7-211,246702,Holofoil,44.09,34.99,48.74,130.0,47.99
2025-04-16,swsh7-212,246704,Holofoil,426.47,319.99,461.35,1000.0,450.7
2025-04-16,swsh7-215,246723,Holofoil,1743.78,1099.0,1799.99,2757.82,1699.0
2025-04-16,swsh7-218,246733,Holofoil,801.77,600.0,783.69,1380.24,782.68
2025-04-16,swsh7-41,246753,Holofoil,5.41,3.9,5.64,89.0,7.32
2025-04-16,swsh7-65,246690,Holofoil,10.72,8.0,10.2,500.0,14.98
2025-04-16,swsh7-75,246701,Holofoil,10.45,7.73,10.96,50.0,14.05
2025-04-16,swsh7-8,246691,Holofoil,6.39,4.0,6.1,50.0,9.24
2025-04-16,swsh8-271,253266,Holofoil,642.32,578.09,692.66,1799.0,609.99
2025-04-16,swsh9-154,263873,Holofoil,217.54,170.0,224.98,1500.0,223.97
2025-04-17,base1-15,42355,Holofoil,125.19,65.0,118.82,300.0,
2025-04-17,base1-16,42356,Holofoil,40.55,22.0,38.58,9999.0,46.5
2025-04-17,base1-2,42360,Holofoil,162.36,99.0,149.99,254.34,81.0
2025-04-17,base1-4,42382,Holofoil,441.22,289.99,458.42,999.0,
2025-04-17,base1-58,42402,Normal,4.12,0.5,2.5,9999.0,0.58
2025-04-17,cel25c-4,250320,Holofoil,106.24,82.61,103.69,250.0,82.61
2025-04-17,gym2-2,83861,1st Edition Holofoil,914.33,500.0,650.0,799.99,
2025-04-17,gym2-2,83861,Unlimited Holofoil,337.78,349.0,389.99,599.0,382.2
2025-04-17,neo1-9,86903,1st Edition Holofoil,1251.5,646.43,699.99,2954.98,
2025-04-17,neo1-9,86903,Unlimited Holofoil,400.6,338.99,378.69,500.0,
2025-04-17,sl-151-bundle,502000,Normal,66.28,56.95,70.0,250.0,
2025-04-17,sl-151-etb,503313,Normal,208.83,204.99,229.0,4999.99,
2025-04-17,sl-151-upc,502005,Normal,344.07,330.0,399.93,20000.0,
2025-04-17,sl-ar-box,265519,Normal,269.05,259.9,285.0,1999.99,
2025-04-17,sl-bs-box,256141,Normal,290.64,285.9,316.62,999.99,
2025-04-17,sl-cel-upc,245140,Normal,457.07,424.99,499.99,1499.95,
2025-04-17,sl-champ-etb,218791,Normal,122.77,119.0,135.99,300.0,
2025-04-17,sl-cz-etb,453470,Normal,134.44,129.0,149.99,1999.99,
2025-04-17,sl-dr-box,624679,Normal,319.18,309.55,319.63,389.9,
2025-04-17,sl-evs-box,242436,Normal,1302.93,1350.0,1887.0,9999.99,
2025-04-17,sl-evs-etb,243721,Normal,480.59,494.98,500.0,979.99,
2025-04-17,sl-fs-box,247654,Normal,478.95,470.0,599.0,1199.99,
2025-04-17,sl-hf-etb,194729,Normal,284.1,283.0,300.0,999.98,
2025-04-17,sl-jp-151,565243,Normal,156.19,149.81,165.0,399.99,
2025-04-17,sl-jp-terastal,603428,Normal,117.61,108.0,120.0,200.0,
2025-04-17,sl-jt-box,610931,Normal,222.34,229.98,259.95,600.0,
2025-04-17,sl-lo-box,277324,Normal,379.3,390.0,434.98,1299.99,
2025-04-17,sl-obf-box,501257,Normal,208.22,208.37,248.95,999.99,
2025-04-17,sl-pe-etb,593355,Normal,134.61,122.99,145.0,299.99,
2025-04-17,sl-pe-spc,622770,Normal,358.91,345.0,356.53,458.72,
2025-04-17,sl-pf-etb,528040,Normal,127.87,119.99,130.0,209.98,
2025-04-17,sl-shf-etb,228821,Normal,78.08,75.0,89.98,499.99,
2025-04-17,sl-ss-box,565606,Normal,253.88,249.99,293.8,4999.99,
2025-04-17,sl-st-box,283389,Normal,270.56,255.0,300.0,1199.99,
2025-04-17,sl-tf-box,536225,Normal,198.61,194.0,210.0,400.0,
2025-04-17,sv2-185,497557,Normal,0.36,0.01,0.4,4.99,0.25
2025-04-17,sv2-185,497557,Reverse Holofoil,0.88,0.2,1.06,9.99,1.9
2025-04-17,sv2-254,497669,Holofoil,19.83,15.0,23.0,100.0,26.96
2025-04-17,sv2-269,497689,Holofoil,65.33,59.48,71.25,259.99,74.2
2025-04-17,sv3pt5-151,516566,Holofoil,6.5,4.99,7.75,40.0,9.97
2025-04-17,sv3pt5-199,517045,Holofoil,230.02,199.99,275.0,850.0,218.31
2025-04-17,sv3pt5-205,517051,Holofoil,11.28,8.0,14.67,50.0,12.21
2025-04-17,sv3pt5-4,502555,Normal,0.1,0.01,0.15,4.95,0.1
2025-04-17,sv3pt5-4,502555,Reverse Holofoil,0.19,0.05,0.25,10.0,
2025-04-17,sv3pt5-6,502558,Holofoil,4.73,3.0,5.45,30.0,5.0
2025-04-17,sv3pt5-7,502548,Normal,0.12,0.01,0.15,15.0,
2025-04-17,sv3pt5-7,502548,Reverse Holofoil,0.2,0.01,0.25,4.95,
2025-04-17,sv4pt5-234,535090,Holofoil,187.03,169.15,200.0,499.98,216.97
2025-04-17,sv4pt5-54,534416,Holofoil,2.53,1.75,3.0,45.0,2.51
2025-04-17,sv8-57,590025,Holofoil,5.53,3.0,6.99,50.0,8.25
2025-04-17,sv8pt5-149,610504,Holofoil,385.57,302.99,499.98,799.95,
2025-04-17,sv8pt5-155,610510,Holofoil,422.3,345.99,420.0,1000.0,
2025-04-17,sv8pt5-156,610511,Holofoil,523.24,449.99,584.81,899.95,
2025-04-17,sv8pt5-161,610516,Holofoil,1438.17,1324.99,1450.0,3000.0,
2025-04-17,sv8pt5-167,610522,Holofoil,228.4,214.5,234.96,360.52,
2025-04-17,sv8pt5-179,610534,Holofoil,69.42,64.99,81.11,270.0,
2025-04-17,sv8pt5-28,610383,Holofoil,1.68,0.8,1.87,20.0,2.94
2025-04-17,sv8pt5-47,610402,Normal,0.04,0.01,0.1,10.0,0.04
2025-04-17,sv8pt5-47,610402,Reverse Holofoil,0.09,0.01,0.12,4.95,0.09
2025-04-17,sv8pt5-59,610414,Holofoil,0.47,0.01,0.42,100.0,0.39
2025-04-17,sv8pt5-59,610414,Reverse Holofoil,0.72,0.15,0.99,25.0,0.76
2025-04-17,sv8pt5-60,610415,Holofoil,6.26,5.5,8.51,40.0,8.8
2025-04-17,svp-085,518861,Normal,343.15,329.9,371.34,750.0,329.9
2025-04-17,swsh11-186,284137,Holofoil,613.99,446.5,650.0,1269.69,684.9
2025-04-17,swsh12-186,451834,Holofoil,280.03,227.5,299.71,700.0,275.82
2025-04-17,swsh12pt5gg-GG69,478100,Holofoil,184.56,164.0,200.0,1000.0,209.2
2025-04-17,swsh35-25,223018,Normal,0.12,0.01,0.2,1.25,
2025-04-17,swsh35-25,223018,Reverse Holofoil,0.36,0.09,0.3,2.0,0.28
2025-04-17,swsh35-74,223073,Holofoil,205.05,160.0,240.99,1500.0,205.05
2025-04-17,swsh45sv-SV107,232496,Holofoil,118.03,95.0,130.0,445.06,119.99
2025-04-17,swsh7-204,246693,Holofoil,28.42,26.0,34.75,100.0,41.95
2025-04-17,swsh7-205,246696,Holofoil,421.85,344.99,455.99,726.25,419.99
2025-04-17,swsh7-208,246755,Holofoil,25.87,22.51,26.32,48.95,34.68
2025-04-17,swsh7-209,246756,Holofoil,374.01,285.0,381.77,799.99,333.49
2025-04-17,swsh7-211,246702,Holofoil,43.55,34.99,46.93,130.0,48.49
2025-04-17,swsh7-212,246704,Holofoil,422.23,319.99,460.59,1000.0,441.04
2025-04-17,swsh7-215,246723,Holofoil,1743.78,1098.99,1781.66,2746.5,1698.99
2025-04-17,swsh7-218,246733,Holofoil,801.77,600.0,782.68,1380.24,782.66
2025-04-17,swsh7-41,246753,Holofoil,5.53,3.9,5.71,89.0,7.74
2025-04-17,swsh7-65,246690,Holofoil,10.71,7.99,10.32,500.0,14.95
2025-04-17,swsh7-75,246701,Holofoil,10.63,7.73,10.99,50.0,12.97
2025-04-17,swsh7-8,246691,Holofoil,6.49,4.0,6.27,50.0,9.24
2025-04-17,swsh8-271,253266,Holofoil,643.61,578.09,696.4,1799.0,589.99
2025-04-17,swsh9-154,263873,Holofoil,217.54,170.0,224.9,1500.0,221.99
2025-04-18,base1-15,42355,Holofoil,125.19,65.0,118.34,300.0,112.75
2025-04-18,base1-16,42356,Holofoil,40.5,22.0,38.5,9999.0,22.0
2025-04-18,base1-2,42360,Holofoil,162.36,94.99,149.99,255.85,81.0
2025-04-18,base1-4,42382,Holofoil,441.22,289.99,459.75,999.0,
2025-04-18,base1-58,42402,Normal,4.17,0.5,2.52,9999.0,4.62
2025-04-18,cel25c-4,250320,Holofoil,106.72,86.0,102.49,250.0,95.99
2025-04-18,gym2-2,83861,1st Edition Holofoil,914.33,500.0,650.0,799.99,
2025-04-18,gym2-2,83861,Unlimited Holofoil,337.78,349.0,389.99,599.0,382.2
2025-04-18,neo1-9,86903,1st Edition Holofoil,1251.5,646.43,699.99,2954.98,
2025-04-18,neo1-9,86903,Unlimited Holofoil,400.6,338.99,395.82,500.0,
2025-04-18,sl-151-bundle,502000,Normal,65.98,56.0,69.99,230.0,
2025-04-18,sl-151-etb,503313,Normal,208.42,205.0,229.36,4999.99,
2025-04-18,sl-151-upc,502005,Normal,342.72,327.44,399.87,20000.0,
2025-04-18,sl-ar-box,265519,Normal,267.84,259.9,289.99,1999.99,
2025-04-18,sl-bs-box,256141,Normal,290.56,280.0,330.0,999.99,
2025-04-18,sl-cel-upc,245140,Normal,457.07,410.0,499.99,1499.95,
2025-04-18,sl-champ-etb,218791,Normal,122.92,120.0,137.0,300.0,
2025-04-18,sl-cz-etb,453470,Normal,134.0,125.0,149.99,1999.99,
2025-04-18,sl-dr-box,624679,Normal,318.47,309.55,319.37,389.9,
2025-04-18,sl-evs-box,242436,Normal,1318.53,1489.0,2000.0,9999.99,
2025-04-18,sl-evs-etb,243721,Normal,480.59,494.0,500.0,979.99,
2025-04-18,sl-fs-box,247654,Normal,479.11,468.99,591.98,1199.99,
2025-04-18,sl-hf-etb,194729,Normal,1.0,285.24,300.0,999.98,
2025-04-18,sl-jp-151,565243,Normal,156.65,149.99,166.28,399.99,
2025-04-18,sl-jp-terastal,603428,Normal,118.92,110.0,123.97,200.0,
2025-04-18,sl-jt-box,610931,Normal,232.13,229.98,260.0,600.0,
2025-04-18,sl-lo-box,277324,Normal,379.48,390.0,444.95,1299.99,
2025-04-18,sl-obf-box,501257,Normal,209.44,209.44,249.95,999.99,
2025-04-18,sl-pe-etb,593355,Normal,134.34,124.99,146.0,299.99,
2025-04-18,sl-pe-spc,622770,Normal,356.96,345.0,354.7,458.72,
2025-04-18,sl-pf-etb,528040,Normal,128.28,119.99,135.0,209.98,
2025-04-18,sl-shf-etb,228821,Normal,78.49,75.0,89.98,499.99,
2025-04-18,sl-ss-box,565606,Normal,253.99,238.0,289.94,4999.99,
2025-04-18,sl-st-box,283389,Normal,268.96,258.0,300.0,1199.99,
2025-04-18,sl-tf-box,536225,Normal,198.12,194.0,208.47,400.0,
2025-04-18,sv2-185,497557,Normal,0.3,0.01,0.39,4.99,
2025-04-18,sv2-185,497557,Reverse Holofoil,1.1,0.2,1.16,9.99,1.99
2025-04-18,sv2-254,497669,Holofoil,19.7,15.0,22.43,100.0,19.69
2025-04-18,sv2-269,497689,Holofoil,65.92,60.99,71.9,259.99,74.2
2025-04-18,sv3pt5-151,516566,Holofoil,7.43,4.5,7.7,40.0,7.31
2025-04-18,sv3pt5-199,517045,Holofoil,220.96,199.99,271.05,825.0,
2025-04-18,sv3pt5-205,517051,Holofoil,12.49,8.0,14.78,50.0,15.74
2025-04-18,sv3pt5-4,502555,Normal,0.1,0.01,0.15,4.95,0.15
2025-04-18,sv3pt5-4,502555,Reverse Holofoil,0.2,0.05,0.25,10.0,
2025-04-18,sv3pt5-6,502558,Holofoil,4.36,3.0,5.35,30.0,4.34
2025-04-18,sv3pt5-7,502548,Normal,0.13,0.01,0.15,15.0,0.01
2025-04-18,sv3pt5-7,502548,Reverse Holofoil,0.15,0.01,0.25,4.95,
2025-04-18,sv4pt5-234,535090,Holofoil,187.03,168.33,200.0,499.98,215.0
2025-04-18,sv4pt5-54,534416,Holofoil,2.8,1.75,3.0,45.0,2.8
2025-04-18,sv8-57,590025,Holofoil,5.66,2.99,6.93,50.0,5.66
2025-04-18,sv8pt5-149,610504,Holofoil,385.57,302.99,463.12,799.95,
2025-04-18,sv8pt5-155,610510,Holofoil,422.3,299.99,418.8,899.95,
2025-04-18,sv8pt5-156,610511,Holofoil,536.27,470.0,530.0,999.95,530.0
2025-04-18,sv8pt5-161,610516,Holofoil,1438.17,1325.0,1452.55,3000.0,
2025-04-18,sv8pt5-167,610522,Holofoil,226.44,214.99,234.96,356.7,
2025-04-18,sv8pt5-179,610534,Holofoil,66.69,63.99,79.99,270.0,
2025-04-18,sv8pt5-28,610383,Holofoil,1.59,0.8,1.84,20.0,2.94
2025-04-18,sv8pt5-47,610402,Normal,0.04,0.01,0.1,10.0,0.01
2025-04-18,sv8pt5-47,610402,Reverse Holofoil,0.09,0.01,0.12,4.95,0.09
2025-04-18,sv8pt5-59,610414,Holofoil,0.34,0.01,0.42,100.0,0.39
2025-04-18,sv8pt5-59,610414,Reverse Holofoil,0.78,0.15,0.99,25.0,0.75
2025-04-18,sv8pt5-60,610415,Holofoil,6.64,4.34,8.23,40.0,8.81
2025-04-18,svp-085,518861,Normal,342.52,329.9,364.98,750.0,329.9
2025-04-18,swsh11-186,284137,Holofoil,613.03,446.5,650.0,1269.69,684.88
2025-04-18,swsh12-186,451834,Holofoil,280.03,225.0,294.27,699.95,275.82
2025-04-18,swsh12pt5gg-GG69,478100,Holofoil,184.17,164.0,199.95,1000.0,188.24
2025-04-18,swsh35-25,223018,Normal,0.12,0.01,0.2,1.25,
2025-04-18,swsh35-25,223018,Reverse Holofoil,0.34,0.09,0.3,2.0,
2025-04-18,swsh35-74,223073,Holofoil,205.05,160.0,230.0,1500.0,205.05
2025-04-18,swsh45sv-SV107,232496,Holofoil,117.73,95.0,129.99,445.06,119.99
2025-04-18,swsh7-204,246693,Holofoil,28.42,26.0,33.68,100.0,28.42
2025-04-18,swsh7-205,246696,Holofoil,421.85,344.99,450.0,730.4,419.99
2025-04-18,swsh7-208,246755,Holofoil,26.02,22.51,25.94,48.95,34.68
2025-04-18,swsh7-209,246756,Holofoil,374.01,284.98,379.26,799.99,331.99
2025-04-18,swsh7-211,246702,Holofoil,42.5,34.99,45.37,90.74,45.36
2025-04-18,swsh7-212,246704,Holofoil,418.87,319.99,441.04,1000.0,441.04
2025-04-18,swsh7-215,246723,Holofoil,1731.78,1097.99,1750.05,2746.5,1698.0
2025-04-18,swsh7-218,246733,Holofoil,801.77,599.0,782.64,1388.23,782.62
2025-04-18,swsh7-41,246753,Holofoil,5.55,3.9,5.62,89.0,5.0
2025-04-18,swsh7-65,246690,Holofoil,10.4,3.99,10.39,500.0,14.94
2025-04-18,swsh7-75,246701,Holofoil,10.82,7.73,10.9,50.0,8.54
2025-04-18,swsh7-8,246691,Holofoil,6.52,4.0,6.49,50.0,6.52
2025-04-18,swsh8-271,253266,Holofoil,643.61,572.57,684.99,1799.0,589.99
2025-04-18,swsh9-154,263873,Holofoil,217.76,170.0,223.73,1500.0,223.49
2025-04-19,base1-15,42355,Holofoil,126.32,65.0,118.34,300.0,112.75
2025-04-19,base1-16,42356,Holofoil,40.5,22.0,38.5,9999.0,46.2
2025-04-19,base1-2,42360,Holofoil,162.36,94.99,149.99,254.83,81.0
2025-04-19,base1-4,42382,Holofoil,441.22,289.99,460.56,1000.0,
2025-04-19,base1-58,42402,Normal,3.95,0.5,2.5,9999.0,
2025-04-19,cel25c-4,250320,Holofoil,105.53,86.0,104.97,250.0,95.99
2025-04-19,gym2-2,83861,1st Edition Holofoil,914.33,500.0,650.0,799.99,
2025-04-19,gym2-2,83861,Unlimited Holofoil,337.78,349.0,389.99,599.0,382.2
2025-04-19,neo1-9,86903,1st Edition Holofoil,1251.5,646.43,699.99,2954.98,
2025-04-19,neo1-9,86903,Unlimited Holofoil,400.64,338.99,395.93,1000.0,
2025-04-19,sl-151-bundle,502000,Normal,65.03,56.0,69.99,230.0,
2025-04-19,sl-151-etb,503313,Normal,210.88,205.0,229.89,4999.99,
2025-04-19,sl-151-upc,502005,Normal,340.59,327.44,399.44,20000.0,
2025-04-19,sl-ar-box,265519,Normal,267.84,259.9,294.97,1999.99,
2025-04-19,sl-bs-box,256141,Normal,290.35,285.9,333.9,999.99,
2025-04-19,sl-cel-upc,245140,Normal,456.07,430.0,499.99,1499.95,
2025-04-19,sl-champ-etb,218791,Normal,123.72,120.0,136.99,300.0,
2025-04-19,sl-cz-etb,453470,Normal,134.31,125.0,149.99,1999.99,
2025-04-19,sl-dr-box,624679,Normal,318.26,309.25,319.13,389.9,
2025-04-19,sl-evs-box,242436,Normal,1337.43,1485.0,2000.0,9999.99,
2025-04-19,sl-evs-etb,243721,Normal,480.59,494.0,500.0,979.99,
2025-04-19,sl-fs-box,247654,Normal,481.39,468.99,599.0,1199.99,
2025-04-19,sl-hf-etb,194729,Normal,,279.0,300.0,999.98,
2025-04-19,sl-jp-151,565243,Normal,156.28,155.0,166.66,399.99,
2025-04-19,sl-jp-terastal,603428,Normal,118.58,110.0,120.0,200.0,
2025-04-19,sl-jt-box,610931,Normal,233.82,230.0,260.0,600.0,
2025-04-19,sl-lo-box,277324,Normal,380.62,390.0,444.95,1299.99,
2025-04-19,sl-obf-box,501257,Normal,209.42,205.0,249.0,999.99,
2025-04-19,sl-pe-etb,593355,Normal,135.9,124.99,147.7,299.99,
2025-04-19,sl-pe-spc,622770,Normal,354.21,339.25,349.92,458.72,
2025-04-19,sl-pf-etb,528040,Normal,128.28,119.99,135.0,209.98,
2025-04-19,sl-shf-etb,228821,Normal,78.58,75.0,89.98,499.99,
2025-04-19,sl-ss-box,565606,Normal,252.93,244.0,289.94,4999.99,
2025-04-19,sl-st-box,283389,Normal,267.56,258.0,300.0,1199.99,
2025-04-19,sl-tf-box,536225,Normal,198.35,194.0,210.0,400.0,
2025-04-19,sv2-185,497557,Normal,0.38,0.01,0.4,4.99,
2025-04-19,sv2-185,497557,Reverse Holofoil,1.6,0.2,1.25,9.99,
2025-04-19,sv2-254,497669,Holofoil,19.49,15.0,22.0,100.0,25.06
2025-04-19,sv2-269,497689,Holofoil,66.7,59.99,71.5,259.99,74.2
2025-04-19,sv3pt5-151,516566,Holofoil,6.76,4.5,7.7,40.0,7.94
2025-04-19,sv3pt5-199,517045,Holofoil,220.42,199.99,269.98,825.0,
2025-04-19,sv3pt5-205,517051,Holofoil,11.81,8.0,14.84,50.0,15.99
2025-04-19,sv3pt5-4,502555,Normal,0.11,0.01,0.15,4.95,
2025-04-19,sv3pt5-4,502555,Reverse Holofoil,0.22,0.05,0.25,10.0,
2025-04-19,sv3pt5-6,502558,Holofoil,4.85,3.0,5.46,30.0,6.2
2025-04-19,sv3pt5-7,502548,Normal,0.13,0.01,0.15,15.0,
2025-04-19,sv3pt5-7,502548,Reverse Holofoil,0.13,0.01,0.25,4.95,
2025-04-19,sv4pt5-234,535090,Holofoil,187.44,167.34,199.99,499.98,213.41
2025-04-19,sv4pt5-54,534416,Holofoil,2.74,1.5,2.99,45.0,3.98
2025-04-19,sv8-57,590025,Holofoil,5.6,2.99,6.77,50.0,6.61
2025-04-19,sv8pt5-149,610504,Holofoil,385.57,302.99,450.0,799.95,
2025-04-19,sv8pt5-155,610510,Holofoil,422.3,299.99,419.98,899.95,
2025-04-19,sv8pt5-156,610511,Holofoil,553.57,470.0,699.94,999.95,
2025-04-19,sv8pt5-161,610516,Holofoil,1438.17,1325.0,1489.99,3000.0,
2025-04-19,sv8pt5-167,610522,Holofoil,226.44,214.49,234.34,356.7,
2025-04-19,sv8pt5-179,610534,Holofoil,66.17,63.36,79.99,270.0,
2025-04-19,sv8pt5-28,610383,Holofoil,1.59,0.76,1.82,20.0,
2025-04-19,sv8pt5-47,610402,Normal,0.03,0.01,0.1,10.0,0.01
2025-04-19,sv8pt5-47,610402,Reverse Holofoil,0.08,0.01,0.12,4.95,0.09
2025-04-19,sv8pt5-59,610414,Holofoil,0.35,0.01,0.42,100.0,
2025-04-19,sv8pt5-59,610414,Reverse Holofoil,0.72,0.15,0.99,25.0,
2025-04-19,sv8pt5-60,610415,Holofoil,7.3,4.34,8.23,40.0,
2025-04-19,svp-085,518861,Normal,342.52,329.9,362.47,750.0,329.9
2025-04-19,swsh11-186,284137,Holofoil,613.03,446.5,650.0,1269.69,684.86
2025-04-19,swsh12-186,451834,Holofoil,282.48,225.0,311.04,699.95,289.85
2025-04-19,swsh12pt5gg-GG69,478100,Holofoil,183.36,162.01,199.99,1000.0,188.24
2025-04-19,swsh35-25,223018,Normal,0.12,0.01,0.2,1.25,
2025-04-19,swsh35-25,223018,Reverse Holofoil,0.34,0.09,0.3,2.0,
2025-04-19,swsh35-74,223073,Holofoil,198.64,150.0,240.99,1500.0,172.8
2025-04-19,swsh45sv-SV107,232496,Holofoil,117.66,95.0,129.99,445.06,121.93
2025-04-19,swsh7-204,246693,Holofoil,28.42,26.0,33.68,100.0,28.42
2025-04-19,swsh7-205,246696,Holofoil,421.85,344.99,450.0,727.6,419.99
2025-04-19,swsh7-208,246755,Holofoil,25.57,22.51,26.24,48.95,34.67
2025-04-19,swsh7-209,246756,Holofoil,374.01,281.99,378.16,799.99,331.99
2025-04-19,swsh7-211,246702,Holofoil,42.5,31.85,45.37,90.74,45.36
2025-04-19,swsh7-212,246704,Holofoil,418.87,319.99,441.04,1000.0,441.04
2025-04-19,swsh7-215,246723,Holofoil,1731.78,1098.0,1750.05,2727.6,1697.99
2025-04-19,swsh7-218,246733,Holofoil,801.77,599.0,782.63,1382.89,782.59
2025-04-19,swsh7-41,246753,Holofoil,5.58,3.9,5.64,89.0,4.99
2025-04-19,swsh7-65,246690,Holofoil,9.2,8.0,10.0,500.0,14.18
2025-04-19,swsh7-75,246701,Holofoil,10.88,7.73,11.02,50.0,13.72
2025-04-19,swsh7-8,246691,Holofoil,6.52,4.0,6.39,50.0,8.74
2025-04-19,swsh8-271,253266,Holofoil,645.06,573.85,682.5,1799.0,589.99
2025-04-19,swsh9-154,263873,Holofoil,217.15,170.0,222.61,1500.0,218.05
2025-04-20,base1-15,42355,Holofoil,126.05,60.0,115.85,300.0,
2025-04-20,base1-16,42356,Holofoil,40.7,21.99,37.54,9999.0,46.2
2025-04-20,base1-2,42360,Holofoil,161.77,94.99,149.99,253.1,
2025-04-20,base1-4,42382,Holofoil,441.22,249.0,460.0,1000.0,
2025-04-20,base1-58,42402,Normal,3.67,0.5,2.53,9999.0,
2025-04-20,cel25c-4,250320,Holofoil,103.11,86.0,104.88,250.0,95.99
2025-04-20,gym2-2,83861,1st Edition Holofoil,914.33,500.0,650.0,799.99,
2025-04-20,gym2-2,83861,Unlimited Holofoil,337.78,349.0,389.99,599.0,
2025-04-20,neo1-9,86903,1st Edition Holofoil,1251.5,646.43,699.99,2954.98,
2025-04-20,neo1-9,86903,Unlimited Holofoil,401.6,338.99,396.86,1000.0,
2025-04-20,sl-151-bundle,502000,Normal,65.67,57.9,69.99,230.0,
2025-04-20,sl-151-etb,503313,Normal,211.6,209.0,232.85,4999.99,
2025-04-20,sl-151-upc,502005,Normal,341.52,327.44,391.0,20000.0,
2025-04-20,sl-ar-box,265519,Normal,267.23,259.9,299.95,1999.99,
2025-04-20,sl-bs-box,256141,Normal,291.32,285.9,332.51,999.99,
2025-04-20,sl-cel-upc,245140,Normal,455.27,434.99,499.99,1499.95,
2025-04-20,sl-champ-etb,218791,Normal,123.72,120.0,136.99,300.0,
2025-04-20,sl-cz-etb,453470,Normal,134.31,130.0,149.97,1999.99,
2025-04-20,sl-dr-box,624679,Normal,317.97,309.25,319.04,389.9,
2025-04-20,sl-evs-box,242436,Normal,1337.43,1489.0,2000.0,9999.99,
2025-04-20,sl-evs-etb,243721,Normal,482.03,494.0,500.0,979.99,
2025-04-20,sl-fs-box,247654,Normal,482.79,470.0,599.75,1224.99,
2025-04-20,sl-hf-etb,194729,Normal,287.0,282.95,300.0,999.98,
2025-04-20,sl-jp-151,565243,Normal,158.2,155.0,167.0,399.99,
2025-04-20,sl-jp-terastal,603428,Normal,118.89,110.0,120.0,200.0,
2025-04-20,sl-jt-box,610931,Normal,233.07,220.0,259.09,600.0,
2025-04-20,sl-lo-box,277324,Normal,381.37,390.0,434.98,1299.99,
2025-04-20,sl-obf-box,501257,Normal,209.26,197.96,249.48,999.99,
2025-04-20,sl-pe-etb,593355,Normal,135.09,124.99,149.89,299.99,
2025-04-20,sl-pe-spc,622770,Normal,347.28,334.89,352.37,458.72,
2025-04-20,sl-pf-etb,528040,Normal,127.39,118.99,137.49,209.98,
2025-04-20,sl-shf-etb,228821,Normal,79.1,75.0,89.99,499.99,
2025-04-20,sl-ss-box,565606,Normal,251.15,240.0,289.98,4999.99,
2025-04-20,sl-st-box,283389,Normal,266.22,249.99,300.0,1199.99,
2025-04-20,sl-tf-box,536225,Normal,197.93,185.0,208.47,400.0,
2025-04-20,sv2-185,497557,Normal,0.34,0.01,0.4,4.99,
2025-04-20,sv2-185,497557,Reverse Holofoil,1.43,0.2,1.27,9.99,
2025-04-20,sv2-254,497669,Holofoil,19.14,16.99,22.19,100.0,23.99
2025-04-20,sv2-269,497689,Holofoil,67.28,59.99,71.9,259.99,73.99
2025-04-20,sv3pt5-151,516566,Holofoil,6.8,4.99,7.7,40.0,8.99
2025-04-20,sv3pt5-199,517045,Holofoil,216.32,194.99,258.83,795.0,
2025-04-20,sv3pt5-205,517051,Holofoil,13.12,9.5,14.59,50.0,16.78
2025-04-20,sv3pt5-4,502555,Normal,0.1,0.01,0.15,4.95,
2025-04-20,sv3pt5-4,502555,Reverse Holofoil,0.24,0.05,0.25,10.0,
2025-04-20,sv3pt5-6,502558,Holofoil,4.88,3.0,5.5,30.0,6.45
2025-04-20,sv3pt5-7,502548,Normal,0.13,0.01,0.15,15.0,
2025-04-20,sv3pt5-7,502548,Reverse Holofoil,0.14,0.01,0.25,4.95,
2025-04-20,sv4pt5-234,535090,Holofoil,187.82,168.33,199.99,999.0,214.99
2025-04-20,sv4pt5-54,534416,Holofoil,2.74,1.75,3.0,45.0,
2025-04-20,sv8-57,590025,Holofoil,5.85,2.99,6.87,50.0,8.39
2025-04-20,sv8pt5-149,610504,Holofoil,385.57,302.99,422.5,799.95,
2025-04-20,sv8pt5-155,610510,Holofoil,422.3,299.99,419.99,899.95,
2025-04-20,sv8pt5-156,610511,Holofoil,553.57,529.0,550.0,999.95,
2025-04-20,sv8pt5-161,610516,Holofoil,1438.17,1325.0,1494.99,3000.0,
2025-04-20,sv8pt5-167,610522,Holofoil,226.44,214.49,234.95,356.7,
2025-04-20,sv8pt5-179,610534,Holofoil,66.17,62.86,79.99,270.0,
2025-04-20,sv8pt5-28,610383,Holofoil,1.59,0.8,1.82,20.0,
2025-04-20,sv8pt5-47,610402,Normal,0.03,0.01,0.1,10.0,0.03
2025-04-20,sv8pt5-47,610402,Reverse Holofoil,0.08,0.01,0.12,4.95,0.08
2025-04-20,sv8pt5-59,610414,Holofoil,0.29,0.01,0.42,100.0,
2025-04-20,sv8pt5-59,610414,Reverse Holofoil,0.7,0.2,0.99,25.0,
2025-04-20,sv8pt5-60,610415,Holofoil,6.15,4.91,8.01,40.0,
2025-04-20,svp-085,518861,Normal,342.96,328.91,359.96,750.0,329.9
2025-04-20,swsh11-186,284137,Holofoil,613.03,446.5,650.0,1269.69,684.84
2025-04-20,swsh12-186,451834,Holofoil,283.77,223.5,304.99,699.95,289.85
2025-04-20,swsh12pt5gg-GG69,478100,Holofoil,182.75,162.01,199.48,1000.0,187.98
2025-04-20,swsh35-25,223018,Normal,0.13,0.01,0.2,1.25,
2025-04-20,swsh35-25,223018,Reverse Holofoil,0.34,0.09,0.3,2.0,
2025-04-20,swsh35-74,223073,Holofoil,198.64,160.0,239.47,1500.0,172.8
2025-04-20,swsh45sv-SV107,232496,Holofoil,118.85,95.0,129.57,445.06,121.93
2025-04-20,swsh7-204,246693,Holofoil,28.43,26.0,34.99,100.0,28.42
2025-04-20,swsh7-205,246696,Holofoil,421.85,344.99,450.0,725.22,419.99
2025-04-20,swsh7-208,246755,Holofoil,25.57,22.51,26.09,48.95,34.67
2025-04-20,swsh7-209,246756,Holofoil,374.01,281.99,378.25,799.99,331.99
2025-04-20,swsh7-211,246702,Holofoil,42.75,31.85,45.37,90.74,45.36
2025-04-20,swsh7-212,246704,Holofoil,416.51,319.99,441.04,1000.0,441.04
2025-04-20,swsh7-215,246723,Holofoil,1731.78,1098.0,1746.89,2727.6,1697.98
2025-04-20,swsh7-218,246733,Holofoil,801.77,599.0,782.58,1378.35,782.55
2025-04-20,swsh7-41,246753,Holofoil,5.43,3.9,5.64,89.0,4.99
2025-04-20,swsh7-65,246690,Holofoil,8.68,7.65,10.0,500.0,14.94
2025-04-20,swsh7-75,246701,Holofoil,10.99,7.73,11.19,50.0,13.72
2025-04-20,swsh7-8,246691,Holofoil,6.37,4.0,6.43,50.0,6.43
2025-04-20,swsh8-271,253266,Holofoil,645.06,573.85,682.5,1799.0,589.99
2025-04-20,swsh9-154,263873,Holofoil,216.21,170.0,222.65,1500.0,216.2
2025-04-21,base1-15,42355,Holofoil,123.77,70.0,117.37,300.0,
2025-04-21,base1-16,42356,Holofoil,40.68,21.99,37.54,9999.0,
2025-04-21,base1-2,42360,Holofoil,161.77,99.0,149.99,253.1,
2025-04-21,base1-4,42382,Holofoil,441.22,289.75,458.68,1000.0,
2025-04-21,base1-58,42402,Normal,3.81,0.5,2.5,9999.0,
2025-04-21,cel25c-4,250320,Holofoil,102.95,86.0,104.3,250.0,89.99
2025-04-21,gym2-2,83861,1st Edition Holofoil,914.33,500.0,650.0,799.99,
2025-04-21,gym2-2,83861,Unlimited Holofoil,337.78,349.0,389.99,599.0,
2025-04-21,neo1-9,86903,1st Edition Holofoil,1251.5,646.43,699.99,2954.98,
2025-04-21,neo1-9,86903,Unlimited Holofoil,401.6,338.99,396.86,1000.0,
2025-04-21,sl-151-bundle,502000,Normal,64.48,57.9,70.0,230.0,
2025-04-21,sl-151-etb,503313,Normal,214.06,210.0,234.17,4999.99,
2025-04-21,sl-151-upc,502005,Normal,341.69,327.44,399.0,20000.0,
2025-04-21,sl-ar-box,265519,Normal,266.1,260.0,294.97,1999.99,
2025-04-21,sl-bs-box,256141,Normal,291.54,290.0,330.0,999.99,
2025-04-21,sl-cel-upc,245140,Normal,455.07,434.99,499.99,1499.95,
2025-04-21,sl-champ-etb,218791,Normal,125.48,120.24,136.98,300.0,
2025-04-21,sl-cz-etb,453470,Normal,134.68,130.0,149.99,1999.99,
2025-04-21,sl-dr-box,624679,Normal,316.19,296.0,318.21,389.9,
2025-04-21,sl-evs-box,242436,Normal,1347.59,1499.95,2000.0,9999.99,
2025-04-21,sl-evs-etb,243721,Normal,482.03,490.0,500.0,979.99,
2025-04-21,sl-fs-box,247654,Normal,483.03,470.0,599.0,1224.99,
2025-04-21,sl-hf-etb,194729,Normal,287.0,260.0,300.0,999.98,
2025-04-21,sl-jp-151,565243,Normal,158.24,155.99,168.24,399.99,
2025-04-21,sl-jp-terastal,603428,Normal,118.82,110.0,120.0,200.0,
2025-04-21,sl-jt-box,610931,Normal,230.95,215.0,259.09,600.0,
2025-04-21,sl-lo-box,277324,Normal,382.14,390.0,447.45,1299.99,
2025-04-21,sl-obf-box,501257,Normal,211.8,209.99,249.99,999.99,
2025-04-21,sl-pe-etb,593355,Normal,134.0,133.98,149.99,299.99,
2025-04-21,sl-pe-spc,622770,Normal,344.68,330.6,344.93,458.72,
2025-04-21,sl-pf-etb,528040,Normal,126.67,119.99,137.5,209.98,
2025-04-21,sl-shf-etb,228821,Normal,79.99,75.0,89.98,499.99,
2025-04-21,sl-ss-box,565606,Normal,249.39,240.0,289.94,4999.99,
2025-04-21,sl-st-box,283389,Normal,263.32,260.0,300.0,1199.99,
2025-04-21,sl-tf-box,536225,Normal,196.01,185.0,210.0,400.0,
2025-04-21,sv2-185,497557,Normal,0.31,0.01,0.39,4.99,0.34
2025-04-21,sv2-185,497557,Reverse Holofoil,1.46,0.2,1.29,9.99,
2025-04-21,sv2-254,497669,Holofoil,19.05,16.99,21.76,100.0,23.74
2025-04-21,sv2-269,497689,Holofoil,67.06,59.99,71.7,259.99,73.99
2025-04-21,sv3pt5-151,516566,Holofoil,7.31,4.99,7.69,40.0,9.86
2025-04-21,sv3pt5-199,517045,Holofoil,206.08,194.85,255.32,900.0,
2025-04-21,sv3pt5-205,517051,Holofoil,12.41,9.47,14.5,50.0,13.5
2025-04-21,sv3pt5-4,502555,Normal,0.09,0.01,0.15,4.95,0.1
2025-04-21,sv3pt5-4,502555,Reverse Holofoil,0.25,0.05,0.26,10.0,0.07
2025-04-21,sv3pt5-6,502558,Holofoil,4.55,3.0,5.42,30.0,3.75
2025-04-21,sv3pt5-7,502548,Normal,0.14,0.01,0.15,15.0,0.09
2025-04-21,sv3pt5-7,502548,Reverse Holofoil,0.19,0.01,0.25,4.95,0.15
2025-04-21,sv4pt5-234,535090,Holofoil,186.85,168.33,199.99,999.0,214.99
2025-04-21,sv4pt5-54,534416,Holofoil,2.63,1.25,3.0,45.0,2.97
2025-04-21,sv8-57,590025,Holofoil,5.95,4.99,6.99,50.0,8.85
2025-04-21,sv8pt5-149,610504,Holofoil,385.57,299.99,405.25,799.95,
2025-04-21,sv8pt5-155,610510,Holofoil,419.08,345.99,422.3,899.95,
2025-04-21,sv8pt5-156,610511,Holofoil,546.33,499.99,750.0,999.95,
2025-04-21,sv8pt5-161,610516,Holofoil,1435.06,1350.0,1469.98,3000.0,1435.05
2025-04-21,sv8pt5-167,610522,Holofoil,226.44,199.99,233.51,356.7,
2025-04-21,sv8pt5-179,610534,Holofoil,66.17,62.86,79.99,270.0,
2025-04-21,sv8pt5-28,610383,Holofoil,1.55,0.8,1.82,20.0,1.76
2025-04-21,sv8pt5-47,610402,Normal,0.03,0.01,0.1,10.0,0.03
2025-04-21,sv8pt5-47,610402,Reverse Holofoil,0.09,0.01,0.12,4.95,0.08
2025-04-21,sv8pt5-59,610414,Holofoil,0.32,0.01,0.4,100.0,
2025-04-21,sv8pt5-59,610414,Reverse Holofoil,0.65,0.15,0.96,25.0,
2025-04-21,sv8pt5-60,610415,Holofoil,5.64,4.92,8.0,40.0,
2025-04-21,svp-085,518861,Normal,342.76,328.91,364.98,750.0,329.9
2025-04-21,swsh11-186,284137,Holofoil,613.03,446.5,650.0,1269.69,684.79
2025-04-21,swsh12-186,451834,Holofoil,283.54,223.5,304.99,699.95,284.17
2025-04-21,swsh12pt5gg-GG69,478100,Holofoil,182.91,162.01,196.0,1000.0,187.98
2025-04-21,swsh35-25,223018,Normal,0.13,0.01,0.2,1.25,
2025-04-21,swsh35-25,223018,Reverse Holofoil,0.34,0.09,0.3,2.0,
2025-04-21,swsh35-74,223073,Holofoil,198.64,165.0,241.49,1500.0,178.2
2025-04-21,swsh45sv-SV107,232496,Holofoil,118.85,89.99,129.97,445.06,115.45
2025-04-21,swsh7-204,246693,Holofoil,28.43,26.0,34.99,100.0,28.42
2025-04-21,swsh7-205,246696,Holofoil,421.85,344.99,450.0,725.22,419.99
2025-04-21,swsh7-208,246755,Holofoil,25.77,22.51,27.97,48.95,34.67
2025-04-21,swsh7-209,246756,Holofoil,374.01,273.0,378.34,799.99,331.99
2025-04-21,swsh7-211,246702,Holofoil,42.75,31.85,45.18,90.74,45.36
2025-04-21,swsh7-212,246704,Holofoil,416.51,319.99,441.04,1000.0,441.04
2025-04-21,swsh7-215,246723,Holofoil,1731.78,1098.0,1746.89,2727.6,1697.87
2025-04-21,swsh7-218,246733,Holofoil,801.77,600.0,782.55,1378.35,782.53
2025-04-21,swsh7-41,246753,Holofoil,5.54,3.9,5.71,89.0,6.19
2025-04-21,swsh7-65,246690,Holofoil,8.9,7.6,9.99,500.0,14.89
2025-04-21,swsh7-75,246701,Holofoil,10.96,7.73,11.11,50.0,13.72
2025-04-21,swsh7-8,246691,Holofoil,6.03,4.0,6.17,50.0,5.9
2025-04-21,swsh8-271,253266,Holofoil,645.06,475.0,683.75,1799.0,589.99
2025-04-21,swsh9-154,263873,Holofoil,216.21,170.0,220.67,1500.0,216.2
2025-04-22,base1-15,42355,Holofoil,122.69,70.0,115.0,300.0,
2025-04-22,base1-16,42356,Holofoil,40.48,21.99,37.54,9999.0,26.9
2025-04-22,base1-2,42360,Holofoil,161.77,99.0,149.99,253.1,
2025-04-22,base1-4,42382,Holofoil,441.22,289.75,461.11,1000.0,
2025-04-22,base1-58,42402,Normal,3.79,0.5,2.57,9999.0,
2025-04-22,cel25c-4,250320,Holofoil,101.05,87.71,104.97,250.0,89.99
2025-04-22,gym2-2,83861,1st Edition Holofoil,914.33,500.0,650.0,799.99,
2025-04-22,gym2-2,83861,Unlimited Holofoil,337.78,349.0,389.99,599.0,
2025-04-22,neo1-9,86903,1st Edition Holofoil,1251.5,646.43,699.99,2954.98,
2025-04-22,neo1-9,86903,Unlimited Holofoil,401.6,338.99,396.86,1000.0,
2025-04-22,sl-151-bundle,502000,Normal,65.65,57.9,69.99,230.0,
2025-04-22,sl-151-etb,503313,Normal,214.46,210.0,235.0,4999.99,
2025-04-22,sl-151-upc,502005,Normal,340.99,327.44,392.0,20000.0,
2025-04-22,sl-ar-box,265519,Normal,265.26,260.0,299.95,1999.99,
2025-04-22,sl-bs-box,256141,Normal,292.14,290.0,330.0,999.99,
2025-04-22,sl-cel-upc,245140,Normal,453.71,439.98,500.0,1499.95,
2025-04-22,sl-champ-etb,218791,Normal,125.84,119.99,135.99,300.0,
2025-04-22,sl-cz-etb,453470,Normal,135.01,130.0,149.99,1999.99,
2025-04-22,sl-dr-box,624679,Normal,306.15,294.74,305.17,389.9,
2025-04-22,sl-evs-box,242436,Normal,1351.39,1400.0,2000.0,9999.99,
2025-04-22,sl-evs-etb,243721,Normal,482.03,490.0,500.0,979.99,
2025-04-22,sl-fs-box,247654,Normal,482.03,470.0,599.0,1224.99,
2025-04-22,sl-hf-etb,194729,Normal,283.71,279.99,300.0,999.98,
2025-04-22,sl-jp-151,565243,Normal,159.99,155.99,170.0,399.99,
2025-04-22,sl-jp-terastal,603428,Normal,117.95,110.0,121.99,200.0,
2025-04-22,sl-jt-box,610931,Normal,229.55,215.0,250.0,600.0,
2025-04-22,sl-lo-box,277324,Normal,385.86,384.0,444.95,1299.99,
2025-04-22,sl-obf-box,501257,Normal,212.52,208.0,249.99,999.99,
2025-04-22,sl-pe-etb,593355,Normal,132.85,124.97,148.14,299.99,
2025-04-22,sl-pe-spc,622770,Normal,340.56,319.83,340.79,458.72,
2025-04-22,sl-pf-etb,528040,Normal,127.08,129.99,149.95,209.98,
2025-04-22,sl-shf-etb,228821,Normal,83.4,75.0,89.98,499.99,
2025-04-22,sl-ss-box,565606,Normal,246.35,235.0,289.94,4999.99,
2025-04-22,sl-st-box,283389,Normal,264.16,260.0,300.0,1199.99,
2025-04-22,sl-tf-box,536225,Normal,195.17,190.0,208.47,400.0,
2025-04-22,sv2-185,497557,Normal,0.32,0.01,0.39,4.99,
2025-04-22,sv2-185,497557,Reverse Holofoil,1.16,0.2,1.28,9.99,1.82
2025-04-22,sv2-254,497669,Holofoil,19.03,16.99,21.66,100.0,23.49
2025-04-22,sv2-269,497689,Holofoil,66.72,59.99,71.0,259.99,73.99
2025-04-22,sv3pt5-151,516566,Holofoil,7.54,5.0,7.62,40.0,10.65
2025-04-22,sv3pt5-199,517045,Holofoil,206.15,194.85,251.63,900.0,
2025-04-22,sv3pt5-205,517051,Holofoil,10.99,9.5,14.11,50.0,13.49
2025-04-22,sv3pt5-4,502555,Normal,0.09,0.01,0.15,4.95,0.09
2025-04-22,sv3pt5-4,502555,Reverse Holofoil,0.24,0.05,0.26,10.0,
2025-04-22,sv3pt5-6,502558,Holofoil,4.26,2.0,5.25,30.0,3.69
2025-04-22,sv3pt5-7,502548,Normal,0.14,0.01,0.15,15.0,
2025-04-22,sv3pt5-7,502548,Reverse Holofoil,0.2,0.01,0.25,4.95,
2025-04-22,sv4pt5-234,535090,Holofoil,185.2,167.15,199.99,999.0,214.97
2025-04-22,sv4pt5-54,534416,Holofoil,2.34,1.0,2.99,45.0,2.89
2025-04-22,sv8-57,590025,Holofoil,6.0,4.99,7.0,50.0,6.4
2025-04-22,sv8pt5-149,610504,Holofoil,385.57,299.99,399.99,799.95,
2025-04-22,sv8pt5-155,610510,Holofoil,419.08,345.99,422.3,899.95,
2025-04-22,sv8pt5-156,610511,Holofoil,556.79,479.99,685.0,999.95,
2025-04-22,sv8pt5-161,610516,Holofoil,1432.47,1325.0,1489.99,3000.0,
2025-04-22,sv8pt5-167,610522,Holofoil,227.42,180.0,229.98,356.7,
2025-04-22,sv8pt5-179,610534,Holofoil,64.02,62.47,80.0,270.0,
2025-04-22,sv8pt5-28,610383,Holofoil,1.38,0.8,1.75,20.0,
2025-04-22,sv8pt5-47,610402,Normal,0.03,0.01,0.1,10.0,0.03
2025-04-22,sv8pt5-47,610402,Reverse Holofoil,0.09,0.01,0.12,4.95,0.08
2025-04-22,sv8pt5-59,610414,Holofoil,0.35,0.01,0.4,100.0,
2025-04-22,sv8pt5-59,610414,Reverse Holofoil,0.64,0.15,0.95,25.0,
2025-04-22,sv8pt5-60,610415,Holofoil,5.79,4.5,8.0,40.0,
2025-04-22,svp-085,518861,Normal,342.18,328.91,357.48,700.0,329.9
2025-04-22,swsh11-186,284137,Holofoil,613.03,446.5,650.0,1269.69,684.77
2025-04-22,swsh12-186,451834,Holofoil,284.2,222.0,295.04,699.95,
2025-04-22,swsh12pt5gg-GG69,478100,Holofoil,182.25,159.99,197.88,1000.0,187.77
2025-04-22,swsh35-25,223018,Normal,0.13,0.01,0.2,1.25,
2025-04-22,swsh35-25,223018,Reverse Holofoil,0.32,0.09,0.3,2.0,
2025-04-22,swsh35-74,223073,Holofoil,198.64,165.0,237.95,1500.0,178.2
2025-04-22,swsh45sv-SV107,232496,Holofoil,119.09,89.99,129.95,445.06,115.45
2025-04-22,swsh7-204,246693,Holofoil,28.43,26.0,33.56,100.0,28.42
2025-04-22,swsh7-205,246696,Holofoil,421.85,344.99,447.11,725.22,419.99
2025-04-22,swsh7-208,246755,Holofoil,25.62,22.99,28.56,48.95,34.65
2025-04-22,swsh7-209,246756,Holofoil,364.95,289.99,378.63,799.99,331.99
2025-04-22,swsh7-211,246702,Holofoil,42.7,31.85,45.0,90.74,33.68
2025-04-22,swsh7-212,246704,Holofoil,416.51,315.0,425.0,1000.0,419.99
2025-04-22,swsh7-215,246723,Holofoil,1731.78,1098.0,1743.78,2727.6,1697.85
2025-04-22,swsh7-218,246733,Holofoil,801.77,600.0,782.51,1378.35,782.49
2025-04-22,swsh7-41,246753,Holofoil,5.15,2.99,5.65,89.0,2.99
2025-04-22,swsh7-65,246690,Holofoil,9.11,7.75,9.99,500.0,11.99
2025-04-22,swsh7-75,246701,Holofoil,10.85,7.73,11.18,50.0,13.72
2025-04-22,swsh7-8,246691,Holofoil,5.88,3.75,6.09,50.0,5.61
2025-04-22,swsh8-271,253266,Holofoil,644.46,475.0,671.0,1799.0,589.99
2025-04-22,swsh9-154,263873,Holofoil,214.74,170.0,219.99,1500.0,216.2
2025-04-23,base1-15,42355,Holofoil,123.56,70.0,115.0,300.0,
2025-04-23,base1-16,42356,Holofoil,40.85,21.97,38.46,9999.0,
2025-04-23,base1-2,42360,Holofoil,161.04,99.0,149.99,251.96,
2025-04-23,base1-4,42382,Holofoil,451.23,289.75,466.63,1000.0,
2025-04-23,base1-58,42402,Normal,3.34,0.5,2.54,9999.0,0.75
2025-04-23,cel25c-4,250320,Holofoil,101.05,87.71,104.0,250.0,95.99
2025-04-23,gym2-2,83861,1st Edition Holofoil,914.33,500.0,650.0,799.99,
2025-04-23,gym2-2,83861,Unlimited Holofoil,343.41,349.0,389.99,599.0,
2025-04-23,neo1-9,86903,1st Edition Holofoil,1251.5,646.43,699.99,2954.98,
2025-04-23,neo1-9,86903,Unlimited Holofoil,401.6,320.0,379.66,1000.0,
2025-04-23,sl-151-bundle,502000,Normal,62.01,57.99,69.99,230.0,
2025-04-23,sl-151-etb,503313,Normal,215.18,200.0,232.5,4999.99,
2025-04-23,sl-151-upc,502005,Normal,339.4,334.99,399.87,26500.0,
2025-04-23,sl-ar-box,265519,Normal,264.58,260.0,299.95,1999.99,
2025-04-23,sl-bs-box,256141,Normal,293.64,290.0,349.99,999.99,
2025-04-23,sl-cel-upc,245140,Normal,452.91,439.98,500.0,1499.95,
2025-04-23,sl-champ-etb,218791,Normal,125.84,119.99,135.99,300.0,
2025-04-23,sl-cz-etb,453470,Normal,135.88,130.0,149.99,1999.99,
2025-04-23,sl-dr-box,624679,Normal,303.03,294.74,303.91,344.99,
2025-04-23,sl-evs-box,242436,Normal,1351.39,1450.0,2000.0,9999.99,
2025-04-23,sl-evs-etb,243721,Normal,482.03,490.0,500.0,979.99,
2025-04-23,sl-fs-box,247654,Normal,481.99,470.0,599.0,1224.99,
2025-04-23,sl-hf-etb,194729,Normal,284.38,285.24,300.0,999.98,
2025-04-23,sl-jp-151,565243,Normal,159.31,156.0,170.0,399.99,
2025-04-23,sl-jp-terastal,603428,Normal,116.59,110.0,120.0,200.0,
2025-04-23,sl-jt-box,610931,Normal,226.65,215.0,249.35,600.0,
2025-04-23,sl-lo-box,277324,Normal,385.86,384.0,433.99,1299.99,
2025-04-23,sl-obf-box,501257,Normal,213.76,208.0,250.0,999.99,
2025-04-23,sl-pe-etb,593355,Normal,127.14,100.0,145.0,299.99,
2025-04-23,sl-pe-spc,622770,Normal,335.42,300.7,335.48,450.0,
2025-04-23,sl-pf-etb,528040,Normal,128.92,129.99,149.95,209.98,
2025-04-23,sl-shf-etb,228821,Normal,83.84,75.0,89.25,499.99,
2025-04-23,sl-ss-box,565606,Normal,243.59,235.0,289.95,4999.99,
2025-04-23,sl-st-box,283389,Normal,264.16,260.0,300.0,1199.99,
2025-04-23,sl-tf-box,536225,Normal,194.93,190.0,203.47,400.0,
2025-04-23,sv2-185,497557,Normal,0.31,0.01,0.36,4.99,0.28
2025-04-23,sv2-185,497557,Reverse Holofoil,1.07,0.2,1.17,9.99,1.32
2025-04-23,sv2-254,497669,Holofoil,19.1,16.99,21.83,100.0,23.74
2025-04-23,sv2-269,497689,Holofoil,66.35,59.86,71.2,259.99,73.95
2025-04-23,sv3pt5-151,516566,Holofoil,8.91,4.5,7.85,40.0,7.79
2025-04-23,sv3pt5-199,517045,Holofoil,206.1,194.85,250.0,900.0,
2025-04-23,sv3pt5-205,517051,Holofoil,11.32,9.5,14.0,50.0,14.92
2025-04-23,sv3pt5-4,502555,Normal,0.09,0.01,0.15,4.95,0.09
2025-04-23,sv3pt5-4,502555,Reverse Holofoil,0.24,0.05,0.26,10.0,
2025-04-23,sv3pt5-6,502558,Holofoil,4.43,2.0,5.25,30.0,3.05
2025-04-23,sv3pt5-7,502548,Normal,0.13,0.01,0.15,15.0,0.09
2025-04-23,sv3pt5-7,502548,Reverse Holofoil,0.19,0.01,0.25,4.95,0.15
2025-04-23,sv4pt5-234,535090,Holofoil,182.84,165.05,199.99,999.0,214.0
2025-04-23,sv4pt5-54,534416,Holofoil,2.3,1.13,2.99,45.0,3.13
2025-04-23,sv8-57,590025,Holofoil,5.82,4.62,7.0,50.0,7.53
2025-04-23,sv8pt5-149,610504,Holofoil,384.29,299.99,399.99,799.95,330.0
2025-04-23,sv8pt5-155,610510,Holofoil,415.1,345.99,422.3,899.95,
2025-04-23,sv8pt5-156,610511,Holofoil,556.79,449.99,599.0,999.95,
2025-04-23,sv8pt5-161,610516,Holofoil,1432.47,1324.99,1461.12,3000.0,
2025-04-23,sv8pt5-167,610522,Holofoil,227.01,194.77,229.43,358.2,199.99
2025-04-23,sv8pt5-179,610534,Holofoil,63.52,62.5,80.0,270.0,66.99
2025-04-23,sv8pt5-28,610383,Holofoil,1.46,0.8,1.75,20.0,
2025-04-23,sv8pt5-47,610402,Normal,0.03,0.01,0.1,10.0,0.03
2025-04-23,sv8pt5-47,610402,Reverse Holofoil,0.08,0.01,0.12,4.95,0.08
2025-04-23,sv8pt5-59,610414,Holofoil,0.31,0.01,0.4,100.0,0.07
2025-04-23,sv8pt5-59,610414,Reverse Holofoil,0.63,0.1,0.93,25.0,0.98
2025-04-23,sv8pt5-60,610415,Holofoil,5.54,3.99,8.0,40.0,8.0
2025-04-23,svp-085,518861,Normal,342.16,328.91,355.0,700.0,329.9
2025-04-23,swsh11-186,284137,Holofoil,609.03,448.0,650.0,1269.69,684.75
2025-04-23,swsh12-186,451834,Holofoil,285.64,223.5,296.0,699.95,
2025-04-23,swsh12pt5gg-GG69,478100,Holofoil,182.08,159.99,195.9,1000.0,187.55
2025-04-23,swsh35-25,223018,Normal,0.14,0.01,0.2,1.25,
2025-04-23,swsh35-25,223018,Reverse Holofoil,0.32,0.09,0.3,2.0,
2025-04-23,swsh35-74,223073,Holofoil,196.91,165.0,235.45,1500.0,176.26
2025-04-23,swsh45sv-SV107,232496,Holofoil,119.65,89.99,129.85,445.06,115.0
2025-04-23,swsh7-204,246693,Holofoil,28.43,25.96,33.29,100.0,28.41
2025-04-23,swsh7-205,246696,Holofoil,421.85,329.68,442.94,725.22,419.99
2025-04-23,swsh7-208,246755,Holofoil,25.68,22.99,29.99,48.95,30.23
2025-04-23,swsh7-209,246756,Holofoil,369.37,280.0,378.16,799.99,331.99
2025-04-23,swsh7-211,246702,Holofoil,42.7,31.85,45.0,90.74,45.35
2025-04-23,swsh7-212,246704,Holofoil,416.51,300.0,420.0,1000.0,419.99
2025-04-23,swsh7-215,246723,Holofoil,1693.62,1098.0,1746.89,2727.6,1697.85
2025-04-23,swsh7-218,246733,Holofoil,801.77,599.99,782.47,1378.35,782.46
2025-04-23,swsh7-41,246753,Holofoil,4.91,3.9,5.64,89.0,6.19
2025-04-23,swsh7-65,246690,Holofoil,8.98,7.65,9.99,500.0,14.94
2025-04-23,swsh7-75,246701,Holofoil,10.77,7.73,10.99,50.0,11.19
2025-04-23,swsh7-8,246691,Holofoil,5.79,4.0,6.0,50.0,6.42
2025-04-23,swsh8-271,253266,Holofoil,642.06,475.0,671.86,1799.0,589.99
2025-04-23,swsh9-154,263873,Holofoil,212.63,170.0,219.99,1500.0,197.99
2025-04-24,base1-15,42355,Holofoil,123.56,70.0,115.0,300.0,
2025-04-24,base1-16,42356,Holofoil,40.85,21.97,38.83,9999.0,
2025-04-24,base1-2,42360,Holofoil,161.04,99.0,149.99,251.32,
2025-04-24,base1-4,42382,Holofoil,451.23,289.75,463.29,999.0,
2025-04-24,base1-58,42402,Normal,3.21,0.48,2.5,9999.0,
2025-04-24,cel25c-4,250320,Holofoil,98.45,85.0,103.11,250.0,93.99
2025-04-24,gym2-2,83861,1st Edition Holofoil,914.33,500.0,650.0,799.99,
2025-04-24,gym2-2,83861,Unlimited Holofoil,343.41,349.0,389.99,599.0,
2025-04-24,neo1-9,86903,1st Edition Holofoil,1251.5,646.43,699.99,2954.98,
2025-04-24,neo1-9,86903,Unlimited Holofoil,401.6,320.0,361.22,500.0,
2025-04-24,sl-151-bundle,502000,Normal,60.66,55.95,69.99,230.0,
2025-04-24,sl-151-etb,503313,Normal,211.41,210.0,232.5,4999.99,
2025-04-24,sl-151-upc,502005,Normal,339.35,334.99,399.44,26500.0,
2025-04-24,sl-ar-box,265519,Normal,264.2,264.58,299.95,1999.99,
2025-04-24,sl-bs-box,256141,Normal,294.8,290.0,339.02,999.99,
2025-04-24,sl-cel-upc,245140,Normal,452.91,439.98,500.0,1499.95,
2025-04-24,sl-champ-etb,218791,Normal,125.67,118.91,135.99,300.0,
2025-04-24,sl-cz-etb,453470,Normal,136.67,129.99,149.99,1999.99,
2025-04-24,sl-dr-box,624679,Normal,299.22,294.3,299.6,344.99,
2025-04-24,sl-evs-box,242436,Normal,1355.09,1450.0,1945.0,9999.99,
2025-04-24,sl-evs-etb,243721,Normal,482.63,494.98,500.0,979.99,
2025-04-24,sl-fs-box,247654,Normal,481.99,470.0,591.98,1224.99,
2025-04-24,sl-hf-etb,194729,Normal,284.38,285.24,300.0,999.98,
2025-04-24,sl-jp-151,565243,Normal,160.05,156.0,170.0,399.99,
2025-04-24,sl-jp-terastal,603428,Normal,116.45,110.0,121.98,200.0,
2025-04-24,sl-jt-box,610931,Normal,219.87,215.0,246.07,600.0,
2025-04-24,sl-lo-box,277324,Normal,387.99,384.0,433.99,1299.99,
2025-04-24,sl-obf-box,501257,Normal,213.93,209.99,249.97,999.99,
2025-04-24,sl-pe-etb,593355,Normal,110.16,100.0,144.99,299.99,
2025-04-24,sl-pe-spc,622770,Normal,321.9,299.95,334.97,458.72,
2025-04-24,sl-pf-etb,528040,Normal,130.16,128.92,149.93,209.98,
2025-04-24,sl-shf-etb,228821,Normal,84.28,75.0,85.95,499.99,
2025-04-24,sl-ss-box,565606,Normal,242.55,240.0,291.3,4999.99,
2025-04-24,sl-st-box,283389,Normal,264.16,260.0,300.0,1199.99,
2025-04-24,sl-tf-box,536225,Normal,194.3,194.0,208.47,400.0,
2025-04-24,sv2-185,497557,Normal,0.3,0.05,0.39,4.99,0.28
2025-04-24,sv2-185,497557,Reverse Holofoil,1.12,0.2,1.16,9.99,1.35
2025-04-24,sv2-254,497669,Holofoil,20.56,16.99,22.12,100.0,24.11
2025-04-24,sv2-269,497689,Holofoil,66.35,62.33,72.2,259.99,73.95
2025-04-24,sv3pt5-151,516566,Holofoil,6.44,5.0,7.75,40.0,11.11
2025-04-24,sv3pt5-199,517045,Holofoil,206.34,194.85,249.99,900.0,199.99
2025-04-24,sv3pt5-205,517051,Holofoil,10.93,9.5,14.0,100.0,9.82
2025-04-24,sv3pt5-4,502555,Normal,0.09,0.01,0.15,4.95,0.09
2025-04-24,sv3pt5-4,502555,Reverse Holofoil,0.25,0.05,0.27,10.0,
2025-04-24,sv3pt5-6,502558,Holofoil,4.91,3.0,5.59,30.0,3.06
2025-04-24,sv3pt5-7,502548,Normal,0.11,0.01,0.15,15.0,0.09
2025-04-24,sv3pt5-7,502548,Reverse Holofoil,0.18,0.01,0.25,4.95,0.15
2025-04-24,sv4pt5-234,535090,Holofoil,182.84,165.05,199.99,499.98,179.18
2025-04-24,sv4pt5-54,534416,Holofoil,2.57,1.09,2.99,100.0,2.62
2025-04-24,sv8-57,590025,Holofoil,6.57,4.99,7.0,50.0,7.24
2025-04-24,sv8pt5-149,610504,Holofoil,384.29,299.99,394.95,799.95,329.99
2025-04-24,sv8pt5-155,610510,Holofoil,415.1,345.99,420.0,899.95,
2025-04-24,sv8pt5-156,610511,Holofoil,552.59,449.99,599.0,999.95,
2025-04-24,sv8pt5-161,610516,Holofoil,1432.47,1324.99,1455.55,3000.0,
2025-04-24,sv8pt5-167,610522,Holofoil,227.01,189.99,227.42,357.6,189.99
2025-04-24,sv8pt5-179,610534,Holofoil,62.75,62.49,79.99,270.0,69.87
2025-04-24,sv8pt5-28,610383,Holofoil,1.42,0.95,1.75,20.0,1.32
2025-04-24,sv8pt5-47,610402,Normal,0.04,0.01,0.1,10.0,0.03
2025-04-24,sv8pt5-47,610402,Reverse Holofoil,0.09,0.01,0.12,4.95,0.08
2025-04-24,sv8pt5-59,610414,Holofoil,0.37,0.01,0.4,100.0,0.5
2025-04-24,sv8pt5-59,610414,Reverse Holofoil,0.6,0.05,0.87,25.0,0.63
2025-04-24,sv8pt5-60,610415,Holofoil,6.28,3.99,8.0,40.0,
2025-04-24,svp-085,518861,Normal,342.16,300.0,349.99,700.0,329.9
2025-04-24,swsh11-186,284137,Holofoil,616.3,448.0,650.0,1269.69,684.72
2025-04-24,swsh12-186,451834,Holofoil,286.69,223.5,295.9,699.95,311.35
2025-04-24,swsh12pt5gg-GG69,478100,Holofoil,181.27,163.0,195.99,1000.0,187.55
2025-04-24,swsh35-25,223018,Normal,0.13,0.01,0.2,1.25,
2025-04-24,swsh35-25,223018,Reverse Holofoil,0.32,0.09,0.3,2.0,
2025-04-24,swsh35-74,223073,Holofoil,196.91,163.2,234.76,1500.0,176.26
2025-04-24,swsh45sv-SV107,232496,Holofoil,119.65,89.99,129.95,445.06,115.0
2025-04-24,swsh7-204,246693,Holofoil,28.43,25.96,33.21,100.0,28.41
2025-04-24,swsh7-205,246696,Holofoil,421.85,329.68,442.95,723.44,419.99
2025-04-24,swsh7-208,246755,Holofoil,25.97,23.58,30.0,48.95,29.97
2025-04-24,swsh7-209,246756,Holofoil,369.37,255.48,375.88,799.99,255.48
2025-04-24,swsh7-211,246702,Holofoil,42.7,29.85,45.0,90.74,45.34
2025-04-24,swsh7-212,246704,Holofoil,416.51,298.0,419.98,1000.0,399.99
2025-04-24,swsh7-215,246723,Holofoil,1679.62,1098.0,1743.78,2645.4,1696.98
2025-04-24,swsh7-218,246733,Holofoil,788.68,599.99,782.69,1352.54,782.45
2025-04-24,swsh7-41,246753,Holofoil,4.99,3.9,5.61,89.0,5.84
2025-04-24,swsh7-65,246690,Holofoil,10.27,5.26,9.99,500.0,9.97
2025-04-24,swsh7-75,246701,Holofoil,10.81,7.73,11.18,50.0,11.19
2025-04-24,swsh7-8,246691,Holofoil,5.95,4.0,6.11,50.0,6.43
2025-04-24,swsh8-271,253266,Holofoil,631.46,570.83,678.75,1799.0,589.99
2025-04-24,swsh9-154,263873,Holofoil,211.14,170.0,219.99,1500.0,197.99
2025-04-25,base1-15,42355,Holofoil,122.87,70.0,113.88,300.0,
2025-04-25,base1-16,42356,Holofoil,41.2,21.97,37.54,9999.0,29.74
2025-04-25,base1-2,42360,Holofoil,161.04,99.0,147.67,251.91,
2025-04-25,base1-4,42382,Holofoil,450.67,289.75,463.83,999.0,
2025-04-25,base1-58,42402,Normal,3.2,0.5,2.5,9999.0,
2025-04-25,cel25c-4,250320,Holofoil,97.22,80.0,101.99,250.0,93.99
2025-04-25,gym2-2,83861,1st Edition Holofoil,914.33,500.0,650.0,799.99,
2025-04-25,gym2-2,83861,Unlimited Holofoil,350.64,349.0,389.99,599.0,
2025-04-25,neo1-9,86903,1st Edition Holofoil,1251.5,646.43,699.99,2954.98,
2025-04-25,neo1-9,86903,Unlimited Holofoil,401.6,320.0,359.99,500.0,
2025-04-25,sl-151-bundle,502000,Normal,62.47,58.99,69.99,230.0,
2025-04-25,sl-151-etb,503313,Normal,211.57,210.0,233.87,4999.99,
2025-04-25,sl-151-upc,502005,Normal,340.7,334.99,399.99,26500.0,
2025-04-25,sl-ar-box,265519,Normal,264.39,264.2,299.95,1999.99,
2025-04-25,sl-bs-box,256141,Normal,296.32,290.0,339.48,999.99,
2025-04-25,sl-cel-upc,245140,Normal,451.31,439.98,500.0,1499.95,
2025-04-25,sl-champ-etb,218791,Normal,125.67,118.91,135.99,300.0,
2025-04-25,sl-cz-etb,453470,Normal,136.48,134.95,150.0,1999.99,
2025-04-25,sl-dr-box,624679,Normal,296.89,291.78,297.87,321.49,
2025-04-25,sl-evs-box,242436,Normal,1355.09,1450.0,1890.0,9999.99,
2025-04-25,sl-evs-etb,243721,Normal,482.63,494.98,500.0,979.99,
2025-04-25,sl-fs-box,247654,Normal,481.99,475.0,599.48,1224.99,
2025-04-25,sl-hf-etb,194729,Normal,287.91,285.24,300.0,999.98,
2025-04-25,sl-jp-151,565243,Normal,162.09,159.0,172.55,399.99,
2025-04-25,sl-jp-terastal,603428,Normal,115.48,110.0,121.98,200.0,
2025-04-25,sl-jt-box,610931,Normal,214.56,205.0,251.08,600.0,
2025-04-25,sl-lo-box,277324,Normal,390.43,387.99,447.45,1299.99,
2025-04-25,sl-obf-box,501257,Normal,214.49,210.0,250.0,999.99,
2025-04-25,sl-pe-etb,593355,Normal,122.43,123.99,145.0,299.99,
2025-04-25,sl-pe-spc,622770,Normal,304.59,294.9,317.39,450.0,
2025-04-25,sl-pf-etb,528040,Normal,136.18,129.99,147.45,209.98,
2025-04-25,sl-shf-etb,228821,Normal,84.57,75.0,86.0,499.99,
2025-04-25,sl-ss-box,565606,Normal,240.33,232.29,290.0,4999.99,
2025-04-25,sl-st-box,283389,Normal,266.15,260.0,300.0,1199.99,
2025-04-25,sl-tf-box,536225,Normal,193.9,193.93,207.5,400.0,
2025-04-25,sv2-185,497557,Normal,0.29,0.01,0.37,4.99,
2025-04-25,sv2-185,497557,Reverse Holofoil,1.17,0.2,1.17,9.99,1.22
2025-04-25,sv2-254,497669,Holofoil,21.45,16.99,22.73,100.0,25.79
2025-04-25,sv2-269,497689,Holofoil,66.75,62.33,71.85,259.99,73.93
2025-04-25,sv3pt5-151,516566,Holofoil,6.96,4.81,7.7,40.0,8.7
2025-04-25,sv3pt5-199,517045,Holofoil,212.97,194.85,252.8,900.0,199.99
2025-04-25,sv3pt5-205,517051,Holofoil,11.24,9.99,14.35,50.0,11.71
2025-04-25,sv3pt5-4,502555,Normal,0.09,0.01,0.15,4.95,0.09
2025-04-25,sv3pt5-4,502555,Reverse Holofoil,0.25,0.05,0.26,4.95,
2025-04-25,sv3pt5-6,502558,Holofoil,4.46,3.0,5.5,30.0,4.79
2025-04-25,sv3pt5-7,502548,Normal,0.12,0.01,0.15,15.0,
2025-04-25,sv3pt5-7,502548,Reverse Holofoil,0.16,0.01,0.25,13.0,
2025-04-25,sv4pt5-234,535090,Holofoil,182.84,165.0,198.38,499.98,171.67
2025-04-25,sv4pt5-54,534416,Holofoil,2.15,1.5,2.98,45.0,3.14
2025-04-25,sv8-57,590025,Holofoil,6.68,4.99,7.0,50.0,8.04
2025-04-25,sv8pt5-149,610504,Holofoil,384.29,299.99,387.97,800.0,329.99
2025-04-25,sv8pt5-155,610510,Holofoil,397.3,345.99,447.08,899.95,
2025-04-25,sv8pt5-156,610511,Holofoil,554.79,449.99,553.69,999.95,
2025-04-25,sv8pt5-161,610516,Holofoil,1413.62,1324.99,1499.99,3000.0,1432.47
2025-04-25,sv8pt5-167,610522,Holofoil,221.86,189.99,227.01,349.42,
2025-04-25,sv8pt5-179,610534,Holofoil,62.58,59.97,79.97,270.0,68.84
2025-04-25,sv8pt5-28,610383,Holofoil,1.61,0.94,1.75,20.0,
2025-04-25,sv8pt5-47,610402,Normal,0.04,0.01,0.1,4.95,0.03
2025-04-25,sv8pt5-47,610402,Reverse Holofoil,0.09,0.01,0.12,4.95,0.09
2025-04-25,sv8pt5-59,610414,Holofoil,0.32,0.01,0.4,100.0,
2025-04-25,sv8pt5-59,610414,Reverse Holofoil,0.56,0.05,0.89,25.0,
2025-04-25,sv8pt5-60,610415,Holofoil,6.15,4.0,8.0,40.0,7.5
2025-04-25,svp-085,518861,Normal,340.34,324.99,349.99,700.0,329.9
2025-04-25,swsh11-186,284137,Holofoil,616.3,448.0,650.0,1269.69,684.69
2025-04-25,swsh12-186,451834,Holofoil,285.29,223.5,296.0,699.95,285.29
2025-04-25,swsh12pt5gg-GG69,478100,Holofoil,182.02,164.0,199.68,1000.0,187.04
2025-04-25,swsh35-25,223018,Normal,0.13,0.01,0.19,1.25,
2025-04-25,swsh35-25,223018,Reverse Holofoil,0.32,0.09,0.3,2.0,
2025-04-25,swsh35-74,223073,Holofoil,196.91,163.2,237.36,1500.0,176.26
2025-04-25,swsh45sv-SV107,232496,Holofoil,118.68,89.99,129.75,445.06,112.8
2025-04-25,swsh7-204,246693,Holofoil,28.43,24.5,33.13,100.0,28.41
2025-04-25,swsh7-205,246696,Holofoil,421.85,329.68,442.95,725.11,419.99
2025-04-25,swsh7-208,246755,Holofoil,25.97,23.58,29.96,48.95,25.97
2025-04-25,swsh7-209,246756,Holofoil,369.37,274.64,378.16,799.99,274.64
2025-04-25,swsh7-211,246702,Holofoil,42.7,29.85,45.0,90.74,42.69
2025-04-25,swsh7-212,246704,Holofoil,416.51,298.0,419.99,1000.0,399.98
2025-04-25,swsh7-215,246723,Holofoil,1679.62,1098.0,1742.7,2645.4,1694.95
2025-04-25,swsh7-218,246733,Holofoil,788.68,599.99,784.64,1355.62,782.43
2025-04-25,swsh7-41,246753,Holofoil,4.92,3.0,5.58,89.0,4.9
2025-04-25,swsh7-65,246690,Holofoil,10.14,6.68,10.0,500.0,9.97
2025-04-25,swsh7-75,246701,Holofoil,10.9,7.73,10.99,50.0,10.9
2025-04-25,swsh7-8,246691,Holofoil,6.01,3.9,6.0,50.0,5.68
2025-04-25,swsh8-271,253266,Holofoil,624.1,566.72,675.7,1799.0,589.99
2025-04-25,swsh9-154,263873,Holofoil,209.13,170.0,218.05,1500.0,197.99
2025-04-26,base1-15,42355,Holofoil,122.38,70.0,115.0,300.0,
2025-04-26,base1-16,42356,Holofoil,41.43,21.97,39.25,9999.0,29.74
2025-04-26,base1-2,42360,Holofoil,161.04,99.0,149.99,252.5,
2025-04-26,base1-4,42382,Holofoil,450.67,289.75,467.04,1249.99,
2025-04-26,base1-58,42402,Normal,3.28,0.5,2.54,9999.0,
2025-04-26,cel25c-4,250320,Holofoil,96.33,80.0,101.78,250.0,91.99
2025-04-26,gym2-2,83861,1st Edition Holofoil,914.33,500.0,650.0,799.99,
2025-04-26,gym2-2,83861,Unlimited Holofoil,350.64,349.0,434.99,599.0,
2025-04-26,neo1-9,86903,1st Edition Holofoil,1251.5,646.43,699.49,2954.98,
2025-04-26,neo1-9,86903,Unlimited Holofoil,401.6,320.0,359.99,474.7,
2025-04-26,sl-151-bundle,502000,Normal,62.83,59.99,70.0,230.0,
2025-04-26,sl-151-etb,503313,Normal,213.57,210.0,235.0,4999.99,
2025-04-26,sl-151-upc,502005,Normal,339.32,334.99,399.99,26500.0,
2025-04-26,sl-ar-box,265519,Normal,264.78,264.39,299.98,1999.99,
2025-04-26,sl-bs-box,256141,Normal,296.32,290.0,345.38,999.99,
2025-04-26,sl-cel-upc,245140,Normal,448.19,455.01,500.0,1499.95,
2025-04-26,sl-champ-etb,218791,Normal,125.67,118.91,136.98,300.0,
2025-04-26,sl-cz-etb,453470,Normal,137.68,134.95,150.0,1999.99,
2025-04-26,sl-dr-box,624679,Normal,294.21,291.52,296.87,320.0,
2025-04-26,sl-evs-box,242436,Normal,1355.09,1450.0,1887.0,9999.99,
2025-04-26,sl-evs-etb,243721,Normal,482.63,494.98,500.0,979.99,
2025-04-26,sl-fs-box,247654,Normal,483.95,475.0,599.48,1224.99,
2025-04-26,sl-hf-etb,194729,Normal,288.92,285.24,300.0,999.98,
2025-04-26,sl-jp-151,565243,Normal,166.62,159.0,176.62,399.99,
2025-04-26,sl-jp-terastal,603428,Normal,116.59,111.4,121.98,200.0,
2025-04-26,sl-jt-box,610931,Normal,214.69,205.0,243.96,600.0,
2025-04-26,sl-lo-box,277324,Normal,390.43,384.0,433.99,1299.99,
2025-04-26,sl-obf-box,501257,Normal,215.45,210.0,249.99,999.99,
2025-04-26,sl-pe-etb,593355,Normal,124.09,120.0,145.0,299.99,
2025-04-26,sl-pe-spc,622770,Normal,299.23,294.9,314.88,450.0,
2025-04-26,sl-pf-etb,528040,Normal,139.58,129.99,149.9,209.98,
2025-04-26,sl-shf-etb,228821,Normal,84.61,75.0,85.95,499.99,
2025-04-26,sl-ss-box,565606,Normal,242.04,240.0,292.59,4999.99,
2025-04-26,sl-st-box,283389,Normal,267.3,260.0,300.0,1199.99,
2025-04-26,sl-tf-box,536225,Normal,194.2,193.9,210.0,400.0,
2025-04-26,sv2-185,497557,Normal,0.31,0.01,0.39,4.99,
2025-04-26,sv2-185,497557,Reverse Holofoil,1.69,0.2,1.24,9.99,
2025-04-26,sv2-254,497669,Holofoil,22.23,16.99,22.72,100.0,26.95
2025-04-26,sv2-269,497689,Holofoil,67.12,62.33,71.67,259.99,73.94
2025-04-26,sv3pt5-151,516566,Holofoil,7.32,5.0,7.69,40.0,8.7
2025-04-26,sv3pt5-199,517045,Holofoil,210.83,194.85,254.99,900.0,199.99
2025-04-26,sv3pt5-205,517051,Holofoil,11.6,10.0,14.3,50.0,13.54
2025-04-26,sv3pt5-4,502555,Normal,0.09,0.01,0.15,4.95,
2025-04-26,sv3pt5-4,502555,Reverse Holofoil,0.26,0.05,0.26,4.95,
2025-04-26,sv3pt5-6,502558,Holofoil,4.53,3.0,5.5,30.0,5.47
2025-04-26,sv3pt5-7,502548,Normal,0.11,0.01,0.15,15.0,
2025-04-26,sv3pt5-7,502548,Reverse Holofoil,0.2,0.01,0.25,13.0,
2025-04-26,sv4pt5-234,535090,Holofoil,182.0,164.25,199.99,499.98,171.67
2025-04-26,sv4pt5-54,534416,Holofoil,2.28,1.5,2.96,45.0,3.35
2025-04-26,sv8-57,590025,Holofoil,6.98,5.0,7.0,50.0,
2025-04-26,sv8pt5-149,610504,Holofoil,381.29,299.99,387.97,800.0,329.99
2025-04-26,sv8pt5-155,610510,Holofoil,397.3,345.99,423.65,899.95,
2025-04-26,sv8pt5-156,610511,Holofoil,552.19,513.04,554.79,999.95,
2025-04-26,sv8pt5-161,610516,Holofoil,1414.92,1324.99,1499.99,3000.0,
2025-04-26,sv8pt5-167,610522,Holofoil,212.31,190.0,227.53,360.68,
2025-04-26,sv8pt5-179,610534,Holofoil,61.72,58.62,79.89,270.0,
2025-04-26,sv8pt5-28,610383,Holofoil,1.59,0.85,1.75,20.0,
2025-04-26,sv8pt5-47,610402,Normal,0.04,0.01,0.1,4.95,0.03
2025-04-26,sv8pt5-47,610402,Reverse Holofoil,0.08,0.01,0.12,4.95,0.09
2025-04-26,sv8pt5-59,610414,Holofoil,0.32,0.01,0.4,100.0,
2025-04-26,sv8pt5-59,610414,Reverse Holofoil,0.63,0.05,0.89,25.0,
2025-04-26,sv8pt5-60,610415,Holofoil,6.45,4.0,8.0,40.0,
2025-04-26,svp-085,518861,Normal,340.34,324.99,352.5,700.0,329.9
2025-04-26,swsh11-186,284137,Holofoil,616.3,448.0,650.0,1269.69,684.67
2025-04-26,swsh12-186,451834,Holofoil,284.68,223.5,295.8,699.95,293.24
2025-04-26,swsh12pt5gg-GG69,478100,Holofoil,181.15,164.0,200.0,1000.0,186.64
2025-04-26,swsh35-25,223018,Normal,0.13,0.01,0.19,1.25,
2025-04-26,swsh35-25,223018,Reverse Holofoil,0.32,0.09,0.3,2.0,
2025-04-26,swsh35-74,223073,Holofoil,196.91,163.2,237.36,1500.0,176.26
2025-04-26,swsh45sv-SV107,232496,Holofoil,118.68,89.99,129.95,445.06,112.8
2025-04-26,swsh7-204,246693,Holofoil,28.35,24.0,33.36,100.0,28.39
2025-04-26,swsh7-205,246696,Holofoil,421.85,329.68,444.22,726.84,419.99
2025-04-26,swsh7-208,246755,Holofoil,25.97,23.58,29.95,48.95,29.95
2025-04-26,swsh7-209,246756,Holofoil,369.37,279.0,378.49,799.99,378.49
2025-04-26,swsh7-211,246702,Holofoil,42.7,29.85,44.99,90.74,42.68
2025-04-26,swsh7-212,246704,Holofoil,416.51,298.7,419.99,1000.0,399.98
2025-04-26,swsh7-215,246723,Holofoil,1679.62,1098.0,1741.61,2519.48,1694.94
2025-04-26,swsh7-218,246733,Holofoil,788.68,599.99,786.76,1358.8,782.41
2025-04-26,swsh7-41,246753,Holofoil,5.08,3.0,5.55,89.0,4.88
2025-04-26,swsh7-65,246690,Holofoil,9.95,6.15,9.99,500.0,10.14
2025-04-26,swsh7-75,246701,Holofoil,10.97,7.73,10.99,50.0,10.89
2025-04-26,swsh7-8,246691,Holofoil,5.97,3.9,6.01,50.0,5.68
2025-04-26,swsh8-271,253266,Holofoil,624.1,561.69,685.0,1799.0,589.99
2025-04-26,swsh9-154,263873,Holofoil,208.06,170.0,218.05,1500.0,174.0
2025-04-27,base1-15,42355,Holofoil,122.38,70.0,112.75,300.0,
2025-04-27,base1-16,42356,Holofoil,41.68,21.97,37.54,9999.0,
2025-04-27,base1-2,42360,Holofoil,159.35,99.0,149.99,252.56,
2025-04-27,base1-4,42382,Holofoil,450.67,289.99,467.21,1249.99,
2025-04-27,base1-58,42402,Normal,3.22,0.32,2.5,9999.0,
2025-04-27,cel25c-4,250320,Holofoil,91.98,80.0,101.05,250.0,91.99
2025-04-27,gym2-2,83861,1st Edition Holofoil,914.33,315.0,557.5,799.99,
2025-04-27,gym2-2,83861,Unlimited Holofoil,350.64,349.0,434.99,599.0,
2025-04-27,neo1-9,86903,1st Edition Holofoil,1251.5,646.43,699.49,2954.98,
2025-04-27,neo1-9,86903,Unlimited Holofoil,401.6,320.0,359.99,474.7,
2025-04-27,sl-151-bundle,502000,Normal,64.16,59.99,70.0,230.0,
2025-04-27,sl-151-etb,503313,Normal,213.5,210.0,234.95,4999.99,
2025-04-27,sl-151-upc,502005,Normal,339.04,332.96,399.99,26500.0,
2025-04-27,sl-ar-box,265519,Normal,265.5,264.78,299.98,1999.99,
2025-04-27,sl-bs-box,256141,Normal,298.35,290.0,335.98,999.99,
2025-04-27,sl-cel-upc,245140,Normal,448.95,469.0,549.99,1499.95,
2025-04-27,sl-champ-etb,218791,Normal,125.95,118.91,136.98,300.0,
2025-04-27,sl-cz-etb,453470,Normal,138.81,134.95,150.0,1999.99,
2025-04-27,sl-dr-box,624679,Normal,290.84,285.0,296.19,320.0,
2025-04-27,sl-evs-box,242436,Normal,1335.69,1375.0,1887.0,9999.99,
2025-04-27,sl-evs-etb,243721,Normal,482.63,494.98,512.5,979.99,
2025-04-27,sl-fs-box,247654,Normal,483.51,475.0,599.0,1224.99,
2025-04-27,sl-hf-etb,194729,Normal,290.01,285.24,300.0,999.98,
2025-04-27,sl-jp-151,565243,Normal,166.6,159.0,177.79,399.99,
2025-04-27,sl-jp-terastal,603428,Normal,117.15,111.4,123.97,200.0,
2025-04-27,sl-jt-box,610931,Normal,214.42,212.0,251.08,600.0,
2025-04-27,sl-lo-box,277324,Normal,390.68,384.0,425.0,1299.99,
2025-04-27,sl-obf-box,501257,Normal,214.33,200.0,249.95,999.99,
2025-04-27,sl-pe-etb,593355,Normal,125.87,120.0,145.0,299.99,
2025-04-27,sl-pe-spc,622770,Normal,298.74,296.9,332.07,450.0,
2025-04-27,sl-pf-etb,528040,Normal,140.18,129.99,145.0,209.98,
2025-04-27,sl-shf-etb,228821,Normal,84.53,75.0,86.0,499.99,
2025-04-27,sl-ss-box,565606,Normal,244.74,249.39,298.45,4999.99,
2025-04-27,sl-st-box,283389,Normal,267.18,264.16,300.0,1199.99,
2025-04-27,sl-tf-box,536225,Normal,195.72,194.2,215.0,400.0,
2025-04-27,sv2-185,497557,Normal,0.34,0.01,0.4,4.99,
2025-04-27,sv2-185,497557,Reverse Holofoil,1.51,0.2,1.25,9.99,
2025-04-27,sv2-254,497669,Holofoil,21.56,16.99,23.0,100.0,24.11
2025-04-27,sv2-269,497689,Holofoil,67.14,61.0,71.13,259.99,70.0
2025-04-27,sv3pt5-151,516566,Holofoil,7.07,5.0,7.66,40.0,8.0
2025-04-27,sv3pt5-199,517045,Holofoil,209.59,194.75,250.0,900.0,199.99
2025-04-27,sv3pt5-205,517051,Holofoil,12.06,10.0,14.5,50.0,14.59
2025-04-27,sv3pt5-4,502555,Normal,0.08,0.01,0.15,4.95,
2025-04-27,sv3pt5-4,502555,Reverse Holofoil,0.28,0.05,0.27,4.95,
2025-04-27,sv3pt5-6,502558,Holofoil,4.77,2.75,5.47,30.0,5.61
2025-04-27,sv3pt5-7,502548,Normal,0.1,0.01,0.15,15.0,
2025-04-27,sv3pt5-7,502548,Reverse Holofoil,0.24,0.01,0.25,13.0,
2025-04-27,sv4pt5-234,535090,Holofoil,183.48,165.0,200.0,499.98,212.95
2025-04-27,sv4pt5-54,534416,Holofoil,2.26,1.1,2.98,45.0,3.49
2025-04-27,sv8-57,590025,Holofoil,7.25,5.0,7.11,50.0,
2025-04-27,sv8pt5-149,610504,Holofoil,376.49,299.96,385.99,800.0,330.0
2025-04-27,sv8pt5-155,610510,Holofoil,397.3,345.99,422.3,899.95,
2025-04-27,sv8pt5-156,610511,Holofoil,552.19,510.0,579.81,999.95,
2025-04-27,sv8pt5-161,610516,Holofoil,1414.92,1324.99,1474.98,3000.0,
2025-04-27,sv8pt5-167,610522,Holofoil,212.31,190.0,227.01,360.68,
2025-04-27,sv8pt5-179,610534,Holofoil,61.07,61.07,79.95,270.0,
2025-04-27,sv8pt5-28,610383,Holofoil,1.39,0.85,1.73,20.0,
2025-04-27,sv8pt5-47,610402,Normal,0.05,0.01,0.1,4.95,0.03
2025-04-27,sv8pt5-47,610402,Reverse Holofoil,0.08,0.01,0.12,4.95,0.08
2025-04-27,sv8pt5-59,610414,Holofoil,0.35,0.01,0.4,100.0,
2025-04-27,sv8pt5-59,610414,Reverse Holofoil,0.56,0.2,0.9,25.0,
2025-04-27,sv8pt5-60,610415,Holofoil,6.06,5.25,8.09,40.0,
2025-04-27,svp-085,518861,Normal,339.78,324.99,350.0,700.0,329.9
2025-04-27,swsh11-186,284137,Holofoil,616.16,448.0,647.85,1269.69,684.67
2025-04-27,swsh12-186,451834,Holofoil,284.08,223.5,299.93,699.95,292.61
2025-04-27,swsh12pt5gg-GG69,478100,Holofoil,180.71,159.99,199.95,1000.0,186.43
2025-04-27,swsh35-25,223018,Normal,0.13,0.01,0.2,1.25,
2025-04-27,swsh35-25,223018,Reverse Holofoil,0.33,0.09,0.3,2.0,
2025-04-27,swsh35-74,223073,Holofoil,194.31,164.99,240.47,1500.0,178.2
2025-04-27,swsh45sv-SV107,232496,Holofoil,118.68,89.99,129.95,445.06,112.8
2025-04-27,swsh7-204,246693,Holofoil,28.11,24.0,33.21,100.0,28.39
2025-04-27,swsh7-205,246696,Holofoil,421.85,329.68,444.24,727.06,419.99
2025-04-27,swsh7-208,246755,Holofoil,25.97,23.58,29.95,48.95,29.94
2025-04-27,swsh7-209,246756,Holofoil,369.37,275.0,378.49,799.99,378.49
2025-04-27,swsh7-211,246702,Holofoil,42.91,29.85,44.99,90.74,42.68
2025-04-27,swsh7-212,246704,Holofoil,411.86,298.6,419.99,1000.0,399.97
2025-04-27,swsh7-215,246723,Holofoil,1679.62,1098.0,1725.0,2519.48,1693.92
2025-04-27,swsh7-218,246733,Holofoil,788.68,599.99,782.49,1359.23,780.0
2025-04-27,swsh7-41,246753,Holofoil,5.05,2.1,5.5,89.0,5.9
2025-04-27,swsh7-65,246690,Holofoil,9.78,7.21,9.99,500.0,10.0
2025-04-27,swsh7-75,246701,Holofoil,10.87,7.73,10.97,50.0,10.9
2025-04-27,swsh7-8,246691,Holofoil,5.78,3.9,6.0,50.0,5.88
2025-04-27,swsh8-271,253266,Holofoil,624.1,561.69,680.89,1799.0,589.99
2025-04-27,swsh9-154,263873,Holofoil,204.66,170.0,217.53,1500.0,173.99
2025-04-28,base1-15,42355,Holofoil,122.38,70.0,122.28,300.0,112.75
2025-04-28,base1-16,42356,Holofoil,41.68,22.0,37.54,9999.0,
2025-04-28,base1-2,42360,Holofoil,159.35,109.0,149.99,250.13,
2025-04-28,base1-4,42382,Holofoil,450.67,289.99,467.54,1249.99,
2025-04-28,base1-58,42402,Normal,3.14,0.5,2.5,9999.0,2.98
2025-04-28,cel25c-4,250320,Holofoil,91.1,80.0,101.05,250.0,89.99
2025-04-28,gym2-2,83861,1st Edition Holofoil,764.5,500.0,650.0,799.99,
2025-04-28,gym2-2,83861,Unlimited Holofoil,350.64,349.0,434.99,599.0,
2025-04-28,neo1-9,86903,1st Edition Holofoil,1251.5,646.43,699.49,2954.98,
2025-04-28,neo1-9,86903,Unlimited Holofoil,401.6,290.0,359.99,1000.0,
2025-04-28,sl-151-bundle,502000,Normal,63.3,56.49,70.0,230.0,
2025-04-28,sl-151-etb,503313,Normal,213.42,210.0,235.07,4999.99,
2025-04-28,sl-151-upc,502005,Normal,339.56,332.96,399.99,26500.0,
2025-04-28,sl-ar-box,265519,Normal,266.0,271.99,324.98,1999.99,
2025-04-28,sl-bs-box,256141,Normal,298.47,290.0,330.0,999.99,
2025-04-28,sl-cel-upc,245140,Normal,449.51,462.0,549.99,1499.95,
2025-04-28,sl-champ-etb,218791,Normal,126.43,118.91,137.0,300.0,
2025-04-28,sl-cz-etb,453470,Normal,140.13,134.95,150.0,1999.99,
2025-04-28,sl-dr-box,624679,Normal,285.9,280.96,295.49,320.0,
2025-04-28,sl-evs-box,242436,Normal,1349.81,1450.0,1999.99,9999.99,
2025-04-28,sl-evs-etb,243721,Normal,484.23,494.98,500.0,979.99,
2025-04-28,sl-fs-box,247654,Normal,484.33,499.0,599.98,1224.99,
2025-04-28,sl-hf-etb,194729,Normal,290.92,285.24,300.0,999.98,
2025-04-28,sl-jp-151,565243,Normal,168.07,165.0,178.99,399.99,
2025-04-28,sl-jp-terastal,603428,Normal,116.74,112.0,123.97,200.0,
2025-04-28,sl-jt-box,610931,Normal,214.3,211.0,242.33,600.0,
2025-04-28,sl-lo-box,277324,Normal,391.48,384.0,425.0,1299.99,
2025-04-28,sl-obf-box,501257,Normal,214.06,200.0,249.95,999.99,
2025-04-28,sl-pe-etb,593355,Normal,125.0,111.92,144.99,299.99,
2025-04-28,sl-pe-spc,622770,Normal,297.67,284.0,349.19,450.0,
2025-04-28,sl-pf-etb,528040,Normal,139.78,129.99,147.45,209.98,
2025-04-28,sl-shf-etb,228821,Normal,84.57,75.0,85.95,499.99,
2025-04-28,sl-ss-box,565606,Normal,247.86,249.39,298.0,4999.99,
2025-04-28,sl-st-box,283389,Normal,267.18,266.89,300.0,1199.99,
2025-04-28,sl-tf-box,536225,Normal,196.46,190.0,212.99,400.0,
2025-04-28,sv2-185,497557,Normal,0.4,0.01,0.39,4.99,0.3
2025-04-28,sv2-185,497557,Reverse Holofoil,2.31,0.2,1.32,9.99,0.59
2025-04-28,sv2-254,497669,Holofoil,21.48,16.99,22.49,100.0,19.99
2025-04-28,sv2-269,497689,Holofoil,67.5,59.0,71.5,259.99,71.5
2025-04-28,sv3pt5-151,516566,Holofoil,8.14,4.0,7.75,40.0,12.49
2025-04-28,sv3pt5-199,517045,Holofoil,209.71,194.85,250.0,900.0,199.99
2025-04-28,sv3pt5-205,517051,Holofoil,12.15,10.0,14.59,50.0,14.59
2025-04-28,sv3pt5-4,502555,Normal,0.1,0.01,0.15,4.95,0.09
2025-04-28,sv3pt5-4,502555,Reverse Holofoil,0.25,0.06,0.26,4.95,
2025-04-28,sv3pt5-6,502558,Holofoil,4.38,2.75,5.42,30.0,4.35
2025-04-28,sv3pt5-7,502548,Normal,0.1,0.01,0.15,15.0,0.05
2025-04-28,sv3pt5-7,502548,Reverse Holofoil,0.26,0.02,0.25,4.95,0.15
2025-04-28,sv4pt5-234,535090,Holofoil,184.72,166.75,200.0,499.98,212.96
2025-04-28,sv4pt5-54,534416,Holofoil,2.84,1.4,2.99,45.0,1.89
2025-04-28,sv8-57,590025,Holofoil,7.33,5.0,7.49,50.0,9.84
2025-04-28,sv8pt5-149,610504,Holofoil,376.49,284.99,385.99,800.0,
2025-04-28,sv8pt5-155,610510,Holofoil,397.3,345.99,419.98,899.95,
2025-04-28,sv8pt5-156,610511,Holofoil,562.1,488.55,597.33,999.95,562.1
2025-04-28,sv8pt5-161,610516,Holofoil,1414.92,1299.99,1474.98,3000.0,
2025-04-28,sv8pt5-167,610522,Holofoil,212.31,190.0,227.01,360.68,
2025-04-28,sv8pt5-179,610534,Holofoil,62.84,58.0,79.98,270.0,
2025-04-28,sv8pt5-28,610383,Holofoil,1.46,0.75,1.69,20.0,
2025-04-28,sv8pt5-47,610402,Normal,0.05,0.01,0.1,4.95,0.03
2025-04-28,sv8pt5-47,610402,Reverse Holofoil,0.08,0.01,0.12,4.95,0.08
2025-04-28,sv8pt5-59,610414,Holofoil,0.34,0.01,0.39,100.0,
2025-04-28,sv8pt5-59,610414,Reverse Holofoil,0.54,0.15,0.86,25.0,
2025-04-28,sv8pt5-60,610415,Holofoil,6.65,4.5,8.55,40.0,7.49
2025-04-28,svp-085,518861,Normal,339.78,314.96,349.98,700.0,319.9
2025-04-28,swsh11-186,284137,Holofoil,616.16,448.0,628.0,1269.69,684.65
2025-04-28,swsh12-186,451834,Holofoil,277.88,223.5,293.44,699.95,225.0
2025-04-28,swsh12pt5gg-GG69,478100,Holofoil,180.71,159.99,199.99,1000.0,185.71
2025-04-28,swsh35-25,223018,Normal,0.13,0.01,0.2,1.25,
2025-04-28,swsh35-25,223018,Reverse Holofoil,0.32,0.09,0.3,2.0,
2025-04-28,swsh35-74,223073,Holofoil,194.31,164.99,239.95,1500.0,178.2
2025-04-28,swsh45sv-SV107,232496,Holofoil,119.6,89.99,129.94,445.06,112.75
2025-04-28,swsh7-204,246693,Holofoil,28.11,23.0,33.12,100.0,28.11
2025-04-28,swsh7-205,246696,Holofoil,421.85,329.68,443.58,727.6,419.99
2025-04-28,swsh7-208,246755,Holofoil,25.97,23.5,28.61,48.95,25.97
2025-04-28,swsh7-209,246756,Holofoil,369.37,275.0,378.49,799.99,378.49
2025-04-28,swsh7-211,246702,Holofoil,42.91,29.85,45.0,90.74,42.68
2025-04-28,swsh7-212,246704,Holofoil,411.86,298.6,419.99,1000.0,399.96
2025-04-28,swsh7-215,246723,Holofoil,1679.62,1098.0,1700.09,2519.48,1689.97
2025-04-28,swsh7-218,246733,Holofoil,788.68,599.99,782.52,1360.26,779.98
2025-04-28,swsh7-41,246753,Holofoil,4.82,2.27,5.46,89.0,5.09
2025-04-28,swsh7-65,246690,Holofoil,9.41,6.84,9.92,500.0,9.76
2025-04-28,swsh7-75,246701,Holofoil,10.65,7.73,10.96,50.0,10.87
2025-04-28,swsh7-8,246691,Holofoil,5.73,3.9,6.0,50.0,5.78
2025-04-28,swsh8-271,253266,Holofoil,618.11,556.3,677.64,1799.0,589.99
2025-04-28,swsh9-154,263873,Holofoil,203.54,165.0,219.02,1500.0,206.94
2025-04-29,base1-15,42355,Holofoil,122.38,70.0,125.78,300.0,115.66
2025-04-29,base1-16,42356,Holofoil,42.92,22.0,36.27,9999.0,
2025-04-29,base1-2,42360,Holofoil,159.35,109.0,149.99,250.13,
2025-04-29,base1-4,42382,Holofoil,450.67,289.99,499.99,1249.99,
2025-04-29,base1-58,42402,Normal,3.12,0.5,2.5,9999.0,3.99
2025-04-29,cel25c-4,250320,Holofoil,90.24,80.0,100.0,250.0,89.99
2025-04-29,gym2-2,83861,1st Edition Holofoil,764.5,500.0,650.0,799.99,
2025-04-29,gym2-2,83861,Unlimited Holofoil,350.64,347.69,389.99,599.0,347.69
2025-04-29,neo1-9,86903,1st Edition Holofoil,1251.5,646.43,699.49,2954.98,
2025-04-29,neo1-9,86903,Unlimited Holofoil,401.6,283.0,359.99,1000.0,
2025-04-29,sl-151-bundle,502000,Normal,63.11,55.0,70.0,230.0,
2025-04-29,sl-151-etb,503313,Normal,214.53,210.0,249.97,4999.99,
2025-04-29,sl-151-upc,502005,Normal,339.08,332.96,399.99,26500.0,
2025-04-29,sl-ar-box,265519,Normal,266.48,266.0,324.98,1999.99,
2025-04-29,sl-bs-box,256141,Normal,298.24,290.0,330.0,999.99,
2025-04-29,sl-cel-upc,245140,Normal,449.51,462.0,549.99,1499.95,
2025-04-29,sl-champ-etb,218791,Normal,126.43,118.85,137.0,300.0,
2025-04-29,sl-cz-etb,453470,Normal,140.37,134.95,150.0,1999.99,
2025-04-29,sl-dr-box,624679,Normal,282.07,282.3,291.78,320.0,
2025-04-29,sl-evs-box,242436,Normal,1376.23,1500.0,2000.0,9999.99,
2025-04-29,sl-evs-etb,243721,Normal,484.23,494.98,500.0,979.99,
2025-04-29,sl-fs-box,247654,Normal,486.33,499.0,599.98,1224.99,
2025-04-29,sl-hf-etb,194729,Normal,289.17,285.24,300.0,999.98,
2025-04-29,sl-jp-151,565243,Normal,168.67,165.0,179.0,399.99,
2025-04-29,sl-jp-terastal,603428,Normal,117.45,115.0,123.47,200.0,
2025-04-29,sl-jt-box,610931,Normal,215.26,201.0,259.09,600.0,
2025-04-29,sl-lo-box,277324,Normal,392.04,384.0,427.38,1299.99,
2025-04-29,sl-obf-box,501257,Normal,212.54,200.0,249.97,999.99,
2025-04-29,sl-pe-etb,593355,Normal,123.45,111.92,144.0,299.99,
2025-04-29,sl-pe-spc,622770,Normal,294.2,296.87,354.75,450.0,
2025-04-29,sl-pf-etb,528040,Normal,139.78,133.0,149.9,209.98,
2025-04-29,sl-shf-etb,228821,Normal,83.95,75.0,86.0,499.99,
2025-04-29,sl-ss-box,565606,Normal,250.94,255.0,298.0,4999.99,
2025-04-29,sl-st-box,283389,Normal,267.43,266.89,300.0,1199.99,
2025-04-29,sl-tf-box,536225,Normal,197.66,190.0,214.0,400.0,
2025-04-29,sv2-185,497557,Normal,0.34,0.01,0.4,4.99,
2025-04-29,sv2-185,497557,Reverse Holofoil,1.89,0.2,1.39,9.99,
2025-04-29,sv2-254,497669,Holofoil,21.41,15.0,22.2,100.0,21.63
2025-04-29,sv2-269,497689,Holofoil,67.24,61.0,70.95,259.99,63.99
2025-04-29,sv3pt5-151,516566,Holofoil,7.49,5.0,7.74,40.0,8.33
2025-04-29,sv3pt5-199,517045,Holofoil,208.63,190.0,249.99,900.0,205.0
2025-04-29,sv3pt5-205,517051,Holofoil,12.75,10.0,14.62,50.0,17.32
2025-04-29,sv3pt5-4,502555,Normal,0.1,0.01,0.15,4.95,0.09
2025-04-29,sv3pt5-4,502555,Reverse Holofoil,0.22,0.06,0.26,4.95,
2025-04-29,sv3pt5-6,502558,Holofoil,3.78,2.95,5.35,30.0,5.59
2025-04-29,sv3pt5-7,502548,Normal,0.09,0.01,0.15,15.0,0.05
2025-04-29,sv3pt5-7,502548,Reverse Holofoil,0.22,0.02,0.25,4.95,0.15
2025-04-29,sv4pt5-234,535090,Holofoil,184.42,165.98,199.99,499.98,212.96
2025-04-29,sv4pt5-54,534416,Holofoil,2.38,1.4,2.99,45.0,2.68
2025-04-29,sv8-57,590025,Holofoil,7.73,5.0,7.45,50.0,11.95
2025-04-29,sv8pt5-149,610504,Holofoil,376.49,284.99,385.0,800.0,
2025-04-29,sv8pt5-155,610510,Holofoil,397.3,345.99,408.81,899.95,
2025-04-29,sv8pt5-156,610511,Holofoil,562.1,488.55,579.95,999.95,559.99
2025-04-29,sv8pt5-161,610516,Holofoil,1414.77,1299.99,1449.97,3000.0,
2025-04-29,sv8pt5-167,610522,Holofoil,212.31,190.0,225.98,360.68,
2025-04-29,sv8pt5-179,610534,Holofoil,66.35,63.52,86.56,270.0,
2025-04-29,sv8pt5-28,610383,Holofoil,1.34,0.6,1.67,20.0,
2025-04-29,sv8pt5-47,610402,Normal,0.04,0.01,0.1,4.95,0.03
2025-04-29,sv8pt5-47,610402,Reverse Holofoil,0.08,0.01,0.12,4.95,0.08
2025-04-29,sv8pt5-59,610414,Holofoil,0.28,0.09,0.39,100.0,
2025-04-29,sv8pt5-59,610414,Reverse Holofoil,0.42,0.14,0.86,25.0,
2025-04-29,sv8pt5-60,610415,Holofoil,6.46,3.96,8.5,40.0,
2025-04-29,svp-085,518861,Normal,339.78,314.96,349.99,700.0,349.98
2025-04-29,swsh11-186,284137,Holofoil,611.31,440.0,620.0,1269.69,677.63
2025-04-29,swsh12-186,451834,Holofoil,283.24,223.5,290.0,699.95,225.0
2025-04-29,swsh12pt5gg-GG69,478100,Holofoil,180.55,159.99,199.95,1000.0,180.57
2025-04-29,swsh35-25,223018,Normal,0.13,0.01,0.2,1.25,
2025-04-29,swsh35-25,223018,Reverse Holofoil,0.32,0.09,0.3,2.0,
2025-04-29,swsh35-74,223073,Holofoil,192.56,157.0,235.22,1500.0,178.2
2025-04-29,swsh45sv-SV107,232496,Holofoil,120.23,94.0,130.0,445.06,114.3
2025-04-29,swsh7-204,246693,Holofoil,27.97,23.0,33.11,100.0,28.1
2025-04-29,swsh7-205,246696,Holofoil,421.85,329.68,442.6,727.6,419.99
2025-04-29,swsh7-208,246755,Holofoil,25.65,23.5,26.91,48.95,25.97
2025-04-29,swsh7-209,246756,Holofoil,369.37,270.0,377.99,799.99,377.99
2025-04-29,swsh7-211,246702,Holofoil,42.91,34.99,45.0,90.74,42.67
2025-04-29,swsh7-212,246704,Holofoil,404.23,300.0,419.85,1000.0,399.94
2025-04-29,swsh7-215,246723,Holofoil,1679.62,1098.0,1700.09,2395.0,1689.95
2025-04-29,swsh7-218,246733,Holofoil,789.82,599.48,781.26,1362.2,779.96
2025-04-29,swsh7-41,246753,Holofoil,4.3,2.23,5.49,89.0,6.04
2025-04-29,swsh7-65,246690,Holofoil,8.93,3.96,9.77,500.0,8.93
2025-04-29,swsh7-75,246701,Holofoil,10.39,4.46,10.97,50.0,11.43
2025-04-29,swsh7-8,246691,Holofoil,5.66,0.86,6.0,50.0,6.0
2025-04-29,swsh8-271,253266,Holofoil,618.1,556.3,673.74,1799.0,589.99
2025-04-29,swsh9-154,263873,Holofoil,202.42,170.0,217.0,1500.0,208.97
2025-04-30,base1-15,42355,Holofoil,122.38,70.0,123.99,300.0,115.66
2025-04-30,base1-16,42356,Holofoil,43.04,22.0,33.5,9999.0,29.24
2025-04-30,base1-2,42360,Holofoil,159.35,109.0,149.99,250.13,99.99
2025-04-30,base1-4,42382,Holofoil,450.67,300.0,499.99,1249.99,
2025-04-30,base1-58,42402,Normal,3.23,0.5,2.3,9999.0,1.2
2025-04-30,cel25c-4,250320,Holofoil,99.59,80.0,100.0,250.0,84.99
2025-04-30,gym2-2,83861,1st Edition Holofoil,764.5,500.0,650.0,799.99,
2025-04-30,gym2-2,83861,Unlimited Holofoil,350.64,347.69,397.72,599.0,255.4
2025-04-30,neo1-9,86903,1st Edition Holofoil,1251.5,646.43,1809.85,2954.98,
2025-04-30,neo1-9,86903,Unlimited Holofoil,401.6,283.0,359.99,1000.0,
2025-04-30,sl-151-bundle,502000,Normal,63.5,59.95,70.0,230.0,
2025-04-30,sl-151-etb,503313,Normal,214.33,210.0,244.96,4999.99,
2025-04-30,sl-151-upc,502005,Normal,340.11,332.96,399.99,26500.0,
2025-04-30,sl-ar-box,265519,Normal,266.33,271.99,349.95,1999.99,
2025-04-30,sl-bs-box,256141,Normal,298.91,295.0,349.99,999.99,
2025-04-30,sl-cel-upc,245140,Normal,449.51,462.0,522.93,1499.95,
2025-04-30,sl-champ-etb,218791,Normal,126.42,118.85,137.0,300.0,
2025-04-30,sl-cz-etb,453470,Normal,141.33,134.95,150.0,1999.99,
2025-04-30,sl-dr-box,624679,Normal,277.72,273.92,284.94,320.0,
2025-04-30,sl-evs-box,242436,Normal,1404.27,1500.0,2000.0,9999.99,
2025-04-30,sl-evs-etb,243721,Normal,485.43,494.98,500.0,979.99,
2025-04-30,sl-fs-box,247654,Normal,488.9,500.0,600.0,1224.99,
2025-04-30,sl-hf-etb,194729,Normal,290.51,285.24,300.0,999.98,
2025-04-30,sl-jp-151,565243,Normal,168.82,160.0,178.86,399.99,
2025-04-30,sl-jp-terastal,603428,Normal,117.67,113.0,122.97,200.0,
2025-04-30,sl-jt-box,610931,Normal,211.8,200.0,240.69,600.0,
2025-04-30,sl-lo-box,277324,Normal,392.12,385.0,425.0,1299.99,
2025-04-30,sl-obf-box,501257,Normal,211.95,210.0,249.97,999.99,
2025-04-30,sl-pe-etb,593355,Normal,120.37,115.0,143.98,299.99,
2025-04-30,sl-pe-spc,622770,Normal,293.85,296.87,349.19,450.0,
2025-04-30,sl-pf-etb,528040,Normal,139.78,133.0,149.9,209.98,
2025-04-30,sl-shf-etb,228821,Normal,82.4,75.0,89.62,499.99,
2025-04-30,sl-ss-box,565606,Normal,250.35,230.0,289.99,4999.99,
2025-04-30,sl-st-box,283389,Normal,267.12,266.89,300.0,1199.99,
2025-04-30,sl-tf-box,536225,Normal,198.46,190.0,214.0,400.0,
2025-04-30,sv2-185,497557,Normal,0.34,0.01,0.41,4.99,0.37
2025-04-30,sv2-185,497557,Reverse Holofoil,1.83,0.2,1.44,9.99,1.95
2025-04-30,sv2-254,497669,Holofoil,21.22,15.0,21.99,100.0,21.63
2025-04-30,sv2-269,497689,Holofoil,67.31,60.0,70.72,259.99,67.4
2025-04-30,sv3pt5-151,516566,Holofoil,6.22,5.0,7.69,40.0,10.49
2025-04-30,sv3pt5-199,517045,Holofoil,209.25,190.0,248.12,900.0,205.0
2025-04-30,sv3pt5-205,517051,Holofoil,12.9,10.0,14.5,50.0,12.7
2025-04-30,sv3pt5-4,502555,Normal,0.09,0.01,0.15,4.95,0.09
2025-04-30,sv3pt5-4,502555,Reverse Holofoil,0.22,0.06,0.26,4.95,0.15
2025-04-30,sv3pt5-6,502558,Holofoil,5.17,2.75,5.26,30.0,4.36
2025-04-30,sv3pt5-7,502548,Normal,0.09,0.01,0.15,15.0,
2025-04-30,sv3pt5-7,502548,Reverse Holofoil,0.22,0.02,0.25,4.95,0.15
2025-04-30,sv4pt5-234,535090,Holofoil,182.63,164.85,199.7,499.98,212.99
2025-04-30,sv4pt5-54,534416,Holofoil,2.16,0.99,2.98,45.0,3.5
2025-04-30,sv8-57,590025,Holofoil,6.52,1.99,7.3,50.0,9.99
2025-04-30,sv8pt5-149,610504,Holofoil,376.49,284.99,376.5,800.0,
2025-04-30,sv8pt5-155,610510,Holofoil,397.3,345.99,398.65,899.95,
2025-04-30,sv8pt5-156,610511,Holofoil,562.1,488.55,569.64,999.95,562.1
2025-04-30,sv8pt5-161,610516,Holofoil,1416.99,1299.98,1432.24,3000.0,1349.94
2025-04-30,sv8pt5-167,610522,Holofoil,212.31,180.0,218.99,360.68,
2025-04-30,sv8pt5-179,610534,Holofoil,66.97,63.52,86.19,270.0,
2025-04-30,sv8pt5-28,610383,Holofoil,1.1,0.55,1.65,20.0,1.31
2025-04-30,sv8pt5-47,610402,Normal,0.05,0.01,0.1,4.95,0.04
2025-04-30,sv8pt5-47,610402,Reverse Holofoil,0.08,0.01,0.12,4.95,0.09
2025-04-30,sv8pt5-59,610414,Holofoil,0.26,0.08,0.38,100.0,0.25
2025-04-30,sv8pt5-59,610414,Reverse Holofoil,0.41,0.14,0.8,25.0,0.38
2025-04-30,sv8pt5-60,610415,Holofoil,5.35,3.99,8.31,40.0,6.97
2025-04-30,svp-085,518861,Normal,339.78,314.96,352.5,700.0,349.98
2025-04-30,swsh11-186,284137,Holofoil,604.11,440.0,620.0,1269.69,677.63
2025-04-30,swsh12-186,451834,Holofoil,283.24,223.5,290.0,699.95,225.0
2025-04-30,swsh12pt5gg-GG69,478100,Holofoil,180.55,159.99,199.64,1000.0,180.02
2025-04-30,swsh35-25,223018,Normal,0.13,0.01,0.2,1.25,
2025-04-30,swsh35-25,223018,Reverse Holofoil,0.32,0.09,0.3,2.0,
2025-04-30,swsh35-74,223073,Holofoil,192.56,157.0,239.95,1500.0,169.56
2025-04-30,swsh45sv-SV107,232496,Holofoil,118.82,94.0,130.0,445.06,112.9
2025-04-30,swsh7-204,246693,Holofoil,28.01,23.0,32.5,100.0,28.1
2025-04-30,swsh7-205,246696,Holofoil,421.85,329.68,442.47,727.6,419.99
2025-04-30,swsh7-208,246755,Holofoil,25.79,22.0,26.87,48.95,22.0
2025-04-30,swsh7-209,246756,Holofoil,364.71,265.0,377.99,799.99,377.99
2025-04-30,swsh7-211,246702,Holofoil,42.91,34.99,44.38,90.74,42.66
2025-04-30,swsh7-212,246704,Holofoil,404.23,298.0,419.7,1000.0,395.0
2025-04-30,swsh7-215,246723,Holofoil,1663.85,1098.0,1700.04,2495.78,1663.9
2025-04-30,swsh7-218,246733,Holofoil,789.82,599.48,781.26,1362.2,779.94
2025-04-30,swsh7-41,246753,Holofoil,4.16,2.27,5.45,89.0,5.25
2025-04-30,swsh7-65,246690,Holofoil,8.73,3.96,9.67,500.0,9.46
2025-04-30,swsh7-75,246701,Holofoil,10.26,4.46,10.96,50.0,11.26
2025-04-30,swsh7-8,246691,Holofoil,5.74,0.86,6.0,50.0,5.67
2025-04-30,swsh8-271,253266,Holofoil,616.7,554.0,670.87,1799.0,564.98
2025-04-30,swsh9-154,263873,Holofoil,202.42,169.48,215.65,1500.0,203.42
