date,asset_id,product_id,subtype,market,low,mid,high,direct_low
2025-05-01,base1-15,42355,Holofoil,122.38,70.0,120.0,300.0,115.5
2025-05-01,base1-16,42356,Holofoil,43.04,22.0,33.67,9999.0,
2025-05-01,base1-2,42360,Holofoil,159.35,109.0,146.9,249.99,99.9
2025-05-01,base1-4,42382,Holofoil,450.59,300.0,499.99,1249.99,
2025-05-01,base1-58,42402,Normal,3.23,0.5,2.22,9999.0,1.25
2025-05-01,cel25c-4,250320,Holofoil,98.81,80.0,101.05,250.0,84.99
2025-05-01,gym2-2,83861,1st Edition Holofoil,764.5,500.0,519.99,799.99,
2025-05-01,gym2-2,83861,Unlimited Holofoil,350.64,347.69,397.72,599.0,255.4
2025-05-01,neo1-9,86903,1st Edition Holofoil,1251.5,646.43,1809.85,2954.98,
2025-05-01,neo1-9,86903,Unlimited Holofoil,401.6,220.98,359.99,1000.0,
2025-05-01,sl-151-bundle,502000,Normal,66.57,59.95,70.0,230.0,
2025-05-01,sl-151-etb,503313,Normal,214.53,210.0,247.47,4999.99,
2025-05-01,sl-151-upc,502005,Normal,340.39,332.96,399.99,26500.0,
2025-05-01,sl-ar-box,265519,Normal,266.33,271.99,300.0,1999.99,
2025-05-01,sl-bs-box,256141,Normal,300.16,295.0,364.98,999.99,
2025-05-01,sl-cel-upc,245140,Normal,449.51,462.0,500.0,1499.95,
2025-05-01,sl-champ-etb,218791,Normal,126.61,118.91,140.0,800.0,
2025-05-01,sl-cz-etb,453470,Normal,141.64,134.95,150.0,1999.99,
2025-05-01,sl-dr-box,624679,Normal,271.76,267.98,282.68,320.0,
2025-05-01,sl-evs-box,242436,Normal,1412.23,1400.0,2000.0,9999.99,
2025-05-01,sl-evs-etb,243721,Normal,485.43,494.98,500.0,979.99,
2025-05-01,sl-fs-box,247654,Normal,488.9,500.0,600.0,1224.99,
2025-05-01,sl-hf-etb,194729,Normal,290.51,290.0,300.0,999.98,
2025-05-01,sl-jp-151,565243,Normal,168.58,165.0,178.98,399.99,
2025-05-01,sl-jp-terastal,603428,Normal,117.6,113.0,123.97,200.0,
2025-05-01,sl-jt-box,610931,Normal,208.88,200.0,240.69,600.0,
2025-05-01,sl-lo-box,277324,Normal,393.01,385.0,419.99,1299.99,
2025-05-01,sl-obf-box,501257,Normal,210.9,210.0,249.95,999.99,
2025-05-01,sl-pe-etb,593355,Normal,118.06,104.85,142.24,299.99,
2025-05-01,sl-pe-spc,622770,Normal,294.2,289.69,299.39,450.0,
2025-05-01,sl-pf-etb,528040,Normal,139.88,133.0,142.47,209.98,
2025-05-01,sl-shf-etb,228821,Normal,81.91,75.0,89.99,499.99,
2025-05-01,sl-ss-box,565606,Normal,253.26,245.0,289.99,4999.99,
2025-05-01,sl-st-box,283389,Normal,270.91,273.04,300.0,1199.99,
2025-05-01,sl-tf-box,536225,Normal,198.21,190.0,207.5,400.0,
2025-05-01,sv2-185,497557,Normal,0.38,0.01,0.41,4.99,0.34
2025-05-01,sv2-185,497557,Reverse Holofoil,1.92,0.2,1.49,9.99,1.58
2025-05-01,sv2-254,497669,Holofoil,19.38,16.99,21.99,100.0,21.63
2025-05-01,sv2-269,497689,Holofoil,67.03,60.0,70.2,259.99,67.1
2025-05-01,sv3pt5-151,516566,Holofoil,7.65,5.0,7.74,40.0,7.7
2025-05-01,sv3pt5-199,517045,Holofoil,208.64,190.0,246.84,900.0,205.0
2025-05-01,sv3pt5-205,517051,Holofoil,12.32,9.5,14.49,50.0,15.99
2025-05-01,sv3pt5-4,502555,Normal,0.08,0.01,0.15,4.95,0.08
2025-05-01,sv3pt5-4,502555,Reverse Holofoil,0.22,0.04,0.25,4.95,0.19
2025-05-01,sv3pt5-6,502558,Holofoil,4.81,2.95,5.27,30.0,6.2
2025-05-01,sv3pt5-7,502548,Normal,0.14,0.01,0.15,15.0,
2025-05-01,sv3pt5-7,502548,Reverse Holofoil,0.21,0.02,0.25,13.0,0.15
2025-05-01,sv4pt5-234,535090,Holofoil,181.39,167.94,196.48,499.98,212.98
2025-05-01,sv4pt5-54,534416,Holofoil,2.66,1.25,2.97,45.0,3.49
2025-05-01,sv8-57,590025,Holofoil,6.67,5.0,7.48,50.0,7.35
2025-05-01,sv8pt5-149,610504,Holofoil,374.45,284.01,374.6,800.0,
2025-05-01,sv8pt5-155,610510,Holofoil,397.3,345.99,398.15,899.95,
2025-05-01,sv8pt5-156,610511,Holofoil,562.1,450.0,561.0,999.95,561.0
2025-05-01,sv8pt5-161,610516,Holofoil,1399.27,1244.01,1428.5,3000.0,
2025-05-01,sv8pt5-167,610522,Holofoil,207.43,180.0,219.71,360.68,
2025-05-01,sv8pt5-179,610534,Holofoil,68.27,63.0,82.75,270.0,
2025-05-01,sv8pt5-28,610383,Holofoil,1.22,0.55,1.64,20.0,1.09
2025-05-01,sv8pt5-47,610402,Normal,0.05,0.01,0.1,4.95,0.04
2025-05-01,sv8pt5-47,610402,Reverse Holofoil,0.08,0.01,0.12,4.95,
2025-05-01,sv8pt5-59,610414,Holofoil,0.23,0.08,0.38,100.0,0.25
2025-05-01,sv8pt5-59,610414,Reverse Holofoil,0.47,0.14,0.8,25.0,0.6
2025-05-01,sv8pt5-60,610415,Holofoil,6.17,4.5,8.1,40.0,
2025-05-01,svp-085,518861,Normal,339.78,314.96,352.5,700.0,349.95
2025-05-01,swsh11-186,284137,Holofoil,599.15,440.0,622.5,1269.69,677.63
2025-05-01,swsh12-186,451834,Holofoil,282.36,223.5,290.0,699.95,252.37
2025-05-01,swsh12pt5gg-GG69,478100,Holofoil,179.93,158.85,197.96,1000.0,179.99
2025-05-01,swsh35-25,223018,Normal,0.13,0.01,0.2,1.25,
2025-05-01,swsh35-25,223018,Reverse Holofoil,0.31,0.09,0.3,2.0,0.28
2025-05-01,swsh35-74,223073,Holofoil,192.56,157.0,239.95,1500.0,235.7
2025-05-01,swsh45sv-SV107,232496,Holofoil,118.45,94.0,130.0,445.06,112.9
2025-05-01,swsh7-204,246693,Holofoil,28.01,23.0,32.99,100.0,28.0
2025-05-01,swsh7-205,246696,Holofoil,421.85,329.68,441.97,726.08,419.99
2025-05-01,swsh7-208,246755,Holofoil,26.03,22.0,26.95,48.95,22.0
2025-05-01,swsh7-209,246756,Holofoil,364.71,260.0,377.98,799.99,377.98
2025-05-01,swsh7-211,246702,Holofoil,42.91,33.68,44.39,90.74,42.64
2025-05-01,swsh7-212,246704,Holofoil,401.04,298.0,416.95,1000.0,394.98
2025-05-01,swsh7-215,246723,Holofoil,1663.85,1098.0,1699.99,2495.78,1659.99
2025-05-01,swsh7-218,246733,Holofoil,778.42,599.0,782.52,1359.34,779.92
2025-05-01,swsh7-41,246753,Holofoil,4.23,2.27,5.37,89.0,5.25
2025-05-01,swsh7-65,246690,Holofoil,8.78,3.96,9.55,500.0,7.29
2025-05-01,swsh7-75,246701,Holofoil,10.02,4.46,10.96,50.0,11.26
2025-05-01,swsh7-8,246691,Holofoil,5.75,0.86,6.0,50.0,5.69
2025-05-01,swsh8-271,253266,Holofoil,597.58,555.03,672.2,1799.0,589.99
2025-05-01,swsh9-154,263873,Holofoil,198.8,169.48,215.0,1500.0,203.42
2025-05-02,base1-15,42355,Holofoil,122.38,70.0,121.19,300.0,115.5
2025-05-02,base1-16,42356,Holofoil,43.04,22.0,33.5,9999.0,
2025-05-02,base1-2,42360,Holofoil,159.35,109.0,143.85,249.99,94.91
2025-05-02,base1-4,42382,Holofoil,450.59,300.0,499.99,1249.99,
2025-05-02,base1-58,42402,Normal,3.15,0.5,2.0,9999.0,1.25
2025-05-02,cel25c-4,250320,Holofoil,98.45,80.0,101.05,250.0,85.0
2025-05-02,gym2-2,83861,1st Edition Holofoil,764.5,500.0,650.0,799.99,
2025-05-02,gym2-2,83861,Unlimited Holofoil,360.25,347.13,389.99,599.0,255.4
2025-05-02,neo1-9,86903,1st Edition Holofoil,1251.5,646.43,1809.85,2954.98,
2025-05-02,neo1-9,86903,Unlimited Holofoil,405.4,220.98,344.92,1000.0,
2025-05-02,sl-151-bundle,502000,Normal,67.29,59.95,70.0,230.0,
2025-05-02,sl-151-etb,503313,Normal,215.81,210.0,249.97,4999.99,
2025-05-02,sl-151-upc,502005,Normal,339.92,332.96,399.99,26500.0,
2025-05-02,sl-ar-box,265519,Normal,266.33,271.99,300.0,1999.99,
2025-05-02,sl-bs-box,256141,Normal,301.02,295.0,398.98,999.99,
2025-05-02,sl-cel-upc,245140,Normal,449.51,462.0,500.0,1499.95,
2025-05-02,sl-champ-etb,218791,Normal,126.45,118.91,140.0,800.0,
2025-05-02,sl-cz-etb,453470,Normal,143.27,134.95,150.0,1999.99,
2025-05-02,sl-dr-box,624679,Normal,271.77,269.91,278.88,320.0,
2025-05-02,sl-evs-box,242436,Normal,1416.23,1450.0,2000.0,9999.99,
2025-05-02,sl-evs-etb,243721,Normal,485.43,494.98,500.0,979.99,
2025-05-02,sl-fs-box,247654,Normal,494.14,500.0,600.0,1224.99,
2025-05-02,sl-hf-etb,194729,Normal,290.94,290.0,300.0,999.98,
2025-05-02,sl-jp-151,565243,Normal,167.89,165.0,177.48,399.99,
2025-05-02,sl-jp-terastal,603428,Normal,117.69,113.0,123.47,200.0,
2025-05-02,sl-jt-box,610931,Normal,210.44,201.0,259.09,600.0,
2025-05-02,sl-lo-box,277324,Normal,392.27,385.0,419.99,1299.99,
2025-05-02,sl-obf-box,501257,Normal,210.72,209.99,249.97,999.99,
2025-05-02,sl-pe-etb,593355,Normal,117.39,102.99,141.29,299.99,
2025-05-02,sl-pe-spc,622770,Normal,291.31,277.99,299.99,450.0,
2025-05-02,sl-pf-etb,528040,Normal,139.87,133.0,139.94,209.98,
2025-05-02,sl-shf-etb,228821,Normal,81.22,75.0,89.62,499.99,
2025-05-02,sl-ss-box,565606,Normal,251.41,245.0,288.88,4999.99,
2025-05-02,sl-st-box,283389,Normal,274.25,280.0,300.0,1199.99,
2025-05-02,sl-tf-box,536225,Normal,197.65,190.0,204.98,400.0,
2025-05-02,sv2-185,497557,Normal,0.38,0.01,0.4,4.99,0.34
2025-05-02,sv2-185,497557,Reverse Holofoil,0.86,0.2,1.26,9.99,1.9
2025-05-02,sv2-254,497669,Holofoil,19.18,16.99,21.49,100.0,21.5
2025-05-02,sv2-269,497689,Holofoil,65.48,62.41,70.48,259.99,66.1
2025-05-02,sv3pt5-151,516566,Holofoil,6.7,5.0,7.7,40.0,7.8
2025-05-02,sv3pt5-199,517045,Holofoil,207.24,190.0,244.93,900.0,208.64
2025-05-02,sv3pt5-205,517051,Holofoil,12.23,10.0,14.99,50.0,15.56
2025-05-02,sv3pt5-4,502555,Normal,0.1,0.01,0.15,4.95,0.08
2025-05-02,sv3pt5-4,502555,Reverse Holofoil,0.18,0.06,0.25,4.95,0.19
2025-05-02,sv3pt5-6,502558,Holofoil,4.95,2.95,5.43,30.0,6.2
2025-05-02,sv3pt5-7,502548,Normal,0.12,0.01,0.15,15.0,0.05
2025-05-02,sv3pt5-7,502548,Reverse Holofoil,0.21,0.02,0.25,4.95,0.15
2025-05-02,sv4pt5-234,535090,Holofoil,182.71,170.01,194.99,499.98,199.99
2025-05-02,sv4pt5-54,534416,Holofoil,2.69,1.4,2.98,45.0,2.86
2025-05-02,sv8-57,590025,Holofoil,8.21,4.2,7.59,50.0,10.59
2025-05-02,sv8pt5-149,610504,Holofoil,374.45,284.01,374.6,800.0,
2025-05-02,sv8pt5-155,610510,Holofoil,388.3,345.99,419.98,899.95,
2025-05-02,sv8pt5-156,610511,Holofoil,562.1,450.0,561.0,999.95,561.0
2025-05-02,sv8pt5-161,610516,Holofoil,1351.83,1299.0,1499.99,3000.0,1299.0
2025-05-02,sv8pt5-167,610522,Holofoil,207.19,180.0,217.99,360.68,213.42
2025-05-02,sv8pt5-179,610534,Holofoil,70.26,63.52,89.25,270.0,
2025-05-02,sv8pt5-28,610383,Holofoil,1.18,0.5,1.62,20.0,1.34
2025-05-02,sv8pt5-47,610402,Normal,0.06,0.01,0.1,4.95,0.04
2025-05-02,sv8pt5-47,610402,Reverse Holofoil,0.08,0.01,0.12,4.95,0.05
2025-05-02,sv8pt5-59,610414,Holofoil,0.24,0.05,0.37,100.0,0.08
2025-05-02,sv8pt5-59,610414,Reverse Holofoil,0.52,0.14,0.8,25.0,0.7
2025-05-02,sv8pt5-60,610415,Holofoil,6.0,4.97,8.0,40.0,6.55
2025-05-02,svp-085,518861,Normal,336.92,314.96,355.0,700.0,
2025-05-02,swsh11-186,284137,Holofoil,599.15,440.0,620.0,1269.69,677.62
2025-05-02,swsh12-186,451834,Holofoil,282.36,223.5,290.0,699.95,249.85
2025-05-02,swsh12pt5gg-GG69,478100,Holofoil,179.85,158.85,197.99,1000.0,180.0
2025-05-02,swsh35-25,223018,Normal,0.13,0.01,0.2,1.25,0.1
2025-05-02,swsh35-25,223018,Reverse Holofoil,0.31,0.09,0.3,2.0,0.28
2025-05-02,swsh35-74,223073,Holofoil,192.56,157.0,236.52,1500.0,233.08
2025-05-02,swsh45sv-SV107,232496,Holofoil,118.45,94.0,129.0,445.06,112.6
2025-05-02,swsh7-204,246693,Holofoil,28.01,23.0,32.99,100.0,28.0
2025-05-02,swsh7-205,246696,Holofoil,421.85,329.68,441.96,724.9,419.99
2025-05-02,swsh7-208,246755,Holofoil,26.03,22.0,26.95,48.95,22.0
2025-05-02,swsh7-209,246756,Holofoil,359.11,260.0,377.99,799.99,308.99
2025-05-02,swsh7-211,246702,Holofoil,42.36,38.62,46.06,90.74,44.77
2025-05-02,swsh7-212,246704,Holofoil,401.04,298.0,416.58,1000.0,395.0
2025-05-02,swsh7-215,246723,Holofoil,1663.85,1450.0,1698.93,2395.0,1659.99
2025-05-02,swsh7-218,246733,Holofoil,772.9,549.99,781.26,1337.63,779.9
2025-05-02,swsh7-41,246753,Holofoil,4.03,2.27,5.38,89.0,5.34
2025-05-02,swsh7-65,246690,Holofoil,8.49,3.96,9.55,500.0,9.68
2025-05-02,swsh7-75,246701,Holofoil,9.6,4.46,10.99,50.0,9.72
2025-05-02,swsh7-8,246691,Holofoil,5.57,0.75,6.0,50.0,5.66
2025-05-02,swsh8-271,253266,Holofoil,592.98,537.82,675.8,1799.0,589.99
2025-05-02,swsh9-154,263873,Holofoil,198.8,168.99,211.15,1500.0,203.42
2025-05-03,base1-15,42355,Holofoil,122.38,70.0,120.0,300.0,104.99
2025-05-03,base1-16,42356,Holofoil,43.04,22.0,33.25,9999.0,
2025-05-03,base1-2,42360,Holofoil,159.35,103.99,143.65,249.99,94.91
2025-05-03,base1-4,42382,Holofoil,450.59,300.0,464.38,1249.99,
2025-05-03,base1-58,42402,Normal,3.17,0.5,2.1,9999.0,2.25
2025-05-03,cel25c-4,250320,Holofoil,97.75,80.0,101.05,250.0,90.0
2025-05-03,gym2-2,83861,1st Edition Holofoil,764.5,375.0,376.48,500.0,
2025-05-03,gym2-2,83861,Unlimited Holofoil,360.25,301.01,366.17,599.0,255.4
2025-05-03,neo1-9,86903,1st Edition Holofoil,1251.5,646.43,1809.85,2954.98,
2025-05-03,neo1-9,86903,Unlimited Holofoil,405.4,220.98,352.46,1000.0,
2025-05-03,sl-151-bundle,502000,Normal,67.69,59.95,70.0,230.0,
2025-05-03,sl-151-etb,503313,Normal,215.58,210.0,249.99,4999.99,
2025-05-03,sl-151-upc,502005,Normal,346.36,332.96,399.99,26500.0,
2025-05-03,sl-ar-box,265519,Normal,266.33,271.99,299.98,1999.99,
2025-05-03,sl-bs-box,256141,Normal,301.36,320.0,400.0,999.99,
2025-05-03,sl-cel-upc,245140,Normal,449.51,462.0,500.0,1499.95,
2025-05-03,sl-champ-etb,218791,Normal,128.4,118.91,140.0,800.0,
2025-05-03,sl-cz-etb,453470,Normal,144.06,139.99,150.0,1999.99,
2025-05-03,sl-dr-box,624679,Normal,272.84,270.87,273.95,320.0,
2025-05-03,sl-evs-box,242436,Normal,1416.23,1450.0,2000.0,9999.99,
2025-05-03,sl-evs-etb,243721,Normal,485.43,494.98,500.0,979.99,
2025-05-03,sl-fs-box,247654,Normal,504.88,549.99,650.0,1224.99,
2025-05-03,sl-hf-etb,194729,Normal,290.94,290.0,300.0,999.98,
2025-05-03,sl-jp-151,565243,Normal,168.13,160.0,176.87,399.99,
2025-05-03,sl-jp-terastal,603428,Normal,116.97,113.0,123.98,200.0,
2025-05-03,sl-jt-box,610931,Normal,214.54,211.0,274.89,600.0,
2025-05-03,sl-lo-box,277324,Normal,392.21,390.0,425.0,1299.99,
2025-05-03,sl-obf-box,501257,Normal,211.68,200.0,249.99,999.99,
2025-05-03,sl-pe-etb,593355,Normal,117.02,110.0,141.29,299.99,
2025-05-03,sl-pe-spc,622770,Normal,282.18,288.8,299.87,450.0,
2025-05-03,sl-pf-etb,528040,Normal,139.82,133.0,139.94,209.98,
2025-05-03,sl-shf-etb,228821,Normal,78.88,74.48,89.62,499.99,
2025-05-03,sl-ss-box,565606,Normal,251.41,247.3,285.75,4999.99,
2025-05-03,sl-st-box,283389,Normal,274.25,280.0,300.0,1199.99,
2025-05-03,sl-tf-box,536225,Normal,197.53,190.0,204.99,400.0,
2025-05-03,sv2-185,497557,Normal,0.32,0.01,0.4,4.99,
2025-05-03,sv2-185,497557,Reverse Holofoil,0.96,0.2,1.22,9.99,
2025-05-03,sv2-254,497669,Holofoil,18.95,16.99,21.49,100.0,18.15
2025-05-03,sv2-269,497689,Holofoil,66.05,62.41,70.0,259.99,65.05
2025-05-03,sv3pt5-151,516566,Holofoil,6.99,5.0,7.68,40.0,12.49
2025-05-03,sv3pt5-199,517045,Holofoil,206.07,190.0,240.0,900.0,206.97
2025-05-03,sv3pt5-205,517051,Holofoil,12.52,10.0,14.99,50.0,15.99
2025-05-03,sv3pt5-4,502555,Normal,0.11,0.01,0.15,4.95,0.1
2025-05-03,sv3pt5-4,502555,Reverse Holofoil,0.19,0.06,0.25,4.95,0.2
2025-05-03,sv3pt5-6,502558,Holofoil,5.01,2.95,5.44,30.0,7.86
2025-05-03,sv3pt5-7,502548,Normal,0.1,0.01,0.15,15.0,
2025-05-03,sv3pt5-7,502548,Reverse Holofoil,0.19,0.02,0.25,4.95,0.19
2025-05-03,sv4pt5-234,535090,Holofoil,182.15,165.19,195.0,499.98,199.99
2025-05-03,sv4pt5-54,534416,Holofoil,2.62,1.4,2.96,45.0,3.69
2025-05-03,sv8-57,590025,Holofoil,8.23,4.2,7.83,50.0,11.85
2025-05-03,sv8pt5-149,610504,Holofoil,367.55,278.99,374.6,800.0,
2025-05-03,sv8pt5-155,610510,Holofoil,382.1,345.99,419.98,899.95,
2025-05-03,sv8pt5-156,610511,Holofoil,562.85,450.0,561.0,999.95,523.55
2025-05-03,sv8pt5-161,610516,Holofoil,1351.83,1295.0,1440.99,3000.0,1299.0
2025-05-03,sv8pt5-167,610522,Holofoil,203.59,179.71,219.99,360.68,
2025-05-03,sv8pt5-179,610534,Holofoil,69.63,63.52,83.99,270.0,
2025-05-03,sv8pt5-28,610383,Holofoil,1.0,0.5,1.6,20.0,
2025-05-03,sv8pt5-47,610402,Normal,0.06,0.01,0.1,5.04,0.04
2025-05-03,sv8pt5-47,610402,Reverse Holofoil,0.08,0.01,0.12,5.08,0.08
2025-05-03,sv8pt5-59,610414,Holofoil,0.22,0.05,0.37,100.0,0.5
2025-05-03,sv8pt5-59,610414,Reverse Holofoil,0.62,0.14,0.77,25.0,0.7
2025-05-03,sv8pt5-60,610415,Holofoil,5.68,4.69,8.0,40.0,
2025-05-03,svp-085,518861,Normal,336.77,324.99,367.72,700.0,
2025-05-03,swsh11-186,284137,Holofoil,591.75,440.0,620.0,1269.69,677.61
2025-05-03,swsh12-186,451834,Holofoil,281.12,223.5,290.0,699.95,247.35
2025-05-03,swsh12pt5gg-GG69,478100,Holofoil,178.38,155.0,198.43,1000.0,179.1
2025-05-03,swsh35-25,223018,Normal,0.12,0.01,0.2,1.25,
2025-05-03,swsh35-25,223018,Reverse Holofoil,0.31,0.09,0.3,2.0,
2025-05-03,swsh35-74,223073,Holofoil,192.56,164.54,232.95,1500.0,231.77
2025-05-03,swsh45sv-SV107,232496,Holofoil,118.61,94.0,127.95,445.06,112.6
2025-05-03,swsh7-204,246693,Holofoil,28.01,23.0,32.5,100.0,28.0
2025-05-03,swsh7-205,246696,Holofoil,419.01,330.0,441.97,717.98,419.99
2025-05-03,swsh7-208,246755,Holofoil,26.03,22.0,26.95,48.95,22.0
2025-05-03,swsh7-209,246756,Holofoil,359.11,260.0,377.99,799.99,308.99
2025-05-03,swsh7-211,246702,Holofoil,42.36,38.62,47.93,90.74,44.77
2025-05-03,swsh7-212,246704,Holofoil,401.04,298.0,416.56,1000.0,395.0
2025-05-03,swsh7-215,246723,Holofoil,1663.85,1450.0,1698.74,2495.78,1659.98
2025-05-03,swsh7-218,246733,Holofoil,778.42,549.99,779.89,1324.3,779.87
2025-05-03,swsh7-41,246753,Holofoil,3.71,2.27,5.34,89.0,5.34
2025-05-03,swsh7-65,246690,Holofoil,8.57,3.96,9.55,500.0,12.19
2025-05-03,swsh7-75,246701,Holofoil,9.66,4.46,10.82,50.0,9.72
2025-05-03,swsh7-8,246691,Holofoil,5.41,0.86,5.99,50.0,6.01
2025-05-03,swsh8-271,253266,Holofoil,592.98,533.68,670.49,1799.0,577.49
2025-05-03,swsh9-154,263873,Holofoil,190.49,150.0,211.15,1500.0,208.93
2025-05-04,base1-15,42355,Holofoil,122.38,70.0,120.0,300.0,104.99
2025-05-04,base1-16,42356,Holofoil,43.14,22.0,33.13,9999.0,
2025-05-04,base1-2,42360,Holofoil,159.35,100.0,143.85,249.99,94.91
2025-05-04,base1-4,42382,Holofoil,450.59,300.0,482.65,1249.99,
2025-05-04,base1-58,42402,Normal,3.54,0.5,2.09,9999.0,
2025-05-04,cel25c-4,250320,Holofoil,96.05,82.01,101.05,250.0,90.0
2025-05-04,gym2-2,83861,1st Edition Holofoil,764.5,375.0,376.48,500.0,
2025-05-04,gym2-2,83861,Unlimited Holofoil,360.25,301.01,366.17,599.0,255.4
2025-05-04,neo1-9,86903,1st Edition Holofoil,1251.5,646.43,1809.85,2954.98,
2025-05-04,neo1-9,86903,Unlimited Holofoil,405.4,220.98,352.46,1000.0,
2025-05-04,sl-151-bundle,502000,Normal,68.05,59.99,70.0,230.0,
2025-05-04,sl-151-etb,503313,Normal,215.18,210.77,249.99,4999.99,
2025-05-04,sl-151-upc,502005,Normal,347.12,332.96,399.99,26500.0,
2025-05-04,sl-ar-box,265519,Normal,266.73,271.99,300.0,1999.99,
2025-05-04,sl-bs-box,256141,Normal,301.97,320.0,400.0,7777.0,
2025-05-04,sl-cel-upc,245140,Normal,449.79,469.0,500.0,1499.95,
2025-05-04,sl-champ-etb,218791,Normal,128.17,118.91,139.99,800.0,
2025-05-04,sl-cz-etb,453470,Normal,145.79,134.95,150.0,1999.99,
2025-05-04,sl-dr-box,624679,Normal,269.98,265.88,271.86,320.0,
2025-05-04,sl-evs-box,242436,Normal,1422.07,1450.0,1999.99,9999.99,
2025-05-04,sl-evs-etb,243721,Normal,485.43,494.98,500.0,979.99,
2025-05-04,sl-fs-box,247654,Normal,516.92,550.0,689.85,1224.99,
2025-05-04,sl-hf-etb,194729,Normal,290.94,290.0,300.0,999.98,
2025-05-04,sl-jp-151,565243,Normal,167.53,165.0,177.0,399.99,
2025-05-04,sl-jp-terastal,603428,Normal,116.27,113.0,120.99,200.0,
2025-05-04,sl-jt-box,610931,Normal,214.09,211.0,274.89,600.0,
2025-05-04,sl-lo-box,277324,Normal,392.18,390.0,427.38,7777.0,
2025-05-04,sl-obf-box,501257,Normal,211.12,204.91,249.99,999.99,
2025-05-04,sl-pe-etb,593355,Normal,118.06,112.0,140.68,299.99,
2025-05-04,sl-pe-spc,622770,Normal,282.16,287.79,298.91,450.0,
2025-05-04,sl-pf-etb,528040,Normal,140.04,133.0,139.93,209.98,
2025-05-04,sl-shf-etb,228821,Normal,79.23,75.0,89.99,499.99,
2025-05-04,sl-ss-box,565606,Normal,249.47,247.13,289.95,4999.99,
2025-05-04,sl-st-box,283389,Normal,274.25,280.0,300.0,1199.99,
2025-05-04,sl-tf-box,536225,Normal,196.73,190.0,204.99,400.0,
2025-05-04,sv2-185,497557,Normal,0.33,0.01,0.4,4.99,
2025-05-04,sv2-185,497557,Reverse Holofoil,0.91,0.2,1.16,9.99,
2025-05-04,sv2-254,497669,Holofoil,18.95,16.99,21.5,100.0,20.99
2025-05-04,sv2-269,497689,Holofoil,66.58,62.41,70.0,259.99,66.41
2025-05-04,sv3pt5-151,516566,Holofoil,6.95,5.0,7.75,40.0,7.99
2025-05-04,sv3pt5-199,517045,Holofoil,202.96,194.0,241.38,900.0,206.99
2025-05-04,sv3pt5-205,517051,Holofoil,13.46,10.0,14.85,50.0,11.71
2025-05-04,sv3pt5-4,502555,Normal,0.11,0.01,0.15,4.95,0.11
2025-05-04,sv3pt5-4,502555,Reverse Holofoil,0.2,0.06,0.25,4.95,0.25
2025-05-04,sv3pt5-6,502558,Holofoil,4.91,3.2,5.5,30.0,
2025-05-04,sv3pt5-7,502548,Normal,0.09,0.01,0.15,15.0,
2025-05-04,sv3pt5-7,502548,Reverse Holofoil,0.21,0.02,0.25,4.95,
2025-05-04,sv4pt5-234,535090,Holofoil,182.23,164.5,195.0,499.98,193.49
2025-05-04,sv4pt5-54,534416,Holofoil,2.84,1.4,2.99,45.0,3.29
2025-05-04,sv8-57,590025,Holofoil,6.86,5.0,7.53,50.0,15.98
2025-05-04,sv8pt5-149,610504,Holofoil,367.55,278.99,367.6,800.0,
2025-05-04,sv8pt5-155,610510,Holofoil,382.1,345.99,417.62,899.95,
2025-05-04,sv8pt5-156,610511,Holofoil,562.85,450.0,560.47,999.95,523.55
2025-05-04,sv8pt5-161,610516,Holofoil,1351.83,1289.99,1440.99,3000.0,1299.0
2025-05-04,sv8pt5-167,610522,Holofoil,203.59,179.71,218.07,360.68,
2025-05-04,sv8pt5-179,610534,Holofoil,70.84,63.52,80.75,270.0,
2025-05-04,sv8pt5-28,610383,Holofoil,0.9,0.49,1.64,20.0,
2025-05-04,sv8pt5-47,610402,Normal,0.06,0.01,0.1,4.95,0.05
2025-05-04,sv8pt5-47,610402,Reverse Holofoil,0.1,0.01,0.12,4.95,0.1
2025-05-04,sv8pt5-59,610414,Holofoil,0.27,0.05,0.36,100.0,0.5
2025-05-04,sv8pt5-59,610414,Reverse Holofoil,0.68,0.14,0.77,25.0,1.05
2025-05-04,sv8pt5-60,610415,Holofoil,5.37,4.78,8.0,40.0,
2025-05-04,svp-085,518861,Normal,336.77,324.99,364.98,700.0,
2025-05-04,swsh11-186,284137,Holofoil,591.75,447.81,620.0,1269.69,677.61
2025-05-04,swsh12-186,451834,Holofoil,281.97,223.5,287.54,699.95,244.87
2025-05-04,swsh12pt5gg-GG69,478100,Holofoil,177.24,155.0,198.0,1000.0,177.3
2025-05-04,swsh35-25,223018,Normal,0.12,0.01,0.2,1.25,
2025-05-04,swsh35-25,223018,Reverse Holofoil,0.31,0.09,0.3,2.0,
2025-05-04,swsh35-74,223073,Holofoil,192.56,164.54,231.22,1500.0,230.99
2025-05-04,swsh45sv-SV107,232496,Holofoil,118.61,94.0,127.7,445.06,112.7
2025-05-04,swsh7-204,246693,Holofoil,27.71,23.0,32.85,100.0,28.0
2025-05-04,swsh7-205,246696,Holofoil,416.41,330.0,441.95,714.91,419.99
2025-05-04,swsh7-208,246755,Holofoil,26.03,21.99,26.95,48.95,22.0
2025-05-04,swsh7-209,246756,Holofoil,352.63,260.0,377.53,799.99,308.99
2025-05-04,swsh7-211,246702,Holofoil,41.6,38.62,45.0,90.74,44.77
2025-05-04,swsh7-212,246704,Holofoil,401.04,298.0,416.56,1000.0,392.0
2025-05-04,swsh7-215,246723,Holofoil,1679.02,1450.0,1695.71,2495.78,1659.98
2025-05-04,swsh7-218,246733,Holofoil,778.42,549.99,779.86,1336.45,779.0
2025-05-04,swsh7-41,246753,Holofoil,4.12,1.99,5.38,89.0,5.97
2025-05-04,swsh7-65,246690,Holofoil,8.79,3.96,9.54,500.0,12.17
2025-05-04,swsh7-75,246701,Holofoil,9.51,4.46,10.58,50.0,9.66
2025-05-04,swsh7-8,246691,Holofoil,5.31,0.86,5.97,50.0,6.17
2025-05-04,swsh8-271,253266,Holofoil,592.98,470.0,669.84,1799.0,470.0
2025-05-04,swsh9-154,263873,Holofoil,187.79,168.99,210.3,1500.0,208.93
2025-05-05,base1-15,42355,Holofoil,122.38,70.0,116.45,300.0,104.75
2025-05-05,base1-16,42356,Holofoil,43.14,22.0,33.0,9999.0,
2025-05-05,base1-2,42360,Holofoil,160.21,100.0,147.28,250.29,94.91
2025-05-05,base1-4,42382,Holofoil,450.59,300.0,482.61,1249.99,
2025-05-05,base1-58,42402,Normal,3.44,0.5,2.2,9999.0,
2025-05-05,cel25c-4,250320,Holofoil,94.42,82.01,101.05,250.0,90.0
2025-05-05,gym2-2,83861,1st Edition Holofoil,764.5,375.0,376.48,500.0,
2025-05-05,gym2-2,83861,Unlimited Holofoil,360.25,301.01,362.25,599.0,255.4
2025-05-05,neo1-9,86903,1st Edition Holofoil,1251.5,646.43,1809.85,2954.98,
2025-05-05,neo1-9,86903,Unlimited Holofoil,405.4,220.98,352.46,474.7,
2025-05-05,sl-151-bundle,502000,Normal,65.91,60.0,70.0,230.0,
2025-05-05,sl-151-etb,503313,Normal,215.18,200.0,249.97,4999.99,
2025-05-05,sl-151-upc,502005,Normal,347.75,332.96,399.98,26500.0,
2025-05-05,sl-ar-box,265519,Normal,267.56,271.99,300.0,1999.99,
2025-05-05,sl-bs-box,256141,Normal,307.41,318.24,406.48,7777.0,
2025-05-05,sl-cel-upc,245140,Normal,449.79,460.0,500.0,1499.95,
2025-05-05,sl-champ-etb,218791,Normal,128.17,118.91,139.99,800.0,
2025-05-05,sl-cz-etb,453470,Normal,146.19,134.95,150.0,1999.99,
2025-05-05,sl-dr-box,624679,Normal,270.02,264.95,271.84,320.0,
2025-05-05,sl-evs-box,242436,Normal,1422.07,1450.0,1945.0,9999.99,
2025-05-05,sl-evs-etb,243721,Normal,485.43,494.98,500.0,979.99,
2025-05-05,sl-fs-box,247654,Normal,523.16,550.0,729.99,1224.99,
2025-05-05,sl-hf-etb,194729,Normal,290.94,285.24,299.99,999.98,
2025-05-05,sl-jp-151,565243,Normal,167.49,165.0,177.5,399.99,
2025-05-05,sl-jp-terastal,603428,Normal,116.14,113.0,120.99,200.0,
2025-05-05,sl-jt-box,610931,Normal,215.79,228.48,274.95,600.0,
2025-05-05,sl-lo-box,277324,Normal,392.65,390.0,449.95,7777.0,
2025-05-05,sl-obf-box,501257,Normal,210.68,210.0,249.99,999.99,
2025-05-05,sl-pe-etb,593355,Normal,119.11,105.01,140.68,299.99,
2025-05-05,sl-pe-spc,622770,Normal,287.29,277.0,298.8,450.0,
2025-05-05,sl-pf-etb,528040,Normal,139.75,134.75,139.95,209.98,
2025-05-05,sl-shf-etb,228821,Normal,79.27,72.98,89.99,499.99,
2025-05-05,sl-ss-box,565606,Normal,246.27,246.95,289.94,4999.99,
2025-05-05,sl-st-box,283389,Normal,277.18,280.0,314.52,1199.99,
2025-05-05,sl-tf-box,536225,Normal,196.53,190.0,200.0,400.0,
2025-05-05,sv2-185,497557,Normal,0.35,0.01,0.4,4.99,
2025-05-05,sv2-185,497557,Reverse Holofoil,0.85,0.2,1.12,10.79,1.94
2025-05-05,sv2-254,497669,Holofoil,19.31,16.99,21.41,100.0,24.07
2025-05-05,sv2-269,497689,Holofoil,65.67,62.41,70.0,259.99,65.52
2025-05-05,sv3pt5-151,516566,Holofoil,7.16,5.0,7.69,40.0,12.98
2025-05-05,sv3pt5-199,517045,Holofoil,201.11,192.64,238.77,900.0,
2025-05-05,sv3pt5-205,517051,Holofoil,13.2,10.0,14.82,50.0,17.49
2025-05-05,sv3pt5-4,502555,Normal,0.12,0.01,0.15,4.95,
2025-05-05,sv3pt5-4,502555,Reverse Holofoil,0.18,0.06,0.25,4.95,0.2
2025-05-05,sv3pt5-6,502558,Holofoil,3.75,2.49,5.35,30.0,4.18
2025-05-05,sv3pt5-7,502548,Normal,0.1,0.01,0.15,15.0,
2025-05-05,sv3pt5-7,502548,Reverse Holofoil,0.19,0.02,0.25,4.95,0.19
2025-05-05,sv4pt5-234,535090,Holofoil,180.83,164.01,195.75,499.98,199.99
2025-05-05,sv4pt5-54,534416,Holofoil,2.71,1.4,2.99,45.0,3.72
2025-05-05,sv8-57,590025,Holofoil,7.21,4.49,7.99,50.0,7.69
2025-05-05,sv8pt5-149,610504,Holofoil,369.05,278.99,369.1,800.0,
2025-05-05,sv8pt5-155,610510,Holofoil,382.1,345.99,417.62,899.95,
2025-05-05,sv8pt5-156,610511,Holofoil,562.85,450.0,559.99,999.95,523.55
2025-05-05,sv8pt5-161,610516,Holofoil,1351.83,1289.99,1428.99,3000.0,1298.99
2025-05-05,sv8pt5-167,610522,Holofoil,201.89,179.32,218.29,360.68,
2025-05-05,sv8pt5-179,610534,Holofoil,71.23,63.52,80.75,270.0,
2025-05-05,sv8pt5-28,610383,Holofoil,0.86,0.5,1.63,20.0,
2025-05-05,sv8pt5-47,610402,Normal,0.06,0.01,0.1,4.95,0.05
2025-05-05,sv8pt5-47,610402,Reverse Holofoil,0.11,0.01,0.12,4.95,0.1
2025-05-05,sv8pt5-59,610414,Holofoil,0.28,0.05,0.36,100.0,0.39
2025-05-05,sv8pt5-59,610414,Reverse Holofoil,0.78,0.14,0.77,25.0,0.5
2025-05-05,sv8pt5-60,610415,Holofoil,5.68,4.99,8.0,40.0,
2025-05-05,svp-085,518861,Normal,336.77,324.99,359.99,700.0,
2025-05-05,swsh11-186,284137,Holofoil,585.36,447.81,620.0,1269.69,677.61
2025-05-05,swsh12-186,451834,Holofoil,280.37,223.5,285.08,699.95,224.99
2025-05-05,swsh12pt5gg-GG69,478100,Holofoil,174.52,154.99,195.33,1000.0,183.28
2025-05-05,swsh35-25,223018,Normal,0.12,0.01,0.2,1.25,
2025-05-05,swsh35-25,223018,Reverse Holofoil,0.31,0.09,0.3,2.0,
2025-05-05,swsh35-74,223073,Holofoil,190.76,165.0,232.09,1500.0,230.98
2025-05-05,swsh45sv-SV107,232496,Holofoil,118.61,94.0,126.98,445.06,112.7
2025-05-05,swsh7-204,246693,Holofoil,27.71,23.0,32.71,100.0,27.71
2025-05-05,swsh7-205,246696,Holofoil,416.41,330.0,441.95,714.8,419.99
2025-05-05,swsh7-208,246755,Holofoil,26.03,21.99,26.87,48.95,22.0
2025-05-05,swsh7-209,246756,Holofoil,348.23,260.0,377.71,799.99,308.98
2025-05-05,swsh7-211,246702,Holofoil,41.36,38.62,45.0,90.74,44.77
2025-05-05,swsh7-212,246704,Holofoil,401.04,298.0,417.33,1000.0,389.0
2025-05-05,swsh7-215,246723,Holofoil,1669.86,1449.0,1695.71,2504.85,1449.0
2025-05-05,swsh7-218,246733,Holofoil,778.42,549.99,778.99,1336.18,778.97
2025-05-05,swsh7-41,246753,Holofoil,3.87,1.99,5.37,89.0,5.85
2025-05-05,swsh7-65,246690,Holofoil,8.79,7.5,9.68,500.0,10.14
2025-05-05,swsh7-75,246701,Holofoil,9.49,7.73,10.44,50.0,7.87
2025-05-05,swsh7-8,246691,Holofoil,5.28,1.84,5.92,50.0,6.17
2025-05-05,swsh8-271,253266,Holofoil,592.98,468.98,669.6,1799.0,468.99
2025-05-05,swsh9-154,263873,Holofoil,187.79,168.99,210.0,1500.0,208.93
2025-05-06,base1-15,42355,Holofoil,122.38,70.0,120.0,300.0,97.49
2025-05-06,base1-16,42356,Holofoil,43.2,22.0,30.0,9999.0,25.99
2025-05-06,base1-2,42360,Holofoil,160.21,100.0,144.45,250.07,94.91
2025-05-06,base1-4,42382,Holofoil,450.59,301.0,482.69,1249.99,
2025-05-06,base1-58,42402,Normal,3.41,0.5,2.32,9999.0,4.49
2025-05-06,cel25c-4,250320,Holofoil,92.64,85.49,101.05,250.0,90.0
2025-05-06,gym2-2,83861,1st Edition Holofoil,764.5,375.0,438.24,500.0,
2025-05-06,gym2-2,83861,Unlimited Holofoil,360.25,301.01,366.17,599.0,255.4
2025-05-06,neo1-9,86903,1st Edition Holofoil,1251.5,646.43,1809.85,2954.98,
2025-05-06,neo1-9,86903,Unlimited Holofoil,406.14,220.98,344.92,474.7,
2025-05-06,sl-151-bundle,502000,Normal,67.75,55.0,69.99,230.0,
2025-05-06,sl-151-etb,503313,Normal,214.41,210.0,249.98,4999.99,
2025-05-06,sl-151-upc,502005,Normal,348.71,332.96,399.98,26500.0,
2025-05-06,sl-ar-box,265519,Normal,268.38,271.99,324.98,1999.99,
2025-05-06,sl-bs-box,256141,Normal,317.99,350.0,465.72,7777.0,
2025-05-06,sl-cel-upc,245140,Normal,450.67,469.0,500.0,1499.95,
2025-05-06,sl-champ-etb,218791,Normal,129.29,118.91,140.0,800.0,
2025-05-06,sl-cz-etb,453470,Normal,147.14,134.95,150.0,1999.99,
2025-05-06,sl-dr-box,624679,Normal,269.45,267.0,271.84,320.0,
2025-05-06,sl-evs-box,242436,Normal,1422.07,1450.0,1887.0,9999.99,
2025-05-06,sl-evs-etb,243721,Normal,485.43,494.98,500.0,979.99,
2025-05-06,sl-fs-box,247654,Normal,551.41,689.95,800.0,1224.99,
2025-05-06,sl-hf-etb,194729,Normal,290.94,285.24,299.99,999.98,
2025-05-06,sl-jp-151,565243,Normal,167.7,159.99,174.99,399.99,
2025-05-06,sl-jp-terastal,603428,Normal,115.54,111.75,120.0,200.0,
2025-05-06,sl-jt-box,610931,Normal,216.8,217.69,252.85,600.0,
2025-05-06,sl-lo-box,277324,Normal,393.1,390.0,449.97,7777.0,
2025-05-06,sl-obf-box,501257,Normal,215.29,209.99,249.95,999.99,
2025-05-06,sl-pe-etb,593355,Normal,122.48,114.99,140.0,299.99,
2025-05-06,sl-pe-spc,622770,Normal,282.01,259.49,288.87,450.0,
2025-05-06,sl-pf-etb,528040,Normal,140.93,134.95,139.95,209.98,
2025-05-06,sl-shf-etb,228821,Normal,78.64,72.98,89.99,499.99,
2025-05-06,sl-ss-box,565606,Normal,242.05,239.99,288.88,4999.99,
2025-05-06,sl-st-box,283389,Normal,277.98,280.0,314.76,1199.99,
2025-05-06,sl-tf-box,536225,Normal,195.19,190.0,205.0,400.0,
2025-05-06,sv2-185,497557,Normal,0.38,0.01,0.4,4.99,
2025-05-06,sv2-185,497557,Reverse Holofoil,1.1,0.2,1.16,9.99,1.21
2025-05-06,sv2-254,497669,Holofoil,19.66,16.99,21.36,100.0,28.74
2025-05-06,sv2-269,497689,Holofoil,65.67,62.41,70.0,259.99,71.39
2025-05-06,sv3pt5-151,516566,Holofoil,7.75,5.0,7.75,40.0,7.75
2025-05-06,sv3pt5-199,517045,Holofoil,200.49,192.34,240.0,900.0,205.0
2025-05-06,sv3pt5-205,517051,Holofoil,13.08,10.0,14.69,50.0,17.49
2025-05-06,sv3pt5-4,502555,Normal,0.1,0.01,0.15,5.0,0.11
2025-05-06,sv3pt5-4,502555,Reverse Holofoil,0.21,0.06,0.25,4.95,0.2
2025-05-06,sv3pt5-6,502558,Holofoil,3.51,2.25,5.27,30.0,3.96
2025-05-06,sv3pt5-7,502548,Normal,0.12,0.01,0.15,15.0,0.09
2025-05-06,sv3pt5-7,502548,Reverse Holofoil,0.17,0.02,0.25,4.95,0.19
2025-05-06,sv4pt5-234,535090,Holofoil,180.83,164.01,190.57,499.98,190.0
2025-05-06,sv4pt5-54,534416,Holofoil,2.35,1.25,2.95,45.0,3.95
2025-05-06,sv8-57,590025,Holofoil,7.22,5.0,8.0,50.0,7.22
2025-05-06,sv8pt5-149,610504,Holofoil,369.05,278.99,371.85,800.0,
2025-05-06,sv8pt5-155,610510,Holofoil,382.1,302.0,417.62,899.95,
2025-05-06,sv8pt5-156,610511,Holofoil,560.05,435.0,559.99,999.95,482.0
2025-05-06,sv8pt5-161,610516,Holofoil,1343.23,1120.0,1430.5,3000.0,1298.99
2025-05-06,sv8pt5-167,610522,Holofoil,201.89,176.01,216.03,360.68,
2025-05-06,sv8pt5-179,610534,Holofoil,70.97,63.89,81.5,270.0,
2025-05-06,sv8pt5-28,610383,Holofoil,1.05,0.5,1.64,20.0,
2025-05-06,sv8pt5-47,610402,Normal,0.06,0.01,0.1,4.95,0.05
2025-05-06,sv8pt5-47,610402,Reverse Holofoil,0.11,0.01,0.12,4.95,0.1
2025-05-06,sv8pt5-59,610414,Holofoil,0.29,0.05,0.36,100.0,0.39
2025-05-06,sv8pt5-59,610414,Reverse Holofoil,0.67,0.14,0.77,25.0,0.74
2025-05-06,sv8pt5-60,610415,Holofoil,5.42,4.26,8.0,40.0,6.99
2025-05-06,svp-085,518861,Normal,334.71,324.99,359.99,700.0,
2025-05-06,swsh11-186,284137,Holofoil,577.16,447.81,625.0,1269.69,658.34
2025-05-06,swsh12-186,451834,Holofoil,280.37,223.5,290.0,699.95,225.0
2025-05-06,swsh12pt5gg-GG69,478100,Holofoil,174.52,149.99,195.0,1000.0,183.28
2025-05-06,swsh35-25,223018,Normal,0.12,0.01,0.2,1.25,
2025-05-06,swsh35-25,223018,Reverse Holofoil,0.33,0.09,0.3,2.0,
2025-05-06,swsh35-74,223073,Holofoil,190.76,164.99,232.09,1500.0,230.98
2025-05-06,swsh45sv-SV107,232496,Holofoil,118.61,94.0,126.96,445.06,112.7
2025-05-06,swsh7-204,246693,Holofoil,27.71,23.0,32.85,100.0,27.71
2025-05-06,swsh7-205,246696,Holofoil,416.41,330.0,441.94,715.01,419.94
2025-05-06,swsh7-208,246755,Holofoil,26.03,21.99,26.52,48.95,21.99
2025-05-06,swsh7-209,246756,Holofoil,348.23,260.0,376.0,799.99,308.98
2025-05-06,swsh7-211,246702,Holofoil,41.36,38.62,45.0,90.74,44.77
2025-05-06,swsh7-212,246704,Holofoil,401.04,298.0,416.93,1000.0,305.0
2025-05-06,swsh7-215,246723,Holofoil,1669.86,1350.0,1691.96,2395.0,1448.95
2025-05-06,swsh7-218,246733,Holofoil,772.66,549.99,778.98,1326.67,778.95
2025-05-06,swsh7-41,246753,Holofoil,4.25,2.27,5.31,89.0,5.97
2025-05-06,swsh7-65,246690,Holofoil,8.82,7.0,9.67,500.0,8.82
2025-05-06,swsh7-75,246701,Holofoil,9.51,7.73,10.71,50.0,9.54
2025-05-06,swsh7-8,246691,Holofoil,5.3,3.89,5.94,50.0,6.17
2025-05-06,swsh8-271,253266,Holofoil,592.31,474.99,669.79,1799.0,589.99
2025-05-06,swsh9-154,263873,Holofoil,187.79,167.99,210.0,1500.0,208.93
2025-05-07,base1-15,42355,Holofoil,122.38,70.0,115.66,300.0,97.49
2025-05-07,base1-16,42356,Holofoil,43.28,22.0,30.0,9999.0,25.99
2025-05-07,base1-2,42360,Holofoil,160.21,90.0,144.4,249.99,94.91
2025-05-07,base1-4,42382,Holofoil,450.59,301.0,462.87,1249.99,
2025-05-07,base1-58,42402,Normal,3.41,0.5,2.15,9999.0,4.48
2025-05-07,cel25c-4,250320,Holofoil,86.68,82.4,101.99,250.0,90.0
2025-05-07,gym2-2,83861,1st Edition Holofoil,764.5,375.0,438.24,500.0,
2025-05-07,gym2-2,83861,Unlimited Holofoil,360.25,301.01,366.17,599.0,
2025-05-07,neo1-9,86903,1st Edition Holofoil,1251.5,614.11,684.59,2954.98,
2025-05-07,neo1-9,86903,Unlimited Holofoil,406.14,220.98,344.92,474.7,
2025-05-07,sl-151-bundle,502000,Normal,65.37,55.0,69.99,230.0,
2025-05-07,sl-151-etb,503313,Normal,214.65,210.0,249.99,4999.99,
2025-05-07,sl-151-upc,502005,Normal,346.27,332.96,399.0,26500.0,
2025-05-07,sl-ar-box,265519,Normal,277.72,280.0,399.98,1999.99,
2025-05-07,sl-bs-box,256141,Normal,326.51,390.0,436.44,999.99,
2025-05-07,sl-cel-upc,245140,Normal,451.59,469.0,500.0,1499.95,
2025-05-07,sl-champ-etb,218791,Normal,129.73,118.91,140.0,800.0,
2025-05-07,sl-cz-etb,453470,Normal,147.46,134.95,153.5,1999.99,
2025-05-07,sl-dr-box,624679,Normal,267.93,266.89,269.99,320.0,
2025-05-07,sl-evs-box,242436,Normal,1427.67,1450.0,1999.99,9999.99,
2025-05-07,sl-evs-etb,243721,Normal,485.43,494.98,500.0,979.99,
2025-05-07,sl-fs-box,247654,Normal,583.3,729.99,899.75,1250.0,
2025-05-07,sl-hf-etb,194729,Normal,290.94,285.24,299.99,999.98,
2025-05-07,sl-jp-151,565243,Normal,168.28,159.99,177.0,399.99,
2025-05-07,sl-jp-terastal,603428,Normal,115.81,113.0,120.0,200.0,
2025-05-07,sl-jt-box,610931,Normal,219.09,220.0,259.09,600.0,
2025-05-07,sl-lo-box,277324,Normal,395.55,390.0,499.99,1299.99,
2025-05-07,sl-obf-box,501257,Normal,216.28,209.99,249.95,999.99,
2025-05-07,sl-pe-etb,593355,Normal,119.55,110.0,139.99,299.99,
2025-05-07,sl-pe-spc,622770,Normal,272.71,269.96,287.79,450.0,
2025-05-07,sl-pf-etb,528040,Normal,140.61,134.95,139.99,209.98,
2025-05-07,sl-shf-etb,228821,Normal,78.43,72.98,89.25,499.99,
2025-05-07,sl-ss-box,565606,Normal,240.07,238.0,282.5,4999.99,
2025-05-07,sl-st-box,283389,Normal,283.35,284.99,320.0,1199.99,
2025-05-07,sl-tf-box,536225,Normal,194.95,189.99,205.0,400.0,
2025-05-07,sv2-185,497557,Normal,0.37,0.01,0.4,4.99,0.35
2025-05-07,sv2-185,497557,Reverse Holofoil,1.23,0.2,1.21,9.99,2.15
2025-05-07,sv2-254,497669,Holofoil,20.07,16.75,21.01,100.0,28.74
2025-05-07,sv2-269,497689,Holofoil,65.43,62.58,69.89,259.99,71.39
2025-05-07,sv3pt5-151,516566,Holofoil,6.96,3.75,7.67,40.0,9.8
2025-05-07,sv3pt5-199,517045,Holofoil,198.66,189.85,237.78,1000.0,205.0
2025-05-07,sv3pt5-205,517051,Holofoil,13.05,10.0,14.5,50.0,12.18
2025-05-07,sv3pt5-4,502555,Normal,0.09,0.01,0.15,5.0,0.1
2025-05-07,sv3pt5-4,502555,Reverse Holofoil,0.25,0.06,0.25,4.95,0.2
2025-05-07,sv3pt5-6,502558,Holofoil,3.49,3.0,5.34,30.0,5.18
2025-05-07,sv3pt5-7,502548,Normal,0.15,0.01,0.15,15.0,0.09
2025-05-07,sv3pt5-7,502548,Reverse Holofoil,0.19,0.02,0.25,4.95,0.19
2025-05-07,sv4pt5-234,535090,Holofoil,180.79,163.99,190.0,499.98,166.19
2025-05-07,sv4pt5-54,534416,Holofoil,2.07,1.25,2.92,45.0,3.94
2025-05-07,sv8-57,590025,Holofoil,7.58,5.0,7.99,50.0,8.11
2025-05-07,sv8pt5-149,610504,Holofoil,369.05,278.99,371.85,800.0,
2025-05-07,sv8pt5-155,610510,Holofoil,382.1,302.0,382.1,899.95,
2025-05-07,sv8pt5-156,610511,Holofoil,560.05,435.0,555.42,999.95,482.0
2025-05-07,sv8pt5-161,610516,Holofoil,1343.23,1100.0,1389.5,2115.6,1287.99
2025-05-07,sv8pt5-167,610522,Holofoil,197.32,174.0,203.32,360.68,
2025-05-07,sv8pt5-179,610534,Holofoil,70.78,63.89,82.75,270.0,
2025-05-07,sv8pt5-28,610383,Holofoil,1.08,0.5,1.63,20.0,1.0
2025-05-07,sv8pt5-47,610402,Normal,0.06,0.01,0.1,4.95,0.05
2025-05-07,sv8pt5-47,610402,Reverse Holofoil,0.11,0.01,0.12,4.95,0.1
2025-05-07,sv8pt5-59,610414,Holofoil,0.33,0.03,0.36,100.0,0.34
2025-05-07,sv8pt5-59,610414,Reverse Holofoil,0.65,0.14,0.77,25.0,0.78
2025-05-07,sv8pt5-60,610415,Holofoil,5.59,3.99,7.72,40.0,6.98
2025-05-07,svp-085,518861,Normal,333.16,324.99,355.0,700.0,
2025-05-07,swsh11-186,284137,Holofoil,575.53,447.81,642.44,1269.69,658.34
2025-05-07,swsh12-186,451834,Holofoil,276.74,223.49,290.0,699.95,225.0
2025-05-07,swsh12pt5gg-GG69,478100,Holofoil,171.95,149.99,194.99,1000.0,183.28
2025-05-07,swsh35-25,223018,Normal,0.12,0.01,0.2,1.25,
2025-05-07,swsh35-25,223018,Reverse Holofoil,0.33,0.09,0.3,2.0,
2025-05-07,swsh35-74,223073,Holofoil,190.76,164.99,230.5,1500.0,219.98
2025-05-07,swsh45sv-SV107,232496,Holofoil,117.87,94.0,126.0,445.06,112.0
2025-05-07,swsh7-204,246693,Holofoil,27.71,23.0,32.85,100.0,27.71
2025-05-07,swsh7-205,246696,Holofoil,416.41,330.0,441.47,713.93,419.93
2025-05-07,swsh7-208,246755,Holofoil,26.03,21.99,26.79,48.95,21.99
2025-05-07,swsh7-209,246756,Holofoil,348.23,260.0,359.11,799.99,308.98
2025-05-07,swsh7-211,246702,Holofoil,41.36,38.62,45.0,90.74,44.76
2025-05-07,swsh7-212,246704,Holofoil,400.24,298.0,416.51,1000.0,305.0
2025-05-07,swsh7-215,246723,Holofoil,1669.86,1445.99,1689.98,2395.0,1448.94
2025-05-07,swsh7-218,246733,Holofoil,775.42,599.99,778.93,1324.67,778.93
2025-05-07,swsh7-41,246753,Holofoil,4.41,2.27,5.26,89.0,4.86
2025-05-07,swsh7-65,246690,Holofoil,9.11,7.0,9.75,500.0,9.68
2025-05-07,swsh7-75,246701,Holofoil,9.52,7.73,10.72,50.0,11.14
2025-05-07,swsh7-8,246691,Holofoil,5.24,3.9,5.97,50.0,6.17
2025-05-07,swsh8-271,253266,Holofoil,587.91,474.99,669.79,1799.0,589.95
2025-05-07,swsh9-154,263873,Holofoil,185.67,167.99,210.0,1500.0,208.91
2025-05-08,base1-15,42355,Holofoil,122.38,70.0,117.83,300.0,81.24
2025-05-08,base1-16,42356,Holofoil,43.23,22.0,30.0,9999.0,24.98
2025-05-08,base1-2,42360,Holofoil,160.21,90.0,144.2,250.29,94.91
2025-05-08,base1-4,42382,Holofoil,450.59,301.0,461.11,1249.99,
2025-05-08,base1-58,42402,Normal,3.45,0.48,2.11,9999.0,1.99
2025-05-08,cel25c-4,250320,Holofoil,87.68,82.4,101.05,250.0,90.0
2025-05-08,gym2-2,83861,1st Edition Holofoil,764.5,375.0,499.99,519.99,
2025-05-08,gym2-2,83861,Unlimited Holofoil,360.25,301.01,366.17,599.0,
2025-05-08,neo1-9,86903,1st Edition Holofoil,1251.5,614.11,684.59,2954.98,
2025-05-08,neo1-9,86903,Unlimited Holofoil,406.14,249.0,342.46,474.7,
2025-05-08,sl-151-bundle,502000,Normal,64.25,55.0,69.99,230.0,
2025-05-08,sl-151-etb,503313,Normal,214.53,210.0,250.0,4999.99,
2025-05-08,sl-151-upc,502005,Normal,344.71,332.96,399.87,26500.0,
2025-05-08,sl-ar-box,265519,Normal,290.61,399.94,499.98,1999.99,
2025-05-08,sl-bs-box,256141,Normal,374.1,440.0,597.45,999.99,
2025-05-08,sl-cel-upc,245140,Normal,451.59,469.0,500.0,1499.95,
2025-05-08,sl-champ-etb,218791,Normal,130.01,118.91,144.5,800.0,
2025-05-08,sl-cz-etb,453470,Normal,147.71,134.95,158.49,1999.99,
2025-05-08,sl-dr-box,624679,Normal,268.19,266.82,269.99,320.0,
2025-05-08,sl-evs-box,242436,Normal,1446.87,1549.99,1999.99,9999.99,
2025-05-08,sl-evs-etb,243721,Normal,486.95,494.98,500.0,979.99,
2025-05-08,sl-fs-box,247654,Normal,608.78,729.99,899.98,1250.0,
2025-05-08,sl-hf-etb,194729,Normal,291.5,285.24,299.99,999.98,
2025-05-08,sl-jp-151,565243,Normal,166.5,159.99,176.83,399.99,
2025-05-08,sl-jp-terastal,603428,Normal,114.52,105.99,119.98,200.0,
2025-05-08,sl-jt-box,610931,Normal,221.58,219.63,259.09,600.0,
2025-05-08,sl-lo-box,277324,Normal,406.02,449.95,599.99,1299.99,
2025-05-08,sl-obf-box,501257,Normal,217.27,209.99,249.99,999.99,
2025-05-08,sl-pe-etb,593355,Normal,110.78,105.0,139.99,299.99,
2025-05-08,sl-pe-spc,622770,Normal,269.61,262.69,274.95,450.0,
2025-05-08,sl-pf-etb,528040,Normal,140.6,134.95,140.11,209.98,
2025-05-08,sl-shf-etb,228821,Normal,77.71,72.98,89.99,499.99,
2025-05-08,sl-ss-box,565606,Normal,239.54,238.0,287.32,4999.99,
2025-05-08,sl-st-box,283389,Normal,291.59,289.99,335.0,1199.99,
2025-05-08,sl-tf-box,536225,Normal,195.02,190.0,212.65,400.0,
2025-05-08,sv2-185,497557,Normal,0.34,0.01,0.4,4.99,0.4
2025-05-08,sv2-185,497557,Reverse Holofoil,1.25,0.2,1.24,9.99,2.15
2025-05-08,sv2-254,497669,Holofoil,19.41,16.75,21.3,100.0,23.42
2025-05-08,sv2-269,497689,Holofoil,64.66,62.58,69.56,259.99,71.39
2025-05-08,sv3pt5-151,516566,Holofoil,6.89,3.0,7.55,40.0,12.95
2025-05-08,sv3pt5-199,517045,Holofoil,197.37,189.85,230.0,1000.0,204.99
2025-05-08,sv3pt5-205,517051,Holofoil,12.77,10.0,14.53,50.0,12.19
2025-05-08,sv3pt5-4,502555,Normal,0.11,0.01,0.15,5.0,0.11
2025-05-08,sv3pt5-4,502555,Reverse Holofoil,0.25,0.06,0.26,4.95,0.25
2025-05-08,sv3pt5-6,502558,Holofoil,4.03,3.0,5.25,30.0,3.96
2025-05-08,sv3pt5-7,502548,Normal,0.14,0.01,0.15,15.0,0.09
2025-05-08,sv3pt5-7,502548,Reverse Holofoil,0.2,0.02,0.25,4.95,0.2
2025-05-08,sv4pt5-234,535090,Holofoil,180.79,163.7,190.0,499.98,171.66
2025-05-08,sv4pt5-54,534416,Holofoil,2.12,1.4,2.92,45.0,3.95
2025-05-08,sv8-57,590025,Holofoil,7.9,5.0,7.99,50.0,9.49
2025-05-08,sv8pt5-149,610504,Holofoil,369.05,283.51,369.08,800.0,
2025-05-08,sv8pt5-155,610510,Holofoil,382.1,302.0,382.1,899.95,
2025-05-08,sv8pt5-156,610511,Holofoil,560.05,435.0,559.98,999.95,482.0
2025-05-08,sv8pt5-161,610516,Holofoil,1322.59,1120.0,1419.69,1880.55,
2025-05-08,sv8pt5-167,610522,Holofoil,197.32,174.0,201.89,360.68,
2025-05-08,sv8pt5-179,610534,Holofoil,71.04,61.99,79.25,270.0,
2025-05-08,sv8pt5-28,610383,Holofoil,0.8,0.48,1.59,20.0,0.99
2025-05-08,sv8pt5-47,610402,Normal,0.06,0.01,0.1,4.95,0.05
2025-05-08,sv8pt5-47,610402,Reverse Holofoil,0.11,0.01,0.12,4.95,0.1
2025-05-08,sv8pt5-59,610414,Holofoil,0.29,0.04,0.35,100.0,0.29
2025-05-08,sv8pt5-59,610414,Reverse Holofoil,0.65,0.14,0.76,25.0,0.65
2025-05-08,sv8pt5-60,610415,Holofoil,5.04,3.0,7.8,40.0,5.04
2025-05-08,svp-085,518861,Normal,333.16,324.99,355.0,700.0,349.98
2025-05-08,swsh11-186,284137,Holofoil,575.53,447.81,620.0,1269.69,658.34
2025-05-08,swsh12-186,451834,Holofoil,274.22,223.49,290.0,699.95,225.0
2025-05-08,swsh12pt5gg-GG69,478100,Holofoil,170.19,149.99,190.0,1000.0,183.28
2025-05-08,swsh35-25,223018,Normal,0.11,0.01,0.2,1.25,
2025-05-08,swsh35-25,223018,Reverse Holofoil,0.33,0.09,0.3,2.0,
2025-05-08,swsh35-74,223073,Holofoil,190.76,164.99,227.5,1500.0,200.0
2025-05-08,swsh45sv-SV107,232496,Holofoil,117.87,94.0,125.58,445.06,112.0
2025-05-08,swsh7-204,246693,Holofoil,27.71,23.0,33.05,100.0,27.71
2025-05-08,swsh7-205,246696,Holofoil,416.41,330.0,445.5,714.74,415.99
2025-05-08,swsh7-208,246755,Holofoil,25.69,21.99,26.87,48.95,21.99
2025-05-08,swsh7-209,246756,Holofoil,348.23,260.0,357.86,799.99,305.99
2025-05-08,swsh7-211,246702,Holofoil,41.36,37.22,45.0,90.74,44.76
2025-05-08,swsh7-212,246704,Holofoil,397.05,298.0,411.9,1000.0,305.0
2025-05-08,swsh7-215,246723,Holofoil,1669.86,1296.9,1684.8,2395.0,1250.0
2025-05-08,swsh7-218,246733,Holofoil,775.42,599.99,778.91,1330.99,778.91
2025-05-08,swsh7-41,246753,Holofoil,4.08,2.27,5.18,89.0,5.44
2025-05-08,swsh7-65,246690,Holofoil,9.25,6.51,9.75,500.0,9.68
2025-05-08,swsh7-75,246701,Holofoil,9.78,7.73,10.45,50.0,11.38
2025-05-08,swsh7-8,246691,Holofoil,5.32,3.9,5.94,50.0,6.17
2025-05-08,swsh8-271,253266,Holofoil,587.91,474.99,669.0,1799.0,587.91
2025-05-08,swsh9-154,263873,Holofoil,184.61,167.99,210.0,1500.0,208.9
2025-05-09,base1-15,42355,Holofoil,122.38,70.0,117.6,300.0,81.24
2025-05-09,base1-16,42356,Holofoil,43.23,22.0,30.09,9999.0,24.98
2025-05-09,base1-2,42360,Holofoil,160.21,90.0,144.4,249.99,90.16
2025-05-09,base1-4,42382,Holofoil,454.56,301.0,461.11,1249.99,
2025-05-09,base1-58,42402,Normal,3.37,0.5,2.14,9999.0,2.98
2025-05-09,cel25c-4,250320,Holofoil,87.68,83.3,100.94,250.0,90.0
2025-05-09,gym2-2,83861,1st Edition Holofoil,764.5,376.48,499.99,500.0,
2025-05-09,gym2-2,83861,Unlimited Holofoil,360.25,301.01,366.17,599.0,
2025-05-09,neo1-9,86903,1st Edition Holofoil,1251.5,669.69,699.49,2954.98,
2025-05-09,neo1-9,86903,Unlimited Holofoil,406.14,249.0,344.92,1000.0,
2025-05-09,sl-151-bundle,502000,Normal,66.82,55.0,69.99,230.0,
2025-05-09,sl-151-etb,503313,Normal,214.53,210.0,250.0,4999.99,
2025-05-09,sl-151-upc,502005,Normal,345.48,328.21,399.92,26500.0,
2025-05-09,sl-ar-box,265519,Normal,300.6,392.02,499.98,1999.99,
2025-05-09,sl-bs-box,256141,Normal,385.34,470.0,595.93,999.99,
2025-05-09,sl-cel-upc,245140,Normal,451.59,455.01,500.0,1499.95,
2025-05-09,sl-champ-etb,218791,Normal,130.01,118.91,140.0,800.0,
2025-05-09,sl-cz-etb,453470,Normal,145.98,139.99,167.5,1999.99,
2025-05-09,sl-dr-box,624679,Normal,267.87,266.72,270.44,320.0,
2025-05-09,sl-evs-box,242436,Normal,1478.07,1659.99,2000.0,9999.99,
2025-05-09,sl-evs-etb,243721,Normal,490.07,494.98,515.0,979.99,
2025-05-09,sl-fs-box,247654,Normal,631.06,742.0,984.98,1250.0,
2025-05-09,sl-hf-etb,194729,Normal,291.5,285.24,299.99,999.98,
2025-05-09,sl-jp-151,565243,Normal,166.12,159.99,175.71,399.99,
2025-05-09,sl-jp-terastal,603428,Normal,113.64,108.49,119.0,200.0,
2025-05-09,sl-jt-box,610931,Normal,223.82,220.0,259.09,600.0,
2025-05-09,sl-lo-box,277324,Normal,425.77,494.95,607.18,1500.0,
2025-05-09,sl-obf-box,501257,Normal,218.53,209.99,250.0,999.99,
2025-05-09,sl-pe-etb,593355,Normal,111.04,101.01,139.99,299.99,
2025-05-09,sl-pe-spc,622770,Normal,265.42,262.69,274.95,450.0,
2025-05-09,sl-pf-etb,528040,Normal,140.02,134.95,141.0,209.98,
2025-05-09,sl-shf-etb,228821,Normal,78.42,75.0,89.99,499.99,
2025-05-09,sl-ss-box,565606,Normal,238.89,224.86,285.75,4999.99,
2025-05-09,sl-st-box,283389,Normal,302.02,299.99,350.0,1199.99,
2025-05-09,sl-tf-box,536225,Normal,195.42,190.0,212.5,400.0,
2025-05-09,sv2-185,497557,Normal,0.39,0.01,0.4,4.99,
2025-05-09,sv2-185,497557,Reverse Holofoil,1.77,0.2,1.25,9.99,4.97
2025-05-09,sv2-254,497669,Holofoil,19.53,16.75,21.3,100.0,20.19
2025-05-09,sv2-269,497689,Holofoil,64.64,62.69,68.0,259.99,65.96
2025-05-09,sv3pt5-151,516566,Holofoil,7.95,3.0,7.67,40.0,13.21
2025-05-09,sv3pt5-199,517045,Holofoil,196.02,189.0,227.87,1000.0,205.0
2025-05-09,sv3pt5-205,517051,Holofoil,12.41,10.0,14.44,50.0,12.0
2025-05-09,sv3pt5-4,502555,Normal,0.08,0.01,0.15,5.0,0.11
2025-05-09,sv3pt5-4,502555,Reverse Holofoil,0.31,0.06,0.26,4.95,0.25
2025-05-09,sv3pt5-6,502558,Holofoil,4.16,2.92,5.44,30.0,4.0
2025-05-09,sv3pt5-7,502548,Normal,0.1,0.01,0.15,15.0,
2025-05-09,sv3pt5-7,502548,Reverse Holofoil,0.18,0.02,0.25,4.95,0.19
2025-05-09,sv4pt5-234,535090,Holofoil,179.6,163.99,190.0,499.98,171.67
2025-05-09,sv4pt5-54,534416,Holofoil,2.67,1.4,2.9,45.0,2.58
2025-05-09,sv8-57,590025,Holofoil,7.81,5.0,7.99,50.0,14.99
2025-05-09,sv8pt5-149,610504,Holofoil,369.05,280.0,369.05,800.0,
2025-05-09,sv8pt5-155,610510,Holofoil,362.82,303.0,382.1,899.95,
2025-05-09,sv8pt5-156,610511,Holofoil,556.82,434.0,550.0,999.95,482.0
2025-05-09,sv8pt5-161,610516,Holofoil,1322.59,1199.99,1388.97,2115.6,
2025-05-09,sv8pt5-167,610522,Holofoil,197.32,174.0,199.99,360.68,
2025-05-09,sv8pt5-179,610534,Holofoil,71.04,61.84,78.57,270.0,
2025-05-09,sv8pt5-28,610383,Holofoil,0.82,0.2,1.59,20.0,0.99
2025-05-09,sv8pt5-47,610402,Normal,0.05,0.01,0.1,4.95,0.05
2025-05-09,sv8pt5-47,610402,Reverse Holofoil,0.11,0.01,0.12,4.95,0.1
2025-05-09,sv8pt5-59,610414,Holofoil,0.25,0.03,0.35,100.0,
2025-05-09,sv8pt5-59,610414,Reverse Holofoil,0.63,0.14,0.75,25.0,
2025-05-09,sv8pt5-60,610415,Holofoil,5.28,3.0,7.61,40.0,
2025-05-09,svp-085,518861,Normal,333.05,324.99,355.0,700.0,349.98
2025-05-09,swsh11-186,284137,Holofoil,560.62,425.0,620.0,1269.69,651.0
2025-05-09,swsh12-186,451834,Holofoil,273.96,223.49,290.0,699.95,225.0
2025-05-09,swsh12pt5gg-GG69,478100,Holofoil,170.19,149.99,192.07,1000.0,183.26
2025-05-09,swsh35-25,223018,Normal,0.11,0.01,0.2,1.25,
2025-05-09,swsh35-25,223018,Reverse Holofoil,0.33,0.09,0.3,2.0,
2025-05-09,swsh35-74,223073,Holofoil,191.96,164.99,227.73,1500.0,200.0
2025-05-09,swsh45sv-SV107,232496,Holofoil,117.61,94.0,124.3,445.06,111.8
2025-05-09,swsh7-204,246693,Holofoil,27.71,22.99,33.12,100.0,27.71
2025-05-09,swsh7-205,246696,Holofoil,416.41,330.0,437.27,713.29,414.0
2025-05-09,swsh7-208,246755,Holofoil,25.69,21.99,26.95,48.95,21.99
2025-05-09,swsh7-209,246756,Holofoil,348.23,260.0,355.95,799.99,305.98
2025-05-09,swsh7-211,246702,Holofoil,41.36,37.22,45.0,90.74,46.54
2025-05-09,swsh7-212,246704,Holofoil,397.05,284.99,409.99,1000.0,305.0
2025-05-09,swsh7-215,246723,Holofoil,1669.86,1097.99,1672.43,2395.0,1245.0
2025-05-09,swsh7-218,246733,Holofoil,768.48,600.98,777.16,1328.24,778.89
2025-05-09,swsh7-41,246753,Holofoil,4.21,2.27,5.2,89.0,6.18
2025-05-09,swsh7-65,246690,Holofoil,9.15,7.5,9.79,500.0,11.95
2025-05-09,swsh7-75,246701,Holofoil,9.83,7.73,10.48,50.0,11.71
2025-05-09,swsh7-8,246691,Holofoil,5.45,3.9,5.95,50.0,6.17
2025-05-09,swsh8-271,253266,Holofoil,581.15,474.99,679.99,1799.0,589.95
2025-05-09,swsh9-154,263873,Holofoil,182.13,165.0,210.0,1500.0,165.0
2025-05-10,base1-15,42355,Holofoil,122.38,70.0,113.38,300.0,
2025-05-10,base1-16,42356,Holofoil,43.23,22.0,30.0,9999.0,
2025-05-10,base1-2,42360,Holofoil,160.21,90.0,137.9,250.4,99.99
2025-05-10,base1-4,42382,Holofoil,454.56,301.0,461.11,1000.0,
2025-05-10,base1-58,42402,Normal,3.31,0.5,2.13,9999.0,2.98
2025-05-10,cel25c-4,250320,Holofoil,87.3,83.3,100.0,250.0,90.0
2025-05-10,gym2-2,83861,1st Edition Holofoil,764.5,376.48,499.99,500.0,
2025-05-10,gym2-2,83861,Unlimited Holofoil,360.25,301.01,380.04,599.0,
2025-05-10,neo1-9,86903,1st Edition Holofoil,1251.5,614.11,684.59,2954.98,
2025-05-10,neo1-9,86903,Unlimited Holofoil,406.14,249.0,344.92,1000.0,
2025-05-10,sl-151-bundle,502000,Normal,65.7,60.0,69.99,230.0,
2025-05-10,sl-151-etb,503313,Normal,213.74,215.0,260.0,4999.99,
2025-05-10,sl-151-upc,502005,Normal,339.17,323.08,399.92,26500.0,
2025-05-10,sl-ar-box,265519,Normal,316.03,391.99,499.98,1999.99,
2025-05-10,sl-bs-box,256141,Normal,385.34,454.94,592.72,999.99,
2025-05-10,sl-cel-upc,245140,Normal,451.59,455.01,500.0,1499.95,
2025-05-10,sl-champ-etb,218791,Normal,129.53,118.91,144.5,800.0,
2025-05-10,sl-cz-etb,453470,Normal,146.64,140.0,167.5,1999.99,
2025-05-10,sl-dr-box,624679,Normal,266.72,266.7,269.99,320.0,
2025-05-10,sl-evs-box,242436,Normal,1550.93,1850.0,2000.0,9999.99,
2025-05-10,sl-evs-etb,243721,Normal,490.07,494.98,515.0,979.99,
2025-05-10,sl-fs-box,247654,Normal,649.04,789.99,989.95,1250.0,
2025-05-10,sl-hf-etb,194729,Normal,292.0,285.24,300.0,999.98,
2025-05-10,sl-jp-151,565243,Normal,165.72,159.99,174.77,399.99,
2025-05-10,sl-jp-terastal,603428,Normal,113.1,108.48,119.49,200.0,
2025-05-10,sl-jt-box,610931,Normal,224.07,220.0,249.44,600.0,
2025-05-10,sl-lo-box,277324,Normal,449.7,499.99,607.18,1500.0,
2025-05-10,sl-obf-box,501257,Normal,220.13,209.99,250.0,999.99,
2025-05-10,sl-pe-etb,593355,Normal,120.16,110.0,140.0,299.99,
2025-05-10,sl-pe-spc,622770,Normal,257.96,249.99,272.47,450.0,
2025-05-10,sl-pf-etb,528040,Normal,139.6,126.99,139.99,209.98,
2025-05-10,sl-shf-etb,228821,Normal,79.6,75.0,89.99,499.99,
2025-05-10,sl-ss-box,565606,Normal,238.49,224.86,280.25,4999.99,
2025-05-10,sl-st-box,283389,Normal,316.46,349.99,399.94,1199.99,
2025-05-10,sl-tf-box,536225,Normal,197.02,190.0,215.14,400.0,
2025-05-10,sv2-185,497557,Normal,0.35,0.01,0.4,4.99,
2025-05-10,sv2-185,497557,Reverse Holofoil,2.03,0.2,1.26,9.99,1.59
2025-05-10,sv2-254,497669,Holofoil,18.95,16.91,21.0,100.0,19.95
2025-05-10,sv2-269,497689,Holofoil,64.59,62.49,67.88,259.99,64.99
2025-05-10,sv3pt5-151,516566,Holofoil,7.79,3.0,7.84,40.0,13.99
2025-05-10,sv3pt5-199,517045,Holofoil,194.47,189.85,222.63,1000.0,196.99
2025-05-10,sv3pt5-205,517051,Holofoil,12.91,10.0,14.44,50.0,12.4
2025-05-10,sv3pt5-4,502555,Normal,0.09,0.01,0.15,5.0,
2025-05-10,sv3pt5-4,502555,Reverse Holofoil,0.27,0.06,0.26,4.95,
2025-05-10,sv3pt5-6,502558,Holofoil,5.05,2.99,5.4,30.0,8.36
2025-05-10,sv3pt5-7,502548,Normal,0.09,0.01,0.15,15.0,
2025-05-10,sv3pt5-7,502548,Reverse Holofoil,0.18,0.02,0.25,4.95,0.19
2025-05-10,sv4pt5-234,535090,Holofoil,179.6,164.01,190.0,499.98,171.67
2025-05-10,sv4pt5-54,534416,Holofoil,2.63,1.39,2.89,45.0,2.8
2025-05-10,sv8-57,590025,Holofoil,8.38,5.0,8.0,50.0,20.99
2025-05-10,sv8pt5-149,610504,Holofoil,369.05,275.99,369.04,800.0,
2025-05-10,sv8pt5-155,610510,Holofoil,363.42,303.0,382.1,899.95,
2025-05-10,sv8pt5-156,610511,Holofoil,525.22,110.0,558.25,999.95,482.0
2025-05-10,sv8pt5-161,610516,Holofoil,1320.51,1195.0,1375.0,2115.6,
2025-05-10,sv8pt5-167,610522,Holofoil,191.48,173.99,199.99,310.8,
2025-05-10,sv8pt5-179,610534,Holofoil,69.98,61.99,77.0,270.0,
2025-05-10,sv8pt5-28,610383,Holofoil,0.85,0.2,1.58,20.0,
2025-05-10,sv8pt5-47,610402,Normal,0.05,0.01,0.1,4.95,0.05
2025-05-10,sv8pt5-47,610402,Reverse Holofoil,0.11,0.01,0.12,4.95,0.1
2025-05-10,sv8pt5-59,610414,Holofoil,0.26,0.03,0.35,100.0,
2025-05-10,sv8pt5-59,610414,Reverse Holofoil,0.71,0.14,0.75,25.0,
2025-05-10,sv8pt5-60,610415,Holofoil,4.81,3.0,7.49,40.0,
2025-05-10,svp-085,518861,Normal,332.94,320.0,359.99,700.0,
2025-05-10,swsh11-186,284137,Holofoil,564.55,444.99,620.0,1269.69,643.0
2025-05-10,swsh12-186,451834,Holofoil,273.92,225.0,290.0,699.95,273.92
2025-05-10,swsh12pt5gg-GG69,478100,Holofoil,169.65,149.99,190.0,1000.0,169.65
2025-05-10,swsh35-25,223018,Normal,0.11,0.01,0.2,1.25,
2025-05-10,swsh35-25,223018,Reverse Holofoil,0.33,0.09,0.3,2.0,
2025-05-10,swsh35-74,223073,Holofoil,190.3,165.0,222.72,1500.0,200.0
2025-05-10,swsh45sv-SV107,232496,Holofoil,116.65,89.99,120.67,445.06,89.99
2025-05-10,swsh7-204,246693,Holofoil,27.63,22.99,33.21,100.0,33.11
2025-05-10,swsh7-205,246696,Holofoil,416.41,330.0,421.85,715.18,413.0
2025-05-10,swsh7-208,246755,Holofoil,25.69,21.99,26.0,48.95,21.99
2025-05-10,swsh7-209,246756,Holofoil,348.23,260.0,353.0,799.99,305.98
2025-05-10,swsh7-211,246702,Holofoil,42.48,37.22,44.99,90.74,46.53
2025-05-10,swsh7-212,246704,Holofoil,397.05,290.0,401.9,1000.0,303.0
2025-05-10,swsh7-215,246723,Holofoil,1669.86,1097.99,1669.86,2395.0,1239.0
2025-05-10,swsh7-218,246733,Holofoil,768.48,600.0,774.85,1319.87,768.48
2025-05-10,swsh7-41,246753,Holofoil,4.1,2.27,5.06,89.0,6.17
2025-05-10,swsh7-65,246690,Holofoil,9.3,7.5,9.75,500.0,11.94
2025-05-10,swsh7-75,246701,Holofoil,9.46,5.32,10.34,50.0,11.7
2025-05-10,swsh7-8,246691,Holofoil,5.28,3.94,5.9,50.0,6.41
2025-05-10,swsh8-271,253266,Holofoil,581.15,474.99,670.88,1799.0,589.95
2025-05-10,swsh9-154,263873,Holofoil,183.95,165.0,210.0,1500.0,165.0
2025-05-11,base1-15,42355,Holofoil,121.74,70.0,117.54,300.0,
2025-05-11,base1-16,42356,Holofoil,43.31,22.0,30.0,9999.0,
2025-05-11,base1-2,42360,Holofoil,160.21,89.99,128.95,252.02,99.99
2025-05-11,base1-4,42382,Holofoil,454.56,301.0,427.05,1000.0,
2025-05-11,base1-58,42402,Normal,3.37,0.5,2.15,9999.0,
2025-05-11,cel25c-4,250320,Holofoil,88.18,83.8,100.0,250.0,90.0
2025-05-11,gym2-2,83861,1st Edition Holofoil,764.5,376.48,499.99,500.0,
2025-05-11,gym2-2,83861,Unlimited Holofoil,360.25,301.01,380.04,599.0,
2025-05-11,neo1-9,86903,1st Edition Holofoil,1251.5,614.11,684.59,2954.98,
2025-05-11,neo1-9,86903,Unlimited Holofoil,406.14,248.99,352.46,1000.0,
2025-05-11,sl-151-bundle,502000,Normal,64.62,62.0,70.0,230.0,
2025-05-11,sl-151-etb,503313,Normal,213.54,215.0,260.0,4999.99,
2025-05-11,sl-151-upc,502005,Normal,339.15,332.96,399.97,26500.0,
2025-05-11,sl-ar-box,265519,Normal,324.6,395.99,499.99,1999.99,
2025-05-11,sl-bs-box,256141,Normal,394.18,424.99,550.0,999.99,
2025-05-11,sl-cel-upc,245140,Normal,456.86,469.0,500.0,2000.0,
2025-05-11,sl-champ-etb,218791,Normal,129.53,118.91,139.99,800.0,
2025-05-11,sl-cz-etb,453470,Normal,147.08,140.0,169.99,1999.99,
2025-05-11,sl-dr-box,624679,Normal,266.23,266.69,270.44,320.0,
2025-05-11,sl-evs-box,242436,Normal,1584.92,1850.0,2432.6,9999.99,
2025-05-11,sl-evs-etb,243721,Normal,491.27,494.98,522.5,979.99,
2025-05-11,sl-fs-box,247654,Normal,668.91,799.99,999.99,1259.0,
2025-05-11,sl-hf-etb,194729,Normal,293.29,290.0,349.5,999.98,
2025-05-11,sl-jp-151,565243,Normal,165.6,159.99,174.77,399.99,
2025-05-11,sl-jp-terastal,603428,Normal,112.51,108.0,119.98,200.0,
2025-05-11,sl-jt-box,610931,Normal,224.81,220.0,259.09,600.0,
2025-05-11,sl-lo-box,277324,Normal,458.5,499.99,603.59,1500.0,
2025-05-11,sl-obf-box,501257,Normal,220.15,210.0,250.0,999.99,
2025-05-11,sl-pe-etb,593355,Normal,121.8,110.0,140.0,299.99,
2025-05-11,sl-pe-spc,622770,Normal,257.67,254.99,288.33,450.0,
2025-05-11,sl-pf-etb,528040,Normal,138.59,126.99,139.99,209.98,
2025-05-11,sl-shf-etb,228821,Normal,80.69,75.0,89.99,499.99,
2025-05-11,sl-ss-box,565606,Normal,237.9,222.0,279.99,4999.99,
2025-05-11,sl-st-box,283389,Normal,318.46,350.0,399.95,1199.99,
2025-05-11,sl-tf-box,536225,Normal,198.3,189.99,212.5,400.0,
2025-05-11,sv2-185,497557,Normal,0.42,0.01,0.4,4.99,
2025-05-11,sv2-185,497557,Reverse Holofoil,2.13,0.2,1.34,9.99,6.4
2025-05-11,sv2-254,497669,Holofoil,18.45,16.91,20.57,100.0,20.18
2025-05-11,sv2-269,497689,Holofoil,64.77,60.0,67.83,259.99,64.98
2025-05-11,sv3pt5-151,516566,Holofoil,7.16,4.99,7.73,40.0,8.1
2025-05-11,sv3pt5-199,517045,Holofoil,194.04,189.85,230.0,1000.0,204.99
2025-05-11,sv3pt5-205,517051,Holofoil,13.5,10.0,14.44,50.0,14.19
2025-05-11,sv3pt5-4,502555,Normal,0.12,0.01,0.15,5.0,
2025-05-11,sv3pt5-4,502555,Reverse Holofoil,0.26,0.06,0.27,4.95,
2025-05-11,sv3pt5-6,502558,Holofoil,5.38,2.99,5.42,30.0,8.25
2025-05-11,sv3pt5-7,502548,Normal,0.09,0.01,0.15,15.0,
2025-05-11,sv3pt5-7,502548,Reverse Holofoil,0.2,0.02,0.25,4.95,0.19
2025-05-11,sv4pt5-234,535090,Holofoil,179.03,163.0,190.0,499.98,171.67
2025-05-11,sv4pt5-54,534416,Holofoil,2.24,1.38,2.89,45.0,3.96
2025-05-11,sv8-57,590025,Holofoil,8.07,5.0,8.0,50.0,19.99
2025-05-11,sv8pt5-149,610504,Holofoil,367.0,275.99,364.49,800.0,
2025-05-11,sv8pt5-155,610510,Holofoil,360.65,303.0,382.1,899.95,
2025-05-11,sv8pt5-156,610511,Holofoil,526.5,442.53,554.99,999.95,
2025-05-11,sv8pt5-161,610516,Holofoil,1318.43,1195.0,1375.0,2115.6,
2025-05-11,sv8pt5-167,610522,Holofoil,189.6,173.99,200.67,310.8,
2025-05-11,sv8pt5-179,610534,Holofoil,69.45,61.27,77.27,270.0,
2025-05-11,sv8pt5-28,610383,Holofoil,0.96,0.2,1.55,20.0,
2025-05-11,sv8pt5-47,610402,Normal,0.05,0.01,0.1,4.95,0.05
2025-05-11,sv8pt5-47,610402,Reverse Holofoil,0.11,0.01,0.12,4.95,0.1
2025-05-11,sv8pt5-59,610414,Holofoil,0.22,0.05,0.35,100.0,
2025-05-11,sv8pt5-59,610414,Reverse Holofoil,0.66,0.14,0.75,25.0,
2025-05-11,sv8pt5-60,610415,Holofoil,4.66,3.0,7.33,40.0,
2025-05-11,svp-085,518861,Normal,332.74,320.0,359.99,700.0,
2025-05-11,swsh11-186,284137,Holofoil,566.07,444.99,621.21,1269.69,642.0
2025-05-11,swsh12-186,451834,Holofoil,272.07,264.01,290.0,699.95,273.92
2025-05-11,swsh12pt5gg-GG69,478100,Holofoil,170.16,149.99,190.0,1000.0,183.28
2025-05-11,swsh35-25,223018,Normal,0.11,0.01,0.2,1.25,
2025-05-11,swsh35-25,223018,Reverse Holofoil,0.33,0.09,0.3,2.0,
2025-05-11,swsh35-74,223073,Holofoil,191.47,165.0,225.0,1500.0,200.0
2025-05-11,swsh45sv-SV107,232496,Holofoil,117.42,94.0,124.3,445.06,111.2
2025-05-11,swsh7-204,246693,Holofoil,27.09,21.99,33.13,100.0,33.02
2025-05-11,swsh7-205,246696,Holofoil,416.41,330.0,422.3,719.82,412.0
2025-05-11,swsh7-208,246755,Holofoil,25.5,21.65,26.0,48.95,21.99
2025-05-11,swsh7-209,246756,Holofoil,341.67,260.0,354.51,799.99,305.98
2025-05-11,swsh7-211,246702,Holofoil,42.87,37.22,44.5,90.74,46.52
2025-05-11,swsh7-212,246704,Holofoil,388.45,290.0,407.5,1000.0,303.0
2025-05-11,swsh7-215,246723,Holofoil,1669.86,1088.81,1669.86,2395.0,1199.0
2025-05-11,swsh7-218,246733,Holofoil,768.48,600.0,768.48,1328.4,764.93
2025-05-11,swsh7-41,246753,Holofoil,3.87,2.27,5.06,89.0,6.17
2025-05-11,swsh7-65,246690,Holofoil,9.44,7.43,9.75,500.0,11.94
2025-05-11,swsh7-75,246701,Holofoil,9.3,5.32,10.34,50.0,11.19
2025-05-11,swsh7-8,246691,Holofoil,5.25,3.94,5.94,50.0,6.39
2025-05-11,swsh8-271,253266,Holofoil,585.31,474.99,670.0,1799.0,589.95
2025-05-11,swsh9-154,263873,Holofoil,183.95,165.0,210.0,1500.0,165.0
2025-05-12,base1-15,42355,Holofoil,120.61,69.99,115.0,300.0,
2025-05-12,base1-16,42356,Holofoil,44.22,21.96,29.99,9999.0,26.23
2025-05-12,base1-2,42360,Holofoil,160.21,89.99,142.1,252.5,82.0
2025-05-12,base1-4,42382,Holofoil,454.56,298.0,419.99,1249.99,
2025-05-12,base1-58,42402,Normal,3.34,0.5,2.13,9999.0,
2025-05-12,cel25c-4,250320,Holofoil,88.18,83.8,100.0,250.0,94.09
2025-05-12,gym2-2,83861,1st Edition Holofoil,764.5,376.48,499.99,500.0,
2025-05-12,gym2-2,83861,Unlimited Holofoil,360.25,301.01,389.99,599.0,
2025-05-12,neo1-9,86903,1st Edition Holofoil,1251.5,614.11,684.59,2954.98,
2025-05-12,neo1-9,86903,Unlimited Holofoil,432.36,248.99,344.92,1000.0,
2025-05-12,sl-151-bundle,502000,Normal,62.96,59.01,70.0,230.0,
2025-05-12,sl-151-etb,503313,Normal,214.01,215.0,270.0,4999.99,
2025-05-12,sl-151-upc,502005,Normal,339.49,332.96,399.98,26500.0,
2025-05-12,sl-ar-box,265519,Normal,329.16,447.97,499.97,1999.99,
2025-05-12,sl-bs-box,256141,Normal,411.51,444.0,549.95,999.99,
2025-05-12,sl-cel-upc,245140,Normal,456.86,461.0,500.0,2000.0,
2025-05-12,sl-champ-etb,218791,Normal,129.7,118.91,140.0,800.0,
2025-05-12,sl-cz-etb,453470,Normal,147.31,140.0,175.0,1999.99,
2025-05-12,sl-dr-box,624679,Normal,266.79,266.4,269.95,320.0,
2025-05-12,sl-evs-box,242436,Normal,1590.61,1999.75,2216.3,9999.99,
2025-05-12,sl-evs-etb,243721,Normal,491.27,494.98,540.0,979.99,
2025-05-12,sl-fs-box,247654,Normal,679.07,897.95,999.97,1259.0,
2025-05-12,sl-hf-etb,194729,Normal,294.29,299.0,349.5,999.98,
2025-05-12,sl-jp-151,565243,Normal,165.73,162.0,174.99,399.99,
2025-05-12,sl-jp-terastal,603428,Normal,113.17,108.0,117.91,200.0,
2025-05-12,sl-jt-box,610931,Normal,224.05,220.0,258.19,600.0,
2025-05-12,sl-lo-box,277324,Normal,487.33,590.0,702.46,1500.0,
2025-05-12,sl-obf-box,501257,Normal,219.15,214.95,250.0,999.99,
2025-05-12,sl-pe-etb,593355,Normal,120.11,110.99,140.0,499.0,
2025-05-12,sl-pe-spc,622770,Normal,263.55,265.91,269.99,450.0,
2025-05-12,sl-pf-etb,528040,Normal,138.26,126.99,139.99,209.98,
2025-05-12,sl-shf-etb,228821,Normal,81.62,75.0,90.0,499.99,
2025-05-12,sl-ss-box,565606,Normal,233.14,224.86,285.0,4999.99,
2025-05-12,sl-st-box,283389,Normal,320.46,350.0,400.0,1199.99,
2025-05-12,sl-tf-box,536225,Normal,198.83,189.99,225.0,400.0,
2025-05-12,sv2-185,497557,Normal,0.34,0.01,0.41,4.99,
2025-05-12,sv2-185,497557,Reverse Holofoil,1.9,0.2,1.4,9.99,
2025-05-12,sv2-254,497669,Holofoil,18.36,16.91,20.55,100.0,19.99
2025-05-12,sv2-269,497689,Holofoil,64.76,60.0,68.0,259.99,64.97
2025-05-12,sv3pt5-151,516566,Holofoil,6.59,4.49,7.55,40.0,7.7
2025-05-12,sv3pt5-199,517045,Holofoil,194.06,189.72,230.0,1000.0,205.98
2025-05-12,sv3pt5-205,517051,Holofoil,13.31,10.0,14.5,50.0,17.45
2025-05-12,sv3pt5-4,502555,Normal,0.12,0.01,0.15,5.0,0.1
2025-05-12,sv3pt5-4,502555,Reverse Holofoil,0.27,0.04,0.26,4.95,
2025-05-12,sv3pt5-6,502558,Holofoil,5.14,2.99,5.3,30.0,5.31
2025-05-12,sv3pt5-7,502548,Normal,0.1,0.01,0.15,15.0,
2025-05-12,sv3pt5-7,502548,Reverse Holofoil,0.21,0.02,0.25,4.95,0.19
2025-05-12,sv4pt5-234,535090,Holofoil,177.25,163.0,190.0,499.98,171.67
2025-05-12,sv4pt5-54,534416,Holofoil,2.13,1.0,2.88,110.0,3.95
2025-05-12,sv8-57,590025,Holofoil,10.11,5.0,8.27,50.0,29.66
2025-05-12,sv8pt5-149,610504,Holofoil,364.68,249.99,363.5,800.0,
2025-05-12,sv8pt5-155,610510,Holofoil,360.65,303.0,379.99,899.95,
2025-05-12,sv8pt5-156,610511,Holofoil,526.5,430.0,538.25,999.95,
2025-05-12,sv8pt5-161,610516,Holofoil,1318.43,1193.5,1349.99,2115.6,1275.0
2025-05-12,sv8pt5-167,610522,Holofoil,189.6,150.0,200.0,360.68,
2025-05-12,sv8pt5-179,610534,Holofoil,69.45,61.27,76.98,270.0,
2025-05-12,sv8pt5-28,610383,Holofoil,0.92,0.2,1.52,20.0,
2025-05-12,sv8pt5-47,610402,Normal,0.05,0.01,0.1,4.95,0.05
2025-05-12,sv8pt5-47,610402,Reverse Holofoil,0.11,0.01,0.12,4.95,0.11
2025-05-12,sv8pt5-59,610414,Holofoil,0.21,0.05,0.35,100.0,
2025-05-12,sv8pt5-59,610414,Reverse Holofoil,0.67,0.14,0.75,25.0,
2025-05-12,sv8pt5-60,610415,Holofoil,4.69,3.0,7.32,40.0,6.51
2025-05-12,svp-085,518861,Normal,332.74,320.0,359.99,700.0,
2025-05-12,swsh11-186,284137,Holofoil,565.67,444.99,616.58,1269.69,640.0
2025-05-12,swsh12-186,451834,Holofoil,272.63,255.0,291.71,699.95,285.0
2025-05-12,swsh12pt5gg-GG69,478100,Holofoil,170.22,149.99,195.0,1000.0,184.95
2025-05-12,swsh35-25,223018,Normal,0.12,0.01,0.2,1.46,
2025-05-12,swsh35-25,223018,Reverse Holofoil,0.33,0.09,0.3,2.0,
2025-05-12,swsh35-74,223073,Holofoil,191.47,165.0,224.6,1500.0,219.99
2025-05-12,swsh45sv-SV107,232496,Holofoil,117.42,94.0,124.95,445.06,111.6
2025-05-12,swsh7-204,246693,Holofoil,27.09,21.99,33.13,100.0,33.02
2025-05-12,swsh7-205,246696,Holofoil,413.61,329.99,429.0,721.17,411.0
2025-05-12,swsh7-208,246755,Holofoil,25.5,21.65,26.75,48.95,21.99
2025-05-12,swsh7-209,246756,Holofoil,336.02,250.0,351.0,799.99,303.99
2025-05-12,swsh7-211,246702,Holofoil,42.87,37.22,44.59,90.74,46.52
2025-05-12,swsh7-212,246704,Holofoil,380.85,290.0,405.05,1000.0,299.0
2025-05-12,swsh7-215,246723,Holofoil,1658.02,1088.81,1669.86,2395.0,1199.0
2025-05-12,swsh7-218,246733,Holofoil,764.16,599.0,768.37,1323.38,764.9
2025-05-12,swsh7-41,246753,Holofoil,3.97,2.27,5.0,89.0,6.17
2025-05-12,swsh7-65,246690,Holofoil,9.52,7.43,9.78,500.0,9.23
2025-05-12,swsh7-75,246701,Holofoil,9.49,7.73,10.41,50.0,11.7
2025-05-12,swsh7-8,246691,Holofoil,5.5,2.87,5.9,50.0,5.75
2025-05-12,swsh8-271,253266,Holofoil,585.31,474.99,669.9,1799.0,549.0
2025-05-12,swsh9-154,263873,Holofoil,183.79,165.0,210.0,1500.0,165.0
2025-05-13,base1-15,42355,Holofoil,120.61,69.99,114.17,300.0,
2025-05-13,base1-16,42356,Holofoil,43.94,21.96,29.79,9999.0,26.23
2025-05-13,base1-2,42360,Holofoil,160.21,100.0,144.4,252.5,
2025-05-13,base1-4,42382,Holofoil,454.56,298.0,419.99,1249.99,
2025-05-13,base1-58,42402,Normal,3.34,0.5,2.27,9999.0,7.45
2025-05-13,cel25c-4,250320,Holofoil,88.52,84.1,100.0,250.0,92.97
2025-05-13,gym2-2,83861,1st Edition Holofoil,764.5,376.48,499.99,500.0,
2025-05-13,gym2-2,83861,Unlimited Holofoil,360.25,301.01,389.99,599.0,
2025-05-13,neo1-9,86903,1st Edition Holofoil,1251.5,1100.0,2950.0,2954.98,
2025-05-13,neo1-9,86903,Unlimited Holofoil,432.36,249.98,344.92,474.7,
2025-05-13,sl-151-bundle,502000,Normal,67.9,62.0,70.0,230.0,
2025-05-13,sl-151-etb,503313,Normal,214.3,215.0,280.0,4999.99,
2025-05-13,sl-151-upc,502005,Normal,341.64,334.49,399.98,26500.0,
2025-05-13,sl-ar-box,265519,Normal,329.16,439.99,499.95,1999.99,
2025-05-13,sl-bs-box,256141,Normal,418.79,440.0,500.0,999.99,
2025-05-13,sl-cel-upc,245140,Normal,456.86,461.0,500.0,2000.0,
2025-05-13,sl-champ-etb,218791,Normal,129.7,118.91,139.99,800.0,
2025-05-13,sl-cz-etb,453470,Normal,147.44,140.0,169.99,1999.99,
2025-05-13,sl-dr-box,624679,Normal,266.29,266.14,268.95,320.0,
2025-05-13,sl-evs-box,242436,Normal,1590.61,1977.97,2216.3,9999.99,
2025-05-13,sl-evs-etb,243721,Normal,493.95,494.98,532.5,979.99,
2025-05-13,sl-fs-box,247654,Normal,692.07,864.88,999.48,1259.0,
2025-05-13,sl-hf-etb,194729,Normal,295.45,299.0,349.0,999.98,
2025-05-13,sl-jp-151,565243,Normal,165.7,162.5,174.99,399.99,
2025-05-13,sl-jp-terastal,603428,Normal,112.9,108.0,117.35,200.0,
2025-05-13,sl-jt-box,610931,Normal,223.29,218.99,258.19,600.0,
2025-05-13,sl-lo-box,277324,Normal,493.74,585.0,699.99,1500.0,
2025-05-13,sl-obf-box,501257,Normal,219.15,204.0,252.5,999.99,
2025-05-13,sl-pe-etb,593355,Normal,116.03,107.0,140.0,499.0,
2025-05-13,sl-pe-spc,622770,Normal,261.72,254.97,266.9,450.0,
2025-05-13,sl-pf-etb,528040,Normal,136.71,126.99,140.0,209.98,
2025-05-13,sl-shf-etb,228821,Normal,83.0,75.0,90.0,499.99,
2025-05-13,sl-ss-box,565606,Normal,236.62,224.86,291.3,4999.99,
2025-05-13,sl-st-box,283389,Normal,321.14,350.0,400.0,1199.99,
2025-05-13,sl-tf-box,536225,Normal,198.19,187.49,225.0,400.0,
2025-05-13,sv2-185,497557,Normal,0.39,0.01,0.4,4.99,0.47
2025-05-13,sv2-185,497557,Reverse Holofoil,1.93,0.2,1.42,9.99,
2025-05-13,sv2-254,497669,Holofoil,18.45,16.9,20.53,100.0,19.98
2025-05-13,sv2-269,497689,Holofoil,64.35,62.68,67.91,259.99,64.94
2025-05-13,sv3pt5-151,516566,Holofoil,6.61,4.49,7.5,40.0,6.52
2025-05-13,sv3pt5-199,517045,Holofoil,194.36,184.99,222.46,1000.0,201.0
2025-05-13,sv3pt5-205,517051,Holofoil,12.53,10.0,14.5,99.0,17.48
2025-05-13,sv3pt5-4,502555,Normal,0.11,0.01,0.15,5.0,
2025-05-13,sv3pt5-4,502555,Reverse Holofoil,0.25,0.04,0.26,4.95,
2025-05-13,sv3pt5-6,502558,Holofoil,4.91,2.99,5.25,30.0,5.32
2025-05-13,sv3pt5-7,502548,Normal,0.11,0.01,0.15,15.0,0.1
2025-05-13,sv3pt5-7,502548,Reverse Holofoil,0.2,0.02,0.25,4.95,0.21
2025-05-13,sv4pt5-234,535090,Holofoil,172.22,163.0,189.99,499.98,189.99
2025-05-13,sv4pt5-54,534416,Holofoil,2.34,1.0,2.85,45.0,2.23
2025-05-13,sv8-57,590025,Holofoil,7.82,5.0,8.0,50.0,10.0
2025-05-13,sv8pt5-149,610504,Holofoil,364.68,249.5,364.67,800.0,
2025-05-13,sv8pt5-155,610510,Holofoil,359.06,310.43,379.99,899.95,
2025-05-13,sv8pt5-156,610511,Holofoil,526.5,430.0,526.5,999.95,474.98
2025-05-13,sv8pt5-161,610516,Holofoil,1281.03,1188.5,1335.25,2115.6,1271.0
2025-05-13,sv8pt5-167,610522,Holofoil,187.6,170.99,200.0,360.68,
2025-05-13,sv8pt5-179,610534,Holofoil,68.91,60.0,73.92,270.0,
2025-05-13,sv8pt5-28,610383,Holofoil,0.89,0.2,1.54,20.0,1.09
2025-05-13,sv8pt5-47,610402,Normal,0.05,0.01,0.1,4.95,0.05
2025-05-13,sv8pt5-47,610402,Reverse Holofoil,0.11,0.01,0.12,4.95,0.11
2025-05-13,sv8pt5-59,610414,Holofoil,0.28,0.05,0.35,100.0,0.25
2025-05-13,sv8pt5-59,610414,Reverse Holofoil,0.59,0.14,0.75,25.0,
2025-05-13,sv8pt5-60,610415,Holofoil,4.59,4.15,7.56,40.0,6.37
2025-05-13,svp-085,518861,Normal,330.94,324.99,364.98,700.0,349.98
2025-05-13,swsh11-186,284137,Holofoil,559.47,444.99,616.4,1269.69,639.0
2025-05-13,swsh12-186,451834,Holofoil,272.03,254.02,290.0,699.95,285.0
2025-05-13,swsh12pt5gg-GG69,478100,Holofoil,171.06,147.99,193.53,1000.0,184.95
2025-05-13,swsh35-25,223018,Normal,0.12,0.01,0.2,1.25,
2025-05-13,swsh35-25,223018,Reverse Holofoil,0.32,0.09,0.3,2.0,
2025-05-13,swsh35-74,223073,Holofoil,191.47,165.0,219.99,1500.0,219.98
2025-05-13,swsh45sv-SV107,232496,Holofoil,116.92,102.16,124.95,445.06,106.89
2025-05-13,swsh7-204,246693,Holofoil,27.17,21.99,33.21,100.0,34.99
2025-05-13,swsh7-205,246696,Holofoil,413.61,329.99,421.85,716.31,410.0
2025-05-13,swsh7-208,246755,Holofoil,25.14,21.65,26.75,48.95,21.99
2025-05-13,swsh7-209,246756,Holofoil,336.02,250.0,349.81,799.99,301.99
2025-05-13,swsh7-211,246702,Holofoil,43.02,37.22,45.0,90.74,46.52
2025-05-13,swsh7-212,246704,Holofoil,380.85,290.0,401.04,1000.0,299.0
2025-05-13,swsh7-215,246723,Holofoil,1658.02,1088.0,1662.0,2395.0,1199.0
2025-05-13,swsh7-218,246733,Holofoil,764.16,599.0,764.16,1323.38,761.95
2025-05-13,swsh7-41,246753,Holofoil,4.52,2.27,5.1,89.0,6.17
2025-05-13,swsh7-65,246690,Holofoil,9.62,7.43,9.79,500.0,11.95
2025-05-13,swsh7-75,246701,Holofoil,9.85,7.73,10.56,50.0,11.7
2025-05-13,swsh7-8,246691,Holofoil,5.59,2.87,5.88,50.0,5.74
2025-05-13,swsh8-271,253266,Holofoil,574.71,474.99,669.97,1799.0,529.0
2025-05-13,swsh9-154,263873,Holofoil,183.5,177.08,210.0,1500.0,208.84
2025-05-14,base1-15,42355,Holofoil,120.61,69.99,114.17,300.0,
2025-05-14,base1-16,42356,Holofoil,44.43,21.45,29.6,9999.0,26.23
2025-05-14,base1-2,42360,Holofoil,159.99,99.95,144.4,251.8,
2025-05-14,base1-4,42382,Holofoil,454.56,298.0,422.75,1249.99,
2025-05-14,base1-58,42402,Normal,3.44,0.5,2.34,9999.0,0.5
2025-05-14,cel25c-4,250320,Holofoil,89.49,84.9,101.99,250.0,94.1
2025-05-14,gym2-2,83861,1st Edition Holofoil,764.5,376.48,499.99,500.0,
2025-05-14,gym2-2,83861,Unlimited Holofoil,360.25,301.01,389.99,599.0,
2025-05-14,neo1-9,86903,1st Edition Holofoil,1251.5,1100.0,2950.0,2954.98,
2025-05-14,neo1-9,86903,Unlimited Holofoil,432.36,249.98,344.92,474.7,
2025-05-14,sl-151-bundle,502000,Normal,68.59,62.0,70.0,230.0,
2025-05-14,sl-151-etb,503313,Normal,216.34,225.0,299.5,4999.99,
2025-05-14,sl-151-upc,502005,Normal,342.56,339.0,399.99,26500.0,
2025-05-14,sl-ar-box,265519,Normal,336.12,439.98,499.2,1999.99,
2025-05-14,sl-bs-box,256141,Normal,418.91,436.01,500.0,999.99,
2025-05-14,sl-cel-upc,245140,Normal,456.86,461.0,500.0,2000.0,
2025-05-14,sl-champ-etb,218791,Normal,129.81,122.0,140.0,800.0,
2025-05-14,sl-cz-etb,453470,Normal,148.87,147.34,179.94,1999.99,
2025-05-14,sl-dr-box,624679,Normal,266.1,261.1,266.68,320.0,
2025-05-14,sl-evs-box,242436,Normal,1590.61,1967.99,2466.3,9999.99,
2025-05-14,sl-evs-etb,243721,Normal,502.75,549.99,827.5,999.99,
2025-05-14,sl-fs-box,247654,Normal,692.07,860.0,999.0,1259.0,
2025-05-14,sl-hf-etb,194729,Normal,296.67,299.99,385.0,999.98,
2025-05-14,sl-jp-151,565243,Normal,165.95,162.5,175.0,399.99,
2025-05-14,sl-jp-terastal,603428,Normal,112.12,107.99,117.01,200.0,
2025-05-14,sl-jt-box,610931,Normal,222.64,217.0,240.69,600.0,
2025-05-14,sl-lo-box,277324,Normal,494.06,597.48,700.0,1500.0,
2025-05-14,sl-obf-box,501257,Normal,218.51,209.95,250.0,999.99,
2025-05-14,sl-pe-etb,593355,Normal,117.01,112.93,140.0,499.0,
2025-05-14,sl-pe-spc,622770,Normal,253.32,244.5,254.85,439.89,
2025-05-14,sl-pf-etb,528040,Normal,135.42,126.99,140.0,209.98,
2025-05-14,sl-shf-etb,228821,Normal,84.85,75.0,90.0,499.99,
2025-05-14,sl-ss-box,565606,Normal,235.6,231.99,289.41,4999.99,
2025-05-14,sl-st-box,283389,Normal,328.24,350.0,400.0,1199.99,
2025-05-14,sl-tf-box,536225,Normal,196.95,185.0,225.0,400.0,
2025-05-14,sv2-185,497557,Normal,0.35,0.01,0.41,4.99,0.35
2025-05-14,sv2-185,497557,Reverse Holofoil,1.8,0.2,1.48,9.99,0.6
2025-05-14,sv2-254,497669,Holofoil,18.41,16.9,20.46,100.0,17.99
2025-05-14,sv2-269,497689,Holofoil,64.5,62.68,68.0,259.99,64.94
2025-05-14,sv3pt5-151,516566,Holofoil,6.92,4.5,7.5,40.0,6.08
2025-05-14,sv3pt5-199,517045,Holofoil,194.41,180.45,220.62,1000.0,201.0
2025-05-14,sv3pt5-205,517051,Holofoil,12.88,10.0,14.11,99.0,12.94
2025-05-14,sv3pt5-4,502555,Normal,0.13,0.01,0.15,5.0,0.1
2025-05-14,sv3pt5-4,502555,Reverse Holofoil,0.26,0.04,0.26,4.95,0.2
2025-05-14,sv3pt5-6,502558,Holofoil,4.55,2.99,5.21,30.0,6.3
2025-05-14,sv3pt5-7,502548,Normal,0.17,0.01,0.15,15.0,0.1
2025-05-14,sv3pt5-7,502548,Reverse Holofoil,0.19,0.02,0.25,4.95,0.22
2025-05-14,sv4pt5-234,535090,Holofoil,173.14,159.94,189.99,499.98,189.99
2025-05-14,sv4pt5-54,534416,Holofoil,2.13,1.0,2.84,45.0,3.88
2025-05-14,sv8-57,590025,Holofoil,8.48,5.0,8.23,50.0,8.01
2025-05-14,sv8pt5-149,610504,Holofoil,359.42,248.89,364.63,800.0,
2025-05-14,sv8pt5-155,610510,Holofoil,356.53,285.72,374.01,899.95,
2025-05-14,sv8pt5-156,610511,Holofoil,526.5,430.0,525.5,999.95,492.75
2025-05-14,sv8pt5-161,610516,Holofoil,1314.43,1190.0,1350.0,2115.6,1271.0
2025-05-14,sv8pt5-167,610522,Holofoil,185.28,170.99,199.99,360.68,174.28
2025-05-14,sv8pt5-179,610534,Holofoil,68.05,58.0,72.0,270.0,
2025-05-14,sv8pt5-28,610383,Holofoil,0.79,0.45,1.5,20.0,0.85
2025-05-14,sv8pt5-47,610402,Normal,0.05,0.01,0.1,4.95,0.05
2025-05-14,sv8pt5-47,610402,Reverse Holofoil,0.12,0.01,0.12,4.95,0.1
2025-05-14,sv8pt5-59,610414,Holofoil,0.27,0.05,0.35,100.0,0.27
2025-05-14,sv8pt5-59,610414,Reverse Holofoil,0.5,0.14,0.72,25.0,0.4
2025-05-14,sv8pt5-60,610415,Holofoil,4.56,3.0,7.25,40.0,4.25
2025-05-14,svp-085,518861,Normal,330.94,324.98,364.98,700.0,349.98
2025-05-14,swsh11-186,284137,Holofoil,556.07,458.83,616.23,1269.69,639.0
2025-05-14,swsh12-186,451834,Holofoil,271.78,254.02,290.0,699.95,334.9
2025-05-14,swsh12pt5gg-GG69,478100,Holofoil,171.25,147.99,190.0,1000.0,183.26
2025-05-14,swsh35-25,223018,Normal,0.12,0.01,0.2,1.46,
2025-05-14,swsh35-25,223018,Reverse Holofoil,0.32,0.09,0.3,2.0,
2025-05-14,swsh35-74,223073,Holofoil,187.1,165.0,219.99,1500.0,219.98
2025-05-14,swsh45sv-SV107,232496,Holofoil,116.46,103.54,124.66,445.06,106.89
2025-05-14,swsh7-204,246693,Holofoil,27.17,21.99,33.21,100.0,34.99
2025-05-14,swsh7-205,246696,Holofoil,413.61,330.0,421.85,715.34,409.0
2025-05-14,swsh7-208,246755,Holofoil,25.26,21.73,26.97,48.95,21.99
2025-05-14,swsh7-209,246756,Holofoil,327.62,265.0,353.05,799.99,338.0
2025-05-14,swsh7-211,246702,Holofoil,43.02,37.22,44.99,90.74,46.53
2025-05-14,swsh7-212,246704,Holofoil,371.19,290.0,399.98,1000.0,299.0
2025-05-14,swsh7-215,246723,Holofoil,1658.02,1087.99,1658.02,2395.0,1199.0
2025-05-14,swsh7-218,246733,Holofoil,755.56,599.0,764.16,1321.65,760.0
2025-05-14,swsh7-41,246753,Holofoil,4.43,2.27,5.08,89.0,6.17
2025-05-14,swsh7-65,246690,Holofoil,9.46,7.43,9.75,500.0,9.0
2025-05-14,swsh7-75,246701,Holofoil,9.77,7.73,10.53,50.0,9.75
2025-05-14,swsh7-8,246691,Holofoil,5.31,2.81,5.9,50.0,5.19
2025-05-14,swsh8-271,253266,Holofoil,575.71,474.99,670.5,1799.0,529.0
2025-05-14,swsh9-154,263873,Holofoil,183.74,158.0,210.57,1500.0,208.84
2025-05-15,base1-15,42355,Holofoil,119.65,69.99,114.36,300.0,
2025-05-15,base1-16,42356,Holofoil,44.43,21.26,29.6,9999.0,
2025-05-15,base1-2,42360,Holofoil,159.12,99.95,144.4,252.45,
2025-05-15,base1-4,42382,Holofoil,454.56,280.0,410.0,1249.99,
2025-05-15,base1-58,42402,Normal,3.47,0.5,2.15,9999.0,1.9
2025-05-15,cel25c-4,250320,Holofoil,89.49,81.0,101.99,250.0,94.1
2025-05-15,gym2-2,83861,1st Edition Holofoil,764.5,375.0,438.24,500.0,
2025-05-15,gym2-2,83861,Unlimited Holofoil,360.25,349.0,434.99,599.0,
2025-05-15,neo1-9,86903,1st Edition Holofoil,1251.5,1100.0,2950.0,2954.98,
2025-05-15,neo1-9,86903,Unlimited Holofoil,432.36,299.99,359.99,474.7,
2025-05-15,sl-151-bundle,502000,Normal,67.67,59.99,70.0,230.0,
2025-05-15,sl-151-etb,503313,Normal,217.94,225.0,300.0,4999.99,
2025-05-15,sl-151-upc,502005,Normal,343.43,339.0,399.99,26500.0,
2025-05-15,sl-ar-box,265519,Normal,342.6,439.98,495.0,1999.99,
2025-05-15,sl-bs-box,256141,Normal,422.51,431.01,500.0,999.99,
2025-05-15,sl-cel-upc,245140,Normal,458.26,460.99,500.0,2000.0,
2025-05-15,sl-champ-etb,218791,Normal,129.81,122.0,140.0,800.0,
2025-05-15,sl-cz-etb,453470,Normal,148.87,147.0,177.47,1999.99,
2025-05-15,sl-dr-box,624679,Normal,265.75,261.1,266.68,320.0,
2025-05-15,sl-evs-box,242436,Normal,1609.73,1967.99,2216.3,9999.99,
2025-05-15,sl-evs-etb,243721,Normal,502.75,549.99,664.51,999.99,
2025-05-15,sl-fs-box,247654,Normal,692.07,859.99,990.0,1259.0,
2025-05-15,sl-hf-etb,194729,Normal,296.67,299.99,385.0,999.98,
2025-05-15,sl-jp-151,565243,Normal,166.38,162.5,174.99,399.99,
2025-05-15,sl-jp-terastal,603428,Normal,108.91,104.93,116.57,200.0,
2025-05-15,sl-jt-box,610931,Normal,221.6,218.99,240.69,600.0,
2025-05-15,sl-lo-box,277324,Normal,485.34,574.99,699.98,1500.0,
2025-05-15,sl-obf-box,501257,Normal,218.97,219.99,259.99,999.99,
2025-05-15,sl-pe-etb,593355,Normal,120.59,114.99,139.93,499.0,
2025-05-15,sl-pe-spc,622770,Normal,253.3,240.01,259.48,499.99,
2025-05-15,sl-pf-etb,528040,Normal,135.75,126.99,144.8,209.98,
2025-05-15,sl-shf-etb,228821,Normal,85.53,75.0,90.0,499.99,
2025-05-15,sl-ss-box,565606,Normal,232.38,234.85,288.88,4999.99,
2025-05-15,sl-st-box,283389,Normal,328.24,350.0,400.0,1199.99,
2025-05-15,sl-tf-box,536225,Normal,196.55,190.0,225.0,400.0,
2025-05-15,sv2-185,497557,Normal,0.37,0.01,0.4,4.99,0.35
2025-05-15,sv2-185,497557,Reverse Holofoil,1.15,0.2,1.29,13.98,2.7
2025-05-15,sv2-254,497669,Holofoil,18.31,16.69,20.5,100.0,16.69
2025-05-15,sv2-269,497689,Holofoil,64.73,58.05,68.0,259.99,64.96
2025-05-15,sv3pt5-151,516566,Holofoil,7.82,5.0,7.73,40.0,11.33
2025-05-15,sv3pt5-199,517045,Holofoil,193.21,184.11,222.46,1000.0,201.0
2025-05-15,sv3pt5-205,517051,Holofoil,12.68,10.0,14.5,99.0,15.0
2025-05-15,sv3pt5-4,502555,Normal,0.1,0.01,0.15,5.0,0.1
2025-05-15,sv3pt5-4,502555,Reverse Holofoil,0.26,0.04,0.26,4.95,0.2
2025-05-15,sv3pt5-6,502558,Holofoil,4.24,2.99,5.19,30.0,6.02
2025-05-15,sv3pt5-7,502548,Normal,0.17,0.01,0.16,15.0,0.12
2025-05-15,sv3pt5-7,502548,Reverse Holofoil,0.18,0.02,0.25,4.95,0.2
2025-05-15,sv4pt5-234,535090,Holofoil,174.1,159.19,189.99,499.98,189.99
2025-05-15,sv4pt5-54,534416,Holofoil,1.98,1.4,2.85,45.0,2.17
2025-05-15,sv8-57,590025,Holofoil,7.58,5.0,8.37,50.0,10.7
2025-05-15,sv8pt5-149,610504,Holofoil,354.83,248.89,354.9,800.0,
2025-05-15,sv8pt5-155,610510,Holofoil,371.33,310.0,375.85,899.95,
2025-05-15,sv8pt5-156,610511,Holofoil,526.5,430.0,522.53,999.95,492.75
2025-05-15,sv8pt5-161,610516,Holofoil,1314.43,1189.99,1350.0,2070.22,1271.0
2025-05-15,sv8pt5-167,610522,Holofoil,185.28,174.0,199.99,360.68,174.28
2025-05-15,sv8pt5-179,610534,Holofoil,67.56,57.0,71.52,270.0,
2025-05-15,sv8pt5-28,610383,Holofoil,0.82,0.45,1.5,20.0,1.18
2025-05-15,sv8pt5-47,610402,Normal,0.05,0.01,0.1,4.95,0.05
2025-05-15,sv8pt5-47,610402,Reverse Holofoil,0.1,0.01,0.13,4.95,0.1
2025-05-15,sv8pt5-59,610414,Holofoil,0.23,0.05,0.35,100.0,0.24
2025-05-15,sv8pt5-59,610414,Reverse Holofoil,0.51,0.14,0.72,25.0,0.4
2025-05-15,sv8pt5-60,610415,Holofoil,4.27,3.0,7.0,40.0,
2025-05-15,svp-085,518861,Normal,330.94,324.98,350.0,700.0,349.98
2025-05-15,swsh11-186,284137,Holofoil,556.07,458.83,616.3,1269.69,639.0
2025-05-15,swsh12-186,451834,Holofoil,271.46,254.02,290.0,699.95,334.9
2025-05-15,swsh12pt5gg-GG69,478100,Holofoil,170.31,147.99,189.99,1000.0,183.26
2025-05-15,swsh35-25,223018,Normal,0.11,0.01,0.2,1.46,
2025-05-15,swsh35-25,223018,Reverse Holofoil,0.32,0.09,0.3,2.0,0.15
2025-05-15,swsh35-74,223073,Holofoil,186.06,165.0,219.99,1500.0,219.95
2025-05-15,swsh45sv-SV107,232496,Holofoil,116.46,104.4,124.95,445.06,106.89
2025-05-15,swsh7-204,246693,Holofoil,27.09,21.99,33.21,100.0,34.99
2025-05-15,swsh7-205,246696,Holofoil,413.61,330.0,430.0,717.12,408.99
2025-05-15,swsh7-208,246755,Holofoil,25.26,21.73,28.31,48.95,21.99
2025-05-15,swsh7-209,246756,Holofoil,327.62,264.0,351.91,799.99,338.0
2025-05-15,swsh7-211,246702,Holofoil,43.02,38.41,44.0,90.74,46.53
2025-05-15,swsh7-212,246704,Holofoil,371.19,290.0,400.0,1000.0,299.0
2025-05-15,swsh7-215,246723,Holofoil,1647.78,1086.99,1652.99,2395.0,1199.0
2025-05-15,swsh7-218,246733,Holofoil,755.56,599.0,761.26,1309.93,759.99
2025-05-15,swsh7-41,246753,Holofoil,4.31,2.27,5.0,89.0,6.17
2025-05-15,swsh7-65,246690,Holofoil,9.23,7.5,9.92,500.0,9.0
2025-05-15,swsh7-75,246701,Holofoil,9.95,7.73,10.58,50.0,9.75
2025-05-15,swsh7-8,246691,Holofoil,4.9,2.87,5.9,50.0,5.74
2025-05-15,swsh8-271,253266,Holofoil,575.71,474.99,670.0,1799.0,529.0
2025-05-15,swsh9-154,263873,Holofoil,184.35,158.0,211.02,1500.0,208.83
2025-05-16,base1-15,42355,Holofoil,121.71,70.0,123.99,300.0,
2025-05-16,base1-16,42356,Holofoil,43.52,21.26,30.0,9999.0,
2025-05-16,base1-2,42360,Holofoil,159.33,105.44,149.95,251.69,
2025-05-16,base1-4,42382,Holofoil,452.49,400.0,499.99,1249.99,
2025-05-16,base1-58,42402,Normal,3.21,0.49,2.34,9999.0,
2025-05-16,cel25c-4,250320,Holofoil,98.83,76.0,110.0,250.0,104.85
2025-05-16,gym2-2,83861,1st Edition Holofoil,764.5,375.0,499.99,519.99,
2025-05-16,gym2-2,83861,Unlimited Holofoil,385.62,349.0,434.99,599.0,
2025-05-16,neo1-9,86903,1st Edition Holofoil,1251.5,1100.0,2100.0,2954.98,
2025-05-16,neo1-9,86903,Unlimited Holofoil,432.36,299.99,359.99,474.7,
2025-05-16,sl-151-bundle,502000,Normal,67.41,62.0,70.99,230.0,
2025-05-16,sl-151-etb,503313,Normal,230.36,225.77,289.99,4999.99,
2025-05-16,sl-151-upc,502005,Normal,344.48,339.0,399.97,26500.0,
2025-05-16,sl-ar-box,265519,Normal,398.71,430.99,496.73,1999.99,
2025-05-16,sl-bs-box,256141,Normal,437.57,435.0,490.0,999.99,
2025-05-16,sl-cel-upc,245140,Normal,459.5,469.0,500.0,2000.0,
2025-05-16,sl-champ-etb,218791,Normal,131.58,122.0,140.0,800.0,
2025-05-16,sl-cz-etb,453470,Normal,152.62,150.0,175.0,1999.99,
2025-05-16,sl-dr-box,624679,Normal,265.81,265.79,266.68,320.0,
2025-05-16,sl-evs-box,242436,Normal,1609.73,1950.0,2075.38,9999.99,
2025-05-16,sl-evs-etb,243721,Normal,516.07,649.01,749.0,999.99,
2025-05-16,sl-fs-box,247654,Normal,704.07,850.0,984.48,1259.0,
2025-05-16,sl-hf-etb,194729,Normal,300.68,299.99,367.5,999.98,
2025-05-16,sl-jp-151,565243,Normal,165.44,162.5,173.49,399.99,
2025-05-16,sl-jp-terastal,603428,Normal,103.65,100.0,115.0,200.0,
2025-05-16,sl-jt-box,610931,Normal,216.31,204.94,239.99,600.0,
2025-05-16,sl-lo-box,277324,Normal,509.48,546.5,697.49,1500.0,
2025-05-16,sl-obf-box,501257,Normal,244.94,235.0,287.48,999.99,
2025-05-16,sl-pe-etb,593355,Normal,121.47,115.0,140.0,499.0,
2025-05-16,sl-pe-spc,622770,Normal,243.27,225.0,259.94,450.0,
2025-05-16,sl-pf-etb,528040,Normal,135.94,130.0,144.8,209.98,
2025-05-16,sl-shf-etb,228821,Normal,85.34,75.0,90.0,499.99,
2025-05-16,sl-ss-box,565606,Normal,238.7,234.85,288.88,4999.99,
2025-05-16,sl-st-box,283389,Normal,355.14,365.0,400.0,1199.99,
2025-05-16,sl-tf-box,536225,Normal,211.75,215.0,248.93,400.0,
2025-05-16,sv2-185,497557,Normal,0.38,0.01,0.4,4.99,
2025-05-16,sv2-185,497557,Reverse Holofoil,1.03,0.2,1.24,13.98,1.02
2025-05-16,sv2-254,497669,Holofoil,19.05,16.99,20.48,100.0,23.99
2025-05-16,sv2-269,497689,Holofoil,64.04,59.68,68.11,259.99,
2025-05-16,sv3pt5-151,516566,Holofoil,6.34,4.21,7.59,40.0,8.1
2025-05-16,sv3pt5-199,517045,Holofoil,202.67,183.85,239.99,1000.0,208.64
2025-05-16,sv3pt5-205,517051,Holofoil,12.99,10.0,14.61,50.0,13.31
2025-05-16,sv3pt5-4,502555,Normal,0.1,0.01,0.15,5.0,0.07
2025-05-16,sv3pt5-4,502555,Reverse Holofoil,0.23,0.01,0.26,4.95,
2025-05-16,sv3pt5-6,502558,Holofoil,4.61,2.81,5.23,30.0,4.28
2025-05-16,sv3pt5-7,502548,Normal,0.12,0.01,0.17,15.0,0.07
2025-05-16,sv3pt5-7,502548,Reverse Holofoil,0.18,0.01,0.25,4.95,
2025-05-16,sv4pt5-234,535090,Holofoil,173.32,165.19,196.79,499.98,171.66
2025-05-16,sv4pt5-54,534416,Holofoil,2.19,1.3,2.85,45.0,2.01
2025-05-16,sv8-57,590025,Holofoil,7.97,5.0,8.82,50.0,12.01
2025-05-16,sv8pt5-149,610504,Holofoil,327.83,245.99,354.9,800.0,
2025-05-16,sv8pt5-155,610510,Holofoil,358.14,300.0,375.0,899.95,
2025-05-16,sv8pt5-156,610511,Holofoil,507.36,430.0,525.38,999.95,525.0
2025-05-16,sv8pt5-161,610516,Holofoil,1280.86,1175.0,1349.99,2272.59,
2025-05-16,sv8pt5-167,610522,Holofoil,181.27,168.78,196.41,360.68,
2025-05-16,sv8pt5-179,610534,Holofoil,62.79,54.76,70.91,270.0,
2025-05-16,sv8pt5-28,610383,Holofoil,0.79,0.45,1.5,20.0,
2025-05-16,sv8pt5-47,610402,Normal,0.05,0.01,0.1,4.95,0.05
2025-05-16,sv8pt5-47,610402,Reverse Holofoil,0.08,0.01,0.12,4.95,0.08
2025-05-16,sv8pt5-59,610414,Holofoil,0.29,0.05,0.35,100.0,0.32
2025-05-16,sv8pt5-59,610414,Reverse Holofoil,0.42,0.01,0.7,25.0,0.25
2025-05-16,sv8pt5-60,610415,Holofoil,4.64,3.0,7.0,40.0,
2025-05-16,svp-085,518861,Normal,329.3,324.98,347.46,700.0,349.98
2025-05-16,swsh11-186,284137,Holofoil,541.77,458.83,616.16,1269.69,639.0
2025-05-16,swsh12-186,451834,Holofoil,269.37,269.99,294.61,699.95,334.9
2025-05-16,swsh12pt5gg-GG69,478100,Holofoil,170.89,149.98,193.0,1000.0,183.25
2025-05-16,swsh35-25,223018,Normal,0.11,0.01,0.2,1.25,
2025-05-16,swsh35-25,223018,Reverse Holofoil,0.32,0.09,0.3,2.0,
2025-05-16,swsh35-74,223073,Holofoil,182.38,165.0,219.97,1500.0,219.94
2025-05-16,swsh45sv-SV107,232496,Holofoil,113.32,104.4,130.5,445.06,127.24
2025-05-16,swsh7-204,246693,Holofoil,25.95,23.0,33.68,100.0,29.99
2025-05-16,swsh7-205,246696,Holofoil,407.33,330.0,432.15,715.12,407.99
2025-05-16,swsh7-208,246755,Holofoil,25.35,21.73,29.05,48.95,29.62
2025-05-16,swsh7-209,246756,Holofoil,304.22,275.0,354.99,799.99,337.99
2025-05-16,swsh7-211,246702,Holofoil,43.19,38.41,44.0,90.74,46.53
2025-05-16,swsh7-212,246704,Holofoil,360.43,284.99,389.99,1000.0,363.99
2025-05-16,swsh7-215,246723,Holofoil,1609.72,1350.0,1662.0,2595.3,1189.0
2025-05-16,swsh7-218,246733,Holofoil,714.29,599.0,778.94,1250.0,759.95
2025-05-16,swsh7-41,246753,Holofoil,3.79,2.27,5.25,89.0,6.15
2025-05-16,swsh7-65,246690,Holofoil,8.94,7.5,9.83,500.0,9.99
2025-05-16,swsh7-75,246701,Holofoil,10.65,7.73,10.83,50.0,9.75
2025-05-16,swsh7-8,246691,Holofoil,5.0,4.0,5.95,50.0,5.73
2025-05-16,swsh8-271,253266,Holofoil,579.19,473.97,684.99,1799.0,529.0
2025-05-16,swsh9-154,263873,Holofoil,196.7,181.06,223.2,1500.0,208.85
2025-05-17,base1-15,42355,Holofoil,121.71,70.0,126.99,300.0,
2025-05-17,base1-16,42356,Holofoil,45.05,20.0,29.99,9999.0,
2025-05-17,base1-2,42360,Holofoil,159.33,100.0,149.95,251.53,
2025-05-17,base1-4,42382,Holofoil,452.49,400.0,567.0,1249.99,
2025-05-17,base1-58,42402,Normal,3.17,0.49,2.24,9999.0,
2025-05-17,cel25c-4,250320,Holofoil,101.07,79.99,110.0,250.0,104.85
2025-05-17,gym2-2,83861,1st Edition Holofoil,764.5,376.48,499.99,500.0,
2025-05-17,gym2-2,83861,Unlimited Holofoil,385.62,349.0,434.99,599.0,
2025-05-17,neo1-9,86903,1st Edition Holofoil,1251.5,1100.0,2100.0,2954.98,
2025-05-17,neo1-9,86903,Unlimited Holofoil,432.36,299.99,350.0,474.7,
2025-05-17,sl-151-bundle,502000,Normal,68.55,58.0,71.25,230.0,
2025-05-17,sl-151-etb,503313,Normal,233.42,225.77,280.0,4999.99,
2025-05-17,sl-151-upc,502005,Normal,344.95,339.0,399.98,26500.0,
2025-05-17,sl-ar-box,265519,Normal,404.03,422.99,450.0,1999.99,
2025-05-17,sl-bs-box,256141,Normal,435.79,425.34,499.99,999.99,
2025-05-17,sl-cel-upc,245140,Normal,463.77,469.0,500.0,2000.0,
2025-05-17,sl-champ-etb,218791,Normal,130.4,122.0,140.0,800.0,
2025-05-17,sl-cz-etb,453470,Normal,157.36,149.99,174.99,1999.99,
2025-05-17,sl-dr-box,624679,Normal,265.62,265.0,266.68,320.0,
2025-05-17,sl-evs-box,242436,Normal,1628.53,1934.99,2050.0,10000.0,
2025-05-17,sl-evs-etb,243721,Normal,513.48,649.01,749.0,999.99,
2025-05-17,sl-fs-box,247654,Normal,722.48,841.01,977.48,1999.99,
2025-05-17,sl-hf-etb,194729,Normal,304.52,309.0,399.99,999.98,
2025-05-17,sl-jp-151,565243,Normal,164.12,162.5,174.48,399.99,
2025-05-17,sl-jp-terastal,603428,Normal,103.31,101.76,116.99,200.0,
2025-05-17,sl-jt-box,610931,Normal,217.09,216.12,240.0,600.0,
2025-05-17,sl-lo-box,277324,Normal,519.8,539.51,650.0,1500.0,
2025-05-17,sl-obf-box,501257,Normal,249.7,239.99,289.96,999.99,
2025-05-17,sl-pe-etb,593355,Normal,118.35,110.0,139.99,499.0,
2025-05-17,sl-pe-spc,622770,Normal,240.53,235.0,250.0,777.0,
2025-05-17,sl-pf-etb,528040,Normal,136.65,130.0,144.15,209.98,
2025-05-17,sl-shf-etb,228821,Normal,85.94,75.0,90.0,499.99,
2025-05-17,sl-ss-box,565606,Normal,236.64,234.99,289.95,4999.99,
2025-05-17,sl-st-box,283389,Normal,359.8,354.5,400.0,1199.99,
2025-05-17,sl-tf-box,536225,Normal,215.11,200.0,247.9,400.0,
2025-05-17,sv2-185,497557,Normal,0.32,0.01,0.4,5.05,
2025-05-17,sv2-185,497557,Reverse Holofoil,1.01,0.2,1.23,31.03,
2025-05-17,sv2-254,497669,Holofoil,20.31,16.99,21.0,100.0,28.74
2025-05-17,sv2-269,497689,Holofoil,63.61,62.26,68.0,259.99,
2025-05-17,sv3pt5-151,516566,Holofoil,6.64,5.0,7.62,40.0,12.94
2025-05-17,sv3pt5-199,517045,Holofoil,211.63,197.43,250.0,1000.0,
2025-05-17,sv3pt5-205,517051,Holofoil,13.83,10.0,14.5,50.0,17.44
2025-05-17,sv3pt5-4,502555,Normal,0.1,0.01,0.15,30.1,
2025-05-17,sv3pt5-4,502555,Reverse Holofoil,0.2,0.01,0.25,30.19,
2025-05-17,sv3pt5-6,502558,Holofoil,4.67,3.0,5.17,30.0,4.57
2025-05-17,sv3pt5-7,502548,Normal,0.12,0.01,0.15,30.12,
2025-05-17,sv3pt5-7,502548,Reverse Holofoil,0.16,0.02,0.25,4.95,
2025-05-17,sv4pt5-234,535090,Holofoil,177.1,171.67,199.98,499.98,213.94
2025-05-17,sv4pt5-54,534416,Holofoil,2.32,1.3,2.87,45.0,
2025-05-17,sv8-57,590025,Holofoil,8.9,5.0,9.0,50.0,12.6
2025-05-17,sv8pt5-149,610504,Holofoil,307.45,275.0,350.0,800.0,
2025-05-17,sv8pt5-155,610510,Holofoil,347.51,310.0,370.0,899.95,
2025-05-17,sv8pt5-156,610511,Holofoil,494.66,397.62,515.44,999.95,524.99
2025-05-17,sv8pt5-161,610516,Holofoil,1255.56,1175.0,1317.47,2177.98,
2025-05-17,sv8pt5-167,610522,Holofoil,177.81,174.0,196.12,360.68,
2025-05-17,sv8pt5-179,610534,Holofoil,59.38,55.99,69.69,270.0,
2025-05-17,sv8pt5-28,610383,Holofoil,0.75,0.3,1.5,20.0,
2025-05-17,sv8pt5-47,610402,Normal,0.05,0.01,0.1,30.05,0.04
2025-05-17,sv8pt5-47,610402,Reverse Holofoil,0.08,0.01,0.12,30.08,0.08
2025-05-17,sv8pt5-59,610414,Holofoil,0.27,0.05,0.34,100.0,
2025-05-17,sv8pt5-59,610414,Reverse Holofoil,0.47,0.14,0.69,25.0,
2025-05-17,sv8pt5-60,610415,Holofoil,4.5,3.45,7.34,40.0,
2025-05-17,svp-085,518861,Normal,326.41,324.97,349.96,700.0,349.95
2025-05-17,swsh11-186,284137,Holofoil,542.57,459.36,602.5,1269.69,537.14
2025-05-17,swsh12-186,451834,Holofoil,270.01,256.25,294.27,699.95,267.31
2025-05-17,swsh12pt5gg-GG69,478100,Holofoil,168.38,150.0,195.99,499.99,184.95
2025-05-17,swsh35-25,223018,Normal,0.11,0.01,0.2,1.25,
2025-05-17,swsh35-25,223018,Reverse Holofoil,0.32,0.09,0.31,2.0,
2025-05-17,swsh35-74,223073,Holofoil,182.44,165.0,225.0,1500.0,219.94
2025-05-17,swsh45sv-SV107,232496,Holofoil,113.28,104.4,129.97,445.06,124.61
2025-05-17,swsh7-204,246693,Holofoil,26.0,23.0,33.68,100.0,29.99
2025-05-17,swsh7-205,246696,Holofoil,406.25,330.0,426.56,899.95,407.99
2025-05-17,swsh7-208,246755,Holofoil,25.25,25.24,29.97,59.95,29.62
2025-05-17,swsh7-209,246756,Holofoil,295.59,274.99,350.25,799.99,337.0
2025-05-17,swsh7-211,246702,Holofoil,43.33,38.67,44.0,99.95,38.99
2025-05-17,swsh7-212,246704,Holofoil,346.43,290.0,389.82,1000.0,355.0
2025-05-17,swsh7-215,246723,Holofoil,1609.72,1215.5,1662.0,2535.38,1188.0
2025-05-17,swsh7-218,246733,Holofoil,714.29,599.0,778.88,1299.95,738.31
2025-05-17,swsh7-41,246753,Holofoil,4.06,2.27,5.06,504.74,4.78
2025-05-17,swsh7-65,246690,Holofoil,9.04,7.5,9.78,500.0,9.99
2025-05-17,swsh7-75,246701,Holofoil,9.99,7.73,10.71,50.0,11.61
2025-05-17,swsh7-8,246691,Holofoil,5.13,3.95,5.99,50.0,6.0
2025-05-17,swsh8-271,253266,Holofoil,579.19,521.27,682.49,1799.0,529.0
2025-05-17,swsh9-154,263873,Holofoil,201.18,181.06,226.0,1500.0,208.91
2025-05-18,base1-15,42355,Holofoil,121.71,70.0,123.99,300.0,
2025-05-18,base1-16,42356,Holofoil,45.0,20.0,29.98,9999.0,
2025-05-18,base1-2,42360,Holofoil,159.57,100.0,146.64,251.48,
2025-05-18,base1-4,42382,Holofoil,452.49,400.0,567.0,1249.99,
2025-05-18,base1-58,42402,Normal,3.1,0.49,2.29,9999.0,
2025-05-18,cel25c-4,250320,Holofoil,99.87,79.95,110.0,250.0,104.85
2025-05-18,gym2-2,83861,1st Edition Holofoil,764.5,376.48,499.99,500.0,
2025-05-18,gym2-2,83861,Unlimited Holofoil,385.62,349.0,434.99,599.0,
2025-05-18,neo1-9,86903,1st Edition Holofoil,1251.5,1075.0,1250.0,2954.98,
2025-05-18,neo1-9,86903,Unlimited Holofoil,432.36,338.99,375.1,474.7,
2025-05-18,sl-151-bundle,502000,Normal,68.24,58.0,71.49,168.99,
2025-05-18,sl-151-etb,503313,Normal,233.83,225.77,263.61,4999.99,
2025-05-18,sl-151-upc,502005,Normal,345.98,339.0,399.99,26500.0,
2025-05-18,sl-ar-box,265519,Normal,404.03,419.96,450.0,1999.99,
2025-05-18,sl-bs-box,256141,Normal,435.79,425.0,496.99,999.99,
2025-05-18,sl-cel-upc,245140,Normal,463.17,469.0,500.0,2000.0,
2025-05-18,sl-champ-etb,218791,Normal,130.37,122.0,140.0,800.0,
2025-05-18,sl-cz-etb,453470,Normal,158.88,145.0,170.0,1999.99,
2025-05-18,sl-dr-box,624679,Normal,267.28,265.0,266.68,320.0,
2025-05-18,sl-evs-box,242436,Normal,1628.53,1934.99,2050.0,10000.0,
2025-05-18,sl-evs-etb,243721,Normal,513.48,649.01,749.0,999.99,
2025-05-18,sl-fs-box,247654,Normal,722.48,841.01,979.98,1999.99,
2025-05-18,sl-hf-etb,194729,Normal,304.52,309.0,399.97,999.98,
2025-05-18,sl-jp-151,565243,Normal,163.77,162.5,174.0,399.99,
2025-05-18,sl-jp-terastal,603428,Normal,103.89,101.99,115.0,200.0,
2025-05-18,sl-jt-box,610931,Normal,216.32,216.86,240.0,600.0,
2025-05-18,sl-lo-box,277324,Normal,522.74,522.74,675.0,1500.0,
2025-05-18,sl-obf-box,501257,Normal,250.46,238.99,270.0,500.0,
2025-05-18,sl-pe-etb,593355,Normal,121.35,115.0,140.0,499.0,
2025-05-18,sl-pe-spc,622770,Normal,239.98,227.99,249.97,777.0,
2025-05-18,sl-pf-etb,528040,Normal,136.45,134.95,144.15,209.98,
2025-05-18,sl-shf-etb,228821,Normal,86.34,75.0,90.0,499.99,
2025-05-18,sl-ss-box,565606,Normal,236.71,229.99,296.88,4999.99,
2025-05-18,sl-st-box,283389,Normal,360.68,354.5,400.0,1199.99,
2025-05-18,sl-tf-box,536225,Normal,214.06,213.0,247.9,400.0,
2025-05-18,sv2-185,497557,Normal,0.3,0.01,0.4,4.99,
2025-05-18,sv2-185,497557,Reverse Holofoil,0.99,0.2,1.19,31.03,
2025-05-18,sv2-254,497669,Holofoil,21.12,16.99,21.18,100.0,33.3
2025-05-18,sv2-269,497689,Holofoil,63.52,62.26,68.3,259.99,
2025-05-18,sv3pt5-151,516566,Holofoil,7.73,5.0,7.69,40.0,13.76
2025-05-18,sv3pt5-199,517045,Holofoil,209.52,197.43,250.0,1000.0,
2025-05-18,sv3pt5-205,517051,Holofoil,14.77,10.0,14.84,50.0,17.48
2025-05-18,sv3pt5-4,502555,Normal,0.11,0.01,0.15,30.1,
2025-05-18,sv3pt5-4,502555,Reverse Holofoil,0.24,0.01,0.25,30.19,
2025-05-18,sv3pt5-6,502558,Holofoil,4.64,2.69,5.19,30.0,3.71
2025-05-18,sv3pt5-7,502548,Normal,0.11,0.01,0.15,30.12,
2025-05-18,sv3pt5-7,502548,Reverse Holofoil,0.18,0.02,0.25,4.95,
2025-05-18,sv4pt5-234,535090,Holofoil,177.8,168.49,199.0,499.98,213.94
2025-05-18,sv4pt5-54,534416,Holofoil,2.24,0.6,2.85,45.0,
2025-05-18,sv8-57,590025,Holofoil,8.83,5.0,8.99,50.0,15.09
2025-05-18,sv8pt5-149,610504,Holofoil,305.25,249.99,342.75,800.0,
2025-05-18,sv8pt5-155,610510,Holofoil,348.49,325.5,369.99,899.95,
2025-05-18,sv8pt5-156,610511,Holofoil,494.66,390.54,519.44,999.95,524.99
2025-05-18,sv8pt5-161,610516,Holofoil,1255.56,1175.0,1314.43,2174.42,
2025-05-18,sv8pt5-167,610522,Holofoil,177.81,172.0,194.6,360.68,
2025-05-18,sv8pt5-179,610534,Holofoil,58.44,49.99,69.45,270.0,
2025-05-18,sv8pt5-28,610383,Holofoil,0.85,0.3,1.5,14.0,
2025-05-18,sv8pt5-47,610402,Normal,0.05,0.01,0.1,30.05,0.03
2025-05-18,sv8pt5-47,610402,Reverse Holofoil,0.09,0.01,0.12,30.08,0.08
2025-05-18,sv8pt5-59,610414,Holofoil,0.28,0.03,0.34,100.0,
2025-05-18,sv8pt5-59,610414,Reverse Holofoil,0.53,0.14,0.68,25.0,
2025-05-18,sv8pt5-60,610415,Holofoil,4.49,3.45,7.42,40.0,
2025-05-18,svp-085,518861,Normal,326.41,323.97,349.95,700.0,349.95
2025-05-18,swsh11-186,284137,Holofoil,542.57,458.11,600.0,1269.69,537.14
2025-05-18,swsh12-186,451834,Holofoil,270.36,256.25,294.69,699.95,334.9
2025-05-18,swsh12pt5gg-GG69,478100,Holofoil,170.18,153.99,197.0,499.99,184.99
2025-05-18,swsh35-25,223018,Normal,0.1,0.01,0.2,1.25,
2025-05-18,swsh35-25,223018,Reverse Holofoil,0.33,0.09,0.31,2.0,
2025-05-18,swsh35-74,223073,Holofoil,181.25,165.0,222.77,1500.0,219.9
2025-05-18,swsh45sv-SV107,232496,Holofoil,113.99,104.58,129.94,445.06,124.99
2025-05-18,swsh7-204,246693,Holofoil,26.0,23.0,33.49,100.0,29.99
2025-05-18,swsh7-205,246696,Holofoil,405.77,330.0,427.15,899.95,408.0
2025-05-18,swsh7-208,246755,Holofoil,25.25,25.24,29.81,59.95,29.62
2025-05-18,swsh7-209,246756,Holofoil,289.31,275.0,350.01,799.99,337.0
2025-05-18,swsh7-211,246702,Holofoil,43.33,37.73,44.65,99.95,37.73
2025-05-18,swsh7-212,246704,Holofoil,346.43,290.0,382.0,1000.0,355.0
2025-05-18,swsh7-215,246723,Holofoil,1609.72,1215.5,1658.02,2535.38,1188.0
2025-05-18,swsh7-218,246733,Holofoil,714.29,599.0,773.68,1299.95,728.99
2025-05-18,swsh7-41,246753,Holofoil,3.94,2.27,5.12,89.0,3.34
2025-05-18,swsh7-65,246690,Holofoil,8.86,7.05,9.74,500.0,9.99
2025-05-18,swsh7-75,246701,Holofoil,9.76,7.73,10.79,50.0,11.3
2025-05-18,swsh7-8,246691,Holofoil,5.11,3.95,5.99,50.0,6.0
2025-05-18,swsh8-271,253266,Holofoil,579.19,521.27,679.99,1799.0,529.0
2025-05-18,swsh9-154,263873,Holofoil,201.18,177.0,221.5,1500.0,208.91
2025-05-19,base1-15,42355,Holofoil,121.71,70.0,119.99,300.0,
2025-05-19,base1-16,42356,Holofoil,45.0,20.0,30.0,9999.0,23.97
2025-05-19,base1-2,42360,Holofoil,159.57,100.0,149.97,251.96,
2025-05-19,base1-4,42382,Holofoil,464.22,400.0,634.0,1249.99,
2025-05-19,base1-58,42402,Normal,3.0,0.49,2.24,9999.0,5.99
2025-05-19,cel25c-4,250320,Holofoil,100.25,79.94,110.12,250.0,104.85
2025-05-19,gym2-2,83861,1st Edition Holofoil,764.5,376.48,499.99,500.0,
2025-05-19,gym2-2,83861,Unlimited Holofoil,400.79,349.0,434.99,599.0,
2025-05-19,neo1-9,86903,1st Edition Holofoil,1251.5,1075.0,1250.0,2954.98,
2025-05-19,neo1-9,86903,Unlimited Holofoil,432.36,275.03,375.1,2000.0,
2025-05-19,sl-151-bundle,502000,Normal,67.88,63.39,71.5,168.99,
2025-05-19,sl-151-etb,503313,Normal,233.63,225.77,256.99,4999.99,
2025-05-19,sl-151-upc,502005,Normal,356.66,340.0,399.98,26500.0,
2025-05-19,sl-ar-box,265519,Normal,404.03,415.96,457.5,1999.99,
2025-05-19,sl-bs-box,256141,Normal,435.79,421.01,493.5,999.99,
2025-05-19,sl-cel-upc,245140,Normal,465.25,469.0,515.97,2000.0,
2025-05-19,sl-champ-etb,218791,Normal,129.65,122.0,139.99,800.0,
2025-05-19,sl-cz-etb,453470,Normal,158.38,149.99,175.0,1999.99,
2025-05-19,sl-dr-box,624679,Normal,262.13,249.93,266.19,320.0,
2025-05-19,sl-evs-box,242436,Normal,1628.53,1934.99,2000.0,10000.0,
2025-05-19,sl-evs-etb,243721,Normal,520.04,669.99,862.0,999.99,
2025-05-19,sl-fs-box,247654,Normal,722.48,841.01,979.98,1999.99,
2025-05-19,sl-hf-etb,194729,Normal,305.28,310.0,399.97,999.98,
2025-05-19,sl-jp-151,565243,Normal,163.67,162.5,173.0,399.99,
2025-05-19,sl-jp-terastal,603428,Normal,104.05,99.0,114.99,200.0,
2025-05-19,sl-jt-box,610931,Normal,215.94,215.85,254.99,600.0,
2025-05-19,sl-lo-box,277324,Normal,522.74,522.74,662.5,1500.0,
2025-05-19,sl-obf-box,501257,Normal,250.81,237.1,270.0,500.0,
2025-05-19,sl-pe-etb,593355,Normal,120.69,110.0,139.99,499.0,
2025-05-19,sl-pe-spc,622770,Normal,230.85,229.79,249.61,777.0,
2025-05-19,sl-pf-etb,528040,Normal,137.07,134.95,144.15,209.98,
2025-05-19,sl-shf-etb,228821,Normal,85.89,75.0,90.0,499.99,
2025-05-19,sl-ss-box,565606,Normal,237.26,229.99,295.75,4999.99,
2025-05-19,sl-st-box,283389,Normal,361.02,342.28,400.0,1199.99,
2025-05-19,sl-tf-box,536225,Normal,213.86,200.0,239.99,400.0,
2025-05-19,sv2-185,497557,Normal,0.33,0.01,0.4,4.99,
2025-05-19,sv2-185,497557,Reverse Holofoil,0.85,0.2,1.15,31.03,
2025-05-19,sv2-254,497669,Holofoil,20.58,16.99,21.24,100.0,19.98
2025-05-19,sv2-269,497689,Holofoil,63.25,60.99,68.25,259.99,
2025-05-19,sv3pt5-151,516566,Holofoil,8.12,5.0,7.95,40.0,14.69
2025-05-19,sv3pt5-199,517045,Holofoil,209.36,196.0,250.0,1000.0,
2025-05-19,sv3pt5-205,517051,Holofoil,14.51,10.0,14.8,50.0,14.35
2025-05-19,sv3pt5-4,502555,Normal,0.1,0.01,0.15,30.1,
2025-05-19,sv3pt5-4,502555,Reverse Holofoil,0.25,0.07,0.25,30.19,
2025-05-19,sv3pt5-6,502558,Holofoil,4.21,2.54,5.13,30.0,4.37
2025-05-19,sv3pt5-7,502548,Normal,0.11,0.01,0.15,30.12,0.07
2025-05-19,sv3pt5-7,502548,Reverse Holofoil,0.19,0.02,0.25,4.95,0.07
2025-05-19,sv4pt5-234,535090,Holofoil,179.6,171.67,193.95,499.98,179.6
2025-05-19,sv4pt5-54,534416,Holofoil,2.43,1.3,2.92,45.0,2.75
2025-05-19,sv8-57,590025,Holofoil,9.18,5.0,9.0,50.0,15.1
2025-05-19,sv8pt5-149,610504,Holofoil,303.57,273.0,334.75,800.0,
2025-05-19,sv8pt5-155,610510,Holofoil,345.2,325.5,368.45,899.95,
2025-05-19,sv8pt5-156,610511,Holofoil,494.66,390.54,517.26,999.95,524.99
2025-05-19,sv8pt5-161,610516,Holofoil,1255.56,1175.0,1300.0,2178.58,
2025-05-19,sv8pt5-167,610522,Holofoil,177.81,150.0,185.28,360.68,
2025-05-19,sv8pt5-179,610534,Holofoil,57.64,52.26,68.99,270.0,
2025-05-19,sv8pt5-28,610383,Holofoil,0.85,0.3,1.5,14.0,1.0
2025-05-19,sv8pt5-47,610402,Normal,0.05,0.01,0.1,30.05,0.03
2025-05-19,sv8pt5-47,610402,Reverse Holofoil,0.08,0.01,0.12,30.08,0.07
2025-05-19,sv8pt5-59,610414,Holofoil,0.28,0.03,0.34,100.0,0.26
2025-05-19,sv8pt5-59,610414,Reverse Holofoil,0.49,0.15,0.66,25.0,0.52
2025-05-19,sv8pt5-60,610415,Holofoil,5.19,3.98,7.34,40.0,5.7
2025-05-19,svp-085,518861,Normal,326.41,314.0,349.95,700.0,349.95
2025-05-19,swsh11-186,284137,Holofoil,542.57,458.11,595.0,1269.69,537.13
2025-05-19,swsh12-186,451834,Holofoil,270.36,265.0,294.69,699.95,334.9
2025-05-19,swsh12pt5gg-GG69,478100,Holofoil,171.75,152.0,200.0,1000.0,207.99
2025-05-19,swsh35-25,223018,Normal,0.1,0.01,0.2,1.25,
2025-05-19,swsh35-25,223018,Reverse Holofoil,0.33,0.09,0.31,2.0,
2025-05-19,swsh35-74,223073,Holofoil,181.84,163.5,220.21,1500.0,219.9
2025-05-19,swsh45sv-SV107,232496,Holofoil,113.71,100.0,129.0,445.06,112.49
2025-05-19,swsh7-204,246693,Holofoil,25.85,23.0,33.29,100.0,29.99
2025-05-19,swsh7-205,246696,Holofoil,405.77,330.0,426.62,899.95,407.99
2025-05-19,swsh7-208,246755,Holofoil,25.26,25.0,29.64,59.95,29.62
2025-05-19,swsh7-209,246756,Holofoil,289.31,275.0,350.12,799.99,336.99
2025-05-19,swsh7-211,246702,Holofoil,43.35,38.71,44.65,99.95,38.99
2025-05-19,swsh7-212,246704,Holofoil,346.43,289.98,387.35,1000.0,355.0
2025-05-19,swsh7-215,246723,Holofoil,1511.24,1215.5,1658.02,2499.95,1188.0
2025-05-19,swsh7-218,246733,Holofoil,714.29,599.0,778.88,1299.95,725.23
2025-05-19,swsh7-41,246753,Holofoil,3.78,3.0,5.06,89.0,4.78
2025-05-19,swsh7-65,246690,Holofoil,9.25,7.05,9.66,500.0,9.99
2025-05-19,swsh7-75,246701,Holofoil,9.5,7.73,10.65,50.0,11.61
2025-05-19,swsh7-8,246691,Holofoil,6.01,4.0,5.99,50.0,5.87
2025-05-19,swsh8-271,253266,Holofoil,579.19,521.27,674.99,1799.0,529.0
2025-05-19,swsh9-154,263873,Holofoil,201.18,177.0,219.99,1500.0,208.91
2025-05-20,base1-15,42355,Holofoil,121.71,70.0,115.4,300.0,
2025-05-20,base1-16,42356,Holofoil,45.0,20.0,29.98,9999.0,23.97
2025-05-20,base1-2,42360,Holofoil,159.57,100.0,149.97,251.96,
2025-05-20,base1-4,42382,Holofoil,464.22,400.0,634.0,1249.99,
2025-05-20,base1-58,42402,Normal,3.13,0.49,2.27,9999.0,5.99
2025-05-20,cel25c-4,250320,Holofoil,100.65,79.98,110.0,250.0,104.85
2025-05-20,gym2-2,83861,1st Edition Holofoil,764.5,376.48,499.99,500.0,
2025-05-20,gym2-2,83861,Unlimited Holofoil,400.79,349.0,434.99,599.0,
2025-05-20,neo1-9,86903,1st Edition Holofoil,1251.5,1100.0,2100.0,2954.98,
2025-05-20,neo1-9,86903,Unlimited Holofoil,432.36,338.99,395.1,2000.0,
2025-05-20,sl-151-bundle,502000,Normal,65.8,62.0,71.0,168.99,
2025-05-20,sl-151-etb,503313,Normal,230.03,204.99,250.0,4999.99,
2025-05-20,sl-151-upc,502005,Normal,359.27,340.0,399.99,26500.0,
2025-05-20,sl-ar-box,265519,Normal,404.03,415.0,450.0,1999.99,
2025-05-20,sl-bs-box,256141,Normal,435.63,421.01,498.49,999.99,
2025-05-20,sl-cel-upc,245140,Normal,467.81,457.0,503.63,2000.0,
2025-05-20,sl-champ-etb,218791,Normal,128.64,122.0,140.0,800.0,
2025-05-20,sl-cz-etb,453470,Normal,158.58,149.99,175.0,1999.99,
2025-05-20,sl-dr-box,624679,Normal,259.5,249.87,266.44,320.0,
2025-05-20,sl-evs-box,242436,Normal,1628.53,1935.98,2000.0,10000.0,
2025-05-20,sl-evs-etb,243721,Normal,520.04,669.99,749.0,999.99,
2025-05-20,sl-fs-box,247654,Normal,733.08,824.99,977.48,1999.99,
2025-05-20,sl-hf-etb,194729,Normal,306.79,310.0,399.95,999.98,
2025-05-20,sl-jp-151,565243,Normal,163.95,162.5,172.49,399.99,
2025-05-20,sl-jp-terastal,603428,Normal,103.11,99.0,115.0,200.0,
2025-05-20,sl-jt-box,610931,Normal,216.36,215.85,254.99,600.0,
2025-05-20,sl-lo-box,277324,Normal,525.16,525.0,697.49,1500.0,
2025-05-20,sl-obf-box,501257,Normal,250.81,231.99,268.74,500.0,
2025-05-20,sl-pe-etb,593355,Normal,119.82,110.99,139.99,299.99,
2025-05-20,sl-pe-spc,622770,Normal,224.87,219.99,248.0,777.0,
2025-05-20,sl-pf-etb,528040,Normal,137.69,127.0,144.8,209.98,
2025-05-20,sl-shf-etb,228821,Normal,86.47,75.0,91.99,499.99,
2025-05-20,sl-ss-box,565606,Normal,236.96,229.99,289.99,4999.99,
2025-05-20,sl-st-box,283389,Normal,357.59,320.0,399.99,1199.99,
2025-05-20,sl-tf-box,536225,Normal,212.22,200.0,235.55,400.0,
2025-05-20,sv2-185,497557,Normal,0.34,0.01,0.4,4.99,
2025-05-20,sv2-185,497557,Reverse Holofoil,0.8,0.2,1.11,31.03,
2025-05-20,sv2-254,497669,Holofoil,20.23,16.99,21.41,100.0,19.98
2025-05-20,sv2-269,497689,Holofoil,63.4,59.99,68.26,259.99,
2025-05-20,sv3pt5-151,516566,Holofoil,7.35,5.0,7.75,40.0,14.79
2025-05-20,sv3pt5-199,517045,Holofoil,209.33,196.0,241.82,1000.0,
2025-05-20,sv3pt5-205,517051,Holofoil,14.03,10.0,14.78,50.0,14.35
2025-05-20,sv3pt5-4,502555,Normal,0.14,0.01,0.15,30.1,
2025-05-20,sv3pt5-4,502555,Reverse Holofoil,0.25,0.07,0.25,30.19,
2025-05-20,sv3pt5-6,502558,Holofoil,4.42,2.54,5.12,30.0,5.99
2025-05-20,sv3pt5-7,502548,Normal,0.11,0.01,0.15,30.12,0.07
2025-05-20,sv3pt5-7,502548,Reverse Holofoil,0.24,0.02,0.25,4.95,
2025-05-20,sv4pt5-234,535090,Holofoil,179.86,171.67,197.85,499.98,213.93
2025-05-20,sv4pt5-54,534416,Holofoil,2.46,1.32,2.91,45.0,
2025-05-20,sv8-57,590025,Holofoil,9.34,5.0,9.54,50.0,17.98
2025-05-20,sv8pt5-149,610504,Holofoil,294.77,267.0,329.5,800.0,
2025-05-20,sv8pt5-155,610510,Holofoil,344.29,325.5,375.0,899.95,
2025-05-20,sv8pt5-156,610511,Holofoil,494.66,390.54,519.44,999.95,524.97
2025-05-20,sv8pt5-161,610516,Holofoil,1248.49,1175.0,1300.0,2166.32,
2025-05-20,sv8pt5-167,610522,Holofoil,177.81,169.79,185.38,360.68,
2025-05-20,sv8pt5-179,610534,Holofoil,56.74,53.0,68.27,270.0,
2025-05-20,sv8pt5-28,610383,Holofoil,0.89,0.44,1.5,14.0,1.18
2025-05-20,sv8pt5-47,610402,Normal,0.04,0.01,0.1,30.05,0.04
2025-05-20,sv8pt5-47,610402,Reverse Holofoil,0.08,0.01,0.12,30.08,0.08
2025-05-20,sv8pt5-59,610414,Holofoil,0.29,0.05,0.34,100.0,0.34
2025-05-20,sv8pt5-59,610414,Reverse Holofoil,0.46,0.15,0.65,25.0,0.52
2025-05-20,sv8pt5-60,610415,Holofoil,4.98,3.96,7.5,40.0,
2025-05-20,svp-085,518861,Normal,326.41,314.0,347.45,700.0,349.95
2025-05-20,swsh11-186,284137,Holofoil,542.57,458.11,591.24,1269.69,537.13
2025-05-20,swsh12-186,451834,Holofoil,271.74,265.0,294.69,699.95,264.94
2025-05-20,swsh12pt5gg-GG69,478100,Holofoil,171.75,149.99,200.0,1000.0,207.94
2025-05-20,swsh35-25,223018,Normal,0.1,0.01,0.2,1.25,
2025-05-20,swsh35-25,223018,Reverse Holofoil,0.33,0.09,0.32,2.0,
2025-05-20,swsh35-74,223073,Holofoil,181.84,163.5,220.09,1500.0,219.9
2025-05-20,swsh45sv-SV107,232496,Holofoil,113.49,100.0,129.0,445.06,112.49
2025-05-20,swsh7-204,246693,Holofoil,25.85,23.0,33.29,100.0,29.99
2025-05-20,swsh7-205,246696,Holofoil,405.77,330.0,426.4,899.95,407.99
2025-05-20,swsh7-208,246755,Holofoil,25.26,25.25,29.63,59.95,29.23
2025-05-20,swsh7-209,246756,Holofoil,289.31,275.0,349.99,799.99,336.0
2025-05-20,swsh7-211,246702,Holofoil,43.35,38.3,44.65,99.95,38.3
2025-05-20,swsh7-212,246704,Holofoil,346.43,264.88,380.85,1000.0,351.44
2025-05-20,swsh7-215,246723,Holofoil,1511.24,1215.5,1658.02,2499.95,1188.0
2025-05-20,swsh7-218,246733,Holofoil,714.29,599.0,759.24,1299.95,723.36
2025-05-20,swsh7-41,246753,Holofoil,3.96,3.0,5.0,89.0,4.78
2025-05-20,swsh7-65,246690,Holofoil,9.0,7.05,9.66,500.0,9.99
2025-05-20,swsh7-75,246701,Holofoil,9.62,7.73,10.74,50.0,11.61
2025-05-20,swsh7-8,246691,Holofoil,6.11,4.15,6.12,50.0,6.66
2025-05-20,swsh8-271,253266,Holofoil,576.59,521.27,673.0,1799.0,529.0
2025-05-20,swsh9-154,263873,Holofoil,201.63,177.0,220.0,1500.0,208.91
2025-05-21,base1-15,42355,Holofoil,121.71,70.0,115.4,300.0,
2025-05-21,base1-16,42356,Holofoil,45.0,21.26,31.55,9999.0,23.97
2025-05-21,base1-2,42360,Holofoil,159.57,100.0,149.97,251.91,
2025-05-21,base1-4,42382,Holofoil,464.22,330.12,499.99,1249.99,
2025-05-21,base1-58,42402,Normal,3.29,0.49,2.24,9999.0,5.99
2025-05-21,cel25c-4,250320,Holofoil,100.65,77.98,110.0,250.0,104.85
2025-05-21,gym2-2,83861,1st Edition Holofoil,764.5,376.48,499.99,500.0,
2025-05-21,gym2-2,83861,Unlimited Holofoil,400.79,349.0,434.99,599.0,
2025-05-21,neo1-9,86903,1st Edition Holofoil,1251.5,1100.0,2100.0,2954.98,
2025-05-21,neo1-9,86903,Unlimited Holofoil,432.36,338.99,395.1,2000.0,
2025-05-21,sl-151-bundle,502000,Normal,65.41,60.0,71.0,168.99,
2025-05-21,sl-151-etb,503313,Normal,225.45,219.98,250.0,4999.99,
2025-05-21,sl-151-upc,502005,Normal,359.73,349.99,399.99,26500.0,
2025-05-21,sl-ar-box,265519,Normal,410.42,415.0,450.0,1999.99,
2025-05-21,sl-bs-box,256141,Normal,433.83,410.0,496.99,999.99,
2025-05-21,sl-cel-upc,245140,Normal,467.29,474.99,503.63,2000.0,
2025-05-21,sl-champ-etb,218791,Normal,128.81,122.0,140.0,800.0,
2025-05-21,sl-cz-etb,453470,Normal,159.18,150.0,175.0,1999.99,
2025-05-21,sl-dr-box,624679,Normal,264.23,257.49,266.44,320.0,
2025-05-21,sl-evs-box,242436,Normal,1628.53,1900.0,2000.0,10000.0,
2025-05-21,sl-evs-etb,243721,Normal,520.04,645.95,685.0,999.99,
2025-05-21,sl-fs-box,247654,Normal,744.27,819.99,975.0,1999.99,
2025-05-21,sl-hf-etb,194729,Normal,306.79,310.0,399.95,999.98,
2025-05-21,sl-jp-151,565243,Normal,163.89,162.5,172.08,399.99,
2025-05-21,sl-jp-terastal,603428,Normal,101.23,96.0,113.47,200.0,
2025-05-21,sl-jt-box,610931,Normal,216.42,216.42,244.8,600.0,
2025-05-21,sl-lo-box,277324,Normal,524.95,528.73,697.49,1500.0,
2025-05-21,sl-obf-box,501257,Normal,247.06,231.99,265.59,500.0,
2025-05-21,sl-pe-etb,593355,Normal,114.45,110.0,139.99,299.99,
2025-05-21,sl-pe-spc,622770,Normal,224.63,215.0,245.95,99999.0,
2025-05-21,sl-pf-etb,528040,Normal,138.43,134.95,147.38,209.98,
2025-05-21,sl-shf-etb,228821,Normal,85.8,75.0,91.0,499.99,
2025-05-21,sl-ss-box,565606,Normal,233.51,224.0,289.97,4999.99,
2025-05-21,sl-st-box,283389,Normal,351.54,325.99,399.99,1199.99,
2025-05-21,sl-tf-box,536225,Normal,213.38,200.0,239.5,400.0,
2025-05-21,sv2-185,497557,Normal,0.34,0.01,0.4,5.05,
2025-05-21,sv2-185,497557,Reverse Holofoil,0.91,0.2,1.06,31.03,
2025-05-21,sv2-254,497669,Holofoil,19.71,16.99,21.21,100.0,19.98
2025-05-21,sv2-269,497689,Holofoil,63.32,54.99,68.5,259.99,
2025-05-21,sv3pt5-151,516566,Holofoil,7.92,4.99,7.86,40.0,14.79
2025-05-21,sv3pt5-199,517045,Holofoil,210.11,184.99,242.46,1000.0,
2025-05-21,sv3pt5-205,517051,Holofoil,13.0,10.0,14.61,50.0,14.35
2025-05-21,sv3pt5-4,502555,Normal,0.12,0.01,0.15,30.1,
2025-05-21,sv3pt5-4,502555,Reverse Holofoil,0.21,0.07,0.25,30.19,
2025-05-21,sv3pt5-6,502558,Holofoil,4.91,3.0,5.12,30.0,5.99
2025-05-21,sv3pt5-7,502548,Normal,0.11,0.01,0.15,30.12,0.07
2025-05-21,sv3pt5-7,502548,Reverse Holofoil,0.19,0.02,0.25,4.95,
2025-05-21,sv4pt5-234,535090,Holofoil,179.86,171.0,196.29,499.98,213.93
2025-05-21,sv4pt5-54,534416,Holofoil,2.16,1.4,2.89,45.0,
2025-05-21,sv8-57,590025,Holofoil,9.24,5.0,9.25,50.0,17.98
2025-05-21,sv8pt5-149,610504,Holofoil,283.48,264.88,335.5,800.0,
2025-05-21,sv8pt5-155,610510,Holofoil,344.29,325.5,375.28,899.95,
2025-05-21,sv8pt5-156,610511,Holofoil,494.66,389.99,499.99,999.95,524.97
2025-05-21,sv8pt5-161,610516,Holofoil,1248.49,1175.0,1299.0,2165.83,
2025-05-21,sv8pt5-167,610522,Holofoil,177.81,169.71,185.28,360.68,
2025-05-21,sv8pt5-179,610534,Holofoil,56.38,49.99,67.02,270.0,
2025-05-21,sv8pt5-28,610383,Holofoil,0.95,0.45,1.5,14.0,1.18
2025-05-21,sv8pt5-47,610402,Normal,0.04,0.01,0.1,30.05,0.04
2025-05-21,sv8pt5-47,610402,Reverse Holofoil,0.08,0.01,0.12,30.08,0.08
2025-05-21,sv8pt5-59,610414,Holofoil,0.28,0.05,0.33,100.0,0.34
2025-05-21,sv8pt5-59,610414,Reverse Holofoil,0.45,0.15,0.65,25.0,0.52
2025-05-21,sv8pt5-60,610415,Holofoil,4.9,4.0,7.49,40.0,
2025-05-21,svp-085,518861,Normal,326.21,314.0,347.45,700.0,349.95
2025-05-21,swsh11-186,284137,Holofoil,537.75,458.11,590.0,1269.69,537.13
2025-05-21,swsh12-186,451834,Holofoil,271.74,264.0,295.38,699.95,264.94
2025-05-21,swsh12pt5gg-GG69,478100,Holofoil,173.47,150.0,200.0,1000.0,207.94
2025-05-21,swsh35-25,223018,Normal,0.11,0.01,0.2,1.25,
2025-05-21,swsh35-25,223018,Reverse Holofoil,0.34,0.09,0.32,2.0,
2025-05-21,swsh35-74,223073,Holofoil,181.84,163.5,219.94,1500.0,219.9
2025-05-21,swsh45sv-SV107,232496,Holofoil,113.49,95.0,127.48,445.06,112.49
2025-05-21,swsh7-204,246693,Holofoil,25.68,23.0,33.13,100.0,29.99
2025-05-21,swsh7-205,246696,Holofoil,405.77,330.0,433.93,899.95,407.99
2025-05-21,swsh7-208,246755,Holofoil,25.26,25.25,29.62,59.95,29.23
2025-05-21,swsh7-209,246756,Holofoil,289.31,275.0,349.54,799.99,336.0
2025-05-21,swsh7-211,246702,Holofoil,43.34,38.71,45.0,99.95,38.3
2025-05-21,swsh7-212,246704,Holofoil,345.08,250.0,380.85,1000.0,351.44
2025-05-21,swsh7-215,246723,Holofoil,1560.48,1215.5,1660.01,2499.95,1188.0
2025-05-21,swsh7-218,246733,Holofoil,714.29,599.0,768.48,1299.95,723.36
2025-05-21,swsh7-41,246753,Holofoil,4.01,3.0,5.14,89.0,4.78
2025-05-21,swsh7-65,246690,Holofoil,9.14,7.05,9.71,500.0,9.99
2025-05-21,swsh7-75,246701,Holofoil,10.02,7.73,10.86,50.0,11.61
2025-05-21,swsh7-8,246691,Holofoil,6.17,4.15,6.21,50.0,6.66
2025-05-21,swsh8-271,253266,Holofoil,576.59,518.93,673.0,1799.0,529.0
2025-05-21,swsh9-154,263873,Holofoil,202.39,177.0,224.5,1500.0,208.91
2025-05-22,base1-15,42355,Holofoil,121.71,70.0,115.23,300.0,80.0
2025-05-22,base1-16,42356,Holofoil,45.0,22.0,30.84,9999.0,23.96
2025-05-22,base1-2,42360,Holofoil,159.57,100.0,149.97,251.86,
2025-05-22,base1-4,42382,Holofoil,469.74,280.98,484.65,1249.99,
2025-05-22,base1-58,42402,Normal,3.17,0.49,2.15,9999.0,
2025-05-22,cel25c-4,250320,Holofoil,100.89,79.99,109.99,250.0,101.0
2025-05-22,gym2-2,83861,1st Edition Holofoil,764.5,300.0,438.24,500.0,
2025-05-22,gym2-2,83861,Unlimited Holofoil,400.79,347.99,380.04,599.0,
2025-05-22,neo1-9,86903,1st Edition Holofoil,1251.5,1100.0,2100.0,2954.98,
2025-05-22,neo1-9,86903,Unlimited Holofoil,426.97,338.99,385.35,2000.0,
2025-05-22,sl-151-bundle,502000,Normal,68.75,60.0,71.0,168.99,
2025-05-22,sl-151-etb,503313,Normal,225.47,219.98,249.99,4999.99,
2025-05-22,sl-151-upc,502005,Normal,361.13,349.99,399.99,26500.0,
2025-05-22,sl-ar-box,265519,Normal,410.42,399.99,450.0,1999.99,
2025-05-22,sl-bs-box,256141,Normal,432.71,410.0,493.5,999.99,
2025-05-22,sl-cel-upc,245140,Normal,467.29,457.0,500.16,2000.0,
2025-05-22,sl-champ-etb,218791,Normal,128.93,122.0,148.95,800.0,
2025-05-22,sl-cz-etb,453470,Normal,158.79,150.0,175.0,1999.99,
2025-05-22,sl-dr-box,624679,Normal,263.15,249.83,265.84,320.0,
2025-05-22,sl-evs-box,242436,Normal,1628.53,1900.0,2000.0,10000.0,
2025-05-22,sl-evs-etb,243721,Normal,520.04,644.99,685.0,999.99,
2025-05-22,sl-fs-box,247654,Normal,744.27,800.0,975.0,1999.99,
2025-05-22,sl-hf-etb,194729,Normal,306.79,310.0,399.97,999.98,
2025-05-22,sl-jp-151,565243,Normal,163.55,155.0,170.0,399.99,
2025-05-22,sl-jp-terastal,603428,Normal,100.96,96.0,113.31,200.0,
2025-05-22,sl-jt-box,610931,Normal,216.63,216.83,249.54,600.0,
2025-05-22,sl-lo-box,277324,Normal,528.39,528.73,699.98,1500.0,
2025-05-22,sl-obf-box,501257,Normal,246.78,231.99,260.3,500.0,
2025-05-22,sl-pe-etb,593355,Normal,116.83,110.0,139.99,299.99,
2025-05-22,sl-pe-spc,622770,Normal,224.2,219.99,244.81,99999.0,
2025-05-22,sl-pf-etb,528040,Normal,138.07,134.95,149.97,209.98,
2025-05-22,sl-shf-etb,228821,Normal,84.92,75.0,90.0,499.99,
2025-05-22,sl-ss-box,565606,Normal,224.35,219.97,285.0,4999.99,
2025-05-22,sl-st-box,283389,Normal,347.42,325.99,399.99,1199.99,
2025-05-22,sl-tf-box,536225,Normal,209.54,208.0,239.99,400.0,
2025-05-22,sv2-185,497557,Normal,0.3,0.01,0.4,5.05,
2025-05-22,sv2-185,497557,Reverse Holofoil,0.92,0.2,1.05,9.99,
2025-05-22,sv2-254,497669,Holofoil,19.22,16.99,21.21,100.0,21.49
2025-05-22,sv2-269,497689,Holofoil,63.83,54.99,68.6,259.99,64.99
2025-05-22,sv3pt5-151,516566,Holofoil,8.23,3.7,8.0,40.0,7.98
2025-05-22,sv3pt5-199,517045,Holofoil,210.87,194.0,249.19,1000.0,243.81
2025-05-22,sv3pt5-205,517051,Holofoil,12.94,10.0,14.51,50.0,15.73
2025-05-22,sv3pt5-4,502555,Normal,0.11,0.01,0.15,5.0,0.1
2025-05-22,sv3pt5-4,502555,Reverse Holofoil,0.2,0.07,0.25,4.95,
2025-05-22,sv3pt5-6,502558,Holofoil,4.71,3.0,5.12,30.0,4.0
2025-05-22,sv3pt5-7,502548,Normal,0.11,0.01,0.15,15.0,0.1
2025-05-22,sv3pt5-7,502548,Reverse Holofoil,0.22,0.02,0.25,4.95,
2025-05-22,sv4pt5-234,535090,Holofoil,179.79,170.34,195.08,499.98,171.67
2025-05-22,sv4pt5-54,534416,Holofoil,2.23,1.4,2.89,45.0,3.49
2025-05-22,sv8-57,590025,Holofoil,8.94,5.0,9.23,50.0,12.57
2025-05-22,sv8pt5-149,610504,Holofoil,283.48,264.88,334.0,800.0,
2025-05-22,sv8pt5-155,610510,Holofoil,344.29,338.24,375.28,899.95,
2025-05-22,sv8pt5-156,610511,Holofoil,491.34,385.0,499.99,999.95,524.95
2025-05-22,sv8pt5-161,610516,Holofoil,1253.83,1175.0,1298.99,2165.18,
2025-05-22,sv8pt5-167,610522,Holofoil,171.68,154.99,182.29,360.68,
2025-05-22,sv8pt5-179,610534,Holofoil,55.66,49.0,65.0,270.0,
2025-05-22,sv8pt5-28,610383,Holofoil,0.99,0.45,1.5,14.0,
2025-05-22,sv8pt5-47,610402,Normal,0.04,0.01,0.1,5.01,0.03
2025-05-22,sv8pt5-47,610402,Reverse Holofoil,0.09,0.01,0.12,4.95,0.08
2025-05-22,sv8pt5-59,610414,Holofoil,0.27,0.03,0.33,100.0,0.45
2025-05-22,sv8pt5-59,610414,Reverse Holofoil,0.45,0.15,0.64,25.0,
2025-05-22,sv8pt5-60,610415,Holofoil,5.17,3.11,7.3,40.0,
2025-05-22,svp-085,518861,Normal,325.05,314.0,349.96,700.0,349.95
2025-05-22,swsh11-186,284137,Holofoil,538.11,458.11,586.15,1269.69,532.37
2025-05-22,swsh12-186,451834,Holofoil,272.12,264.0,295.38,699.95,331.93
2025-05-22,swsh12pt5gg-GG69,478100,Holofoil,175.25,149.4,198.82,1000.0,184.98
2025-05-22,swsh35-25,223018,Normal,0.11,0.01,0.2,1.25,
2025-05-22,swsh35-25,223018,Reverse Holofoil,0.34,0.09,0.32,2.0,
2025-05-22,swsh35-74,223073,Holofoil,181.84,160.69,219.93,1500.0,219.9
2025-05-22,swsh45sv-SV107,232496,Holofoil,112.59,98.51,127.23,445.06,112.48
2025-05-22,swsh7-204,246693,Holofoil,25.68,23.0,32.99,100.0,29.99
2025-05-22,swsh7-205,246696,Holofoil,405.77,330.0,426.09,899.95,406.99
2025-05-22,swsh7-208,246755,Holofoil,25.26,25.25,29.65,59.95,29.21
2025-05-22,swsh7-209,246756,Holofoil,292.75,275.0,349.0,799.99,334.98
2025-05-22,swsh7-211,246702,Holofoil,43.34,38.71,45.0,99.95,46.53
2025-05-22,swsh7-212,246704,Holofoil,345.08,250.0,379.99,1000.0,346.43
2025-05-22,swsh7-215,246723,Holofoil,1560.48,1215.5,1660.01,2499.95,1188.0
2025-05-22,swsh7-218,246733,Holofoil,714.29,599.0,750.0,1299.95,722.0
2025-05-22,swsh7-41,246753,Holofoil,4.04,3.0,5.17,89.0,4.78
2025-05-22,swsh7-65,246690,Holofoil,9.15,7.49,9.66,500.0,9.57
2025-05-22,swsh7-75,246701,Holofoil,10.17,7.73,10.83,50.0,11.11
2025-05-22,swsh7-8,246691,Holofoil,6.18,4.08,6.2,50.0,6.65
2025-05-22,swsh8-271,253266,Holofoil,576.59,518.93,677.49,1799.0,528.99
2025-05-22,swsh9-154,263873,Holofoil,203.64,177.0,222.68,1500.0,219.95
2025-05-23,base1-15,42355,Holofoil,121.71,70.0,115.43,300.0,80.0
2025-05-23,base1-16,42356,Holofoil,45.0,22.45,31.91,9999.0,
2025-05-23,base1-2,42360,Holofoil,159.57,119.99,149.99,250.56,
2025-05-23,base1-4,42382,Holofoil,469.74,328.36,484.65,1249.99,
2025-05-23,base1-58,42402,Normal,3.01,0.49,2.24,9999.0,
2025-05-23,cel25c-4,250320,Holofoil,101.03,79.99,108.45,250.0,101.0
2025-05-23,gym2-2,83861,1st Edition Holofoil,764.5,300.0,438.24,500.0,
2025-05-23,gym2-2,83861,Unlimited Holofoil,400.79,329.55,380.04,599.0,
2025-05-23,neo1-9,86903,1st Edition Holofoil,1251.5,1099.95,2025.0,2954.98,
2025-05-23,neo1-9,86903,Unlimited Holofoil,426.97,338.99,372.67,474.7,
2025-05-23,sl-151-bundle,502000,Normal,68.22,60.0,70.99,168.99,
2025-05-23,sl-151-etb,503313,Normal,225.02,220.0,250.0,4999.99,
2025-05-23,sl-151-upc,502005,Normal,230.85,345.0,399.99,26500.0,
2025-05-23,sl-ar-box,265519,Normal,410.95,396.01,450.0,1999.99,
2025-05-23,sl-bs-box,256141,Normal,431.11,400.0,498.49,999.99,
2025-05-23,sl-cel-upc,245140,Normal,466.61,474.99,503.63,2000.0,
2025-05-23,sl-champ-etb,218791,Normal,128.93,122.0,148.97,800.0,
2025-05-23,sl-cz-etb,453470,Normal,157.79,150.0,175.0,1999.99,
2025-05-23,sl-dr-box,624679,Normal,264.37,257.99,265.84,320.0,
2025-05-23,sl-evs-box,242436,Normal,1647.13,1900.0,2000.0,10000.0,
2025-05-23,sl-evs-etb,243721,Normal,520.04,639.99,670.0,999.99,
2025-05-23,sl-fs-box,247654,Normal,744.27,744.27,974.99,1999.99,
2025-05-23,sl-hf-etb,194729,Normal,307.26,310.0,399.97,999.98,
2025-05-23,sl-jp-151,565243,Normal,163.79,160.0,174.99,399.99,
2025-05-23,sl-jp-terastal,603428,Normal,99.38,96.0,112.83,200.0,
2025-05-23,sl-jt-box,610931,Normal,217.09,217.64,249.55,600.0,
2025-05-23,sl-lo-box,277324,Normal,529.39,528.73,699.99,1500.0,
2025-05-23,sl-obf-box,501257,Normal,246.5,231.99,255.0,500.0,
2025-05-23,sl-pe-etb,593355,Normal,116.81,106.99,136.32,299.99,
2025-05-23,sl-pe-spc,622770,Normal,219.51,212.38,243.0,99999.0,
2025-05-23,sl-pf-etb,528040,Normal,139.71,134.95,149.95,209.98,
2025-05-23,sl-shf-etb,228821,Normal,84.79,75.0,93.43,499.99,
2025-05-23,sl-ss-box,565606,Normal,219.73,219.99,282.48,4999.99,
2025-05-23,sl-st-box,283389,Normal,345.42,325.99,400.0,1199.99,
2025-05-23,sl-tf-box,536225,Normal,209.14,212.22,239.99,400.0,
2025-05-23,sv2-185,497557,Normal,0.23,0.01,0.39,818.44,
2025-05-23,sv2-185,497557,Reverse Holofoil,0.88,0.2,1.07,9.99,
2025-05-23,sv2-254,497669,Holofoil,19.22,16.99,21.0,100.0,21.49
2025-05-23,sv2-269,497689,Holofoil,63.83,54.99,68.53,259.99,
2025-05-23,sv3pt5-151,516566,Holofoil,7.26,4.8,7.81,325.0,8.99
2025-05-23,sv3pt5-199,517045,Holofoil,214.14,194.0,246.84,1400.0,250.0
2025-05-23,sv3pt5-205,517051,Holofoil,13.16,10.0,14.52,84.96,15.58
2025-05-23,sv3pt5-4,502555,Normal,0.09,0.01,0.15,4.95,0.08
2025-05-23,sv3pt5-4,502555,Reverse Holofoil,0.2,0.07,0.25,4.95,
2025-05-23,sv3pt5-6,502558,Holofoil,4.68,3.0,5.06,30.0,5.0
2025-05-23,sv3pt5-7,502548,Normal,0.12,0.01,0.15,15.0,0.1
2025-05-23,sv3pt5-7,502548,Reverse Holofoil,0.2,0.02,0.25,4.95,
2025-05-23,sv4pt5-234,535090,Holofoil,179.51,170.34,194.99,499.98,171.66
2025-05-23,sv4pt5-54,534416,Holofoil,2.25,1.45,2.91,45.0,
2025-05-23,sv8-57,590025,Holofoil,8.35,5.0,9.25,50.0,12.99
2025-05-23,sv8pt5-149,610504,Holofoil,283.48,267.0,324.99,889.85,
2025-05-23,sv8pt5-155,610510,Holofoil,344.29,335.0,361.25,899.95,
2025-05-23,sv8pt5-156,610511,Holofoil,491.34,387.93,499.99,999.95,524.95
2025-05-23,sv8pt5-161,610516,Holofoil,1253.83,1175.0,1299.0,2163.19,
2025-05-23,sv8pt5-167,610522,Holofoil,171.68,152.99,180.48,360.68,
2025-05-23,sv8pt5-179,610534,Holofoil,53.49,45.5,64.35,270.0,
2025-05-23,sv8pt5-28,610383,Holofoil,0.94,0.45,1.5,75.0,
2025-05-23,sv8pt5-47,610402,Normal,0.04,0.01,0.1,5.01,0.03
2025-05-23,sv8pt5-47,610402,Reverse Holofoil,0.1,0.01,0.11,4.95,0.08
2025-05-23,sv8pt5-59,610414,Holofoil,0.27,0.01,0.33,100.0,
2025-05-23,sv8pt5-59,610414,Reverse Holofoil,0.45,0.15,0.63,25.0,
2025-05-23,sv8pt5-60,610415,Holofoil,5.55,3.11,7.11,247.5,
2025-05-23,svp-085,518861,Normal,325.05,314.0,349.95,700.0,349.95
2025-05-23,swsh11-186,284137,Holofoil,538.11,458.11,575.0,1269.69,532.36
2025-05-23,swsh12-186,451834,Holofoil,271.92,263.0,295.38,699.95,331.93
2025-05-23,swsh12pt5gg-GG69,478100,Holofoil,175.75,149.4,200.0,1000.0,184.98
2025-05-23,swsh35-25,223018,Normal,0.11,0.01,0.2,1.25,
2025-05-23,swsh35-25,223018,Reverse Holofoil,0.34,0.09,0.32,2.0,
2025-05-23,swsh35-74,223073,Holofoil,181.63,162.19,219.93,1500.0,219.85
2025-05-23,swsh45sv-SV107,232496,Holofoil,112.63,100.0,127.23,349.95,112.48
2025-05-23,swsh7-204,246693,Holofoil,25.54,23.0,32.99,100.0,27.99
2025-05-23,swsh7-205,246696,Holofoil,405.77,330.0,425.15,899.95,399.99
2025-05-23,swsh7-208,246755,Holofoil,24.95,25.25,29.81,59.95,29.21
2025-05-23,swsh7-209,246756,Holofoil,292.75,275.0,346.41,799.99,334.94
2025-05-23,swsh7-211,246702,Holofoil,43.08,38.71,45.0,99.95,46.53
2025-05-23,swsh7-212,246704,Holofoil,345.08,264.88,379.99,1000.0,346.43
2025-05-23,swsh7-215,246723,Holofoil,1560.48,1215.5,1655.51,2692.28,1188.0
2025-05-23,swsh7-218,246733,Holofoil,714.29,599.0,744.83,1299.95,721.74
2025-05-23,swsh7-41,246753,Holofoil,3.9,3.0,5.08,89.0,4.69
2025-05-23,swsh7-65,246690,Holofoil,9.03,7.5,9.71,500.0,7.95
2025-05-23,swsh7-75,246701,Holofoil,10.28,7.73,10.91,50.0,10.28
2025-05-23,swsh7-8,246691,Holofoil,6.2,4.0,6.33,50.0,6.2
2025-05-23,swsh8-271,253266,Holofoil,576.59,518.93,677.49,1799.0,525.0
2025-05-23,swsh9-154,263873,Holofoil,203.28,181.26,221.35,1500.0,219.95
2025-05-24,base1-15,42355,Holofoil,121.71,70.0,119.99,300.0,80.0
2025-05-24,base1-16,42356,Holofoil,45.0,23.4,32.46,9999.0,
2025-05-24,base1-2,42360,Holofoil,159.57,103.77,149.95,249.99,
2025-05-24,base1-4,42382,Holofoil,469.74,335.1,567.0,1249.99,
2025-05-24,base1-58,42402,Normal,2.88,0.49,2.15,9999.0,
2025-05-24,cel25c-4,250320,Holofoil,100.95,79.99,109.97,250.0,101.0
2025-05-24,gym2-2,83861,1st Edition Holofoil,764.5,300.0,438.24,500.0,
2025-05-24,gym2-2,83861,Unlimited Holofoil,400.79,329.55,380.04,599.0,
2025-05-24,neo1-9,86903,1st Edition Holofoil,1251.5,1099.95,2950.0,2954.98,
2025-05-24,neo1-9,86903,Unlimited Holofoil,426.97,338.99,385.35,474.7,
2025-05-24,sl-151-bundle,502000,Normal,67.54,59.4,70.99,168.99,
2025-05-24,sl-151-etb,503313,Normal,224.51,220.0,250.0,4999.99,
2025-05-24,sl-151-upc,502005,Normal,169.63,345.0,400.0,26500.0,
2025-05-24,sl-ar-box,265519,Normal,410.95,396.01,455.0,1999.99,
2025-05-24,sl-bs-box,256141,Normal,430.71,410.0,493.5,999.99,
2025-05-24,sl-cel-upc,245140,Normal,468.45,474.99,506.94,2000.0,
2025-05-24,sl-champ-etb,218791,Normal,128.53,122.0,148.0,800.0,
2025-05-24,sl-cz-etb,453470,Normal,158.15,150.0,184.5,1999.99,
2025-05-24,sl-dr-box,624679,Normal,264.15,254.7,265.49,320.0,
2025-05-24,sl-evs-box,242436,Normal,1680.33,1900.0,2000.0,10000.0,
2025-05-24,sl-evs-etb,243721,Normal,520.04,639.99,685.0,999.99,
2025-05-24,sl-fs-box,247654,Normal,752.68,790.0,975.0,1999.99,
2025-05-24,sl-hf-etb,194729,Normal,307.26,310.0,399.93,999.98,
2025-05-24,sl-jp-151,565243,Normal,163.35,162.5,174.99,399.99,
2025-05-24,sl-jp-terastal,603428,Normal,98.28,94.75,113.15,200.0,
2025-05-24,sl-jt-box,610931,Normal,217.25,217.64,244.56,600.0,
2025-05-24,sl-lo-box,277324,Normal,530.79,528.73,699.98,1500.0,
2025-05-24,sl-obf-box,501257,Normal,244.22,231.99,255.0,500.0,
2025-05-24,sl-pe-etb,593355,Normal,111.24,104.0,136.73,299.99,
2025-05-24,sl-pe-spc,622770,Normal,218.75,215.0,241.99,99999.0,
2025-05-24,sl-pf-etb,528040,Normal,140.23,134.95,149.47,209.98,
2025-05-24,sl-shf-etb,228821,Normal,84.69,75.0,90.0,499.99,
2025-05-24,sl-ss-box,565606,Normal,220.27,219.99,284.98,4999.99,
2025-05-24,sl-st-box,283389,Normal,339.45,342.28,399.99,1199.99,
2025-05-24,sl-tf-box,536225,Normal,209.42,207.01,243.95,400.0,
2025-05-24,sv2-185,497557,Normal,0.31,0.01,0.39,818.44,
2025-05-24,sv2-185,497557,Reverse Holofoil,0.89,0.2,1.03,9.99,
2025-05-24,sv2-254,497669,Holofoil,19.28,16.99,21.19,100.0,27.09
2025-05-24,sv2-269,497689,Holofoil,63.75,54.99,68.6,259.99,
2025-05-24,sv3pt5-151,516566,Holofoil,7.17,3.99,7.7,325.0,14.79
2025-05-24,sv3pt5-199,517045,Holofoil,213.98,191.53,249.99,1400.0,250.0
2025-05-24,sv3pt5-205,517051,Holofoil,13.96,10.0,14.75,50.0,13.8
2025-05-24,sv3pt5-4,502555,Normal,0.08,0.01,0.15,4.95,
2025-05-24,sv3pt5-4,502555,Reverse Holofoil,0.19,0.07,0.25,4.95,
2025-05-24,sv3pt5-6,502558,Holofoil,4.41,3.0,5.09,30.0,6.46
2025-05-24,sv3pt5-7,502548,Normal,0.1,0.01,0.15,15.0,
2025-05-24,sv3pt5-7,502548,Reverse Holofoil,0.21,0.02,0.25,4.95,
2025-05-24,sv4pt5-234,535090,Holofoil,179.7,170.0,194.98,499.98,171.66
2025-05-24,sv4pt5-54,534416,Holofoil,2.13,1.45,2.89,45.0,
2025-05-24,sv8-57,590025,Holofoil,8.98,5.0,9.1,50.0,8.28
2025-05-24,sv8pt5-149,610504,Holofoil,283.48,267.0,324.99,889.85,
2025-05-24,sv8pt5-155,610510,Holofoil,344.29,334.99,361.25,899.95,
2025-05-24,sv8pt5-156,610511,Holofoil,491.34,387.93,497.33,999.95,524.0
2025-05-24,sv8pt5-161,610516,Holofoil,1253.83,1175.0,1299.0,2157.19,
2025-05-24,sv8pt5-167,610522,Holofoil,170.6,150.0,178.0,360.68,
2025-05-24,sv8pt5-179,610534,Holofoil,53.39,41.72,63.34,270.0,
2025-05-24,sv8pt5-28,610383,Holofoil,0.81,0.45,1.5,75.0,
2025-05-24,sv8pt5-47,610402,Normal,0.04,0.01,0.1,5.01,0.03
2025-05-24,sv8pt5-47,610402,Reverse Holofoil,0.11,0.01,0.12,4.95,0.08
2025-05-24,sv8pt5-59,610414,Holofoil,0.25,0.01,0.32,100.0,
2025-05-24,sv8pt5-59,610414,Reverse Holofoil,0.4,0.15,0.62,25.0,
2025-05-24,sv8pt5-60,610415,Holofoil,5.3,4.0,7.0,247.5,
2025-05-24,svp-085,518861,Normal,325.05,314.0,344.95,700.0,349.95
2025-05-24,swsh11-186,284137,Holofoil,538.88,458.11,590.54,1269.69,533.49
2025-05-24,swsh12-186,451834,Holofoil,271.92,262.5,294.95,699.95,331.93
2025-05-24,swsh12pt5gg-GG69,478100,Holofoil,176.7,149.9,200.0,1000.0,184.99
2025-05-24,swsh35-25,223018,Normal,0.12,0.01,0.2,1.25,
2025-05-24,swsh35-25,223018,Reverse Holofoil,0.32,0.09,0.32,2.0,
2025-05-24,swsh35-74,223073,Holofoil,180.03,162.19,219.94,1500.0,219.85
2025-05-24,swsh45sv-SV107,232496,Holofoil,111.93,100.0,127.24,349.95,105.97
2025-05-24,swsh7-204,246693,Holofoil,25.56,23.0,34.02,100.0,27.99
2025-05-24,swsh7-205,246696,Holofoil,398.58,330.0,432.46,899.95,399.99
2025-05-24,swsh7-208,246755,Holofoil,24.95,24.95,29.97,59.95,29.21
2025-05-24,swsh7-209,246756,Holofoil,292.75,275.0,344.17,799.99,334.94
2025-05-24,swsh7-211,246702,Holofoil,43.08,38.71,45.0,99.95,46.53
2025-05-24,swsh7-212,246704,Holofoil,345.08,264.88,377.13,1000.0,346.0
2025-05-24,swsh7-215,246723,Holofoil,1560.48,1102.29,1655.51,2684.77,1184.98
2025-05-24,swsh7-218,246733,Holofoil,714.29,599.99,750.0,1299.95,719.95
2025-05-24,swsh7-41,246753,Holofoil,3.99,3.0,5.07,89.0,4.4
2025-05-24,swsh7-65,246690,Holofoil,9.06,7.5,9.78,500.0,9.89
2025-05-24,swsh7-75,246701,Holofoil,10.51,7.73,10.86,32.99,11.19
2025-05-24,swsh7-8,246691,Holofoil,6.4,4.0,6.32,24.99,6.65
2025-05-24,swsh8-271,253266,Holofoil,576.59,518.93,669.98,1250.0,525.0
2025-05-24,swsh9-154,263873,Holofoil,203.28,181.26,223.68,1500.0,219.95
2025-05-25,base1-15,42355,Holofoil,121.53,70.0,119.99,300.0,80.0
2025-05-25,base1-16,42356,Holofoil,45.0,23.4,31.91,9999.0,
2025-05-25,base1-2,42360,Holofoil,159.57,115.0,149.99,249.99,
2025-05-25,base1-4,42382,Holofoil,469.74,345.0,634.0,1249.99,
2025-05-25,base1-58,42402,Normal,2.92,0.49,2.01,9999.0,
2025-05-25,cel25c-4,250320,Holofoil,100.96,79.99,109.99,250.0,101.0
2025-05-25,gym2-2,83861,1st Edition Holofoil,671.6,300.0,438.24,500.0,
2025-05-25,gym2-2,83861,Unlimited Holofoil,400.79,347.99,389.99,599.0,
2025-05-25,neo1-9,86903,1st Edition Holofoil,1251.5,1099.95,2950.0,2954.98,
2025-05-25,neo1-9,86903,Unlimited Holofoil,426.97,338.99,372.67,474.7,
2025-05-25,sl-151-bundle,502000,Normal,68.51,62.0,70.99,168.99,
2025-05-25,sl-151-etb,503313,Normal,225.71,220.0,250.0,4999.99,
2025-05-25,sl-151-upc,502005,Normal,228.35,350.0,400.0,26500.0,
2025-05-25,sl-ar-box,265519,Normal,410.95,396.01,455.0,1999.99,
2025-05-25,sl-bs-box,256141,Normal,430.71,410.0,490.0,999.99,
2025-05-25,sl-cel-upc,245140,Normal,468.85,474.99,506.94,2000.0,
2025-05-25,sl-champ-etb,218791,Normal,128.13,112.99,148.0,800.0,
2025-05-25,sl-cz-etb,453470,Normal,158.31,150.0,177.5,1999.99,
2025-05-25,sl-dr-box,624679,Normal,262.9,253.92,264.88,376.19,
2025-05-25,sl-evs-box,242436,Normal,1680.33,1900.0,2000.0,10000.0,
2025-05-25,sl-evs-etb,243721,Normal,520.04,639.99,685.0,999.99,
2025-05-25,sl-fs-box,247654,Normal,767.72,800.0,974.99,1999.99,
2025-05-25,sl-hf-etb,194729,Normal,307.26,295.0,399.94,999.98,
2025-05-25,sl-jp-151,565243,Normal,163.09,162.5,174.99,399.99,
2025-05-25,sl-jp-terastal,603428,Normal,98.28,94.75,113.31,200.0,
2025-05-25,sl-jt-box,610931,Normal,217.08,214.75,244.9,600.0,
2025-05-25,sl-lo-box,277324,Normal,534.53,528.73,699.99,1500.0,
2025-05-25,sl-obf-box,501257,Normal,244.3,230.0,255.0,500.0,
2025-05-25,sl-pe-etb,593355,Normal,110.53,99.99,135.85,299.99,
2025-05-25,sl-pe-spc,622770,Normal,219.47,215.0,243.0,99999.0,
2025-05-25,sl-pf-etb,528040,Normal,140.0,134.99,149.97,209.98,
2025-05-25,sl-shf-etb,228821,Normal,85.73,75.0,93.43,499.99,
2025-05-25,sl-ss-box,565606,Normal,227.11,220.0,280.0,4999.99,
2025-05-25,sl-st-box,283389,Normal,340.26,342.28,400.0,1199.99,
2025-05-25,sl-tf-box,536225,Normal,209.74,199.0,248.93,400.0,
2025-05-25,sv2-185,497557,Normal,0.32,0.01,0.39,818.44,
2025-05-25,sv2-185,497557,Reverse Holofoil,0.87,0.2,1.03,9.99,
2025-05-25,sv2-254,497669,Holofoil,21.58,16.99,21.55,100.0,33.98
2025-05-25,sv2-269,497689,Holofoil,63.94,54.99,68.66,259.99,
2025-05-25,sv3pt5-151,516566,Holofoil,6.38,4.75,7.67,325.0,10.17
2025-05-25,sv3pt5-199,517045,Holofoil,208.0,188.99,249.45,1400.0,244.99
2025-05-25,sv3pt5-205,517051,Holofoil,14.25,10.0,14.77,50.0,17.38
2025-05-25,sv3pt5-4,502555,Normal,0.08,0.01,0.15,4.95,
2025-05-25,sv3pt5-4,502555,Reverse Holofoil,0.19,0.07,0.25,4.95,
2025-05-25,sv3pt5-6,502558,Holofoil,4.12,3.0,5.0,30.0,
2025-05-25,sv3pt5-7,502548,Normal,0.09,0.01,0.15,15.0,
2025-05-25,sv3pt5-7,502548,Reverse Holofoil,0.21,0.02,0.25,4.95,
2025-05-25,sv4pt5-234,535090,Holofoil,179.25,164.01,192.43,499.98,171.66
2025-05-25,sv4pt5-54,534416,Holofoil,2.78,1.75,2.87,45.0,
2025-05-25,sv8-57,590025,Holofoil,9.12,5.3,9.0,50.0,16.99
2025-05-25,sv8pt5-149,610504,Holofoil,283.48,267.0,329.5,889.85,
2025-05-25,sv8pt5-155,610510,Holofoil,343.01,334.99,368.65,899.95,
2025-05-25,sv8pt5-156,610511,Holofoil,491.34,380.0,499.99,999.95,523.99
2025-05-25,sv8pt5-161,610516,Holofoil,1253.83,1175.0,1299.5,2153.63,
2025-05-25,sv8pt5-167,610522,Holofoil,170.6,150.0,178.04,360.68,
2025-05-25,sv8pt5-179,610534,Holofoil,53.06,44.63,64.99,270.0,
2025-05-25,sv8pt5-28,610383,Holofoil,0.82,0.45,1.5,75.0,
2025-05-25,sv8pt5-47,610402,Normal,0.04,0.01,0.1,5.01,0.03
2025-05-25,sv8pt5-47,610402,Reverse Holofoil,0.11,0.01,0.12,4.95,0.07
2025-05-25,sv8pt5-59,610414,Holofoil,0.2,0.01,0.32,100.0,
2025-05-25,sv8pt5-59,610414,Reverse Holofoil,0.42,0.15,0.6,25.0,
2025-05-25,sv8pt5-60,610415,Holofoil,5.3,4.0,7.0,247.5,
2025-05-25,svp-085,518861,Normal,324.81,314.0,349.95,700.0,349.95
2025-05-25,swsh11-186,284137,Holofoil,543.6,458.11,595.0,1269.69,533.49
2025-05-25,swsh12-186,451834,Holofoil,271.52,259.99,294.61,699.95,331.93
2025-05-25,swsh12pt5gg-GG69,478100,Holofoil,176.91,149.9,200.0,1000.0,207.49
2025-05-25,swsh35-25,223018,Normal,0.12,0.01,0.2,1.25,
2025-05-25,swsh35-25,223018,Reverse Holofoil,0.32,0.09,0.32,2.0,
2025-05-25,swsh35-74,223073,Holofoil,180.03,162.19,220.27,1500.0,219.85
2025-05-25,swsh45sv-SV107,232496,Holofoil,111.93,104.43,127.24,349.95,105.98
2025-05-25,swsh7-204,246693,Holofoil,25.62,23.0,34.75,100.0,34.97
2025-05-25,swsh7-205,246696,Holofoil,398.58,330.0,432.48,899.95,399.99
2025-05-25,swsh7-208,246755,Holofoil,24.95,24.95,29.24,59.95,29.19
2025-05-25,swsh7-209,246756,Holofoil,292.75,275.0,344.51,799.99,325.0
2025-05-25,swsh7-211,246702,Holofoil,43.16,39.0,45.0,99.95,47.46
2025-05-25,swsh7-212,246704,Holofoil,345.08,264.88,375.0,1000.0,319.99
2025-05-25,swsh7-215,246723,Holofoil,1560.48,1102.29,1650.24,2680.34,1149.0
2025-05-25,swsh7-218,246733,Holofoil,714.29,599.99,744.83,1299.95,699.99
2025-05-25,swsh7-41,246753,Holofoil,3.96,3.0,5.06,89.0,4.78
2025-05-25,swsh7-65,246690,Holofoil,9.02,7.5,9.88,500.0,10.52
2025-05-25,swsh7-75,246701,Holofoil,10.69,7.73,10.89,32.99,11.0
2025-05-25,swsh7-8,246691,Holofoil,5.94,4.0,6.32,24.99,6.65
2025-05-25,swsh8-271,253266,Holofoil,576.59,518.93,669.0,1250.0,525.0
2025-05-25,swsh9-154,263873,Holofoil,204.13,181.26,226.0,1500.0,219.95
2025-05-26,base1-15,42355,Holofoil,121.53,75.0,124.37,300.0,114.87
2025-05-26,base1-16,42356,Holofoil,45.0,23.64,35.61,9999.0,
2025-05-26,base1-2,42360,Holofoil,159.57,108.76,149.99,249.99,
2025-05-26,base1-4,42382,Holofoil,475.08,400.0,667.0,1249.99,
2025-05-26,base1-58,42402,Normal,2.74,0.49,2.01,9999.0,
2025-05-26,cel25c-4,250320,Holofoil,101.08,96.0,109.95,250.0,104.85
2025-05-26,gym2-2,83861,1st Edition Holofoil,671.6,300.0,438.24,500.0,
2025-05-26,gym2-2,83861,Unlimited Holofoil,400.79,347.99,389.99,599.0,
2025-05-26,neo1-9,86903,1st Edition Holofoil,1251.5,1099.95,2950.0,2954.98,
2025-05-26,neo1-9,86903,Unlimited Holofoil,426.97,285.32,359.99,474.7,
2025-05-26,sl-151-bundle,502000,Normal,67.59,60.99,71.0,168.99,
2025-05-26,sl-151-etb,503313,Normal,225.71,220.0,250.0,4999.99,
2025-05-26,sl-151-upc,502005,Normal,278.83,365.0,400.0,26500.0,
2025-05-26,sl-ar-box,265519,Normal,410.95,390.0,450.0,1999.99,
2025-05-26,sl-bs-box,256141,Normal,430.43,410.0,493.5,999.99,
2025-05-26,sl-cel-upc,245140,Normal,470.57,479.0,525.0,2000.0,
2025-05-26,sl-champ-etb,218791,Normal,127.94,112.99,148.48,800.0,
2025-05-26,sl-cz-etb,453470,Normal,158.03,150.0,179.99,1999.99,
2025-05-26,sl-dr-box,624679,Normal,261.74,260.0,264.88,376.19,
2025-05-26,sl-evs-box,242436,Normal,1680.33,1650.0,2000.0,10000.0,
2025-05-26,sl-evs-etb,243721,Normal,520.04,639.99,670.0,999.99,
2025-05-26,sl-fs-box,247654,Normal,767.72,795.0,975.0,1999.99,
2025-05-26,sl-hf-etb,194729,Normal,307.06,295.0,399.93,999.98,
2025-05-26,sl-jp-151,565243,Normal,163.1,162.5,174.99,399.99,
2025-05-26,sl-jp-terastal,603428,Normal,97.73,94.75,113.73,200.0,
2025-05-26,sl-jt-box,610931,Normal,217.85,214.75,242.49,600.0,
2025-05-26,sl-lo-box,277324,Normal,534.53,526.0,699.97,1500.0,
2025-05-26,sl-obf-box,501257,Normal,243.87,230.0,265.59,500.0,
2025-05-26,sl-pe-etb,593355,Normal,113.2,106.99,137.92,299.99,
2025-05-26,sl-pe-spc,622770,Normal,218.91,214.99,245.0,99999.0,
2025-05-26,sl-pf-etb,528040,Normal,140.83,135.0,149.99,209.98,
2025-05-26,sl-shf-etb,228821,Normal,86.96,75.0,90.0,499.99,
2025-05-26,sl-ss-box,565606,Normal,229.27,220.0,279.99,4999.99,
2025-05-26,sl-st-box,283389,Normal,339.18,342.28,400.0,1199.99,
2025-05-26,sl-tf-box,536225,Normal,209.74,199.0,248.93,400.0,
2025-05-26,sv2-185,497557,Normal,0.3,0.01,0.4,818.44,
2025-05-26,sv2-185,497557,Reverse Holofoil,0.79,0.2,1.0,9.99,
2025-05-26,sv2-254,497669,Holofoil,21.94,16.99,22.16,100.0,22.19
2025-05-26,sv2-269,497689,Holofoil,63.91,54.99,68.53,259.99,
2025-05-26,sv3pt5-151,516566,Holofoil,7.76,4.61,7.68,325.0,14.64
2025-05-26,sv3pt5-199,517045,Holofoil,207.53,190.0,245.37,1400.0,244.99
2025-05-26,sv3pt5-205,517051,Holofoil,14.56,10.0,14.73,50.0,16.26
2025-05-26,sv3pt5-4,502555,Normal,0.11,0.01,0.15,4.95,
2025-05-26,sv3pt5-4,502555,Reverse Holofoil,0.19,0.07,0.25,4.95,
2025-05-26,sv3pt5-6,502558,Holofoil,4.04,3.25,5.0,30.0,
2025-05-26,sv3pt5-7,502548,Normal,0.08,0.01,0.15,15.0,
2025-05-26,sv3pt5-7,502548,Reverse Holofoil,0.22,0.02,0.25,4.95,
2025-05-26,sv4pt5-234,535090,Holofoil,180.15,161.01,190.57,499.98,163.01
2025-05-26,sv4pt5-54,534416,Holofoil,2.89,1.5,2.9,45.0,
2025-05-26,sv8-57,590025,Holofoil,7.73,5.3,9.0,50.0,10.14
2025-05-26,sv8pt5-149,610504,Holofoil,283.48,274.99,324.99,889.85,
2025-05-26,sv8pt5-155,610510,Holofoil,341.41,329.3,379.98,899.95,
2025-05-26,sv8pt5-156,610511,Holofoil,491.34,380.0,495.99,999.95,495.99
2025-05-26,sv8pt5-161,610516,Holofoil,1253.83,1175.0,1299.99,2139.16,
2025-05-26,sv8pt5-167,610522,Holofoil,169.92,145.0,177.81,360.68,
2025-05-26,sv8pt5-179,610534,Holofoil,51.67,42.99,61.0,270.0,
2025-05-26,sv8pt5-28,610383,Holofoil,0.83,0.3,1.5,75.0,
2025-05-26,sv8pt5-47,610402,Normal,0.06,0.01,0.1,5.01,0.03
2025-05-26,sv8pt5-47,610402,Reverse Holofoil,0.12,0.01,0.12,4.95,0.07
2025-05-26,sv8pt5-59,610414,Holofoil,0.34,0.01,0.33,100.0,
2025-05-26,sv8pt5-59,610414,Reverse Holofoil,0.46,0.15,0.6,25.0,
2025-05-26,sv8pt5-60,610415,Holofoil,5.42,4.0,7.0,247.5,
2025-05-26,svp-085,518861,Normal,324.81,320.0,349.98,700.0,349.95
2025-05-26,swsh11-186,284137,Holofoil,543.96,458.11,593.96,1269.69,533.49
2025-05-26,swsh12-186,451834,Holofoil,271.52,259.35,295.38,699.95,331.93
2025-05-26,swsh12pt5gg-GG69,478100,Holofoil,175.6,149.9,200.0,1000.0,207.48
2025-05-26,swsh35-25,223018,Normal,0.12,0.01,0.2,1.25,
2025-05-26,swsh35-25,223018,Reverse Holofoil,0.32,0.09,0.32,2.0,
2025-05-26,swsh35-74,223073,Holofoil,180.03,162.19,219.92,1500.0,219.83
2025-05-26,swsh45sv-SV107,232496,Holofoil,111.75,103.99,125.23,349.95,105.98
2025-05-26,swsh7-204,246693,Holofoil,25.62,23.0,34.86,100.0,34.97
2025-05-26,swsh7-205,246696,Holofoil,398.58,330.0,432.48,899.95,399.99
2025-05-26,swsh7-208,246755,Holofoil,24.95,24.95,29.23,59.95,29.19
2025-05-26,swsh7-209,246756,Holofoil,292.75,275.0,339.79,799.99,318.99
2025-05-26,swsh7-211,246702,Holofoil,43.07,39.0,46.64,99.95,46.52
2025-05-26,swsh7-212,246704,Holofoil,345.08,264.88,375.0,1000.0,319.99
2025-05-26,swsh7-215,246723,Holofoil,1560.48,1102.29,1650.0,2499.95,1101.0
2025-05-26,swsh7-218,246733,Holofoil,714.29,599.99,744.83,1299.95,689.99
2025-05-26,swsh7-41,246753,Holofoil,4.02,3.0,5.25,89.0,5.0
2025-05-26,swsh7-65,246690,Holofoil,9.21,7.5,9.79,500.0,11.95
2025-05-26,swsh7-75,246701,Holofoil,10.95,7.73,10.9,36.0,11.61
2025-05-26,swsh7-8,246691,Holofoil,6.07,4.0,6.2,24.99,6.66
2025-05-26,swsh8-271,253266,Holofoil,576.59,518.93,668.97,1250.0,525.0
2025-05-26,swsh9-154,263873,Holofoil,204.13,181.26,225.27,1500.0,219.95
2025-05-27,base1-15,42355,Holofoil,123.89,75.0,118.8,300.0,114.75
2025-05-27,base1-16,42356,Holofoil,45.21,22.1,33.0,9999.0,
2025-05-27,base1-2,42360,Holofoil,163.3,81.21,119.99,253.53,
2025-05-27,base1-4,42382,Holofoil,480.04,400.0,634.0,1249.99,
2025-05-27,base1-58,42402,Normal,3.03,0.4,2.01,9999.0,
2025-05-27,cel25c-4,250320,Holofoil,101.08,96.1,109.8,250.0,104.85
2025-05-27,gym2-2,83861,1st Edition Holofoil,671.6,300.0,438.24,500.0,
2025-05-27,gym2-2,83861,Unlimited Holofoil,400.79,347.99,434.99,599.0,
2025-05-27,neo1-9,86903,1st Edition Holofoil,1251.5,1350.0,2950.0,2954.98,
2025-05-27,neo1-9,86903,Unlimited Holofoil,426.97,285.32,359.99,474.7,
2025-05-27,sl-151-bundle,502000,Normal,67.66,60.0,71.0,230.0,
2025-05-27,sl-151-etb,503313,Normal,226.69,220.0,250.0,4999.99,
2025-05-27,sl-151-upc,502005,Normal,353.63,350.0,400.0,26500.0,
2025-05-27,sl-ar-box,265519,Normal,410.95,380.0,460.0,1999.99,
2025-05-27,sl-bs-box,256141,Normal,428.55,410.0,499.99,999.99,
2025-05-27,sl-cel-upc,245140,Normal,470.57,479.0,506.94,2000.0,
2025-05-27,sl-champ-etb,218791,Normal,127.94,112.99,148.48,800.0,
2025-05-27,sl-cz-etb,453470,Normal,157.03,155.96,184.99,1999.99,
2025-05-27,sl-dr-box,624679,Normal,259.58,260.0,265.22,376.19,
2025-05-27,sl-evs-box,242436,Normal,1690.33,1825.0,2000.0,10000.0,
2025-05-27,sl-evs-etb,243721,Normal,520.04,639.99,670.0,999.99,
2025-05-27,sl-fs-box,247654,Normal,773.52,785.0,975.0,1999.99,
2025-05-27,sl-hf-etb,194729,Normal,306.66,310.0,399.97,999.98,
2025-05-27,sl-jp-151,565243,Normal,163.04,160.98,173.99,399.99,
2025-05-27,sl-jp-terastal,603428,Normal,97.63,94.26,113.73,200.0,
2025-05-27,sl-jt-box,610931,Normal,216.33,214.75,237.8,600.0,
2025-05-27,sl-lo-box,277324,Normal,534.53,526.0,699.96,1500.0,
2025-05-27,sl-obf-box,501257,Normal,243.55,230.0,265.59,500.0,
2025-05-27,sl-pe-etb,593355,Normal,116.06,109.82,137.96,299.99,
2025-05-27,sl-pe-spc,622770,Normal,219.34,214.31,245.0,99999.0,
2025-05-27,sl-pf-etb,528040,Normal,140.69,139.0,152.24,209.98,
2025-05-27,sl-shf-etb,228821,Normal,87.88,75.0,90.82,499.99,
2025-05-27,sl-ss-box,565606,Normal,227.16,219.0,280.0,4999.99,
2025-05-27,sl-st-box,283389,Normal,338.43,342.28,400.0,1199.99,
2025-05-27,sl-tf-box,536225,Normal,209.5,198.99,247.9,400.0,
2025-05-27,sv2-185,497557,Normal,0.37,0.01,0.4,5.19,
2025-05-27,sv2-185,497557,Reverse Holofoil,0.77,0.2,1.0,9.99,
2025-05-27,sv2-254,497669,Holofoil,22.11,16.99,22.11,100.0,19.98
2025-05-27,sv2-269,497689,Holofoil,63.78,53.0,68.0,259.99,
2025-05-27,sv3pt5-151,516566,Holofoil,8.01,4.99,7.53,40.0,9.03
2025-05-27,sv3pt5-199,517045,Holofoil,205.47,188.99,242.85,1400.0,
2025-05-27,sv3pt5-205,517051,Holofoil,13.6,10.0,14.59,50.0,17.38
2025-05-27,sv3pt5-4,502555,Normal,0.11,0.01,0.15,4.95,
2025-05-27,sv3pt5-4,502555,Reverse Holofoil,0.17,0.07,0.25,4.95,
2025-05-27,sv3pt5-6,502558,Holofoil,4.4,3.25,5.0,30.0,
2025-05-27,sv3pt5-7,502548,Normal,0.09,0.01,0.15,15.0,
2025-05-27,sv3pt5-7,502548,Reverse Holofoil,0.22,0.02,0.25,4.95,
2025-05-27,sv4pt5-234,535090,Holofoil,179.73,158.19,189.99,499.98,189.98
2025-05-27,sv4pt5-54,534416,Holofoil,2.42,1.5,2.9,45.0,
2025-05-27,sv8-57,590025,Holofoil,7.66,5.3,8.99,50.0,10.63
2025-05-27,sv8pt5-149,610504,Holofoil,283.48,260.0,312.5,800.0,
2025-05-27,sv8pt5-155,610510,Holofoil,341.41,325.99,357.75,899.95,
2025-05-27,sv8pt5-156,610511,Holofoil,488.04,380.0,496.0,999.95,488.04
2025-05-27,sv8pt5-161,610516,Holofoil,1245.53,1178.99,1298.99,2125.01,
2025-05-27,sv8pt5-167,610522,Holofoil,169.92,150.0,177.61,360.68,
2025-05-27,sv8pt5-179,610534,Holofoil,48.86,43.68,60.0,270.0,
2025-05-27,sv8pt5-28,610383,Holofoil,0.77,0.38,1.5,14.0,
2025-05-27,sv8pt5-47,610402,Normal,0.06,0.01,0.1,5.01,0.04
2025-05-27,sv8pt5-47,610402,Reverse Holofoil,0.13,0.01,0.13,4.95,0.07
2025-05-27,sv8pt5-59,610414,Holofoil,0.33,0.01,0.34,100.0,
2025-05-27,sv8pt5-59,610414,Reverse Holofoil,0.46,0.15,0.58,25.0,
2025-05-27,sv8pt5-60,610415,Holofoil,5.52,4.0,7.13,40.0,
2025-05-27,svp-085,518861,Normal,324.94,320.0,349.99,700.0,349.95
2025-05-27,swsh11-186,284137,Holofoil,543.72,458.11,592.65,1269.69,533.49
2025-05-27,swsh12-186,451834,Holofoil,272.11,255.86,294.46,699.95,294.65
2025-05-27,swsh12pt5gg-GG69,478100,Holofoil,175.6,152.9,200.0,500.0,207.44
2025-05-27,swsh35-25,223018,Normal,0.12,0.01,0.2,1.25,
2025-05-27,swsh35-25,223018,Reverse Holofoil,0.32,0.09,0.32,2.0,
2025-05-27,swsh35-74,223073,Holofoil,180.03,162.19,219.85,1500.0,219.83
2025-05-27,swsh45sv-SV107,232496,Holofoil,111.32,103.49,124.62,349.95,109.14
2025-05-27,swsh7-204,246693,Holofoil,25.62,23.0,34.75,100.0,34.97
2025-05-27,swsh7-205,246696,Holofoil,398.58,330.0,432.48,899.95,399.98
2025-05-27,swsh7-208,246755,Holofoil,24.95,24.95,29.2,59.95,29.18
2025-05-27,swsh7-209,246756,Holofoil,292.75,275.0,340.13,799.99,317.96
2025-05-27,swsh7-211,246702,Holofoil,43.21,38.01,45.88,99.95,47.46
2025-05-27,swsh7-212,246704,Holofoil,345.08,264.88,375.0,1000.0,314.98
2025-05-27,swsh7-215,246723,Holofoil,1560.48,1102.29,1650.24,2499.95,1101.0
2025-05-27,swsh7-218,246733,Holofoil,714.29,599.02,725.0,1299.95,684.98
2025-05-27,swsh7-41,246753,Holofoil,4.41,3.0,5.25,89.0,5.95
2025-05-27,swsh7-65,246690,Holofoil,9.37,6.82,9.85,500.0,11.95
2025-05-27,swsh7-75,246701,Holofoil,10.82,7.73,10.95,50.0,11.61
2025-05-27,swsh7-8,246691,Holofoil,6.12,4.0,6.25,50.0,6.25
2025-05-27,swsh8-271,253266,Holofoil,576.59,518.93,669.0,1250.0,525.0
2025-05-27,swsh9-154,263873,Holofoil,204.13,180.95,226.0,1500.0,219.95
2025-05-28,base1-15,42355,Holofoil,123.89,75.0,121.99,300.0,
2025-05-28,base1-16,42356,Holofoil,45.17,21.6,33.0,9999.0,
2025-05-28,base1-2,42360,Holofoil,162.63,81.21,115.33,252.45,
2025-05-28,base1-4,42382,Holofoil,494.04,400.0,499.99,1249.99,
2025-05-28,base1-58,42402,Normal,3.1,0.4,2.11,9999.0,
2025-05-28,cel25c-4,250320,Holofoil,101.08,85.69,106.72,250.0,104.85
2025-05-28,gym2-2,83861,1st Edition Holofoil,671.6,300.0,438.24,500.0,
2025-05-28,gym2-2,83861,Unlimited Holofoil,400.79,347.99,434.99,599.0,
2025-05-28,neo1-9,86903,1st Edition Holofoil,1251.5,1350.0,2950.0,2954.98,
2025-05-28,neo1-9,86903,Unlimited Holofoil,426.97,285.32,354.99,474.7,
2025-05-28,sl-151-bundle,502000,Normal,67.0,60.0,71.25,230.0,
2025-05-28,sl-151-etb,503313,Normal,227.14,220.0,250.0,4999.99,
2025-05-28,sl-151-upc,502005,Normal,355.68,350.0,400.0,26500.0,
2025-05-28,sl-ar-box,265519,Normal,413.6,374.99,460.0,1999.99,
2025-05-28,sl-bs-box,256141,Normal,427.19,427.0,499.99,999.99,
2025-05-28,sl-cel-upc,245140,Normal,467.77,464.95,500.16,2000.0,
2025-05-28,sl-champ-etb,218791,Normal,127.94,112.99,148.0,800.0,
2025-05-28,sl-cz-etb,453470,Normal,156.51,155.96,184.99,1999.99,
2025-05-28,sl-dr-box,624679,Normal,258.8,250.0,262.94,376.19,
2025-05-28,sl-evs-box,242436,Normal,1734.73,1825.0,2000.0,10000.0,
2025-05-28,sl-evs-etb,243721,Normal,520.04,639.99,670.0,999.99,
2025-05-28,sl-fs-box,247654,Normal,783.12,785.0,975.0,1999.99,
2025-05-28,sl-hf-etb,194729,Normal,306.66,310.0,399.97,999.98,
2025-05-28,sl-jp-151,565243,Normal,163.02,160.98,174.99,399.99,
2025-05-28,sl-jp-terastal,603428,Normal,97.14,93.49,113.73,200.0,
2025-05-28,sl-jt-box,610931,Normal,216.21,209.99,237.8,600.0,
2025-05-28,sl-lo-box,277324,Normal,534.13,522.99,697.48,1500.0,
2025-05-28,sl-obf-box,501257,Normal,243.55,226.0,257.5,500.0,
2025-05-28,sl-pe-etb,593355,Normal,113.86,102.0,137.99,299.99,
2025-05-28,sl-pe-spc,622770,Normal,223.65,210.0,244.65,99999.0,
2025-05-28,sl-pf-etb,528040,Normal,140.69,135.0,149.99,209.98,
2025-05-28,sl-shf-etb,228821,Normal,87.58,75.0,90.98,499.99,
2025-05-28,sl-ss-box,565606,Normal,224.68,221.94,279.99,4999.99,
2025-05-28,sl-st-box,283389,Normal,338.38,349.99,400.0,1199.99,
2025-05-28,sl-tf-box,536225,Normal,210.96,208.0,245.01,400.0,
2025-05-28,sv2-185,497557,Normal,0.32,0.01,0.4,5.19,
2025-05-28,sv2-185,497557,Reverse Holofoil,0.68,0.2,1.0,9.99,
2025-05-28,sv2-254,497669,Holofoil,21.68,16.99,22.0,100.0,22.15
2025-05-28,sv2-269,497689,Holofoil,62.94,54.99,67.32,259.99,
2025-05-28,sv3pt5-151,516566,Holofoil,6.1,4.99,7.69,40.0,
2025-05-28,sv3pt5-199,517045,Holofoil,204.54,184.99,240.98,1400.0,
2025-05-28,sv3pt5-205,517051,Holofoil,12.75,10.0,14.19,50.0,17.48
2025-05-28,sv3pt5-4,502555,Normal,0.11,0.01,0.15,4.95,
2025-05-28,sv3pt5-4,502555,Reverse Holofoil,0.17,0.07,0.25,4.95,
2025-05-28,sv3pt5-6,502558,Holofoil,3.96,3.25,5.0,30.0,
2025-05-28,sv3pt5-7,502548,Normal,0.11,0.01,0.15,15.0,
2025-05-28,sv3pt5-7,502548,Reverse Holofoil,0.21,0.02,0.24,4.95,
2025-05-28,sv4pt5-234,535090,Holofoil,179.83,158.19,188.82,499.98,179.8
2025-05-28,sv4pt5-54,534416,Holofoil,2.15,1.5,2.91,45.0,
2025-05-28,sv8-57,590025,Holofoil,7.65,5.0,8.99,50.0,
2025-05-28,sv8pt5-149,610504,Holofoil,276.49,260.0,320.0,800.0,
2025-05-28,sv8pt5-155,610510,Holofoil,343.23,325.99,355.77,899.95,
2025-05-28,sv8pt5-156,610511,Holofoil,488.04,380.0,491.3,999.95,475.99
2025-05-28,sv8pt5-161,610516,Holofoil,1245.53,1099.99,1271.55,2124.36,
2025-05-28,sv8pt5-167,610522,Holofoil,169.92,150.0,177.09,360.68,
2025-05-28,sv8pt5-179,610534,Holofoil,47.61,43.67,60.0,270.0,
2025-05-28,sv8pt5-28,610383,Holofoil,0.77,0.38,1.5,14.0,
2025-05-28,sv8pt5-47,610402,Normal,0.06,0.01,0.1,5.01,0.04
2025-05-28,sv8pt5-47,610402,Reverse Holofoil,0.14,0.01,0.13,4.95,0.07
2025-05-28,sv8pt5-59,610414,Holofoil,0.42,0.01,0.35,100.0,
2025-05-28,sv8pt5-59,610414,Reverse Holofoil,0.46,0.15,0.57,25.0,
2025-05-28,sv8pt5-60,610415,Holofoil,5.23,4.0,7.29,40.0,
2025-05-28,svp-085,518861,Normal,324.94,319.99,349.98,700.0,349.95
2025-05-28,swsh11-186,284137,Holofoil,543.12,458.11,591.2,1269.69,533.49
2025-05-28,swsh12-186,451834,Holofoil,271.32,255.86,294.3,699.95,294.3
2025-05-28,swsh12pt5gg-GG69,478100,Holofoil,173.62,150.89,200.0,500.0,204.99
2025-05-28,swsh35-25,223018,Normal,0.12,0.01,0.2,1.25,
2025-05-28,swsh35-25,223018,Reverse Holofoil,0.31,0.09,0.32,2.0,
2025-05-28,swsh35-74,223073,Holofoil,180.03,162.19,219.85,1500.0,219.83
2025-05-28,swsh45sv-SV107,232496,Holofoil,111.66,104.5,124.62,349.95,108.05
2025-05-28,swsh7-204,246693,Holofoil,25.62,23.0,34.75,100.0,34.97
2025-05-28,swsh7-205,246696,Holofoil,398.58,329.71,433.23,899.95,406.55
2025-05-28,swsh7-208,246755,Holofoil,24.95,24.95,29.19,59.95,29.18
2025-05-28,swsh7-209,246756,Holofoil,292.75,271.41,338.15,799.99,317.93
2025-05-28,swsh7-211,246702,Holofoil,43.21,38.01,45.0,99.95,46.52
2025-05-28,swsh7-212,246704,Holofoil,341.62,265.0,370.66,1000.0,340.0
2025-05-28,swsh7-215,246723,Holofoil,1575.27,1102.29,1645.5,2499.95,1184.98
2025-05-28,swsh7-218,246733,Holofoil,714.29,599.02,725.0,1299.95,684.93
2025-05-28,swsh7-41,246753,Holofoil,4.63,3.0,5.49,89.0,5.97
2025-05-28,swsh7-65,246690,Holofoil,9.58,7.5,9.93,500.0,12.0
2025-05-28,swsh7-75,246701,Holofoil,10.92,7.73,10.97,50.0,11.99
2025-05-28,swsh7-8,246691,Holofoil,6.06,4.0,6.3,50.0,6.3
2025-05-28,swsh8-271,253266,Holofoil,576.59,518.93,669.0,1250.0,528.99
2025-05-28,swsh9-154,263873,Holofoil,204.13,180.95,219.99,1500.0,190.0
2025-05-29,base1-15,42355,Holofoil,123.89,70.0,119.99,300.0,
2025-05-29,base1-16,42356,Holofoil,45.01,20.31,33.0,9999.0,
2025-05-29,base1-2,42360,Holofoil,162.9,100.0,149.99,252.94,85.0
2025-05-29,base1-4,42382,Holofoil,494.04,400.0,499.99,1249.99,
2025-05-29,base1-58,42402,Normal,3.07,0.4,2.24,9999.0,
2025-05-29,cel25c-4,250320,Holofoil,101.1,84.83,106.72,250.0,104.85
2025-05-29,gym2-2,83861,1st Edition Holofoil,671.6,300.0,438.24,500.0,
2025-05-29,gym2-2,83861,Unlimited Holofoil,421.95,347.99,434.99,599.0,
2025-05-29,neo1-9,86903,1st Edition Holofoil,1251.5,1350.0,2950.0,2954.98,
2025-05-29,neo1-9,86903,Unlimited Holofoil,426.97,338.99,359.99,474.7,
2025-05-29,sl-151-bundle,502000,Normal,67.88,54.0,71.22,230.0,
2025-05-29,sl-151-etb,503313,Normal,226.91,220.0,250.0,4999.99,
2025-05-29,sl-151-upc,502005,Normal,362.94,370.0,400.0,26500.0,
2025-05-29,sl-ar-box,265519,Normal,413.04,370.0,465.0,1999.99,
2025-05-29,sl-bs-box,256141,Normal,427.19,420.69,499.99,999.99,
2025-05-29,sl-cel-upc,245140,Normal,467.77,400.0,500.0,2000.0,
2025-05-29,sl-champ-etb,218791,Normal,127.94,112.99,148.95,800.0,
2025-05-29,sl-cz-etb,453470,Normal,157.98,140.0,187.5,1999.99,
2025-05-29,sl-dr-box,624679,Normal,262.07,248.99,264.4,376.19,
2025-05-29,sl-evs-box,242436,Normal,1749.13,1898.99,2000.0,10000.0,
2025-05-29,sl-evs-etb,243721,Normal,520.04,639.99,699.99,999.99,
2025-05-29,sl-fs-box,247654,Normal,786.95,785.0,977.48,1999.99,
2025-05-29,sl-hf-etb,194729,Normal,305.86,310.0,399.97,999.98,
2025-05-29,sl-jp-151,565243,Normal,162.49,160.98,172.99,399.99,
2025-05-29,sl-jp-terastal,603428,Normal,94.19,89.71,110.84,200.0,
2025-05-29,sl-jt-box,610931,Normal,212.81,200.0,240.0,600.0,
2025-05-29,sl-lo-box,277324,Normal,537.47,522.99,699.97,1500.0,
2025-05-29,sl-obf-box,501257,Normal,242.27,226.0,255.0,500.0,
2025-05-29,sl-pe-etb,593355,Normal,115.83,105.0,136.0,299.99,
2025-05-29,sl-pe-spc,622770,Normal,218.6,204.0,244.99,99999.0,
2025-05-29,sl-pf-etb,528040,Normal,140.49,137.99,149.99,209.98,
2025-05-29,sl-shf-etb,228821,Normal,87.86,75.0,91.99,499.99,
2025-05-29,sl-ss-box,565606,Normal,224.28,219.0,279.99,4999.99,
2025-05-29,sl-st-box,283389,Normal,338.33,338.38,400.0,1199.99,
2025-05-29,sl-tf-box,536225,Normal,211.32,208.0,245.0,400.0,
2025-05-29,sv2-185,497557,Normal,0.41,0.01,0.4,5.2,0.2
2025-05-29,sv2-185,497557,Reverse Holofoil,0.68,0.2,1.0,9.99,0.82
2025-05-29,sv2-254,497669,Holofoil,20.32,16.99,21.89,100.0,21.95
2025-05-29,sv2-269,497689,Holofoil,62.94,52.99,66.0,259.99,60.95
2025-05-29,sv3pt5-151,516566,Holofoil,6.49,4.21,7.51,40.0,6.11
2025-05-29,sv3pt5-199,517045,Holofoil,204.2,184.99,239.61,1400.0,174.98
2025-05-29,sv3pt5-205,517051,Holofoil,12.71,10.0,14.03,50.0,13.22
2025-05-29,sv3pt5-4,502555,Normal,0.12,0.01,0.15,5.0,0.07
2025-05-29,sv3pt5-4,502555,Reverse Holofoil,0.18,0.07,0.25,4.95,
2025-05-29,sv3pt5-6,502558,Holofoil,3.84,3.0,5.0,30.0,4.42
2025-05-29,sv3pt5-7,502548,Normal,0.12,0.01,0.15,15.0,0.11
2025-05-29,sv3pt5-7,502548,Reverse Holofoil,0.21,0.02,0.25,4.95,0.18
2025-05-29,sv4pt5-234,535090,Holofoil,180.08,158.19,189.98,499.98,163.01
2025-05-29,sv4pt5-54,534416,Holofoil,2.3,1.5,2.89,45.0,2.53
2025-05-29,sv8-57,590025,Holofoil,7.26,4.71,8.83,50.0,7.99
2025-05-29,sv8pt5-149,610504,Holofoil,276.49,244.0,304.94,800.0,
2025-05-29,sv8pt5-155,610510,Holofoil,341.41,312.65,350.0,899.95,
2025-05-29,sv8pt5-156,610511,Holofoil,488.04,390.0,488.04,999.95,475.99
2025-05-29,sv8pt5-161,610516,Holofoil,1224.45,1075.0,1263.5,2089.15,1199.78
2025-05-29,sv8pt5-167,610522,Holofoil,169.92,149.99,173.43,360.68,169.92
2025-05-29,sv8pt5-179,610534,Holofoil,46.05,43.99,59.0,270.0,
2025-05-29,sv8pt5-28,610383,Holofoil,0.82,0.41,1.5,14.0,
2025-05-29,sv8pt5-47,610402,Normal,0.06,0.01,0.1,5.01,0.04
2025-05-29,sv8pt5-47,610402,Reverse Holofoil,0.14,0.01,0.14,4.95,0.07
2025-05-29,sv8pt5-59,610414,Holofoil,0.42,0.01,0.36,100.0,0.24
2025-05-29,sv8pt5-59,610414,Reverse Holofoil,0.45,0.15,0.55,25.0,
2025-05-29,sv8pt5-60,610415,Holofoil,5.21,3.89,7.11,40.0,5.16
2025-05-29,svp-085,518861,Normal,324.94,319.99,349.98,700.0,349.95
2025-05-29,swsh11-186,284137,Holofoil,543.12,458.11,581.14,1269.69,533.49
2025-05-29,swsh12-186,451834,Holofoil,272.53,255.86,294.61,699.95,331.93
2025-05-29,swsh12pt5gg-GG69,478100,Holofoil,169.8,150.89,197.39,500.0,195.0
2025-05-29,swsh35-25,223018,Normal,0.12,0.01,0.2,1.25,
2025-05-29,swsh35-25,223018,Reverse Holofoil,0.31,0.09,0.31,2.0,
2025-05-29,swsh35-74,223073,Holofoil,180.03,162.19,219.85,1500.0,219.83
2025-05-29,swsh45sv-SV107,232496,Holofoil,110.16,100.0,124.95,349.95,105.99
2025-05-29,swsh7-204,246693,Holofoil,25.69,23.0,34.86,100.0,34.97
2025-05-29,swsh7-205,246696,Holofoil,396.84,329.71,435.0,899.95,406.99
2025-05-29,swsh7-208,246755,Holofoil,24.95,24.95,29.21,59.95,29.17
2025-05-29,swsh7-209,246756,Holofoil,291.63,271.0,335.16,799.99,317.93
2025-05-29,swsh7-211,246702,Holofoil,43.21,38.01,44.81,99.95,46.52
2025-05-29,swsh7-212,246704,Holofoil,334.09,265.0,369.8,1000.0,340.0
2025-05-29,swsh7-215,246723,Holofoil,1575.27,1102.29,1630.95,2499.95,1184.98
2025-05-29,swsh7-218,246733,Holofoil,714.29,599.99,722.5,1299.95,684.91
2025-05-29,swsh7-41,246753,Holofoil,4.68,3.0,5.4,89.0,5.97
2025-05-29,swsh7-65,246690,Holofoil,9.6,7.5,9.95,500.0,12.0
2025-05-29,swsh7-75,246701,Holofoil,11.06,7.73,11.07,50.0,11.99
2025-05-29,swsh7-8,246691,Holofoil,6.16,4.0,6.22,50.0,6.5
2025-05-29,swsh8-271,253266,Holofoil,586.99,518.3,669.75,1250.0,528.99
2025-05-29,swsh9-154,263873,Holofoil,204.13,180.95,219.99,1500.0,219.95
2025-05-30,base1-15,42355,Holofoil,123.89,70.0,119.99,300.0,
2025-05-30,base1-16,42356,Holofoil,45.01,20.31,33.13,9999.0,16.88
2025-05-30,base1-2,42360,Holofoil,162.9,103.77,150.67,254.72,
2025-05-30,base1-4,42382,Holofoil,494.04,400.0,499.99,1249.99,
2025-05-30,base1-58,42402,Normal,2.93,0.4,2.3,9999.0,
2025-05-30,cel25c-4,250320,Holofoil,101.1,85.43,106.13,250.0,88.0
2025-05-30,gym2-2,83861,1st Edition Holofoil,671.6,300.0,438.24,500.0,
2025-05-30,gym2-2,83861,Unlimited Holofoil,421.95,347.99,434.99,599.0,
2025-05-30,neo1-9,86903,1st Edition Holofoil,1251.5,1350.0,2950.0,2954.98,
2025-05-30,neo1-9,86903,Unlimited Holofoil,426.97,338.99,359.99,474.7,
2025-05-30,sl-151-bundle,502000,Normal,59.89,60.0,71.0,230.0,
2025-05-30,sl-151-etb,503313,Normal,228.87,220.0,250.0,4999.99,
2025-05-30,sl-151-upc,502005,Normal,367.02,363.7,400.0,26500.0,
2025-05-30,sl-ar-box,265519,Normal,413.04,370.0,460.0,1999.99,
2025-05-30,sl-bs-box,256141,Normal,421.81,420.69,499.99,999.99,
2025-05-30,sl-cel-upc,245140,Normal,463.9,455.0,503.63,2000.0,
2025-05-30,sl-champ-etb,218791,Normal,127.49,111.99,148.0,800.0,
2025-05-30,sl-cz-etb,453470,Normal,156.84,155.96,192.5,1999.99,
2025-05-30,sl-dr-box,624679,Normal,255.56,254.66,264.76,1200.0,
2025-05-30,sl-evs-box,242436,Normal,1765.73,1898.99,2000.0,10000.0,
2025-05-30,sl-evs-etb,243721,Normal,520.04,639.99,685.0,999.99,
2025-05-30,sl-fs-box,247654,Normal,789.23,780.0,975.0,1999.99,
2025-05-30,sl-hf-etb,194729,Normal,305.86,310.0,399.94,999.98,
2025-05-30,sl-jp-151,565243,Normal,163.13,157.0,172.99,399.99,
2025-05-30,sl-jp-terastal,603428,Normal,91.29,87.71,110.84,200.0,
2025-05-30,sl-jt-box,610931,Normal,210.77,210.0,249.99,600.0,
2025-05-30,sl-lo-box,277324,Normal,538.42,520.0,675.0,1500.0,
2025-05-30,sl-obf-box,501257,Normal,240.59,231.99,255.0,500.0,
2025-05-30,sl-pe-etb,593355,Normal,111.85,103.0,135.0,299.99,
2025-05-30,sl-pe-spc,622770,Normal,214.91,210.0,249.99,99999.0,
2025-05-30,sl-pf-etb,528040,Normal,140.49,139.99,149.99,209.98,
2025-05-30,sl-shf-etb,228821,Normal,88.83,75.0,94.94,499.99,
2025-05-30,sl-ss-box,565606,Normal,221.77,217.99,279.99,4999.99,
2025-05-30,sl-st-box,283389,Normal,338.33,338.38,400.0,1199.99,
2025-05-30,sl-tf-box,536225,Normal,212.96,210.99,245.02,400.0,
2025-05-30,sv2-185,497557,Normal,0.32,0.01,0.4,5.2,
2025-05-30,sv2-185,497557,Reverse Holofoil,0.65,0.2,1.0,9.99,0.8
2025-05-30,sv2-254,497669,Holofoil,20.25,16.99,21.7,100.0,20.22
2025-05-30,sv2-269,497689,Holofoil,62.02,52.26,65.98,259.99,69.98
2025-05-30,sv3pt5-151,516566,Holofoil,6.16,4.21,7.55,40.0,6.56
2025-05-30,sv3pt5-199,517045,Holofoil,206.86,185.0,245.0,1400.0,
2025-05-30,sv3pt5-205,517051,Holofoil,12.76,10.0,14.0,50.0,13.12
2025-05-30,sv3pt5-4,502555,Normal,0.08,0.01,0.15,5.0,0.1
2025-05-30,sv3pt5-4,502555,Reverse Holofoil,0.18,0.07,0.25,4.95,
2025-05-30,sv3pt5-6,502558,Holofoil,4.11,2.96,5.0,30.0,3.69
2025-05-30,sv3pt5-7,502548,Normal,0.09,0.01,0.15,15.0,0.1
2025-05-30,sv3pt5-7,502548,Reverse Holofoil,0.2,0.02,0.24,4.95,0.2
2025-05-30,sv4pt5-234,535090,Holofoil,177.71,158.19,186.05,499.98,179.79
2025-05-30,sv4pt5-54,534416,Holofoil,1.96,1.6,2.86,45.0,3.07
2025-05-30,sv8-57,590025,Holofoil,7.21,6.0,8.73,50.0,7.99
2025-05-30,sv8pt5-149,610504,Holofoil,276.49,243.0,304.94,800.0,
2025-05-30,sv8pt5-155,610510,Holofoil,341.41,312.65,349.99,899.95,
2025-05-30,sv8pt5-156,610511,Holofoil,488.04,390.0,488.04,999.95,475.49
2025-05-30,sv8pt5-161,610516,Holofoil,1224.45,1075.0,1267.53,2103.62,1187.77
2025-05-30,sv8pt5-167,610522,Holofoil,169.12,149.99,171.77,360.68,
2025-05-30,sv8pt5-179,610534,Holofoil,45.18,42.99,57.32,270.0,
2025-05-30,sv8pt5-28,610383,Holofoil,0.72,0.3,1.5,14.0,
2025-05-30,sv8pt5-47,610402,Normal,0.06,0.01,0.1,5.01,0.04
2025-05-30,sv8pt5-47,610402,Reverse Holofoil,0.14,0.01,0.14,4.95,0.07
2025-05-30,sv8pt5-59,610414,Holofoil,0.32,0.01,0.37,100.0,0.4
2025-05-30,sv8pt5-59,610414,Reverse Holofoil,0.45,0.1,0.55,25.0,
2025-05-30,sv8pt5-60,610415,Holofoil,4.62,3.89,7.15,40.0,4.97
2025-05-30,svp-085,518861,Normal,324.94,319.99,349.97,700.0,349.95
2025-05-30,swsh11-186,284137,Holofoil,543.12,458.11,572.19,1269.69,532.99
2025-05-30,swsh12-186,451834,Holofoil,272.53,255.86,299.99,699.95,329.99
2025-05-30,swsh12pt5gg-GG69,478100,Holofoil,165.58,150.0,195.99,1000.0,165.88
2025-05-30,swsh35-25,223018,Normal,0.13,0.01,0.2,1.25,
2025-05-30,swsh35-25,223018,Reverse Holofoil,0.31,0.09,0.31,2.0,
2025-05-30,swsh35-74,223073,Holofoil,178.33,162.19,219.84,1500.0,219.49
2025-05-30,swsh45sv-SV107,232496,Holofoil,110.16,103.5,127.36,349.95,120.06
2025-05-30,swsh7-204,246693,Holofoil,25.69,23.0,34.5,100.0,34.97
2025-05-30,swsh7-205,246696,Holofoil,396.84,329.71,435.0,899.95,406.99
2025-05-30,swsh7-208,246755,Holofoil,25.15,24.95,29.2,59.95,29.16
2025-05-30,swsh7-209,246756,Holofoil,291.63,271.0,330.0,799.99,301.98
2025-05-30,swsh7-211,246702,Holofoil,43.21,38.01,44.8,99.95,46.52
2025-05-30,swsh7-212,246704,Holofoil,334.09,265.0,364.05,1000.0,340.0
2025-05-30,swsh7-215,246723,Holofoil,1575.27,1102.29,1592.5,2499.95,1184.98
2025-05-30,swsh7-218,246733,Holofoil,714.29,599.99,725.0,1299.95,684.89
2025-05-30,swsh7-41,246753,Holofoil,4.61,2.81,5.31,89.0,5.97
2025-05-30,swsh7-65,246690,Holofoil,9.47,7.5,9.99,500.0,8.94
2025-05-30,swsh7-75,246701,Holofoil,10.86,7.73,11.06,50.0,11.99
2025-05-30,swsh7-8,246691,Holofoil,6.26,4.0,6.34,50.0,6.51
2025-05-30,swsh8-271,253266,Holofoil,586.99,518.89,669.0,1250.0,528.99
2025-05-30,swsh9-154,263873,Holofoil,204.13,180.95,219.99,1500.0,219.94
2025-05-31,base1-15,42355,Holofoil,123.89,75.9,121.99,300.0,
2025-05-31,base1-16,42356,Holofoil,45.01,17.69,33.13,9999.0,22.0
2025-05-31,base1-2,42360,Holofoil,162.9,119.99,151.34,254.93,
2025-05-31,base1-4,42382,Holofoil,494.04,400.0,500.0,1249.99,
2025-05-31,base1-58,42402,Normal,2.93,0.4,2.3,9999.0,1.18
2025-05-31,cel25c-4,250320,Holofoil,101.1,85.27,106.27,999.99,88.0
2025-05-31,gym2-2,83861,1st Edition Holofoil,602.0,376.48,499.99,500.0,
2025-05-31,gym2-2,83861,Unlimited Holofoil,421.95,347.99,434.99,599.0,
2025-05-31,neo1-9,86903,1st Edition Holofoil,1251.5,1350.0,2950.0,2954.98,
2025-05-31,neo1-9,86903,Unlimited Holofoil,426.97,338.99,359.99,474.7,
2025-05-31,sl-151-bundle,502000,Normal,64.76,52.01,71.49,230.0,
2025-05-31,sl-151-etb,503313,Normal,229.86,220.0,250.0,4999.99,
2025-05-31,sl-151-upc,502005,Normal,374.52,350.0,400.0,26500.0,
2025-05-31,sl-ar-box,265519,Normal,413.04,370.0,455.0,1999.99,
2025-05-31,sl-bs-box,256141,Normal,421.81,420.0,498.49,999.99,
2025-05-31,sl-cel-upc,245140,Normal,466.06,479.0,506.94,2000.0,
2025-05-31,sl-champ-etb,218791,Normal,126.11,109.7,139.99,800.0,
2025-05-31,sl-cz-etb,453470,Normal,158.0,155.96,195.0,1999.99,
2025-05-31,sl-dr-box,624679,Normal,251.3,248.99,264.82,99999.0,
2025-05-31,sl-evs-box,242436,Normal,1786.49,1897.99,2000.0,10000.0,
2025-05-31,sl-evs-etb,243721,Normal,520.04,639.99,699.99,999.99,
2025-05-31,sl-fs-box,247654,Normal,789.23,775.0,972.0,1999.99,
2025-05-31,sl-hf-etb,194729,Normal,305.86,310.0,399.93,550.0,
2025-05-31,sl-jp-151,565243,Normal,163.13,157.0,172.89,399.99,
2025-05-31,sl-jp-terastal,603428,Normal,91.85,87.0,110.42,200.0,
2025-05-31,sl-jt-box,610931,Normal,210.78,210.0,251.0,600.0,
2025-05-31,sl-lo-box,277324,Normal,541.3,520.0,654.98,1500.0,
2025-05-31,sl-obf-box,501257,Normal,239.72,231.99,255.0,500.0,
2025-05-31,sl-pe-etb,593355,Normal,112.09,105.99,136.0,299.99,
2025-05-31,sl-pe-spc,622770,Normal,215.04,215.0,249.99,99999.0,
2025-05-31,sl-pf-etb,528040,Normal,141.94,139.99,149.99,209.98,
2025-05-31,sl-shf-etb,228821,Normal,88.86,73.0,91.99,499.99,
2025-05-31,sl-ss-box,565606,Normal,218.98,214.99,279.99,4999.99,
2025-05-31,sl-st-box,283389,Normal,338.33,325.0,399.99,1199.99,
2025-05-31,sl-tf-box,536225,Normal,213.03,210.99,245.01,400.0,
2025-05-31,sv2-185,497557,Normal,0.26,0.01,0.4,5.1,0.26
2025-05-31,sv2-185,497557,Reverse Holofoil,0.7,0.2,0.99,9.99,0.74
2025-05-31,sv2-254,497669,Holofoil,20.26,16.0,21.94,100.0,37.98
2025-05-31,sv2-269,497689,Holofoil,60.75,53.0,66.0,259.99,69.96
2025-05-31,sv3pt5-151,516566,Holofoil,6.98,4.21,7.63,999.99,11.24
2025-05-31,sv3pt5-199,517045,Holofoil,206.74,188.0,242.63,4321.0,
2025-05-31,sv3pt5-205,517051,Holofoil,13.1,10.0,14.03,999.99,14.9
2025-05-31,sv3pt5-4,502555,Normal,0.09,0.01,0.15,5.0,0.1
2025-05-31,sv3pt5-4,502555,Reverse Holofoil,0.19,0.06,0.25,4.95,
2025-05-31,sv3pt5-6,502558,Holofoil,5.02,2.87,5.0,30.0,5.64
2025-05-31,sv3pt5-7,502548,Normal,0.1,0.01,0.15,15.0,0.1
2025-05-31,sv3pt5-7,502548,Reverse Holofoil,0.23,0.02,0.24,4.95,0.18
2025-05-31,sv4pt5-234,535090,Holofoil,177.14,158.19,187.82,499.98,179.49
2025-05-31,sv4pt5-54,534416,Holofoil,2.6,1.7,2.88,45.0,4.49
2025-05-31,sv8-57,590025,Holofoil,7.65,6.0,8.82,999.99,8.99
2025-05-31,sv8pt5-149,610504,Holofoil,277.59,243.0,302.47,800.0,
2025-05-31,sv8pt5-155,610510,Holofoil,341.41,312.65,344.0,899.95,
2025-05-31,sv8pt5-156,610511,Holofoil,485.86,390.0,480.0,999.95,475.48
2025-05-31,sv8pt5-161,610516,Holofoil,1224.45,1075.0,1258.9,2105.46,1187.77
2025-05-31,sv8pt5-167,610522,Holofoil,169.08,149.99,171.68,360.68,
2025-05-31,sv8pt5-179,610534,Holofoil,44.88,40.0,56.74,270.0,
2025-05-31,sv8pt5-28,610383,Holofoil,0.78,0.45,1.5,999.99,1.97
2025-05-31,sv8pt5-47,610402,Normal,0.06,0.01,0.1,5.01,0.04
2025-05-31,sv8pt5-47,610402,Reverse Holofoil,0.13,0.01,0.14,4.95,0.07
2025-05-31,sv8pt5-59,610414,Holofoil,0.29,0.01,0.34,999.99,0.3
2025-05-31,sv8pt5-59,610414,Reverse Holofoil,0.42,0.09,0.55,25.0,
2025-05-31,sv8pt5-60,610415,Holofoil,5.14,4.0,7.15,4321.0,
2025-05-31,svp-085,518861,Normal,324.94,319.99,349.95,599.95,349.95
2025-05-31,swsh11-186,284137,Holofoil,543.12,458.11,571.3,1269.69,532.98
2025-05-31,swsh12-186,451834,Holofoil,272.31,255.85,299.99,999.99,329.93
2025-05-31,swsh12pt5gg-GG69,478100,Holofoil,162.67,162.5,198.43,1000.0,161.04
2025-05-31,swsh35-25,223018,Normal,0.14,0.01,0.2,1.25,
2025-05-31,swsh35-25,223018,Reverse Holofoil,0.31,0.09,0.3,2.0,
2025-05-31,swsh35-74,223073,Holofoil,179.97,162.18,219.66,1500.0,219.45
2025-05-31,swsh45sv-SV107,232496,Holofoil,110.3,104.99,127.49,999.99,114.99
2025-05-31,swsh7-204,246693,Holofoil,25.69,23.0,34.25,100.0,34.97
2025-05-31,swsh7-205,246696,Holofoil,396.84,329.71,430.57,899.95,406.99
2025-05-31,swsh7-208,246755,Holofoil,25.15,24.95,29.18,59.95,27.2
2025-05-31,swsh7-209,246756,Holofoil,287.73,271.0,330.33,799.99,316.99
2025-05-31,swsh7-211,246702,Holofoil,43.21,38.01,45.0,999.99,46.51
2025-05-31,swsh7-212,246704,Holofoil,334.09,265.0,364.58,1063.48,339.98
2025-05-31,swsh7-215,246723,Holofoil,1575.27,1250.0,1600.99,2499.95,1184.98
2025-05-31,swsh7-218,246733,Holofoil,714.29,599.99,732.34,1299.95,684.78
2025-05-31,swsh7-41,246753,Holofoil,4.53,3.0,5.31,89.0,5.96
2025-05-31,swsh7-65,246690,Holofoil,9.41,7.0,9.99,999.99,8.94
2025-05-31,swsh7-75,246701,Holofoil,11.05,7.73,11.06,50.0,11.99
2025-05-31,swsh7-8,246691,Holofoil,6.26,4.0,6.37,999.99,6.51
2025-05-31,swsh8-271,253266,Holofoil,586.34,518.89,669.87,1250.0,528.99
2025-05-31,swsh9-154,263873,Holofoil,205.73,180.95,219.99,1500.0,219.92
