date,asset_id,product_id,subtype,market,low,mid,high,direct_low
2025-09-01,base1-15,42355,Holofoil,113.65,72.08,123.49,300.0,
2025-09-01,base1-16,42356,Holofoil,36.06,16.23,33.99,72.94,39.9
2025-09-01,base1-2,42360,Holofoil,159.29,95.0,129.98,499.99,
2025-09-01,base1-4,42382,Holofoil,461.52,280.0,505.54,1000.0,
2025-09-01,base1-58,42402,Normal,2.77,0.4,2.7,9999.0,
2025-09-01,cel25c-4,250320,Holofoil,117.93,90.42,149.99,499.99,90.0
2025-09-01,gym2-2,83861,1st Edition Holofoil,650.0,1000.0,1001.0,1039.98,
2025-09-01,gym2-2,83861,Unlimited Holofoil,537.88,309.97,504.95,604.04,511.0
2025-09-01,neo1-9,86903,1st Edition Holofoil,1649.5,1798.78,1900.48,1900.97,
2025-09-01,neo1-9,86903,Unlimited Holofoil,447.38,289.3,359.99,699.95,
2025-09-01,sl-151-bundle,502000,Normal,88.02,83.0,99.95,999.99,
2025-09-01,sl-151-etb,503313,Normal,347.89,390.0,450.0,4999.99,
2025-09-01,sl-151-upc,502005,Normal,508.8,549.99,790.0,30000.0,
2025-09-01,sl-ar-box,265519,Normal,377.26,399.0,480.0,9999.99,
2025-09-01,sl-bs-box,256141,Normal,520.49,549.99,725.0,9999.99,
2025-09-01,sl-cel-upc,245140,Normal,815.55,979.99,1108.48,13583.33,
2025-09-01,sl-champ-etb,218791,Normal,129.63,130.0,156.97,299.99,
2025-09-01,sl-cz-etb,453470,Normal,192.5,199.97,265.0,4999.99,
2025-09-01,sl-dr-box,624679,Normal,335.05,330.99,382.27,9999.0,
2025-09-01,sl-evs-box,242436,Normal,2472.92,2750.0,3697.6,19850.0,
2025-09-01,sl-evs-etb,243721,Normal,637.22,799.99,1000.49,2999.99,
2025-09-01,sl-fs-box,247654,Normal,930.17,1050.0,1199.99,9999.99,
2025-09-01,sl-hf-etb,194729,Normal,418.66,439.99,540.0,9999.98,
2025-09-01,sl-jp-151,565243,Normal,171.44,169.38,193.0,250.0,
2025-09-01,sl-jp-terastal,603428,Normal,93.51,90.99,114.48,200.0,
2025-09-01,sl-jt-box,610931,Normal,250.49,245.99,279.99,551.0,
2025-09-01,sl-lo-box,277324,Normal,803.67,839.99,999.95,9999.99,
2025-09-01,sl-me1-box,644298,Normal,318.0,348.99,348.99,348.99,
2025-09-01,sl-obf-box,501257,Normal,298.52,299.99,350.0,1000.0,
2025-09-01,sl-pe-etb,593355,Normal,105.12,95.0,125.0,2000.0,
2025-09-01,sl-pe-spc,622770,Normal,235.73,239.0,297.0,10000.0,
2025-09-01,sl-pf-etb,528040,Normal,234.59,238.0,274.99,775.0,
2025-09-01,sl-shf-etb,228821,Normal,95.5,90.0,119.95,499.99,
2025-09-01,sl-ss-box,565606,Normal,251.05,240.0,300.0,4999.99,
2025-09-01,sl-st-box,283389,Normal,444.28,445.0,549.99,9999.99,
2025-09-01,sl-tf-box,536225,Normal,242.1,241.0,290.0,500.0,
2025-09-01,sv2-185,497557,Normal,0.3,0.2,0.4,30.0,
2025-09-01,sv2-185,497557,Reverse Holofoil,0.48,0.24,0.6,7.99,
2025-09-01,sv2-254,497669,Holofoil,17.53,12.99,19.14,100.0,19.97
2025-09-01,sv2-269,497689,Holofoil,49.18,48.31,60.0,259.99,
2025-09-01,sv3pt5-151,516566,Holofoil,6.53,5.8,7.99,40.0,
2025-09-01,sv3pt5-199,517045,Holofoil,256.46,205.0,300.0,900.0,
2025-09-01,sv3pt5-205,517051,Holofoil,15.58,12.0,17.0,100.0,
2025-09-01,sv3pt5-4,502555,Normal,0.15,0.01,0.15,5.0,
2025-09-01,sv3pt5-4,502555,Reverse Holofoil,0.2,0.03,0.25,4.95,
2025-09-01,sv3pt5-6,502558,Holofoil,4.04,3.0,4.96,50.0,
2025-09-01,sv3pt5-7,502548,Normal,0.11,0.01,0.15,4.95,
2025-09-01,sv3pt5-7,502548,Reverse Holofoil,0.18,0.03,0.25,4.95,0.17
2025-09-01,sv4pt5-234,535090,Holofoil,246.92,246.99,299.99,549.99,
2025-09-01,sv4pt5-54,534416,Holofoil,3.13,2.0,3.5,34.99,
2025-09-01,sv8-57,590025,Holofoil,4.57,3.0,6.0,50.0,
2025-09-01,sv8pt5-149,610504,Holofoil,203.29,188.99,214.48,800.0,
2025-09-01,sv8pt5-155,610510,Holofoil,202.5,189.5,219.95,599.95,
2025-09-01,sv8pt5-156,610511,Holofoil,300.48,280.0,358.49,800.0,
2025-09-01,sv8pt5-161,610516,Holofoil,837.09,780.0,964.0,1999.95,
2025-09-01,sv8pt5-167,610522,Holofoil,107.95,97.99,119.97,299.95,
2025-09-01,sv8pt5-179,610534,Holofoil,42.04,42.0,59.99,270.0,
2025-09-01,sv8pt5-28,610383,Holofoil,1.24,0.5,1.4,9.95,
2025-09-01,sv8pt5-47,610402,Normal,0.06,0.01,0.1,4.95,0.03
2025-09-01,sv8pt5-47,610402,Reverse Holofoil,0.08,0.01,0.14,20.0,0.07
2025-09-01,sv8pt5-59,610414,Holofoil,0.29,0.01,0.31,100.0,
2025-09-01,sv8pt5-59,610414,Reverse Holofoil,0.37,0.07,0.43,25.0,
2025-09-01,sv8pt5-60,610415,Holofoil,4.45,3.68,5.45,40.0,
2025-09-01,svp-085,518861,Normal,461.05,474.96,509.0,2500.0,994.49
2025-09-01,swsh11-186,284137,Holofoil,565.96,424.35,649.99,2000.0,649.98
2025-09-01,swsh12-186,451834,Holofoil,363.88,348.99,485.0,799.99,386.99
2025-09-01,swsh12pt5gg-GG69,478100,Holofoil,171.89,180.0,209.54,1000.0,199.58
2025-09-01,swsh35-25,223018,Normal,0.12,0.03,0.2,4.95,
2025-09-01,swsh35-25,223018,Reverse Holofoil,0.21,0.09,0.25,4.95,
2025-09-01,swsh35-74,223073,Holofoil,155.19,147.5,197.77,1500.0,164.99
2025-09-01,swsh45sv-SV107,232496,Holofoil,100.54,95.0,119.6,349.95,99.99
2025-09-01,swsh7-204,246693,Holofoil,28.97,25.99,35.0,150.0,44.69
2025-09-01,swsh7-205,246696,Holofoil,358.57,308.64,399.99,849.99,320.3
2025-09-01,swsh7-208,246755,Holofoil,27.34,25.0,33.61,59.99,29.62
2025-09-01,swsh7-209,246756,Holofoil,265.04,245.0,284.75,599.99,270.98
2025-09-01,swsh7-211,246702,Holofoil,40.35,38.68,50.0,99.99,43.1
2025-09-01,swsh7-212,246704,Holofoil,289.38,268.64,345.0,1000.0,303.95
2025-09-01,swsh7-215,246723,Holofoil,1388.25,1099.99,1699.97,2999.99,1699.98
2025-09-01,swsh7-218,246733,Holofoil,665.47,540.0,749.99,1499.99,719.99
2025-09-01,swsh7-41,246753,Holofoil,5.43,4.0,6.0,19.99,5.99
2025-09-01,swsh7-65,246690,Holofoil,10.5,8.0,10.75,500.0,11.1
2025-09-01,swsh7-75,246701,Holofoil,10.71,7.92,11.99,50.0,11.1
2025-09-01,swsh7-8,246691,Holofoil,4.97,4.0,5.99,100.0,5.59
2025-09-01,swsh8-271,253266,Holofoil,635.0,479.0,787.24,1399.99,799.2
2025-09-01,swsh9-154,263873,Holofoil,247.66,171.99,286.4,1500.0,194.99
2025-09-02,base1-15,42355,Holofoil,113.65,72.08,124.39,300.0,
2025-09-02,base1-16,42356,Holofoil,35.97,16.23,33.94,72.94,40.42
2025-09-02,base1-2,42360,Holofoil,159.29,98.74,129.99,499.99,
2025-09-02,base1-4,42382,Holofoil,461.52,280.0,487.67,1000.0,
2025-09-02,base1-58,42402,Normal,2.84,0.4,2.7,9999.0,
2025-09-02,cel25c-4,250320,Holofoil,119.91,90.42,149.99,499.99,91.0
2025-09-02,gym2-2,83861,1st Edition Holofoil,650.0,1000.0,1001.0,1039.98,
2025-09-02,gym2-2,83861,Unlimited Holofoil,537.88,309.97,494.49,604.04,511.0
2025-09-02,neo1-9,86903,1st Edition Holofoil,1649.5,1798.78,1900.48,1900.97,
2025-09-02,neo1-9,86903,Unlimited Holofoil,447.38,359.0,392.17,699.95,
2025-09-02,sl-151-bundle,502000,Normal,87.11,84.01,99.99,999.99,
2025-09-02,sl-151-etb,503313,Normal,355.49,399.0,550.0,4999.99,
2025-09-02,sl-151-upc,502005,Normal,515.92,549.99,790.0,30000.0,
2025-09-02,sl-ar-box,265519,Normal,378.83,399.0,489.94,9999.99,
2025-09-02,sl-bs-box,256141,Normal,520.49,549.99,725.0,9999.99,
2025-09-02,sl-cel-upc,245140,Normal,817.75,979.99,1108.48,13583.33,
2025-09-02,sl-champ-etb,218791,Normal,130.88,130.0,156.97,299.99,
2025-09-02,sl-cz-etb,453470,Normal,194.91,199.97,285.2,4999.99,
2025-09-02,sl-dr-box,624679,Normal,338.47,336.29,381.73,9999.0,
2025-09-02,sl-evs-box,242436,Normal,2490.92,2700.0,3697.6,19850.0,
2025-09-02,sl-evs-etb,243721,Normal,637.22,799.99,1000.49,2999.99,
2025-09-02,sl-fs-box,247654,Normal,930.17,1050.0,1233.22,9999.99,
2025-09-02,sl-hf-etb,194729,Normal,422.26,439.99,540.0,9999.98,
2025-09-02,sl-jp-151,565243,Normal,171.52,169.38,195.0,250.0,
2025-09-02,sl-jp-terastal,603428,Normal,93.54,91.98,114.48,200.0,
2025-09-02,sl-jt-box,610931,Normal,250.49,245.99,277.5,551.0,
2025-09-02,sl-lo-box,277324,Normal,803.67,839.99,998.95,9999.99,
2025-09-02,sl-me1-box,644298,Normal,324.03,346.98,346.99,349.0,
2025-09-02,sl-obf-box,501257,Normal,299.92,299.99,350.0,1000.0,
2025-09-02,sl-pe-etb,593355,Normal,106.02,95.0,125.0,2000.0,
2025-09-02,sl-pe-spc,622770,Normal,240.33,239.99,299.97,10000.0,
2025-09-02,sl-pf-etb,528040,Normal,238.3,244.99,289.99,775.0,
2025-09-02,sl-shf-etb,228821,Normal,95.17,90.0,119.95,499.99,
2025-09-02,sl-ss-box,565606,Normal,252.15,249.99,300.0,4999.99,
2025-09-02,sl-st-box,283389,Normal,444.28,445.0,537.5,9999.99,
2025-09-02,sl-tf-box,536225,Normal,242.82,241.0,289.0,500.0,
2025-09-02,sv2-185,497557,Normal,0.29,0.05,0.4,30.0,
2025-09-02,sv2-185,497557,Reverse Holofoil,0.47,0.23,0.6,7.99,
2025-09-02,sv2-254,497669,Holofoil,17.59,12.99,19.31,100.0,
2025-09-02,sv2-269,497689,Holofoil,49.47,48.7,58.34,259.99,
2025-09-02,sv3pt5-151,516566,Holofoil,6.43,5.89,7.99,40.0,
2025-09-02,sv3pt5-199,517045,Holofoil,269.16,205.0,314.6,900.0,
2025-09-02,sv3pt5-205,517051,Holofoil,15.61,12.0,16.88,100.0,
2025-09-02,sv3pt5-4,502555,Normal,0.13,0.01,0.15,5.0,
2025-09-02,sv3pt5-4,502555,Reverse Holofoil,0.22,0.03,0.25,4.95,
2025-09-02,sv3pt5-6,502558,Holofoil,4.04,3.0,5.0,50.0,
2025-09-02,sv3pt5-7,502548,Normal,0.1,0.01,0.15,4.95,
2025-09-02,sv3pt5-7,502548,Reverse Holofoil,0.17,0.03,0.25,4.95,
2025-09-02,sv4pt5-234,535090,Holofoil,251.88,250.0,299.99,549.99,
2025-09-02,sv4pt5-54,534416,Holofoil,3.53,2.0,3.53,34.99,
2025-09-02,sv8-57,590025,Holofoil,4.7,3.75,6.0,50.0,
2025-09-02,sv8pt5-149,610504,Holofoil,202.22,185.0,214.48,800.0,
2025-09-02,sv8pt5-155,610510,Holofoil,202.5,189.5,217.21,599.95,
2025-09-02,sv8pt5-156,610511,Holofoil,300.48,274.31,350.0,800.0,
2025-09-02,sv8pt5-161,610516,Holofoil,829.36,780.0,919.99,1999.95,
2025-09-02,sv8pt5-167,610522,Holofoil,108.03,97.99,119.95,299.95,
2025-09-02,sv8pt5-179,610534,Holofoil,42.41,38.94,57.3,270.0,
2025-09-02,sv8pt5-28,610383,Holofoil,1.14,0.5,1.39,9.95,
2025-09-02,sv8pt5-47,610402,Normal,0.05,0.01,0.1,4.95,0.03
2025-09-02,sv8pt5-47,610402,Reverse Holofoil,0.08,0.01,0.13,20.0,0.07
2025-09-02,sv8pt5-59,610414,Holofoil,0.27,0.01,0.3,100.0,
2025-09-02,sv8pt5-59,610414,Reverse Holofoil,0.34,0.07,0.41,25.0,
2025-09-02,sv8pt5-60,610415,Holofoil,4.52,3.98,5.49,40.0,
2025-09-02,svp-085,518861,Normal,461.05,474.96,509.0,2500.0,994.49
2025-09-02,swsh11-186,284137,Holofoil,569.36,423.83,649.98,2000.0,649.98
2025-09-02,swsh12-186,451834,Holofoil,369.0,350.98,485.0,799.99,386.99
2025-09-02,swsh12pt5gg-GG69,478100,Holofoil,174.01,180.0,215.41,1000.0,199.59
2025-09-02,swsh35-25,223018,Normal,0.12,0.03,0.2,4.95,
2025-09-02,swsh35-25,223018,Reverse Holofoil,0.21,0.09,0.25,4.95,
2025-09-02,swsh35-74,223073,Holofoil,155.19,147.5,197.64,1500.0,164.99
2025-09-02,swsh45sv-SV107,232496,Holofoil,101.82,95.0,119.99,349.95,99.99
2025-09-02,swsh7-204,246693,Holofoil,28.97,25.99,35.0,150.0,29.69
2025-09-02,swsh7-205,246696,Holofoil,358.57,308.64,399.99,849.99,320.3
2025-09-02,swsh7-208,246755,Holofoil,27.34,25.0,33.0,59.99,29.62
2025-09-02,swsh7-209,246756,Holofoil,262.67,243.0,282.68,599.99,270.98
2025-09-02,swsh7-211,246702,Holofoil,40.51,37.0,49.5,99.99,43.64
2025-09-02,swsh7-212,246704,Holofoil,288.75,270.0,345.0,1000.0,303.95
2025-09-02,swsh7-215,246723,Holofoil,1388.25,1100.97,1699.98,2999.99,1699.98
2025-09-02,swsh7-218,246733,Holofoil,666.2,540.0,749.99,1499.99,719.99
2025-09-02,swsh7-41,246753,Holofoil,5.41,4.0,5.99,19.99,6.13
2025-09-02,swsh7-65,246690,Holofoil,10.4,8.0,10.5,500.0,11.0
2025-09-02,swsh7-75,246701,Holofoil,10.74,7.92,11.63,50.0,10.2
2025-09-02,swsh7-8,246691,Holofoil,4.89,4.0,5.99,100.0,5.39
2025-09-02,swsh8-271,253266,Holofoil,641.0,479.0,788.51,1399.99,799.2
2025-09-02,swsh9-154,263873,Holofoil,248.34,171.99,279.98,1500.0,194.99
2025-09-03,base1-15,42355,Holofoil,114.69,72.08,125.6,300.0,
2025-09-03,base1-16,42356,Holofoil,35.71,16.23,33.17,72.94,40.14
2025-09-03,base1-2,42360,Holofoil,159.29,98.74,134.99,499.99,
2025-09-03,base1-4,42382,Holofoil,461.52,280.0,500.0,1000.0,
2025-09-03,base1-58,42402,Normal,2.95,0.4,2.72,9999.0,
2025-09-03,cel25c-4,250320,Holofoil,123.77,90.42,164.63,499.99,114.08
2025-09-03,gym2-2,83861,1st Edition Holofoil,650.0,1000.0,1001.0,1039.98,
2025-09-03,gym2-2,83861,Unlimited Holofoil,537.88,309.97,490.37,604.04,511.0
2025-09-03,neo1-9,86903,1st Edition Holofoil,1649.5,1798.78,1900.48,1900.97,
2025-09-03,neo1-9,86903,Unlimited Holofoil,447.38,359.0,380.54,474.99,
2025-09-03,sl-151-bundle,502000,Normal,89.58,84.0,99.95,999.99,
2025-09-03,sl-151-etb,503313,Normal,358.69,399.0,488.88,4999.99,
2025-09-03,sl-151-upc,502005,Normal,527.27,549.99,749.99,30000.0,
2025-09-03,sl-ar-box,265519,Normal,378.83,399.0,489.94,9999.99,
2025-09-03,sl-bs-box,256141,Normal,520.49,549.99,725.0,9999.99,
2025-09-03,sl-cel-upc,245140,Normal,820.79,979.99,1182.95,13583.33,
2025-09-03,sl-champ-etb,218791,Normal,131.5,130.0,159.99,299.99,
2025-09-03,sl-cz-etb,453470,Normal,197.62,200.0,299.98,4999.99,
2025-09-03,sl-dr-box,624679,Normal,340.94,334.49,374.99,9999.0,
2025-09-03,sl-evs-box,242436,Normal,2490.92,2650.0,3623.8,19850.0,
2025-09-03,sl-evs-etb,243721,Normal,637.22,799.99,999.97,2999.99,
2025-09-03,sl-fs-box,247654,Normal,930.17,1050.0,1233.22,9999.99,
2025-09-03,sl-hf-etb,194729,Normal,422.26,429.99,520.0,9999.98,
2025-09-03,sl-jp-151,565243,Normal,171.32,169.38,199.99,260.99,
2025-09-03,sl-jp-terastal,603428,Normal,93.69,91.98,114.48,200.0,
2025-09-03,sl-jt-box,610931,Normal,248.41,245.99,279.99,551.0,
2025-09-03,sl-lo-box,277324,Normal,808.67,839.99,999.94,9999.99,
2025-09-03,sl-me1-box,644298,Normal,333.38,346.0,346.99,346.99,
2025-09-03,sl-obf-box,501257,Normal,301.56,300.0,350.0,1000.0,
2025-09-03,sl-pe-etb,593355,Normal,103.29,95.0,125.0,2000.0,
2025-09-03,sl-pe-spc,622770,Normal,245.99,240.0,300.0,10000.0,
2025-09-03,sl-pf-etb,528040,Normal,245.7,249.97,299.99,775.0,
2025-09-03,sl-shf-etb,228821,Normal,95.41,90.0,119.97,499.99,
2025-09-03,sl-ss-box,565606,Normal,255.33,249.99,300.0,4999.99,
2025-09-03,sl-st-box,283389,Normal,444.28,444.99,525.0,9999.99,
2025-09-03,sl-tf-box,536225,Normal,243.62,239.99,290.5,500.0,
2025-09-03,sv2-185,497557,Normal,0.31,0.25,0.39,30.0,
2025-09-03,sv2-185,497557,Reverse Holofoil,0.5,0.23,0.6,7.99,
2025-09-03,sv2-254,497669,Holofoil,17.1,13.99,19.0,100.0,16.98
2025-09-03,sv2-269,497689,Holofoil,49.47,48.0,57.99,259.99,
2025-09-03,sv3pt5-151,516566,Holofoil,7.43,5.89,8.0,40.0,8.04
2025-09-03,sv3pt5-199,517045,Holofoil,268.53,227.99,316.51,900.0,
2025-09-03,sv3pt5-205,517051,Holofoil,15.48,12.0,17.19,100.0,18.89
2025-09-03,sv3pt5-4,502555,Normal,0.13,0.01,0.15,5.0,0.11
2025-09-03,sv3pt5-4,502555,Reverse Holofoil,0.23,0.03,0.25,2.95,
2025-09-03,sv3pt5-6,502558,Holofoil,4.15,3.0,4.99,50.0,
2025-09-03,sv3pt5-7,502548,Normal,0.11,0.01,0.15,2.0,0.1
2025-09-03,sv3pt5-7,502548,Reverse Holofoil,0.19,0.03,0.25,3.52,0.17
2025-09-03,sv4pt5-234,535090,Holofoil,259.4,252.73,300.0,549.99,389.1
2025-09-03,sv4pt5-54,534416,Holofoil,3.03,2.0,3.38,34.99,
2025-09-03,sv8-57,590025,Holofoil,4.93,3.5,6.0,50.0,7.04
2025-09-03,sv8pt5-149,610504,Holofoil,202.22,185.0,213.0,800.0,
2025-09-03,sv8pt5-155,610510,Holofoil,200.01,191.16,220.0,499.99,
2025-09-03,sv8pt5-156,610511,Holofoil,300.48,274.31,349.98,800.0,299.0
2025-09-03,sv8pt5-161,610516,Holofoil,849.33,776.01,919.99,1500.0,
2025-09-03,sv8pt5-167,610522,Holofoil,108.18,97.99,119.89,249.95,
2025-09-03,sv8pt5-179,610534,Holofoil,42.75,40.23,57.87,270.0,
2025-09-03,sv8pt5-28,610383,Holofoil,1.21,0.49,1.35,9.95,
2025-09-03,sv8pt5-47,610402,Normal,0.05,0.01,0.1,2.0,0.03
2025-09-03,sv8pt5-47,610402,Reverse Holofoil,0.08,0.01,0.13,20.0,0.07
2025-09-03,sv8pt5-59,610414,Holofoil,0.23,0.04,0.3,100.0,
2025-09-03,sv8pt5-59,610414,Reverse Holofoil,0.33,0.05,0.41,25.0,0.33
2025-09-03,sv8pt5-60,610415,Holofoil,4.71,3.87,5.4,40.0,
2025-09-03,svp-085,518861,Normal,461.05,474.96,518.0,2500.0,994.49
2025-09-03,swsh11-186,284137,Holofoil,568.36,433.0,649.97,2000.0,639.99
2025-09-03,swsh12-186,451834,Holofoil,369.0,350.98,455.63,799.99,386.99
2025-09-03,swsh12pt5gg-GG69,478100,Holofoil,177.07,180.48,219.62,1000.0,199.68
2025-09-03,swsh35-25,223018,Normal,0.12,0.03,0.2,1.6,
2025-09-03,swsh35-25,223018,Reverse Holofoil,0.2,0.09,0.25,2.0,
2025-09-03,swsh35-74,223073,Holofoil,156.93,147.69,199.69,1500.0,183.8
2025-09-03,swsh45sv-SV107,232496,Holofoil,104.31,95.0,122.42,349.95,99.99
2025-09-03,swsh7-204,246693,Holofoil,29.11,25.99,35.0,150.0,29.69
2025-09-03,swsh7-205,246696,Holofoil,358.97,308.64,395.0,849.99,309.39
2025-09-03,swsh7-208,246755,Holofoil,27.63,25.0,31.53,59.99,29.62
2025-09-03,swsh7-209,246756,Holofoil,262.67,243.0,283.18,599.99,270.98
2025-09-03,swsh7-211,246702,Holofoil,40.51,38.68,52.71,99.99,43.64
2025-09-03,swsh7-212,246704,Holofoil,288.75,270.0,346.14,1000.0,303.95
2025-09-03,swsh7-215,246723,Holofoil,1383.66,1250.0,1699.97,2999.99,1399.99
2025-09-03,swsh7-218,246733,Holofoil,666.2,540.0,739.99,1499.99,719.99
2025-09-03,swsh7-41,246753,Holofoil,5.5,4.0,5.99,19.99,6.25
2025-09-03,swsh7-65,246690,Holofoil,10.0,8.0,10.5,500.0,11.33
2025-09-03,swsh7-75,246701,Holofoil,10.76,7.92,11.56,50.0,10.76
2025-09-03,swsh7-8,246691,Holofoil,5.36,4.0,6.0,100.0,5.33
2025-09-03,swsh8-271,253266,Holofoil,645.16,580.64,788.51,1399.99,799.19
2025-09-03,swsh9-154,263873,Holofoil,249.45,171.99,279.99,1500.0,194.99
2025-09-04,base1-15,42355,Holofoil,114.85,70.0,120.0,300.0,
2025-09-04,base1-16,42356,Holofoil,35.95,16.23,33.67,72.94,39.99
2025-09-04,base1-2,42360,Holofoil,158.72,98.74,139.99,499.99,
2025-09-04,base1-4,42382,Holofoil,461.52,280.0,461.09,1000.0,
2025-09-04,base1-58,42402,Normal,2.83,0.4,2.73,9999.0,
2025-09-04,cel25c-4,250320,Holofoil,124.1,90.42,152.56,499.99,114.08
2025-09-04,gym2-2,83861,1st Edition Holofoil,650.0,1000.0,1001.0,1039.98,
2025-09-04,gym2-2,83861,Unlimited Holofoil,528.66,309.97,488.98,593.69,409.55
2025-09-04,neo1-9,86903,1st Edition Holofoil,1649.5,1798.78,1900.48,1900.97,
2025-09-04,neo1-9,86903,Unlimited Holofoil,447.38,359.0,389.77,474.99,
2025-09-04,sl-151-bundle,502000,Normal,88.6,78.01,99.99,999.99,
2025-09-04,sl-151-etb,503313,Normal,368.54,399.0,530.0,4999.99,
2025-09-04,sl-151-upc,502005,Normal,531.07,549.99,749.99,30000.0,
2025-09-04,sl-ar-box,265519,Normal,378.83,399.0,499.88,9999.99,
2025-09-04,sl-bs-box,256141,Normal,520.49,549.99,724.95,9999.99,
2025-09-04,sl-cel-upc,245140,Normal,820.79,979.99,1034.0,13583.33,
2025-09-04,sl-champ-etb,218791,Normal,132.06,130.0,159.99,299.99,
2025-09-04,sl-cz-etb,453470,Normal,200.1,210.0,299.98,4999.99,
2025-09-04,sl-dr-box,624679,Normal,341.1,335.0,362.72,9999.0,
2025-09-04,sl-evs-box,242436,Normal,2490.92,2700.0,3499.99,19850.0,
2025-09-04,sl-evs-etb,243721,Normal,637.22,799.99,999.97,2999.99,
2025-09-04,sl-fs-box,247654,Normal,930.17,1049.99,1199.99,9999.99,
2025-09-04,sl-hf-etb,194729,Normal,422.26,427.99,520.0,9999.98,
2025-09-04,sl-jp-151,565243,Normal,171.32,169.38,195.0,260.99,
2025-09-04,sl-jp-terastal,603428,Normal,93.95,92.31,119.69,200.0,
2025-09-04,sl-jt-box,610931,Normal,247.73,240.0,277.5,551.0,
2025-09-04,sl-lo-box,277324,Normal,817.95,839.99,997.94,9999.99,
2025-09-04,sl-me1-box,644298,Normal,344.71,345.98,346.0,346.99,
2025-09-04,sl-obf-box,501257,Normal,302.76,300.0,367.49,1000.0,
2025-09-04,sl-pe-etb,593355,Normal,100.66,100.0,125.0,2000.0,
2025-09-04,sl-pe-spc,622770,Normal,251.23,240.0,327.5,10000.0,
2025-09-04,sl-pf-etb,528040,Normal,249.98,260.0,299.99,775.0,
2025-09-04,sl-shf-etb,228821,Normal,94.85,89.94,119.97,499.99,
2025-09-04,sl-ss-box,565606,Normal,254.74,249.99,300.0,4999.99,
2025-09-04,sl-st-box,283389,Normal,446.23,445.99,596.56,9999.99,
2025-09-04,sl-tf-box,536225,Normal,243.4,239.99,290.5,500.0,
2025-09-04,sv2-185,497557,Normal,0.28,0.2,0.39,30.0,
2025-09-04,sv2-185,497557,Reverse Holofoil,0.45,0.24,0.6,7.99,
2025-09-04,sv2-254,497669,Holofoil,16.99,13.99,18.99,100.0,19.91
2025-09-04,sv2-269,497689,Holofoil,50.1,47.68,58.79,259.99,
2025-09-04,sv3pt5-151,516566,Holofoil,7.24,5.75,8.0,40.0,
2025-09-04,sv3pt5-199,517045,Holofoil,274.59,235.15,300.0,900.0,
2025-09-04,sv3pt5-205,517051,Holofoil,15.35,12.0,17.19,100.0,
2025-09-04,sv3pt5-4,502555,Normal,0.13,0.01,0.15,5.0,0.12
2025-09-04,sv3pt5-4,502555,Reverse Holofoil,0.25,0.03,0.25,3.99,
2025-09-04,sv3pt5-6,502558,Holofoil,4.45,3.0,5.0,50.0,
2025-09-04,sv3pt5-7,502548,Normal,0.1,0.01,0.15,2.0,0.09
2025-09-04,sv3pt5-7,502548,Reverse Holofoil,0.23,0.03,0.25,3.51,
2025-09-04,sv4pt5-234,535090,Holofoil,265.3,252.73,350.0,549.99,384.99
2025-09-04,sv4pt5-54,534416,Holofoil,3.55,2.0,3.43,34.99,
2025-09-04,sv8-57,590025,Holofoil,5.19,4.7,6.22,50.0,7.69
2025-09-04,sv8pt5-149,610504,Holofoil,202.22,173.22,209.99,800.0,
2025-09-04,sv8pt5-155,610510,Holofoil,198.45,191.16,220.06,499.99,
2025-09-04,sv8pt5-156,610511,Holofoil,300.91,274.31,349.99,800.0,295.95
2025-09-04,sv8pt5-161,610516,Holofoil,849.33,776.01,921.35,1500.0,
2025-09-04,sv8pt5-167,610522,Holofoil,108.18,97.99,119.46,249.95,
2025-09-04,sv8pt5-179,610534,Holofoil,43.5,42.75,55.71,270.0,
2025-09-04,sv8pt5-28,610383,Holofoil,1.16,0.49,1.38,9.95,
2025-09-04,sv8pt5-47,610402,Normal,0.04,0.01,0.1,2.0,0.03
2025-09-04,sv8pt5-47,610402,Reverse Holofoil,0.08,0.01,0.13,20.0,0.07
2025-09-04,sv8pt5-59,610414,Holofoil,0.21,0.01,0.29,100.0,
2025-09-04,sv8pt5-59,610414,Reverse Holofoil,0.29,0.07,0.4,25.0,0.33
2025-09-04,sv8pt5-60,610415,Holofoil,4.56,3.5,5.4,40.0,
2025-09-04,svp-085,518861,Normal,462.21,474.96,700.0,2500.0,994.49
2025-09-04,swsh11-186,284137,Holofoil,570.36,433.0,649.9,2000.0,635.0
2025-09-04,swsh12-186,451834,Holofoil,369.67,350.98,461.25,799.99,386.99
2025-09-04,swsh12pt5gg-GG69,478100,Holofoil,178.28,180.48,221.34,1000.0,199.69
2025-09-04,swsh35-25,223018,Normal,0.12,0.03,0.2,1.6,
2025-09-04,swsh35-25,223018,Reverse Holofoil,0.2,0.09,0.25,2.0,
2025-09-04,swsh35-74,223073,Holofoil,156.55,147.69,199.69,1500.0,183.8
2025-09-04,swsh45sv-SV107,232496,Holofoil,107.42,94.9,123.64,349.95,99.99
2025-09-04,swsh7-204,246693,Holofoil,29.13,25.99,35.0,150.0,29.69
2025-09-04,swsh7-205,246696,Holofoil,364.41,308.64,399.99,849.99,309.39
2025-09-04,swsh7-208,246755,Holofoil,27.63,25.0,30.58,59.99,29.62
2025-09-04,swsh7-209,246756,Holofoil,260.06,234.0,277.06,599.99,270.98
2025-09-04,swsh7-211,246702,Holofoil,40.51,37.0,52.54,99.99,43.64
2025-09-04,swsh7-212,246704,Holofoil,298.44,270.0,350.0,1000.0,324.97
2025-09-04,swsh7-215,246723,Holofoil,1435.87,1250.0,1617.83,2999.99,1399.99
2025-09-04,swsh7-218,246733,Holofoil,677.36,539.99,750.2,1499.99,739.99
2025-09-04,swsh7-41,246753,Holofoil,5.63,4.0,6.03,19.99,6.25
2025-09-04,swsh7-65,246690,Holofoil,10.14,8.0,10.5,500.0,11.99
2025-09-04,swsh7-75,246701,Holofoil,10.88,7.92,11.33,50.0,12.95
2025-09-04,swsh7-8,246691,Holofoil,5.54,4.0,6.0,100.0,5.33
2025-09-04,swsh8-271,253266,Holofoil,649.16,580.64,799.44,1399.99,700.0
2025-09-04,swsh9-154,263873,Holofoil,249.45,171.99,279.97,1500.0,194.99
2025-09-05,base1-15,42355,Holofoil,114.85,70.0,122.93,300.0,
2025-09-05,base1-16,42356,Holofoil,35.95,20.0,33.5,72.94,39.99
2025-09-05,base1-2,42360,Holofoil,158.72,98.74,149.99,499.99,
2025-09-05,base1-4,42382,Holofoil,461.52,280.0,461.09,1000.0,
2025-09-05,base1-58,42402,Normal,2.84,0.4,2.74,9999.0,
2025-09-05,cel25c-4,250320,Holofoil,129.47,91.5,164.07,499.99,114.08
2025-09-05,gym2-2,83861,1st Edition Holofoil,650.0,452.27,749.99,1001.0,
2025-09-05,gym2-2,83861,Unlimited Holofoil,528.66,309.97,449.96,593.69,409.55
2025-09-05,neo1-9,86903,1st Edition Holofoil,1649.5,1798.78,1900.48,1900.97,
2025-09-05,neo1-9,86903,Unlimited Holofoil,447.38,359.0,389.77,474.99,
2025-09-05,sl-151-bundle,502000,Normal,87.77,84.0,99.99,999.99,
2025-09-05,sl-151-etb,503313,Normal,375.54,399.0,527.44,4999.99,
2025-09-05,sl-151-upc,502005,Normal,539.07,549.99,749.99,30000.0,
2025-09-05,sl-ar-box,265519,Normal,378.83,399.0,499.88,9999.99,
2025-09-05,sl-bs-box,256141,Normal,520.49,540.0,712.48,9999.99,
2025-09-05,sl-cel-upc,245140,Normal,820.79,974.99,1108.48,13583.33,
2025-09-05,sl-champ-etb,218791,Normal,132.94,130.0,159.99,299.99,
2025-09-05,sl-cz-etb,453470,Normal,204.83,210.0,292.59,4999.99,
2025-09-05,sl-dr-box,624679,Normal,343.17,339.0,392.67,9999.0,
2025-09-05,sl-evs-box,242436,Normal,2498.92,2895.0,3499.99,19850.0,
2025-09-05,sl-evs-etb,243721,Normal,637.22,799.99,999.97,2999.99,
2025-09-05,sl-fs-box,247654,Normal,939.65,1049.99,1200.0,9999.99,
2025-09-05,sl-hf-etb,194729,Normal,422.26,427.99,499.99,9999.98,
2025-09-05,sl-jp-151,565243,Normal,173.62,169.38,198.73,260.99,
2025-09-05,sl-jp-terastal,603428,Normal,94.62,93.54,119.83,200.0,
2025-09-05,sl-jt-box,610931,Normal,247.17,245.99,277.5,551.0,
2025-09-05,sl-lo-box,277324,Normal,817.95,831.99,997.94,9999.99,
2025-09-05,sl-me1-box,644298,Normal,346.63,345.99,346.0,346.99,
2025-09-05,sl-obf-box,501257,Normal,306.96,324.99,399.97,1000.0,
2025-09-05,sl-pe-etb,593355,Normal,104.22,96.0,125.75,2000.0,
2025-09-05,sl-pe-spc,622770,Normal,246.58,240.0,304.56,10000.0,
2025-09-05,sl-pf-etb,528040,Normal,254.94,260.0,299.99,775.0,
2025-09-05,sl-shf-etb,228821,Normal,95.43,90.0,119.99,499.99,
2025-09-05,sl-ss-box,565606,Normal,257.03,249.99,300.0,4999.99,
2025-09-05,sl-st-box,283389,Normal,446.23,445.99,599.99,9999.99,
2025-09-05,sl-tf-box,536225,Normal,247.23,239.99,299.99,500.0,
2025-09-05,sv2-185,497557,Normal,0.31,0.2,0.39,30.0,
2025-09-05,sv2-185,497557,Reverse Holofoil,0.46,0.24,0.6,7.99,
2025-09-05,sv2-254,497669,Holofoil,16.91,14.48,19.0,100.0,19.91
2025-09-05,sv2-269,497689,Holofoil,50.35,48.0,58.57,259.99,
2025-09-05,sv3pt5-151,516566,Holofoil,7.28,5.75,8.0,40.0,
2025-09-05,sv3pt5-199,517045,Holofoil,279.7,242.56,325.97,900.0,
2025-09-05,sv3pt5-205,517051,Holofoil,15.03,12.99,17.57,100.0,
2025-09-05,sv3pt5-4,502555,Normal,0.13,0.01,0.15,5.0,
2025-09-05,sv3pt5-4,502555,Reverse Holofoil,0.25,0.03,0.26,3.99,
2025-09-05,sv3pt5-6,502558,Holofoil,4.12,3.0,5.0,50.0,
2025-09-05,sv3pt5-7,502548,Normal,0.11,0.01,0.15,2.0,0.1
2025-09-05,sv3pt5-7,502548,Reverse Holofoil,0.3,0.05,0.25,3.5,
2025-09-05,sv4pt5-234,535090,Holofoil,274.95,296.99,384.75,549.99,384.75
2025-09-05,sv4pt5-54,534416,Holofoil,3.43,2.0,3.5,34.99,
2025-09-05,sv8-57,590025,Holofoil,5.29,4.7,6.18,50.0,
2025-09-05,sv8pt5-149,610504,Holofoil,201.16,182.0,208.05,800.0,
2025-09-05,sv8pt5-155,610510,Holofoil,197.92,195.47,219.78,499.99,
2025-09-05,sv8pt5-156,610511,Holofoil,301.33,268.83,349.98,800.0,298.99
2025-09-05,sv8pt5-161,610516,Holofoil,847.83,776.01,921.35,1500.0,
2025-09-05,sv8pt5-167,610522,Holofoil,107.58,97.99,119.3,249.95,
2025-09-05,sv8pt5-179,610534,Holofoil,43.8,45.0,59.74,270.0,
2025-09-05,sv8pt5-28,610383,Holofoil,1.14,0.5,1.36,9.95,
2025-09-05,sv8pt5-47,610402,Normal,0.04,0.01,0.1,69420.73,0.03
2025-09-05,sv8pt5-47,610402,Reverse Holofoil,0.08,0.01,0.13,20.0,0.07
2025-09-05,sv8pt5-59,610414,Holofoil,0.24,0.01,0.29,100.0,
2025-09-05,sv8pt5-59,610414,Reverse Holofoil,0.28,0.07,0.39,25.0,0.28
2025-09-05,sv8pt5-60,610415,Holofoil,4.55,3.5,5.38,40.0,
2025-09-05,svp-085,518861,Normal,461.49,479.99,725.0,2500.0,994.49
2025-09-05,swsh11-186,284137,Holofoil,568.36,433.0,649.95,2000.0,634.98
2025-09-05,swsh12-186,451834,Holofoil,372.47,350.98,473.55,799.99,386.99
2025-09-05,swsh12pt5gg-GG69,478100,Holofoil,178.28,180.48,221.0,1000.0,199.69
2025-09-05,swsh35-25,223018,Normal,0.12,0.03,0.2,1.6,
2025-09-05,swsh35-25,223018,Reverse Holofoil,0.2,0.09,0.25,2.0,
2025-09-05,swsh35-74,223073,Holofoil,156.55,147.69,199.69,1500.0,155.19
2025-09-05,swsh45sv-SV107,232496,Holofoil,108.76,94.89,125.0,349.95,99.99
2025-09-05,swsh7-204,246693,Holofoil,29.13,25.99,35.0,150.0,29.69
2025-09-05,swsh7-205,246696,Holofoil,367.63,307.0,399.99,849.99,309.0
2025-09-05,swsh7-208,246755,Holofoil,27.63,25.0,30.84,59.99,29.62
2025-09-05,swsh7-209,246756,Holofoil,260.06,234.0,276.0,599.99,244.49
2025-09-05,swsh7-211,246702,Holofoil,41.09,38.68,53.44,99.99,48.49
2025-09-05,swsh7-212,246704,Holofoil,298.44,285.9,350.0,1000.0,249.98
2025-09-05,swsh7-215,246723,Holofoil,1481.23,1250.0,1889.59,3000.0,1149.98
2025-09-05,swsh7-218,246733,Holofoil,677.36,540.0,750.1,1499.99,739.99
2025-09-05,swsh7-41,246753,Holofoil,5.68,4.0,6.0,19.99,6.25
2025-09-05,swsh7-65,246690,Holofoil,10.26,8.0,10.5,500.0,11.99
2025-09-05,swsh7-75,246701,Holofoil,11.15,7.92,11.16,50.0,12.99
2025-09-05,swsh7-8,246691,Holofoil,5.49,4.0,6.0,100.0,6.09
2025-09-05,swsh8-271,253266,Holofoil,649.16,584.24,793.85,1500.0,700.0
2025-09-05,swsh9-154,263873,Holofoil,249.94,180.98,290.0,1500.0,194.99
2025-09-06,base1-15,42355,Holofoil,115.49,70.0,123.8,300.0,
2025-09-06,base1-16,42356,Holofoil,35.95,20.0,33.33,72.94,39.99
2025-09-06,base1-2,42360,Holofoil,158.72,98.74,153.96,499.99,
2025-09-06,base1-4,42382,Holofoil,460.97,320.29,461.52,1000.0,
2025-09-06,base1-58,42402,Normal,2.78,0.4,2.75,9999.0,
2025-09-06,cel25c-4,250320,Holofoil,129.47,100.0,149.99,499.99,114.08
2025-09-06,gym2-2,83861,1st Edition Holofoil,650.0,452.27,749.99,1001.0,
2025-09-06,gym2-2,83861,Unlimited Holofoil,528.66,309.97,452.72,593.69,405.45
2025-09-06,neo1-9,86903,1st Edition Holofoil,1649.5,1798.78,1900.48,1900.97,
2025-09-06,neo1-9,86903,Unlimited Holofoil,447.38,359.0,399.0,474.99,
2025-09-06,sl-151-bundle,502000,Normal,89.91,84.0,100.0,999.99,
2025-09-06,sl-151-etb,503313,Normal,377.1,399.0,513.72,4999.99,
2025-09-06,sl-151-upc,502005,Normal,555.99,549.99,792.5,30000.0,
2025-09-06,sl-ar-box,265519,Normal,378.83,395.0,499.95,9999.99,
2025-09-06,sl-bs-box,256141,Normal,522.89,539.99,712.48,9999.99,
2025-09-06,sl-cel-upc,245140,Normal,820.79,967.01,1034.0,20374.99,
2025-09-06,sl-champ-etb,218791,Normal,134.05,145.0,167.5,299.99,
2025-09-06,sl-cz-etb,453470,Normal,206.43,210.0,305.0,4999.99,
2025-09-06,sl-dr-box,624679,Normal,348.89,343.8,399.95,9999.0,
2025-09-06,sl-evs-box,242436,Normal,2498.92,2800.0,3499.98,12000.0,
2025-09-06,sl-evs-etb,243721,Normal,637.22,799.99,999.95,2999.99,
2025-09-06,sl-fs-box,247654,Normal,939.65,1049.99,1200.0,9999.99,
2025-09-06,sl-hf-etb,194729,Normal,422.26,413.0,499.99,9999.98,
2025-09-06,sl-jp-151,565243,Normal,174.88,169.38,199.66,260.99,
2025-09-06,sl-jp-terastal,603428,Normal,95.71,93.54,119.69,200.0,
2025-09-06,sl-jt-box,610931,Normal,246.09,239.99,275.0,551.0,
2025-09-06,sl-lo-box,277324,Normal,817.95,831.99,997.95,9999.99,
2025-09-06,sl-me1-box,644298,Normal,345.67,345.98,345.99,346.99,
2025-09-06,sl-obf-box,501257,Normal,311.56,341.0,385.32,1000.0,
2025-09-06,sl-pe-etb,593355,Normal,103.93,96.0,125.0,2000.0,
2025-09-06,sl-pe-spc,622770,Normal,247.99,249.99,325.0,10000.0,
2025-09-06,sl-pf-etb,528040,Normal,256.46,260.0,299.99,775.0,
2025-09-06,sl-shf-etb,228821,Normal,95.67,90.0,119.97,499.99,
2025-09-06,sl-ss-box,565606,Normal,260.29,246.98,300.0,4999.99,
2025-09-06,sl-st-box,283389,Normal,446.27,449.99,599.99,9999.99,
2025-09-06,sl-tf-box,536225,Normal,247.23,239.99,299.99,500.0,
2025-09-06,sv2-185,497557,Normal,0.31,0.2,0.39,30.0,
2025-09-06,sv2-185,497557,Reverse Holofoil,0.45,0.25,0.6,7.99,
2025-09-06,sv2-254,497669,Holofoil,16.72,14.48,18.97,100.0,17.99
2025-09-06,sv2-269,497689,Holofoil,50.31,48.0,58.79,259.99,
2025-09-06,sv3pt5-151,516566,Holofoil,7.15,5.0,8.0,40.0,
2025-09-06,sv3pt5-199,517045,Holofoil,286.72,248.04,350.0,900.0,
2025-09-06,sv3pt5-205,517051,Holofoil,15.33,12.99,17.59,100.0,
2025-09-06,sv3pt5-4,502555,Normal,0.12,0.01,0.15,5.0,
2025-09-06,sv3pt5-4,502555,Reverse Holofoil,0.22,0.03,0.26,3.99,
2025-09-06,sv3pt5-6,502558,Holofoil,4.41,3.0,5.0,50.0,
2025-09-06,sv3pt5-7,502548,Normal,0.11,0.01,0.15,2.0,0.1
2025-09-06,sv3pt5-7,502548,Reverse Holofoil,0.27,0.05,0.25,3.49,
2025-09-06,sv4pt5-234,535090,Holofoil,278.76,192.64,330.0,549.99,325.96
2025-09-06,sv4pt5-54,534416,Holofoil,3.35,2.0,3.48,34.99,
2025-09-06,sv8-57,590025,Holofoil,5.4,4.45,6.18,50.0,
2025-09-06,sv8pt5-149,610504,Holofoil,199.38,179.99,205.22,800.0,
2025-09-06,sv8pt5-155,610510,Holofoil,199.28,195.47,239.84,499.99,
2025-09-06,sv8pt5-156,610511,Holofoil,301.33,269.5,349.97,800.0,298.99
2025-09-06,sv8pt5-161,610516,Holofoil,841.43,776.01,920.67,1500.0,
2025-09-06,sv8pt5-167,610522,Holofoil,107.58,97.99,119.14,249.95,
2025-09-06,sv8pt5-179,610534,Holofoil,43.65,35.27,59.74,270.0,
2025-09-06,sv8pt5-28,610383,Holofoil,1.09,0.5,1.34,9.95,
2025-09-06,sv8pt5-47,610402,Normal,0.04,0.01,0.1,69420.73,0.02
2025-09-06,sv8pt5-47,610402,Reverse Holofoil,0.08,0.01,0.13,20.0,0.06
2025-09-06,sv8pt5-59,610414,Holofoil,0.25,0.04,0.29,100.0,
2025-09-06,sv8pt5-59,610414,Reverse Holofoil,0.29,0.09,0.39,25.0,0.28
2025-09-06,sv8pt5-60,610415,Holofoil,5.04,3.5,5.41,40.0,
2025-09-06,svp-085,518861,Normal,461.57,494.98,750.0,2500.0,994.49
2025-09-06,swsh11-186,284137,Holofoil,573.72,421.41,644.0,2000.0,634.96
2025-09-06,swsh12-186,451834,Holofoil,377.81,325.0,450.0,799.99,386.99
2025-09-06,swsh12pt5gg-GG69,478100,Holofoil,179.56,152.4,219.99,1000.0,199.69
2025-09-06,swsh35-25,223018,Normal,0.12,0.03,0.2,1.6,
2025-09-06,swsh35-25,223018,Reverse Holofoil,0.2,0.09,0.25,2.0,
2025-09-06,swsh35-74,223073,Holofoil,157.02,147.69,199.95,1500.0,199.49
2025-09-06,swsh45sv-SV107,232496,Holofoil,108.49,94.89,130.0,349.95,118.24
2025-09-06,swsh7-204,246693,Holofoil,29.27,25.99,36.12,150.0,29.69
2025-09-06,swsh7-205,246696,Holofoil,367.63,307.0,400.0,849.99,309.0
2025-09-06,swsh7-208,246755,Holofoil,27.69,25.0,30.23,59.99,29.62
2025-09-06,swsh7-209,246756,Holofoil,258.62,234.0,277.66,599.99,243.09
2025-09-06,swsh7-211,246702,Holofoil,41.09,38.68,53.8,99.99,48.49
2025-09-06,swsh7-212,246704,Holofoil,298.44,285.9,350.0,1000.0,249.98
2025-09-06,swsh7-215,246723,Holofoil,1538.99,1250.0,1955.3,3000.0,1149.98
2025-09-06,swsh7-218,246733,Holofoil,677.36,540.0,749.99,1499.99,739.99
2025-09-06,swsh7-41,246753,Holofoil,5.72,4.0,6.03,19.99,5.99
2025-09-06,swsh7-65,246690,Holofoil,10.31,8.0,10.5,500.0,11.97
2025-09-06,swsh7-75,246701,Holofoil,11.02,7.92,11.15,50.0,12.99
2025-09-06,swsh7-8,246691,Holofoil,5.62,4.0,6.0,100.0,6.09
2025-09-06,swsh8-271,253266,Holofoil,657.59,584.24,799.68,1399.99,700.0
2025-09-06,swsh9-154,263873,Holofoil,249.94,180.98,279.99,1500.0,194.99
2025-09-07,base1-15,42355,Holofoil,115.49,70.0,120.0,300.0,
2025-09-07,base1-16,42356,Holofoil,35.97,20.0,33.5,72.94,39.99
2025-09-07,base1-2,42360,Holofoil,158.72,97.0,149.99,499.99,
2025-09-07,base1-4,42382,Holofoil,460.97,320.29,461.03,1000.0,
2025-09-07,base1-58,42402,Normal,2.96,0.4,2.75,9999.0,
2025-09-07,cel25c-4,250320,Holofoil,130.05,100.0,149.99,499.99,114.08
2025-09-07,gym2-2,83861,1st Edition Holofoil,650.0,452.27,749.99,1001.0,
2025-09-07,gym2-2,83861,Unlimited Holofoil,528.66,309.97,450.69,593.69,401.39
2025-09-07,neo1-9,86903,1st Edition Holofoil,1649.5,1798.78,1900.48,1900.97,
2025-09-07,neo1-9,86903,Unlimited Holofoil,447.38,359.0,399.0,448.36,
2025-09-07,sl-151-bundle,502000,Normal,91.09,83.99,100.0,999.99,
2025-09-07,sl-151-etb,503313,Normal,377.1,399.0,498.0,4999.99,
2025-09-07,sl-151-upc,502005,Normal,557.7,549.99,799.95,30000.0,
2025-09-07,sl-ar-box,265519,Normal,381.27,399.0,500.0,9999.99,
2025-09-07,sl-bs-box,256141,Normal,525.33,539.99,724.95,9999.99,
2025-09-07,sl-cel-upc,245140,Normal,820.79,967.01,1114.25,20374.99,
2025-09-07,sl-champ-etb,218791,Normal,134.49,144.99,159.99,299.99,
2025-09-07,sl-cz-etb,453470,Normal,207.31,210.0,299.99,4999.99,
2025-09-07,sl-dr-box,624679,Normal,353.43,349.99,400.0,9999.0,
2025-09-07,sl-evs-box,242436,Normal,2511.68,2890.0,3524.99,12000.0,
2025-09-07,sl-evs-etb,243721,Normal,637.22,799.99,999.97,2999.99,
2025-09-07,sl-fs-box,247654,Normal,947.37,1049.99,1200.0,9999.99,
2025-09-07,sl-hf-etb,194729,Normal,423.58,425.99,499.99,9999.98,
2025-09-07,sl-jp-151,565243,Normal,174.77,169.38,199.99,260.99,
2025-09-07,sl-jp-terastal,603428,Normal,95.64,93.54,119.97,200.0,
2025-09-07,sl-jt-box,610931,Normal,246.09,239.99,263.0,551.0,
2025-09-07,sl-lo-box,277324,Normal,817.95,831.99,997.95,9999.99,
2025-09-07,sl-me1-box,644298,Normal,343.47,329.99,345.99,346.99,
2025-09-07,sl-obf-box,501257,Normal,314.57,325.0,382.5,1000.0,
2025-09-07,sl-pe-etb,593355,Normal,104.13,96.0,124.97,2000.0,
2025-09-07,sl-pe-spc,622770,Normal,251.66,240.0,303.86,10000.0,
2025-09-07,sl-pf-etb,528040,Normal,259.7,272.98,299.99,775.0,
2025-09-07,sl-shf-etb,228821,Normal,96.59,90.0,120.0,499.99,
2025-09-07,sl-ss-box,565606,Normal,257.3,249.99,300.0,4999.99,
2025-09-07,sl-st-box,283389,Normal,446.71,449.99,599.99,9999.99,
2025-09-07,sl-tf-box,536225,Normal,246.83,242.98,299.99,500.0,
2025-09-07,sv2-185,497557,Normal,0.29,0.25,0.39,30.0,
2025-09-07,sv2-185,497557,Reverse Holofoil,0.44,0.25,0.59,7.99,
2025-09-07,sv2-254,497669,Holofoil,16.01,14.48,18.99,52.5,
2025-09-07,sv2-269,497689,Holofoil,50.76,48.0,58.79,259.99,
2025-09-07,sv3pt5-151,516566,Holofoil,7.04,6.0,8.0,40.0,
2025-09-07,sv3pt5-199,517045,Holofoil,288.26,257.65,359.09,900.0,
2025-09-07,sv3pt5-205,517051,Holofoil,15.43,12.99,17.49,100.0,
2025-09-07,sv3pt5-4,502555,Normal,0.11,0.01,0.15,5.0,
2025-09-07,sv3pt5-4,502555,Reverse Holofoil,0.23,0.03,0.25,3.99,
2025-09-07,sv3pt5-6,502558,Holofoil,4.24,3.0,4.99,50.0,
2025-09-07,sv3pt5-7,502548,Normal,0.13,0.01,0.15,2.0,0.1
2025-09-07,sv3pt5-7,502548,Reverse Holofoil,0.22,0.05,0.25,3.48,
2025-09-07,sv4pt5-234,535090,Holofoil,278.76,296.99,340.0,750.0,325.96
2025-09-07,sv4pt5-54,534416,Holofoil,3.32,2.0,3.49,34.99,
2025-09-07,sv8-57,590025,Holofoil,5.2,4.38,6.22,50.0,
2025-09-07,sv8pt5-149,610504,Holofoil,197.58,184.13,209.99,800.0,
2025-09-07,sv8pt5-155,610510,Holofoil,200.43,195.47,247.09,499.99,
2025-09-07,sv8pt5-156,610511,Holofoil,301.27,274.39,354.84,800.0,
2025-09-07,sv8pt5-161,610516,Holofoil,841.43,776.01,921.35,1500.0,
2025-09-07,sv8pt5-167,610522,Holofoil,107.58,106.95,119.83,249.95,
2025-09-07,sv8pt5-179,610534,Holofoil,43.55,35.32,58.95,270.0,
2025-09-07,sv8pt5-28,610383,Holofoil,1.12,0.5,1.33,9.95,
2025-09-07,sv8pt5-47,610402,Normal,0.04,0.01,0.1,69420.73,0.02
2025-09-07,sv8pt5-47,610402,Reverse Holofoil,0.08,0.01,0.13,20.0,0.07
2025-09-07,sv8pt5-59,610414,Holofoil,0.29,0.04,0.29,100.0,
2025-09-07,sv8pt5-59,610414,Reverse Holofoil,0.27,0.09,0.39,25.0,
2025-09-07,sv8pt5-60,610415,Holofoil,4.75,3.75,5.42,40.0,
2025-09-07,svp-085,518861,Normal,461.57,489.98,700.0,2500.0,994.49
2025-09-07,swsh11-186,284137,Holofoil,573.72,421.41,644.0,2000.0,633.99
2025-09-07,swsh12-186,451834,Holofoil,377.81,325.0,450.0,799.99,386.99
2025-09-07,swsh12pt5gg-GG69,478100,Holofoil,182.2,159.65,222.0,1000.0,207.39
2025-09-07,swsh35-25,223018,Normal,0.12,0.03,0.2,1.6,
2025-09-07,swsh35-25,223018,Reverse Holofoil,0.2,0.09,0.25,2.0,
2025-09-07,swsh35-74,223073,Holofoil,155.9,147.69,199.97,1500.0,199.69
2025-09-07,swsh45sv-SV107,232496,Holofoil,110.14,94.9,133.0,349.95,119.99
2025-09-07,swsh7-204,246693,Holofoil,29.27,25.99,37.24,150.0,29.69
2025-09-07,swsh7-205,246696,Holofoil,367.63,307.0,399.99,849.99,309.0
2025-09-07,swsh7-208,246755,Holofoil,27.69,25.0,30.23,59.99,29.62
2025-09-07,swsh7-209,246756,Holofoil,258.57,234.0,279.26,599.99,243.1
2025-09-07,swsh7-211,246702,Holofoil,41.09,37.0,53.25,99.99,48.49
2025-09-07,swsh7-212,246704,Holofoil,300.56,285.9,347.5,1000.0,249.98
2025-09-07,swsh7-215,246723,Holofoil,1538.99,1250.0,2102.91,3000.0,1149.99
2025-09-07,swsh7-218,246733,Holofoil,677.36,558.99,749.99,1499.99,739.99
2025-09-07,swsh7-41,246753,Holofoil,5.52,4.0,6.25,25.0,6.25
2025-09-07,swsh7-65,246690,Holofoil,10.45,8.0,10.89,500.0,
2025-09-07,swsh7-75,246701,Holofoil,11.3,9.0,11.43,50.0,12.99
2025-09-07,swsh7-8,246691,Holofoil,5.88,4.0,6.0,100.0,6.82
2025-09-07,swsh8-271,253266,Holofoil,657.59,550.0,788.51,1399.99,700.0
2025-09-07,swsh9-154,263873,Holofoil,250.5,180.38,279.95,1500.0,194.99
2025-09-08,base1-15,42355,Holofoil,116.26,69.72,120.63,300.0,
2025-09-08,base1-16,42356,Holofoil,36.35,20.0,33.5,72.94,
2025-09-08,base1-2,42360,Holofoil,158.72,96.51,146.39,499.99,
2025-09-08,base1-4,42382,Holofoil,460.97,283.73,458.47,1000.0,
2025-09-08,base1-58,42402,Normal,3.09,0.4,2.75,9999.0,
2025-09-08,cel25c-4,250320,Holofoil,133.45,100.0,149.97,499.99,114.08
2025-09-08,gym2-2,83861,1st Edition Holofoil,650.0,452.26,726.14,1001.0,
2025-09-08,gym2-2,83861,Unlimited Holofoil,528.66,309.97,450.69,593.69,401.39
2025-09-08,neo1-9,86903,1st Edition Holofoil,1649.5,1798.78,1900.48,1900.97,
2025-09-08,neo1-9,86903,Unlimited Holofoil,447.38,359.0,399.0,448.36,
2025-09-08,sl-151-bundle,502000,Normal,91.51,78.5,100.0,999.99,
2025-09-08,sl-151-etb,503313,Normal,388.78,399.0,499.99,4999.99,
2025-09-08,sl-151-upc,502005,Normal,580.85,549.99,799.99,30000.0,
2025-09-08,sl-ar-box,265519,Normal,385.78,399.0,500.0,9999.99,
2025-09-08,sl-bs-box,256141,Normal,525.33,538.99,700.0,9999.99,
2025-09-08,sl-cel-upc,245140,Normal,820.79,967.01,1114.25,20374.99,
2025-09-08,sl-champ-etb,218791,Normal,135.09,144.99,159.99,299.99,
2025-09-08,sl-cz-etb,453470,Normal,212.39,235.0,300.0,4999.99,
2025-09-08,sl-dr-box,624679,Normal,356.25,349.99,398.47,9999.0,
2025-09-08,sl-evs-box,242436,Normal,2511.68,2850.0,3499.99,12000.0,
2025-09-08,sl-evs-etb,243721,Normal,637.22,799.99,999.97,2999.99,
2025-09-08,sl-fs-box,247654,Normal,947.37,1049.99,1179.95,9999.99,
2025-09-08,sl-hf-etb,194729,Normal,423.58,425.99,499.99,9999.98,
2025-09-08,sl-jp-151,565243,Normal,175.65,169.38,199.99,260.99,
2025-09-08,sl-jp-terastal,603428,Normal,95.98,93.54,117.35,200.0,
2025-09-08,sl-jt-box,610931,Normal,246.2,240.0,265.99,551.0,
2025-09-08,sl-lo-box,277324,Normal,813.55,831.99,996.47,9999.99,
2025-09-08,sl-me1-box,644298,Normal,340.75,329.99,345.99,346.99,
2025-09-08,sl-obf-box,501257,Normal,317.49,330.01,375.0,1000.0,
2025-09-08,sl-pe-etb,593355,Normal,103.07,96.0,124.97,2000.0,
2025-09-08,sl-pe-spc,622770,Normal,252.46,240.0,302.78,10000.0,
2025-09-08,sl-pf-etb,528040,Normal,264.98,274.98,349.99,775.0,
2025-09-08,sl-shf-etb,228821,Normal,97.15,90.0,119.99,499.99,
2025-09-08,sl-ss-box,565606,Normal,257.7,249.99,300.0,4999.99,
2025-09-08,sl-st-box,283389,Normal,448.51,449.99,596.56,9999.99,
2025-09-08,sl-tf-box,536225,Normal,247.95,242.98,299.99,500.0,
2025-09-08,sv2-185,497557,Normal,0.31,0.25,0.39,30.0,
2025-09-08,sv2-185,497557,Reverse Holofoil,0.43,0.25,0.59,7.99,
2025-09-08,sv2-254,497669,Holofoil,16.13,14.48,18.41,52.5,
2025-09-08,sv2-269,497689,Holofoil,50.82,48.0,58.36,259.99,
2025-09-08,sv3pt5-151,516566,Holofoil,7.28,5.7,8.0,40.0,
2025-09-08,sv3pt5-199,517045,Holofoil,294.23,249.99,352.47,900.0,
2025-09-08,sv3pt5-205,517051,Holofoil,15.62,10.99,17.66,100.0,
2025-09-08,sv3pt5-4,502555,Normal,0.1,0.01,0.15,5.0,
2025-09-08,sv3pt5-4,502555,Reverse Holofoil,0.22,0.03,0.25,2.95,
2025-09-08,sv3pt5-6,502558,Holofoil,4.39,3.0,4.99,50.0,
2025-09-08,sv3pt5-7,502548,Normal,0.14,0.01,0.15,2.0,
2025-09-08,sv3pt5-7,502548,Reverse Holofoil,0.23,0.05,0.25,3.47,
2025-09-08,sv4pt5-234,535090,Holofoil,281.79,296.99,350.0,750.0,
2025-09-08,sv4pt5-54,534416,Holofoil,3.14,2.21,3.49,34.99,
2025-09-08,sv8-57,590025,Holofoil,5.43,4.62,6.18,50.0,
2025-09-08,sv8pt5-149,610504,Holofoil,196.91,185.0,214.48,800.0,
2025-09-08,sv8pt5-155,610510,Holofoil,200.43,195.47,241.81,499.99,
2025-09-08,sv8pt5-156,610511,Holofoil,300.85,275.0,362.16,800.0,
2025-09-08,sv8pt5-161,610516,Holofoil,841.43,776.01,925.29,1500.0,
2025-09-08,sv8pt5-167,610522,Holofoil,107.21,103.91,119.83,249.95,
2025-09-08,sv8pt5-179,610534,Holofoil,43.62,35.33,56.07,270.0,
2025-09-08,sv8pt5-28,610383,Holofoil,1.0,0.5,1.3,9.95,
2025-09-08,sv8pt5-47,610402,Normal,0.05,0.01,0.1,69420.73,0.02
2025-09-08,sv8pt5-47,610402,Reverse Holofoil,0.08,0.01,0.13,20.0,0.07
2025-09-08,sv8pt5-59,610414,Holofoil,0.28,0.04,0.29,100.0,
2025-09-08,sv8pt5-59,610414,Reverse Holofoil,0.29,0.05,0.38,25.0,
2025-09-08,sv8pt5-60,610415,Holofoil,4.86,3.75,5.39,40.0,
2025-09-08,svp-085,518861,Normal,461.49,479.99,700.0,2500.0,994.44
2025-09-08,swsh11-186,284137,Holofoil,573.72,421.41,642.0,2000.0,633.98
2025-09-08,swsh12-186,451834,Holofoil,405.49,325.0,461.13,999.99,386.99
2025-09-08,swsh12pt5gg-GG69,478100,Holofoil,184.69,175.65,227.0,1000.0,219.98
2025-09-08,swsh35-25,223018,Normal,0.12,0.03,0.2,1.6,
2025-09-08,swsh35-25,223018,Reverse Holofoil,0.2,0.09,0.25,2.0,
2025-09-08,swsh35-74,223073,Holofoil,155.9,147.69,199.97,1500.0,199.69
2025-09-08,swsh45sv-SV107,232496,Holofoil,111.45,94.9,143.69,349.95,124.99
2025-09-08,swsh7-204,246693,Holofoil,29.27,25.99,37.32,150.0,29.69
2025-09-08,swsh7-205,246696,Holofoil,378.09,307.0,402.2,849.99,309.0
2025-09-08,swsh7-208,246755,Holofoil,27.69,25.0,30.01,66.66,29.62
2025-09-08,swsh7-209,246756,Holofoil,258.57,234.0,282.68,599.99,243.09
2025-09-08,swsh7-211,246702,Holofoil,41.09,37.0,50.0,99.99,48.49
2025-09-08,swsh7-212,246704,Holofoil,300.56,285.9,347.5,1000.0,249.98
2025-09-08,swsh7-215,246723,Holofoil,1538.99,1250.0,1929.54,3000.0,1149.99
2025-09-08,swsh7-218,246733,Holofoil,675.96,558.99,739.99,1499.99,739.99
2025-09-08,swsh7-41,246753,Holofoil,5.53,4.0,6.22,25.0,6.25
2025-09-08,swsh7-65,246690,Holofoil,10.62,8.0,10.85,500.0,
2025-09-08,swsh7-75,246701,Holofoil,11.44,9.0,11.54,50.0,14.99
2025-09-08,swsh7-8,246691,Holofoil,5.87,3.99,6.0,100.0,7.12
2025-09-08,swsh8-271,253266,Holofoil,659.59,550.0,799.44,1399.99,799.2
2025-09-08,swsh9-154,263873,Holofoil,251.18,180.38,279.95,1500.0,270.93
2025-09-09,base1-15,42355,Holofoil,116.26,69.72,119.99,300.0,
2025-09-09,base1-16,42356,Holofoil,37.05,20.0,34.14,72.94,
2025-09-09,base1-2,42360,Holofoil,158.72,97.0,150.39,499.99,
2025-09-09,base1-4,42382,Holofoil,460.97,320.29,461.03,1000.0,
2025-09-09,base1-58,42402,Normal,3.12,0.4,2.75,9999.0,
2025-09-09,cel25c-4,250320,Holofoil,134.22,100.0,149.95,499.99,114.08
2025-09-09,gym2-2,83861,1st Edition Holofoil,650.0,1000.0,1001.0,1199.99,
2025-09-09,gym2-2,83861,Unlimited Holofoil,528.66,309.97,475.46,593.69,401.39
2025-09-09,neo1-9,86903,1st Edition Holofoil,1649.5,1798.78,1900.48,1900.97,
2025-09-09,neo1-9,86903,Unlimited Holofoil,422.66,359.0,389.77,447.38,
2025-09-09,sl-151-bundle,502000,Normal,90.35,82.0,99.99,999.99,
2025-09-09,sl-151-etb,503313,Normal,394.67,399.0,499.99,4999.99,
2025-09-09,sl-151-upc,502005,Normal,587.54,549.99,795.0,30000.0,
2025-09-09,sl-ar-box,265519,Normal,385.78,410.56,500.0,9999.99,
2025-09-09,sl-bs-box,256141,Normal,529.33,530.0,700.0,9999.99,
2025-09-09,sl-cel-upc,245140,Normal,827.67,950.0,1029.5,20374.99,
2025-09-09,sl-champ-etb,218791,Normal,135.09,144.99,159.99,299.99,
2025-09-09,sl-cz-etb,453470,Normal,213.95,227.0,280.0,4999.99,
2025-09-09,sl-dr-box,624679,Normal,359.66,350.0,398.95,9999.0,
2025-09-09,sl-evs-box,242436,Normal,2529.68,2749.99,3500.0,12000.0,
2025-09-09,sl-evs-etb,243721,Normal,637.22,799.99,999.97,2999.99,
2025-09-09,sl-fs-box,247654,Normal,947.37,1049.99,1199.95,9999.99,
2025-09-09,sl-hf-etb,194729,Normal,423.58,425.99,499.99,9999.98,
2025-09-09,sl-jp-151,565243,Normal,176.49,169.38,199.99,299.0,
2025-09-09,sl-jp-terastal,603428,Normal,96.12,93.54,117.35,200.0,
2025-09-09,sl-jt-box,610931,Normal,246.95,244.0,260.0,551.0,
2025-09-09,sl-lo-box,277324,Normal,820.79,797.99,997.94,9999.99,
2025-09-09,sl-me1-box,644298,Normal,339.71,323.0,329.97,346.0,
2025-09-09,sl-obf-box,501257,Normal,322.33,330.01,369.99,1000.0,
2025-09-09,sl-pe-etb,593355,Normal,102.03,95.0,125.0,2000.0,
2025-09-09,sl-pe-spc,622770,Normal,252.42,249.99,302.27,10000.0,
2025-09-09,sl-pf-etb,528040,Normal,269.9,289.0,334.99,775.0,
2025-09-09,sl-shf-etb,228821,Normal,97.15,90.0,117.47,499.99,
2025-09-09,sl-ss-box,565606,Normal,252.4,240.0,300.0,4999.99,
2025-09-09,sl-st-box,283389,Normal,452.43,449.99,599.99,9999.99,
2025-09-09,sl-tf-box,536225,Normal,247.95,229.99,299.99,500.0,
2025-09-09,sv2-185,497557,Normal,0.39,0.19,0.4,30.0,
2025-09-09,sv2-185,497557,Reverse Holofoil,0.44,0.25,0.59,7.99,
2025-09-09,sv2-254,497669,Holofoil,16.14,14.56,18.13,52.5,
2025-09-09,sv2-269,497689,Holofoil,50.81,48.0,57.5,259.99,
2025-09-09,sv3pt5-151,516566,Holofoil,6.78,6.0,8.0,40.0,
2025-09-09,sv3pt5-199,517045,Holofoil,292.12,257.65,349.99,900.0,
2025-09-09,sv3pt5-205,517051,Holofoil,15.65,12.99,17.95,100.0,
2025-09-09,sv3pt5-4,502555,Normal,0.1,0.01,0.15,5.0,
2025-09-09,sv3pt5-4,502555,Reverse Holofoil,0.23,0.03,0.25,2.95,
2025-09-09,sv3pt5-6,502558,Holofoil,4.41,3.1,4.99,50.0,
2025-09-09,sv3pt5-7,502548,Normal,0.15,0.01,0.16,2.0,
2025-09-09,sv3pt5-7,502548,Reverse Holofoil,0.23,0.04,0.25,3.46,
2025-09-09,sv4pt5-234,535090,Holofoil,283.96,289.99,349.5,750.0,
2025-09-09,sv4pt5-54,534416,Holofoil,3.36,1.99,3.41,34.99,
2025-09-09,sv8-57,590025,Holofoil,5.27,3.69,6.08,50.0,
2025-09-09,sv8pt5-149,610504,Holofoil,192.33,185.0,216.6,800.0,
2025-09-09,sv8pt5-155,610510,Holofoil,200.93,195.47,239.84,499.99,
2025-09-09,sv8pt5-156,610511,Holofoil,300.85,275.0,359.68,800.0,
2025-09-09,sv8pt5-161,610516,Holofoil,841.43,776.01,921.35,1500.0,
2025-09-09,sv8pt5-167,610522,Holofoil,107.32,103.91,119.95,249.95,
2025-09-09,sv8pt5-179,610534,Holofoil,43.85,38.0,57.27,270.0,
2025-09-09,sv8pt5-28,610383,Holofoil,1.13,0.45,1.3,9.95,
2025-09-09,sv8pt5-47,610402,Normal,0.04,0.01,0.1,69420.73,0.02
2025-09-09,sv8pt5-47,610402,Reverse Holofoil,0.08,0.01,0.12,20.0,0.07
2025-09-09,sv8pt5-59,610414,Holofoil,0.25,0.04,0.29,100.0,
2025-09-09,sv8pt5-59,610414,Reverse Holofoil,0.26,0.05,0.38,25.0,
2025-09-09,sv8pt5-60,610415,Holofoil,5.0,3.7,5.35,40.0,
2025-09-09,svp-085,518861,Normal,461.49,479.99,575.0,2500.0,600.0
2025-09-09,swsh11-186,284137,Holofoil,573.72,421.41,639.99,2000.0,633.97
2025-09-09,swsh12-186,451834,Holofoil,407.85,350.98,492.35,999.99,386.99
2025-09-09,swsh12pt5gg-GG69,478100,Holofoil,186.86,175.65,226.32,1000.0,219.99
2025-09-09,swsh35-25,223018,Normal,0.12,0.03,0.2,1.6,
2025-09-09,swsh35-25,223018,Reverse Holofoil,0.2,0.09,0.25,2.0,
2025-09-09,swsh35-74,223073,Holofoil,156.15,147.69,199.95,1500.0,199.69
2025-09-09,swsh45sv-SV107,232496,Holofoil,112.1,94.9,142.44,349.95,124.99
2025-09-09,swsh7-204,246693,Holofoil,29.28,25.99,36.16,150.0,29.69
2025-09-09,swsh7-205,246696,Holofoil,379.49,307.0,404.39,849.99,309.0
2025-09-09,swsh7-208,246755,Holofoil,27.69,25.0,30.01,59.99,29.62
2025-09-09,swsh7-209,246756,Holofoil,258.57,230.0,284.29,599.99,243.09
2025-09-09,swsh7-211,246702,Holofoil,41.09,37.0,49.0,99.99,44.75
2025-09-09,swsh7-212,246704,Holofoil,300.56,285.9,350.0,1000.0,249.98
2025-09-09,swsh7-215,246723,Holofoil,1612.35,1250.0,2052.48,3000.0,1149.99
2025-09-09,swsh7-218,246733,Holofoil,676.11,558.99,748.72,1499.99,739.99
2025-09-09,swsh7-41,246753,Holofoil,5.34,4.35,6.31,25.0,6.88
2025-09-09,swsh7-65,246690,Holofoil,10.6,8.0,10.85,500.0,
2025-09-09,swsh7-75,246701,Holofoil,11.53,9.0,11.99,50.0,10.95
2025-09-09,swsh7-8,246691,Holofoil,5.78,3.99,5.99,100.0,5.46
2025-09-09,swsh8-271,253266,Holofoil,665.59,550.0,799.44,1399.99,799.19
2025-09-09,swsh9-154,263873,Holofoil,251.78,180.55,279.97,1500.0,270.93
2025-09-10,base1-15,42355,Holofoil,116.28,69.72,119.99,300.0,
2025-09-10,base1-16,42356,Holofoil,37.3,20.0,35.73,72.94,
2025-09-10,base1-2,42360,Holofoil,158.72,97.0,150.39,499.99,
2025-09-10,base1-4,42382,Holofoil,460.97,310.0,460.54,1000.0,
2025-09-10,base1-58,42402,Normal,3.43,0.4,2.78,9999.0,
2025-09-10,cel25c-4,250320,Holofoil,134.22,100.0,149.94,499.99,114.08
2025-09-10,gym2-2,83861,1st Edition Holofoil,516.67,1000.0,1001.0,1199.99,
2025-09-10,gym2-2,83861,Unlimited Holofoil,528.66,309.98,487.73,593.69,397.38
2025-09-10,neo1-9,86903,1st Edition Holofoil,1649.5,1798.78,1899.99,1900.97,
2025-09-10,neo1-9,86903,Unlimited Holofoil,422.66,276.3,370.72,447.38,
2025-09-10,sl-151-bundle,502000,Normal,88.86,83.5,99.99,999.99,
2025-09-10,sl-151-etb,503313,Normal,397.83,404.99,499.99,4999.99,
2025-09-10,sl-151-upc,502005,Normal,588.46,549.99,795.0,30000.0,
2025-09-10,sl-ar-box,265519,Normal,385.78,405.0,500.0,9999.99,
2025-09-10,sl-bs-box,256141,Normal,533.97,539.99,724.97,9999.99,
2025-09-10,sl-cel-upc,245140,Normal,827.67,948.0,1025.0,20374.99,
2025-09-10,sl-champ-etb,218791,Normal,136.75,144.99,159.99,299.99,
2025-09-10,sl-cz-etb,453470,Normal,219.83,220.0,289.5,4999.99,
2025-09-10,sl-dr-box,624679,Normal,359.72,349.0,399.99,9999.0,
2025-09-10,sl-evs-box,242436,Normal,2529.68,2749.0,3449.99,12000.0,
2025-09-10,sl-evs-etb,243721,Normal,637.22,799.99,999.95,2999.99,
2025-09-10,sl-fs-box,247654,Normal,953.61,1049.99,1199.97,9999.99,
2025-09-10,sl-hf-etb,194729,Normal,423.1,425.0,499.99,9999.98,
2025-09-10,sl-jp-151,565243,Normal,178.64,180.0,199.99,300.0,
2025-09-10,sl-jp-terastal,603428,Normal,98.07,95.0,119.83,200.0,
2025-09-10,sl-jt-box,610931,Normal,246.95,244.0,263.0,551.0,
2025-09-10,sl-lo-box,277324,Normal,815.87,795.0,997.95,9999.99,
2025-09-10,sl-me1-box,644298,Normal,333.41,317.0,326.95,346.0,
2025-09-10,sl-obf-box,501257,Normal,322.33,329.0,369.99,1000.0,
2025-09-10,sl-pe-etb,593355,Normal,106.95,97.0,125.07,2000.0,
2025-09-10,sl-pe-spc,622770,Normal,252.25,248.99,300.0,10000.0,
2025-09-10,sl-pf-etb,528040,Normal,271.46,289.0,324.95,775.0,
2025-09-10,sl-shf-etb,228821,Normal,97.55,90.0,112.49,499.99,
2025-09-10,sl-ss-box,565606,Normal,255.11,240.0,299.99,4999.99,
2025-09-10,sl-st-box,283389,Normal,452.43,449.99,596.56,9999.99,
2025-09-10,sl-tf-box,536225,Normal,247.55,242.98,299.99,500.0,
2025-09-10,sv2-185,497557,Normal,0.38,0.17,0.4,30.0,
2025-09-10,sv2-185,497557,Reverse Holofoil,0.44,0.24,0.59,7.99,0.4
2025-09-10,sv2-254,497669,Holofoil,16.33,14.56,17.93,52.5,
2025-09-10,sv2-269,497689,Holofoil,50.75,45.0,57.99,259.99,49.5
2025-09-10,sv3pt5-151,516566,Holofoil,6.71,5.32,8.0,40.0,8.03
2025-09-10,sv3pt5-199,517045,Holofoil,290.36,257.66,339.0,900.0,257.66
2025-09-10,sv3pt5-205,517051,Holofoil,14.91,13.45,17.99,100.0,15.48
2025-09-10,sv3pt5-4,502555,Normal,0.11,0.01,0.15,5.0,0.05
2025-09-10,sv3pt5-4,502555,Reverse Holofoil,0.26,0.03,0.25,2.95,0.22
2025-09-10,sv3pt5-6,502558,Holofoil,4.28,3.1,4.99,50.0,3.87
2025-09-10,sv3pt5-7,502548,Normal,0.14,0.01,0.15,2.0,
2025-09-10,sv3pt5-7,502548,Reverse Holofoil,0.2,0.04,0.25,3.45,
2025-09-10,sv4pt5-234,535090,Holofoil,288.43,249.6,349.0,750.0,399.99
2025-09-10,sv4pt5-54,534416,Holofoil,3.46,2.21,3.51,34.99,3.02
2025-09-10,sv8-57,590025,Holofoil,5.18,3.69,6.0,50.0,6.2
2025-09-10,sv8pt5-149,610504,Holofoil,192.33,181.41,216.9,800.0,
2025-09-10,sv8pt5-155,610510,Holofoil,200.93,195.47,239.69,499.99,
2025-09-10,sv8pt5-156,610511,Holofoil,301.44,275.0,399.0,800.0,
2025-09-10,sv8pt5-161,610516,Holofoil,841.43,776.01,925.0,1500.0,
2025-09-10,sv8pt5-167,610522,Holofoil,108.67,102.56,123.5,249.95,115.84
2025-09-10,sv8pt5-179,610534,Holofoil,43.85,43.48,55.55,270.0,
2025-09-10,sv8pt5-28,610383,Holofoil,1.03,0.5,1.29,9.99,1.0
2025-09-10,sv8pt5-47,610402,Normal,0.04,0.01,0.1,69420.73,0.02
2025-09-10,sv8pt5-47,610402,Reverse Holofoil,0.07,0.01,0.12,20.0,0.07
2025-09-10,sv8pt5-59,610414,Holofoil,0.23,0.04,0.29,100.0,0.2
2025-09-10,sv8pt5-59,610414,Reverse Holofoil,0.28,0.05,0.38,25.0,0.24
2025-09-10,sv8pt5-60,610415,Holofoil,4.3,3.98,5.25,40.0,5.25
2025-09-10,svp-085,518861,Normal,461.49,482.99,600.0,2500.0,600.0
2025-09-10,swsh11-186,284137,Holofoil,573.72,433.0,649.95,2000.0,633.95
2025-09-10,swsh12-186,451834,Holofoil,408.85,350.98,482.5,999.99,386.99
2025-09-10,swsh12pt5gg-GG69,478100,Holofoil,190.38,180.86,226.78,1000.0,180.86
2025-09-10,swsh35-25,223018,Normal,0.11,0.03,0.2,1.6,
2025-09-10,swsh35-25,223018,Reverse Holofoil,0.2,0.09,0.25,2.0,
2025-09-10,swsh35-74,223073,Holofoil,156.15,147.69,199.95,1500.0,199.69
2025-09-10,swsh45sv-SV107,232496,Holofoil,113.55,94.9,149.99,349.95,127.54
2025-09-10,swsh7-204,246693,Holofoil,29.49,25.99,36.21,150.0,29.69
2025-09-10,swsh7-205,246696,Holofoil,379.49,306.99,400.0,849.99,306.99
2025-09-10,swsh7-208,246755,Holofoil,28.03,25.0,31.0,59.99,33.56
2025-09-10,swsh7-209,246756,Holofoil,258.57,230.0,284.43,599.99,243.09
2025-09-10,swsh7-211,246702,Holofoil,41.48,36.5,49.0,99.99,42.24
2025-09-10,swsh7-212,246704,Holofoil,300.56,285.9,350.0,1000.0,249.98
2025-09-10,swsh7-215,246723,Holofoil,1859.73,1899.99,2711.0,3000.0,1149.99
2025-09-10,swsh7-218,246733,Holofoil,676.11,558.99,744.36,1499.99,739.99
2025-09-10,swsh7-41,246753,Holofoil,5.3,4.21,6.32,25.0,6.88
2025-09-10,swsh7-65,246690,Holofoil,10.42,8.0,10.9,500.0,
2025-09-10,swsh7-75,246701,Holofoil,11.4,9.0,11.99,50.0,15.3
2025-09-10,swsh7-8,246691,Holofoil,5.86,3.99,6.0,100.0,7.12
2025-09-10,swsh8-271,253266,Holofoil,698.24,550.0,763.0,1399.99,799.19
2025-09-10,swsh9-154,263873,Holofoil,252.01,200.0,296.38,1500.0,270.93
2025-09-11,base1-15,42355,Holofoil,116.28,69.72,114.38,300.0,
2025-09-11,base1-16,42356,Holofoil,37.3,20.0,35.54,72.94,
2025-09-11,base1-2,42360,Holofoil,158.72,95.99,150.39,499.99,
2025-09-11,base1-4,42382,Holofoil,460.97,320.29,460.76,1000.0,
2025-09-11,base1-58,42402,Normal,3.39,0.4,2.82,9999.0,
2025-09-11,cel25c-4,250320,Holofoil,135.88,119.89,149.99,499.99,114.08
2025-09-11,gym2-2,83861,1st Edition Holofoil,516.67,849.99,1000.5,1199.99,
2025-09-11,gym2-2,83861,Unlimited Holofoil,528.66,309.98,475.46,593.69,393.4
2025-09-11,neo1-9,86903,1st Edition Holofoil,1649.5,1798.78,1899.99,1900.97,
2025-09-11,neo1-9,86903,Unlimited Holofoil,422.66,269.96,359.99,447.38,
2025-09-11,sl-151-bundle,502000,Normal,86.67,81.98,100.0,999.99,
2025-09-11,sl-151-etb,503313,Normal,400.19,404.99,498.0,4999.99,
2025-09-11,sl-151-upc,502005,Normal,592.19,549.99,799.95,30000.0,
2025-09-11,sl-ar-box,265519,Normal,385.78,405.0,500.0,9999.99,
2025-09-11,sl-bs-box,256141,Normal,533.97,539.99,724.99,9999.99,
2025-09-11,sl-cel-upc,245140,Normal,827.67,948.0,1000.0,20374.99,
2025-09-11,sl-champ-etb,218791,Normal,136.75,144.99,159.99,299.99,
2025-09-11,sl-cz-etb,453470,Normal,219.83,220.0,272.48,4999.99,
2025-09-11,sl-dr-box,624679,Normal,366.35,349.0,399.97,9999.0,
2025-09-11,sl-evs-box,242436,Normal,2529.68,2749.0,3400.0,12000.0,
2025-09-11,sl-evs-etb,243721,Normal,637.22,799.99,999.95,2999.99,
2025-09-11,sl-fs-box,247654,Normal,968.57,1049.99,1200.0,9999.99,
2025-09-11,sl-hf-etb,194729,Normal,423.1,425.0,499.99,9999.98,
2025-09-11,sl-jp-151,565243,Normal,180.79,180.0,199.99,300.0,
2025-09-11,sl-jp-terastal,603428,Normal,98.63,95.0,119.83,200.0,
2025-09-11,sl-jt-box,610931,Normal,246.81,244.0,260.0,551.0,
2025-09-11,sl-lo-box,277324,Normal,818.67,797.99,996.47,9999.99,
2025-09-11,sl-me1-box,644298,Normal,329.33,300.0,323.74,346.0,
2025-09-11,sl-obf-box,501257,Normal,322.33,325.0,356.48,1000.0,
2025-09-11,sl-pe-etb,593355,Normal,107.15,99.0,129.99,2000.0,
2025-09-11,sl-pe-spc,622770,Normal,251.72,240.0,300.0,10000.0,
2025-09-11,sl-pf-etb,528040,Normal,273.46,295.0,324.95,775.0,
2025-09-11,sl-shf-etb,228821,Normal,97.59,90.0,117.47,499.99,
2025-09-11,sl-ss-box,565606,Normal,251.84,240.0,300.0,4999.99,
2025-09-11,sl-st-box,283389,Normal,453.03,449.99,599.99,9999.99,
2025-09-11,sl-tf-box,536225,Normal,246.47,247.55,299.99,700.0,
2025-09-11,sv2-185,497557,Normal,0.33,0.16,0.4,30.0,
2025-09-11,sv2-185,497557,Reverse Holofoil,0.43,0.2,0.59,7.99,
2025-09-11,sv2-254,497669,Holofoil,16.24,14.48,17.99,52.5,
2025-09-11,sv2-269,497689,Holofoil,50.67,46.67,56.78,259.99,49.5
2025-09-11,sv3pt5-151,516566,Holofoil,6.46,5.0,7.99,40.0,
2025-09-11,sv3pt5-199,517045,Holofoil,293.94,257.66,345.0,900.0,257.66
2025-09-11,sv3pt5-205,517051,Holofoil,15.23,13.45,18.0,100.0,14.91
2025-09-11,sv3pt5-4,502555,Normal,0.1,0.01,0.15,5.0,
2025-09-11,sv3pt5-4,502555,Reverse Holofoil,0.26,0.03,0.26,5.0,
2025-09-11,sv3pt5-6,502558,Holofoil,4.12,3.25,4.99,30.0,5.59
2025-09-11,sv3pt5-7,502548,Normal,0.15,0.01,0.15,2.0,
2025-09-11,sv3pt5-7,502548,Reverse Holofoil,0.17,0.04,0.25,5.0,
2025-09-11,sv4pt5-234,535090,Holofoil,293.3,275.99,328.5,750.0,399.99
2025-09-11,sv4pt5-54,534416,Holofoil,3.17,2.21,3.41,34.99,
2025-09-11,sv8-57,590025,Holofoil,5.48,3.67,6.0,50.0,
2025-09-11,sv8pt5-149,610504,Holofoil,191.97,190.0,217.19,800.0,
2025-09-11,sv8pt5-155,610510,Holofoil,200.93,194.81,230.0,499.99,
2025-09-11,sv8pt5-156,610511,Holofoil,300.37,298.99,379.69,800.0,
2025-09-11,sv8pt5-161,610516,Holofoil,841.43,775.78,916.01,1500.0,
2025-09-11,sv8pt5-167,610522,Holofoil,109.66,103.91,121.99,249.95,
2025-09-11,sv8pt5-179,610534,Holofoil,43.84,42.33,54.99,270.0,
2025-09-11,sv8pt5-28,610383,Holofoil,0.97,0.5,1.27,9.95,
2025-09-11,sv8pt5-47,610402,Normal,0.04,0.01,0.1,69420.73,0.02
2025-09-11,sv8pt5-47,610402,Reverse Holofoil,0.07,0.01,0.12,20.0,0.07
2025-09-11,sv8pt5-59,610414,Holofoil,0.23,0.04,0.28,100.0,
2025-09-11,sv8pt5-59,610414,Reverse Holofoil,0.31,0.05,0.39,25.0,0.24
2025-09-11,sv8pt5-60,610415,Holofoil,4.4,3.95,5.23,40.0,
2025-09-11,svp-085,518861,Normal,461.49,480.0,549.99,2500.0,600.0
2025-09-11,swsh11-186,284137,Holofoil,573.43,433.0,649.69,2000.0,633.94
2025-09-11,swsh12-186,451834,Holofoil,408.85,350.98,485.0,999.99,386.99
2025-09-11,swsh12pt5gg-GG69,478100,Holofoil,198.2,187.74,231.6,1000.0,233.05
2025-09-11,swsh35-25,223018,Normal,0.11,0.03,0.2,1.6,
2025-09-11,swsh35-25,223018,Reverse Holofoil,0.19,0.09,0.25,2.0,
2025-09-11,swsh35-74,223073,Holofoil,156.15,148.4,199.95,1500.0,199.69
2025-09-11,swsh45sv-SV107,232496,Holofoil,113.55,94.9,147.61,349.95,127.54
2025-09-11,swsh7-204,246693,Holofoil,29.87,25.99,36.6,150.0,29.69
2025-09-11,swsh7-205,246696,Holofoil,379.49,306.99,400.0,849.99,306.99
2025-09-11,swsh7-208,246755,Holofoil,28.07,25.0,31.77,59.99,33.56
2025-09-11,swsh7-209,246756,Holofoil,255.86,230.0,284.15,599.99,243.09
2025-09-11,swsh7-211,246702,Holofoil,41.66,36.5,49.0,99.99,42.42
2025-09-11,swsh7-212,246704,Holofoil,301.75,318.48,364.82,1000.0,249.98
2025-09-11,swsh7-215,246723,Holofoil,2132.02,1899.99,2999.82,3198.08,
2025-09-11,swsh7-218,246733,Holofoil,675.16,558.99,744.84,1499.99,739.99
2025-09-11,swsh7-41,246753,Holofoil,5.08,4.35,6.46,25.0,6.88
2025-09-11,swsh7-65,246690,Holofoil,10.31,8.0,10.98,500.0,
2025-09-11,swsh7-75,246701,Holofoil,11.63,9.53,12.0,50.0,15.99
2025-09-11,swsh7-8,246691,Holofoil,5.49,3.99,6.0,100.0,5.98
2025-09-11,swsh8-271,253266,Holofoil,708.24,526.5,763.0,1399.99,789.69
2025-09-11,swsh9-154,263873,Holofoil,262.0,200.0,332.43,1500.0,270.93
2025-09-12,base1-15,42355,Holofoil,115.87,69.72,119.72,300.0,
2025-09-12,base1-16,42356,Holofoil,37.13,20.0,35.3,72.94,39.99
2025-09-12,base1-2,42360,Holofoil,158.72,95.99,150.78,499.99,
2025-09-12,base1-4,42382,Holofoil,461.44,320.36,463.47,1000.0,
2025-09-12,base1-58,42402,Normal,3.38,0.4,2.78,9999.0,
2025-09-12,cel25c-4,250320,Holofoil,136.28,119.89,149.99,499.99,114.08
2025-09-12,gym2-2,83861,1st Edition Holofoil,637.75,849.99,1000.0,1199.99,
2025-09-12,gym2-2,83861,Unlimited Holofoil,528.66,309.98,487.73,2344.85,309.98
2025-09-12,neo1-9,86903,1st Edition Holofoil,1649.5,1798.78,1899.99,1900.97,
2025-09-12,neo1-9,86903,Unlimited Holofoil,422.66,269.96,359.99,447.38,
2025-09-12,sl-151-bundle,502000,Normal,91.32,89.99,100.12,999.99,
2025-09-12,sl-151-etb,503313,Normal,399.99,404.99,488.88,4999.99,
2025-09-12,sl-151-upc,502005,Normal,594.19,549.99,799.95,30000.0,
2025-09-12,sl-ar-box,265519,Normal,387.52,405.0,500.0,9999.99,
2025-09-12,sl-bs-box,256141,Normal,534.77,539.99,724.99,9999.99,
2025-09-12,sl-cel-upc,245140,Normal,827.67,948.0,1000.0,30562.49,
2025-09-12,sl-champ-etb,218791,Normal,136.75,144.99,159.99,299.99,
2025-09-12,sl-cz-etb,453470,Normal,219.83,207.0,254.49,4999.99,
2025-09-12,sl-dr-box,624679,Normal,386.98,389.95,433.22,9999.0,
2025-09-12,sl-evs-box,242436,Normal,2529.68,2700.0,3200.0,12000.0,
2025-09-12,sl-evs-etb,243721,Normal,637.22,799.99,999.48,2999.99,
2025-09-12,sl-fs-box,247654,Normal,976.77,1049.99,1200.0,9999.99,
2025-09-12,sl-hf-etb,194729,Normal,423.1,416.0,499.99,9999.98,
2025-09-12,sl-jp-151,565243,Normal,181.79,172.0,199.99,300.0,
2025-09-12,sl-jp-terastal,603428,Normal,99.47,95.0,119.99,200.0,
2025-09-12,sl-jt-box,610931,Normal,246.77,244.0,263.0,551.0,
2025-09-12,sl-lo-box,277324,Normal,820.67,797.99,996.47,9999.99,
2025-09-12,sl-me1-box,644298,Normal,320.96,300.37,319.72,346.0,
2025-09-12,sl-obf-box,501257,Normal,325.05,325.0,363.23,1000.0,
2025-09-12,sl-pe-etb,593355,Normal,114.03,103.07,129.99,2000.0,
2025-09-12,sl-pe-spc,622770,Normal,249.9,240.0,300.0,10000.0,
2025-09-12,sl-pf-etb,528040,Normal,277.39,289.01,308.99,775.0,
2025-09-12,sl-shf-etb,228821,Normal,98.9,90.0,114.98,499.99,
2025-09-12,sl-ss-box,565606,Normal,249.65,240.0,299.0,4999.99,
2025-09-12,sl-st-box,283389,Normal,453.03,449.99,599.99,9999.99,
2025-09-12,sl-tf-box,536225,Normal,246.47,247.55,299.99,700.0,
2025-09-12,sv2-185,497557,Normal,0.31,0.18,0.4,30.0,
2025-09-12,sv2-185,497557,Reverse Holofoil,0.43,0.2,0.59,7.99,0.5
2025-09-12,sv2-254,497669,Holofoil,16.08,14.4,18.02,111.35,17.29
2025-09-12,sv2-269,497689,Holofoil,50.33,44.99,56.33,259.99,49.5
2025-09-12,sv3pt5-151,516566,Holofoil,6.92,5.5,7.98,65.0,6.92
2025-09-12,sv3pt5-199,517045,Holofoil,293.03,258.0,330.0,900.0,292.75
2025-09-12,sv3pt5-205,517051,Holofoil,16.3,14.16,18.61,100.0,15.47
2025-09-12,sv3pt5-4,502555,Normal,0.11,0.01,0.15,5.0,
2025-09-12,sv3pt5-4,502555,Reverse Holofoil,0.29,0.03,0.27,5.0,
2025-09-12,sv3pt5-6,502558,Holofoil,4.86,3.25,4.99,30.0,4.86
2025-09-12,sv3pt5-7,502548,Normal,0.15,0.01,0.15,2.0,0.12
2025-09-12,sv3pt5-7,502548,Reverse Holofoil,0.17,0.04,0.24,5.0,0.15
2025-09-12,sv4pt5-234,535090,Holofoil,299.15,275.9,331.55,750.0,399.99
2025-09-12,sv4pt5-54,534416,Holofoil,3.48,2.25,3.49,34.99,2.99
2025-09-12,sv8-57,590025,Holofoil,5.43,3.5,6.0,50.0,5.25
2025-09-12,sv8pt5-149,610504,Holofoil,192.65,181.76,217.28,800.0,
2025-09-12,sv8pt5-155,610510,Holofoil,201.21,194.81,237.35,499.99,
2025-09-12,sv8pt5-156,610511,Holofoil,301.16,298.99,399.0,800.0,
2025-09-12,sv8pt5-161,610516,Holofoil,839.91,775.78,919.99,1500.0,
2025-09-12,sv8pt5-167,610522,Holofoil,110.91,103.91,129.76,249.95,
2025-09-12,sv8pt5-179,610534,Holofoil,44.08,42.33,54.99,270.0,
2025-09-12,sv8pt5-28,610383,Holofoil,0.99,0.5,1.27,9.95,
2025-09-12,sv8pt5-47,610402,Normal,0.04,0.01,0.1,69420.73,0.02
2025-09-12,sv8pt5-47,610402,Reverse Holofoil,0.07,0.01,0.13,20.0,0.06
2025-09-12,sv8pt5-59,610414,Holofoil,0.22,0.04,0.28,100.0,0.2
2025-09-12,sv8pt5-59,610414,Reverse Holofoil,0.37,0.05,0.39,25.0,0.29
2025-09-12,sv8pt5-60,610415,Holofoil,4.78,3.95,5.24,40.0,
2025-09-12,svp-085,518861,Normal,466.96,482.99,600.0,2500.0,600.0
2025-09-12,swsh11-186,284137,Holofoil,573.43,433.0,649.82,2000.0,633.91
2025-09-12,swsh12-186,451834,Holofoil,409.2,350.9,492.35,999.99,386.99
2025-09-12,swsh12pt5gg-GG69,478100,Holofoil,199.19,183.26,239.95,1000.0,239.14
2025-09-12,swsh35-25,223018,Normal,0.11,0.03,0.2,1.6,
2025-09-12,swsh35-25,223018,Reverse Holofoil,0.19,0.09,0.25,2.0,
2025-09-12,swsh35-74,223073,Holofoil,154.57,148.4,199.95,1500.0,199.69
2025-09-12,swsh45sv-SV107,232496,Holofoil,112.92,94.9,150.0,595.9,126.84
2025-09-12,swsh7-204,246693,Holofoil,29.83,25.99,37.0,150.0,29.69
2025-09-12,swsh7-205,246696,Holofoil,378.53,304.99,417.6,2137.6,
2025-09-12,swsh7-208,246755,Holofoil,28.07,25.0,31.0,59.99,34.1
2025-09-12,swsh7-209,246756,Holofoil,253.94,243.09,290.0,1619.6,243.09
2025-09-12,swsh7-211,246702,Holofoil,41.66,38.0,48.75,248.75,42.42
2025-09-12,swsh7-212,246704,Holofoil,301.75,318.48,377.08,1000.0,249.98
2025-09-12,swsh7-215,246723,Holofoil,2132.02,1899.99,2949.0,3199.97,
2025-09-12,swsh7-218,246733,Holofoil,676.11,540.0,740.99,1499.99,739.99
2025-09-12,swsh7-41,246753,Holofoil,5.14,4.35,6.32,34.65,
2025-09-12,swsh7-65,246690,Holofoil,10.13,8.25,11.0,500.0,
2025-09-12,swsh7-75,246701,Holofoil,12.06,9.31,12.52,58.65,10.71
2025-09-12,swsh7-8,246691,Holofoil,5.75,4.49,6.0,100.0,5.98
2025-09-12,swsh8-271,253266,Holofoil,712.44,550.0,775.99,1399.99,749.69
2025-09-12,swsh9-154,263873,Holofoil,267.61,200.0,399.97,1500.0,270.93
2025-09-13,base1-15,42355,Holofoil,115.87,69.72,119.44,300.0,
2025-09-13,base1-16,42356,Holofoil,37.13,20.0,35.44,72.94,39.99
2025-09-13,base1-2,42360,Holofoil,158.72,95.99,149.99,499.99,
2025-09-13,base1-4,42382,Holofoil,461.44,320.44,460.98,1000.0,
2025-09-13,base1-58,42402,Normal,3.45,0.4,2.82,9999.0,
2025-09-13,cel25c-4,250320,Holofoil,136.57,119.89,149.99,499.99,114.08
2025-09-13,gym2-2,83861,1st Edition Holofoil,637.75,849.99,1000.0,1199.99,
2025-09-13,gym2-2,83861,Unlimited Holofoil,528.66,309.0,499.99,2344.85,309.98
2025-09-13,neo1-9,86903,1st Edition Holofoil,1649.5,1798.78,1899.99,1900.97,
2025-09-13,neo1-9,86903,Unlimited Holofoil,422.66,268.8,359.5,447.38,
2025-09-13,sl-151-bundle,502000,Normal,93.73,85.0,100.23,999.99,
2025-09-13,sl-151-etb,503313,Normal,399.99,400.0,462.5,4999.99,
2025-09-13,sl-151-upc,502005,Normal,594.19,549.99,795.0,40000.0,
2025-09-13,sl-ar-box,265519,Normal,387.52,425.0,515.22,9999.99,
2025-09-13,sl-bs-box,256141,Normal,536.37,539.99,725.0,9999.99,
2025-09-13,sl-cel-upc,245140,Normal,827.67,935.0,1000.0,45843.73,
2025-09-13,sl-champ-etb,218791,Normal,138.43,144.99,159.99,299.99,
2025-09-13,sl-cz-etb,453470,Normal,221.59,207.0,264.46,4999.99,
2025-09-13,sl-dr-box,624679,Normal,395.41,389.95,454.36,9999.0,
2025-09-13,sl-evs-box,242436,Normal,2540.16,2699.0,3400.0,12000.0,
2025-09-13,sl-evs-etb,243721,Normal,637.22,799.99,999.95,2999.99,
2025-09-13,sl-fs-box,247654,Normal,989.14,1045.0,1200.0,9999.99,
2025-09-13,sl-hf-etb,194729,Normal,423.1,416.0,499.99,9999.98,
2025-09-13,sl-jp-151,565243,Normal,182.3,180.0,199.99,300.0,
2025-09-13,sl-jp-terastal,603428,Normal,98.72,90.0,119.99,200.0,
2025-09-13,sl-jt-box,610931,Normal,246.93,244.0,265.99,551.0,
2025-09-13,sl-lo-box,277324,Normal,820.67,790.0,950.0,9999.99,
2025-09-13,sl-me1-box,644298,Normal,318.63,306.65,319.97,346.0,
2025-09-13,sl-obf-box,501257,Normal,325.05,310.0,356.47,1000.0,
2025-09-13,sl-pe-etb,593355,Normal,111.07,103.07,132.35,2000.0,
2025-09-13,sl-pe-spc,622770,Normal,251.5,245.0,300.0,10000.0,
2025-09-13,sl-pf-etb,528040,Normal,279.35,289.01,308.99,775.0,
2025-09-13,sl-shf-etb,228821,Normal,98.68,90.0,114.99,499.99,
2025-09-13,sl-ss-box,565606,Normal,249.44,249.99,300.0,4999.99,
2025-09-13,sl-st-box,283389,Normal,455.03,440.0,599.99,9999.99,
2025-09-13,sl-tf-box,536225,Normal,246.58,247.55,299.99,700.0,
2025-09-13,sv2-185,497557,Normal,0.32,0.1,0.39,30.0,
2025-09-13,sv2-185,497557,Reverse Holofoil,0.38,0.24,0.6,7.99,
2025-09-13,sv2-254,497669,Holofoil,16.14,14.9,18.13,111.35,19.45
2025-09-13,sv2-269,497689,Holofoil,49.9,46.99,56.47,259.99,50.0
2025-09-13,sv3pt5-151,516566,Holofoil,6.54,5.5,7.99,65.0,
2025-09-13,sv3pt5-199,517045,Holofoil,292.54,249.77,330.0,900.0,306.74
2025-09-13,sv3pt5-205,517051,Holofoil,16.53,14.16,18.9,100.0,
2025-09-13,sv3pt5-4,502555,Normal,0.11,0.01,0.15,5.0,
2025-09-13,sv3pt5-4,502555,Reverse Holofoil,0.23,0.03,0.27,5.0,
2025-09-13,sv3pt5-6,502558,Holofoil,4.61,3.3,5.0,30.0,6.22
2025-09-13,sv3pt5-7,502548,Normal,0.14,0.01,0.15,2.0,0.1
2025-09-13,sv3pt5-7,502548,Reverse Holofoil,0.21,0.04,0.25,5.0,
2025-09-13,sv4pt5-234,535090,Holofoil,299.15,275.9,329.99,750.0,399.99
2025-09-13,sv4pt5-54,534416,Holofoil,3.6,2.25,3.5,34.99,5.59
2025-09-13,sv8-57,590025,Holofoil,5.7,3.5,6.0,50.0,
2025-09-13,sv8pt5-149,610504,Holofoil,193.48,190.0,219.99,800.0,
2025-09-13,sv8pt5-155,610510,Holofoil,201.21,190.99,235.0,499.99,
2025-09-13,sv8pt5-156,610511,Holofoil,301.48,295.98,389.15,800.0,
2025-09-13,sv8pt5-161,610516,Holofoil,838.02,775.78,999.5,1500.0,
2025-09-13,sv8pt5-167,610522,Holofoil,111.03,103.91,129.76,249.95,
2025-09-13,sv8pt5-179,610534,Holofoil,46.1,40.0,65.26,270.0,
2025-09-13,sv8pt5-28,610383,Holofoil,1.05,0.5,1.29,9.95,
2025-09-13,sv8pt5-47,610402,Normal,0.05,0.01,0.1,69420.73,0.02
2025-09-13,sv8pt5-47,610402,Reverse Holofoil,0.07,0.01,0.13,20.0,0.06
2025-09-13,sv8pt5-59,610414,Holofoil,0.22,0.03,0.28,100.0,0.24
2025-09-13,sv8pt5-59,610414,Reverse Holofoil,0.36,0.05,0.4,25.0,
2025-09-13,sv8pt5-60,610415,Holofoil,5.18,3.0,5.3,40.0,
2025-09-13,svp-085,518861,Normal,469.68,489.0,599.99,2500.0,600.0
2025-09-13,swsh11-186,284137,Holofoil,578.75,433.0,649.95,2000.0,633.89
2025-09-13,swsh12-186,451834,Holofoil,413.05,349.59,485.0,999.99,386.99
2025-09-13,swsh12pt5gg-GG69,478100,Holofoil,200.79,182.07,241.22,1000.0,169.88
2025-09-13,swsh35-25,223018,Normal,0.11,0.03,0.2,1.6,
2025-09-13,swsh35-25,223018,Reverse Holofoil,0.2,0.09,0.25,2.0,
2025-09-13,swsh35-74,223073,Holofoil,154.57,146.9,199.73,1500.0,199.69
2025-09-13,swsh45sv-SV107,232496,Holofoil,113.34,94.9,149.99,595.9,127.3
2025-09-13,swsh7-204,246693,Holofoil,29.83,25.99,37.0,150.0,44.68
2025-09-13,swsh7-205,246696,Holofoil,381.51,304.99,419.85,2137.6,
2025-09-13,swsh7-208,246755,Holofoil,28.52,23.65,30.51,59.99,34.1
2025-09-13,swsh7-209,246756,Holofoil,253.41,243.09,303.85,1619.6,243.09
2025-09-13,swsh7-211,246702,Holofoil,41.66,36.5,47.54,248.75,42.42
2025-09-13,swsh7-212,246704,Holofoil,303.97,315.3,390.38,1000.0,249.98
2025-09-13,swsh7-215,246723,Holofoil,2132.02,1899.99,2824.99,3199.97,
2025-09-13,swsh7-218,246733,Holofoil,676.11,540.0,735.0,1499.99,739.99
2025-09-13,swsh7-41,246753,Holofoil,5.4,4.35,6.34,34.65,
2025-09-13,swsh7-65,246690,Holofoil,10.13,8.25,11.0,500.0,
2025-09-13,swsh7-75,246701,Holofoil,12.18,9.53,12.79,58.65,10.7
2025-09-13,swsh7-8,246691,Holofoil,5.65,4.49,6.0,100.0,5.98
2025-09-13,swsh8-271,253266,Holofoil,726.73,599.99,793.85,1399.99,799.18
2025-09-13,swsh9-154,263873,Holofoil,275.19,200.0,400.73,1500.0,200.0
2025-09-14,base1-15,42355,Holofoil,115.87,69.72,120.0,300.0,
2025-09-14,base1-16,42356,Holofoil,37.13,20.0,35.99,72.94,39.99
2025-09-14,base1-2,42360,Holofoil,158.72,95.99,149.99,499.99,
2025-09-14,base1-4,42382,Holofoil,461.44,320.44,460.98,1000.0,
2025-09-14,base1-58,42402,Normal,3.5,0.4,2.82,9999.0,
2025-09-14,cel25c-4,250320,Holofoil,136.69,119.99,149.99,499.99,114.08
2025-09-14,gym2-2,83861,1st Edition Holofoil,637.75,849.99,1000.0,1199.99,
2025-09-14,gym2-2,83861,Unlimited Holofoil,528.66,309.0,475.46,2344.85,309.98
2025-09-14,neo1-9,86903,1st Edition Holofoil,1649.5,1798.78,1899.99,1900.97,
2025-09-14,neo1-9,86903,Unlimited Holofoil,422.66,276.3,359.99,447.38,
2025-09-14,sl-151-bundle,502000,Normal,95.4,89.99,106.5,999.99,
2025-09-14,sl-151-etb,503313,Normal,400.65,400.0,488.88,4999.99,
2025-09-14,sl-151-upc,502005,Normal,596.19,549.99,799.95,40000.0,
2025-09-14,sl-ar-box,265519,Normal,389.52,450.0,549.99,9999.99,
2025-09-14,sl-bs-box,256141,Normal,534.77,539.99,724.97,9999.99,
2025-09-14,sl-cel-upc,245140,Normal,827.67,930.0,1000.0,68765.59,
2025-09-14,sl-champ-etb,218791,Normal,139.47,145.0,167.5,399.99,
2025-09-14,sl-cz-etb,453470,Normal,221.63,219.98,258.97,4999.99,
2025-09-14,sl-dr-box,624679,Normal,396.81,396.81,462.05,9999.0,
2025-09-14,sl-evs-box,242436,Normal,2540.16,2690.0,3400.0,12000.0,
2025-09-14,sl-evs-etb,243721,Normal,637.22,791.99,999.48,2999.99,
2025-09-14,sl-fs-box,247654,Normal,989.14,1045.0,1200.0,9999.99,
2025-09-14,sl-hf-etb,194729,Normal,424.1,416.0,499.99,9999.98,
2025-09-14,sl-jp-151,565243,Normal,182.89,180.0,199.99,300.0,
2025-09-14,sl-jp-terastal,603428,Normal,98.41,95.0,119.99,200.0,
2025-09-14,sl-jt-box,610931,Normal,246.77,239.0,270.5,551.0,
2025-09-14,sl-lo-box,277324,Normal,823.75,790.0,962.5,9999.99,
2025-09-14,sl-me1-box,644298,Normal,312.53,306.34,316.05,346.0,
2025-09-14,sl-obf-box,501257,Normal,325.65,305.0,365.74,1000.0,
2025-09-14,sl-pe-etb,593355,Normal,114.09,103.07,129.99,2000.0,
2025-09-14,sl-pe-spc,622770,Normal,253.84,249.99,300.0,10000.0,
2025-09-14,sl-pf-etb,528040,Normal,279.35,289.01,308.99,775.0,
2025-09-14,sl-shf-etb,228821,Normal,98.68,90.0,114.99,499.99,
2025-09-14,sl-ss-box,565606,Normal,252.16,249.99,300.0,4999.99,
2025-09-14,sl-st-box,283389,Normal,454.55,449.99,599.99,9999.99,
2025-09-14,sl-tf-box,536225,Normal,247.48,251.94,299.99,500.0,
2025-09-14,sv2-185,497557,Normal,0.32,0.2,0.39,30.0,
2025-09-14,sv2-185,497557,Reverse Holofoil,0.38,0.24,0.59,7.99,
2025-09-14,sv2-254,497669,Holofoil,16.28,14.0,18.4,111.35,19.54
2025-09-14,sv2-269,497689,Holofoil,49.79,46.99,59.02,259.99,
2025-09-14,sv3pt5-151,516566,Holofoil,7.05,5.97,7.99,65.0,
2025-09-14,sv3pt5-199,517045,Holofoil,296.75,240.0,330.0,900.0,257.66
2025-09-14,sv3pt5-205,517051,Holofoil,16.81,14.0,19.0,100.0,
2025-09-14,sv3pt5-4,502555,Normal,0.13,0.01,0.15,5.0,
2025-09-14,sv3pt5-4,502555,Reverse Holofoil,0.26,0.03,0.26,5.0,
2025-09-14,sv3pt5-6,502558,Holofoil,4.68,3.3,4.99,30.0,
2025-09-14,sv3pt5-7,502548,Normal,0.14,0.01,0.15,2.0,
2025-09-14,sv3pt5-7,502548,Reverse Holofoil,0.21,0.04,0.25,5.0,
2025-09-14,sv4pt5-234,535090,Holofoil,297.92,274.99,326.88,750.0,399.99
2025-09-14,sv4pt5-54,534416,Holofoil,4.17,2.25,3.6,34.99,6.45
2025-09-14,sv8-57,590025,Holofoil,4.97,3.5,6.0,50.0,
2025-09-14,sv8pt5-149,610504,Holofoil,193.02,190.0,221.38,800.0,
2025-09-14,sv8pt5-155,610510,Holofoil,201.13,194.81,235.0,499.99,
2025-09-14,sv8pt5-156,610511,Holofoil,308.01,298.99,399.0,800.0,
2025-09-14,sv8pt5-161,610516,Holofoil,892.77,775.78,1072.32,1500.0,
2025-09-14,sv8pt5-167,610522,Holofoil,110.75,103.91,129.04,249.95,
2025-09-14,sv8pt5-179,610534,Holofoil,47.71,43.48,69.45,270.0,
2025-09-14,sv8pt5-28,610383,Holofoil,0.99,0.49,1.26,9.95,
2025-09-14,sv8pt5-47,610402,Normal,0.05,0.01,0.1,69420.73,0.02
2025-09-14,sv8pt5-47,610402,Reverse Holofoil,0.07,0.01,0.14,20.0,0.06
2025-09-14,sv8pt5-59,610414,Holofoil,0.21,0.03,0.28,100.0,
2025-09-14,sv8pt5-59,610414,Reverse Holofoil,0.36,0.05,0.4,25.0,
2025-09-14,sv8pt5-60,610415,Holofoil,4.62,3.0,5.25,40.0,
2025-09-14,svp-085,518861,Normal,482.98,518.0,750.0,2500.0,600.0
2025-09-14,swsh11-186,284137,Holofoil,584.02,433.0,649.96,2000.0,649.97
2025-09-14,swsh12-186,451834,Holofoil,415.18,349.99,499.69,999.99,386.99
2025-09-14,swsh12pt5gg-GG69,478100,Holofoil,204.9,182.07,249.99,1000.0,169.88
2025-09-14,swsh35-25,223018,Normal,0.11,0.03,0.2,1.6,
2025-09-14,swsh35-25,223018,Reverse Holofoil,0.19,0.09,0.25,2.0,
2025-09-14,swsh35-74,223073,Holofoil,155.05,147.1,199.53,1500.0,199.53
2025-09-14,swsh45sv-SV107,232496,Holofoil,113.64,94.9,149.99,595.9,127.65
2025-09-14,swsh7-204,246693,Holofoil,30.14,28.0,38.22,150.0,29.69
2025-09-14,swsh7-205,246696,Holofoil,381.51,304.99,419.85,2137.6,
2025-09-14,swsh7-208,246755,Holofoil,28.95,23.65,31.0,59.99,33.56
2025-09-14,swsh7-209,246756,Holofoil,254.15,238.99,331.9,1619.6,238.99
2025-09-14,swsh7-211,246702,Holofoil,41.88,36.5,48.49,248.75,42.42
2025-09-14,swsh7-212,246704,Holofoil,306.42,270.0,399.99,1000.0,249.98
2025-09-14,swsh7-215,246723,Holofoil,2132.02,1899.99,2849.99,3199.97,
2025-09-14,swsh7-218,246733,Holofoil,676.11,540.0,730.0,1499.99,739.99
2025-09-14,swsh7-41,246753,Holofoil,5.35,4.69,6.34,34.65,
2025-09-14,swsh7-65,246690,Holofoil,9.8,6.88,10.99,500.0,
2025-09-14,swsh7-75,246701,Holofoil,12.15,8.52,12.97,58.65,9.99
2025-09-14,swsh7-8,246691,Holofoil,5.69,4.39,6.0,100.0,5.69
2025-09-14,swsh8-271,253266,Holofoil,726.73,599.99,799.18,1399.99,799.18
2025-09-14,swsh9-154,263873,Holofoil,275.19,200.0,399.99,1500.0,200.0
2025-09-15,base1-15,42355,Holofoil,115.87,69.72,114.87,300.0,
2025-09-15,base1-16,42356,Holofoil,37.41,20.0,35.58,72.94,22.88
2025-09-15,base1-2,42360,Holofoil,158.72,95.99,149.99,499.99,
2025-09-15,base1-4,42382,Holofoil,455.47,320.44,460.97,1000.0,
2025-09-15,base1-58,42402,Normal,3.52,0.4,2.79,9999.0,
2025-09-15,cel25c-4,250320,Holofoil,136.69,120.0,149.97,499.99,114.08
2025-09-15,gym2-2,83861,1st Edition Holofoil,637.75,849.99,1000.0,1199.99,
2025-09-15,gym2-2,83861,Unlimited Holofoil,528.66,309.98,499.99,2344.85,309.98
2025-09-15,neo1-9,86903,1st Edition Holofoil,1649.5,1798.78,1899.99,1900.97,
2025-09-15,neo1-9,86903,Unlimited Holofoil,422.66,276.3,370.72,447.38,
2025-09-15,sl-151-bundle,502000,Normal,95.2,89.99,102.47,999.99,
2025-09-15,sl-151-etb,503313,Normal,402.93,390.0,488.88,4999.99,
2025-09-15,sl-151-upc,502005,Normal,596.39,549.99,799.97,40000.0,
2025-09-15,sl-ar-box,265519,Normal,387.52,425.0,540.22,9999.99,
2025-09-15,sl-bs-box,256141,Normal,534.77,539.99,724.97,9999.99,
2025-09-15,sl-cel-upc,245140,Normal,827.67,925.0,999.99,103148.39,
2025-09-15,sl-champ-etb,218791,Normal,140.15,149.98,159.99,399.99,
2025-09-15,sl-cz-etb,453470,Normal,222.39,215.0,258.97,4999.99,
2025-09-15,sl-dr-box,624679,Normal,396.68,385.0,453.09,9999.0,
2025-09-15,sl-evs-box,242436,Normal,2540.16,2689.0,3442.5,12000.0,
2025-09-15,sl-evs-etb,243721,Normal,637.22,791.99,999.48,2999.99,
2025-09-15,sl-fs-box,247654,Normal,989.14,1000.0,1200.0,9999.99,
2025-09-15,sl-hf-etb,194729,Normal,424.83,416.0,499.99,9999.98,
2025-09-15,sl-jp-151,565243,Normal,185.21,189.98,201.5,300.0,
2025-09-15,sl-jp-terastal,603428,Normal,98.05,98.94,119.99,200.0,
2025-09-15,sl-jt-box,610931,Normal,246.81,239.0,265.99,551.0,
2025-09-15,sl-lo-box,277324,Normal,822.95,795.0,950.0,9999.99,
2025-09-15,sl-me1-box,644298,Normal,295.33,264.98,315.35,346.0,
2025-09-15,sl-obf-box,501257,Normal,327.05,305.0,356.47,1000.0,
2025-09-15,sl-pe-etb,593355,Normal,109.9,94.99,129.99,2000.0,
2025-09-15,sl-pe-spc,622770,Normal,255.76,254.99,300.0,10000.0,
2025-09-15,sl-pf-etb,528040,Normal,281.79,289.01,304.5,775.0,
2025-09-15,sl-shf-etb,228821,Normal,98.68,90.0,114.99,499.99,
2025-09-15,sl-ss-box,565606,Normal,258.38,249.99,313.98,4999.99,
2025-09-15,sl-st-box,283389,Normal,458.31,449.99,699.0,9999.99,
2025-09-15,sl-tf-box,536225,Normal,247.88,250.0,299.99,500.0,
2025-09-15,sv2-185,497557,Normal,0.34,0.25,0.4,30.0,0.2
2025-09-15,sv2-185,497557,Reverse Holofoil,0.53,0.24,0.61,7.99,0.41
2025-09-15,sv2-254,497669,Holofoil,16.11,14.0,18.21,111.35,18.21
2025-09-15,sv2-269,497689,Holofoil,49.51,49.22,59.97,259.99,54.46
2025-09-15,sv3pt5-151,516566,Holofoil,6.85,4.99,7.99,65.0,6.99
2025-09-15,sv3pt5-199,517045,Holofoil,299.3,230.0,323.81,900.0,
2025-09-15,sv3pt5-205,517051,Holofoil,16.53,14.61,18.89,100.0,16.98
2025-09-15,sv3pt5-4,502555,Normal,0.14,0.01,0.15,5.0,
2025-09-15,sv3pt5-4,502555,Reverse Holofoil,0.24,0.03,0.26,5.0,
2025-09-15,sv3pt5-6,502558,Holofoil,4.92,3.25,5.0,30.0,5.59
2025-09-15,sv3pt5-7,502548,Normal,0.12,0.01,0.15,2.0,
2025-09-15,sv3pt5-7,502548,Reverse Holofoil,0.16,0.04,0.25,5.0,
2025-09-15,sv4pt5-234,535090,Holofoil,297.92,260.0,324.98,750.0,324.5
2025-09-15,sv4pt5-54,534416,Holofoil,3.77,2.5,3.72,34.99,4.34
2025-09-15,sv8-57,590025,Holofoil,4.86,3.5,5.99,50.0,6.99
2025-09-15,sv8pt5-149,610504,Holofoil,193.47,190.0,221.38,800.0,205.0
2025-09-15,sv8pt5-155,610510,Holofoil,206.67,194.81,230.0,499.99,
2025-09-15,sv8pt5-156,610511,Holofoil,308.99,278.99,399.0,800.0,
2025-09-15,sv8pt5-161,610516,Holofoil,894.37,775.0,1094.99,1500.0,1094.99
2025-09-15,sv8pt5-167,610522,Holofoil,110.83,103.91,129.99,249.95,
2025-09-15,sv8pt5-179,610534,Holofoil,49.72,43.48,68.86,270.0,
2025-09-15,sv8pt5-28,610383,Holofoil,0.95,0.5,1.26,9.95,
2025-09-15,sv8pt5-47,610402,Normal,0.04,0.01,0.1,69420.73,0.02
2025-09-15,sv8pt5-47,610402,Reverse Holofoil,0.07,0.01,0.13,20.0,
2025-09-15,sv8pt5-59,610414,Holofoil,0.21,0.04,0.28,100.0,
2025-09-15,sv8pt5-59,610414,Reverse Holofoil,0.4,0.05,0.4,25.0,
2025-09-15,sv8pt5-60,610415,Holofoil,4.62,3.0,5.18,40.0,4.47
2025-09-15,svp-085,518861,Normal,492.82,599.01,799.5,2500.0,600.0
2025-09-15,swsh11-186,284137,Holofoil,587.62,449.99,649.96,2000.0,649.97
2025-09-15,swsh12-186,451834,Holofoil,415.66,349.99,450.0,999.99,386.99
2025-09-15,swsh12pt5gg-GG69,478100,Holofoil,204.9,204.0,250.0,1000.0,252.37
2025-09-15,swsh35-25,223018,Normal,0.11,0.03,0.2,1.6,
2025-09-15,swsh35-25,223018,Reverse Holofoil,0.19,0.09,0.25,2.0,
2025-09-15,swsh35-74,223073,Holofoil,155.34,147.3,199.97,1500.0,199.62
2025-09-15,swsh45sv-SV107,232496,Holofoil,124.58,94.9,170.87,595.9,127.94
2025-09-15,swsh7-204,246693,Holofoil,30.14,28.0,38.0,150.0,29.69
2025-09-15,swsh7-205,246696,Holofoil,383.73,304.99,420.0,2137.6,
2025-09-15,swsh7-208,246755,Holofoil,29.16,23.65,31.0,59.99,33.56
2025-09-15,swsh7-209,246756,Holofoil,254.15,238.99,334.48,1619.6,238.99
2025-09-15,swsh7-211,246702,Holofoil,41.88,36.5,48.49,248.75,40.75
2025-09-15,swsh7-212,246704,Holofoil,306.42,270.0,385.0,1000.0,249.98
2025-09-15,swsh7-215,246723,Holofoil,2126.02,1800.0,2900.0,3199.97,
2025-09-15,swsh7-218,246733,Holofoil,676.11,540.0,702.83,1499.99,739.99
2025-09-15,swsh7-41,246753,Holofoil,5.54,4.7,6.49,50.0,
2025-09-15,swsh7-65,246690,Holofoil,10.03,8.25,11.0,500.0,9.64
2025-09-15,swsh7-75,246701,Holofoil,12.13,9.58,13.01,58.65,14.57
2025-09-15,swsh7-8,246691,Holofoil,5.84,4.32,6.0,100.0,5.63
2025-09-15,swsh8-271,253266,Holofoil,767.72,599.99,799.18,1399.99,799.18
2025-09-15,swsh9-154,263873,Holofoil,346.12,270.93,414.23,1500.0,270.93
2025-09-16,base1-15,42355,Holofoil,115.87,69.72,120.0,300.0,
2025-09-16,base1-16,42356,Holofoil,37.41,19.95,35.6,72.94,22.88
2025-09-16,base1-2,42360,Holofoil,158.72,94.0,143.14,499.99,
2025-09-16,base1-4,42382,Holofoil,455.47,320.44,465.95,1000.0,
2025-09-16,base1-58,42402,Normal,3.49,0.4,2.82,9999.0,
2025-09-16,cel25c-4,250320,Holofoil,136.93,120.0,150.0,499.99,114.08
2025-09-16,gym2-2,83861,1st Edition Holofoil,637.75,849.99,1050.55,1199.99,
2025-09-16,gym2-2,83861,Unlimited Holofoil,528.66,309.98,499.99,2344.85,309.98
2025-09-16,neo1-9,86903,1st Edition Holofoil,1649.5,1798.78,1899.99,1900.97,
2025-09-16,neo1-9,86903,Unlimited Holofoil,422.66,289.3,359.0,447.38,
2025-09-16,sl-151-bundle,502000,Normal,94.68,88.0,100.0,999.99,
2025-09-16,sl-151-etb,503313,Normal,405.24,390.0,481.94,4999.99,
2025-09-16,sl-151-upc,502005,Normal,597.19,549.99,797.48,40000.0,
2025-09-16,sl-ar-box,265519,Normal,387.52,425.0,530.44,9999.99,
2025-09-16,sl-bs-box,256141,Normal,536.77,539.99,724.99,9999.99,
2025-09-16,sl-cel-upc,245140,Normal,827.67,925.0,999.5,154722.59,
2025-09-16,sl-champ-etb,218791,Normal,140.15,143.99,159.99,399.99,
2025-09-16,sl-cz-etb,453470,Normal,224.83,215.0,274.98,4999.99,
2025-09-16,sl-dr-box,624679,Normal,399.32,370.0,450.0,9999.0,
2025-09-16,sl-evs-box,242436,Normal,2559.56,2690.0,3485.0,12000.0,
2025-09-16,sl-evs-etb,243721,Normal,637.22,799.99,999.48,2999.99,
2025-09-16,sl-fs-box,247654,Normal,993.14,999.99,1200.0,9999.99,
2025-09-16,sl-hf-etb,194729,Normal,424.55,416.0,499.99,9999.98,
2025-09-16,sl-jp-151,565243,Normal,189.26,186.96,200.0,300.0,
2025-09-16,sl-jp-terastal,603428,Normal,98.25,98.05,119.99,200.0,
2025-09-16,sl-jt-box,610931,Normal,246.13,241.0,270.5,551.0,
2025-09-16,sl-lo-box,277324,Normal,822.95,795.0,950.0,9999.99,
2025-09-16,sl-me1-box,644298,Normal,278.47,264.8,308.66,346.0,
2025-09-16,sl-obf-box,501257,Normal,328.09,305.0,353.24,1000.0,
2025-09-16,sl-pe-etb,593355,Normal,112.69,103.07,134.94,2000.0,
2025-09-16,sl-pe-spc,622770,Normal,256.09,254.99,305.67,10000.0,
2025-09-16,sl-pf-etb,528040,Normal,283.49,289.01,308.99,775.0,
2025-09-16,sl-shf-etb,228821,Normal,99.04,90.0,114.99,499.99,
2025-09-16,sl-ss-box,565606,Normal,260.01,260.02,322.0,4999.99,
2025-09-16,sl-st-box,283389,Normal,462.31,449.99,699.0,9999.99,
2025-09-16,sl-tf-box,536225,Normal,249.98,248.27,299.99,500.0,
2025-09-16,sv2-185,497557,Normal,0.35,0.04,0.39,30.0,
2025-09-16,sv2-185,497557,Reverse Holofoil,0.65,0.24,0.66,7.99,
2025-09-16,sv2-254,497669,Holofoil,16.11,13.99,18.0,111.35,18.21
2025-09-16,sv2-269,497689,Holofoil,49.56,49.22,59.99,259.99,54.52
2025-09-16,sv3pt5-151,516566,Holofoil,6.75,4.5,7.99,65.0,
2025-09-16,sv3pt5-199,517045,Holofoil,308.32,249.77,350.0,900.0,
2025-09-16,sv3pt5-205,517051,Holofoil,16.69,14.61,18.99,100.0,
2025-09-16,sv3pt5-4,502555,Normal,0.14,0.01,0.15,5.0,
2025-09-16,sv3pt5-4,502555,Reverse Holofoil,0.27,0.03,0.27,5.0,
2025-09-16,sv3pt5-6,502558,Holofoil,4.64,3.32,5.0,30.0,
2025-09-16,sv3pt5-7,502548,Normal,0.12,0.01,0.15,2.0,
2025-09-16,sv3pt5-7,502548,Reverse Holofoil,0.19,0.04,0.25,5.0,
2025-09-16,sv4pt5-234,535090,Holofoil,297.92,260.0,324.95,750.0,324.25
2025-09-16,sv4pt5-54,534416,Holofoil,3.88,2.3,3.75,34.99,2.98
2025-09-16,sv8-57,590025,Holofoil,5.9,3.95,6.0,50.0,
2025-09-16,sv8pt5-149,610504,Holofoil,195.97,184.12,221.38,800.0,
2025-09-16,sv8pt5-155,610510,Holofoil,208.71,194.81,230.0,499.99,
2025-09-16,sv8pt5-156,610511,Holofoil,311.83,320.0,405.56,800.0,
2025-09-16,sv8pt5-161,610516,Holofoil,920.05,775.78,1097.49,1500.0,1094.98
2025-09-16,sv8pt5-167,610522,Holofoil,112.38,103.91,132.41,249.95,
2025-09-16,sv8pt5-179,610534,Holofoil,52.45,45.0,74.99,270.0,
2025-09-16,sv8pt5-28,610383,Holofoil,1.04,0.5,1.25,9.95,
2025-09-16,sv8pt5-47,610402,Normal,0.04,0.01,0.1,69420.73,0.02
2025-09-16,sv8pt5-47,610402,Reverse Holofoil,0.08,0.01,0.13,20.0,
2025-09-16,sv8pt5-59,610414,Holofoil,0.2,0.04,0.28,100.0,
2025-09-16,sv8pt5-59,610414,Reverse Holofoil,0.36,0.05,0.4,25.0,
2025-09-16,sv8pt5-60,610415,Holofoil,4.6,3.71,5.18,40.0,
2025-09-16,svp-085,518861,Normal,492.82,599.01,799.0,2500.0,600.0
2025-09-16,swsh11-186,284137,Holofoil,604.32,449.48,649.99,2000.0,649.98
2025-09-16,swsh12-186,451834,Holofoil,417.15,349.99,519.58,999.99,386.99
2025-09-16,swsh12pt5gg-GG69,478100,Holofoil,206.73,209.0,261.74,600.0,252.37
2025-09-16,swsh35-25,223018,Normal,0.1,0.03,0.2,1.6,
2025-09-16,swsh35-25,223018,Reverse Holofoil,0.19,0.09,0.25,2.0,
2025-09-16,swsh35-74,223073,Holofoil,154.69,147.6,199.69,1500.0,199.62
2025-09-16,swsh45sv-SV107,232496,Holofoil,134.05,150.0,207.8,349.95,157.72
2025-09-16,swsh7-204,246693,Holofoil,30.14,29.69,36.22,150.0,29.69
2025-09-16,swsh7-205,246696,Holofoil,382.89,304.99,410.0,2137.6,
2025-09-16,swsh7-208,246755,Holofoil,29.16,23.0,30.0,49.3,33.56
2025-09-16,swsh7-209,246756,Holofoil,255.49,241.0,337.79,1619.6,290.0
2025-09-16,swsh7-211,246702,Holofoil,42.38,36.5,45.77,248.75,40.75
2025-09-16,swsh7-212,246704,Holofoil,308.22,270.0,399.99,1000.0,329.13
2025-09-16,swsh7-215,246723,Holofoil,2126.02,1800.0,2900.0,3199.97,2999.99
2025-09-16,swsh7-218,246733,Holofoil,676.11,540.0,702.83,999.69,739.99
2025-09-16,swsh7-41,246753,Holofoil,5.55,4.75,6.41,50.0,
2025-09-16,swsh7-65,246690,Holofoil,10.24,8.25,10.99,500.0,10.09
2025-09-16,swsh7-75,246701,Holofoil,12.13,9.5,12.79,50.0,12.97
2025-09-16,swsh7-8,246691,Holofoil,5.66,4.39,6.02,100.0,7.68
2025-09-16,swsh8-271,253266,Holofoil,781.32,599.99,799.18,1249.95,799.18
2025-09-16,swsh9-154,263873,Holofoil,351.36,270.93,450.0,1500.0,270.93
2025-09-17,base1-15,42355,Holofoil,115.87,70.0,120.0,300.0,
2025-09-17,base1-16,42356,Holofoil,37.41,20.0,35.6,72.94,
2025-09-17,base1-2,42360,Holofoil,158.72,95.99,150.39,499.99,93.93
2025-09-17,base1-4,42382,Holofoil,455.47,320.44,465.09,1000.0,
2025-09-17,base1-58,42402,Normal,3.38,0.4,2.79,9999.0,
2025-09-17,cel25c-4,250320,Holofoil,141.46,120.0,168.63,499.99,114.08
2025-09-17,gym2-2,83861,1st Edition Holofoil,637.75,1101.1,1150.55,1199.99,
2025-09-17,gym2-2,83861,Unlimited Holofoil,528.66,292.5,499.99,2344.85,309.98
2025-09-17,neo1-9,86903,1st Edition Holofoil,1649.5,1798.78,1899.99,1900.97,
2025-09-17,neo1-9,86903,Unlimited Holofoil,422.66,289.3,359.0,447.38,
2025-09-17,sl-151-bundle,502000,Normal,93.64,85.0,100.0,999.99,
2025-09-17,sl-151-etb,503313,Normal,403.28,380.0,488.88,4999.99,
2025-09-17,sl-151-upc,502005,Normal,597.46,539.67,797.48,40000.0,
2025-09-17,sl-ar-box,265519,Normal,387.52,425.0,515.22,9999.99,
2025-09-17,sl-bs-box,256141,Normal,536.77,534.97,724.97,9999.99,
2025-09-17,sl-cel-upc,245140,Normal,845.07,929.99,1000.0,154722.59,
2025-09-17,sl-champ-etb,218791,Normal,140.15,143.99,159.99,399.99,
2025-09-17,sl-cz-etb,453470,Normal,224.47,219.98,280.0,4999.99,
2025-09-17,sl-dr-box,624679,Normal,394.15,370.0,450.0,9999.0,
2025-09-17,sl-evs-box,242436,Normal,2576.08,2694.79,3492.49,12000.0,
2025-09-17,sl-evs-etb,243721,Normal,637.22,799.99,999.48,2999.99,
2025-09-17,sl-fs-box,247654,Normal,997.14,1044.99,1200.0,9999.99,
2025-09-17,sl-hf-etb,194729,Normal,424.55,416.0,499.99,9999.98,
2025-09-17,sl-jp-151,565243,Normal,190.7,186.96,200.0,300.0,
2025-09-17,sl-jp-terastal,603428,Normal,98.5,98.05,119.98,200.0,
2025-09-17,sl-jt-box,610931,Normal,246.37,241.0,269.99,551.0,
2025-09-17,sl-lo-box,277324,Normal,822.95,795.0,949.99,9999.99,
2025-09-17,sl-me1-box,644298,Normal,279.75,274.8,304.21,346.0,
2025-09-17,sl-obf-box,501257,Normal,329.57,305.0,350.0,1000.0,
2025-09-17,sl-pe-etb,593355,Normal,114.78,108.0,135.46,2000.0,
2025-09-17,sl-pe-spc,622770,Normal,259.31,254.99,300.0,10000.0,
2025-09-17,sl-pf-etb,528040,Normal,288.43,286.59,308.99,775.0,
2025-09-17,sl-phf-box,654137,Normal,345.0,344.98,344.99,345.0,
2025-09-17,sl-shf-etb,228821,Normal,99.04,90.0,114.99,499.99,
2025-09-17,sl-ss-box,565606,Normal,264.77,267.0,330.0,4999.99,
2025-09-17,sl-st-box,283389,Normal,465.51,449.99,699.0,9999.99,
2025-09-17,sl-tf-box,536225,Normal,249.68,240.68,299.99,500.0,
2025-09-17,sv2-185,497557,Normal,0.37,0.04,0.39,30.0,0.25
2025-09-17,sv2-185,497557,Reverse Holofoil,0.67,0.24,0.66,7.99,
2025-09-17,sv2-254,497669,Holofoil,16.08,13.7,18.1,111.35,14.49
2025-09-17,sv2-269,497689,Holofoil,49.52,49.22,59.99,259.99,54.43
2025-09-17,sv3pt5-151,516566,Holofoil,7.14,4.5,7.99,65.0,6.99
2025-09-17,sv3pt5-199,517045,Holofoil,308.37,257.66,349.99,900.0,
2025-09-17,sv3pt5-205,517051,Holofoil,16.58,13.45,19.0,100.0,14.48
2025-09-17,sv3pt5-4,502555,Normal,0.12,0.01,0.15,5.0,
2025-09-17,sv3pt5-4,502555,Reverse Holofoil,0.23,0.03,0.27,5.0,
2025-09-17,sv3pt5-6,502558,Holofoil,4.14,3.4,5.0,30.0,4.19
2025-09-17,sv3pt5-7,502548,Normal,0.15,0.01,0.15,2.0,0.1
2025-09-17,sv3pt5-7,502548,Reverse Holofoil,0.24,0.04,0.25,5.0,0.18
2025-09-17,sv4pt5-234,535090,Holofoil,302.71,260.0,323.99,750.0,322.99
2025-09-17,sv4pt5-54,534416,Holofoil,3.55,2.3,3.73,34.99,6.99
2025-09-17,sv8-57,590025,Holofoil,4.97,4.0,5.99,50.0,7.88
2025-09-17,sv8pt5-149,610504,Holofoil,196.39,188.66,221.38,800.0,
2025-09-17,sv8pt5-155,610510,Holofoil,209.22,194.81,232.51,499.99,
2025-09-17,sv8pt5-156,610511,Holofoil,312.93,325.0,423.5,800.0,
2025-09-17,sv8pt5-161,610516,Holofoil,919.79,776.0,1099.99,1500.0,1094.98
2025-09-17,sv8pt5-167,610522,Holofoil,112.48,103.91,130.72,249.95,
2025-09-17,sv8pt5-179,610534,Holofoil,52.85,45.0,74.36,270.0,
2025-09-17,sv8pt5-28,610383,Holofoil,0.95,0.5,1.25,9.95,1.07
2025-09-17,sv8pt5-47,610402,Normal,0.04,0.01,0.1,69420.73,0.02
2025-09-17,sv8pt5-47,610402,Reverse Holofoil,0.08,0.01,0.13,20.0,
2025-09-17,sv8pt5-59,610414,Holofoil,0.26,0.04,0.28,100.0,0.2
2025-09-17,sv8pt5-59,610414,Reverse Holofoil,0.34,0.05,0.4,25.0,
2025-09-17,sv8pt5-60,610415,Holofoil,4.31,3.9,5.18,40.0,4.55
2025-09-17,svp-085,518861,Normal,492.5,599.01,896.72,2500.0,600.0
2025-09-17,swsh11-186,284137,Holofoil,612.86,445.0,663.41,2000.0,
2025-09-17,swsh12-186,451834,Holofoil,420.54,350.98,597.0,999.99,386.99
2025-09-17,swsh12pt5gg-GG69,478100,Holofoil,206.73,209.0,252.37,600.0,252.37
2025-09-17,swsh35-25,223018,Normal,0.11,0.03,0.2,1.6,
2025-09-17,swsh35-25,223018,Reverse Holofoil,0.19,0.09,0.25,2.0,0.15
2025-09-17,swsh35-74,223073,Holofoil,154.69,140.99,199.82,1500.0,199.62
2025-09-17,swsh45sv-SV107,232496,Holofoil,136.22,150.0,214.98,349.95,168.48
2025-09-17,swsh7-204,246693,Holofoil,30.33,29.69,38.0,150.0,29.69
2025-09-17,swsh7-205,246696,Holofoil,380.89,304.99,410.0,2137.6,
2025-09-17,swsh7-208,246755,Holofoil,29.16,23.0,30.0,49.3,33.56
2025-09-17,swsh7-209,246756,Holofoil,254.91,240.0,336.41,1619.6,290.0
2025-09-17,swsh7-211,246702,Holofoil,42.38,37.5,47.13,248.75,40.75
2025-09-17,swsh7-212,246704,Holofoil,308.93,318.01,399.99,1000.0,329.13
2025-09-17,swsh7-215,246723,Holofoil,2119.98,1800.0,2899.99,3199.97,2799.99
2025-09-17,swsh7-218,246733,Holofoil,676.11,540.0,694.32,999.69,739.99
2025-09-17,swsh7-41,246753,Holofoil,5.51,2.42,6.49,50.0,6.49
2025-09-17,swsh7-65,246690,Holofoil,10.1,8.25,11.0,500.0,10.09
2025-09-17,swsh7-75,246701,Holofoil,12.05,6.5,12.7,50.0,12.96
2025-09-17,swsh7-8,246691,Holofoil,5.61,2.31,6.02,100.0,7.44
2025-09-17,swsh8-271,253266,Holofoil,781.32,599.99,799.18,2500.0,799.17
2025-09-17,swsh9-154,263873,Holofoil,351.36,399.0,508.13,1500.0,989.69
2025-09-18,base1-15,42355,Holofoil,114.22,70.0,120.0,300.0,
2025-09-18,base1-16,42356,Holofoil,37.24,20.0,35.4,72.94,
2025-09-18,base1-2,42360,Holofoil,158.72,95.99,150.22,499.99,93.93
2025-09-18,base1-4,42382,Holofoil,455.47,320.44,465.09,1000.0,
2025-09-18,base1-58,42402,Normal,3.4,0.4,2.78,9999.0,3.91
2025-09-18,cel25c-4,250320,Holofoil,143.2,120.01,186.8,499.99,114.08
2025-09-18,gym2-2,83861,1st Edition Holofoil,767.0,1101.1,1150.55,1199.99,
2025-09-18,gym2-2,83861,Unlimited Holofoil,528.66,292.5,487.73,593.69,309.98
2025-09-18,neo1-9,86903,1st Edition Holofoil,1649.5,1798.78,1899.99,1900.97,
2025-09-18,neo1-9,86903,Unlimited Holofoil,422.66,285.0,354.48,447.38,
2025-09-18,sl-151-bundle,502000,Normal,93.13,89.99,105.44,999.99,
2025-09-18,sl-151-etb,503313,Normal,396.32,380.0,481.94,4999.99,
2025-09-18,sl-151-upc,502005,Normal,597.23,549.99,799.99,40000.0,
2025-09-18,sl-ar-box,265519,Normal,387.52,406.25,500.0,9999.99,
2025-09-18,sl-bs-box,256141,Normal,541.23,499.99,725.0,9999.99,
2025-09-18,sl-cel-upc,245140,Normal,851.35,929.99,1000.0,154722.59,
2025-09-18,sl-champ-etb,218791,Normal,141.7,149.99,175.0,500.0,
2025-09-18,sl-cz-etb,453470,Normal,224.93,221.0,295.95,4999.99,
2025-09-18,sl-dr-box,624679,Normal,379.62,365.0,449.99,9999.0,
2025-09-18,sl-evs-box,242436,Normal,2595.87,2599.99,3442.5,12000.0,
2025-09-18,sl-evs-etb,243721,Normal,637.22,799.99,999.48,2999.99,
2025-09-18,sl-fs-box,247654,Normal,997.14,1044.99,1200.0,9999.99,
2025-09-18,sl-hf-etb,194729,Normal,424.71,416.0,499.99,9999.98,
2025-09-18,sl-jp-151,565243,Normal,191.52,195.95,202.99,300.0,
2025-09-18,sl-jp-terastal,603428,Normal,98.66,98.05,119.98,200.0,
2025-09-18,sl-jt-box,610931,Normal,246.21,245.0,272.5,551.0,
2025-09-18,sl-lo-box,277324,Normal,822.95,789.99,949.98,9999.99,
2025-09-18,sl-me1-box,644298,Normal,279.45,279.47,304.45,346.0,
2025-09-18,sl-obf-box,501257,Normal,327.09,312.99,350.0,1000.0,
2025-09-18,sl-pe-etb,593355,Normal,116.43,110.0,139.95,2000.0,
2025-09-18,sl-pe-spc,622770,Normal,275.76,282.99,325.84,10000.0,
2025-09-18,sl-pf-etb,528040,Normal,289.08,286.59,300.0,775.0,
2025-09-18,sl-phf-box,654137,Normal,344.24,343.68,343.81,344.34,
2025-09-18,sl-shf-etb,228821,Normal,99.88,88.99,112.49,499.99,
2025-09-18,sl-ss-box,565606,Normal,270.77,279.97,350.0,4999.99,
2025-09-18,sl-st-box,283389,Normal,466.11,449.99,684.98,9999.99,
2025-09-18,sl-tf-box,536225,Normal,250.2,240.68,299.99,500.0,
2025-09-18,sv2-185,497557,Normal,0.36,0.04,0.4,30.0,
2025-09-18,sv2-185,497557,Reverse Holofoil,0.48,0.24,0.65,7.99,0.55
2025-09-18,sv2-254,497669,Holofoil,16.19,10.0,18.0,100.0,14.98
2025-09-18,sv2-269,497689,Holofoil,50.41,49.15,59.7,259.99,54.52
2025-09-18,sv3pt5-151,516566,Holofoil,7.29,5.97,7.99,40.0,7.98
2025-09-18,sv3pt5-199,517045,Holofoil,302.01,250.0,349.34,900.0,308.8
2025-09-18,sv3pt5-205,517051,Holofoil,17.22,13.45,18.99,100.0,16.64
2025-09-18,sv3pt5-4,502555,Normal,0.11,0.01,0.15,5.0,
2025-09-18,sv3pt5-4,502555,Reverse Holofoil,0.23,0.03,0.26,5.0,
2025-09-18,sv3pt5-6,502558,Holofoil,4.19,2.99,5.0,30.0,4.19
2025-09-18,sv3pt5-7,502548,Normal,0.19,0.01,0.16,2.0,
2025-09-18,sv3pt5-7,502548,Reverse Holofoil,0.23,0.04,0.25,5.0,0.18
2025-09-18,sv4pt5-234,535090,Holofoil,302.71,259.99,323.49,750.0,322.99
2025-09-18,sv4pt5-54,534416,Holofoil,3.85,2.49,3.67,34.99,6.99
2025-09-18,sv8-57,590025,Holofoil,5.0,3.87,5.95,50.0,7.07
2025-09-18,sv8pt5-149,610504,Holofoil,196.36,190.0,222.49,800.0,
2025-09-18,sv8pt5-155,610510,Holofoil,209.22,194.0,237.99,499.99,
2025-09-18,sv8pt5-156,610511,Holofoil,331.95,325.0,493.73,800.0,
2025-09-18,sv8pt5-161,610516,Holofoil,919.79,776.01,1095.97,1500.0,1094.98
2025-09-18,sv8pt5-167,610522,Holofoil,112.58,103.91,131.44,249.95,
2025-09-18,sv8pt5-179,610534,Holofoil,52.99,48.65,71.5,270.0,
2025-09-18,sv8pt5-28,610383,Holofoil,0.95,0.6,1.25,9.99,1.3
2025-09-18,sv8pt5-47,610402,Normal,0.03,0.01,0.1,69420.73,0.01
2025-09-18,sv8pt5-47,610402,Reverse Holofoil,0.08,0.01,0.13,20.0,
2025-09-18,sv8pt5-59,610414,Holofoil,0.34,0.04,0.29,100.0,
2025-09-18,sv8pt5-59,610414,Reverse Holofoil,0.35,0.05,0.4,25.0,
2025-09-18,sv8pt5-60,610415,Holofoil,4.79,3.9,5.17,40.0,4.62
2025-09-18,svp-085,518861,Normal,500.82,599.01,994.44,2500.0,994.44
2025-09-18,swsh11-186,284137,Holofoil,613.7,445.0,682.5,2000.0,659.99
2025-09-18,swsh12-186,451834,Holofoil,432.95,345.98,599.99,1100.0,386.99
2025-09-18,swsh12pt5gg-GG69,478100,Holofoil,209.59,209.0,251.19,600.0,252.37
2025-09-18,swsh35-25,223018,Normal,0.11,0.03,0.2,1.6,
2025-09-18,swsh35-25,223018,Reverse Holofoil,0.19,0.09,0.25,2.0,0.15
2025-09-18,swsh35-74,223073,Holofoil,152.71,140.99,200.0,1500.0,199.62
2025-09-18,swsh45sv-SV107,232496,Holofoil,136.62,102.24,199.99,349.95,102.24
2025-09-18,swsh7-204,246693,Holofoil,30.33,29.69,37.75,150.0,29.69
2025-09-18,swsh7-205,246696,Holofoil,384.71,304.99,400.0,699.69,
2025-09-18,swsh7-208,246755,Holofoil,29.16,23.0,30.5,49.3,33.56
2025-09-18,swsh7-209,246756,Holofoil,254.91,240.0,331.44,499.97,290.0
2025-09-18,swsh7-211,246702,Holofoil,42.38,37.5,45.77,99.99,40.09
2025-09-18,swsh7-212,246704,Holofoil,310.1,318.01,399.99,1000.0,334.99
2025-09-18,swsh7-215,246723,Holofoil,2119.98,1800.0,2874.99,3199.97,2299.0
2025-09-18,swsh7-218,246733,Holofoil,673.51,540.0,699.99,999.69,673.51
2025-09-18,swsh7-41,246753,Holofoil,5.59,4.75,6.49,19.99,6.65
2025-09-18,swsh7-65,246690,Holofoil,10.25,8.25,11.0,500.0,10.79
2025-09-18,swsh7-75,246701,Holofoil,11.48,4.95,12.32,50.0,12.97
2025-09-18,swsh7-8,246691,Holofoil,5.55,4.75,6.25,100.0,7.36
2025-09-18,swsh8-271,253266,Holofoil,786.51,599.99,799.43,2500.0,799.17
2025-09-18,swsh9-154,263873,Holofoil,351.36,354.99,506.01,1500.0,974.0
2025-09-19,base1-15,42355,Holofoil,114.22,68.0,124.23,300.0,
2025-09-19,base1-16,42356,Holofoil,37.3,20.0,35.6,72.94,39.99
2025-09-19,base1-2,42360,Holofoil,159.04,95.99,149.99,499.99,93.93
2025-09-19,base1-4,42382,Holofoil,455.47,320.44,465.52,1000.0,
2025-09-19,base1-58,42402,Normal,3.38,0.4,2.79,9999.0,1.21
2025-09-19,cel25c-4,250320,Holofoil,143.2,101.9,169.99,499.99,114.08
2025-09-19,gym2-2,83861,1st Edition Holofoil,767.0,1101.1,1150.55,1199.99,
2025-09-19,gym2-2,83861,Unlimited Holofoil,528.66,292.5,487.73,593.69,408.64
2025-09-19,neo1-9,86903,1st Edition Holofoil,1799.99,1798.78,1899.99,1900.97,
2025-09-19,neo1-9,86903,Unlimited Holofoil,422.66,285.0,349.95,447.38,
2025-09-19,sl-151-bundle,502000,Normal,94.74,90.0,105.61,999.99,
2025-09-19,sl-151-etb,503313,Normal,398.68,380.0,462.5,4999.99,
2025-09-19,sl-151-upc,502005,Normal,597.23,549.99,799.97,40000.0,
2025-09-19,sl-ar-box,265519,Normal,387.52,390.0,500.0,9999.99,
2025-09-19,sl-bs-box,256141,Normal,541.23,492.0,724.95,9999.99,
2025-09-19,sl-cel-upc,245140,Normal,851.35,929.99,1000.0,154722.59,
2025-09-19,sl-champ-etb,218791,Normal,144.1,149.99,175.0,500.0,
2025-09-19,sl-cz-etb,453470,Normal,227.14,225.01,295.95,4999.99,
2025-09-19,sl-dr-box,624679,Normal,391.39,376.2,450.0,9999.0,
2025-09-19,sl-evs-box,242436,Normal,2595.87,2695.0,3485.0,12000.0,
2025-09-19,sl-evs-etb,243721,Normal,647.02,799.99,999.97,2999.99,
2025-09-19,sl-fs-box,247654,Normal,997.14,1041.98,1199.97,9999.99,
2025-09-19,sl-hf-etb,194729,Normal,424.71,416.0,499.99,9999.98,
2025-09-19,sl-jp-151,565243,Normal,191.76,195.95,200.67,300.0,
2025-09-19,sl-jp-terastal,603428,Normal,98.79,98.05,119.99,200.0,
2025-09-19,sl-jt-box,610931,Normal,247.09,245.99,279.99,551.0,
2025-09-19,sl-lo-box,277324,Normal,822.59,789.99,937.49,9999.99,
2025-09-19,sl-me1-box,644298,Normal,276.49,272.54,300.0,346.0,
2025-09-19,sl-obf-box,501257,Normal,325.23,319.99,384.99,1000.0,
2025-09-19,sl-pe-etb,593355,Normal,116.4,110.0,141.29,2000.0,
2025-09-19,sl-pe-spc,622770,Normal,283.44,292.0,337.02,10000.0,
2025-09-19,sl-pf-etb,528040,Normal,290.1,286.59,300.0,775.0,
2025-09-19,sl-phf-box,654137,Normal,343.93,343.56,343.57,343.95,
2025-09-19,sl-shf-etb,228821,Normal,100.11,88.99,112.49,499.99,
2025-09-19,sl-ss-box,565606,Normal,274.08,281.0,350.0,4999.99,
2025-09-19,sl-st-box,283389,Normal,466.11,449.99,655.95,9999.99,
2025-09-19,sl-tf-box,536225,Normal,249.86,235.69,299.99,500.0,
2025-09-19,sv2-185,497557,Normal,0.29,0.25,0.39,30.0,
2025-09-19,sv2-185,497557,Reverse Holofoil,0.6,0.24,0.65,7.99,0.52
2025-09-19,sv2-254,497669,Holofoil,16.28,10.0,18.0,100.0,14.98
2025-09-19,sv2-269,497689,Holofoil,51.34,49.15,59.99,259.99,
2025-09-19,sv3pt5-151,516566,Holofoil,7.74,5.75,8.0,40.0,9.9
2025-09-19,sv3pt5-199,517045,Holofoil,304.3,250.0,332.37,900.0,365.24
2025-09-19,sv3pt5-205,517051,Holofoil,17.18,14.61,19.59,100.0,19.55
2025-09-19,sv3pt5-4,502555,Normal,0.11,0.01,0.15,5.0,
2025-09-19,sv3pt5-4,502555,Reverse Holofoil,0.18,0.03,0.25,5.0,
2025-09-19,sv3pt5-6,502558,Holofoil,4.86,3.49,5.0,30.0,3.9
2025-09-19,sv3pt5-7,502548,Normal,0.17,0.01,0.17,2.0,
2025-09-19,sv3pt5-7,502548,Reverse Holofoil,0.18,0.04,0.25,5.0,
2025-09-19,sv4pt5-234,535090,Holofoil,314.03,300.0,324.25,750.0,399.99
2025-09-19,sv4pt5-54,534416,Holofoil,3.75,2.5,3.75,34.99,4.41
2025-09-19,sv8-57,590025,Holofoil,5.24,4.0,5.95,50.0,6.0
2025-09-19,sv8pt5-149,610504,Holofoil,192.46,190.0,221.94,800.0,
2025-09-19,sv8pt5-155,610510,Holofoil,208.02,194.0,236.5,499.99,
2025-09-19,sv8pt5-156,610511,Holofoil,334.35,325.0,494.61,800.0,
2025-09-19,sv8pt5-161,610516,Holofoil,919.79,776.01,1097.98,1500.0,1094.98
2025-09-19,sv8pt5-167,610522,Holofoil,113.43,109.0,131.33,249.95,
2025-09-19,sv8pt5-179,610534,Holofoil,53.42,53.0,75.0,270.0,
2025-09-19,sv8pt5-28,610383,Holofoil,1.27,0.6,1.25,9.99,2.49
2025-09-19,sv8pt5-47,610402,Normal,0.03,0.01,0.1,69420.73,0.01
2025-09-19,sv8pt5-47,610402,Reverse Holofoil,0.08,0.01,0.13,20.0,
2025-09-19,sv8pt5-59,610414,Holofoil,0.31,0.02,0.3,100.0,
2025-09-19,sv8pt5-59,610414,Reverse Holofoil,0.35,0.05,0.4,25.0,
2025-09-19,sv8pt5-60,610415,Holofoil,4.91,3.9,5.19,40.0,6.24
2025-09-19,svp-085,518861,Normal,500.82,599.01,994.49,2500.0,994.44
2025-09-19,swsh11-186,284137,Holofoil,611.81,463.55,686.4,2000.0,659.99
2025-09-19,swsh12-186,451834,Holofoil,432.95,386.99,624.71,1100.0,386.99
2025-09-19,swsh12pt5gg-GG69,478100,Holofoil,215.71,209.0,264.08,600.0,255.55
2025-09-19,swsh35-25,223018,Normal,0.11,0.03,0.2,1.6,
2025-09-19,swsh35-25,223018,Reverse Holofoil,0.19,0.09,0.25,2.0,0.15
2025-09-19,swsh35-74,223073,Holofoil,152.71,145.0,199.99,1500.0,144.0
2025-09-19,swsh45sv-SV107,232496,Holofoil,141.3,105.0,205.94,349.95,158.7
2025-09-19,swsh7-204,246693,Holofoil,30.35,28.0,36.74,150.0,29.69
2025-09-19,swsh7-205,246696,Holofoil,384.07,307.0,410.0,699.69,
2025-09-19,swsh7-208,246755,Holofoil,29.3,23.0,30.5,500.0,33.56
2025-09-19,swsh7-209,246756,Holofoil,255.71,241.0,329.84,499.97,290.0
2025-09-19,swsh7-211,246702,Holofoil,42.38,37.5,45.39,99.99,40.09
2025-09-19,swsh7-212,246704,Holofoil,308.86,334.09,409.99,1000.0,334.99
2025-09-19,swsh7-215,246723,Holofoil,2119.98,1799.0,2799.99,3199.97,1999.0
2025-09-19,swsh7-218,246733,Holofoil,673.45,540.0,695.76,999.69,673.51
2025-09-19,swsh7-41,246753,Holofoil,5.67,4.75,6.41,19.99,6.99
2025-09-19,swsh7-65,246690,Holofoil,10.38,8.25,11.06,500.0,10.01
2025-09-19,swsh7-75,246701,Holofoil,11.09,6.5,12.18,500.0,10.69
2025-09-19,swsh7-8,246691,Holofoil,5.69,4.75,6.25,100.0,7.98
2025-09-19,swsh8-271,253266,Holofoil,786.51,599.99,799.17,2500.0,799.17
2025-09-19,swsh9-154,263873,Holofoil,351.36,330.0,469.84,1500.0,899.99
2025-09-20,base1-15,42355,Holofoil,114.22,68.0,120.86,300.0,
2025-09-20,base1-16,42356,Holofoil,37.3,18.0,35.54,72.94,
2025-09-20,base1-2,42360,Holofoil,159.04,95.99,150.22,499.99,86.04
2025-09-20,base1-4,42382,Holofoil,455.47,399.99,482.98,1000.0,
2025-09-20,base1-58,42402,Normal,2.91,0.4,2.82,9999.0,4.41
2025-09-20,cel25c-4,250320,Holofoil,143.51,101.9,169.99,499.99,114.08
2025-09-20,gym2-2,83861,1st Edition Holofoil,767.0,1101.1,1150.55,1199.99,
2025-09-20,gym2-2,83861,Unlimited Holofoil,528.66,285.0,487.73,2344.85,408.64
2025-09-20,neo1-9,86903,1st Edition Holofoil,1799.99,1798.78,1899.99,1900.97,
2025-09-20,neo1-9,86903,Unlimited Holofoil,422.66,289.3,359.0,447.38,
2025-09-20,sl-151-bundle,502000,Normal,94.78,90.0,106.5,999.99,
2025-09-20,sl-151-etb,503313,Normal,402.23,390.0,474.0,4999.99,
2025-09-20,sl-151-upc,502005,Normal,583.23,549.99,799.95,40000.0,
2025-09-20,sl-ar-box,265519,Normal,387.52,390.0,500.0,9999.99,
2025-09-20,sl-bs-box,256141,Normal,541.23,492.0,712.48,9999.99,
2025-09-20,sl-cel-upc,245140,Normal,851.35,929.99,1000.0,154722.59,
2025-09-20,sl-champ-etb,218791,Normal,145.17,149.99,175.0,399.99,
2025-09-20,sl-cz-etb,453470,Normal,228.7,219.98,297.48,4999.99,
2025-09-20,sl-dr-box,624679,Normal,393.74,399.99,484.35,9999.0,
2025-09-20,sl-evs-box,242436,Normal,2595.87,2685.01,3400.0,12000.0,
2025-09-20,sl-evs-etb,243721,Normal,647.02,974.99,999.97,2999.99,
2025-09-20,sl-fs-box,247654,Normal,1003.17,1041.98,1199.95,9999.99,
2025-09-20,sl-hf-etb,194729,Normal,424.31,416.0,499.99,9999.98,
2025-09-20,sl-jp-151,565243,Normal,192.0,195.95,200.67,300.0,
2025-09-20,sl-jp-terastal,603428,Normal,98.86,100.0,119.99,200.0,
2025-09-20,sl-jt-box,610931,Normal,247.09,245.99,275.0,364.95,
2025-09-20,sl-lo-box,277324,Normal,822.59,789.99,925.0,9999.99,
2025-09-20,sl-me1-box,644298,Normal,278.74,273.0,308.89,346.0,
2025-09-20,sl-obf-box,501257,Normal,325.23,324.99,379.99,1000.0,
2025-09-20,sl-pe-etb,593355,Normal,122.06,111.76,144.9,2000.0,
2025-09-20,sl-pe-spc,622770,Normal,294.34,292.0,345.0,10000.0,
2025-09-20,sl-pf-etb,528040,Normal,291.2,286.59,301.5,775.0,
2025-09-20,sl-phf-box,654137,Normal,343.6,343.26,343.53,343.82,
2025-09-20,sl-shf-etb,228821,Normal,100.78,88.99,114.99,499.99,
2025-09-20,sl-ss-box,565606,Normal,264.58,299.0,350.0,4999.99,
2025-09-20,sl-st-box,283389,Normal,466.11,449.99,627.97,9999.99,
2025-09-20,sl-tf-box,536225,Normal,250.17,244.99,299.99,500.0,
2025-09-20,sv2-185,497557,Normal,0.29,0.09,0.39,30.0,
2025-09-20,sv2-185,497557,Reverse Holofoil,0.62,0.24,0.65,7.99,
2025-09-20,sv2-254,497669,Holofoil,16.02,10.0,18.0,111.35,18.24
2025-09-20,sv2-269,497689,Holofoil,51.66,49.15,59.98,259.99,
2025-09-20,sv3pt5-151,516566,Holofoil,7.36,6.0,8.0,65.0,
2025-09-20,sv3pt5-199,517045,Holofoil,298.52,250.0,353.69,900.0,
2025-09-20,sv3pt5-205,517051,Holofoil,17.56,14.61,19.83,100.0,16.74
2025-09-20,sv3pt5-4,502555,Normal,0.11,0.01,0.15,5.99,
2025-09-20,sv3pt5-4,502555,Reverse Holofoil,0.18,0.03,0.25,5.99,
2025-09-20,sv3pt5-6,502558,Holofoil,4.32,3.25,5.0,30.0,5.0
2025-09-20,sv3pt5-7,502548,Normal,0.16,0.01,0.17,5.99,
2025-09-20,sv3pt5-7,502548,Reverse Holofoil,0.2,0.04,0.25,5.99,
2025-09-20,sv4pt5-234,535090,Holofoil,313.31,300.0,379.94,799.99,399.99
2025-09-20,sv4pt5-54,534416,Holofoil,3.57,2.5,3.75,34.99,4.21
2025-09-20,sv8-57,590025,Holofoil,5.29,3.78,5.94,50.0,5.97
2025-09-20,sv8pt5-149,610504,Holofoil,196.35,190.0,223.25,800.0,
2025-09-20,sv8pt5-155,610510,Holofoil,206.53,194.81,237.5,499.99,
2025-09-20,sv8pt5-156,610511,Holofoil,339.57,414.99,499.99,999.99,
2025-09-20,sv8pt5-161,610516,Holofoil,999.76,899.99,1499.95,2999.99,
2025-09-20,sv8pt5-167,610522,Holofoil,113.44,113.99,131.05,299.99,
2025-09-20,sv8pt5-179,610534,Holofoil,53.27,48.99,74.99,270.0,
2025-09-20,sv8pt5-28,610383,Holofoil,1.16,0.59,1.3,9.99,
2025-09-20,sv8pt5-47,610402,Normal,0.03,0.01,0.1,69420.73,0.02
2025-09-20,sv8pt5-47,610402,Reverse Holofoil,0.08,0.01,0.13,20.0,
2025-09-20,sv8pt5-59,610414,Holofoil,0.25,0.02,0.3,100.0,
2025-09-20,sv8pt5-59,610414,Reverse Holofoil,0.37,0.05,0.39,25.0,
2025-09-20,sv8pt5-60,610415,Holofoil,4.67,3.5,5.18,40.0,
2025-09-20,svp-085,518861,Normal,519.02,599.01,994.49,2500.0,994.44
2025-09-20,swsh11-186,284137,Holofoil,611.81,463.55,677.75,2000.0,659.99
2025-09-20,swsh12-186,451834,Holofoil,432.95,499.0,599.99,1100.0,499.69
2025-09-20,swsh12pt5gg-GG69,478100,Holofoil,215.43,205.98,264.82,600.0,257.14
2025-09-20,swsh35-25,223018,Normal,0.11,0.03,0.2,1.6,
2025-09-20,swsh35-25,223018,Reverse Holofoil,0.19,0.09,0.25,2.0,0.15
2025-09-20,swsh35-74,223073,Holofoil,153.42,145.0,201.43,1500.0,201.43
2025-09-20,swsh45sv-SV107,232496,Holofoil,143.93,105.0,210.43,349.95,161.63
2025-09-20,swsh7-204,246693,Holofoil,30.35,29.69,37.49,150.0,29.69
2025-09-20,swsh7-205,246696,Holofoil,385.27,307.0,422.5,2137.6,
2025-09-20,swsh7-208,246755,Holofoil,29.3,23.0,30.5,500.0,33.56
2025-09-20,swsh7-209,246756,Holofoil,258.17,243.0,341.2,1619.6,324.99
2025-09-20,swsh7-211,246702,Holofoil,42.38,37.5,45.39,248.75,40.09
2025-09-20,swsh7-212,246704,Holofoil,313.62,344.0,473.73,1000.0,349.99
2025-09-20,swsh7-215,246723,Holofoil,2146.02,1799.0,2799.99,3199.97,1999.0
2025-09-20,swsh7-218,246733,Holofoil,666.89,540.0,697.88,999.69,673.51
2025-09-20,swsh7-41,246753,Holofoil,5.75,4.75,6.49,19.99,6.99
2025-09-20,swsh7-65,246690,Holofoil,10.48,8.25,11.41,500.0,10.79
2025-09-20,swsh7-75,246701,Holofoil,10.31,6.5,12.66,500.0,12.97
2025-09-20,swsh7-8,246691,Holofoil,5.78,4.75,6.26,100.0,7.98
2025-09-20,swsh8-271,253266,Holofoil,786.51,599.99,799.17,2500.0,799.17
2025-09-20,swsh9-154,263873,Holofoil,363.09,354.95,490.7,1500.0,527.1
2025-09-21,base1-15,42355,Holofoil,114.22,68.0,120.0,300.0,
2025-09-21,base1-16,42356,Holofoil,37.23,18.0,35.58,72.94,
2025-09-21,base1-2,42360,Holofoil,160.0,95.99,150.22,499.99,86.64
2025-09-21,base1-4,42382,Holofoil,455.47,321.49,465.52,1000.0,
2025-09-21,base1-58,42402,Normal,2.96,0.6,2.8,9999.0,
2025-09-21,cel25c-4,250320,Holofoil,144.96,100.45,174.52,499.99,114.08
2025-09-21,gym2-2,83861,1st Edition Holofoil,767.0,1101.1,1150.55,1199.99,
2025-09-21,gym2-2,83861,Unlimited Holofoil,528.66,285.0,487.73,2344.85,408.64
2025-09-21,neo1-9,86903,1st Edition Holofoil,1799.99,1798.78,1899.99,1900.97,
2025-09-21,neo1-9,86903,Unlimited Holofoil,415.18,289.3,359.5,447.0,
2025-09-21,sl-151-bundle,502000,Normal,95.19,85.0,105.0,999.99,
2025-09-21,sl-151-etb,503313,Normal,402.68,394.99,499.99,4999.99,
2025-09-21,sl-151-upc,502005,Normal,585.43,549.99,797.48,40000.0,
2025-09-21,sl-ar-box,265519,Normal,388.96,400.0,500.0,9999.99,
2025-09-21,sl-bs-box,256141,Normal,541.83,499.99,724.95,9999.99,
2025-09-21,sl-cel-upc,245140,Normal,851.35,935.0,1012.5,154722.59,
2025-09-21,sl-champ-etb,218791,Normal,145.57,149.99,175.0,399.99,
2025-09-21,sl-cz-etb,453470,Normal,228.5,219.98,299.0,4999.99,
2025-09-21,sl-dr-box,624679,Normal,395.74,380.37,459.85,9999.0,
2025-09-21,sl-evs-box,242436,Normal,2595.87,2685.01,3400.0,12000.0,
2025-09-21,sl-evs-etb,243721,Normal,647.02,974.99,999.97,2999.99,
2025-09-21,sl-fs-box,247654,Normal,1007.3,1044.99,1199.97,9999.99,
2025-09-21,sl-hf-etb,194729,Normal,424.31,416.0,499.99,9999.98,
2025-09-21,sl-jp-151,565243,Normal,193.69,194.97,214.99,399.99,
2025-09-21,sl-jp-terastal,603428,Normal,99.34,103.31,120.0,200.0,
2025-09-21,sl-jt-box,610931,Normal,247.45,245.99,275.0,364.95,
2025-09-21,sl-lo-box,277324,Normal,822.59,789.99,917.49,9999.99,
2025-09-21,sl-me1-box,644298,Normal,278.78,273.8,300.0,346.0,
2025-09-21,sl-obf-box,501257,Normal,324.51,327.98,379.99,1000.0,
2025-09-21,sl-pe-etb,593355,Normal,122.66,117.99,145.99,2000.0,
2025-09-21,sl-pe-spc,622770,Normal,297.8,240.0,350.0,10000.0,
2025-09-21,sl-pf-etb,528040,Normal,293.54,286.59,314.5,775.0,
2025-09-21,sl-phf-box,654137,Normal,343.51,342.99,343.44,343.59,
2025-09-21,sl-shf-etb,228821,Normal,101.26,88.99,114.99,499.99,
2025-09-21,sl-ss-box,565606,Normal,262.7,299.0,349.99,4999.99,
2025-09-21,sl-st-box,283389,Normal,466.11,449.99,599.99,9999.99,
2025-09-21,sl-tf-box,536225,Normal,250.17,244.99,299.99,500.0,
2025-09-21,sv2-185,497557,Normal,0.35,0.09,0.4,30.0,
2025-09-21,sv2-185,497557,Reverse Holofoil,0.6,0.24,0.65,7.99,
2025-09-21,sv2-254,497669,Holofoil,15.79,13.99,18.0,111.35,18.15
2025-09-21,sv2-269,497689,Holofoil,52.24,48.99,59.93,259.99,
2025-09-21,sv3pt5-151,516566,Holofoil,7.68,6.0,8.0,65.0,
2025-09-21,sv3pt5-199,517045,Holofoil,301.91,300.0,357.38,900.0,
2025-09-21,sv3pt5-205,517051,Holofoil,17.82,14.61,20.0,100.0,20.12
2025-09-21,sv3pt5-4,502555,Normal,0.11,0.01,0.15,5.99,
2025-09-21,sv3pt5-4,502555,Reverse Holofoil,0.2,0.03,0.25,5.99,
2025-09-21,sv3pt5-6,502558,Holofoil,4.47,3.1,5.0,30.0,5.36
2025-09-21,sv3pt5-7,502548,Normal,0.15,0.01,0.16,5.99,
2025-09-21,sv3pt5-7,502548,Reverse Holofoil,0.22,0.04,0.25,5.99,
2025-09-21,sv4pt5-234,535090,Holofoil,313.9,300.0,390.0,799.99,399.99
2025-09-21,sv4pt5-54,534416,Holofoil,3.54,2.5,3.75,34.99,4.41
2025-09-21,sv8-57,590025,Holofoil,5.83,0.25,5.99,50.0,9.19
2025-09-21,sv8pt5-149,610504,Holofoil,196.14,190.0,224.99,800.0,
2025-09-21,sv8pt5-155,610510,Holofoil,206.53,194.81,232.5,499.99,
2025-09-21,sv8pt5-156,610511,Holofoil,339.57,404.99,499.5,999.99,
2025-09-21,sv8pt5-161,610516,Holofoil,999.76,899.99,1485.59,2999.99,
2025-09-21,sv8pt5-167,610522,Holofoil,113.68,113.99,132.29,299.99,
2025-09-21,sv8pt5-179,610534,Holofoil,53.09,53.0,74.99,270.0,
2025-09-21,sv8pt5-28,610383,Holofoil,1.32,0.6,1.3,9.99,
2025-09-21,sv8pt5-47,610402,Normal,0.03,0.01,0.1,69420.73,0.02
2025-09-21,sv8pt5-47,610402,Reverse Holofoil,0.12,0.01,0.13,20.0,
2025-09-21,sv8pt5-59,610414,Holofoil,0.25,0.03,0.3,100.0,
2025-09-21,sv8pt5-59,610414,Reverse Holofoil,0.36,0.05,0.39,25.0,
2025-09-21,sv8pt5-60,610415,Holofoil,4.77,3.98,5.22,40.0,
2025-09-21,svp-085,518861,Normal,508.82,599.01,994.47,2500.0,994.44
2025-09-21,swsh11-186,284137,Holofoil,609.61,463.55,677.75,2000.0,659.99
2025-09-21,swsh12-186,451834,Holofoil,432.95,400.0,599.99,1100.0,499.69
2025-09-21,swsh12pt5gg-GG69,478100,Holofoil,217.05,226.35,270.37,600.0,249.99
2025-09-21,swsh35-25,223018,Normal,0.11,0.03,0.2,1.6,
2025-09-21,swsh35-25,223018,Reverse Holofoil,0.18,0.09,0.25,2.0,
2025-09-21,swsh35-74,223073,Holofoil,154.88,145.0,199.99,1500.0,249.99
2025-09-21,swsh45sv-SV107,232496,Holofoil,143.93,179.99,215.02,349.95,179.99
2025-09-21,swsh7-204,246693,Holofoil,29.56,29.69,37.75,150.0,29.69
2025-09-21,swsh7-205,246696,Holofoil,385.27,307.0,424.99,2137.6,
2025-09-21,swsh7-208,246755,Holofoil,29.4,23.0,31.99,500.0,33.56
2025-09-21,swsh7-209,246756,Holofoil,260.5,244.0,345.96,1619.6,324.99
2025-09-21,swsh7-211,246702,Holofoil,42.38,37.5,45.77,248.75,40.75
2025-09-21,swsh7-212,246704,Holofoil,314.08,344.0,470.5,1000.0,349.99
2025-09-21,swsh7-215,246723,Holofoil,2146.02,1799.0,2799.99,3199.97,1999.0
2025-09-21,swsh7-218,246733,Holofoil,666.89,540.0,695.76,999.69,673.51
2025-09-21,swsh7-41,246753,Holofoil,5.81,4.75,6.5,19.99,6.97
2025-09-21,swsh7-65,246690,Holofoil,10.66,8.25,11.25,500.0,12.63
2025-09-21,swsh7-75,246701,Holofoil,10.46,6.5,12.15,500.0,12.55
2025-09-21,swsh7-8,246691,Holofoil,5.95,4.75,6.25,100.0,7.14
2025-09-21,swsh8-271,253266,Holofoil,786.51,599.99,799.17,2500.0,799.17
2025-09-21,swsh9-154,263873,Holofoil,363.09,354.95,524.52,1500.0,544.65
2025-09-22,base1-15,42355,Holofoil,114.22,68.0,120.86,300.0,
2025-09-22,base1-16,42356,Holofoil,37.23,18.0,35.99,72.94,
2025-09-22,base1-2,42360,Holofoil,160.06,95.72,146.99,499.99,
2025-09-22,base1-4,42382,Holofoil,456.02,321.49,465.09,1000.0,
2025-09-22,base1-58,42402,Normal,2.9,0.6,2.79,9999.0,
2025-09-22,cel25c-4,250320,Holofoil,144.0,119.0,168.94,499.99,114.08
2025-09-22,gym2-2,83861,1st Edition Holofoil,767.0,1101.1,1150.55,1199.99,
2025-09-22,gym2-2,83861,Unlimited Holofoil,528.66,285.0,485.74,593.69,408.64
2025-09-22,neo1-9,86903,1st Edition Holofoil,1799.99,1798.78,1899.99,1900.97,
2025-09-22,neo1-9,86903,Unlimited Holofoil,415.18,289.3,359.5,447.0,
2025-09-22,sl-151-bundle,502000,Normal,96.14,84.99,105.0,999.99,
2025-09-22,sl-151-etb,503313,Normal,402.3,394.99,499.99,4999.99,
2025-09-22,sl-151-upc,502005,Normal,586.03,549.99,795.0,40000.0,
2025-09-22,sl-ar-box,265519,Normal,388.96,400.0,500.0,9999.99,
2025-09-22,sl-bs-box,256141,Normal,548.69,499.99,725.0,9999.99,
2025-09-22,sl-cel-upc,245140,Normal,851.35,925.0,1000.0,154722.59,
2025-09-22,sl-champ-etb,218791,Normal,145.97,149.99,175.0,399.99,
2025-09-22,sl-cz-etb,453470,Normal,226.22,219.98,299.0,4999.99,
2025-09-22,sl-dr-box,624679,Normal,475.92,475.0,625.0,9999.0,
2025-09-22,sl-evs-box,242436,Normal,2595.87,2685.01,3442.5,12000.0,
2025-09-22,sl-evs-etb,243721,Normal,647.02,979.99,999.97,2999.99,
2025-09-22,sl-fs-box,247654,Normal,1023.66,1047.96,1200.0,9999.99,
2025-09-22,sl-hf-etb,194729,Normal,424.31,416.0,499.98,9999.98,
2025-09-22,sl-jp-151,565243,Normal,195.05,193.0,212.5,399.99,
2025-09-22,sl-jp-terastal,603428,Normal,102.52,103.31,119.99,200.0,
2025-09-22,sl-jt-box,610931,Normal,247.45,245.99,275.0,551.0,
2025-09-22,sl-lo-box,277324,Normal,822.59,785.0,917.49,9999.99,
2025-09-22,sl-me1-box,644298,Normal,285.97,284.86,299.89,346.0,
2025-09-22,sl-obf-box,501257,Normal,324.51,327.98,379.98,1000.0,
2025-09-22,sl-pe-etb,593355,Normal,129.32,124.97,150.0,2000.0,
2025-09-22,sl-pe-spc,622770,Normal,298.6,314.99,389.0,10000.0,
2025-09-22,sl-pf-etb,528040,Normal,296.21,286.59,314.45,775.0,
2025-09-22,sl-phf-box,654137,Normal,341.85,337.44,337.55,343.59,
2025-09-22,sl-shf-etb,228821,Normal,101.36,88.99,110.0,499.99,
2025-09-22,sl-ss-box,565606,Normal,266.62,300.0,350.0,4999.99,
2025-09-22,sl-st-box,283389,Normal,468.91,449.99,599.97,9999.99,
2025-09-22,sl-tf-box,536225,Normal,251.33,244.99,299.99,500.0,
2025-09-22,sv2-185,497557,Normal,0.34,0.09,0.39,30.0,
2025-09-22,sv2-185,497557,Reverse Holofoil,0.51,0.24,0.65,7.99,
2025-09-22,sv2-254,497669,Holofoil,15.67,14.13,17.99,100.0,14.13
2025-09-22,sv2-269,497689,Holofoil,52.66,48.45,59.47,259.99,
2025-09-22,sv3pt5-151,516566,Holofoil,7.08,6.0,8.0,40.0,
2025-09-22,sv3pt5-199,517045,Holofoil,309.04,297.99,358.27,900.0,
2025-09-22,sv3pt5-205,517051,Holofoil,17.03,14.61,19.99,100.0,19.99
2025-09-22,sv3pt5-4,502555,Normal,0.13,0.01,0.15,5.99,
2025-09-22,sv3pt5-4,502555,Reverse Holofoil,0.18,0.03,0.25,5.99,
2025-09-22,sv3pt5-6,502558,Holofoil,4.05,2.99,5.0,30.0,
2025-09-22,sv3pt5-7,502548,Normal,0.14,0.01,0.16,5.99,
2025-09-22,sv3pt5-7,502548,Reverse Holofoil,0.21,0.04,0.25,5.99,
2025-09-22,sv4pt5-234,535090,Holofoil,312.06,300.0,374.99,799.99,399.99
2025-09-22,sv4pt5-54,534416,Holofoil,3.86,2.5,3.75,34.99,3.66
2025-09-22,sv8-57,590025,Holofoil,5.6,3.8,6.0,50.0,6.45
2025-09-22,sv8pt5-149,610504,Holofoil,196.04,190.0,224.5,800.0,
2025-09-22,sv8pt5-155,610510,Holofoil,206.86,194.81,249.99,499.99,
2025-09-22,sv8pt5-156,610511,Holofoil,340.17,374.99,485.99,999.99,
2025-09-22,sv8pt5-161,610516,Holofoil,1001.45,1000.0,1499.99,2999.99,
2025-09-22,sv8pt5-167,610522,Holofoil,113.97,113.99,132.86,299.99,
2025-09-22,sv8pt5-179,610534,Holofoil,53.09,50.0,71.7,270.0,
2025-09-22,sv8pt5-28,610383,Holofoil,1.33,0.7,1.31,9.99,
2025-09-22,sv8pt5-47,610402,Normal,0.04,0.01,0.1,69420.73,0.02
2025-09-22,sv8pt5-47,610402,Reverse Holofoil,0.11,0.01,0.14,20.0,
2025-09-22,sv8pt5-59,610414,Holofoil,0.27,0.03,0.29,100.0,
2025-09-22,sv8pt5-59,610414,Reverse Holofoil,0.32,0.1,0.39,25.0,
2025-09-22,sv8pt5-60,610415,Holofoil,4.81,3.98,5.2,40.0,
2025-09-22,svp-085,518861,Normal,508.82,599.01,994.47,2500.0,994.44
2025-09-22,swsh11-186,284137,Holofoil,609.61,463.55,682.5,2000.0,659.99
2025-09-22,swsh12-186,451834,Holofoil,432.95,400.0,599.99,1100.0,499.69
2025-09-22,swsh12pt5gg-GG69,478100,Holofoil,216.84,219.99,259.99,600.0,249.99
2025-09-22,swsh35-25,223018,Normal,0.11,0.03,0.2,1.6,
2025-09-22,swsh35-25,223018,Reverse Holofoil,0.18,0.09,0.25,2.0,
2025-09-22,swsh35-74,223073,Holofoil,154.9,159.99,201.63,1500.0,199.0
2025-09-22,swsh45sv-SV107,232496,Holofoil,146.59,185.0,203.39,349.95,199.99
2025-09-22,swsh7-204,246693,Holofoil,29.89,29.56,37.5,150.0,29.69
2025-09-22,swsh7-205,246696,Holofoil,385.2,307.0,424.99,699.69,
2025-09-22,swsh7-208,246755,Holofoil,29.62,23.0,31.98,500.0,35.88
2025-09-22,swsh7-209,246756,Holofoil,264.14,249.0,350.05,499.97,324.99
2025-09-22,swsh7-211,246702,Holofoil,42.7,37.5,47.13,99.99,40.75
2025-09-22,swsh7-212,246704,Holofoil,314.08,344.0,489.48,1000.0,349.99
2025-09-22,swsh7-215,246723,Holofoil,2146.02,1799.0,2799.99,3199.97,1999.0
2025-09-22,swsh7-218,246733,Holofoil,666.89,540.0,699.99,999.69,673.51
2025-09-22,swsh7-41,246753,Holofoil,5.98,4.75,6.66,25.0,6.96
2025-09-22,swsh7-65,246690,Holofoil,10.49,8.25,11.25,500.0,12.68
2025-09-22,swsh7-75,246701,Holofoil,10.51,8.5,12.26,500.0,14.23
2025-09-22,swsh7-8,246691,Holofoil,6.16,4.75,6.32,100.0,8.77
2025-09-22,swsh8-271,253266,Holofoil,787.11,599.99,802.46,1499.95,799.17
2025-09-22,swsh9-154,263873,Holofoil,363.09,354.99,540.0,1500.0,540.0
2025-09-23,base1-15,42355,Holofoil,114.22,68.0,121.71,300.0,
2025-09-23,base1-16,42356,Holofoil,37.37,18.0,37.23,89.99,
2025-09-23,base1-2,42360,Holofoil,159.86,95.72,143.65,499.99,
2025-09-23,base1-4,42382,Holofoil,456.51,320.0,463.03,1000.0,
2025-09-23,base1-58,42402,Normal,3.0,0.6,2.81,9999.0,
2025-09-23,cel25c-4,250320,Holofoil,143.69,121.0,164.0,499.99,114.08
2025-09-23,gym2-2,83861,1st Edition Holofoil,767.0,1046.04,1123.02,1199.99,
2025-09-23,gym2-2,83861,Unlimited Holofoil,528.66,285.0,485.74,593.69,408.64
2025-09-23,neo1-9,86903,1st Edition Holofoil,1799.99,1798.78,1899.99,1900.97,
2025-09-23,neo1-9,86903,Unlimited Holofoil,415.18,300.0,359.0,447.0,
2025-09-23,sl-151-bundle,502000,Normal,95.04,85.0,109.99,999.99,
2025-09-23,sl-151-etb,503313,Normal,402.3,389.99,499.0,4999.99,
2025-09-23,sl-151-upc,502005,Normal,587.11,549.99,792.5,40000.0,
2025-09-23,sl-ar-box,265519,Normal,391.77,419.55,500.0,9999.99,
2025-09-23,sl-bs-box,256141,Normal,548.69,499.99,712.5,9999.99,
2025-09-23,sl-cel-upc,245140,Normal,857.55,915.0,999.5,154722.59,
2025-09-23,sl-champ-etb,218791,Normal,146.33,149.99,175.0,399.99,
2025-09-23,sl-cz-etb,453470,Normal,227.38,239.97,299.0,4999.99,
2025-09-23,sl-dr-box,624679,Normal,468.3,449.45,600.0,9999.0,
2025-09-23,sl-evs-box,242436,Normal,2595.87,2601.99,3400.0,12000.0,
2025-09-23,sl-evs-etb,243721,Normal,647.02,899.95,999.0,2999.99,
2025-09-23,sl-fs-box,247654,Normal,1023.66,1047.96,1200.0,9999.99,
2025-09-23,sl-hf-etb,194729,Normal,424.31,416.0,499.96,9999.98,
2025-09-23,sl-jp-151,565243,Normal,195.05,193.0,209.95,399.99,
2025-09-23,sl-jp-terastal,603428,Normal,104.04,103.31,119.99,200.0,
2025-09-23,sl-jt-box,610931,Normal,247.54,246.2,277.5,551.0,
2025-09-23,sl-lo-box,277324,Normal,801.82,896.99,999.99,9999.99,
2025-09-23,sl-me1-box,644298,Normal,304.1,320.0,332.99,346.0,
2025-09-23,sl-obf-box,501257,Normal,324.51,327.98,368.23,1000.0,
2025-09-23,sl-pe-etb,593355,Normal,130.63,120.01,150.0,2000.0,
2025-09-23,sl-pe-spc,622770,Normal,301.17,300.0,394.97,10000.0,
2025-09-23,sl-pf-etb,528040,Normal,296.99,286.59,303.0,775.0,
2025-09-23,sl-phf-box,654137,Normal,336.95,336.83,336.97,343.59,
2025-09-23,sl-shf-etb,228821,Normal,101.46,88.99,114.99,499.99,
2025-09-23,sl-ss-box,565606,Normal,268.46,299.0,347.49,4999.99,
2025-09-23,sl-st-box,283389,Normal,488.73,449.99,699.5,9999.99,
2025-09-23,sl-tf-box,536225,Normal,250.77,251.94,299.99,500.0,
2025-09-23,sv2-185,497557,Normal,0.33,0.09,0.39,30.0,0.32
2025-09-23,sv2-185,497557,Reverse Holofoil,0.51,0.24,0.63,7.99,0.3
2025-09-23,sv2-254,497669,Holofoil,15.74,13.0,18.0,100.0,18.14
2025-09-23,sv2-269,497689,Holofoil,52.8,48.45,59.7,259.99,56.47
2025-09-23,sv3pt5-151,516566,Holofoil,7.45,5.81,8.0,40.0,6.4
2025-09-23,sv3pt5-199,517045,Holofoil,307.87,285.0,350.0,900.0,
2025-09-23,sv3pt5-205,517051,Holofoil,17.13,14.61,19.7,100.0,16.97
2025-09-23,sv3pt5-4,502555,Normal,0.14,0.01,0.15,5.99,0.11
2025-09-23,sv3pt5-4,502555,Reverse Holofoil,0.16,0.03,0.25,5.99,
2025-09-23,sv3pt5-6,502558,Holofoil,4.02,2.99,5.0,30.0,4.19
2025-09-23,sv3pt5-7,502548,Normal,0.13,0.01,0.15,5.99,
2025-09-23,sv3pt5-7,502548,Reverse Holofoil,0.19,0.04,0.25,5.99,
2025-09-23,sv4pt5-234,535090,Holofoil,312.76,312.76,354.84,799.99,374.99
2025-09-23,sv4pt5-54,534416,Holofoil,3.0,2.0,3.83,34.99,4.5
2025-09-23,sv8-57,590025,Holofoil,5.25,3.22,5.95,50.0,10.24
2025-09-23,sv8pt5-149,610504,Holofoil,196.16,190.0,223.74,800.0,
2025-09-23,sv8pt5-155,610510,Holofoil,206.86,194.81,249.99,499.99,
2025-09-23,sv8pt5-156,610511,Holofoil,346.69,370.0,485.99,999.99,
2025-09-23,sv8pt5-161,610516,Holofoil,1012.87,1000.0,1499.99,2999.99,
2025-09-23,sv8pt5-167,610522,Holofoil,113.97,113.95,129.93,299.99,
2025-09-23,sv8pt5-179,610534,Holofoil,52.7,52.0,72.07,270.0,
2025-09-23,sv8pt5-28,610383,Holofoil,1.28,0.5,1.33,9.99,
2025-09-23,sv8pt5-47,610402,Normal,0.06,0.01,0.1,69420.73,0.02
2025-09-23,sv8pt5-47,610402,Reverse Holofoil,0.11,0.01,0.13,20.0,
2025-09-23,sv8pt5-59,610414,Holofoil,0.26,0.03,0.29,100.0,0.22
2025-09-23,sv8pt5-59,610414,Reverse Holofoil,0.32,0.1,0.39,25.0,0.32
2025-09-23,sv8pt5-60,610415,Holofoil,4.97,3.77,5.2,40.0,3.98
2025-09-23,svp-085,518861,Normal,508.82,750.0,999.99,2500.0,994.44
2025-09-23,swsh11-186,284137,Holofoil,614.01,463.55,676.55,2000.0,659.99
2025-09-23,swsh12-186,451834,Holofoil,439.89,449.99,599.49,1100.0,499.69
2025-09-23,swsh12pt5gg-GG69,478100,Holofoil,222.56,219.99,266.92,600.0,257.39
2025-09-23,swsh35-25,223018,Normal,0.11,0.03,0.2,1.6,
2025-09-23,swsh35-25,223018,Reverse Holofoil,0.18,0.09,0.25,2.0,
2025-09-23,swsh35-74,223073,Holofoil,156.86,144.0,203.92,1500.0,249.99
2025-09-23,swsh45sv-SV107,232496,Holofoil,148.04,179.99,199.97,349.95,179.99
2025-09-23,swsh7-204,246693,Holofoil,30.38,29.56,37.49,150.0,29.69
2025-09-23,swsh7-205,246696,Holofoil,385.2,306.68,428.6,699.69,
2025-09-23,swsh7-208,246755,Holofoil,30.18,23.0,32.0,500.0,36.24
2025-09-23,swsh7-209,246756,Holofoil,265.26,250.0,350.02,499.97,324.99
2025-09-23,swsh7-211,246702,Holofoil,43.22,37.5,47.74,99.99,40.75
2025-09-23,swsh7-212,246704,Holofoil,316.54,339.01,499.82,1000.0,399.99
2025-09-23,swsh7-215,246723,Holofoil,2146.02,1750.0,2849.99,3199.97,1999.0
2025-09-23,swsh7-218,246733,Holofoil,667.43,540.0,720.0,999.69,739.99
2025-09-23,swsh7-41,246753,Holofoil,6.18,4.75,6.66,25.0,7.18
2025-09-23,swsh7-65,246690,Holofoil,10.75,8.5,11.55,500.0,13.92
2025-09-23,swsh7-75,246701,Holofoil,11.45,8.5,12.61,500.0,13.21
2025-09-23,swsh7-8,246691,Holofoil,6.47,4.5,6.37,100.0,9.49
2025-09-23,swsh8-271,253266,Holofoil,787.11,599.99,799.69,1499.95,799.17
2025-09-23,swsh9-154,263873,Holofoil,377.08,374.0,535.62,1500.0,544.63
2025-09-24,base1-15,42355,Holofoil,114.02,75.8,125.64,300.0,
2025-09-24,base1-16,42356,Holofoil,37.27,18.0,37.23,89.99,
2025-09-24,base1-2,42360,Holofoil,159.86,95.72,145.29,499.99,
2025-09-24,base1-4,42382,Holofoil,456.46,320.0,465.09,1000.0,
2025-09-24,base1-58,42402,Normal,2.92,0.6,2.8,9999.0,
2025-09-24,cel25c-4,250320,Holofoil,143.21,121.0,175.72,499.99,114.08
2025-09-24,gym2-2,83861,1st Edition Holofoil,767.0,1046.04,1123.02,1199.99,
2025-09-24,gym2-2,83861,Unlimited Holofoil,528.66,285.0,485.74,593.69,408.64
2025-09-24,neo1-9,86903,1st Edition Holofoil,1799.99,1798.78,1899.99,1900.97,
2025-09-24,neo1-9,86903,Unlimited Holofoil,415.18,349.95,365.47,447.0,
2025-09-24,sl-151-bundle,502000,Normal,94.49,90.0,114.98,999.99,
2025-09-24,sl-151-etb,503313,Normal,406.26,389.99,474.0,4999.99,
2025-09-24,sl-151-upc,502005,Normal,585.07,549.99,795.0,40000.0,
2025-09-24,sl-ar-box,265519,Normal,394.17,419.55,500.0,9999.99,
2025-09-24,sl-bs-box,256141,Normal,548.69,499.99,685.0,9999.99,
2025-09-24,sl-cel-upc,245140,Normal,857.55,910.0,999.5,154722.59,
2025-09-24,sl-champ-etb,218791,Normal,147.79,149.99,174.95,399.99,
2025-09-24,sl-cz-etb,453470,Normal,227.7,215.0,284.99,4999.99,
2025-09-24,sl-dr-box,624679,Normal,455.56,449.99,600.0,9999.0,
2025-09-24,sl-evs-box,242436,Normal,2595.87,2595.86,3400.0,12000.0,
2025-09-24,sl-evs-etb,243721,Normal,647.02,899.95,999.0,2999.99,
2025-09-24,sl-fs-box,247654,Normal,1023.66,1039.96,1200.0,9999.99,
2025-09-24,sl-hf-etb,194729,Normal,424.75,416.0,499.96,9999.98,
2025-09-24,sl-jp-151,565243,Normal,196.54,193.0,209.98,399.99,
2025-09-24,sl-jp-terastal,603428,Normal,103.98,99.99,119.69,200.0,
2025-09-24,sl-jt-box,610931,Normal,248.06,246.2,279.99,551.0,
2025-09-24,sl-lo-box,277324,Normal,805.78,888.99,1000.0,9999.99,
2025-09-24,sl-me1-box,644298,Normal,326.78,324.95,332.96,346.49,
2025-09-24,sl-obf-box,501257,Normal,324.51,324.01,368.23,1000.0,
2025-09-24,sl-pe-etb,593355,Normal,127.78,124.99,150.0,2000.0,
2025-09-24,sl-pe-spc,622770,Normal,304.1,302.0,389.99,10000.0,
2025-09-24,sl-pf-etb,528040,Normal,296.88,289.01,320.0,775.0,
2025-09-24,sl-phf-box,654137,Normal,335.88,334.96,336.78,343.59,
2025-09-24,sl-shf-etb,228821,Normal,101.67,88.99,119.99,499.99,
2025-09-24,sl-ss-box,565606,Normal,283.49,300.0,341.0,4999.99,
2025-09-24,sl-st-box,283389,Normal,488.73,449.99,699.5,9999.99,
2025-09-24,sl-tf-box,536225,Normal,251.41,251.94,299.99,500.0,
2025-09-24,sv2-185,497557,Normal,0.35,0.09,0.39,30.0,
2025-09-24,sv2-185,497557,Reverse Holofoil,0.48,0.24,0.63,7.99,
2025-09-24,sv2-254,497669,Holofoil,15.37,14.5,18.0,100.0,15.2
2025-09-24,sv2-269,497689,Holofoil,53.19,48.45,59.99,259.99,54.0
2025-09-24,sv3pt5-151,516566,Holofoil,7.43,6.29,8.0,40.0,7.43
2025-09-24,sv3pt5-199,517045,Holofoil,304.97,284.99,349.64,900.0,
2025-09-24,sv3pt5-205,517051,Holofoil,17.36,14.61,19.95,100.0,17.92
2025-09-24,sv3pt5-4,502555,Normal,0.15,0.01,0.15,5.99,0.11
2025-09-24,sv3pt5-4,502555,Reverse Holofoil,0.16,0.03,0.25,5.99,
2025-09-24,sv3pt5-6,502558,Holofoil,4.35,2.99,5.0,24.78,6.32
2025-09-24,sv3pt5-7,502548,Normal,0.15,0.01,0.15,5.99,
2025-09-24,sv3pt5-7,502548,Reverse Holofoil,0.19,0.04,0.25,5.99,
2025-09-24,sv4pt5-234,535090,Holofoil,311.96,289.99,350.0,799.99,367.01
2025-09-24,sv4pt5-54,534416,Holofoil,3.6,2.0,3.81,34.99,5.89
2025-09-24,sv8-57,590025,Holofoil,4.72,3.93,5.99,50.0,4.7
2025-09-24,sv8pt5-149,610504,Holofoil,196.2,190.0,225.79,800.0,
2025-09-24,sv8pt5-155,610510,Holofoil,209.45,194.81,249.99,499.99,
2025-09-24,sv8pt5-156,610511,Holofoil,352.49,340.14,493.35,999.99,
2025-09-24,sv8pt5-161,610516,Holofoil,1031.82,1000.0,1500.0,2999.99,
2025-09-24,sv8pt5-167,610522,Holofoil,115.04,114.35,136.76,299.99,
2025-09-24,sv8pt5-179,610534,Holofoil,53.62,53.0,72.3,270.0,
2025-09-24,sv8pt5-28,610383,Holofoil,1.12,0.5,1.31,9.99,
2025-09-24,sv8pt5-47,610402,Normal,0.06,0.01,0.1,69420.73,0.02
2025-09-24,sv8pt5-47,610402,Reverse Holofoil,0.11,0.01,0.13,20.0,
2025-09-24,sv8pt5-59,610414,Holofoil,0.25,0.03,0.29,100.0,
2025-09-24,sv8pt5-59,610414,Reverse Holofoil,0.33,0.1,0.38,25.0,
2025-09-24,sv8pt5-60,610415,Holofoil,4.8,3.98,5.2,40.0,
2025-09-24,svp-085,518861,Normal,517.02,735.0,994.49,2500.0,994.44
2025-09-24,swsh11-186,284137,Holofoil,621.69,463.55,699.99,2000.0,
2025-09-24,swsh12-186,451834,Holofoil,437.05,439.4,599.99,1100.0,499.69
2025-09-24,swsh12pt5gg-GG69,478100,Holofoil,221.76,219.99,256.14,600.0,252.27
2025-09-24,swsh35-25,223018,Normal,0.11,0.03,0.2,1.6,
2025-09-24,swsh35-25,223018,Reverse Holofoil,0.18,0.09,0.25,2.0,
2025-09-24,swsh35-74,223073,Holofoil,157.09,144.0,202.93,1500.0,249.99
2025-09-24,swsh45sv-SV107,232496,Holofoil,150.04,165.0,199.99,349.95,165.0
2025-09-24,swsh7-204,246693,Holofoil,30.38,29.56,37.49,150.0,29.69
2025-09-24,swsh7-205,246696,Holofoil,384.97,306.68,433.61,699.69,
2025-09-24,swsh7-208,246755,Holofoil,30.14,23.0,31.5,500.0,36.24
2025-09-24,swsh7-209,246756,Holofoil,269.06,253.0,351.57,499.97,331.58
2025-09-24,swsh7-211,246702,Holofoil,43.36,37.5,49.0,99.99,40.75
2025-09-24,swsh7-212,246704,Holofoil,318.3,339.01,499.69,1000.0,360.95
2025-09-24,swsh7-215,246723,Holofoil,2191.98,1745.0,2899.99,3199.97,2799.98
2025-09-24,swsh7-218,246733,Holofoil,667.92,540.0,739.99,999.69,739.99
2025-09-24,swsh7-41,246753,Holofoil,6.22,4.75,6.5,25.0,
2025-09-24,swsh7-65,246690,Holofoil,10.85,8.5,11.66,500.0,10.85
2025-09-24,swsh7-75,246701,Holofoil,11.4,8.5,12.75,500.0,13.64
2025-09-24,swsh7-8,246691,Holofoil,5.98,4.5,6.5,100.0,6.29
2025-09-24,swsh8-271,253266,Holofoil,787.11,599.99,802.46,1499.95,799.17
2025-09-24,swsh9-154,263873,Holofoil,378.04,350.0,544.31,1500.0,544.61
2025-09-25,base1-15,42355,Holofoil,114.02,75.44,120.86,300.0,
2025-09-25,base1-16,42356,Holofoil,37.42,17.5,37.24,89.99,
2025-09-25,base1-2,42360,Holofoil,159.5,95.72,143.49,499.99,
2025-09-25,base1-4,42382,Holofoil,456.46,320.0,460.97,1000.0,
2025-09-25,base1-58,42402,Normal,2.97,0.6,2.82,9999.0,1.26
2025-09-25,cel25c-4,250320,Holofoil,143.47,120.0,173.3,499.99,114.08
2025-09-25,gym2-2,83861,1st Edition Holofoil,767.0,1046.04,1123.02,1199.99,
2025-09-25,gym2-2,83861,Unlimited Holofoil,528.66,285.0,485.74,593.69,408.64
2025-09-25,neo1-9,86903,1st Edition Holofoil,1799.99,1798.78,1899.99,1900.97,
2025-09-25,neo1-9,86903,Unlimited Holofoil,415.18,325.0,365.47,447.0,
2025-09-25,sl-151-bundle,502000,Normal,90.98,90.0,117.49,999.99,
2025-09-25,sl-151-etb,503313,Normal,405.11,379.99,499.99,4999.99,
2025-09-25,sl-151-upc,502005,Normal,570.54,549.99,789.44,40000.0,
2025-09-25,sl-ar-box,265519,Normal,394.17,419.55,500.0,9999.99,
2025-09-25,sl-bs-box,256141,Normal,548.69,499.99,685.0,9999.99,
2025-09-25,sl-cel-upc,245140,Normal,862.75,910.0,999.99,154722.59,
2025-09-25,sl-champ-etb,218791,Normal,147.59,149.99,175.0,399.99,
2025-09-25,sl-cz-etb,453470,Normal,227.86,215.0,297.48,4999.99,
2025-09-25,sl-dr-box,624679,Normal,454.14,430.0,600.0,9999.0,
2025-09-25,sl-evs-box,242436,Normal,2595.87,2595.86,3400.0,12000.0,
2025-09-25,sl-evs-etb,243721,Normal,647.02,898.0,990.5,2999.99,
2025-09-25,sl-fs-box,247654,Normal,1023.66,1039.96,1199.99,9999.99,
2025-09-25,sl-hf-etb,194729,Normal,424.75,410.0,499.96,9999.98,
2025-09-25,sl-jp-151,565243,Normal,197.3,193.0,210.0,399.99,
2025-09-25,sl-jp-terastal,603428,Normal,105.12,99.99,119.69,200.0,
2025-09-25,sl-jt-box,610931,Normal,248.82,246.2,279.99,551.0,
2025-09-25,sl-lo-box,277324,Normal,809.66,888.99,999.99,9999.99,
2025-09-25,sl-me1-box,644298,Normal,318.76,305.0,323.87,346.0,
2025-09-25,sl-obf-box,501257,Normal,323.23,324.51,389.97,1000.0,
2025-09-25,sl-pe-etb,593355,Normal,128.41,124.99,150.0,2000.0,
2025-09-25,sl-pe-spc,622770,Normal,307.53,300.0,399.0,10000.0,
2025-09-25,sl-pf-etb,528040,Normal,296.88,289.01,314.5,775.0,
2025-09-25,sl-phf-box,654137,Normal,335.27,334.77,336.15,343.59,
2025-09-25,sl-shf-etb,228821,Normal,101.29,91.58,119.99,499.99,
2025-09-25,sl-ss-box,565606,Normal,294.06,290.0,341.0,4999.99,
2025-09-25,sl-st-box,283389,Normal,488.73,449.99,699.0,9999.99,
2025-09-25,sl-tf-box,536225,Normal,254.3,259.0,300.5,500.0,
2025-09-25,sv2-185,497557,Normal,0.34,0.15,0.4,30.0,0.33
2025-09-25,sv2-185,497557,Reverse Holofoil,0.45,0.24,0.63,7.99,0.55
2025-09-25,sv2-254,497669,Holofoil,15.41,14.5,18.0,100.0,18.14
2025-09-25,sv2-269,497689,Holofoil,53.27,48.45,60.0,259.99,49.15
2025-09-25,sv3pt5-151,516566,Holofoil,8.27,5.68,8.0,40.0,10.0
2025-09-25,sv3pt5-199,517045,Holofoil,300.53,284.95,348.33,900.0,305.53
2025-09-25,sv3pt5-205,517051,Holofoil,17.48,14.61,20.0,100.0,19.99
2025-09-25,sv3pt5-4,502555,Normal,0.15,0.01,0.15,5.99,0.12
2025-09-25,sv3pt5-4,502555,Reverse Holofoil,0.17,0.03,0.25,5.99,0.22
2025-09-25,sv3pt5-6,502558,Holofoil,4.67,2.75,5.0,24.97,5.8
2025-09-25,sv3pt5-7,502548,Normal,0.16,0.01,0.15,5.99,
2025-09-25,sv3pt5-7,502548,Reverse Holofoil,0.23,0.04,0.25,5.99,0.17
2025-09-25,sv4pt5-234,535090,Holofoil,312.76,289.99,367.01,799.99,367.01
2025-09-25,sv4pt5-54,534416,Holofoil,3.99,2.0,3.95,34.99,5.88
2025-09-25,sv8-57,590025,Holofoil,5.36,3.93,5.99,50.0,5.77
2025-09-25,sv8pt5-149,610504,Holofoil,195.85,190.0,229.99,800.0,
2025-09-25,sv8pt5-155,610510,Holofoil,210.6,194.81,249.99,499.99,
2025-09-25,sv8pt5-156,610511,Holofoil,352.49,340.14,480.0,999.99,414.99
2025-09-25,sv8pt5-161,610516,Holofoil,1031.63,1000.0,1499.99,2999.99,
2025-09-25,sv8pt5-167,610522,Holofoil,116.75,114.35,139.99,299.99,
2025-09-25,sv8pt5-179,610534,Holofoil,54.11,52.23,69.99,270.0,
2025-09-25,sv8pt5-28,610383,Holofoil,1.28,0.5,1.32,9.99,2.48
2025-09-25,sv8pt5-47,610402,Normal,0.06,0.01,0.1,69420.73,0.02
2025-09-25,sv8pt5-47,610402,Reverse Holofoil,0.12,0.01,0.13,20.0,0.06
2025-09-25,sv8pt5-59,610414,Holofoil,0.25,0.03,0.29,100.0,
2025-09-25,sv8pt5-59,610414,Reverse Holofoil,0.32,0.1,0.38,25.0,
2025-09-25,sv8pt5-60,610415,Holofoil,4.81,3.98,5.2,40.0,5.79
2025-09-25,svp-085,518861,Normal,517.02,650.0,947.22,2500.0,994.44
2025-09-25,swsh11-186,284137,Holofoil,620.66,462.36,700.0,2000.0,
2025-09-25,swsh12-186,451834,Holofoil,444.82,422.87,599.98,1100.0,422.87
2025-09-25,swsh12pt5gg-GG69,478100,Holofoil,219.36,219.99,252.27,600.0,249.75
2025-09-25,swsh35-25,223018,Normal,0.11,0.03,0.2,1.82,0.09
2025-09-25,swsh35-25,223018,Reverse Holofoil,0.18,0.09,0.25,2.0,
2025-09-25,swsh35-74,223073,Holofoil,157.09,144.0,209.43,1500.0,249.99
2025-09-25,swsh45sv-SV107,232496,Holofoil,150.04,164.99,199.97,349.95,165.0
2025-09-25,swsh7-204,246693,Holofoil,30.38,29.56,37.49,150.0,29.69
2025-09-25,swsh7-205,246696,Holofoil,383.77,306.68,435.0,699.69,424.99
2025-09-25,swsh7-208,246755,Holofoil,30.14,23.0,32.0,500.0,36.23
2025-09-25,swsh7-209,246756,Holofoil,269.06,253.0,365.11,499.97,349.98
2025-09-25,swsh7-211,246702,Holofoil,43.36,37.5,46.83,99.99,40.75
2025-09-25,swsh7-212,246704,Holofoil,314.15,339.01,489.35,1000.0,359.78
2025-09-25,swsh7-215,246723,Holofoil,2191.98,1745.0,2849.99,3199.97,2799.98
2025-09-25,swsh7-218,246733,Holofoil,667.92,540.0,734.8,999.69,720.99
2025-09-25,swsh7-41,246753,Holofoil,6.19,4.75,6.66,25.0,7.98
2025-09-25,swsh7-65,246690,Holofoil,10.78,8.5,11.83,500.0,11.08
2025-09-25,swsh7-75,246701,Holofoil,11.28,8.5,12.77,500.0,12.64
2025-09-25,swsh7-8,246691,Holofoil,6.05,4.5,6.55,100.0,8.09
2025-09-25,swsh8-271,253266,Holofoil,718.74,599.99,805.23,1499.95,799.16
2025-09-25,swsh9-154,263873,Holofoil,378.04,345.0,527.94,1500.0,544.59
2025-09-26,base1-15,42355,Holofoil,114.02,75.44,120.0,300.0,
2025-09-26,base1-16,42356,Holofoil,37.76,17.5,37.4,89.99,
2025-09-26,base1-2,42360,Holofoil,159.5,95.72,143.52,499.99,
2025-09-26,base1-4,42382,Holofoil,456.51,320.0,460.97,1000.0,
2025-09-26,base1-58,42402,Normal,2.98,0.59,2.82,9999.0,
2025-09-26,cel25c-4,250320,Holofoil,141.16,124.95,175.37,499.99,114.08
2025-09-26,gym2-2,83861,1st Edition Holofoil,767.0,1046.04,1123.02,1199.99,
2025-09-26,gym2-2,83861,Unlimited Holofoil,528.66,285.0,498.01,593.69,
2025-09-26,neo1-9,86903,1st Edition Holofoil,1799.99,1798.78,1899.99,1900.97,
2025-09-26,neo1-9,86903,Unlimited Holofoil,415.18,325.0,359.99,447.0,
2025-09-26,sl-151-bundle,502000,Normal,94.28,91.51,114.0,999.99,
2025-09-26,sl-151-etb,503313,Normal,404.31,379.99,450.0,4999.99,
2025-09-26,sl-151-upc,502005,Normal,565.0,549.99,789.44,40000.0,
2025-09-26,sl-ar-box,265519,Normal,394.17,390.0,500.0,9999.99,
2025-09-26,sl-bs-box,256141,Normal,548.69,499.99,692.5,9999.99,
2025-09-26,sl-cel-upc,245140,Normal,862.75,910.0,1000.0,154722.59,
2025-09-26,sl-champ-etb,218791,Normal,147.95,149.99,175.5,399.99,
2025-09-26,sl-cz-etb,453470,Normal,227.5,215.0,297.48,4999.99,
2025-09-26,sl-dr-box,624679,Normal,446.51,434.99,599.99,9999.0,
2025-09-26,sl-evs-box,242436,Normal,2599.7,2599.99,3400.0,12000.0,
2025-09-26,sl-evs-etb,243721,Normal,647.02,898.0,990.5,2999.99,
2025-09-26,sl-fs-box,247654,Normal,1027.86,1039.96,1200.0,9999.99,
2025-09-26,sl-hf-etb,194729,Normal,424.75,410.0,499.96,9999.98,
2025-09-26,sl-jp-151,565243,Normal,197.54,193.0,210.0,399.99,
2025-09-26,sl-jp-terastal,603428,Normal,105.03,99.99,119.97,200.0,
2025-09-26,sl-jt-box,610931,Normal,249.23,246.2,279.99,551.0,
2025-09-26,sl-lo-box,277324,Normal,809.66,887.99,999.99,9999.99,
2025-09-26,sl-me1-box,644298,Normal,295.37,294.96,310.24,400.0,
2025-09-26,sl-obf-box,501257,Normal,322.67,327.98,379.98,1000.0,
2025-09-26,sl-pe-etb,593355,Normal,133.87,124.99,150.0,2000.0,
2025-09-26,sl-pe-spc,622770,Normal,309.45,300.0,399.95,10000.0,
2025-09-26,sl-pf-etb,528040,Normal,296.88,289.01,308.99,775.0,
2025-09-26,sl-phf-box,654137,Normal,335.4,334.49,334.8,343.49,
2025-09-26,sl-shf-etb,228821,Normal,101.49,91.58,120.0,499.99,
2025-09-26,sl-ss-box,565606,Normal,292.54,298.95,344.99,4999.99,
2025-09-26,sl-st-box,283389,Normal,488.73,449.99,699.0,9999.99,
2025-09-26,sl-tf-box,536225,Normal,254.3,259.0,300.0,750.0,
2025-09-26,sv2-185,497557,Normal,0.35,0.1,0.4,30.0,0.33
2025-09-26,sv2-185,497557,Reverse Holofoil,0.61,0.25,0.63,7.99,0.5
2025-09-26,sv2-254,497669,Holofoil,15.45,14.4,17.68,100.0,17.61
2025-09-26,sv2-269,497689,Holofoil,53.83,48.24,60.0,259.99,58.08
2025-09-26,sv3pt5-151,516566,Holofoil,8.49,5.82,8.12,40.0,8.91
2025-09-26,sv3pt5-199,517045,Holofoil,301.0,284.95,350.0,900.0,309.99
2025-09-26,sv3pt5-205,517051,Holofoil,17.8,13.0,20.0,100.0,19.99
2025-09-26,sv3pt5-4,502555,Normal,0.15,0.01,0.15,5.0,0.12
2025-09-26,sv3pt5-4,502555,Reverse Holofoil,0.2,0.03,0.25,5.0,0.22
2025-09-26,sv3pt5-6,502558,Holofoil,5.25,2.99,5.05,24.97,6.48
2025-09-26,sv3pt5-7,502548,Normal,0.15,0.01,0.16,4.99,
2025-09-26,sv3pt5-7,502548,Reverse Holofoil,0.26,0.04,0.25,5.0,
2025-09-26,sv4pt5-234,535090,Holofoil,314.14,215.72,350.0,750.0,374.97
2025-09-26,sv4pt5-54,534416,Holofoil,3.9,1.67,4.0,34.99,5.88
2025-09-26,sv8-57,590025,Holofoil,5.41,3.4,5.97,50.0,9.95
2025-09-26,sv8pt5-149,610504,Holofoil,196.75,190.0,232.51,800.0,
2025-09-26,sv8pt5-155,610510,Holofoil,211.84,194.81,249.99,499.99,
2025-09-26,sv8pt5-156,610511,Holofoil,357.09,340.14,480.0,799.94,491.48
2025-09-26,sv8pt5-161,610516,Holofoil,1022.62,999.99,1484.97,2499.99,
2025-09-26,sv8pt5-167,610522,Holofoil,116.64,114.35,136.76,249.99,
2025-09-26,sv8pt5-179,610534,Holofoil,54.45,39.97,69.98,270.0,
2025-09-26,sv8pt5-28,610383,Holofoil,1.2,0.5,1.33,9.95,
2025-09-26,sv8pt5-47,610402,Normal,0.06,0.01,0.1,69420.73,0.02
2025-09-26,sv8pt5-47,610402,Reverse Holofoil,0.12,0.01,0.13,20.0,0.06
2025-09-26,sv8pt5-59,610414,Holofoil,0.24,0.03,0.29,100.0,
2025-09-26,sv8pt5-59,610414,Reverse Holofoil,0.33,0.1,0.38,25.0,
2025-09-26,sv8pt5-60,610415,Holofoil,4.78,3.98,5.18,40.0,5.99
2025-09-26,svp-085,518861,Normal,517.02,650.0,894.99,2500.0,994.44
2025-09-26,swsh11-186,284137,Holofoil,611.64,462.36,684.99,2000.0,648.98
2025-09-26,swsh12-186,451834,Holofoil,444.82,399.98,594.5,1100.0,399.98
2025-09-26,swsh12pt5gg-GG69,478100,Holofoil,220.46,219.99,252.14,600.0,247.25
2025-09-26,swsh35-25,223018,Normal,0.11,0.03,0.2,1.82,0.09
2025-09-26,swsh35-25,223018,Reverse Holofoil,0.18,0.09,0.25,2.0,
2025-09-26,swsh35-74,223073,Holofoil,157.63,144.0,224.2,1500.0,249.99
2025-09-26,swsh45sv-SV107,232496,Holofoil,150.04,164.66,199.82,349.95,165.0
2025-09-26,swsh7-204,246693,Holofoil,30.38,28.01,36.74,150.0,29.69
2025-09-26,swsh7-205,246696,Holofoil,383.77,305.99,428.6,699.69,424.99
2025-09-26,swsh7-208,246755,Holofoil,30.64,23.0,30.2,500.0,24.91
2025-09-26,swsh7-209,246756,Holofoil,280.51,253.0,359.52,499.97,
2025-09-26,swsh7-211,246702,Holofoil,43.36,37.5,45.0,99.99,40.75
2025-09-26,swsh7-212,246704,Holofoil,314.15,323.25,479.0,1000.0,323.25
2025-09-26,swsh7-215,246723,Holofoil,2210.17,1745.0,2824.99,3199.97,2520.0
2025-09-26,swsh7-218,246733,Holofoil,667.92,540.0,750.0,999.69,720.99
2025-09-26,swsh7-41,246753,Holofoil,6.27,4.75,6.49,25.0,7.99
2025-09-26,swsh7-65,246690,Holofoil,10.78,8.5,11.6,500.0,11.07
2025-09-26,swsh7-75,246701,Holofoil,11.24,8.5,12.78,500.0,12.64
2025-09-26,swsh7-8,246691,Holofoil,6.06,4.5,6.38,100.0,8.09
2025-09-26,swsh8-271,253266,Holofoil,785.11,599.99,825.0,1499.95,799.16
2025-09-26,swsh9-154,263873,Holofoil,381.0,350.0,489.68,1500.0,544.58
2025-09-27,base1-15,42355,Holofoil,113.78,69.2,119.96,300.0,
2025-09-27,base1-16,42356,Holofoil,38.21,17.5,37.52,89.99,
2025-09-27,base1-2,42360,Holofoil,159.33,95.72,145.15,499.99,
2025-09-27,base1-4,42382,Holofoil,456.91,320.0,460.97,1000.0,
2025-09-27,base1-58,42402,Normal,3.0,0.6,2.83,9999.0,
2025-09-27,cel25c-4,250320,Holofoil,141.16,124.95,175.0,499.99,114.08
2025-09-27,gym2-2,83861,1st Edition Holofoil,767.0,1046.04,1123.02,1199.99,
2025-09-27,gym2-2,83861,Unlimited Holofoil,528.66,285.0,501.15,593.69,
2025-09-27,neo1-9,86903,1st Edition Holofoil,1799.99,1798.78,1899.99,1900.97,
2025-09-27,neo1-9,86903,Unlimited Holofoil,415.18,325.0,359.99,447.0,
2025-09-27,sl-151-bundle,502000,Normal,100.52,99.0,120.0,999.99,
2025-09-27,sl-151-etb,503313,Normal,402.67,396.0,474.0,4999.99,
2025-09-27,sl-151-upc,502005,Normal,594.12,549.99,792.5,40000.0,
2025-09-27,sl-ar-box,265519,Normal,394.17,390.0,500.0,9999.99,
2025-09-27,sl-bs-box,256141,Normal,550.69,492.0,685.0,9999.99,
2025-09-27,sl-cel-upc,245140,Normal,862.75,918.0,1000.0,154722.59,
2025-09-27,sl-champ-etb,218791,Normal,149.63,149.77,177.5,399.99,
2025-09-27,sl-cz-etb,453470,Normal,227.06,210.0,297.48,4999.99,
2025-09-27,sl-dr-box,624679,Normal,445.82,420.0,599.99,9999.0,
2025-09-27,sl-evs-box,242436,Normal,2599.7,2599.99,3485.0,12000.0,
2025-09-27,sl-evs-etb,243721,Normal,647.02,898.0,990.5,2999.99,
2025-09-27,sl-fs-box,247654,Normal,1027.86,1047.93,1200.0,9999.99,
2025-09-27,sl-hf-etb,194729,Normal,424.75,402.99,499.96,9999.98,
2025-09-27,sl-jp-151,565243,Normal,197.94,193.0,210.0,399.99,
2025-09-27,sl-jp-terastal,603428,Normal,103.32,99.0,119.97,200.0,
2025-09-27,sl-jt-box,610931,Normal,250.23,247.17,279.94,551.0,
2025-09-27,sl-lo-box,277324,Normal,809.66,879.0,999.99,9999.99,
2025-09-27,sl-me1-box,644298,Normal,297.75,290.0,309.99,499.0,
2025-09-27,sl-obf-box,501257,Normal,323.99,323.99,399.95,1000.0,
2025-09-27,sl-pe-etb,593355,Normal,136.78,122.0,150.0,2000.0,
2025-09-27,sl-pe-spc,622770,Normal,312.73,314.0,383.64,10000.0,
2025-09-27,sl-pf-etb,528040,Normal,296.33,289.01,300.0,775.0,
2025-09-27,sl-phf-box,654137,Normal,334.44,334.38,334.75,399.95,
2025-09-27,sl-shf-etb,228821,Normal,101.33,91.58,125.0,499.99,
2025-09-27,sl-ss-box,565606,Normal,301.24,296.81,349.99,4999.99,
2025-09-27,sl-st-box,283389,Normal,488.73,449.99,694.5,9999.99,
2025-09-27,sl-tf-box,536225,Normal,255.29,255.29,301.0,750.0,
2025-09-27,sv2-185,497557,Normal,0.35,0.15,0.4,30.0,
2025-09-27,sv2-185,497557,Reverse Holofoil,0.88,0.25,0.75,7.99,
2025-09-27,sv2-254,497669,Holofoil,16.05,14.5,17.77,100.0,15.78
2025-09-27,sv2-269,497689,Holofoil,53.69,48.25,60.0,259.99,59.94
2025-09-27,sv3pt5-151,516566,Holofoil,8.28,5.99,8.12,40.0,19.98
2025-09-27,sv3pt5-199,517045,Holofoil,300.51,283.5,339.99,900.0,
2025-09-27,sv3pt5-205,517051,Holofoil,18.42,13.0,20.0,100.0,19.99
2025-09-27,sv3pt5-4,502555,Normal,0.15,0.01,0.15,5.0,
2025-09-27,sv3pt5-4,502555,Reverse Holofoil,0.19,0.03,0.25,5.0,0.22
2025-09-27,sv3pt5-6,502558,Holofoil,5.32,2.99,5.19,24.97,
2025-09-27,sv3pt5-7,502548,Normal,0.16,0.01,0.16,4.99,
2025-09-27,sv3pt5-7,502548,Reverse Holofoil,0.26,0.04,0.25,5.0,
2025-09-27,sv4pt5-234,535090,Holofoil,314.88,215.72,349.0,750.0,374.99
2025-09-27,sv4pt5-54,534416,Holofoil,3.56,1.67,3.93,34.99,5.48
2025-09-27,sv8-57,590025,Holofoil,5.64,3.85,5.99,40.0,7.25
2025-09-27,sv8pt5-149,610504,Holofoil,196.75,194.99,229.99,800.0,
2025-09-27,sv8pt5-155,610510,Holofoil,215.97,199.8,275.08,499.99,
2025-09-27,sv8pt5-156,610511,Holofoil,369.51,340.14,499.49,799.94,
2025-09-27,sv8pt5-161,610516,Holofoil,1063.13,803.74,1499.97,2499.99,
2025-09-27,sv8pt5-167,610522,Holofoil,117.43,114.35,137.05,249.99,
2025-09-27,sv8pt5-179,610534,Holofoil,54.5,39.97,64.99,270.0,
2025-09-27,sv8pt5-28,610383,Holofoil,0.97,0.5,1.29,9.95,
2025-09-27,sv8pt5-47,610402,Normal,0.06,0.01,0.1,4.99,0.02
2025-09-27,sv8pt5-47,610402,Reverse Holofoil,0.12,0.01,0.14,20.0,0.06
2025-09-27,sv8pt5-59,610414,Holofoil,0.3,0.03,0.3,100.0,
2025-09-27,sv8pt5-59,610414,Reverse Holofoil,0.35,0.1,0.38,25.0,
2025-09-27,sv8pt5-60,610415,Holofoil,5.04,3.98,5.18,40.0,
2025-09-27,svp-085,518861,Normal,517.02,650.0,889.99,2500.0,994.44
2025-09-27,swsh11-186,284137,Holofoil,610.75,463.55,700.0,2000.0,
2025-09-27,swsh12-186,451834,Holofoil,444.82,399.98,590.0,1100.0,399.98
2025-09-27,swsh12pt5gg-GG69,478100,Holofoil,223.68,194.75,251.99,600.0,259.99
2025-09-27,swsh35-25,223018,Normal,0.11,0.03,0.2,1.82,0.09
2025-09-27,swsh35-25,223018,Reverse Holofoil,0.18,0.09,0.25,2.0,
2025-09-27,swsh35-74,223073,Holofoil,157.63,144.0,230.0,1500.0,249.99
2025-09-27,swsh45sv-SV107,232496,Holofoil,150.04,120.6,199.68,349.95,120.6
2025-09-27,swsh7-204,246693,Holofoil,30.38,28.01,35.5,150.0,29.69
2025-09-27,swsh7-205,246696,Holofoil,381.28,304.68,424.99,699.69,419.99
2025-09-27,swsh7-208,246755,Holofoil,30.64,23.0,30.0,500.0,24.91
2025-09-27,swsh7-209,246756,Holofoil,281.63,254.91,378.1,499.97,
2025-09-27,swsh7-211,246702,Holofoil,43.55,37.5,45.0,99.99,40.75
2025-09-27,swsh7-212,246704,Holofoil,314.95,314.95,399.99,1000.0,320.29
2025-09-27,swsh7-215,246723,Holofoil,2242.97,1745.0,2824.99,3199.97,2799.98
2025-09-27,swsh7-218,246733,Holofoil,667.92,541.25,750.0,999.69,719.98
2025-09-27,swsh7-41,246753,Holofoil,6.37,4.63,6.34,25.0,8.41
2025-09-27,swsh7-65,246690,Holofoil,10.72,8.5,11.45,500.0,11.08
2025-09-27,swsh7-75,246701,Holofoil,11.53,8.5,12.67,500.0,12.64
2025-09-27,swsh7-8,246691,Holofoil,6.14,4.43,6.36,100.0,6.97
2025-09-27,swsh8-271,253266,Holofoil,781.34,599.99,850.0,1499.95,799.16
2025-09-27,swsh9-154,263873,Holofoil,381.0,349.0,489.68,1500.0,544.57
2025-09-28,base1-15,42355,Holofoil,113.68,74.5,119.99,300.0,
2025-09-28,base1-16,42356,Holofoil,38.57,17.5,37.39,89.99,
2025-09-28,base1-2,42360,Holofoil,158.8,95.72,146.74,499.99,
2025-09-28,base1-4,42382,Holofoil,457.11,320.0,465.09,1000.0,
2025-09-28,base1-58,42402,Normal,3.18,0.6,2.82,9999.0,
2025-09-28,cel25c-4,250320,Holofoil,143.47,124.0,175.0,499.99,114.08
2025-09-28,gym2-2,83861,1st Edition Holofoil,767.0,1046.04,1123.02,1199.99,
2025-09-28,gym2-2,83861,Unlimited Holofoil,528.66,292.5,502.3,593.69,
2025-09-28,neo1-9,86903,1st Edition Holofoil,1799.99,1798.78,1899.99,1900.97,
2025-09-28,neo1-9,86903,Unlimited Holofoil,415.18,325.0,359.99,447.0,
2025-09-28,sl-151-bundle,502000,Normal,102.51,95.01,119.99,999.99,
2025-09-28,sl-151-etb,503313,Normal,404.03,395.0,474.0,4999.99,
2025-09-28,sl-151-upc,502005,Normal,614.31,549.99,799.98,40000.0,
2025-09-28,sl-ar-box,265519,Normal,394.17,384.5,500.0,9999.99,
2025-09-28,sl-bs-box,256141,Normal,547.73,499.99,699.99,9999.99,
2025-09-28,sl-cel-upc,245140,Normal,862.75,918.0,999.99,154722.59,
2025-09-28,sl-champ-etb,218791,Normal,150.02,150.0,177.5,399.99,
2025-09-28,sl-cz-etb,453470,Normal,226.26,203.01,299.0,4999.99,
2025-09-28,sl-dr-box,624679,Normal,422.73,423.26,599.95,9999.0,
2025-09-28,sl-evs-box,242436,Normal,2599.7,2599.99,3485.0,12000.0,
2025-09-28,sl-evs-etb,243721,Normal,647.02,898.0,990.5,2999.99,
2025-09-28,sl-fs-box,247654,Normal,1027.86,1047.93,1200.0,9999.99,
2025-09-28,sl-hf-etb,194729,Normal,423.87,405.0,499.98,9999.98,
2025-09-28,sl-jp-151,565243,Normal,197.94,193.0,210.0,399.99,
2025-09-28,sl-jp-terastal,603428,Normal,102.72,95.0,119.69,200.0,
2025-09-28,sl-jt-box,610931,Normal,250.33,247.17,279.88,551.0,
2025-09-28,sl-lo-box,277324,Normal,809.66,875.0,999.99,9999.99,
2025-09-28,sl-me1-box,644298,Normal,301.0,289.96,310.27,499.0,
2025-09-28,sl-obf-box,501257,Normal,326.35,330.0,399.95,1000.0,
2025-09-28,sl-pe-etb,593355,Normal,136.43,124.99,152.43,2000.0,
2025-09-28,sl-pe-spc,622770,Normal,314.65,319.99,384.22,10000.0,
2025-09-28,sl-pf-etb,528040,Normal,296.11,284.0,304.5,775.0,
2025-09-28,sl-phf-box,654137,Normal,334.45,334.38,334.44,399.95,
2025-09-28,sl-shf-etb,228821,Normal,101.25,87.01,119.99,499.99,
2025-09-28,sl-ss-box,565606,Normal,301.24,300.0,332.95,4999.99,
2025-09-28,sl-st-box,283389,Normal,486.84,449.99,699.0,9999.99,
2025-09-28,sl-tf-box,536225,Normal,255.42,255.29,301.0,750.0,
2025-09-28,sv2-185,497557,Normal,0.31,0.1,0.4,30.0,
2025-09-28,sv2-185,497557,Reverse Holofoil,0.9,0.25,0.75,7.99,
2025-09-28,sv2-254,497669,Holofoil,15.9,14.44,17.64,100.0,15.9
2025-09-28,sv2-269,497689,Holofoil,54.19,48.25,60.0,259.99,
2025-09-28,sv3pt5-151,516566,Holofoil,6.73,5.27,8.0,40.0,
2025-09-28,sv3pt5-199,517045,Holofoil,300.49,284.95,349.5,900.0,
2025-09-28,sv3pt5-205,517051,Holofoil,18.15,13.99,20.17,100.0,19.98
2025-09-28,sv3pt5-4,502555,Normal,0.16,0.01,0.16,5.0,
2025-09-28,sv3pt5-4,502555,Reverse Holofoil,0.25,0.03,0.25,5.0,
2025-09-28,sv3pt5-6,502558,Holofoil,4.39,2.99,5.01,24.97,
2025-09-28,sv3pt5-7,502548,Normal,0.17,0.01,0.17,4.99,
2025-09-28,sv3pt5-7,502548,Reverse Holofoil,0.22,0.04,0.25,5.0,
2025-09-28,sv4pt5-234,535090,Holofoil,318.04,289.99,349.99,750.0,372.82
2025-09-28,sv4pt5-54,534416,Holofoil,3.51,1.67,3.91,34.99,4.31
2025-09-28,sv8-57,590025,Holofoil,5.79,3.85,6.0,40.0,
2025-09-28,sv8pt5-149,610504,Holofoil,196.89,192.99,229.99,800.0,
2025-09-28,sv8pt5-155,610510,Holofoil,216.77,209.99,276.16,499.99,
2025-09-28,sv8pt5-156,610511,Holofoil,369.51,373.71,495.98,799.94,
2025-09-28,sv8pt5-161,610516,Holofoil,1036.11,1000.0,1485.6,2499.99,
2025-09-28,sv8pt5-167,610522,Holofoil,117.5,114.35,139.26,249.99,
2025-09-28,sv8pt5-179,610534,Holofoil,54.14,39.97,64.99,270.0,
2025-09-28,sv8pt5-28,610383,Holofoil,1.05,0.66,1.29,9.95,
2025-09-28,sv8pt5-47,610402,Normal,0.06,0.01,0.1,4.99,0.02
2025-09-28,sv8pt5-47,610402,Reverse Holofoil,0.12,0.01,0.14,20.0,
2025-09-28,sv8pt5-59,610414,Holofoil,0.27,0.03,0.3,100.0,
2025-09-28,sv8pt5-59,610414,Reverse Holofoil,0.4,0.1,0.38,25.0,
2025-09-28,sv8pt5-60,610415,Holofoil,4.81,3.98,5.1,40.0,
2025-09-28,svp-085,518861,Normal,551.52,650.0,899.99,2500.0,994.44
2025-09-28,swsh11-186,284137,Holofoil,625.14,463.55,700.0,2000.0,
2025-09-28,swsh12-186,451834,Holofoil,446.25,399.98,590.61,1100.0,399.98
2025-09-28,swsh12pt5gg-GG69,478100,Holofoil,224.37,225.0,254.7,600.0,259.99
2025-09-28,swsh35-25,223018,Normal,0.1,0.03,0.2,1.82,
2025-09-28,swsh35-25,223018,Reverse Holofoil,0.18,0.09,0.25,2.0,
2025-09-28,swsh35-74,223073,Holofoil,157.63,144.0,230.85,1500.0,249.99
2025-09-28,swsh45sv-SV107,232496,Holofoil,151.16,164.67,199.69,349.95,179.95
2025-09-28,swsh7-204,246693,Holofoil,30.38,28.01,35.5,150.0,29.69
2025-09-28,swsh7-205,246696,Holofoil,381.28,304.68,424.99,699.69,419.99
2025-09-28,swsh7-208,246755,Holofoil,30.56,23.0,30.0,500.0,24.91
2025-09-28,swsh7-209,246756,Holofoil,280.29,264.0,378.1,499.97,
2025-09-28,swsh7-211,246702,Holofoil,43.55,37.5,46.02,99.99,40.75
2025-09-28,swsh7-212,246704,Holofoil,314.95,314.95,409.99,1000.0,320.7
2025-09-28,swsh7-215,246723,Holofoil,2258.97,1745.0,2799.99,3199.97,2799.98
2025-09-28,swsh7-218,246733,Holofoil,676.64,561.31,750.1,999.69,719.98
2025-09-28,swsh7-41,246753,Holofoil,6.47,3.99,6.59,25.0,9.69
2025-09-28,swsh7-65,246690,Holofoil,11.07,8.7,11.99,500.0,11.07
2025-09-28,swsh7-75,246701,Holofoil,11.25,9.58,12.76,500.0,12.64
2025-09-28,swsh7-8,246691,Holofoil,6.28,4.2,6.32,100.0,8.09
2025-09-28,swsh8-271,253266,Holofoil,781.34,599.99,837.5,1499.95,799.16
2025-09-28,swsh9-154,263873,Holofoil,390.01,300.0,469.84,1500.0,544.56
2025-09-29,base1-15,42355,Holofoil,113.84,74.5,120.0,300.0,
2025-09-29,base1-16,42356,Holofoil,38.57,17.5,37.39,89.99,
2025-09-29,base1-2,42360,Holofoil,158.8,94.0,149.99,499.99,
2025-09-29,base1-4,42382,Holofoil,457.11,320.0,465.09,1000.0,
2025-09-29,base1-58,42402,Normal,3.14,0.6,2.78,9999.0,
2025-09-29,cel25c-4,250320,Holofoil,142.92,124.0,173.24,499.99,114.08
2025-09-29,gym2-2,83861,1st Edition Holofoil,767.0,1046.04,1123.02,1199.99,
2025-09-29,gym2-2,83861,Unlimited Holofoil,524.03,292.5,499.99,588.51,
2025-09-29,neo1-9,86903,1st Edition Holofoil,1799.99,1798.78,1899.99,1900.97,
2025-09-29,neo1-9,86903,Unlimited Holofoil,415.18,349.95,372.83,447.0,
2025-09-29,sl-151-bundle,502000,Normal,104.45,90.65,119.99,999.99,
2025-09-29,sl-151-etb,503313,Normal,404.03,370.0,450.0,4999.99,
2025-09-29,sl-151-upc,502005,Normal,620.87,549.99,795.0,40000.0,
2025-09-29,sl-ar-box,265519,Normal,394.93,379.0,500.0,9999.99,
2025-09-29,sl-bs-box,256141,Normal,547.49,499.99,699.99,9999.99,
2025-09-29,sl-cel-upc,245140,Normal,862.75,918.0,1000.0,154722.59,
2025-09-29,sl-champ-etb,218791,Normal,150.02,150.0,177.5,399.99,
2025-09-29,sl-cz-etb,453470,Normal,226.18,203.01,292.0,4999.99,
2025-09-29,sl-dr-box,624679,Normal,416.31,423.06,593.75,9999.0,
2025-09-29,sl-evs-box,242436,Normal,2599.7,2599.99,3442.5,12000.0,
2025-09-29,sl-evs-etb,243721,Normal,647.02,898.0,990.5,2999.99,
2025-09-29,sl-fs-box,247654,Normal,1027.86,1039.0,1200.0,9999.99,
2025-09-29,sl-hf-etb,194729,Normal,423.87,394.49,499.96,9999.98,
2025-09-29,sl-jp-151,565243,Normal,197.06,193.0,210.0,399.99,
2025-09-29,sl-jp-terastal,603428,Normal,101.37,95.0,119.69,200.0,
2025-09-29,sl-jt-box,610931,Normal,250.47,247.17,279.94,551.0,
2025-09-29,sl-lo-box,277324,Normal,809.66,872.99,999.99,9999.99,
2025-09-29,sl-me1-box,644298,Normal,329.72,310.53,404.77,499.0,
2025-09-29,sl-obf-box,501257,Normal,327.51,324.51,399.97,1000.0,
2025-09-29,sl-pe-etb,593355,Normal,135.45,124.0,150.0,2000.0,
2025-09-29,sl-pe-spc,622770,Normal,314.65,314.65,373.46,10000.0,
2025-09-29,sl-pf-etb,528040,Normal,296.41,282.98,300.0,775.0,
2025-09-29,sl-phf-box,654137,Normal,334.39,334.29,334.39,399.95,
2025-09-29,sl-shf-etb,228821,Normal,100.53,87.01,119.99,499.99,
2025-09-29,sl-ss-box,565606,Normal,303.96,300.0,336.5,4999.99,
2025-09-29,sl-st-box,283389,Normal,486.88,449.99,670.95,9999.99,
2025-09-29,sl-tf-box,536225,Normal,256.52,240.0,300.5,750.0,
2025-09-29,sv2-185,497557,Normal,0.4,0.15,0.4,30.0,
2025-09-29,sv2-185,497557,Reverse Holofoil,0.87,0.25,0.8,7.99,1.99
2025-09-29,sv2-254,497669,Holofoil,16.11,14.5,17.99,100.0,16.0
2025-09-29,sv2-269,497689,Holofoil,54.29,47.71,60.0,259.99,
2025-09-29,sv3pt5-151,516566,Holofoil,7.46,5.74,8.0,40.0,10.05
2025-09-29,sv3pt5-199,517045,Holofoil,295.91,283.64,349.0,900.0,
2025-09-29,sv3pt5-205,517051,Holofoil,18.3,13.99,20.24,50.0,34.69
2025-09-29,sv3pt5-4,502555,Normal,0.13,0.01,0.15,5.0,0.12
2025-09-29,sv3pt5-4,502555,Reverse Holofoil,0.25,0.03,0.26,5.0,0.16
2025-09-29,sv3pt5-6,502558,Holofoil,4.75,3.61,5.02,24.97,5.23
2025-09-29,sv3pt5-7,502548,Normal,0.15,0.01,0.16,4.99,0.05
2025-09-29,sv3pt5-7,502548,Reverse Holofoil,0.21,0.04,0.25,5.0,0.15
2025-09-29,sv4pt5-234,535090,Holofoil,311.19,302.99,349.99,750.0,365.4
2025-09-29,sv4pt5-54,534416,Holofoil,3.6,1.67,3.83,34.99,4.31
2025-09-29,sv8-57,590025,Holofoil,5.13,3.85,5.99,40.0,7.32
2025-09-29,sv8pt5-149,610504,Holofoil,196.93,192.99,229.99,800.0,
2025-09-29,sv8pt5-155,610510,Holofoil,217.92,244.99,283.88,499.99,
2025-09-29,sv8pt5-156,610511,Holofoil,372.16,366.27,491.97,749.99,491.47
2025-09-29,sv8pt5-161,610516,Holofoil,1048.71,1000.0,1469.99,2499.99,
2025-09-29,sv8pt5-167,610522,Holofoil,117.42,116.0,140.92,300.0,
2025-09-29,sv8pt5-179,610534,Holofoil,54.18,39.97,64.99,270.0,
2025-09-29,sv8pt5-28,610383,Holofoil,1.04,0.75,1.29,9.95,
2025-09-29,sv8pt5-47,610402,Normal,0.06,0.01,0.1,4.99,0.02
2025-09-29,sv8pt5-47,610402,Reverse Holofoil,0.12,0.01,0.14,20.0,
2025-09-29,sv8pt5-59,610414,Holofoil,0.25,0.01,0.29,100.0,
2025-09-29,sv8pt5-59,610414,Reverse Holofoil,0.41,0.1,0.4,25.0,0.33
2025-09-29,sv8pt5-60,610415,Holofoil,4.58,3.99,5.05,40.0,
2025-09-29,svp-085,518861,Normal,551.52,650.0,889.99,2500.0,799.95
2025-09-29,swsh11-186,284137,Holofoil,630.79,463.55,700.0,2000.0,
2025-09-29,swsh12-186,451834,Holofoil,446.25,399.98,530.98,1100.0,399.98
2025-09-29,swsh12pt5gg-GG69,478100,Holofoil,224.37,204.99,252.0,600.0,257.39
2025-09-29,swsh35-25,223018,Normal,0.1,0.03,0.2,1.6,
2025-09-29,swsh35-25,223018,Reverse Holofoil,0.18,0.09,0.25,2.0,
2025-09-29,swsh35-74,223073,Holofoil,157.63,144.0,249.69,1500.0,249.98
2025-09-29,swsh45sv-SV107,232496,Holofoil,152.67,151.15,199.69,349.95,169.8
2025-09-29,swsh7-204,246693,Holofoil,30.31,29.56,36.74,150.0,29.69
2025-09-29,swsh7-205,246696,Holofoil,381.28,304.68,424.99,699.69,419.99
2025-09-29,swsh7-208,246755,Holofoil,30.49,23.0,30.28,500.0,24.91
2025-09-29,swsh7-209,246756,Holofoil,280.29,264.0,378.1,499.97,349.99
2025-09-29,swsh7-211,246702,Holofoil,43.7,37.5,47.0,99.99,40.75
2025-09-29,swsh7-212,246704,Holofoil,315.32,320.7,409.99,1000.0,320.7
2025-09-29,swsh7-215,246723,Holofoil,2258.97,1745.0,2799.99,3199.97,2799.98
2025-09-29,swsh7-218,246733,Holofoil,677.94,561.31,750.1,999.69,750.2
2025-09-29,swsh7-41,246753,Holofoil,6.57,3.99,6.57,25.0,9.61
2025-09-29,swsh7-65,246690,Holofoil,11.16,8.7,12.0,500.0,14.98
2025-09-29,swsh7-75,246701,Holofoil,10.93,9.58,12.64,500.0,16.42
2025-09-29,swsh7-8,246691,Holofoil,6.28,4.19,6.34,100.0,8.09
2025-09-29,swsh8-271,253266,Holofoil,781.34,599.99,825.0,1499.95,799.16
2025-09-29,swsh9-154,263873,Holofoil,390.01,300.0,449.5,1500.0,544.54
2025-09-30,base1-15,42355,Holofoil,113.84,64.21,119.99,300.0,
2025-09-30,base1-16,42356,Holofoil,38.52,18.0,37.52,89.99,
2025-09-30,base1-2,42360,Holofoil,158.8,90.0,142.88,499.99,
2025-09-30,base1-4,42382,Holofoil,457.11,327.49,484.78,1000.0,
2025-09-30,base1-58,42402,Normal,3.28,0.4,2.81,9999.0,1.04
2025-09-30,cel25c-4,250320,Holofoil,144.0,136.0,161.0,499.99,136.0
2025-09-30,gym2-2,83861,1st Edition Holofoil,767.0,993.74,1096.87,1199.99,
2025-09-30,gym2-2,83861,Unlimited Holofoil,524.03,292.5,499.99,588.51,
2025-09-30,neo1-9,86903,1st Edition Holofoil,1799.99,1798.78,1899.99,1900.97,
2025-09-30,neo1-9,86903,Unlimited Holofoil,415.18,349.95,374.7,447.0,
2025-09-30,sl-151-bundle,502000,Normal,101.95,95.01,119.98,999.99,
2025-09-30,sl-151-etb,503313,Normal,404.63,394.0,474.0,4999.99,
2025-09-30,sl-151-upc,502005,Normal,624.07,549.99,795.0,40000.0,
2025-09-30,sl-ar-box,265519,Normal,401.04,390.0,500.0,9999.99,
2025-09-30,sl-bs-box,256141,Normal,546.61,499.99,689.99,9999.99,
2025-09-30,sl-cel-upc,245140,Normal,862.75,918.0,999.99,154722.59,
2025-09-30,sl-champ-etb,218791,Normal,149.66,150.0,179.0,399.99,
2025-09-30,sl-cz-etb,453470,Normal,224.28,203.01,292.0,4999.99,
2025-09-30,sl-dr-box,624679,Normal,429.19,419.95,575.0,9999.0,
2025-09-30,sl-evs-box,242436,Normal,2599.7,2499.99,3442.5,12000.0,
2025-09-30,sl-evs-etb,243721,Normal,647.02,898.0,999.0,2999.99,
2025-09-30,sl-fs-box,247654,Normal,1029.86,1039.0,1199.97,9999.99,
2025-09-30,sl-hf-etb,194729,Normal,423.87,394.49,499.95,9999.98,
2025-09-30,sl-jp-151,565243,Normal,197.71,197.99,210.0,399.99,
2025-09-30,sl-jp-terastal,603428,Normal,100.47,99.0,119.97,200.0,
2025-09-30,sl-jt-box,610931,Normal,252.31,259.99,282.5,551.0,
2025-09-30,sl-lo-box,277324,Normal,809.66,859.0,999.95,9999.99,
2025-09-30,sl-me1-box,644298,Normal,353.0,341.79,377.5,499.95,
2025-09-30,sl-obf-box,501257,Normal,331.47,330.0,399.99,1000.0,
2025-09-30,sl-pe-etb,593355,Normal,134.94,122.97,150.0,2000.0,
2025-09-30,sl-pe-spc,622770,Normal,316.41,314.99,350.0,10000.0,
2025-09-30,sl-pf-etb,528040,Normal,295.87,282.98,300.0,775.0,
2025-09-30,sl-phf-box,654137,Normal,334.37,334.21,334.38,399.95,
2025-09-30,sl-shf-etb,228821,Normal,98.37,87.01,119.99,499.99,
2025-09-30,sl-ss-box,565606,Normal,303.45,299.0,333.0,4999.99,
2025-09-30,sl-st-box,283389,Normal,486.88,449.99,650.0,9999.99,
2025-09-30,sl-tf-box,536225,Normal,255.72,255.29,319.94,750.0,
2025-09-30,sv2-185,497557,Normal,0.37,0.15,0.4,30.0,
2025-09-30,sv2-185,497557,Reverse Holofoil,0.79,0.25,0.77,7.99,
2025-09-30,sv2-254,497669,Holofoil,16.22,14.5,17.99,100.0,15.99
2025-09-30,sv2-269,497689,Holofoil,54.11,48.25,60.0,259.99,
2025-09-30,sv3pt5-151,516566,Holofoil,8.38,6.0,8.03,40.0,11.97
2025-09-30,sv3pt5-199,517045,Holofoil,300.21,283.64,329.97,900.0,
2025-09-30,sv3pt5-205,517051,Holofoil,17.7,14.39,20.0,50.0,15.98
2025-09-30,sv3pt5-4,502555,Normal,0.13,0.01,0.15,5.0,
2025-09-30,sv3pt5-4,502555,Reverse Holofoil,0.27,0.03,0.27,5.0,0.16
2025-09-30,sv3pt5-6,502558,Holofoil,4.65,3.72,5.0,24.97,5.23
2025-09-30,sv3pt5-7,502548,Normal,0.15,0.01,0.16,4.99,0.05
2025-09-30,sv3pt5-7,502548,Reverse Holofoil,0.21,0.03,0.25,5.0,0.15
2025-09-30,sv4pt5-234,535090,Holofoil,316.1,290.0,349.99,750.0,358.13
2025-09-30,sv4pt5-54,534416,Holofoil,3.72,1.67,3.84,34.99,3.81
2025-09-30,sv8-57,590025,Holofoil,5.44,3.85,5.98,40.0,
2025-09-30,sv8pt5-149,610504,Holofoil,196.66,190.0,238.19,800.0,
2025-09-30,sv8pt5-155,610510,Holofoil,226.16,230.0,290.68,499.99,
2025-09-30,sv8pt5-156,610511,Holofoil,372.16,358.98,491.97,749.99,499.49
2025-09-30,sv8pt5-161,610516,Holofoil,1063.75,1167.55,1499.95,2499.99,
2025-09-30,sv8pt5-167,610522,Holofoil,118.03,114.0,142.5,300.0,
2025-09-30,sv8pt5-179,610534,Holofoil,54.43,39.97,65.12,270.0,
2025-09-30,sv8pt5-28,610383,Holofoil,1.05,0.75,1.26,9.95,
2025-09-30,sv8pt5-47,610402,Normal,0.05,0.01,0.1,4.99,0.02
2025-09-30,sv8pt5-47,610402,Reverse Holofoil,0.1,0.01,0.13,20.0,0.07
2025-09-30,sv8pt5-59,610414,Holofoil,0.29,0.01,0.29,100.0,
2025-09-30,sv8pt5-59,610414,Reverse Holofoil,0.44,0.1,0.43,25.0,0.33
2025-09-30,sv8pt5-60,610415,Holofoil,4.51,3.99,5.03,40.0,
2025-09-30,svp-085,518861,Normal,560.92,650.0,894.99,2500.0,799.95
2025-09-30,swsh11-186,284137,Holofoil,627.43,463.55,699.99,2000.0,
2025-09-30,swsh12-186,451834,Holofoil,446.25,399.98,531.97,1100.0,399.98
2025-09-30,swsh12pt5gg-GG69,478100,Holofoil,223.81,200.0,257.39,600.0,257.39
2025-09-30,swsh35-25,223018,Normal,0.11,0.03,0.2,1.6,
2025-09-30,swsh35-25,223018,Reverse Holofoil,0.18,0.09,0.25,2.0,
2025-09-30,swsh35-74,223073,Holofoil,155.64,144.0,249.83,1500.0,249.98
2025-09-30,swsh45sv-SV107,232496,Holofoil,158.61,174.47,200.0,349.95,179.99
2025-09-30,swsh7-204,246693,Holofoil,30.31,29.56,37.48,150.0,29.69
2025-09-30,swsh7-205,246696,Holofoil,381.28,304.68,442.5,699.69,424.99
2025-09-30,swsh7-208,246755,Holofoil,30.49,23.0,30.56,500.0,24.91
2025-09-30,swsh7-209,246756,Holofoil,278.42,264.0,378.1,499.97,349.99
2025-09-30,swsh7-211,246702,Holofoil,44.16,38.83,49.5,99.99,40.75
2025-09-30,swsh7-212,246704,Holofoil,318.48,339.01,445.24,1000.0,396.5
2025-09-30,swsh7-215,246723,Holofoil,2258.97,1738.99,2799.98,3199.97,2090.0
2025-09-30,swsh7-218,246733,Holofoil,680.75,561.31,750.0,999.69,750.2
2025-09-30,swsh7-41,246753,Holofoil,6.69,3.99,6.69,25.0,8.25
2025-09-30,swsh7-65,246690,Holofoil,11.1,8.7,12.0,500.0,13.99
2025-09-30,swsh7-75,246701,Holofoil,11.15,9.58,12.71,500.0,16.37
2025-09-30,swsh7-8,246691,Holofoil,6.12,4.19,6.28,100.0,8.09
2025-09-30,swsh8-271,253266,Holofoil,778.14,599.99,849.0,1499.95,799.16
2025-09-30,swsh9-154,263873,Holofoil,390.01,300.0,450.0,1500.0,543.98
