date,asset_id,product_id,subtype,market,low,mid,high,direct_low
2025-03-01,base1-15,42355,Holofoil,125.88,72.72,116.96,300.0,
2025-03-01,base1-16,42356,Holofoil,39.3,23.77,37.35,77.99,26.62
2025-03-01,base1-2,42360,Holofoil,169.56,97.13,149.99,239.33,
2025-03-01,base1-4,42382,Holofoil,398.63,330.0,562.63,1249.99,
2025-03-01,base1-58,42402,Normal,2.53,0.5,2.15,9999.0,
2025-03-01,cel25c-4,250320,Holofoil,85.29,85.7,109.99,250.0,89.62
2025-03-01,gym2-2,83861,Unlimited Holofoil,307.62,300.0,362.25,599.0,
2025-03-01,neo1-9,86903,1st Edition Holofoil,943.94,716.26,1002.0,2950.0,
2025-03-01,neo1-9,86903,Unlimited Holofoil,352.94,348.71,377.25,1000.0,
2025-03-01,sl-151-bundle,502000,Normal,66.41,58.93,70.0,200.0,
2025-03-01,sl-151-etb,503313,Normal,199.08,197.04,239.98,4999.99,
2025-03-01,sl-151-upc,502005,Normal,318.15,316.0,399.0,4999.99,
2025-03-01,sl-ar-box,265519,Normal,237.15,250.0,300.0,1999.99,
2025-03-01,sl-bs-box,256141,Normal,286.54,275.99,327.5,999.99,
2025-03-01,sl-cel-upc,245140,Normal,423.21,450.0,500.16,1214.95,
2025-03-01,sl-champ-etb,218791,Normal,119.16,114.99,149.99,399.99,
2025-03-01,sl-cz-etb,453470,Normal,116.41,113.17,125.0,1999.99,
2025-03-01,sl-evs-box,242436,Normal,1314.83,1295.0,1798.99,9999.99,
2025-03-01,sl-evs-etb,243721,Normal,465.71,459.99,490.0,989.89,
2025-03-01,sl-fs-box,247654,Normal,424.99,485.0,584.95,1000.0,
2025-03-01,sl-hf-etb,194729,Normal,264.46,275.0,305.0,500.0,
2025-03-01,sl-jp-151,565243,Normal,146.29,141.64,159.5,399.99,
2025-03-01,sl-jp-terastal,603428,Normal,117.4,110.0,119.99,170.0,
2025-03-01,sl-jt-box,610931,Normal,216.19,216.2,228.0,279.99,
2025-03-01,sl-lo-box,277324,Normal,327.02,399.0,499.99,1299.99,
2025-03-01,sl-obf-box,501257,Normal,190.5,189.95,239.48,999.99,
2025-03-01,sl-pe-etb,593355,Normal,132.71,129.88,149.99,499.99,
2025-03-01,sl-pf-etb,528040,Normal,106.61,98.31,119.99,250.0,
2025-03-01,sl-shf-etb,228821,Normal,73.11,64.99,83.69,499.99,
2025-03-01,sl-ss-box,565606,Normal,265.42,259.99,299.0,4999.99,
2025-03-01,sl-st-box,283389,Normal,230.34,249.0,300.0,1199.99,
2025-03-01,sl-tf-box,536225,Normal,179.01,173.0,200.0,339.98,
2025-03-01,sv2-185,497557,Normal,0.27,0.1,0.29,5.74,
2025-03-01,sv2-185,497557,Reverse Holofoil,2.0,0.18,1.2,9.99,4.99
2025-03-01,sv2-254,497669,Holofoil,17.86,14.58,20.2,100.0,21.11
2025-03-01,sv2-269,497689,Holofoil,66.98,60.0,75.6,259.99,
2025-03-01,sv3pt5-151,516566,Holofoil,9.18,5.48,8.51,24.99,9.11
2025-03-01,sv3pt5-199,517045,Holofoil,292.82,229.99,322.5,1925.0,
2025-03-01,sv3pt5-205,517051,Holofoil,16.31,12.0,16.0,55.0,19.12
2025-03-01,sv3pt5-4,502555,Normal,0.13,0.01,0.15,4.95,0.05
2025-03-01,sv3pt5-4,502555,Reverse Holofoil,0.28,0.08,0.3,25.0,
2025-03-01,sv3pt5-6,502558,Holofoil,6.68,4.0,6.3,26.0,7.92
2025-03-01,sv3pt5-7,502548,Normal,0.13,0.01,0.15,15.0,0.05
2025-03-01,sv3pt5-7,502548,Reverse Holofoil,0.22,0.1,0.25,4.95,
2025-03-01,sv4pt5-234,535090,Holofoil,204.22,184.99,229.99,499.98,195.0
2025-03-01,sv4pt5-54,534416,Holofoil,3.36,1.75,3.06,34.99,3.63
2025-03-01,sv8-57,590025,Holofoil,7.82,5.91,7.95,25.0,10.95
2025-03-01,sv8pt5-149,610504,Holofoil,310.48,299.99,348.88,799.95,
2025-03-01,sv8pt5-155,610510,Holofoil,428.26,399.99,435.0,899.95,
2025-03-01,sv8pt5-156,610511,Holofoil,473.42,475.0,500.7,899.95,499.99
2025-03-01,sv8pt5-161,610516,Holofoil,1594.56,1570.0,1754.06,3000.0,
2025-03-01,sv8pt5-167,610522,Holofoil,220.35,229.99,275.0,362.25,
2025-03-01,sv8pt5-179,610534,Holofoil,96.39,90.01,108.83,325.0,
2025-03-01,sv8pt5-28,610383,Holofoil,1.78,1.09,2.0,15.98,
2025-03-01,sv8pt5-47,610402,Normal,0.05,0.01,0.1,10.0,0.05
2025-03-01,sv8pt5-47,610402,Reverse Holofoil,0.12,0.04,0.15,4.95,0.08
2025-03-01,sv8pt5-59,610414,Holofoil,0.33,0.03,0.45,19.99,
2025-03-01,sv8pt5-59,610414,Reverse Holofoil,1.09,0.5,1.25,39.99,1.08
2025-03-01,sv8pt5-60,610415,Holofoil,9.8,8.5,12.14,40.0,
2025-03-01,svp-085,518861,Normal,331.41,310.0,410.48,750.0,399.98
2025-03-01,swsh11-186,284137,Holofoil,709.09,506.86,722.5,1269.69,690.0
2025-03-01,swsh12-186,451834,Holofoil,307.21,295.8,399.98,699.95,399.95
2025-03-01,swsh12pt5gg-GG69,478100,Holofoil,211.33,200.0,229.25,1000.0,227.89
2025-03-01,swsh35-25,223018,Normal,0.1,0.03,0.15,1.49,
2025-03-01,swsh35-25,223018,Reverse Holofoil,0.3,0.09,0.29,2.0,0.25
2025-03-01,swsh35-74,223073,Holofoil,207.16,156.0,242.69,1500.0,239.99
2025-03-01,swsh45sv-SV107,232496,Holofoil,119.29,102.0,131.98,349.95,124.48
2025-03-01,swsh7-204,246693,Holofoil,33.13,26.0,36.99,100.0,42.98
2025-03-01,swsh7-205,246696,Holofoil,445.74,374.88,471.46,699.69,374.88
2025-03-01,swsh7-208,246755,Holofoil,25.99,18.97,30.0,59.69,27.97
2025-03-01,swsh7-209,246756,Holofoil,357.15,375.15,419.88,799.99,419.8
2025-03-01,swsh7-211,246702,Holofoil,40.64,37.0,44.0,130.0,42.02
2025-03-01,swsh7-212,246704,Holofoil,422.06,394.99,492.23,1000.0,489.9
2025-03-01,swsh7-215,246723,Holofoil,1745.65,1250.0,1950.0,3000.0,1599.99
2025-03-01,swsh7-218,246733,Holofoil,761.77,750.0,886.99,1200.0,884.99
2025-03-01,swsh7-41,246753,Holofoil,5.27,3.45,4.99,89.0,6.26
2025-03-01,swsh7-65,246690,Holofoil,10.46,5.19,10.05,500.0,16.99
2025-03-01,swsh7-75,246701,Holofoil,9.1,7.12,9.86,50.0,9.49
2025-03-01,swsh7-8,246691,Holofoil,4.72,3.38,5.25,50.0,5.65
2025-03-01,swsh8-271,253266,Holofoil,725.59,599.99,794.98,1799.0,749.99
2025-03-01,swsh9-154,263873,Holofoil,204.92,198.0,250.0,1500.0,219.99
2025-03-02,base1-15,42355,Holofoil,126.23,68.95,113.35,300.0,
2025-03-02,base1-16,42356,Holofoil,39.3,20.0,36.1,77.99,26.2
2025-03-02,base1-2,42360,Holofoil,167.84,93.25,137.48,240.73,
2025-03-02,base1-4,42382,Holofoil,398.63,298.01,565.97,1249.99,
2025-03-02,base1-58,42402,Normal,2.6,0.5,2.14,9999.0,
2025-03-02,cel25c-4,250320,Holofoil,89.26,84.8,109.99,250.0,90.25
2025-03-02,gym2-2,83861,Unlimited Holofoil,307.62,300.0,362.25,599.0,
2025-03-02,neo1-9,86903,1st Edition Holofoil,943.94,716.26,1002.0,2950.0,
2025-03-02,neo1-9,86903,Unlimited Holofoil,352.94,348.71,367.49,1000.0,
2025-03-02,sl-151-bundle,502000,Normal,66.6,57.92,70.0,200.0,
2025-03-02,sl-151-etb,503313,Normal,200.08,199.0,239.98,4999.99,
2025-03-02,sl-151-upc,502005,Normal,325.47,316.0,397.0,4999.99,
2025-03-02,sl-ar-box,265519,Normal,237.15,250.0,300.0,1999.99,
2025-03-02,sl-bs-box,256141,Normal,286.26,285.0,332.0,999.99,
2025-03-02,sl-cel-upc,245140,Normal,425.25,460.0,525.0,1214.95,
2025-03-02,sl-champ-etb,218791,Normal,118.47,114.99,150.0,399.99,
2025-03-02,sl-cz-etb,453470,Normal,117.25,110.99,127.0,1999.99,
2025-03-02,sl-evs-box,242436,Normal,1314.83,1285.0,1798.99,9999.99,
2025-03-02,sl-evs-etb,243721,Normal,466.23,460.0,492.5,989.89,
2025-03-02,sl-fs-box,247654,Normal,434.34,485.0,584.95,1000.0,
2025-03-02,sl-hf-etb,194729,Normal,264.46,275.0,302.5,500.0,
2025-03-02,sl-jp-151,565243,Normal,147.51,141.64,159.0,399.99,
2025-03-02,sl-jp-terastal,603428,Normal,119.09,115.0,120.0,170.0,
2025-03-02,sl-jt-box,610931,Normal,215.92,215.99,228.0,279.99,
2025-03-02,sl-lo-box,277324,Normal,337.33,399.99,499.99,1299.99,
2025-03-02,sl-obf-box,501257,Normal,191.73,189.95,230.0,999.99,
2025-03-02,sl-pe-etb,593355,Normal,138.8,126.79,149.95,499.99,
2025-03-02,sl-pf-etb,528040,Normal,108.42,98.31,119.95,250.0,
2025-03-02,sl-shf-etb,228821,Normal,72.46,68.5,84.99,499.99,
2025-03-02,sl-ss-box,565606,Normal,265.22,256.0,298.95,4999.99,
2025-03-02,sl-st-box,283389,Normal,233.5,249.0,300.0,1199.99,
2025-03-02,sl-tf-box,536225,Normal,178.64,173.0,200.0,400.0,
2025-03-02,sv2-185,497557,Normal,0.23,0.1,0.29,5.74,
2025-03-02,sv2-185,497557,Reverse Holofoil,2.08,0.18,1.23,9.99,4.99
2025-03-02,sv2-254,497669,Holofoil,18.67,14.58,20.35,100.0,21.11
2025-03-02,sv2-269,497689,Holofoil,66.91,60.0,75.0,259.99,
2025-03-02,sv3pt5-151,516566,Holofoil,8.37,5.48,8.49,24.99,12.99
2025-03-02,sv3pt5-199,517045,Holofoil,289.5,244.85,349.3,1925.0,
2025-03-02,sv3pt5-205,517051,Holofoil,16.04,12.0,16.0,99.0,16.31
2025-03-02,sv3pt5-4,502555,Normal,0.13,0.01,0.15,4.95,0.05
2025-03-02,sv3pt5-4,502555,Reverse Holofoil,0.25,0.08,0.3,25.0,0.15
2025-03-02,sv3pt5-6,502558,Holofoil,6.84,3.9,6.29,26.0,6.6
2025-03-02,sv3pt5-7,502548,Normal,0.14,0.01,0.15,15.0,
2025-03-02,sv3pt5-7,502548,Reverse Holofoil,0.21,0.1,0.25,4.95,
2025-03-02,sv4pt5-234,535090,Holofoil,204.78,184.46,228.5,499.98,299.99
2025-03-02,sv4pt5-54,534416,Holofoil,3.04,1.31,3.0,34.99,4.5
2025-03-02,sv8-57,590025,Holofoil,7.58,4.99,7.98,25.0,8.69
2025-03-02,sv8pt5-149,610504,Holofoil,314.56,299.99,369.95,799.95,
2025-03-02,sv8pt5-155,610510,Holofoil,428.22,419.68,431.0,899.95,
2025-03-02,sv8pt5-156,610511,Holofoil,474.5,474.5,500.7,899.95,499.99
2025-03-02,sv8pt5-161,610516,Holofoil,1594.56,1594.0,1776.53,3000.0,
2025-03-02,sv8pt5-167,610522,Holofoil,220.35,229.99,275.0,362.25,
2025-03-02,sv8pt5-179,610534,Holofoil,95.46,94.0,109.83,325.0,
2025-03-02,sv8pt5-28,610383,Holofoil,1.69,1.09,2.0,15.98,
2025-03-02,sv8pt5-47,610402,Normal,0.05,0.01,0.1,10.0,0.05
2025-03-02,sv8pt5-47,610402,Reverse Holofoil,0.12,0.04,0.15,4.95,0.08
2025-03-02,sv8pt5-59,610414,Holofoil,0.3,0.01,0.45,19.99,
2025-03-02,sv8pt5-59,610414,Reverse Holofoil,1.04,0.59,1.25,39.99,
2025-03-02,sv8pt5-60,610415,Holofoil,10.1,8.5,12.14,40.0,
2025-03-02,svp-085,518861,Normal,331.41,306.0,399.99,750.0,449.99
2025-03-02,swsh11-186,284137,Holofoil,706.06,506.86,727.5,1269.69,690.0
2025-03-02,swsh12-186,451834,Holofoil,306.23,270.0,399.37,699.95,388.0
2025-03-02,swsh12pt5gg-GG69,478100,Holofoil,211.37,200.0,228.9,1000.0,227.0
2025-03-02,swsh35-25,223018,Normal,0.11,0.03,0.18,1.49,
2025-03-02,swsh35-25,223018,Reverse Holofoil,0.3,0.09,0.28,2.0,
2025-03-02,swsh35-74,223073,Holofoil,209.16,156.0,242.88,1500.0,239.99
2025-03-02,swsh45sv-SV107,232496,Holofoil,118.47,119.95,133.99,349.95,124.99
2025-03-02,swsh7-204,246693,Holofoil,32.51,26.0,36.0,100.0,40.61
2025-03-02,swsh7-205,246696,Holofoil,445.74,374.88,450.0,699.69,374.88
2025-03-02,swsh7-208,246755,Holofoil,25.99,18.97,30.0,59.69,22.74
2025-03-02,swsh7-209,246756,Holofoil,357.15,354.97,419.8,799.99,419.79
2025-03-02,swsh7-211,246702,Holofoil,40.95,37.0,44.69,130.0,49.24
2025-03-02,swsh7-212,246704,Holofoil,424.02,394.99,491.98,1000.0,489.0
2025-03-02,swsh7-215,246723,Holofoil,1745.65,1250.0,1974.5,2395.0,1699.99
2025-03-02,swsh7-218,246733,Holofoil,769.53,750.0,884.98,1200.58,884.97
2025-03-02,swsh7-41,246753,Holofoil,4.41,3.0,4.83,89.0,6.25
2025-03-02,swsh7-65,246690,Holofoil,10.21,5.19,10.08,500.0,17.65
2025-03-02,swsh7-75,246701,Holofoil,9.24,7.12,9.76,50.0,18.49
2025-03-02,swsh7-8,246691,Holofoil,4.89,3.38,5.14,50.0,5.99
2025-03-02,swsh8-271,253266,Holofoil,725.59,599.99,794.98,1799.0,749.95
2025-03-02,swsh9-154,263873,Holofoil,205.28,170.51,249.99,1500.0,219.99
2025-03-03,base1-15,42355,Holofoil,126.23,68.95,113.95,300.0,
2025-03-03,base1-16,42356,Holofoil,39.45,20.0,36.58,77.99,
2025-03-03,base1-2,42360,Holofoil,166.12,93.07,124.04,236.2,
2025-03-03,base1-4,42382,Holofoil,398.55,330.0,566.73,1249.99,
2025-03-03,base1-58,42402,Normal,2.65,0.5,2.14,9999.0,1.75
2025-03-03,cel25c-4,250320,Holofoil,89.47,80.52,109.99,250.0,98.56
2025-03-03,gym2-2,83861,Unlimited Holofoil,307.62,300.0,381.12,599.0,
2025-03-03,neo1-9,86903,1st Edition Holofoil,943.94,999.99,1002.0,2950.0,999.99
2025-03-03,neo1-9,86903,Unlimited Holofoil,352.94,348.71,367.49,1000.0,
2025-03-03,sl-151-bundle,502000,Normal,65.73,62.0,70.0,200.0,
2025-03-03,sl-151-etb,503313,Normal,199.48,194.58,235.0,4999.99,
2025-03-03,sl-151-upc,502005,Normal,327.61,316.0,399.95,4999.99,
2025-03-03,sl-ar-box,265519,Normal,239.71,250.0,299.95,1999.99,
2025-03-03,sl-bs-box,256141,Normal,286.26,285.0,331.12,999.99,
2025-03-03,sl-cel-upc,245140,Normal,426.85,475.0,525.0,1214.95,
2025-03-03,sl-champ-etb,218791,Normal,120.93,114.99,150.0,399.99,
2025-03-03,sl-cz-etb,453470,Normal,118.69,110.99,130.0,1999.99,
2025-03-03,sl-evs-box,242436,Normal,1303.72,1313.38,1989.0,9999.99,
2025-03-03,sl-evs-etb,243721,Normal,468.3,460.0,495.0,989.89,
2025-03-03,sl-fs-box,247654,Normal,436.94,485.0,585.35,1000.0,
2025-03-03,sl-hf-etb,194729,Normal,265.51,280.0,300.0,500.0,
2025-03-03,sl-jp-151,565243,Normal,145.29,137.79,157.0,399.99,
2025-03-03,sl-jp-terastal,603428,Normal,118.07,115.0,120.0,170.0,
2025-03-03,sl-jt-box,610931,Normal,216.2,216.2,228.88,279.99,
2025-03-03,sl-lo-box,277324,Normal,343.53,399.99,473.8,1299.99,
2025-03-03,sl-obf-box,501257,Normal,192.57,179.01,220.0,999.99,
2025-03-03,sl-pe-etb,593355,Normal,136.33,130.0,149.96,499.99,
2025-03-03,sl-pf-etb,528040,Normal,107.71,104.99,119.97,209.98,
2025-03-03,sl-shf-etb,228821,Normal,73.19,68.5,84.99,499.99,
2025-03-03,sl-ss-box,565606,Normal,264.54,249.99,295.0,4999.99,
2025-03-03,sl-st-box,283389,Normal,234.94,245.45,300.0,1199.99,
2025-03-03,sl-tf-box,536225,Normal,178.58,173.0,200.0,400.0,
2025-03-03,sv2-185,497557,Normal,0.26,0.1,0.29,4.99,0.25
2025-03-03,sv2-185,497557,Reverse Holofoil,1.77,0.18,1.25,9.99,4.99
2025-03-03,sv2-254,497669,Holofoil,19.07,14.58,20.22,100.0,18.79
2025-03-03,sv2-269,497689,Holofoil,66.29,64.61,75.5,259.99,
2025-03-03,sv3pt5-151,516566,Holofoil,9.29,5.48,8.7,40.0,12.01
2025-03-03,sv3pt5-199,517045,Holofoil,291.01,270.0,349.93,1925.0,340.99
2025-03-03,sv3pt5-205,517051,Holofoil,16.66,12.0,16.0,99.0,19.89
2025-03-03,sv3pt5-4,502555,Normal,0.12,0.01,0.15,4.95,
2025-03-03,sv3pt5-4,502555,Reverse Holofoil,0.26,0.08,0.29,10.0,0.15
2025-03-03,sv3pt5-6,502558,Holofoil,5.77,4.0,6.27,26.0,5.79
2025-03-03,sv3pt5-7,502548,Normal,0.17,0.01,0.15,25.0,
2025-03-03,sv3pt5-7,502548,Reverse Holofoil,0.24,0.1,0.25,4.95,0.14
2025-03-03,sv4pt5-234,535090,Holofoil,204.78,180.0,223.98,499.98,299.99
2025-03-03,sv4pt5-54,534416,Holofoil,2.77,1.98,3.0,34.99,3.7
2025-03-03,sv8-57,590025,Holofoil,7.52,5.91,7.99,25.0,9.4
2025-03-03,sv8pt5-149,610504,Holofoil,314.56,299.99,364.94,799.95,
2025-03-03,sv8pt5-155,610510,Holofoil,428.22,419.68,431.0,899.95,
2025-03-03,sv8pt5-156,610511,Holofoil,476.18,474.5,500.0,899.95,
2025-03-03,sv8pt5-161,610516,Holofoil,1594.56,1594.0,1776.53,3000.0,1500.0
2025-03-03,sv8pt5-167,610522,Holofoil,220.95,220.83,230.0,348.0,
2025-03-03,sv8pt5-179,610534,Holofoil,96.47,93.99,108.83,325.0,
2025-03-03,sv8pt5-28,610383,Holofoil,1.77,1.09,2.0,15.98,
2025-03-03,sv8pt5-47,610402,Normal,0.05,0.01,0.1,10.0,0.05
2025-03-03,sv8pt5-47,610402,Reverse Holofoil,0.12,0.04,0.15,4.95,0.09
2025-03-03,sv8pt5-59,610414,Holofoil,0.29,0.01,0.43,19.99,0.28
2025-03-03,sv8pt5-59,610414,Reverse Holofoil,1.09,0.74,1.25,39.99,1.3
2025-03-03,sv8pt5-60,610415,Holofoil,9.32,7.99,12.0,40.0,9.47
2025-03-03,svp-085,518861,Normal,342.23,314.96,449.99,750.0,449.99
2025-03-03,swsh11-186,284137,Holofoil,700.06,484.45,709.09,1269.69,693.94
2025-03-03,swsh12-186,451834,Holofoil,302.23,289.95,389.98,699.95,387.99
2025-03-03,swsh12pt5gg-GG69,478100,Holofoil,211.37,200.0,228.9,1000.0,220.67
2025-03-03,swsh35-25,223018,Normal,0.11,0.03,0.18,1.49,0.07
2025-03-03,swsh35-25,223018,Reverse Holofoil,0.3,0.09,0.29,2.0,
2025-03-03,swsh35-74,223073,Holofoil,209.16,156.0,242.81,1500.0,242.69
2025-03-03,swsh45sv-SV107,232496,Holofoil,119.03,118.47,133.55,349.95,119.03
2025-03-03,swsh7-204,246693,Holofoil,32.51,26.0,38.48,100.0,39.99
2025-03-03,swsh7-205,246696,Holofoil,445.74,374.88,450.0,699.69,374.88
2025-03-03,swsh7-208,246755,Holofoil,25.64,16.01,30.0,59.69,22.74
2025-03-03,swsh7-209,246756,Holofoil,357.15,349.99,419.79,799.99,419.79
2025-03-03,swsh7-211,246702,Holofoil,40.33,37.0,42.99,130.0,49.24
2025-03-03,swsh7-212,246704,Holofoil,422.1,389.99,491.99,1000.0,489.0
2025-03-03,swsh7-215,246723,Holofoil,1745.65,1250.0,1974.5,2395.0,1699.99
2025-03-03,swsh7-218,246733,Holofoil,769.53,750.0,884.97,1202.42,884.97
2025-03-03,swsh7-41,246753,Holofoil,4.49,3.45,4.83,89.0,6.6
2025-03-03,swsh7-65,246690,Holofoil,10.03,5.19,10.05,500.0,10.59
2025-03-03,swsh7-75,246701,Holofoil,9.27,7.12,9.82,50.0,17.98
2025-03-03,swsh7-8,246691,Holofoil,4.99,3.38,5.06,50.0,6.49
2025-03-03,swsh8-271,253266,Holofoil,719.55,599.99,793.99,1799.0,749.95
2025-03-03,swsh9-154,263873,Holofoil,205.28,198.0,239.99,1500.0,219.99
2025-03-04,base1-15,42355,Holofoil,126.23,68.95,113.35,300.0,
2025-03-04,base1-16,42356,Holofoil,39.32,20.0,35.45,77.99,
2025-03-04,base1-2,42360,Holofoil,166.12,93.07,125.32,236.2,72.71
2025-03-04,base1-4,42382,Holofoil,422.45,330.0,457.54,1249.99,
2025-03-04,base1-58,42402,Normal,2.79,0.45,2.14,9999.0,1.75
2025-03-04,cel25c-4,250320,Holofoil,89.6,89.26,109.99,250.0,98.56
2025-03-04,gym2-2,83861,Unlimited Holofoil,307.62,300.0,399.99,599.0,
2025-03-04,neo1-9,86903,1st Edition Holofoil,943.94,716.26,1002.0,2950.0,
2025-03-04,neo1-9,86903,Unlimited Holofoil,352.94,348.71,359.99,500.0,
2025-03-04,sl-151-bundle,502000,Normal,64.75,54.69,70.0,200.0,
2025-03-04,sl-151-etb,503313,Normal,201.87,194.58,225.0,4999.99,
2025-03-04,sl-151-upc,502005,Normal,329.41,340.0,399.47,4999.99,
2025-03-04,sl-ar-box,265519,Normal,239.71,250.0,299.95,1999.99,
2025-03-04,sl-bs-box,256141,Normal,286.64,285.0,331.12,999.99,
2025-03-04,sl-cel-upc,245140,Normal,426.85,465.0,500.0,1214.95,
2025-03-04,sl-champ-etb,218791,Normal,121.08,114.99,149.97,399.99,
2025-03-04,sl-cz-etb,453470,Normal,121.09,113.17,130.0,1999.99,
2025-03-04,sl-evs-box,242436,Normal,1300.12,1300.0,1989.0,9999.99,
2025-03-04,sl-evs-etb,243721,Normal,468.07,460.0,495.0,989.89,
2025-03-04,sl-fs-box,247654,Normal,449.5,485.0,585.35,1000.0,
2025-03-04,sl-hf-etb,194729,Normal,266.55,260.0,299.99,500.0,
2025-03-04,sl-jp-151,565243,Normal,144.97,139.0,159.0,399.99,
2025-03-04,sl-jp-terastal,603428,Normal,119.12,116.0,120.0,170.0,
2025-03-04,sl-jt-box,610931,Normal,215.21,216.2,228.88,279.99,
2025-03-04,sl-lo-box,277324,Normal,350.16,395.95,449.95,1299.99,
2025-03-04,sl-obf-box,501257,Normal,192.57,178.5,220.0,999.99,
2025-03-04,sl-pe-etb,593355,Normal,141.22,130.0,149.99,499.99,
2025-03-04,sl-pf-etb,528040,Normal,109.14,104.99,119.97,209.98,
2025-03-04,sl-shf-etb,228821,Normal,72.94,70.0,85.0,499.99,
2025-03-04,sl-ss-box,565606,Normal,263.39,251.98,291.3,4999.99,
2025-03-04,sl-st-box,283389,Normal,241.38,245.45,300.0,1199.99,
2025-03-04,sl-tf-box,536225,Normal,178.16,173.0,200.0,400.0,
2025-03-04,sv2-185,497557,Normal,0.27,0.01,0.29,4.99,
2025-03-04,sv2-185,497557,Reverse Holofoil,1.8,0.18,1.25,9.99,0.95
2025-03-04,sv2-254,497669,Holofoil,18.83,14.58,21.05,100.0,24.84
2025-03-04,sv2-269,497689,Holofoil,66.41,60.73,75.0,259.99,69.99
2025-03-04,sv3pt5-151,516566,Holofoil,9.76,5.0,8.68,40.0,13.25
2025-03-04,sv3pt5-199,517045,Holofoil,292.05,270.0,349.97,1925.0,349.99
2025-03-04,sv3pt5-205,517051,Holofoil,16.64,12.0,16.25,99.0,19.99
2025-03-04,sv3pt5-4,502555,Normal,0.11,0.01,0.15,4.95,0.05
2025-03-04,sv3pt5-4,502555,Reverse Holofoil,0.28,0.08,0.29,10.0,
2025-03-04,sv3pt5-6,502558,Holofoil,5.73,4.0,6.2,26.0,10.1
2025-03-04,sv3pt5-7,502548,Normal,0.17,0.01,0.17,25.0,
2025-03-04,sv3pt5-7,502548,Reverse Holofoil,0.22,0.1,0.25,4.95,0.14
2025-03-04,sv4pt5-234,535090,Holofoil,204.1,180.0,221.8,499.98,299.99
2025-03-04,sv4pt5-54,534416,Holofoil,2.88,1.95,3.0,34.99,4.28
2025-03-04,sv8-57,590025,Holofoil,8.33,5.91,7.99,25.0,8.98
2025-03-04,sv8pt5-149,610504,Holofoil,308.99,308.88,374.98,799.95,
2025-03-04,sv8pt5-155,610510,Holofoil,429.35,419.68,458.78,899.95,
2025-03-04,sv8pt5-156,610511,Holofoil,459.97,474.5,500.7,899.95,
2025-03-04,sv8pt5-161,610516,Holofoil,1588.64,1449.97,1599.0,3000.0,
2025-03-04,sv8pt5-167,610522,Holofoil,220.95,220.83,230.0,348.0,
2025-03-04,sv8pt5-179,610534,Holofoil,96.47,93.0,102.69,325.0,
2025-03-04,sv8pt5-28,610383,Holofoil,1.83,1.09,2.0,15.98,
2025-03-04,sv8pt5-47,610402,Normal,0.05,0.01,0.1,10.0,0.05
2025-03-04,sv8pt5-47,610402,Reverse Holofoil,0.11,0.03,0.15,4.95,0.09
2025-03-04,sv8pt5-59,610414,Holofoil,0.4,0.01,0.4,19.99,0.51
2025-03-04,sv8pt5-59,610414,Reverse Holofoil,1.16,0.68,1.25,69.0,1.43
2025-03-04,sv8pt5-60,610415,Holofoil,9.27,7.99,11.95,40.0,
2025-03-04,svp-085,518861,Normal,344.03,314.96,449.99,750.0,449.99
2025-03-04,swsh11-186,284137,Holofoil,690.82,484.45,704.55,1269.69,693.91
2025-03-04,swsh12-186,451834,Holofoil,302.6,272.95,387.99,699.95,371.55
2025-03-04,swsh12pt5gg-GG69,478100,Holofoil,210.92,200.0,227.95,499.99,220.66
2025-03-04,swsh35-25,223018,Normal,0.11,0.03,0.19,1.49,0.06
2025-03-04,swsh35-25,223018,Reverse Holofoil,0.31,0.09,0.28,2.0,
2025-03-04,swsh35-74,223073,Holofoil,204.77,156.0,242.87,1500.0,242.68
2025-03-04,swsh45sv-SV107,232496,Holofoil,119.73,118.47,133.6,349.95,124.99
2025-03-04,swsh7-204,246693,Holofoil,32.51,26.0,36.99,100.0,39.99
2025-03-04,swsh7-205,246696,Holofoil,446.34,374.88,470.49,699.69,374.88
2025-03-04,swsh7-208,246755,Holofoil,25.64,16.01,30.0,59.69,22.74
2025-03-04,swsh7-209,246756,Holofoil,357.15,349.99,419.79,799.99,419.79
2025-03-04,swsh7-211,246702,Holofoil,40.7,37.0,44.0,130.0,49.24
2025-03-04,swsh7-212,246704,Holofoil,420.08,389.99,491.99,850.78,489.0
2025-03-04,swsh7-215,246723,Holofoil,1738.25,1250.0,1999.0,2395.0,1860.95
2025-03-04,swsh7-218,246733,Holofoil,781.38,504.99,882.49,1220.83,884.97
2025-03-04,swsh7-41,246753,Holofoil,4.67,3.45,4.83,89.0,6.88
2025-03-04,swsh7-65,246690,Holofoil,9.78,5.19,10.03,500.0,16.88
2025-03-04,swsh7-75,246701,Holofoil,9.59,7.12,9.99,50.0,17.96
2025-03-04,swsh7-8,246691,Holofoil,5.11,3.38,5.07,50.0,6.49
2025-03-04,swsh8-271,253266,Holofoil,719.55,599.99,793.5,1799.0,749.95
2025-03-04,swsh9-154,263873,Holofoil,205.14,198.0,239.99,1500.0,219.99
2025-03-05,base1-15,42355,Holofoil,126.23,68.95,113.35,300.0,
2025-03-05,base1-16,42356,Holofoil,39.32,22.87,36.04,77.99,
2025-03-05,base1-2,42360,Holofoil,166.12,93.07,137.6,249.99,99.99
2025-03-05,base1-4,42382,Holofoil,449.77,330.0,473.02,1249.99,
2025-03-05,base1-58,42402,Normal,2.9,0.5,2.3,9999.0,1.79
2025-03-05,cel25c-4,250320,Holofoil,90.0,88.3,110.0,250.0,102.96
2025-03-05,gym2-2,83861,Unlimited Holofoil,310.79,300.0,439.99,599.0,
2025-03-05,neo1-9,86903,1st Edition Holofoil,1003.99,716.26,1000.0,2950.0,
2025-03-05,neo1-9,86903,Unlimited Holofoil,352.94,348.71,359.99,500.0,
2025-03-05,sl-151-bundle,502000,Normal,64.92,60.0,69.99,200.0,
2025-03-05,sl-151-etb,503313,Normal,204.24,200.0,244.96,4999.99,
2025-03-05,sl-151-upc,502005,Normal,333.27,332.5,399.0,4999.99,
2025-03-05,sl-ar-box,265519,Normal,242.95,250.0,299.95,1999.99,
2025-03-05,sl-bs-box,256141,Normal,288.05,285.0,347.0,999.99,
2025-03-05,sl-cel-upc,245140,Normal,426.85,460.0,500.0,1214.95,
2025-03-05,sl-champ-etb,218791,Normal,121.97,123.99,149.95,399.99,
2025-03-05,sl-cz-etb,453470,Normal,123.1,110.0,137.99,1999.99,
2025-03-05,sl-evs-box,242436,Normal,1300.12,1295.0,1989.0,9999.99,
2025-03-05,sl-evs-etb,243721,Normal,469.23,460.0,499.99,989.89,
2025-03-05,sl-fs-box,247654,Normal,452.5,485.0,585.35,1000.0,
2025-03-05,sl-hf-etb,194729,Normal,266.55,260.0,299.99,500.0,
2025-03-05,sl-jp-151,565243,Normal,144.97,139.0,158.99,399.99,
2025-03-05,sl-jp-terastal,603428,Normal,119.22,117.0,120.0,170.0,
2025-03-05,sl-jt-box,610931,Normal,216.2,216.2,228.88,279.99,
2025-03-05,sl-lo-box,277324,Normal,353.56,395.95,455.99,1299.99,
2025-03-05,sl-obf-box,501257,Normal,190.55,180.0,220.0,999.99,
2025-03-05,sl-pe-etb,593355,Normal,134.42,127.0,149.97,499.99,
2025-03-05,sl-pf-etb,528040,Normal,112.76,104.99,119.95,209.98,
2025-03-05,sl-shf-etb,228821,Normal,73.38,68.5,85.0,499.99,
2025-03-05,sl-ss-box,565606,Normal,262.62,251.98,289.99,4999.99,
2025-03-05,sl-st-box,283389,Normal,245.64,245.45,300.0,1199.99,
2025-03-05,sl-tf-box,536225,Normal,177.78,173.0,199.99,400.0,
2025-03-05,sv2-185,497557,Normal,0.25,0.01,0.29,4.99,
2025-03-05,sv2-185,497557,Reverse Holofoil,1.46,0.18,1.25,9.99,3.49
2025-03-05,sv2-254,497669,Holofoil,18.56,14.58,20.33,100.0,21.07
2025-03-05,sv2-269,497689,Holofoil,66.39,60.0,74.74,259.99,69.98
2025-03-05,sv3pt5-151,516566,Holofoil,8.46,5.0,8.74,40.0,10.0
2025-03-05,sv3pt5-199,517045,Holofoil,296.62,263.71,330.0,1925.0,
2025-03-05,sv3pt5-205,517051,Holofoil,15.74,12.0,16.3,99.0,18.77
2025-03-05,sv3pt5-4,502555,Normal,0.1,0.01,0.15,4.95,
2025-03-05,sv3pt5-4,502555,Reverse Holofoil,0.3,0.08,0.3,10.0,
2025-03-05,sv3pt5-6,502558,Holofoil,5.58,4.0,6.15,26.0,6.27
2025-03-05,sv3pt5-7,502548,Normal,0.13,0.01,0.16,25.0,
2025-03-05,sv3pt5-7,502548,Reverse Holofoil,0.21,0.1,0.25,4.95,
2025-03-05,sv4pt5-234,535090,Holofoil,204.1,179.0,220.11,499.98,299.99
2025-03-05,sv4pt5-54,534416,Holofoil,3.16,1.75,3.03,34.99,3.63
2025-03-05,sv8-57,590025,Holofoil,7.01,5.91,7.99,25.0,8.99
2025-03-05,sv8pt5-149,610504,Holofoil,308.99,275.0,374.98,799.95,
2025-03-05,sv8pt5-155,610510,Holofoil,429.35,419.68,499.99,899.95,
2025-03-05,sv8pt5-156,610511,Holofoil,459.97,473.0,500.0,899.95,
2025-03-05,sv8pt5-161,610516,Holofoil,1588.64,1449.97,1599.5,3000.0,
2025-03-05,sv8pt5-167,610522,Holofoil,222.11,220.83,230.0,349.88,
2025-03-05,sv8pt5-179,610534,Holofoil,96.47,93.0,101.33,325.0,
2025-03-05,sv8pt5-28,610383,Holofoil,1.82,1.06,2.0,15.98,
2025-03-05,sv8pt5-47,610402,Normal,0.05,0.01,0.1,10.0,0.05
2025-03-05,sv8pt5-47,610402,Reverse Holofoil,0.12,0.03,0.15,4.95,0.09
2025-03-05,sv8pt5-59,610414,Holofoil,0.36,0.01,0.43,19.99,
2025-03-05,sv8pt5-59,610414,Reverse Holofoil,1.19,0.68,1.25,69.0,
2025-03-05,sv8pt5-60,610415,Holofoil,8.61,5.99,11.52,40.0,
2025-03-05,svp-085,518861,Normal,349.12,314.96,449.99,750.0,449.99
2025-03-05,swsh11-186,284137,Holofoil,688.33,484.45,709.54,1269.69,689.99
2025-03-05,swsh12-186,451834,Holofoil,304.35,272.95,371.55,699.95,294.99
2025-03-05,swsh12pt5gg-GG69,478100,Holofoil,210.26,200.0,226.47,499.99,219.99
2025-03-05,swsh35-25,223018,Normal,0.11,0.03,0.18,1.49,
2025-03-05,swsh35-25,223018,Reverse Holofoil,0.3,0.09,0.29,2.0,
2025-03-05,swsh35-74,223073,Holofoil,204.77,156.0,242.69,1500.0,240.0
2025-03-05,swsh45sv-SV107,232496,Holofoil,119.79,118.47,140.4,349.95,124.99
2025-03-05,swsh7-204,246693,Holofoil,32.81,26.0,36.99,100.0,39.99
2025-03-05,swsh7-205,246696,Holofoil,446.34,374.88,490.98,699.69,374.88
2025-03-05,swsh7-208,246755,Holofoil,25.63,18.0,30.0,59.69,33.02
2025-03-05,swsh7-209,246756,Holofoil,366.85,349.99,419.79,799.99,419.0
2025-03-05,swsh7-211,246702,Holofoil,40.98,37.0,42.99,130.0,69.68
2025-03-05,swsh7-212,246704,Holofoil,423.25,379.0,490.49,850.78,488.49
2025-03-05,swsh7-215,246723,Holofoil,1735.93,1599.0,1974.5,2395.0,1860.95
2025-03-05,swsh7-218,246733,Holofoil,793.67,750.0,884.97,1237.63,884.99
2025-03-05,swsh7-41,246753,Holofoil,4.67,3.45,4.99,89.0,3.71
2025-03-05,swsh7-65,246690,Holofoil,9.88,5.19,10.0,500.0,8.99
2025-03-05,swsh7-75,246701,Holofoil,9.57,7.73,10.0,50.0,10.9
2025-03-05,swsh7-8,246691,Holofoil,5.29,3.5,5.16,50.0,6.54
2025-03-05,swsh8-271,253266,Holofoil,712.75,599.99,793.99,1799.0,699.95
2025-03-05,swsh9-154,263873,Holofoil,205.86,198.0,238.99,1500.0,191.19
2025-03-06,base1-15,42355,Holofoil,123.68,67.5,114.84,300.0,
2025-03-06,base1-16,42356,Holofoil,38.91,24.0,34.36,77.99,
2025-03-06,base1-2,42360,Holofoil,166.12,109.9,151.98,260.5,
2025-03-06,base1-4,42382,Holofoil,449.77,330.0,575.0,1249.99,
2025-03-06,base1-58,42402,Normal,2.93,0.5,2.3,9999.0,2.51
2025-03-06,cel25c-4,250320,Holofoil,90.28,88.3,110.0,250.0,60.49
2025-03-06,gym2-2,83861,Unlimited Holofoil,310.79,300.0,439.99,599.0,
2025-03-06,neo1-9,86903,1st Edition Holofoil,1003.99,716.26,1833.13,2950.0,
2025-03-06,neo1-9,86903,Unlimited Holofoil,352.94,348.71,357.95,500.0,
2025-03-06,sl-151-bundle,502000,Normal,62.69,60.0,69.99,200.0,
2025-03-06,sl-151-etb,503313,Normal,204.51,195.0,235.0,4999.99,
2025-03-06,sl-151-upc,502005,Normal,334.44,330.0,399.0,4999.99,
2025-03-06,sl-ar-box,265519,Normal,247.58,250.0,299.95,1999.99,
2025-03-06,sl-bs-box,256141,Normal,288.45,285.0,344.0,999.99,
2025-03-06,sl-cel-upc,245140,Normal,426.85,460.0,500.0,1214.95,
2025-03-06,sl-champ-etb,218791,Normal,122.29,117.99,149.97,399.99,
2025-03-06,sl-cz-etb,453470,Normal,122.34,115.0,140.0,1999.99,
2025-03-06,sl-evs-box,242436,Normal,1300.12,1289.89,1800.1,9999.99,
2025-03-06,sl-evs-etb,243721,Normal,469.23,465.0,500.0,989.89,
2025-03-06,sl-fs-box,247654,Normal,455.7,484.99,592.85,1147.99,
2025-03-06,sl-hf-etb,194729,Normal,266.2,260.0,299.99,500.0,
2025-03-06,sl-jp-151,565243,Normal,144.85,139.0,158.99,399.99,
2025-03-06,sl-jp-terastal,603428,Normal,119.25,110.0,120.0,170.0,
2025-03-06,sl-jt-box,610931,Normal,216.5,216.25,229.75,279.99,
2025-03-06,sl-lo-box,277324,Normal,363.59,399.95,473.8,1299.99,
2025-03-06,sl-obf-box,501257,Normal,188.37,179.99,220.0,999.99,
2025-03-06,sl-pe-etb,593355,Normal,134.91,127.0,149.9,499.99,
2025-03-06,sl-pf-etb,528040,Normal,114.16,105.98,119.99,209.98,
2025-03-06,sl-shf-etb,228821,Normal,72.98,68.5,84.99,499.99,
2025-03-06,sl-ss-box,565606,Normal,261.61,247.01,289.94,4999.99,
2025-03-06,sl-st-box,283389,Normal,252.89,245.45,300.0,1199.99,
2025-03-06,sl-tf-box,536225,Normal,176.81,172.99,199.99,400.0,
2025-03-06,sv2-185,497557,Normal,0.24,0.01,0.29,4.99,
2025-03-06,sv2-185,497557,Reverse Holofoil,1.45,0.18,1.29,9.99,2.25
2025-03-06,sv2-254,497669,Holofoil,18.59,15.0,20.2,100.0,19.3
2025-03-06,sv2-269,497689,Holofoil,66.98,60.0,74.47,259.99,69.98
2025-03-06,sv3pt5-151,516566,Holofoil,7.52,5.0,8.5,40.0,9.68
2025-03-06,sv3pt5-199,517045,Holofoil,296.15,263.42,330.0,1925.0,344.99
2025-03-06,sv3pt5-205,517051,Holofoil,14.76,12.0,16.0,55.0,19.89
2025-03-06,sv3pt5-4,502555,Normal,0.09,0.01,0.15,4.95,
2025-03-06,sv3pt5-4,502555,Reverse Holofoil,0.32,0.08,0.3,10.0,
2025-03-06,sv3pt5-6,502558,Holofoil,5.24,3.75,6.0,26.0,5.52
2025-03-06,sv3pt5-7,502548,Normal,0.12,0.01,0.15,15.0,
2025-03-06,sv3pt5-7,502548,Reverse Holofoil,0.2,0.1,0.25,4.95,
2025-03-06,sv4pt5-234,535090,Holofoil,204.16,178.75,219.9,499.98,299.99
2025-03-06,sv4pt5-54,534416,Holofoil,2.63,1.75,3.0,100.0,3.4
2025-03-06,sv8-57,590025,Holofoil,7.13,5.0,7.9,25.0,7.8
2025-03-06,sv8pt5-149,610504,Holofoil,308.99,275.0,374.98,799.95,
2025-03-06,sv8pt5-155,610510,Holofoil,429.01,419.68,458.46,899.95,
2025-03-06,sv8pt5-156,610511,Holofoil,460.89,474.5,501.39,899.95,649.94
2025-03-06,sv8pt5-161,610516,Holofoil,1588.64,1430.0,1594.56,3000.0,
2025-03-06,sv8pt5-167,610522,Holofoil,226.07,220.83,275.0,349.88,
2025-03-06,sv8pt5-179,610534,Holofoil,96.19,84.0,99.99,325.0,
2025-03-06,sv8pt5-28,610383,Holofoil,1.55,1.06,1.95,15.98,
2025-03-06,sv8pt5-47,610402,Normal,0.05,0.01,0.1,10.0,0.05
2025-03-06,sv8pt5-47,610402,Reverse Holofoil,0.1,0.03,0.15,4.95,0.09
2025-03-06,sv8pt5-59,610414,Holofoil,0.31,0.01,0.4,19.99,0.51
2025-03-06,sv8pt5-59,610414,Reverse Holofoil,1.11,0.68,1.24,69.0,
2025-03-06,sv8pt5-60,610415,Holofoil,8.89,5.99,11.52,40.0,
2025-03-06,svp-085,518861,Normal,349.12,350.0,449.99,750.0,399.99
2025-03-06,swsh11-186,284137,Holofoil,689.79,484.45,700.0,1269.69,689.99
2025-03-06,swsh12-186,451834,Holofoil,302.53,272.94,350.0,699.95,294.99
2025-03-06,swsh12pt5gg-GG69,478100,Holofoil,209.46,197.99,221.28,499.99,204.0
2025-03-06,swsh35-25,223018,Normal,0.11,0.03,0.18,1.49,
2025-03-06,swsh35-25,223018,Reverse Holofoil,0.31,0.09,0.29,2.0,
2025-03-06,swsh35-74,223073,Holofoil,202.87,156.0,242.69,1500.0,237.72
2025-03-06,swsh45sv-SV107,232496,Holofoil,120.0,118.47,143.79,349.95,124.99
2025-03-06,swsh7-204,246693,Holofoil,33.09,26.0,36.99,100.0,42.66
2025-03-06,swsh7-205,246696,Holofoil,447.5,375.22,492.58,699.69,492.91
2025-03-06,swsh7-208,246755,Holofoil,26.04,18.0,30.0,59.69,35.92
2025-03-06,swsh7-209,246756,Holofoil,366.85,349.95,419.4,799.99,419.79
2025-03-06,swsh7-211,246702,Holofoil,40.98,37.0,42.99,130.0,69.68
2025-03-06,swsh7-212,246704,Holofoil,418.41,389.99,491.99,850.78,488.99
2025-03-06,swsh7-215,246723,Holofoil,1699.93,1000.0,1925.0,2395.0,1860.95
2025-03-06,swsh7-218,246733,Holofoil,797.64,750.0,884.99,1374.46,884.99
2025-03-06,swsh7-41,246753,Holofoil,4.68,3.45,4.99,89.0,5.48
2025-03-06,swsh7-65,246690,Holofoil,9.49,5.19,10.0,500.0,14.98
2025-03-06,swsh7-75,246701,Holofoil,9.65,7.73,10.0,50.0,10.9
2025-03-06,swsh7-8,246691,Holofoil,5.19,3.5,5.19,50.0,6.54
2025-03-06,swsh8-271,253266,Holofoil,716.51,599.99,793.99,1799.0,699.95
2025-03-06,swsh9-154,263873,Holofoil,206.13,198.0,238.99,1500.0,209.86
2025-03-07,base1-15,42355,Holofoil,123.68,75.0,124.99,300.0,
2025-03-07,base1-16,42356,Holofoil,38.91,24.0,35.1,77.99,19.2
2025-03-07,base1-2,42360,Holofoil,166.12,109.9,151.98,259.15,
2025-03-07,base1-4,42382,Holofoil,449.77,330.0,550.35,1249.99,
2025-03-07,base1-58,42402,Normal,2.95,0.5,2.48,9999.0,2.51
2025-03-07,cel25c-4,250320,Holofoil,90.53,89.26,110.0,250.0,60.49
2025-03-07,gym2-2,83861,Unlimited Holofoil,310.79,300.0,439.99,599.0,
2025-03-07,neo1-9,86903,1st Edition Holofoil,1003.99,716.26,1833.13,2950.0,
2025-03-07,neo1-9,86903,Unlimited Holofoil,352.94,348.71,357.95,500.0,
2025-03-07,sl-151-bundle,502000,Normal,63.65,59.7,69.84,200.0,
2025-03-07,sl-151-etb,503313,Normal,206.21,200.0,244.96,4999.99,
2025-03-07,sl-151-upc,502005,Normal,335.29,345.0,399.98,4999.99,
2025-03-07,sl-ar-box,265519,Normal,247.58,250.0,299.95,1999.99,
2025-03-07,sl-bs-box,256141,Normal,288.85,299.0,349.99,999.99,
2025-03-07,sl-cel-upc,245140,Normal,426.85,460.0,500.0,1499.95,
2025-03-07,sl-champ-etb,218791,Normal,121.89,117.99,149.95,399.99,
2025-03-07,sl-cz-etb,453470,Normal,120.38,115.0,140.0,1999.99,
2025-03-07,sl-evs-box,242436,Normal,1288.6,1295.0,1800.1,9999.99,
2025-03-07,sl-evs-etb,243721,Normal,469.23,465.0,499.99,989.89,
2025-03-07,sl-fs-box,247654,Normal,455.7,484.99,592.85,1147.99,
2025-03-07,sl-hf-etb,194729,Normal,266.71,266.55,300.0,500.0,
2025-03-07,sl-jp-151,565243,Normal,143.01,139.0,160.0,399.99,
2025-03-07,sl-jp-terastal,603428,Normal,115.01,117.0,120.0,170.0,
2025-03-07,sl-jt-box,610931,Normal,221.23,220.95,244.32,279.99,
2025-03-07,sl-lo-box,277324,Normal,366.83,395.95,473.8,1299.99,
2025-03-07,sl-obf-box,501257,Normal,186.82,179.99,220.0,999.99,
2025-03-07,sl-pe-etb,593355,Normal,138.12,130.0,149.99,289.99,
2025-03-07,sl-pe-spc,622770,Normal,,900.0,950.0,1000.0,
2025-03-07,sl-pf-etb,528040,Normal,116.64,104.76,119.95,209.98,
2025-03-07,sl-shf-etb,228821,Normal,73.3,62.98,80.69,499.99,
2025-03-07,sl-ss-box,565606,Normal,258.09,250.0,289.99,4999.99,
2025-03-07,sl-st-box,283389,Normal,254.47,245.45,300.0,1199.99,
2025-03-07,sl-tf-box,536225,Normal,176.25,172.0,200.0,400.0,
2025-03-07,sv2-185,497557,Normal,0.27,0.01,0.28,4.99,
2025-03-07,sv2-185,497557,Reverse Holofoil,1.68,0.18,1.3,9.99,1.68
2025-03-07,sv2-254,497669,Holofoil,18.77,15.0,20.8,100.0,24.27
2025-03-07,sv2-269,497689,Holofoil,66.02,60.0,74.0,259.99,69.98
2025-03-07,sv3pt5-151,516566,Holofoil,7.22,5.0,8.55,40.0,10.49
2025-03-07,sv3pt5-199,517045,Holofoil,294.07,269.0,330.0,1925.0,344.99
2025-03-07,sv3pt5-205,517051,Holofoil,15.05,12.0,16.0,55.0,19.87
2025-03-07,sv3pt5-4,502555,Normal,0.09,0.01,0.15,4.95,0.05
2025-03-07,sv3pt5-4,502555,Reverse Holofoil,0.35,0.08,0.3,10.0,0.25
2025-03-07,sv3pt5-6,502558,Holofoil,5.66,3.75,6.0,26.0,7.55
2025-03-07,sv3pt5-7,502548,Normal,0.11,0.01,0.15,15.0,
2025-03-07,sv3pt5-7,502548,Reverse Holofoil,0.21,0.01,0.25,4.95,
2025-03-07,sv4pt5-234,535090,Holofoil,204.68,181.49,215.0,499.98,299.99
2025-03-07,sv4pt5-54,534416,Holofoil,2.74,1.75,3.0,100.0,4.11
2025-03-07,sv8-57,590025,Holofoil,6.99,5.5,7.68,25.0,7.87
2025-03-07,sv8pt5-149,610504,Holofoil,308.99,275.0,374.47,799.95,373.99
2025-03-07,sv8pt5-155,610510,Holofoil,429.01,420.0,447.99,899.95,
2025-03-07,sv8pt5-156,610511,Holofoil,459.85,473.99,522.95,899.95,649.9
2025-03-07,sv8pt5-161,610516,Holofoil,1594.56,1430.0,1594.56,3000.0,
2025-03-07,sv8pt5-167,610522,Holofoil,228.07,220.83,249.99,399.99,
2025-03-07,sv8pt5-179,610534,Holofoil,95.84,84.0,99.99,325.0,
2025-03-07,sv8pt5-28,610383,Holofoil,1.82,0.8,1.95,15.98,
2025-03-07,sv8pt5-47,610402,Normal,0.05,0.01,0.1,10.0,0.05
2025-03-07,sv8pt5-47,610402,Reverse Holofoil,0.11,0.02,0.15,4.95,0.09
2025-03-07,sv8pt5-59,610414,Holofoil,0.33,0.01,0.4,19.99,0.99
2025-03-07,sv8pt5-59,610414,Reverse Holofoil,1.1,0.65,1.24,69.0,1.11
2025-03-07,sv8pt5-60,610415,Holofoil,8.57,7.0,11.4,40.0,
2025-03-07,svp-085,518861,Normal,350.21,350.0,449.97,750.0,399.98
2025-03-07,swsh11-186,284137,Holofoil,686.86,484.45,700.0,1269.69,689.9
2025-03-07,swsh12-186,451834,Holofoil,299.45,272.94,345.0,699.95,294.99
2025-03-07,swsh12pt5gg-GG69,478100,Holofoil,209.41,197.99,221.28,499.99,204.0
2025-03-07,swsh35-25,223018,Normal,0.12,0.03,0.18,1.49,
2025-03-07,swsh35-25,223018,Reverse Holofoil,0.3,0.09,0.3,2.0,
2025-03-07,swsh35-74,223073,Holofoil,202.87,156.0,242.49,1500.0,237.72
2025-03-07,swsh45sv-SV107,232496,Holofoil,119.95,118.47,135.8,349.95,124.98
2025-03-07,swsh7-204,246693,Holofoil,33.09,26.0,37.52,100.0,42.66
2025-03-07,swsh7-205,246696,Holofoil,447.5,375.22,492.92,699.69,492.91
2025-03-07,swsh7-208,246755,Holofoil,25.52,18.0,30.0,59.69,32.15
2025-03-07,swsh7-209,246756,Holofoil,366.85,349.95,414.24,799.99,375.15
2025-03-07,swsh7-211,246702,Holofoil,40.98,36.99,42.99,130.0,61.5
2025-03-07,swsh7-212,246704,Holofoil,424.41,389.99,489.0,850.78,488.89
2025-03-07,swsh7-215,246723,Holofoil,1699.93,1000.0,1894.44,2395.0,1860.95
2025-03-07,swsh7-218,246733,Holofoil,802.36,504.99,885.39,1385.05,889.99
2025-03-07,swsh7-41,246753,Holofoil,4.82,3.45,4.99,89.0,5.48
2025-03-07,swsh7-65,246690,Holofoil,9.55,5.19,10.0,500.0,9.97
2025-03-07,swsh7-75,246701,Holofoil,9.97,7.73,10.0,50.0,10.89
2025-03-07,swsh7-8,246691,Holofoil,5.37,3.9,5.17,50.0,6.54
2025-03-07,swsh8-271,253266,Holofoil,708.75,575.0,793.5,1799.0,699.95
2025-03-07,swsh9-154,263873,Holofoil,207.09,198.0,236.99,1500.0,219.99
2025-03-08,base1-15,42355,Holofoil,123.68,76.45,124.99,300.0,
2025-03-08,base1-16,42356,Holofoil,38.91,22.64,33.35,77.99,
2025-03-08,base1-2,42360,Holofoil,166.12,92.47,149.99,257.42,
2025-03-08,base1-4,42382,Holofoil,449.77,330.0,550.0,1249.99,
2025-03-08,base1-58,42402,Normal,3.03,0.49,2.44,9999.0,
2025-03-08,cel25c-4,250320,Holofoil,90.92,89.19,110.0,250.0,102.89
2025-03-08,gym2-2,83861,Unlimited Holofoil,310.79,300.0,439.99,599.0,
2025-03-08,neo1-9,86903,1st Edition Holofoil,1003.99,680.45,1815.23,2950.0,
2025-03-08,neo1-9,86903,Unlimited Holofoil,352.94,344.92,357.95,600.0,
2025-03-08,sl-151-bundle,502000,Normal,64.42,53.0,69.93,200.0,
2025-03-08,sl-151-etb,503313,Normal,205.89,200.0,239.98,4999.99,
2025-03-08,sl-151-upc,502005,Normal,336.71,320.0,399.99,4999.99,
2025-03-08,sl-ar-box,265519,Normal,247.58,250.0,299.95,1999.99,
2025-03-08,sl-bs-box,256141,Normal,289.26,299.0,345.56,999.99,
2025-03-08,sl-cel-upc,245140,Normal,426.85,460.0,500.0,1499.95,
2025-03-08,sl-champ-etb,218791,Normal,113.7,80.0,149.94,399.99,
2025-03-08,sl-cz-etb,453470,Normal,116.12,111.4,130.0,1999.99,
2025-03-08,sl-evs-box,242436,Normal,1288.6,1295.0,1800.1,9999.99,
2025-03-08,sl-evs-etb,243721,Normal,469.23,465.0,500.0,989.89,
2025-03-08,sl-fs-box,247654,Normal,464.7,472.98,585.75,1147.99,
2025-03-08,sl-hf-etb,194729,Normal,268.47,284.91,302.5,500.0,
2025-03-08,sl-jp-151,565243,Normal,143.53,139.99,157.99,399.99,
2025-03-08,sl-jp-terastal,603428,Normal,115.32,117.0,120.0,170.0,
2025-03-08,sl-jt-box,610931,Normal,227.33,215.0,244.25,279.99,
2025-03-08,sl-lo-box,277324,Normal,366.83,390.0,452.97,1299.99,
2025-03-08,sl-obf-box,501257,Normal,185.42,175.0,220.0,999.99,
2025-03-08,sl-pe-etb,593355,Normal,138.83,133.5,149.97,289.99,
2025-03-08,sl-pe-spc,622770,Normal,,524.98,722.99,724.98,
2025-03-08,sl-pf-etb,528040,Normal,117.3,105.98,119.99,209.98,
2025-03-08,sl-shf-etb,228821,Normal,72.26,68.5,85.5,499.99,
2025-03-08,sl-ss-box,565606,Normal,259.16,255.0,290.0,4999.99,
2025-03-08,sl-st-box,283389,Normal,252.95,245.45,300.0,1199.99,
2025-03-08,sl-tf-box,536225,Normal,175.61,173.0,200.0,400.0,
2025-03-08,sv2-185,497557,Normal,0.31,0.01,0.3,4.99,
2025-03-08,sv2-185,497557,Reverse Holofoil,1.66,0.18,1.33,9.99,0.81
2025-03-08,sv2-254,497669,Holofoil,19.04,14.0,20.0,100.0,24.74
2025-03-08,sv2-269,497689,Holofoil,66.81,64.61,74.99,259.99,69.98
2025-03-08,sv3pt5-151,516566,Holofoil,7.02,5.0,8.45,40.0,10.49
2025-03-08,sv3pt5-199,517045,Holofoil,290.6,263.7,330.0,1925.0,
2025-03-08,sv3pt5-205,517051,Holofoil,15.14,12.0,15.99,55.0,19.86
2025-03-08,sv3pt5-4,502555,Normal,0.1,0.01,0.15,4.95,
2025-03-08,sv3pt5-4,502555,Reverse Holofoil,0.36,0.08,0.3,10.0,
2025-03-08,sv3pt5-6,502558,Holofoil,5.86,3.75,6.0,26.0,6.01
2025-03-08,sv3pt5-7,502548,Normal,0.12,0.01,0.15,15.0,
2025-03-08,sv3pt5-7,502548,Reverse Holofoil,0.2,0.09,0.25,4.95,
2025-03-08,sv4pt5-234,535090,Holofoil,203.67,180.86,215.0,499.98,299.99
2025-03-08,sv4pt5-54,534416,Holofoil,3.02,1.75,3.05,100.0,3.06
2025-03-08,sv8-57,590025,Holofoil,6.62,5.0,7.58,25.0,
2025-03-08,sv8pt5-149,610504,Holofoil,308.99,275.0,361.98,799.95,373.99
2025-03-08,sv8pt5-155,610510,Holofoil,429.01,420.0,447.99,899.95,
2025-03-08,sv8pt5-156,610511,Holofoil,459.85,459.85,524.99,899.95,649.9
2025-03-08,sv8pt5-161,610516,Holofoil,1584.64,1430.0,1600.0,3000.0,
2025-03-08,sv8pt5-167,610522,Holofoil,229.09,220.83,250.0,358.95,
2025-03-08,sv8pt5-179,610534,Holofoil,92.83,87.99,100.0,325.0,
2025-03-08,sv8pt5-28,610383,Holofoil,1.95,0.99,2.0,20.0,
2025-03-08,sv8pt5-47,610402,Normal,0.05,0.01,0.1,10.0,0.05
2025-03-08,sv8pt5-47,610402,Reverse Holofoil,0.1,0.02,0.15,4.95,0.09
2025-03-08,sv8pt5-59,610414,Holofoil,0.52,0.01,0.4,19.99,0.99
2025-03-08,sv8pt5-59,610414,Reverse Holofoil,1.02,0.65,1.23,69.0,
2025-03-08,sv8pt5-60,610415,Holofoil,8.95,7.75,11.09,40.0,
2025-03-08,svp-085,518861,Normal,350.21,300.0,449.99,750.0,399.98
2025-03-08,swsh11-186,284137,Holofoil,686.86,484.45,699.99,1269.69,689.9
2025-03-08,swsh12-186,451834,Holofoil,295.66,249.99,332.02,699.95,294.99
2025-03-08,swsh12pt5gg-GG69,478100,Holofoil,209.57,197.32,220.0,499.99,213.41
2025-03-08,swsh35-25,223018,Normal,0.12,0.03,0.18,1.49,
2025-03-08,swsh35-25,223018,Reverse Holofoil,0.3,0.09,0.3,2.0,
2025-03-08,swsh35-74,223073,Holofoil,202.87,156.0,242.49,1500.0,237.72
2025-03-08,swsh45sv-SV107,232496,Holofoil,119.8,118.47,133.75,349.95,124.98
2025-03-08,swsh7-204,246693,Holofoil,33.36,26.0,38.05,100.0,42.65
2025-03-08,swsh7-205,246696,Holofoil,447.5,375.22,492.92,699.69,492.91
2025-03-08,swsh7-208,246755,Holofoil,25.81,18.0,30.0,59.69,32.1
2025-03-08,swsh7-209,246756,Holofoil,366.85,348.95,409.99,799.99,375.15
2025-03-08,swsh7-211,246702,Holofoil,42.08,36.99,43.99,130.0,69.68
2025-03-08,swsh7-212,246704,Holofoil,424.41,389.99,489.0,850.78,488.89
2025-03-08,swsh7-215,246723,Holofoil,1643.04,1399.0,1903.73,2395.0,1860.95
2025-03-08,swsh7-218,246733,Holofoil,802.36,504.99,860.39,1366.2,889.99
2025-03-08,swsh7-41,246753,Holofoil,4.76,3.4,5.0,89.0,5.48
2025-03-08,swsh7-65,246690,Holofoil,9.75,5.19,10.0,500.0,14.62
2025-03-08,swsh7-75,246701,Holofoil,10.22,7.73,10.0,50.0,10.9
2025-03-08,swsh7-8,246691,Holofoil,5.2,3.9,5.3,50.0,6.54
2025-03-08,swsh8-271,253266,Holofoil,706.91,575.0,759.99,1799.0,699.95
2025-03-08,swsh9-154,263873,Holofoil,207.09,198.0,238.98,1500.0,219.99
2025-03-09,base1-15,42355,Holofoil,123.68,76.45,123.68,300.0,
2025-03-09,base1-16,42356,Holofoil,38.91,22.64,33.85,77.99,
2025-03-09,base1-2,42360,Holofoil,166.12,92.47,149.95,256.93,
2025-03-09,base1-4,42382,Holofoil,449.77,325.0,525.0,1249.99,
2025-03-09,base1-58,42402,Normal,3.08,0.49,2.28,9999.0,
2025-03-09,cel25c-4,250320,Holofoil,90.5,89.48,110.08,250.0,102.9
2025-03-09,gym2-2,83861,Unlimited Holofoil,310.79,300.0,439.99,599.0,
2025-03-09,neo1-9,86903,1st Edition Holofoil,1003.99,680.45,1815.23,2950.0,
2025-03-09,neo1-9,86903,Unlimited Holofoil,352.94,285.0,355.91,500.0,
2025-03-09,sl-151-bundle,502000,Normal,63.22,53.0,69.99,200.0,
2025-03-09,sl-151-etb,503313,Normal,207.05,200.0,235.0,4999.99,
2025-03-09,sl-151-upc,502005,Normal,336.39,320.0,400.0,4999.99,
2025-03-09,sl-ar-box,265519,Normal,254.78,250.0,294.97,1999.99,
2025-03-09,sl-bs-box,256141,Normal,291.64,299.0,318.24,999.99,
2025-03-09,sl-cel-upc,245140,Normal,426.85,460.0,500.0,1499.95,
2025-03-09,sl-champ-etb,218791,Normal,125.33,117.99,149.97,399.99,
2025-03-09,sl-cz-etb,453470,Normal,119.65,116.99,130.0,1999.99,
2025-03-09,sl-evs-box,242436,Normal,1288.6,1295.0,1799.19,9999.99,
2025-03-09,sl-evs-etb,243721,Normal,469.23,465.0,500.0,989.89,
2025-03-09,sl-fs-box,247654,Normal,464.7,472.98,585.75,1147.99,
2025-03-09,sl-hf-etb,194729,Normal,273.06,284.91,310.0,500.0,
2025-03-09,sl-jp-151,565243,Normal,143.34,139.99,159.0,399.99,
2025-03-09,sl-jp-terastal,603428,Normal,118.38,118.87,120.0,170.0,
2025-03-09,sl-jt-box,610931,Normal,248.07,243.8,247.83,279.99,
2025-03-09,sl-lo-box,277324,Normal,377.03,390.0,473.8,1299.99,
2025-03-09,sl-obf-box,501257,Normal,188.27,188.27,220.0,999.99,
2025-03-09,sl-pe-etb,593355,Normal,138.58,130.99,148.0,289.99,
2025-03-09,sl-pe-spc,622770,Normal,522.31,520.97,520.98,524.98,
2025-03-09,sl-pf-etb,528040,Normal,117.33,105.98,119.99,209.98,
2025-03-09,sl-shf-etb,228821,Normal,72.6,69.84,86.5,499.99,
2025-03-09,sl-ss-box,565606,Normal,263.23,249.9,290.0,4999.99,
2025-03-09,sl-st-box,283389,Normal,253.19,245.45,300.0,1199.99,
2025-03-09,sl-tf-box,536225,Normal,176.01,173.0,200.0,400.0,
2025-03-09,sv2-185,497557,Normal,0.31,0.01,0.3,4.95,
2025-03-09,sv2-185,497557,Reverse Holofoil,1.69,0.18,1.35,9.99,4.77
2025-03-09,sv2-254,497669,Holofoil,19.45,15.0,20.82,100.0,25.58
2025-03-09,sv2-269,497689,Holofoil,68.16,64.61,75.0,259.99,
2025-03-09,sv3pt5-151,516566,Holofoil,7.67,5.0,8.45,40.0,9.11
2025-03-09,sv3pt5-199,517045,Holofoil,287.79,239.99,330.23,1125.0,
2025-03-09,sv3pt5-205,517051,Holofoil,16.07,9.99,15.86,55.0,13.43
2025-03-09,sv3pt5-4,502555,Normal,0.1,0.01,0.15,4.95,
2025-03-09,sv3pt5-4,502555,Reverse Holofoil,0.34,0.08,0.3,10.0,
2025-03-09,sv3pt5-6,502558,Holofoil,6.16,3.75,6.0,26.0,6.2
2025-03-09,sv3pt5-7,502548,Normal,0.12,0.01,0.15,15.0,
2025-03-09,sv3pt5-7,502548,Reverse Holofoil,0.2,0.09,0.25,4.95,
2025-03-09,sv4pt5-234,535090,Holofoil,203.67,180.86,214.99,499.98,299.99
2025-03-09,sv4pt5-54,534416,Holofoil,2.98,1.0,3.04,100.0,4.3
2025-03-09,sv8-57,590025,Holofoil,5.99,5.2,7.5,25.0,
2025-03-09,sv8pt5-149,610504,Holofoil,307.79,308.88,373.99,799.95,373.99
2025-03-09,sv8pt5-155,610510,Holofoil,429.01,419.0,440.0,899.95,
2025-03-09,sv8pt5-156,610511,Holofoil,460.29,459.85,524.99,899.95,599.99
2025-03-09,sv8pt5-161,610516,Holofoil,1584.64,1449.97,1600.0,3000.0,
2025-03-09,sv8pt5-167,610522,Holofoil,229.09,220.83,250.0,360.82,
2025-03-09,sv8pt5-179,610534,Holofoil,93.35,85.0,100.0,325.0,
2025-03-09,sv8pt5-28,610383,Holofoil,1.59,0.9,1.99,20.0,
2025-03-09,sv8pt5-47,610402,Normal,0.05,0.01,0.1,10.0,0.05
2025-03-09,sv8pt5-47,610402,Reverse Holofoil,0.11,0.02,0.15,4.95,0.09
2025-03-09,sv8pt5-59,610414,Holofoil,0.54,0.01,0.47,19.99,
2025-03-09,sv8pt5-59,610414,Reverse Holofoil,0.86,0.59,1.22,69.0,
2025-03-09,sv8pt5-60,610415,Holofoil,8.27,7.25,11.0,40.0,
2025-03-09,svp-085,518861,Normal,350.21,299.95,444.97,750.0,399.98
2025-03-09,swsh11-186,284137,Holofoil,677.82,484.45,699.99,1269.69,689.89
2025-03-09,swsh12-186,451834,Holofoil,296.46,249.99,350.0,699.95,371.55
2025-03-09,swsh12pt5gg-GG69,478100,Holofoil,209.29,197.32,219.63,499.99,213.57
2025-03-09,swsh35-25,223018,Normal,0.12,0.03,0.18,1.49,
2025-03-09,swsh35-25,223018,Reverse Holofoil,0.3,0.09,0.3,2.0,
2025-03-09,swsh35-74,223073,Holofoil,202.87,156.0,242.59,1500.0,237.72
2025-03-09,swsh45sv-SV107,232496,Holofoil,119.82,118.47,132.46,445.06,124.99
2025-03-09,swsh7-204,246693,Holofoil,33.36,26.0,36.0,100.0,42.65
2025-03-09,swsh7-205,246696,Holofoil,448.02,375.22,492.91,699.65,492.91
2025-03-09,swsh7-208,246755,Holofoil,25.81,18.0,30.0,48.95,32.52
2025-03-09,swsh7-209,246756,Holofoil,366.29,348.95,404.0,799.99,418.49
2025-03-09,swsh7-211,246702,Holofoil,42.08,36.99,43.99,130.0,69.68
2025-03-09,swsh7-212,246704,Holofoil,424.27,389.99,489.0,850.78,488.98
2025-03-09,swsh7-215,246723,Holofoil,1647.08,1000.0,1899.99,2395.0,1860.95
2025-03-09,swsh7-218,246733,Holofoil,788.88,725.0,806.18,1340.77,889.99
2025-03-09,swsh7-41,246753,Holofoil,4.75,3.4,4.99,89.0,5.48
2025-03-09,swsh7-65,246690,Holofoil,9.65,5.19,10.0,500.0,12.4
2025-03-09,swsh7-75,246701,Holofoil,10.28,7.73,10.1,50.0,9.7
2025-03-09,swsh7-8,246691,Holofoil,5.35,3.9,5.36,50.0,6.53
2025-03-09,swsh8-271,253266,Holofoil,706.91,560.0,749.95,1799.0,699.95
2025-03-09,swsh9-154,263873,Holofoil,206.85,198.0,234.95,1500.0,219.99
2025-03-10,base1-15,42355,Holofoil,123.98,76.45,119.99,300.0,
2025-03-10,base1-16,42356,Holofoil,38.91,24.0,35.1,77.99,25.35
2025-03-10,base1-2,42360,Holofoil,165.01,92.47,137.1,256.39,
2025-03-10,base1-4,42382,Holofoil,449.77,325.0,524.31,1249.99,
2025-03-10,base1-58,42402,Normal,3.05,0.49,2.48,9999.0,1.79
2025-03-10,cel25c-4,250320,Holofoil,90.5,89.48,109.99,250.0,102.9
2025-03-10,gym2-2,83861,Unlimited Holofoil,310.79,300.0,399.99,599.0,
2025-03-10,neo1-9,86903,1st Edition Holofoil,1003.99,680.45,1815.23,2950.0,
2025-03-10,neo1-9,86903,Unlimited Holofoil,352.94,344.92,359.99,500.0,
2025-03-10,sl-151-bundle,502000,Normal,63.73,53.0,69.87,200.0,
2025-03-10,sl-151-etb,503313,Normal,208.47,200.0,222.5,4999.99,
2025-03-10,sl-151-upc,502005,Normal,331.82,345.0,400.0,4999.99,
2025-03-10,sl-ar-box,265519,Normal,259.34,250.0,300.0,1999.99,
2025-03-10,sl-bs-box,256141,Normal,293.31,290.0,344.0,999.99,
2025-03-10,sl-cel-upc,245140,Normal,428.85,460.0,500.0,1499.95,
2025-03-10,sl-champ-etb,218791,Normal,125.33,117.99,149.47,399.99,
2025-03-10,sl-cz-etb,453470,Normal,120.55,116.99,130.0,1999.99,
2025-03-10,sl-evs-box,242436,Normal,1288.4,1265.0,1799.19,9999.99,
2025-03-10,sl-evs-etb,243721,Normal,470.63,465.0,500.0,989.89,
2025-03-10,sl-fs-box,247654,Normal,464.7,462.0,585.35,1127.99,
2025-03-10,sl-hf-etb,194729,Normal,274.66,284.91,310.0,500.0,
2025-03-10,sl-jp-151,565243,Normal,143.87,138.01,159.0,399.99,
2025-03-10,sl-jp-terastal,603428,Normal,119.02,118.87,120.0,170.0,
2025-03-10,sl-jt-box,610931,Normal,245.37,243.8,245.46,279.99,
2025-03-10,sl-lo-box,277324,Normal,376.83,376.83,473.8,1299.99,
2025-03-10,sl-obf-box,501257,Normal,192.64,185.0,220.0,999.99,
2025-03-10,sl-pe-etb,593355,Normal,135.19,125.99,145.0,289.99,
2025-03-10,sl-pe-spc,622770,Normal,521.76,510.9,520.79,520.96,
2025-03-10,sl-pf-etb,528040,Normal,116.87,106.53,119.99,209.98,
2025-03-10,sl-shf-etb,228821,Normal,72.66,70.0,88.12,499.99,
2025-03-10,sl-ss-box,565606,Normal,260.03,254.99,289.94,4999.99,
2025-03-10,sl-st-box,283389,Normal,252.55,240.0,300.0,1199.99,
2025-03-10,sl-tf-box,536225,Normal,176.91,173.0,200.0,400.0,
2025-03-10,sv2-185,497557,Normal,0.25,0.01,0.3,4.95,
2025-03-10,sv2-185,497557,Reverse Holofoil,1.34,0.18,1.29,9.99,3.49
2025-03-10,sv2-254,497669,Holofoil,19.39,15.0,20.1,100.0,17.49
2025-03-10,sv2-269,497689,Holofoil,68.45,64.61,75.0,259.99,
2025-03-10,sv3pt5-151,516566,Holofoil,7.06,5.0,8.29,40.0,6.49
2025-03-10,sv3pt5-199,517045,Holofoil,287.85,263.7,313.37,1500.0,
2025-03-10,sv3pt5-205,517051,Holofoil,14.78,11.0,15.68,55.0,17.92
2025-03-10,sv3pt5-4,502555,Normal,0.1,0.01,0.15,4.95,0.1
2025-03-10,sv3pt5-4,502555,Reverse Holofoil,0.32,0.08,0.31,10.0,
2025-03-10,sv3pt5-6,502558,Holofoil,5.73,4.0,6.0,26.0,5.97
2025-03-10,sv3pt5-7,502548,Normal,0.13,0.01,0.15,15.0,0.09
2025-03-10,sv3pt5-7,502548,Reverse Holofoil,0.21,0.09,0.25,4.95,
2025-03-10,sv4pt5-234,535090,Holofoil,202.12,180.0,212.0,499.98,
2025-03-10,sv4pt5-54,534416,Holofoil,2.74,1.0,3.0,45.0,3.05
2025-03-10,sv8-57,590025,Holofoil,5.92,5.5,7.5,25.0,6.6
2025-03-10,sv8pt5-149,610504,Holofoil,308.29,308.29,361.98,799.95,373.99
2025-03-10,sv8pt5-155,610510,Holofoil,430.69,400.0,433.99,899.95,
2025-03-10,sv8pt5-156,610511,Holofoil,463.2,410.0,524.99,899.95,599.99
2025-03-10,sv8pt5-161,610516,Holofoil,1584.64,1449.97,1599.0,3000.0,
2025-03-10,sv8pt5-167,610522,Holofoil,229.09,220.83,249.99,360.82,
2025-03-10,sv8pt5-179,610534,Holofoil,92.51,85.0,100.0,325.0,
2025-03-10,sv8pt5-28,610383,Holofoil,1.68,0.8,1.97,20.0,
2025-03-10,sv8pt5-47,610402,Normal,0.05,0.01,0.1,10.0,0.05
2025-03-10,sv8pt5-47,610402,Reverse Holofoil,0.11,0.02,0.15,4.95,0.1
2025-03-10,sv8pt5-59,610414,Holofoil,0.39,0.01,0.45,19.99,0.99
2025-03-10,sv8pt5-59,610414,Reverse Holofoil,0.89,0.59,1.22,69.0,
2025-03-10,sv8pt5-60,610415,Holofoil,8.22,6.0,10.99,40.0,
2025-03-10,svp-085,518861,Normal,350.21,299.95,439.94,750.0,399.98
2025-03-10,swsh11-186,284137,Holofoil,677.82,484.45,699.99,1269.69,689.49
2025-03-10,swsh12-186,451834,Holofoil,294.5,270.0,349.99,699.95,367.55
2025-03-10,swsh12pt5gg-GG69,478100,Holofoil,208.68,189.95,219.14,499.99,227.95
2025-03-10,swsh35-25,223018,Normal,0.11,0.03,0.17,1.49,0.06
2025-03-10,swsh35-25,223018,Reverse Holofoil,0.31,0.09,0.3,2.0,
2025-03-10,swsh35-74,223073,Holofoil,200.23,156.0,242.71,1500.0,242.47
2025-03-10,swsh45sv-SV107,232496,Holofoil,122.22,117.99,131.95,445.06,124.99
2025-03-10,swsh7-204,246693,Holofoil,33.36,26.0,37.53,100.0,42.65
2025-03-10,swsh7-205,246696,Holofoil,447.02,375.22,492.91,699.65,492.91
2025-03-10,swsh7-208,246755,Holofoil,25.81,18.0,30.0,48.95,32.52
2025-03-10,swsh7-209,246756,Holofoil,366.29,270.0,401.26,799.99,418.49
2025-03-10,swsh7-211,246702,Holofoil,42.08,36.99,44.0,130.0,69.68
2025-03-10,swsh7-212,246704,Holofoil,420.23,299.99,488.99,850.78,488.98
2025-03-10,swsh7-215,246723,Holofoil,1523.12,1000.0,1860.95,2395.0,1860.95
2025-03-10,swsh7-218,246733,Holofoil,788.88,725.0,806.18,1346.92,889.99
2025-03-10,swsh7-41,246753,Holofoil,4.93,2.0,4.99,89.0,5.97
2025-03-10,swsh7-65,246690,Holofoil,9.61,5.19,10.0,500.0,8.71
2025-03-10,swsh7-75,246701,Holofoil,10.36,7.73,10.17,50.0,9.75
2025-03-10,swsh7-8,246691,Holofoil,5.01,3.9,5.32,50.0,5.27
2025-03-10,swsh8-271,253266,Holofoil,693.31,602.98,749.95,1799.0,699.95
2025-03-10,swsh9-154,263873,Holofoil,208.8,180.0,234.93,1500.0,219.99
2025-03-11,base1-15,42355,Holofoil,123.98,76.45,122.49,300.0,
2025-03-11,base1-16,42356,Holofoil,38.91,23.43,35.1,77.99,32.7
2025-03-11,base1-2,42360,Holofoil,165.01,99.41,149.25,256.39,
2025-03-11,base1-4,42382,Holofoil,449.77,324.0,524.31,1249.99,
2025-03-11,base1-58,42402,Normal,2.99,0.49,2.49,9999.0,
2025-03-11,cel25c-4,250320,Holofoil,91.37,86.69,110.0,250.0,102.91
2025-03-11,gym2-2,83861,1st Edition Holofoil,923.15,500.0,500.0,500.0,
2025-03-11,gym2-2,83861,Unlimited Holofoil,310.79,300.0,399.99,599.0,
2025-03-11,neo1-9,86903,1st Edition Holofoil,1003.99,680.45,1815.23,2950.0,
2025-03-11,neo1-9,86903,Unlimited Holofoil,352.94,344.92,359.99,500.0,
2025-03-11,sl-151-bundle,502000,Normal,65.34,53.0,69.99,200.0,
2025-03-11,sl-151-etb,503313,Normal,207.12,200.0,225.0,4999.99,
2025-03-11,sl-151-upc,502005,Normal,337.23,337.23,400.0,4999.99,
2025-03-11,sl-ar-box,265519,Normal,261.94,260.0,300.0,1999.99,
2025-03-11,sl-bs-box,256141,Normal,296.21,290.0,348.55,999.99,
2025-03-11,sl-cel-upc,245140,Normal,431.85,465.0,500.0,1499.95,
2025-03-11,sl-champ-etb,218791,Normal,124.85,109.99,149.94,399.99,
2025-03-11,sl-cz-etb,453470,Normal,122.25,116.99,139.99,1999.99,
2025-03-11,sl-evs-box,242436,Normal,1297.8,1275.0,1799.98,9999.99,
2025-03-11,sl-evs-etb,243721,Normal,469.83,475.0,500.0,989.89,
2025-03-11,sl-fs-box,247654,Normal,466.78,462.0,549.97,1127.99,
2025-03-11,sl-hf-etb,194729,Normal,274.66,284.91,310.0,500.0,
2025-03-11,sl-jp-151,565243,Normal,144.87,143.02,160.0,399.99,
2025-03-11,sl-jp-terastal,603428,Normal,117.78,115.0,120.0,170.0,
2025-03-11,sl-jt-box,610931,Normal,245.18,242.84,245.38,279.99,
2025-03-11,sl-lo-box,277324,Normal,388.9,385.0,473.8,1299.99,
2025-03-11,sl-obf-box,501257,Normal,192.94,185.0,220.0,999.99,
2025-03-11,sl-pe-etb,593355,Normal,139.33,133.5,148.0,289.99,
2025-03-11,sl-pe-spc,622770,Normal,521.25,494.0,504.43,520.96,
2025-03-11,sl-pf-etb,528040,Normal,117.28,99.99,119.99,209.98,
2025-03-11,sl-shf-etb,228821,Normal,72.43,70.0,89.62,499.99,
2025-03-11,sl-ss-box,565606,Normal,263.49,254.99,289.92,4999.99,
2025-03-11,sl-st-box,283389,Normal,251.91,240.0,300.0,1199.99,
2025-03-11,sl-tf-box,536225,Normal,177.57,173.0,200.0,400.0,
2025-03-11,sv2-185,497557,Normal,0.2,0.01,0.29,4.95,
2025-03-11,sv2-185,497557,Reverse Holofoil,0.99,0.18,1.19,9.99,0.35
2025-03-11,sv2-254,497669,Holofoil,19.34,15.0,20.31,100.0,14.91
2025-03-11,sv2-269,497689,Holofoil,68.45,64.61,75.0,259.99,69.99
2025-03-11,sv3pt5-151,516566,Holofoil,8.07,5.0,8.23,40.0,11.99
2025-03-11,sv3pt5-199,517045,Holofoil,283.49,255.12,315.0,1500.0,
2025-03-11,sv3pt5-205,517051,Holofoil,14.8,11.0,15.59,75.35,19.95
2025-03-11,sv3pt5-4,502555,Normal,0.11,0.01,0.15,4.95,0.11
2025-03-11,sv3pt5-4,502555,Reverse Holofoil,0.35,0.08,0.32,10.0,
2025-03-11,sv3pt5-6,502558,Holofoil,5.19,4.0,6.0,29.65,6.01
2025-03-11,sv3pt5-7,502548,Normal,0.13,0.01,0.15,15.0,
2025-03-11,sv3pt5-7,502548,Reverse Holofoil,0.23,0.09,0.25,4.95,0.14
2025-03-11,sv4pt5-234,535090,Holofoil,201.14,180.0,209.99,499.98,
2025-03-11,sv4pt5-54,534416,Holofoil,2.69,1.0,3.0,45.0,4.3
2025-03-11,sv8-57,590025,Holofoil,6.86,5.0,7.44,25.0,8.6
2025-03-11,sv8pt5-149,610504,Holofoil,308.6,300.0,361.98,799.95,373.99
2025-03-11,sv8pt5-155,610510,Holofoil,430.69,400.0,433.5,899.95,
2025-03-11,sv8pt5-156,610511,Holofoil,457.48,400.0,525.0,899.95,550.0
2025-03-11,sv8pt5-161,610516,Holofoil,1574.6,1449.97,1584.64,3000.0,
2025-03-11,sv8pt5-167,610522,Holofoil,229.09,225.0,249.99,360.82,
2025-03-11,sv8pt5-179,610534,Holofoil,91.7,90.0,100.0,325.0,
2025-03-11,sv8pt5-28,610383,Holofoil,1.59,0.99,1.99,20.0,2.64
2025-03-11,sv8pt5-47,610402,Normal,0.04,0.01,0.1,10.0,0.05
2025-03-11,sv8pt5-47,610402,Reverse Holofoil,0.11,0.02,0.15,4.95,0.1
2025-03-11,sv8pt5-59,610414,Holofoil,0.49,0.01,0.43,19.99,0.99
2025-03-11,sv8pt5-59,610414,Reverse Holofoil,0.83,0.7,1.22,69.0,
2025-03-11,sv8pt5-60,610415,Holofoil,7.48,7.0,10.53,40.0,
2025-03-11,svp-085,518861,Normal,351.01,299.95,410.21,750.0,399.98
2025-03-11,swsh11-186,284137,Holofoil,675.28,474.99,694.98,1269.69,689.44
2025-03-11,swsh12-186,451834,Holofoil,293.82,268.0,350.0,699.95,363.55
2025-03-11,swsh12pt5gg-GG69,478100,Holofoil,209.43,189.95,219.75,499.99,228.9
2025-03-11,swsh35-25,223018,Normal,0.11,0.03,0.17,1.25,0.08
2025-03-11,swsh35-25,223018,Reverse Holofoil,0.31,0.09,0.3,2.0,
2025-03-11,swsh35-74,223073,Holofoil,200.46,156.0,242.81,1500.0,242.47
2025-03-11,swsh45sv-SV107,232496,Holofoil,122.56,118.0,131.95,445.06,124.99
2025-03-11,swsh7-204,246693,Holofoil,33.36,26.0,36.5,100.0,42.65
2025-03-11,swsh7-205,246696,Holofoil,447.02,375.22,481.15,699.65,449.99
2025-03-11,swsh7-208,246755,Holofoil,25.81,18.0,30.0,48.95,32.52
2025-03-11,swsh7-209,246756,Holofoil,366.25,270.0,400.0,799.99,398.99
2025-03-11,swsh7-211,246702,Holofoil,43.42,36.99,43.99,130.0,69.68
2025-03-11,swsh7-212,246704,Holofoil,424.27,280.0,488.98,850.78,488.98
2025-03-11,swsh7-215,246723,Holofoil,1493.28,1000.0,1870.47,2395.0,1860.95
2025-03-11,swsh7-218,246733,Holofoil,810.91,504.99,827.49,1346.92,889.99
2025-03-11,swsh7-41,246753,Holofoil,5.03,2.0,4.99,89.0,6.06
2025-03-11,swsh7-65,246690,Holofoil,10.13,5.19,9.99,500.0,13.3
2025-03-11,swsh7-75,246701,Holofoil,10.69,7.73,10.32,50.0,10.17
2025-03-11,swsh7-8,246691,Holofoil,5.35,3.9,5.37,50.0,6.48
2025-03-11,swsh8-271,253266,Holofoil,694.55,599.99,749.95,1799.0,699.95
2025-03-11,swsh9-154,263873,Holofoil,209.28,198.0,234.96,1500.0,219.99
2025-03-12,base1-15,42355,Holofoil,123.98,76.45,124.99,300.0,
2025-03-12,base1-16,42356,Holofoil,38.98,23.43,34.21,77.99,23.79
2025-03-12,base1-2,42360,Holofoil,170.4,99.41,149.97,256.23,
2025-03-12,base1-4,42382,Holofoil,449.77,324.0,523.62,1249.99,
2025-03-12,base1-58,42402,Normal,2.92,0.49,2.4,9999.0,
2025-03-12,cel25c-4,250320,Holofoil,90.97,89.99,110.0,250.0,102.91
2025-03-12,gym2-2,83861,1st Edition Holofoil,923.15,500.0,500.0,500.0,
2025-03-12,gym2-2,83861,Unlimited Holofoil,312.77,300.0,439.99,599.0,
2025-03-12,neo1-9,86903,1st Edition Holofoil,1003.99,680.45,1815.23,2950.0,
2025-03-12,neo1-9,86903,Unlimited Holofoil,352.94,299.15,359.99,500.0,
2025-03-12,sl-151-bundle,502000,Normal,65.34,53.0,69.99,200.0,
2025-03-12,sl-151-etb,503313,Normal,208.29,190.0,225.0,4999.99,
2025-03-12,sl-151-upc,502005,Normal,342.5,337.23,400.0,4999.99,
2025-03-12,sl-ar-box,265519,Normal,263.14,260.0,300.0,1999.99,
2025-03-12,sl-bs-box,256141,Normal,296.21,285.0,347.11,999.99,
2025-03-12,sl-cel-upc,245140,Normal,433.45,474.98,500.0,1499.95,
2025-03-12,sl-champ-etb,218791,Normal,125.04,117.99,149.99,399.99,
2025-03-12,sl-cz-etb,453470,Normal,124.12,116.99,140.0,1999.99,
2025-03-12,sl-evs-box,242436,Normal,1302.84,1297.5,1800.1,9999.99,
2025-03-12,sl-evs-etb,243721,Normal,469.83,475.0,500.0,989.89,
2025-03-12,sl-fs-box,247654,Normal,469.18,462.0,549.97,1127.99,
2025-03-12,sl-hf-etb,194729,Normal,274.66,289.95,300.0,999.98,
2025-03-12,sl-jp-151,565243,Normal,145.82,143.02,160.0,399.99,
2025-03-12,sl-jp-terastal,603428,Normal,117.14,113.99,120.0,170.0,
2025-03-12,sl-jt-box,610931,Normal,243.93,239.9,244.45,279.99,
2025-03-12,sl-lo-box,277324,Normal,397.15,385.0,473.8,1299.99,
2025-03-12,sl-obf-box,501257,Normal,195.59,190.0,225.0,999.99,
2025-03-12,sl-pe-etb,593355,Normal,136.73,129.0,148.95,289.99,
2025-03-12,sl-pe-spc,622770,Normal,509.67,474.95,500.29,520.96,
2025-03-12,sl-pf-etb,528040,Normal,117.57,106.52,119.99,209.98,
2025-03-12,sl-shf-etb,228821,Normal,73.78,70.0,89.99,999.0,
2025-03-12,sl-ss-box,565606,Normal,260.53,249.0,289.96,4999.99,
2025-03-12,sl-st-box,283389,Normal,252.24,245.45,300.0,1199.99,
2025-03-12,sl-tf-box,536225,Normal,177.27,173.0,200.0,400.0,
2025-03-12,sv2-185,497557,Normal,0.22,0.01,0.29,4.95,
2025-03-12,sv2-185,497557,Reverse Holofoil,0.88,0.18,1.05,9.99,0.5
2025-03-12,sv2-254,497669,Holofoil,19.76,15.0,20.4,100.0,15.01
2025-03-12,sv2-269,497689,Holofoil,68.41,64.61,75.5,259.99,69.99
2025-03-12,sv3pt5-151,516566,Holofoil,8.14,5.0,8.35,40.0,8.9
2025-03-12,sv3pt5-199,517045,Holofoil,274.11,255.12,300.0,1500.0,
2025-03-12,sv3pt5-205,517051,Holofoil,14.95,11.0,15.56,75.35,19.95
2025-03-12,sv3pt5-4,502555,Normal,0.12,0.01,0.15,4.95,
2025-03-12,sv3pt5-4,502555,Reverse Holofoil,0.3,0.08,0.31,10.0,0.25
2025-03-12,sv3pt5-6,502558,Holofoil,5.22,3.99,6.0,29.65,6.27
2025-03-12,sv3pt5-7,502548,Normal,0.13,0.01,0.15,15.0,
2025-03-12,sv3pt5-7,502548,Reverse Holofoil,0.25,0.09,0.25,4.95,0.14
2025-03-12,sv4pt5-234,535090,Holofoil,200.54,180.0,210.0,499.98,180.0
2025-03-12,sv4pt5-54,534416,Holofoil,2.87,1.0,3.0,45.0,2.88
2025-03-12,sv8-57,590025,Holofoil,6.92,5.0,7.5,50.0,8.98
2025-03-12,sv8pt5-149,610504,Holofoil,308.62,307.0,361.98,799.95,373.99
2025-03-12,sv8pt5-155,610510,Holofoil,430.33,400.0,433.5,899.95,
2025-03-12,sv8pt5-156,610511,Holofoil,452.48,405.0,525.0,899.95,550.0
2025-03-12,sv8pt5-161,610516,Holofoil,1570.59,1449.97,1656.15,3000.0,
2025-03-12,sv8pt5-167,610522,Holofoil,229.54,225.0,249.99,360.82,
2025-03-12,sv8pt5-179,610534,Holofoil,91.7,86.2,98.97,325.0,
2025-03-12,sv8pt5-28,610383,Holofoil,1.63,0.99,1.95,20.0,
2025-03-12,sv8pt5-47,610402,Normal,0.04,0.01,0.1,10.0,0.04
2025-03-12,sv8pt5-47,610402,Reverse Holofoil,0.1,0.02,0.13,4.95,0.1
2025-03-12,sv8pt5-59,610414,Holofoil,0.45,0.01,0.45,19.99,1.0
2025-03-12,sv8pt5-59,610414,Reverse Holofoil,0.8,0.5,1.22,69.0,0.8
2025-03-12,sv8pt5-60,610415,Holofoil,7.42,6.66,10.3,40.0,
2025-03-12,svp-085,518861,Normal,349.16,299.95,410.0,750.0,399.98
2025-03-12,swsh11-186,284137,Holofoil,674.48,469.99,694.98,1269.69,689.44
2025-03-12,swsh12-186,451834,Holofoil,291.79,268.0,350.0,699.95,335.49
2025-03-12,swsh12pt5gg-GG69,478100,Holofoil,206.35,187.95,219.99,499.99,254.99
2025-03-12,swsh35-25,223018,Normal,0.11,0.03,0.17,1.25,0.08
2025-03-12,swsh35-25,223018,Reverse Holofoil,0.31,0.09,0.3,2.0,
2025-03-12,swsh35-74,223073,Holofoil,200.46,156.0,242.93,1500.0,242.47
2025-03-12,swsh45sv-SV107,232496,Holofoil,122.82,118.0,131.95,445.06,124.99
2025-03-12,swsh7-204,246693,Holofoil,32.2,25.81,35.0,100.0,42.65
2025-03-12,swsh7-205,246696,Holofoil,447.02,375.22,481.15,699.65,449.99
2025-03-12,swsh7-208,246755,Holofoil,25.62,18.0,30.0,48.95,35.92
2025-03-12,swsh7-209,246756,Holofoil,366.25,270.0,400.0,799.99,398.99
2025-03-12,swsh7-211,246702,Holofoil,43.42,36.99,44.0,130.0,49.49
2025-03-12,swsh7-212,246704,Holofoil,424.27,280.0,488.99,850.78,488.98
2025-03-12,swsh7-215,246723,Holofoil,1478.32,1000.0,1870.47,2395.0,1860.95
2025-03-12,swsh7-218,246733,Holofoil,806.87,504.99,827.49,1376.73,889.99
2025-03-12,swsh7-41,246753,Holofoil,5.5,2.0,5.11,89.0,6.99
2025-03-12,swsh7-65,246690,Holofoil,10.21,5.19,10.0,500.0,9.49
2025-03-12,swsh7-75,246701,Holofoil,10.33,7.73,10.33,50.0,9.74
2025-03-12,swsh7-8,246691,Holofoil,5.23,3.89,5.35,50.0,6.4
2025-03-12,swsh8-271,253266,Holofoil,694.55,599.99,754.97,1799.0,699.95
2025-03-12,swsh9-154,263873,Holofoil,207.78,198.0,238.98,1500.0,219.99
2025-03-13,base1-15,42355,Holofoil,123.98,68.0,124.99,300.0,
2025-03-13,base1-16,42356,Holofoil,38.98,23.43,37.1,9999.0,34.4
2025-03-13,base1-2,42360,Holofoil,170.4,99.41,151.7,265.79,
2025-03-13,base1-4,42382,Holofoil,453.59,325.0,575.0,1249.99,
2025-03-13,base1-58,42402,Normal,2.91,0.49,2.23,9999.0,
2025-03-13,cel25c-4,250320,Holofoil,91.35,89.89,106.98,250.0,102.91
2025-03-13,gym2-2,83861,1st Edition Holofoil,923.15,500.0,500.0,500.0,
2025-03-13,gym2-2,83861,Unlimited Holofoil,312.77,300.0,439.99,599.0,
2025-03-13,neo1-9,86903,1st Edition Holofoil,1003.99,680.45,1815.23,2950.0,
2025-03-13,neo1-9,86903,Unlimited Holofoil,352.94,299.15,369.75,1000.0,
2025-03-13,sl-151-bundle,502000,Normal,62.85,50.0,69.99,200.0,
2025-03-13,sl-151-etb,503313,Normal,203.11,195.98,229.99,4999.99,
2025-03-13,sl-151-upc,502005,Normal,356.65,349.99,400.0,4999.99,
2025-03-13,sl-ar-box,265519,Normal,264.26,260.0,324.98,1999.99,
2025-03-13,sl-bs-box,256141,Normal,296.21,285.0,347.11,999.99,
2025-03-13,sl-cel-upc,245140,Normal,439.85,475.0,525.0,1499.95,
2025-03-13,sl-champ-etb,218791,Normal,125.04,117.99,150.0,399.99,
2025-03-13,sl-cz-etb,453470,Normal,124.32,116.99,137.97,1999.99,
2025-03-13,sl-evs-box,242436,Normal,1320.84,1297.5,1800.1,9999.99,
2025-03-13,sl-evs-etb,243721,Normal,469.83,475.0,500.0,989.89,
2025-03-13,sl-fs-box,247654,Normal,471.5,462.0,578.95,1127.99,
2025-03-13,sl-hf-etb,194729,Normal,274.66,289.95,300.0,999.98,
2025-03-13,sl-jp-151,565243,Normal,146.01,143.02,160.0,399.99,
2025-03-13,sl-jp-terastal,603428,Normal,117.44,112.0,120.0,170.0,
2025-03-13,sl-jt-box,610931,Normal,239.18,237.9,242.01,279.99,
2025-03-13,sl-lo-box,277324,Normal,396.43,390.0,491.6,1299.99,
2025-03-13,sl-obf-box,501257,Normal,197.98,190.0,230.0,999.99,
2025-03-13,sl-pe-etb,593355,Normal,138.47,129.0,148.0,289.99,
2025-03-13,sl-pe-spc,622770,Normal,493.19,477.83,479.9,520.96,
2025-03-13,sl-pf-etb,528040,Normal,117.6,106.53,119.99,209.98,
2025-03-13,sl-shf-etb,228821,Normal,76.16,70.0,89.99,999.0,
2025-03-13,sl-ss-box,565606,Normal,259.71,253.0,289.99,4999.99,
2025-03-13,sl-st-box,283389,Normal,252.81,245.45,300.0,1199.99,
2025-03-13,sl-tf-box,536225,Normal,176.63,174.01,200.0,400.0,
2025-03-13,sv2-185,497557,Normal,0.29,0.01,0.29,4.95,
2025-03-13,sv2-185,497557,Reverse Holofoil,0.59,0.18,1.03,9.99,
2025-03-13,sv2-254,497669,Holofoil,19.35,15.0,20.31,100.0,23.21
2025-03-13,sv2-269,497689,Holofoil,68.02,65.11,76.27,259.99,69.99
2025-03-13,sv3pt5-151,516566,Holofoil,7.37,5.0,8.22,40.0,9.44
2025-03-13,sv3pt5-199,517045,Holofoil,269.75,255.12,300.0,1500.0,279.99
2025-03-13,sv3pt5-205,517051,Holofoil,13.78,11.4,15.47,75.35,17.36
2025-03-13,sv3pt5-4,502555,Normal,0.12,0.01,0.15,4.95,
2025-03-13,sv3pt5-4,502555,Reverse Holofoil,0.27,0.08,0.3,10.0,
2025-03-13,sv3pt5-6,502558,Holofoil,5.32,3.99,6.0,29.65,7.8
2025-03-13,sv3pt5-7,502548,Normal,0.15,0.01,0.15,15.0,
2025-03-13,sv3pt5-7,502548,Reverse Holofoil,0.24,0.05,0.25,4.95,
2025-03-13,sv4pt5-234,535090,Holofoil,199.58,182.99,209.99,499.98,182.99
2025-03-13,sv4pt5-54,534416,Holofoil,2.95,1.0,3.0,45.0,3.01
2025-03-13,sv8-57,590025,Holofoil,7.27,5.0,7.5,50.0,9.85
2025-03-13,sv8pt5-149,610504,Holofoil,308.62,307.0,361.98,799.95,373.99
2025-03-13,sv8pt5-155,610510,Holofoil,429.38,400.0,433.0,899.95,
2025-03-13,sv8pt5-156,610511,Holofoil,453.92,404.71,537.5,899.95,550.0
2025-03-13,sv8pt5-161,610516,Holofoil,1566.55,1449.97,1557.32,3000.0,
2025-03-13,sv8pt5-167,610522,Holofoil,232.26,225.0,249.99,275.0,
2025-03-13,sv8pt5-179,610534,Holofoil,91.66,86.2,98.0,325.0,
2025-03-13,sv8pt5-28,610383,Holofoil,1.58,0.99,1.95,20.0,2.64
2025-03-13,sv8pt5-47,610402,Normal,0.04,0.01,0.1,10.0,0.04
2025-03-13,sv8pt5-47,610402,Reverse Holofoil,0.1,0.02,0.13,4.95,0.1
2025-03-13,sv8pt5-59,610414,Holofoil,0.43,0.01,0.46,19.99,0.79
2025-03-13,sv8pt5-59,610414,Reverse Holofoil,0.86,0.48,1.22,69.0,
2025-03-13,sv8pt5-60,610415,Holofoil,7.17,6.88,10.37,40.0,8.08
2025-03-13,svp-085,518861,Normal,348.96,299.95,410.0,750.0,349.98
2025-03-13,swsh11-186,284137,Holofoil,663.3,469.99,699.99,1269.69,689.44
2025-03-13,swsh12-186,451834,Holofoil,290.01,268.0,335.49,699.95,335.49
2025-03-13,swsh12pt5gg-GG69,478100,Holofoil,205.27,190.0,220.0,1000.0,254.99
2025-03-13,swsh35-25,223018,Normal,0.11,0.03,0.17,1.25,
2025-03-13,swsh35-25,223018,Reverse Holofoil,0.31,0.09,0.29,2.0,
2025-03-13,swsh35-74,223073,Holofoil,209.36,156.0,243.07,1500.0,241.99
2025-03-13,swsh45sv-SV107,232496,Holofoil,120.8,118.0,132.45,445.06,125.96
2025-03-13,swsh7-204,246693,Holofoil,32.07,26.0,35.0,100.0,42.65
2025-03-13,swsh7-205,246696,Holofoil,447.02,375.11,469.2,699.65,449.99
2025-03-13,swsh7-208,246755,Holofoil,25.68,18.0,30.0,48.95,35.92
2025-03-13,swsh7-209,246756,Holofoil,370.05,270.0,400.0,799.99,398.99
2025-03-13,swsh7-211,246702,Holofoil,42.4,36.99,44.0,130.0,49.49
2025-03-13,swsh7-212,246704,Holofoil,429.85,280.0,488.98,1000.0,479.99
2025-03-13,swsh7-215,246723,Holofoil,1493.37,1000.0,1884.44,2395.0,1860.95
2025-03-13,swsh7-218,246733,Holofoil,809.63,504.99,844.99,1387.69,889.99
2025-03-13,swsh7-41,246753,Holofoil,5.34,3.45,5.25,89.0,6.98
2025-03-13,swsh7-65,246690,Holofoil,10.07,5.19,10.01,500.0,14.95
2025-03-13,swsh7-75,246701,Holofoil,10.22,7.73,10.18,50.0,9.59
2025-03-13,swsh7-8,246691,Holofoil,5.64,3.9,5.37,50.0,8.09
2025-03-13,swsh8-271,253266,Holofoil,687.51,599.99,745.62,1799.0,696.4
2025-03-13,swsh9-154,263873,Holofoil,212.78,198.0,239.99,1500.0,219.99
2025-03-14,base1-15,42355,Holofoil,123.98,79.99,122.49,300.0,
2025-03-14,base1-16,42356,Holofoil,39.0,22.96,37.08,9999.0,35.4
2025-03-14,base1-2,42360,Holofoil,170.4,99.41,153.68,266.17,90.09
2025-03-14,base1-4,42382,Holofoil,453.59,325.0,552.96,1249.99,
2025-03-14,base1-58,42402,Normal,2.93,0.49,2.5,9999.0,0.83
2025-03-14,cel25c-4,250320,Holofoil,92.29,89.94,105.65,250.0,90.0
2025-03-14,gym2-2,83861,1st Edition Holofoil,923.15,375.0,500.0,519.99,
2025-03-14,gym2-2,83861,Unlimited Holofoil,312.77,300.0,439.99,599.0,
2025-03-14,neo1-9,86903,1st Edition Holofoil,1003.99,680.45,1815.23,2950.0,
2025-03-14,neo1-9,86903,Unlimited Holofoil,352.94,299.15,359.99,1000.0,
2025-03-14,sl-151-bundle,502000,Normal,64.79,55.0,69.99,200.0,
2025-03-14,sl-151-etb,503313,Normal,202.67,200.0,239.99,4999.99,
2025-03-14,sl-151-upc,502005,Normal,357.45,349.98,400.0,4999.99,
2025-03-14,sl-ar-box,265519,Normal,265.1,260.0,300.0,1999.99,
2025-03-14,sl-bs-box,256141,Normal,296.21,285.0,345.56,999.99,
2025-03-14,sl-cel-upc,245140,Normal,439.85,468.0,500.0,1499.95,
2025-03-14,sl-champ-etb,218791,Normal,125.04,117.99,149.97,399.99,
2025-03-14,sl-cz-etb,453470,Normal,124.52,116.99,135.5,1999.99,
2025-03-14,sl-evs-box,242436,Normal,1321.18,1297.5,1800.1,9999.99,
2025-03-14,sl-evs-etb,243721,Normal,469.59,490.0,500.0,989.89,
2025-03-14,sl-fs-box,247654,Normal,478.46,462.0,520.99,1127.99,
2025-03-14,sl-hf-etb,194729,Normal,275.86,289.95,300.0,999.98,
2025-03-14,sl-jp-151,565243,Normal,148.51,143.02,160.0,399.99,
2025-03-14,sl-jp-terastal,603428,Normal,116.6,112.0,120.0,170.0,
2025-03-14,sl-jt-box,610931,Normal,232.02,219.98,239.45,274.97,
2025-03-14,sl-lo-box,277324,Normal,396.39,390.0,453.0,1299.99,
2025-03-14,sl-obf-box,501257,Normal,199.88,190.0,225.0,999.99,
2025-03-14,sl-pe-etb,593355,Normal,137.5,129.0,148.0,289.99,
2025-03-14,sl-pe-spc,622770,Normal,491.01,474.8,479.81,520.96,
2025-03-14,sl-pf-etb,528040,Normal,117.53,106.53,120.99,209.98,
2025-03-14,sl-shf-etb,228821,Normal,76.36,70.0,88.12,999.0,
2025-03-14,sl-ss-box,565606,Normal,261.19,249.99,289.98,4999.99,
2025-03-14,sl-st-box,283389,Normal,253.18,249.99,300.0,1199.99,
2025-03-14,sl-tf-box,536225,Normal,173.16,174.01,200.0,400.0,
2025-03-14,sv2-185,497557,Normal,0.28,0.01,0.29,4.99,0.27
2025-03-14,sv2-185,497557,Reverse Holofoil,0.55,0.2,1.0,9.99,
2025-03-14,sv2-254,497669,Holofoil,19.22,15.0,20.31,100.0,25.58
2025-03-14,sv2-269,497689,Holofoil,68.11,65.0,75.99,259.99,65.0
2025-03-14,sv3pt5-151,516566,Holofoil,8.3,5.0,8.22,40.0,10.19
2025-03-14,sv3pt5-199,517045,Holofoil,268.78,254.99,300.0,1250.0,279.89
2025-03-14,sv3pt5-205,517051,Holofoil,14.26,10.78,15.38,55.0,19.85
2025-03-14,sv3pt5-4,502555,Normal,0.14,0.01,0.15,4.95,0.12
2025-03-14,sv3pt5-4,502555,Reverse Holofoil,0.26,0.08,0.3,10.0,
2025-03-14,sv3pt5-6,502558,Holofoil,5.63,3.0,6.0,26.0,5.19
2025-03-14,sv3pt5-7,502548,Normal,0.18,0.01,0.16,15.0,0.15
2025-03-14,sv3pt5-7,502548,Reverse Holofoil,0.19,0.05,0.25,4.95,
2025-03-14,sv4pt5-234,535090,Holofoil,198.32,182.99,209.97,499.98,182.99
2025-03-14,sv4pt5-54,534416,Holofoil,2.71,1.0,3.0,45.0,3.63
2025-03-14,sv8-57,590025,Holofoil,7.01,5.0,7.5,50.0,9.85
2025-03-14,sv8pt5-149,610504,Holofoil,311.36,308.88,378.48,799.95,
2025-03-14,sv8pt5-155,610510,Holofoil,425.37,400.0,433.0,899.95,
2025-03-14,sv8pt5-156,610511,Holofoil,461.52,405.0,599.99,899.95,649.94
2025-03-14,sv8pt5-161,610516,Holofoil,1550.15,1449.97,1617.32,3000.0,
2025-03-14,sv8pt5-167,610522,Holofoil,233.63,240.0,265.0,350.25,
2025-03-14,sv8pt5-179,610534,Holofoil,90.42,86.83,97.46,325.0,
2025-03-14,sv8pt5-28,610383,Holofoil,1.66,0.97,1.94,20.0,
2025-03-14,sv8pt5-47,610402,Normal,0.04,0.01,0.1,10.0,0.04
2025-03-14,sv8pt5-47,610402,Reverse Holofoil,0.09,0.02,0.13,4.95,0.09
2025-03-14,sv8pt5-59,610414,Holofoil,0.61,0.01,0.45,19.99,0.61
2025-03-14,sv8pt5-59,610414,Reverse Holofoil,1.09,0.48,1.23,69.0,
2025-03-14,sv8pt5-60,610415,Holofoil,7.72,6.35,10.12,40.0,9.63
2025-03-14,svp-085,518861,Normal,346.16,299.95,410.1,750.0,349.98
2025-03-14,swsh11-186,284137,Holofoil,665.07,469.99,699.99,1269.69,689.44
2025-03-14,swsh12-186,451834,Holofoil,293.04,270.0,335.25,699.95,335.0
2025-03-14,swsh12pt5gg-GG69,478100,Holofoil,206.11,189.0,219.99,1000.0,204.05
2025-03-14,swsh35-25,223018,Normal,0.11,0.03,0.17,1.25,
2025-03-14,swsh35-25,223018,Reverse Holofoil,0.31,0.09,0.29,2.0,
2025-03-14,swsh35-74,223073,Holofoil,211.16,156.0,246.52,1500.0,241.98
2025-03-14,swsh45sv-SV107,232496,Holofoil,120.91,118.0,135.15,445.06,125.96
2025-03-14,swsh7-204,246693,Holofoil,32.07,26.0,35.5,100.0,42.65
2025-03-14,swsh7-205,246696,Holofoil,445.22,375.0,469.4,699.69,375.0
2025-03-14,swsh7-208,246755,Holofoil,25.96,18.0,30.0,48.95,35.92
2025-03-14,swsh7-209,246756,Holofoil,373.41,348.5,400.63,799.99,398.99
2025-03-14,swsh7-211,246702,Holofoil,42.4,36.99,44.0,130.0,49.49
2025-03-14,swsh7-212,246704,Holofoil,426.65,375.0,489.0,1000.0,479.99
2025-03-14,swsh7-215,246723,Holofoil,1493.37,1000.0,1899.99,2395.0,1999.99
2025-03-14,swsh7-218,246733,Holofoil,801.64,504.99,827.49,1376.03,889.99
2025-03-14,swsh7-41,246753,Holofoil,5.35,3.45,5.21,89.0,6.98
2025-03-14,swsh7-65,246690,Holofoil,10.08,5.19,10.01,500.0,14.95
2025-03-14,swsh7-75,246701,Holofoil,10.19,7.73,10.18,50.0,10.16
2025-03-14,swsh7-8,246691,Holofoil,5.28,3.9,5.35,50.0,5.8
2025-03-14,swsh8-271,253266,Holofoil,685.67,599.99,739.69,1799.0,696.4
2025-03-14,swsh9-154,263873,Holofoil,213.98,198.0,239.97,1500.0,219.99
2025-03-15,base1-15,42355,Holofoil,123.98,79.99,123.0,300.0,
2025-03-15,base1-16,42356,Holofoil,39.0,22.0,37.05,9999.0,
2025-03-15,base1-2,42360,Holofoil,169.37,95.0,153.21,275.45,90.14
2025-03-15,base1-4,42382,Holofoil,453.59,244.39,528.75,1249.99,
2025-03-15,base1-58,42402,Normal,2.98,0.49,2.5,9999.0,
2025-03-15,cel25c-4,250320,Holofoil,92.51,88.6,105.03,250.0,99.98
2025-03-15,gym2-2,83861,1st Edition Holofoil,923.15,375.0,437.5,500.0,
2025-03-15,gym2-2,83861,Unlimited Holofoil,312.77,287.45,381.12,550.0,
2025-03-15,neo1-9,86903,1st Edition Holofoil,1003.99,680.45,2950.0,2953.99,
2025-03-15,neo1-9,86903,Unlimited Holofoil,352.94,299.15,369.75,1000.0,
2025-03-15,sl-151-bundle,502000,Normal,64.7,56.0,69.99,200.0,
2025-03-15,sl-151-etb,503313,Normal,203.85,200.0,235.0,4999.99,
2025-03-15,sl-151-upc,502005,Normal,357.45,349.98,400.0,4999.99,
2025-03-15,sl-ar-box,265519,Normal,267.82,260.0,300.0,1999.99,
2025-03-15,sl-bs-box,256141,Normal,296.41,285.0,344.0,999.99,
2025-03-15,sl-cel-upc,245140,Normal,439.85,468.0,500.0,1499.95,
2025-03-15,sl-champ-etb,218791,Normal,124.85,117.99,149.97,399.99,
2025-03-15,sl-cz-etb,453470,Normal,123.94,117.01,140.0,1999.99,
2025-03-15,sl-evs-box,242436,Normal,1321.18,1297.5,1799.98,9999.99,
2025-03-15,sl-evs-etb,243721,Normal,470.19,490.0,500.0,989.89,
2025-03-15,sl-fs-box,247654,Normal,478.07,480.0,592.85,1127.99,
2025-03-15,sl-hf-etb,194729,Normal,279.98,289.95,300.0,999.98,
2025-03-15,sl-jp-151,565243,Normal,148.0,143.02,162.5,399.99,
2025-03-15,sl-jp-terastal,603428,Normal,116.46,112.0,120.0,170.0,
2025-03-15,sl-jt-box,610931,Normal,235.91,234.96,242.96,274.97,
2025-03-15,sl-lo-box,277324,Normal,395.83,390.0,449.98,1299.99,
2025-03-15,sl-obf-box,501257,Normal,200.42,190.0,230.0,999.99,
2025-03-15,sl-pe-etb,593355,Normal,137.61,133.5,149.99,289.99,
2025-03-15,sl-pe-spc,622770,Normal,491.01,469.4,476.74,520.96,
2025-03-15,sl-pf-etb,528040,Normal,117.46,111.99,127.9,209.98,
2025-03-15,sl-shf-etb,228821,Normal,75.49,70.0,89.62,999.0,
2025-03-15,sl-ss-box,565606,Normal,257.94,249.0,289.89,4999.99,
2025-03-15,sl-st-box,283389,Normal,256.62,265.0,300.0,1199.99,
2025-03-15,sl-tf-box,536225,Normal,175.13,174.01,200.0,400.0,
2025-03-15,sv2-185,497557,Normal,0.25,0.01,0.29,4.99,
2025-03-15,sv2-185,497557,Reverse Holofoil,0.57,0.19,1.0,9.99,
2025-03-15,sv2-254,497669,Holofoil,19.57,15.0,20.57,100.0,25.94
2025-03-15,sv2-269,497689,Holofoil,68.0,65.0,75.5,259.99,65.0
2025-03-15,sv3pt5-151,516566,Holofoil,8.26,5.0,8.14,40.0,12.74
2025-03-15,sv3pt5-199,517045,Holofoil,271.11,254.99,298.99,1025.0,
2025-03-15,sv3pt5-205,517051,Holofoil,13.94,11.98,15.32,75.35,15.62
2025-03-15,sv3pt5-4,502555,Normal,0.15,0.01,0.15,4.95,
2025-03-15,sv3pt5-4,502555,Reverse Holofoil,0.25,0.08,0.3,10.0,
2025-03-15,sv3pt5-6,502558,Holofoil,4.94,2.0,5.99,29.65,6.0
2025-03-15,sv3pt5-7,502548,Normal,0.15,0.01,0.16,15.0,
2025-03-15,sv3pt5-7,502548,Reverse Holofoil,0.2,0.09,0.25,4.95,
2025-03-15,sv4pt5-234,535090,Holofoil,198.32,182.99,209.99,499.98,182.99
2025-03-15,sv4pt5-54,534416,Holofoil,2.96,1.0,3.0,45.0,4.3
2025-03-15,sv8-57,590025,Holofoil,6.53,5.0,7.5,50.0,9.95
2025-03-15,sv8pt5-149,610504,Holofoil,312.11,349.97,500.0,799.95,
2025-03-15,sv8pt5-155,610510,Holofoil,420.62,420.0,433.0,899.95,
2025-03-15,sv8pt5-156,610511,Holofoil,461.52,405.0,599.99,899.95,649.94
2025-03-15,sv8pt5-161,610516,Holofoil,1550.15,1449.97,1584.64,3000.0,
2025-03-15,sv8pt5-167,610522,Holofoil,234.21,247.26,270.0,370.95,
2025-03-15,sv8pt5-179,610534,Holofoil,89.1,84.99,95.95,325.0,
2025-03-15,sv8pt5-28,610383,Holofoil,1.53,0.99,1.93,20.0,
2025-03-15,sv8pt5-47,610402,Normal,0.04,0.01,0.1,10.0,0.04
2025-03-15,sv8pt5-47,610402,Reverse Holofoil,0.09,0.02,0.15,4.95,0.09
2025-03-15,sv8pt5-59,610414,Holofoil,0.63,0.01,0.49,19.99,
2025-03-15,sv8pt5-59,610414,Reverse Holofoil,1.12,0.48,1.22,69.0,
2025-03-15,sv8pt5-60,610415,Holofoil,7.06,5.89,10.02,40.0,
2025-03-15,svp-085,518861,Normal,344.05,315.0,409.99,750.0,349.98
2025-03-15,swsh11-186,284137,Holofoil,664.44,469.99,699.99,1269.69,689.45
2025-03-15,swsh12-186,451834,Holofoil,291.2,270.0,335.49,699.95,335.49
2025-03-15,swsh12pt5gg-GG69,478100,Holofoil,206.28,189.0,217.25,1000.0,206.11
2025-03-15,swsh35-25,223018,Normal,0.11,0.03,0.18,1.25,
2025-03-15,swsh35-25,223018,Reverse Holofoil,0.31,0.09,0.29,2.0,
2025-03-15,swsh35-74,223073,Holofoil,211.16,156.0,243.1,1500.0,241.98
2025-03-15,swsh45sv-SV107,232496,Holofoil,121.87,117.99,135.19,445.06,129.95
2025-03-15,swsh7-204,246693,Holofoil,32.07,26.0,35.0,100.0,42.65
2025-03-15,swsh7-205,246696,Holofoil,445.22,375.11,469.05,699.69,468.99
2025-03-15,swsh7-208,246755,Holofoil,25.72,18.0,30.0,48.95,35.74
2025-03-15,swsh7-209,246756,Holofoil,373.41,348.5,400.0,799.99,398.99
2025-03-15,swsh7-211,246702,Holofoil,42.4,36.99,44.0,130.0,49.49
2025-03-15,swsh7-212,246704,Holofoil,426.65,375.0,488.95,1000.0,474.99
2025-03-15,swsh7-215,246723,Holofoil,1493.37,1000.0,1949.5,2395.0,1999.99
2025-03-15,swsh7-218,246733,Holofoil,801.64,504.99,844.99,1432.67,889.99
2025-03-15,swsh7-41,246753,Holofoil,5.34,3.45,5.28,89.0,5.04
2025-03-15,swsh7-65,246690,Holofoil,9.89,5.19,10.0,500.0,14.98
2025-03-15,swsh7-75,246701,Holofoil,10.22,7.73,10.2,50.0,10.0
2025-03-15,swsh7-8,246691,Holofoil,5.23,3.9,5.35,50.0,5.85
2025-03-15,swsh8-271,253266,Holofoil,682.49,599.99,729.84,1799.0,696.39
2025-03-15,swsh9-154,263873,Holofoil,213.98,198.0,238.99,1500.0,219.99
2025-03-16,base1-15,42355,Holofoil,123.98,79.99,124.0,300.0,
2025-03-16,base1-16,42356,Holofoil,39.0,22.0,37.1,9999.0,
2025-03-16,base1-2,42360,Holofoil,169.37,94.75,158.99,276.32,99.99
2025-03-16,base1-4,42382,Holofoil,453.59,325.0,550.0,1249.99,
2025-03-16,base1-58,42402,Normal,2.97,0.48,2.5,9999.0,
2025-03-16,cel25c-4,250320,Holofoil,93.22,87.79,105.0,250.0,99.98
2025-03-16,gym2-2,83861,1st Edition Holofoil,923.15,375.0,437.5,500.0,
2025-03-16,gym2-2,83861,Unlimited Holofoil,312.77,287.45,381.12,550.0,
2025-03-16,neo1-9,86903,1st Edition Holofoil,1003.99,680.45,2225.0,2953.99,
2025-03-16,neo1-9,86903,Unlimited Holofoil,352.94,299.15,369.75,1000.0,
2025-03-16,sl-151-bundle,502000,Normal,64.57,58.0,69.99,200.0,
2025-03-16,sl-151-etb,503313,Normal,205.09,204.71,225.0,4999.99,
2025-03-16,sl-151-upc,502005,Normal,362.24,349.98,400.0,4999.99,
2025-03-16,sl-ar-box,265519,Normal,269.26,270.0,324.98,1999.99,
2025-03-16,sl-bs-box,256141,Normal,296.41,285.0,340.87,999.99,
2025-03-16,sl-cel-upc,245140,Normal,439.85,468.0,500.0,1499.95,
2025-03-16,sl-champ-etb,218791,Normal,124.86,117.99,149.97,399.99,
2025-03-16,sl-cz-etb,453470,Normal,125.09,117.01,140.0,1999.99,
2025-03-16,sl-evs-box,242436,Normal,1321.52,1297.5,1800.1,9999.99,
2025-03-16,sl-evs-etb,243721,Normal,470.19,490.0,500.0,989.89,
2025-03-16,sl-fs-box,247654,Normal,478.07,480.0,599.95,1127.99,
2025-03-16,sl-hf-etb,194729,Normal,279.98,289.95,300.0,999.98,
2025-03-16,sl-jp-151,565243,Normal,141.06,144.99,160.0,399.99,
2025-03-16,sl-jp-terastal,603428,Normal,116.75,112.0,120.0,170.0,
2025-03-16,sl-jt-box,610931,Normal,238.97,238.99,244.95,274.97,
2025-03-16,sl-lo-box,277324,Normal,396.07,390.0,450.0,1299.99,
2025-03-16,sl-obf-box,501257,Normal,199.46,197.85,238.99,999.99,
2025-03-16,sl-pe-etb,593355,Normal,138.34,133.79,149.95,289.99,
2025-03-16,sl-pe-spc,622770,Normal,491.01,463.99,475.37,498.87,
2025-03-16,sl-pf-etb,528040,Normal,118.04,105.21,124.99,209.98,
2025-03-16,sl-shf-etb,228821,Normal,76.99,70.0,89.99,999.0,
2025-03-16,sl-ss-box,565606,Normal,256.02,249.98,289.97,4999.99,
2025-03-16,sl-st-box,283389,Normal,260.37,265.0,300.0,1199.99,
2025-03-16,sl-tf-box,536225,Normal,180.51,175.84,202.0,400.0,
2025-03-16,sv2-185,497557,Normal,0.27,0.01,0.29,4.99,
2025-03-16,sv2-185,497557,Reverse Holofoil,0.58,0.19,1.0,9.99,
2025-03-16,sv2-254,497669,Holofoil,19.68,15.0,20.64,100.0,25.95
2025-03-16,sv2-269,497689,Holofoil,67.82,60.0,75.0,259.99,70.0
2025-03-16,sv3pt5-151,516566,Holofoil,8.35,5.21,8.17,40.0,12.74
2025-03-16,sv3pt5-199,517045,Holofoil,265.99,249.99,295.99,1025.0,
2025-03-16,sv3pt5-205,517051,Holofoil,13.79,12.0,15.08,75.35,16.86
2025-03-16,sv3pt5-4,502555,Normal,0.16,0.01,0.15,4.95,
2025-03-16,sv3pt5-4,502555,Reverse Holofoil,0.25,0.08,0.29,10.0,
2025-03-16,sv3pt5-6,502558,Holofoil,5.46,3.0,5.99,29.65,9.46
2025-03-16,sv3pt5-7,502548,Normal,0.16,0.01,0.16,15.0,
2025-03-16,sv3pt5-7,502548,Reverse Holofoil,0.23,0.09,0.25,4.95,
2025-03-16,sv4pt5-234,535090,Holofoil,197.36,190.99,209.99,499.98,
2025-03-16,sv4pt5-54,534416,Holofoil,2.84,1.95,3.0,45.0,2.94
2025-03-16,sv8-57,590025,Holofoil,7.62,4.24,7.5,50.0,8.04
2025-03-16,sv8pt5-149,610504,Holofoil,324.28,374.9,524.0,799.95,
2025-03-16,sv8pt5-155,610510,Holofoil,419.85,405.5,432.8,899.95,
2025-03-16,sv8pt5-156,610511,Holofoil,461.52,405.0,500.0,899.95,649.94
2025-03-16,sv8pt5-161,610516,Holofoil,1550.11,1449.97,1604.41,3000.0,
2025-03-16,sv8pt5-167,610522,Holofoil,233.78,239.99,265.0,360.0,
2025-03-16,sv8pt5-179,610534,Holofoil,88.94,83.99,96.56,325.0,
2025-03-16,sv8pt5-28,610383,Holofoil,1.69,0.98,1.91,20.0,
2025-03-16,sv8pt5-47,610402,Normal,0.07,0.01,0.1,10.0,0.04
2025-03-16,sv8pt5-47,610402,Reverse Holofoil,0.08,0.02,0.14,4.95,0.09
2025-03-16,sv8pt5-59,610414,Holofoil,0.48,0.01,0.5,35.0,
2025-03-16,sv8pt5-59,610414,Reverse Holofoil,1.13,0.48,1.22,69.0,
2025-03-16,sv8pt5-60,610415,Holofoil,6.57,6.32,10.04,40.0,
2025-03-16,svp-085,518861,Normal,343.65,290.0,419.97,750.0,349.98
2025-03-16,swsh11-186,284137,Holofoil,663.36,469.99,699.99,1269.69,689.39
2025-03-16,swsh12-186,451834,Holofoil,290.75,270.0,331.49,699.95,334.99
2025-03-16,swsh12pt5gg-GG69,478100,Holofoil,204.99,187.0,219.75,1000.0,206.11
2025-03-16,swsh35-25,223018,Normal,0.11,0.03,0.18,1.25,
2025-03-16,swsh35-25,223018,Reverse Holofoil,0.31,0.09,0.29,2.0,
2025-03-16,swsh35-74,223073,Holofoil,209.96,156.0,243.12,1500.0,241.98
2025-03-16,swsh45sv-SV107,232496,Holofoil,122.07,115.0,131.3,445.06,129.95
2025-03-16,swsh7-204,246693,Holofoil,32.17,25.01,35.0,100.0,44.19
2025-03-16,swsh7-205,246696,Holofoil,445.22,375.11,469.02,699.69,468.99
2025-03-16,swsh7-208,246755,Holofoil,25.72,18.0,30.0,48.95,35.25
2025-03-16,swsh7-209,246756,Holofoil,373.41,348.5,400.0,799.99,398.99
2025-03-16,swsh7-211,246702,Holofoil,42.35,36.99,47.0,130.0,48.98
2025-03-16,swsh7-212,246704,Holofoil,430.77,375.0,479.99,1000.0,474.98
2025-03-16,swsh7-215,246723,Holofoil,1467.33,1000.0,1999.0,2395.0,1999.99
2025-03-16,swsh7-218,246733,Holofoil,801.64,711.51,859.39,1437.05,889.99
2025-03-16,swsh7-41,246753,Holofoil,5.44,3.45,5.38,89.0,6.99
2025-03-16,swsh7-65,246690,Holofoil,10.63,5.19,10.01,500.0,14.98
2025-03-16,swsh7-75,246701,Holofoil,9.85,7.73,10.23,50.0,10.75
2025-03-16,swsh7-8,246691,Holofoil,5.26,3.9,5.4,50.0,8.09
2025-03-16,swsh8-271,253266,Holofoil,682.49,599.99,729.84,1799.0,696.39
2025-03-16,swsh9-154,263873,Holofoil,213.92,198.0,236.99,1500.0,219.99
2025-03-17,base1-15,42355,Holofoil,123.98,79.99,123.99,300.0,
2025-03-17,base1-16,42356,Holofoil,39.0,22.0,37.32,9999.0,
2025-03-17,base1-2,42360,Holofoil,169.37,94.75,159.49,275.45,99.99
2025-03-17,base1-4,42382,Holofoil,453.59,330.0,550.0,1249.99,
2025-03-17,base1-58,42402,Normal,3.03,0.49,2.5,9999.0,
2025-03-17,cel25c-4,250320,Holofoil,93.21,88.56,105.0,250.0,99.98
2025-03-17,gym2-2,83861,1st Edition Holofoil,923.15,375.0,437.5,500.0,
2025-03-17,gym2-2,83861,Unlimited Holofoil,312.77,287.45,381.12,550.0,
2025-03-17,neo1-9,86903,1st Edition Holofoil,1003.99,680.45,1499.5,2950.0,
2025-03-17,neo1-9,86903,Unlimited Holofoil,352.94,299.15,369.75,1000.0,
2025-03-17,sl-151-bundle,502000,Normal,67.47,59.0,70.0,200.0,
2025-03-17,sl-151-etb,503313,Normal,206.65,200.0,226.66,4999.99,
2025-03-17,sl-151-upc,502005,Normal,356.74,343.25,399.99,4999.99,
2025-03-17,sl-ar-box,265519,Normal,270.58,270.0,324.98,1999.99,
2025-03-17,sl-bs-box,256141,Normal,296.61,285.0,342.44,999.99,
2025-03-17,sl-cel-upc,245140,Normal,439.85,468.0,500.0,1499.95,
2025-03-17,sl-champ-etb,218791,Normal,126.3,117.99,149.99,399.99,
2025-03-17,sl-cz-etb,453470,Normal,128.27,122.0,150.0,1999.99,
2025-03-17,sl-evs-box,242436,Normal,1321.68,1295.0,1884.0,9999.99,
2025-03-17,sl-evs-etb,243721,Normal,471.19,490.0,500.0,989.89,
2025-03-17,sl-fs-box,247654,Normal,477.43,470.0,599.98,1127.99,
2025-03-17,sl-hf-etb,194729,Normal,279.98,289.0,322.5,999.98,
2025-03-17,sl-jp-151,565243,Normal,142.77,145.0,160.0,399.99,
2025-03-17,sl-jp-terastal,603428,Normal,116.46,110.99,119.99,170.0,
2025-03-17,sl-jt-box,610931,Normal,244.97,243.45,252.99,299.99,
2025-03-17,sl-lo-box,277324,Normal,395.84,390.0,453.0,1299.99,
2025-03-17,sl-obf-box,501257,Normal,197.95,199.95,239.48,999.99,
2025-03-17,sl-pe-etb,593355,Normal,139.72,135.0,149.99,289.99,
2025-03-17,sl-pe-spc,622770,Normal,484.86,460.0,463.74,498.87,
2025-03-17,sl-pf-etb,528040,Normal,117.76,112.98,124.99,209.98,
2025-03-17,sl-shf-etb,228821,Normal,76.99,70.0,89.99,999.0,
2025-03-17,sl-ss-box,565606,Normal,256.66,249.99,293.29,4999.99,
2025-03-17,sl-st-box,283389,Normal,261.43,265.0,300.0,1199.99,
2025-03-17,sl-tf-box,536225,Normal,183.1,175.84,200.0,400.0,
2025-03-17,sv2-185,497557,Normal,0.27,0.01,0.29,4.99,
2025-03-17,sv2-185,497557,Reverse Holofoil,0.57,0.19,0.99,9.99,0.44
2025-03-17,sv2-254,497669,Holofoil,19.55,15.0,20.31,100.0,25.95
2025-03-17,sv2-269,497689,Holofoil,68.51,60.0,75.0,259.99,
2025-03-17,sv3pt5-151,516566,Holofoil,8.54,5.21,8.22,40.0,11.99
2025-03-17,sv3pt5-199,517045,Holofoil,259.81,248.4,293.3,1025.0,271.58
2025-03-17,sv3pt5-205,517051,Holofoil,14.05,12.0,15.08,75.35,19.79
2025-03-17,sv3pt5-4,502555,Normal,0.14,0.01,0.15,4.95,
2025-03-17,sv3pt5-4,502555,Reverse Holofoil,0.25,0.07,0.29,10.0,
2025-03-17,sv3pt5-6,502558,Holofoil,5.21,3.0,5.99,29.65,6.9
2025-03-17,sv3pt5-7,502548,Normal,0.15,0.01,0.16,15.0,
2025-03-17,sv3pt5-7,502548,Reverse Holofoil,0.21,0.08,0.25,4.95,
2025-03-17,sv4pt5-234,535090,Holofoil,195.97,184.99,208.97,499.98,
2025-03-17,sv4pt5-54,534416,Holofoil,2.62,1.75,2.99,45.0,3.48
2025-03-17,sv8-57,590025,Holofoil,7.1,5.08,7.5,50.0,9.97
2025-03-17,sv8pt5-149,610504,Holofoil,324.28,275.0,384.98,799.95,
2025-03-17,sv8pt5-155,610510,Holofoil,419.85,345.0,420.31,899.95,
2025-03-17,sv8pt5-156,610511,Holofoil,461.78,405.0,500.0,899.95,649.94
2025-03-17,sv8pt5-161,610516,Holofoil,1552.15,1449.97,1605.4,3000.0,
2025-03-17,sv8pt5-167,610522,Holofoil,233.78,232.99,241.13,350.7,
2025-03-17,sv8pt5-179,610534,Holofoil,88.69,70.0,96.0,325.0,
2025-03-17,sv8pt5-28,610383,Holofoil,1.5,0.8,1.9,20.0,
2025-03-17,sv8pt5-47,610402,Normal,0.07,0.01,0.1,10.0,0.05
2025-03-17,sv8pt5-47,610402,Reverse Holofoil,0.1,0.02,0.15,4.95,0.09
2025-03-17,sv8pt5-59,610414,Holofoil,0.47,0.01,0.48,35.0,0.47
2025-03-17,sv8pt5-59,610414,Reverse Holofoil,0.85,0.1,1.21,69.0,
2025-03-17,sv8pt5-60,610415,Holofoil,7.41,6.0,10.0,33.0,
2025-03-17,svp-085,518861,Normal,342.85,343.65,399.99,750.0,349.98
2025-03-17,swsh11-186,284137,Holofoil,663.36,426.66,699.99,1269.69,689.39
2025-03-17,swsh12-186,451834,Holofoil,290.75,270.0,327.99,699.95,330.49
2025-03-17,swsh12pt5gg-GG69,478100,Holofoil,204.1,186.0,219.99,1000.0,249.99
2025-03-17,swsh35-25,223018,Normal,0.09,0.02,0.17,1.25,
2025-03-17,swsh35-25,223018,Reverse Holofoil,0.31,0.09,0.29,2.0,
2025-03-17,swsh35-74,223073,Holofoil,209.96,156.0,243.12,1500.0,241.98
2025-03-17,swsh45sv-SV107,232496,Holofoil,121.52,98.42,130.49,445.06,129.95
2025-03-17,swsh7-204,246693,Holofoil,32.17,25.01,34.99,100.0,32.16
2025-03-17,swsh7-205,246696,Holofoil,441.02,374.0,484.77,699.69,468.99
2025-03-17,swsh7-208,246755,Holofoil,26.2,18.0,30.0,48.95,23.11
2025-03-17,swsh7-209,246756,Holofoil,373.41,348.5,400.0,799.99,399.99
2025-03-17,swsh7-211,246702,Holofoil,42.29,36.99,48.98,130.0,48.98
2025-03-17,swsh7-212,246704,Holofoil,430.04,420.0,479.99,1000.0,474.98
2025-03-17,swsh7-215,246723,Holofoil,1467.33,1000.0,1999.0,2876.1,1999.99
2025-03-17,swsh7-218,246733,Holofoil,803.64,715.0,867.0,1436.08,889.99
2025-03-17,swsh7-41,246753,Holofoil,5.3,3.45,5.32,89.0,6.98
2025-03-17,swsh7-65,246690,Holofoil,10.6,5.18,10.19,500.0,5.18
2025-03-17,swsh7-75,246701,Holofoil,10.17,7.73,10.2,50.0,10.39
2025-03-17,swsh7-8,246691,Holofoil,5.44,3.9,5.44,50.0,7.03
2025-03-17,swsh8-271,253266,Holofoil,682.49,599.99,729.69,1799.0,696.39
2025-03-17,swsh9-154,263873,Holofoil,214.05,198.0,234.99,1500.0,219.99
2025-03-18,base1-15,42355,Holofoil,124.36,79.99,124.0,300.0,
2025-03-18,base1-16,42356,Holofoil,39.04,22.0,37.08,9999.0,
2025-03-18,base1-2,42360,Holofoil,170.07,90.98,158.5,275.4,99.99
2025-03-18,base1-4,42382,Holofoil,462.27,330.0,575.0,1249.99,
2025-03-18,base1-58,42402,Normal,3.0,0.49,2.41,9999.0,
2025-03-18,cel25c-4,250320,Holofoil,92.76,88.12,106.4,250.0,99.97
2025-03-18,gym2-2,83861,1st Edition Holofoil,923.15,375.0,437.5,500.0,
2025-03-18,gym2-2,83861,Unlimited Holofoil,312.77,300.0,399.99,550.0,
2025-03-18,neo1-9,86903,1st Edition Holofoil,1003.99,680.45,1499.5,2950.0,
2025-03-18,neo1-9,86903,Unlimited Holofoil,352.94,299.15,369.75,1000.0,
2025-03-18,sl-151-bundle,502000,Normal,64.47,59.98,70.0,200.0,
2025-03-18,sl-151-etb,503313,Normal,207.01,200.0,227.31,4999.99,
2025-03-18,sl-151-upc,502005,Normal,355.13,345.0,399.99,4999.99,
2025-03-18,sl-ar-box,265519,Normal,270.58,258.99,300.0,1999.99,
2025-03-18,sl-bs-box,256141,Normal,296.47,279.98,342.55,999.99,
2025-03-18,sl-cel-upc,245140,Normal,442.51,468.0,500.0,1499.95,
2025-03-18,sl-champ-etb,218791,Normal,126.68,117.99,150.0,399.99,
2025-03-18,sl-cz-etb,453470,Normal,127.0,120.0,150.0,1999.99,
2025-03-18,sl-evs-box,242436,Normal,1317.08,1235.0,1798.99,9999.99,
2025-03-18,sl-evs-etb,243721,Normal,471.19,475.0,500.0,989.89,
2025-03-18,sl-fs-box,247654,Normal,477.43,470.0,592.85,1127.99,
2025-03-18,sl-hf-etb,194729,Normal,279.98,285.0,300.0,999.98,
2025-03-18,sl-jp-151,565243,Normal,148.14,146.0,160.5,399.99,
2025-03-18,sl-jp-terastal,603428,Normal,107.54,100.0,119.99,170.0,
2025-03-18,sl-jt-box,610931,Normal,244.99,242.91,251.0,299.99,
2025-03-18,sl-lo-box,277324,Normal,395.84,387.01,450.0,1299.99,
2025-03-18,sl-obf-box,501257,Normal,198.72,199.95,230.0,999.99,
2025-03-18,sl-pe-etb,593355,Normal,140.63,135.0,149.99,289.99,
2025-03-18,sl-pe-spc,622770,Normal,483.78,456.96,459.46,498.87,
2025-03-18,sl-pf-etb,528040,Normal,118.56,112.98,124.99,209.98,
2025-03-18,sl-shf-etb,228821,Normal,77.22,72.43,90.0,999.0,
2025-03-18,sl-ss-box,565606,Normal,256.18,249.99,280.0,4999.99,
2025-03-18,sl-st-box,283389,Normal,264.36,265.0,300.0,1199.99,
2025-03-18,sl-tf-box,536225,Normal,183.51,175.84,200.0,400.0,
2025-03-18,sv2-185,497557,Normal,0.27,0.01,0.29,4.99,
2025-03-18,sv2-185,497557,Reverse Holofoil,0.5,0.2,0.99,9.99,1.59
2025-03-18,sv2-254,497669,Holofoil,19.92,15.0,20.38,100.0,20.78
2025-03-18,sv2-269,497689,Holofoil,68.07,59.99,75.0,259.99,
2025-03-18,sv3pt5-151,516566,Holofoil,8.03,5.21,8.22,40.0,12.74
2025-03-18,sv3pt5-199,517045,Holofoil,254.02,239.99,290.02,1000.0,
2025-03-18,sv3pt5-205,517051,Holofoil,13.61,12.0,15.08,50.0,19.79
2025-03-18,sv3pt5-4,502555,Normal,0.13,0.01,0.15,4.95,0.09
2025-03-18,sv3pt5-4,502555,Reverse Holofoil,0.23,0.07,0.29,10.0,
2025-03-18,sv3pt5-6,502558,Holofoil,5.89,3.0,6.0,29.65,
2025-03-18,sv3pt5-7,502548,Normal,0.12,0.01,0.15,15.0,
2025-03-18,sv3pt5-7,502548,Reverse Holofoil,0.23,0.05,0.25,4.95,
2025-03-18,sv4pt5-234,535090,Holofoil,195.57,184.99,208.5,499.98,
2025-03-18,sv4pt5-54,534416,Holofoil,3.0,1.5,3.0,45.0,3.01
2025-03-18,sv8-57,590025,Holofoil,6.89,5.0,7.5,50.0,9.98
2025-03-18,sv8pt5-149,610504,Holofoil,327.39,275.0,395.0,799.95,
2025-03-18,sv8pt5-155,610510,Holofoil,415.78,345.0,420.0,899.95,
2025-03-18,sv8pt5-156,610511,Holofoil,461.78,424.0,550.0,899.95,649.94
2025-03-18,sv8pt5-161,610516,Holofoil,1550.19,1440.0,1552.15,3000.0,
2025-03-18,sv8pt5-167,610522,Holofoil,236.71,233.68,322.74,372.82,
2025-03-18,sv8pt5-179,610534,Holofoil,85.64,77.58,94.99,325.0,
2025-03-18,sv8pt5-28,610383,Holofoil,1.65,0.8,1.89,20.0,
2025-03-18,sv8pt5-47,610402,Normal,0.07,0.01,0.1,10.0,0.05
2025-03-18,sv8pt5-47,610402,Reverse Holofoil,0.08,0.02,0.12,4.95,0.08
2025-03-18,sv8pt5-59,610414,Holofoil,0.52,0.01,0.48,35.0,0.45
2025-03-18,sv8pt5-59,610414,Reverse Holofoil,0.99,0.1,1.2,69.0,
2025-03-18,sv8pt5-60,610415,Holofoil,7.28,6.0,10.0,33.0,
2025-03-18,svp-085,518861,Normal,344.36,340.0,399.99,750.0,349.98
2025-03-18,swsh11-186,284137,Holofoil,660.92,426.66,699.97,1269.69,688.99
2025-03-18,swsh12-186,451834,Holofoil,293.49,262.95,329.99,699.95,293.49
2025-03-18,swsh12pt5gg-GG69,478100,Holofoil,202.31,189.0,220.0,1000.0,249.98
2025-03-18,swsh35-25,223018,Normal,0.09,0.02,0.17,1.25,
2025-03-18,swsh35-25,223018,Reverse Holofoil,0.31,0.09,0.29,2.0,
2025-03-18,swsh35-74,223073,Holofoil,210.64,156.0,243.12,1500.0,241.98
2025-03-18,swsh45sv-SV107,232496,Holofoil,120.43,114.41,131.95,445.06,129.95
2025-03-18,swsh7-204,246693,Holofoil,32.17,25.01,33.99,100.0,32.16
2025-03-18,swsh7-205,246696,Holofoil,440.78,375.0,487.4,699.69,468.99
2025-03-18,swsh7-208,246755,Holofoil,26.2,18.0,30.0,48.95,23.11
2025-03-18,swsh7-209,246756,Holofoil,373.41,348.5,400.0,799.99,399.99
2025-03-18,swsh7-211,246702,Holofoil,42.37,36.99,48.99,130.0,48.98
2025-03-18,swsh7-212,246704,Holofoil,430.04,419.95,479.99,1000.0,474.98
2025-03-18,swsh7-215,246723,Holofoil,1480.09,1299.0,1998.98,2733.5,1998.98
2025-03-18,swsh7-218,246733,Holofoil,803.66,715.0,889.03,1436.02,716.5
2025-03-18,swsh7-41,246753,Holofoil,5.41,3.45,5.39,89.0,7.5
2025-03-18,swsh7-65,246690,Holofoil,10.55,5.18,10.29,500.0,13.51
2025-03-18,swsh7-75,246701,Holofoil,10.12,7.73,10.17,50.0,10.9
2025-03-18,swsh7-8,246691,Holofoil,5.54,3.9,5.52,50.0,7.49
2025-03-18,swsh8-271,253266,Holofoil,682.49,599.99,729.84,1799.0,696.39
2025-03-18,swsh9-154,263873,Holofoil,214.85,197.73,234.9,1500.0,219.99
2025-03-19,base1-15,42355,Holofoil,125.72,79.99,124.5,300.0,
2025-03-19,base1-16,42356,Holofoil,39.02,22.0,35.91,9999.0,14.0
2025-03-19,base1-2,42360,Holofoil,170.07,94.75,158.0,276.32,99.99
2025-03-19,base1-4,42382,Holofoil,462.27,399.99,645.0,1249.99,
2025-03-19,base1-58,42402,Normal,2.98,0.5,2.5,9999.0,1.19
2025-03-19,cel25c-4,250320,Holofoil,92.23,87.74,109.99,250.0,99.97
2025-03-19,gym2-2,83861,1st Edition Holofoil,923.15,375.0,437.5,500.0,
2025-03-19,gym2-2,83861,Unlimited Holofoil,312.77,300.0,439.99,550.0,
2025-03-19,neo1-9,86903,1st Edition Holofoil,1003.99,680.45,1499.5,2950.0,
2025-03-19,neo1-9,86903,Unlimited Holofoil,352.94,299.15,369.75,1000.0,
2025-03-19,sl-151-bundle,502000,Normal,61.43,60.0,70.0,200.0,
2025-03-19,sl-151-etb,503313,Normal,207.58,195.0,229.15,4999.99,
2025-03-19,sl-151-upc,502005,Normal,353.69,345.0,399.99,4999.99,
2025-03-19,sl-ar-box,265519,Normal,270.35,273.0,300.0,1999.99,
2025-03-19,sl-bs-box,256141,Normal,297.23,279.98,341.81,999.99,
2025-03-19,sl-cel-upc,245140,Normal,442.51,468.0,500.0,1499.95,
2025-03-19,sl-champ-etb,218791,Normal,127.03,117.99,149.95,399.99,
2025-03-19,sl-cz-etb,453470,Normal,126.68,120.0,149.99,1999.99,
2025-03-19,sl-evs-box,242436,Normal,1315.28,1235.0,1799.98,9999.99,
2025-03-19,sl-evs-etb,243721,Normal,471.19,475.0,502.5,989.89,
2025-03-19,sl-fs-box,247654,Normal,476.12,470.0,550.0,1127.99,
2025-03-19,sl-hf-etb,194729,Normal,279.98,285.0,299.99,999.98,
2025-03-19,sl-jp-151,565243,Normal,148.2,149.0,164.49,399.99,
2025-03-19,sl-jp-terastal,603428,Normal,109.87,108.99,119.97,170.0,
2025-03-19,sl-jt-box,610931,Normal,244.13,244.41,249.5,299.99,
2025-03-19,sl-lo-box,277324,Normal,395.84,385.83,449.99,1299.99,
2025-03-19,sl-obf-box,501257,Normal,199.11,184.96,230.0,999.99,
2025-03-19,sl-pe-etb,593355,Normal,138.22,135.0,149.99,289.99,
2025-03-19,sl-pe-spc,622770,Normal,469.07,456.94,458.95,498.87,
2025-03-19,sl-pf-etb,528040,Normal,119.1,115.0,127.9,209.98,
2025-03-19,sl-shf-etb,228821,Normal,77.78,72.43,90.0,999.0,
2025-03-19,sl-ss-box,565606,Normal,256.45,249.99,284.95,4999.99,
2025-03-19,sl-st-box,283389,Normal,265.19,265.0,300.0,1199.99,
2025-03-19,sl-tf-box,536225,Normal,183.06,175.84,200.0,400.0,
2025-03-19,sv2-185,497557,Normal,0.3,0.01,0.29,4.99,
2025-03-19,sv2-185,497557,Reverse Holofoil,0.65,0.2,0.99,9.99,1.57
2025-03-19,sv2-254,497669,Holofoil,19.86,14.99,20.05,100.0,17.99
2025-03-19,sv2-269,497689,Holofoil,67.97,59.0,74.47,259.99,80.87
2025-03-19,sv3pt5-151,516566,Holofoil,8.19,2.0,8.4,40.0,10.49
2025-03-19,sv3pt5-199,517045,Holofoil,239.37,226.04,288.09,975.0,278.95
2025-03-19,sv3pt5-205,517051,Holofoil,14.43,11.5,15.0,50.0,14.17
2025-03-19,sv3pt5-4,502555,Normal,0.12,0.01,0.15,4.95,0.12
2025-03-19,sv3pt5-4,502555,Reverse Holofoil,0.19,0.07,0.28,10.0,0.25
2025-03-19,sv3pt5-6,502558,Holofoil,4.6,3.57,5.89,29.65,5.59
2025-03-19,sv3pt5-7,502548,Normal,0.11,0.01,0.15,15.0,0.11
2025-03-19,sv3pt5-7,502548,Reverse Holofoil,0.25,0.07,0.25,4.95,
2025-03-19,sv4pt5-234,535090,Holofoil,196.38,184.99,205.0,499.98,
2025-03-19,sv4pt5-54,534416,Holofoil,2.85,1.29,3.0,45.0,2.5
2025-03-19,sv8-57,590025,Holofoil,7.25,2.0,7.57,50.0,10.32
2025-03-19,sv8pt5-149,610504,Holofoil,337.44,275.0,405.0,799.95,
2025-03-19,sv8pt5-155,610510,Holofoil,411.37,345.0,420.0,899.95,
2025-03-19,sv8pt5-156,610511,Holofoil,461.78,424.0,500.0,899.95,649.94
2025-03-19,sv8pt5-161,610516,Holofoil,1534.59,1449.97,1558.58,3000.0,
2025-03-19,sv8pt5-167,610522,Holofoil,238.47,275.0,322.74,385.88,
2025-03-19,sv8pt5-179,610534,Holofoil,82.63,77.58,93.95,325.0,
2025-03-19,sv8pt5-28,610383,Holofoil,1.6,0.98,1.88,20.0,1.91
2025-03-19,sv8pt5-47,610402,Normal,0.07,0.01,0.1,10.0,0.05
2025-03-19,sv8pt5-47,610402,Reverse Holofoil,0.08,0.02,0.12,4.95,0.08
2025-03-19,sv8pt5-59,610414,Holofoil,0.41,0.01,0.48,35.0,
2025-03-19,sv8pt5-59,610414,Reverse Holofoil,1.02,0.1,1.22,69.0,1.01
2025-03-19,sv8pt5-60,610415,Holofoil,7.16,5.98,9.99,33.0,
2025-03-19,svp-085,518861,Normal,346.29,340.0,389.47,750.0,349.98
2025-03-19,swsh11-186,284137,Holofoil,660.92,469.99,699.99,1269.69,688.99
2025-03-19,swsh12-186,451834,Holofoil,295.01,262.95,330.0,699.95,329.99
2025-03-19,swsh12pt5gg-GG69,478100,Holofoil,200.64,190.0,219.99,1000.0,207.99
2025-03-19,swsh35-25,223018,Normal,0.09,0.02,0.17,1.25,
2025-03-19,swsh35-25,223018,Reverse Holofoil,0.32,0.09,0.3,2.0,
2025-03-19,swsh35-74,223073,Holofoil,207.77,156.0,248.39,1500.0,241.98
2025-03-19,swsh45sv-SV107,232496,Holofoil,120.9,114.86,133.17,445.06,129.95
2025-03-19,swsh7-204,246693,Holofoil,32.14,25.01,34.28,100.0,32.16
2025-03-19,swsh7-205,246696,Holofoil,442.83,360.0,487.4,790.56,468.99
2025-03-19,swsh7-208,246755,Holofoil,25.72,18.68,30.0,48.95,23.11
2025-03-19,swsh7-209,246756,Holofoil,373.41,348.5,400.63,799.99,399.99
2025-03-19,swsh7-211,246702,Holofoil,42.37,36.99,48.99,130.0,48.98
2025-03-19,swsh7-212,246704,Holofoil,430.04,380.98,475.0,1000.0,474.98
2025-03-19,swsh7-215,246723,Holofoil,1480.09,1299.0,1949.99,2802.9,1999.98
2025-03-19,swsh7-218,246733,Holofoil,802.52,715.0,887.77,1432.67,889.99
2025-03-19,swsh7-41,246753,Holofoil,5.14,3.45,5.36,89.0,5.59
2025-03-19,swsh7-65,246690,Holofoil,10.98,5.0,10.37,500.0,9.49
2025-03-19,swsh7-75,246701,Holofoil,10.08,7.73,10.18,50.0,9.74
2025-03-19,swsh7-8,246691,Holofoil,5.65,3.9,5.55,50.0,7.26
2025-03-19,swsh8-271,253266,Holofoil,679.85,599.99,723.9,1799.0,696.39
2025-03-19,swsh9-154,263873,Holofoil,215.56,197.73,234.9,1500.0,219.99
2025-03-20,base1-15,42355,Holofoil,125.72,79.99,123.99,300.0,
2025-03-20,base1-16,42356,Holofoil,39.02,22.0,35.15,77.99,
2025-03-20,base1-2,42360,Holofoil,170.07,87.99,159.99,274.97,99.99
2025-03-20,base1-4,42382,Holofoil,462.27,399.99,612.0,1249.99,
2025-03-20,base1-58,42402,Normal,3.05,0.49,2.48,9999.0,1.79
2025-03-20,cel25c-4,250320,Holofoil,92.23,87.62,105.79,250.0,97.84
2025-03-20,gym2-2,83861,1st Edition Holofoil,923.15,375.0,437.5,500.0,
2025-03-20,gym2-2,83861,Unlimited Holofoil,312.77,300.0,439.99,550.0,
2025-03-20,neo1-9,86903,1st Edition Holofoil,1003.99,680.45,1499.5,2950.0,
2025-03-20,neo1-9,86903,Unlimited Holofoil,352.94,344.92,427.12,1000.0,
2025-03-20,sl-151-bundle,502000,Normal,65.54,60.0,70.0,200.0,
2025-03-20,sl-151-etb,503313,Normal,207.35,195.0,225.0,4999.99,
2025-03-20,sl-151-upc,502005,Normal,350.37,330.0,399.99,4999.99,
2025-03-20,sl-ar-box,265519,Normal,271.31,273.0,324.98,1999.99,
2025-03-20,sl-bs-box,256141,Normal,298.18,279.98,342.04,999.99,
2025-03-20,sl-cel-upc,245140,Normal,442.51,468.0,500.0,1499.95,
2025-03-20,sl-champ-etb,218791,Normal,126.25,117.69,147.0,399.99,
2025-03-20,sl-cz-etb,453470,Normal,125.44,120.0,149.98,1999.99,
2025-03-20,sl-evs-box,242436,Normal,1315.18,1235.0,1800.04,9999.99,
2025-03-20,sl-evs-etb,243721,Normal,471.19,475.0,500.0,989.89,
2025-03-20,sl-fs-box,247654,Normal,475.8,470.0,550.0,1127.99,
2025-03-20,sl-hf-etb,194729,Normal,282.42,285.0,299.99,999.98,
2025-03-20,sl-jp-151,565243,Normal,148.67,149.0,163.98,399.99,
2025-03-20,sl-jp-terastal,603428,Normal,111.81,109.99,119.99,170.0,
2025-03-20,sl-jt-box,610931,Normal,240.0,239.98,254.98,299.99,
2025-03-20,sl-lo-box,277324,Normal,395.28,387.01,450.0,1299.99,
2025-03-20,sl-obf-box,501257,Normal,199.79,184.96,230.0,999.99,
2025-03-20,sl-pe-etb,593355,Normal,140.72,135.0,149.99,289.99,
2025-03-20,sl-pe-spc,622770,Normal,463.64,456.91,458.89,498.87,
2025-03-20,sl-pf-etb,528040,Normal,120.51,111.0,129.45,209.98,
2025-03-20,sl-shf-etb,228821,Normal,78.66,72.43,91.0,999.0,
2025-03-20,sl-ss-box,565606,Normal,247.71,248.21,289.89,4999.99,
2025-03-20,sl-st-box,283389,Normal,265.99,265.0,300.0,1199.99,
2025-03-20,sl-tf-box,536225,Normal,183.22,178.96,200.0,400.0,
2025-03-20,sv2-185,497557,Normal,0.26,0.01,0.3,4.99,
2025-03-20,sv2-185,497557,Reverse Holofoil,0.85,0.2,0.99,9.99,1.63
2025-03-20,sv2-254,497669,Holofoil,19.11,14.99,20.0,100.0,29.73
2025-03-20,sv2-269,497689,Holofoil,68.09,59.99,74.34,259.99,
2025-03-20,sv3pt5-151,516566,Holofoil,7.33,5.0,8.22,40.0,6.95
2025-03-20,sv3pt5-199,517045,Holofoil,240.46,224.76,282.43,975.0,277.99
2025-03-20,sv3pt5-205,517051,Holofoil,14.02,12.0,15.09,50.0,17.24
2025-03-20,sv3pt5-4,502555,Normal,0.13,0.01,0.15,4.95,
2025-03-20,sv3pt5-4,502555,Reverse Holofoil,0.19,0.07,0.28,10.0,0.2
2025-03-20,sv3pt5-6,502558,Holofoil,3.95,3.25,5.8,29.65,5.25
2025-03-20,sv3pt5-7,502548,Normal,0.13,0.01,0.15,15.0,
2025-03-20,sv3pt5-7,502548,Reverse Holofoil,0.27,0.07,0.25,4.95,
2025-03-20,sv4pt5-234,535090,Holofoil,195.32,173.66,207.99,499.98,
2025-03-20,sv4pt5-54,534416,Holofoil,2.35,1.79,2.99,45.0,4.49
2025-03-20,sv8-57,590025,Holofoil,6.74,4.75,7.5,50.0,7.58
2025-03-20,sv8pt5-149,610504,Holofoil,339.48,275.0,468.51,799.95,
2025-03-20,sv8pt5-155,610510,Holofoil,411.37,345.0,426.5,899.95,
2025-03-20,sv8pt5-156,610511,Holofoil,461.78,400.0,500.0,899.95,649.94
2025-03-20,sv8pt5-161,610516,Holofoil,1534.59,1350.0,1550.0,3000.0,
2025-03-20,sv8pt5-167,610522,Holofoil,240.23,269.0,277.0,425.25,
2025-03-20,sv8pt5-179,610534,Holofoil,82.4,77.58,96.0,325.0,
2025-03-20,sv8pt5-28,610383,Holofoil,1.5,0.99,1.89,20.0,
2025-03-20,sv8pt5-47,610402,Normal,0.08,0.01,0.1,10.0,0.06
2025-03-20,sv8pt5-47,610402,Reverse Holofoil,0.08,0.02,0.13,4.95,0.08
2025-03-20,sv8pt5-59,610414,Holofoil,0.36,0.01,0.48,35.0,
2025-03-20,sv8pt5-59,610414,Reverse Holofoil,0.96,0.1,1.22,69.0,
2025-03-20,sv8pt5-60,610415,Holofoil,7.74,5.55,9.88,33.0,
2025-03-20,svp-085,518861,Normal,345.19,299.95,399.99,750.0,349.98
2025-03-20,swsh11-186,284137,Holofoil,660.16,469.99,699.99,1269.69,684.99
2025-03-20,swsh12-186,451834,Holofoil,296.1,269.49,325.49,699.95,300.0
2025-03-20,swsh12pt5gg-GG69,478100,Holofoil,202.24,179.85,219.99,1000.0,207.99
2025-03-20,swsh35-25,223018,Normal,0.09,0.02,0.15,1.25,
2025-03-20,swsh35-25,223018,Reverse Holofoil,0.34,0.09,0.29,2.0,
2025-03-20,swsh35-74,223073,Holofoil,207.77,156.0,249.97,1500.0,241.98
2025-03-20,swsh45sv-SV107,232496,Holofoil,120.9,114.86,132.99,445.06,129.95
2025-03-20,swsh7-204,246693,Holofoil,32.14,25.01,35.0,100.0,47.98
2025-03-20,swsh7-205,246696,Holofoil,442.83,360.0,469.0,786.73,468.99
2025-03-20,swsh7-208,246755,Holofoil,25.72,18.68,30.0,48.95,23.98
2025-03-20,swsh7-209,246756,Holofoil,373.41,348.5,400.63,799.99,399.99
2025-03-20,swsh7-211,246702,Holofoil,42.37,36.99,48.74,130.0,48.49
2025-03-20,swsh7-212,246704,Holofoil,430.99,380.98,484.48,1000.0,474.99
2025-03-20,swsh7-215,246723,Holofoil,1506.09,1299.0,1888.88,2701.9,1999.98
2025-03-20,swsh7-218,246733,Holofoil,802.52,715.0,887.77,1425.76,889.99
2025-03-20,swsh7-41,246753,Holofoil,5.12,3.45,5.34,89.0,5.12
2025-03-20,swsh7-65,246690,Holofoil,10.93,5.19,10.61,500.0,8.83
2025-03-20,swsh7-75,246701,Holofoil,10.04,7.73,10.17,50.0,9.17
2025-03-20,swsh7-8,246691,Holofoil,5.45,3.88,5.62,50.0,5.44
2025-03-20,swsh8-271,253266,Holofoil,679.85,599.99,729.99,1799.0,696.39
2025-03-20,swsh9-154,263873,Holofoil,216.6,197.73,234.99,1500.0,219.99
2025-03-21,base1-15,42355,Holofoil,125.72,79.99,123.98,300.0,
2025-03-21,base1-16,42356,Holofoil,39.02,20.0,34.99,77.99,59.95
2025-03-21,base1-2,42360,Holofoil,170.07,87.99,153.96,275.08,99.99
2025-03-21,base1-4,42382,Holofoil,462.27,389.99,589.99,1249.99,
2025-03-21,base1-58,42402,Normal,3.01,0.49,2.47,9999.0,1.79
2025-03-21,cel25c-4,250320,Holofoil,91.5,86.93,105.65,250.0,97.84
2025-03-21,gym2-2,83861,1st Edition Holofoil,923.15,375.0,437.5,500.0,
2025-03-21,gym2-2,83861,Unlimited Holofoil,312.77,300.0,439.99,550.0,399.99
2025-03-21,neo1-9,86903,1st Edition Holofoil,1003.99,680.45,1499.5,2950.0,
2025-03-21,neo1-9,86903,Unlimited Holofoil,352.94,344.92,427.12,1000.0,
2025-03-21,sl-151-bundle,502000,Normal,63.58,59.99,70.0,200.0,
2025-03-21,sl-151-etb,503313,Normal,206.37,195.0,225.0,4999.99,
2025-03-21,sl-151-upc,502005,Normal,348.81,345.0,399.98,4999.99,
2025-03-21,sl-ar-box,265519,Normal,271.31,273.0,324.98,1999.99,
2025-03-21,sl-bs-box,256141,Normal,298.3,279.98,343.04,999.99,
2025-03-21,sl-cel-upc,245140,Normal,442.51,458.0,500.0,1499.95,
2025-03-21,sl-champ-etb,218791,Normal,124.97,117.99,147.0,399.99,
2025-03-21,sl-cz-etb,453470,Normal,125.86,120.0,140.0,1999.99,
2025-03-21,sl-evs-box,242436,Normal,1309.98,1235.0,1842.05,9999.99,
2025-03-21,sl-evs-etb,243721,Normal,471.19,465.0,502.5,989.89,
2025-03-21,sl-fs-box,247654,Normal,475.96,470.0,550.0,1127.99,
2025-03-21,sl-hf-etb,194729,Normal,282.42,285.0,300.0,999.98,
2025-03-21,sl-jp-151,565243,Normal,152.25,149.0,164.95,399.99,
2025-03-21,sl-jp-terastal,603428,Normal,112.35,108.0,119.99,170.0,
2025-03-21,sl-jt-box,610931,Normal,253.35,254.96,259.88,299.99,
2025-03-21,sl-lo-box,277324,Normal,395.32,387.01,450.0,1299.99,
2025-03-21,sl-obf-box,501257,Normal,199.35,199.99,234.5,999.99,
2025-03-21,sl-pe-etb,593355,Normal,141.39,138.2,149.99,289.99,
2025-03-21,sl-pe-spc,622770,Normal,459.23,456.85,458.88,498.87,
2025-03-21,sl-pf-etb,528040,Normal,123.38,115.99,129.95,209.98,
2025-03-21,sl-shf-etb,228821,Normal,78.58,72.43,90.0,999.0,
2025-03-21,sl-ss-box,565606,Normal,250.79,249.38,284.95,4999.99,
2025-03-21,sl-st-box,283389,Normal,267.56,265.0,300.0,1199.99,
2025-03-21,sl-tf-box,536225,Normal,182.15,179.99,200.0,400.0,
2025-03-21,sv2-185,497557,Normal,0.26,0.01,0.29,4.99,
2025-03-21,sv2-185,497557,Reverse Holofoil,1.01,0.2,0.99,9.99,1.59
2025-03-21,sv2-254,497669,Holofoil,19.56,14.99,20.0,100.0,29.72
2025-03-21,sv2-269,497689,Holofoil,67.6,59.99,74.41,259.99,68.09
2025-03-21,sv3pt5-151,516566,Holofoil,6.96,5.0,8.16,40.0,9.74
2025-03-21,sv3pt5-199,517045,Holofoil,233.69,226.04,280.0,975.0,227.89
2025-03-21,sv3pt5-205,517051,Holofoil,13.69,11.64,15.0,50.0,19.78
2025-03-21,sv3pt5-4,502555,Normal,0.12,0.01,0.15,4.95,
2025-03-21,sv3pt5-4,502555,Reverse Holofoil,0.19,0.07,0.28,10.0,0.25
2025-03-21,sv3pt5-6,502558,Holofoil,4.42,2.56,5.86,29.65,6.38
2025-03-21,sv3pt5-7,502548,Normal,0.18,0.01,0.16,15.0,
2025-03-21,sv3pt5-7,502548,Reverse Holofoil,0.27,0.07,0.25,4.95,
2025-03-21,sv4pt5-234,535090,Holofoil,195.52,187.46,209.31,499.98,
2025-03-21,sv4pt5-54,534416,Holofoil,2.85,1.79,3.0,45.0,3.5
2025-03-21,sv8-57,590025,Holofoil,7.28,4.7,7.5,50.0,8.16
2025-03-21,sv8pt5-149,610504,Holofoil,343.99,343.99,473.42,799.95,516.0
2025-03-21,sv8pt5-155,610510,Holofoil,413.17,355.35,426.5,899.95,
2025-03-21,sv8pt5-156,610511,Holofoil,470.78,424.0,500.0,899.95,699.94
2025-03-21,sv8pt5-161,610516,Holofoil,1520.4,1350.0,1549.99,3000.0,1520.4
2025-03-21,sv8pt5-167,610522,Holofoil,239.82,269.99,297.5,381.38,
2025-03-21,sv8pt5-179,610534,Holofoil,81.5,74.99,94.0,325.0,
2025-03-21,sv8pt5-28,610383,Holofoil,1.66,0.99,1.94,20.0,1.59
2025-03-21,sv8pt5-47,610402,Normal,0.08,0.01,0.1,10.0,0.06
2025-03-21,sv8pt5-47,610402,Reverse Holofoil,0.09,0.02,0.13,4.95,0.08
2025-03-21,sv8pt5-59,610414,Holofoil,0.3,0.01,0.47,35.0,0.3
2025-03-21,sv8pt5-59,610414,Reverse Holofoil,0.98,0.1,1.2,69.0,0.34
2025-03-21,sv8pt5-60,610415,Holofoil,7.5,6.0,9.68,33.0,7.79
2025-03-21,svp-085,518861,Normal,345.19,299.95,399.99,750.0,349.98
2025-03-21,swsh11-186,284137,Holofoil,660.16,427.99,699.99,1269.69,688.98
2025-03-21,swsh12-186,451834,Holofoil,296.9,268.71,327.99,699.95,300.0
2025-03-21,swsh12pt5gg-GG69,478100,Holofoil,198.77,182.37,217.16,1000.0,207.99
2025-03-21,swsh35-25,223018,Normal,0.09,0.02,0.17,1.25,
2025-03-21,swsh35-25,223018,Reverse Holofoil,0.34,0.09,0.3,2.0,
2025-03-21,swsh35-74,223073,Holofoil,208.21,156.0,249.77,1500.0,241.98
2025-03-21,swsh45sv-SV107,232496,Holofoil,120.7,114.66,130.19,445.06,129.95
2025-03-21,swsh7-204,246693,Holofoil,32.22,25.01,35.0,100.0,47.99
2025-03-21,swsh7-205,246696,Holofoil,443.7,359.68,469.0,786.35,468.99
2025-03-21,swsh7-208,246755,Holofoil,25.72,18.68,30.0,48.95,34.99
2025-03-21,swsh7-209,246756,Holofoil,373.41,270.99,400.0,799.99,399.99
2025-03-21,swsh7-211,246702,Holofoil,42.37,36.99,48.74,130.0,48.49
2025-03-21,swsh7-212,246704,Holofoil,432.18,345.0,488.95,1000.0,474.98
2025-03-21,swsh7-215,246723,Holofoil,1506.09,1299.0,1894.44,2696.8,1990.0
2025-03-21,swsh7-218,246733,Holofoil,802.52,715.0,844.99,1426.41,889.99
2025-03-21,swsh7-41,246753,Holofoil,5.2,3.45,5.35,89.0,6.38
2025-03-21,swsh7-65,246690,Holofoil,9.16,5.19,10.37,500.0,8.83
2025-03-21,swsh7-75,246701,Holofoil,10.68,7.73,10.28,50.0,10.9
2025-03-21,swsh7-8,246691,Holofoil,5.39,3.9,5.65,50.0,7.29
2025-03-21,swsh8-271,253266,Holofoil,673.28,597.0,721.85,1799.0,696.4
2025-03-21,swsh9-154,263873,Holofoil,216.7,197.73,234.99,1500.0,219.99
2025-03-22,base1-15,42355,Holofoil,124.56,79.99,123.98,300.0,
2025-03-22,base1-16,42356,Holofoil,39.02,20.0,35.2,77.99,59.95
2025-03-22,base1-2,42360,Holofoil,170.07,87.98,156.98,275.29,
2025-03-22,base1-4,42382,Holofoil,462.27,399.99,634.0,1249.99,
2025-03-22,base1-58,42402,Normal,2.88,0.49,2.38,9999.0,1.8
2025-03-22,cel25c-4,250320,Holofoil,91.73,90.0,105.33,250.0,94.75
2025-03-22,gym2-2,83861,1st Edition Holofoil,923.15,375.0,437.5,500.0,
2025-03-22,gym2-2,83861,Unlimited Holofoil,312.77,300.0,439.99,550.0,399.99
2025-03-22,neo1-9,86903,1st Edition Holofoil,1251.5,680.45,1500.0,2950.0,
2025-03-22,neo1-9,86903,Unlimited Holofoil,352.94,344.92,427.12,1000.0,
2025-03-22,sl-151-bundle,502000,Normal,62.95,60.0,69.99,200.0,
2025-03-22,sl-151-etb,503313,Normal,205.77,194.98,226.0,4999.99,
2025-03-22,sl-151-upc,502005,Normal,347.04,342.94,399.93,4999.99,
2025-03-22,sl-ar-box,265519,Normal,271.31,273.0,300.0,1999.99,
2025-03-22,sl-bs-box,256141,Normal,297.44,279.98,343.03,999.99,
2025-03-22,sl-cel-upc,245140,Normal,444.31,468.0,525.0,1499.95,
2025-03-22,sl-champ-etb,218791,Normal,126.4,117.99,147.0,399.99,
2025-03-22,sl-cz-etb,453470,Normal,126.4,120.0,140.0,1999.99,
2025-03-22,sl-evs-box,242436,Normal,1309.48,1235.0,1800.1,9999.99,
2025-03-22,sl-evs-etb,243721,Normal,471.19,490.0,505.0,989.89,
2025-03-22,sl-fs-box,247654,Normal,474.96,470.0,550.0,1127.99,
2025-03-22,sl-hf-etb,194729,Normal,282.42,285.0,300.0,999.98,
2025-03-22,sl-jp-151,565243,Normal,155.03,148.98,164.97,399.99,
2025-03-22,sl-jp-terastal,603428,Normal,113.65,104.0,120.0,170.0,
2025-03-22,sl-jt-box,610931,Normal,262.32,262.95,270.32,299.99,
2025-03-22,sl-lo-box,277324,Normal,394.56,387.01,453.0,1299.99,
2025-03-22,sl-obf-box,501257,Normal,199.78,191.01,234.5,999.99,
2025-03-22,sl-pe-etb,593355,Normal,142.72,138.9,150.0,289.99,
2025-03-22,sl-pe-spc,622770,Normal,458.57,456.85,458.9,498.87,
2025-03-22,sl-pf-etb,528040,Normal,126.44,115.99,129.95,209.98,
2025-03-22,sl-shf-etb,228821,Normal,77.98,72.43,91.0,999.0,
2025-03-22,sl-ss-box,565606,Normal,252.17,249.99,289.97,4999.99,
2025-03-22,sl-st-box,283389,Normal,270.0,265.0,300.0,1199.99,
2025-03-22,sl-tf-box,536225,Normal,182.16,169.96,200.0,400.0,
2025-03-22,sv2-185,497557,Normal,0.28,0.01,0.29,4.99,
2025-03-22,sv2-185,497557,Reverse Holofoil,1.07,0.2,1.01,9.99,3.99
2025-03-22,sv2-254,497669,Holofoil,18.65,14.99,20.05,100.0,25.24
2025-03-22,sv2-269,497689,Holofoil,66.16,59.99,74.41,259.99,82.73
2025-03-22,sv3pt5-151,516566,Holofoil,8.06,5.0,8.35,40.0,12.45
2025-03-22,sv3pt5-199,517045,Holofoil,231.49,224.0,280.0,975.0,274.99
2025-03-22,sv3pt5-205,517051,Holofoil,14.09,11.21,15.0,50.0,19.49
2025-03-22,sv3pt5-4,502555,Normal,0.11,0.01,0.15,4.95,
2025-03-22,sv3pt5-4,502555,Reverse Holofoil,0.2,0.07,0.28,10.0,
2025-03-22,sv3pt5-6,502558,Holofoil,4.78,2.56,5.75,29.65,5.25
2025-03-22,sv3pt5-7,502548,Normal,0.18,0.01,0.17,15.0,
2025-03-22,sv3pt5-7,502548,Reverse Holofoil,0.26,0.08,0.25,4.95,
2025-03-22,sv4pt5-234,535090,Holofoil,195.52,187.7,209.48,499.98,
2025-03-22,sv4pt5-54,534416,Holofoil,2.8,1.79,3.0,45.0,4.48
2025-03-22,sv8-57,590025,Holofoil,5.78,5.0,7.49,50.0,10.24
2025-03-22,sv8pt5-149,610504,Holofoil,343.99,340.55,499.99,799.95,516.0
2025-03-22,sv8pt5-155,610510,Holofoil,412.99,355.35,429.0,899.95,
2025-03-22,sv8pt5-156,610511,Holofoil,470.78,424.0,500.0,899.95,699.94
2025-03-22,sv8pt5-161,610516,Holofoil,1520.4,1350.0,1529.99,3000.0,1520.4
2025-03-22,sv8pt5-167,610522,Holofoil,239.82,229.7,269.99,377.78,
2025-03-22,sv8pt5-179,610534,Holofoil,81.5,74.99,93.57,325.0,
2025-03-22,sv8pt5-28,610383,Holofoil,1.69,0.99,1.89,20.0,
2025-03-22,sv8pt5-47,610402,Normal,0.05,0.01,0.1,10.0,0.06
2025-03-22,sv8pt5-47,610402,Reverse Holofoil,0.08,0.02,0.12,4.95,0.08
2025-03-22,sv8pt5-59,610414,Holofoil,0.39,0.01,0.47,35.0,
2025-03-22,sv8pt5-59,610414,Reverse Holofoil,0.96,0.1,1.2,69.0,
2025-03-22,sv8pt5-60,610415,Holofoil,6.64,5.0,9.55,33.0,
2025-03-22,svp-085,518861,Normal,342.71,299.95,389.94,750.0,349.98
2025-03-22,swsh11-186,284137,Holofoil,660.16,427.99,699.99,1269.69,688.98
2025-03-22,swsh12-186,451834,Holofoil,297.58,269.0,330.0,699.95,325.49
2025-03-22,swsh12pt5gg-GG69,478100,Holofoil,199.64,182.37,215.0,1000.0,207.99
2025-03-22,swsh35-25,223018,Normal,0.09,0.02,0.17,1.25,
2025-03-22,swsh35-25,223018,Reverse Holofoil,0.34,0.09,0.3,2.0,
2025-03-22,swsh35-74,223073,Holofoil,208.21,156.0,249.99,1500.0,241.98
2025-03-22,swsh45sv-SV107,232496,Holofoil,121.17,115.25,139.28,445.06,129.95
2025-03-22,swsh7-204,246693,Holofoil,32.22,26.0,34.87,100.0,47.99
2025-03-22,swsh7-205,246696,Holofoil,443.7,359.68,468.99,789.26,468.99
2025-03-22,swsh7-208,246755,Holofoil,25.72,18.68,30.0,48.95,34.98
2025-03-22,swsh7-209,246756,Holofoil,373.41,270.99,399.99,799.99,399.99
2025-03-22,swsh7-211,246702,Holofoil,42.37,36.99,47.23,130.0,48.49
2025-03-22,swsh7-212,246704,Holofoil,429.18,344.0,488.95,1000.0,474.98
2025-03-22,swsh7-215,246723,Holofoil,1609.93,1299.0,1888.88,2713.2,1997.99
2025-03-22,swsh7-218,246733,Holofoil,802.52,645.0,809.99,1427.49,889.99
2025-03-22,swsh7-41,246753,Holofoil,5.43,3.45,5.3,89.0,4.6
2025-03-22,swsh7-65,246690,Holofoil,8.94,5.19,10.03,500.0,10.49
2025-03-22,swsh7-75,246701,Holofoil,10.57,7.73,10.32,50.0,10.9
2025-03-22,swsh7-8,246691,Holofoil,5.27,3.9,5.71,50.0,5.99
2025-03-22,swsh8-271,253266,Holofoil,670.16,597.0,723.92,1799.0,699.95
2025-03-22,swsh9-154,263873,Holofoil,216.7,191.0,233.99,1500.0,199.99
2025-03-23,base1-15,42355,Holofoil,124.56,79.99,123.99,300.0,
2025-03-23,base1-16,42356,Holofoil,39.0,20.0,35.25,77.99,59.95
2025-03-23,base1-2,42360,Holofoil,170.07,87.99,156.98,500.0,
2025-03-23,base1-4,42382,Holofoil,462.27,396.22,634.0,1249.99,
2025-03-23,base1-58,42402,Normal,2.83,0.49,2.25,9999.0,7.45
2025-03-23,cel25c-4,250320,Holofoil,91.73,88.0,104.9,250.0,94.75
2025-03-23,gym2-2,83861,1st Edition Holofoil,923.15,375.0,437.5,500.0,
2025-03-23,gym2-2,83861,Unlimited Holofoil,312.77,299.99,399.99,550.0,399.99
2025-03-23,neo1-9,86903,1st Edition Holofoil,1251.5,680.45,1815.23,2950.0,
2025-03-23,neo1-9,86903,Unlimited Holofoil,352.94,344.92,427.12,1000.0,
2025-03-23,sl-151-bundle,502000,Normal,63.79,57.46,70.0,200.0,
2025-03-23,sl-151-etb,503313,Normal,203.51,205.0,226.0,4999.99,
2025-03-23,sl-151-upc,502005,Normal,344.26,345.0,399.98,4999.99,
2025-03-23,sl-ar-box,265519,Normal,271.31,273.0,300.0,1999.99,
2025-03-23,sl-bs-box,256141,Normal,297.16,279.98,342.87,999.99,
2025-03-23,sl-cel-upc,245140,Normal,444.31,468.0,525.0,1499.95,
2025-03-23,sl-champ-etb,218791,Normal,126.57,117.99,147.0,399.99,
2025-03-23,sl-cz-etb,453470,Normal,125.44,120.0,140.0,1999.99,
2025-03-23,sl-evs-box,242436,Normal,1309.48,1235.0,1842.05,9999.99,
2025-03-23,sl-evs-etb,243721,Normal,471.19,490.0,500.0,989.89,
2025-03-23,sl-fs-box,247654,Normal,474.36,465.0,550.0,1127.99,
2025-03-23,sl-hf-etb,194729,Normal,283.22,285.0,300.0,999.98,
2025-03-23,sl-jp-151,565243,Normal,155.22,150.01,164.97,399.99,
2025-03-23,sl-jp-terastal,603428,Normal,113.49,109.68,120.0,170.0,
2025-03-23,sl-jt-box,610931,Normal,272.72,274.95,280.33,299.99,
2025-03-23,sl-lo-box,277324,Normal,394.08,387.01,450.0,1299.99,
2025-03-23,sl-obf-box,501257,Normal,200.46,199.99,241.5,999.99,
2025-03-23,sl-pe-etb,593355,Normal,142.63,138.62,150.0,289.99,
2025-03-23,sl-pe-spc,622770,Normal,458.44,456.74,458.85,498.87,
2025-03-23,sl-pf-etb,528040,Normal,126.3,115.99,129.95,209.98,
2025-03-23,sl-shf-etb,228821,Normal,78.02,72.43,90.0,999.0,
2025-03-23,sl-ss-box,565606,Normal,252.68,250.0,291.3,4999.99,
2025-03-23,sl-st-box,283389,Normal,271.6,265.0,300.0,1199.99,
2025-03-23,sl-tf-box,536225,Normal,182.01,185.0,219.99,400.0,
2025-03-23,sv2-185,497557,Normal,0.28,0.01,0.29,4.99,
2025-03-23,sv2-185,497557,Reverse Holofoil,1.04,0.2,1.0,9.99,4.74
2025-03-23,sv2-254,497669,Holofoil,20.34,14.99,20.27,100.0,20.34
2025-03-23,sv2-269,497689,Holofoil,65.27,64.99,74.44,259.99,
2025-03-23,sv3pt5-151,516566,Holofoil,7.82,5.0,8.28,40.0,7.39
2025-03-23,sv3pt5-199,517045,Holofoil,249.98,224.99,280.0,975.0,
2025-03-23,sv3pt5-205,517051,Holofoil,14.44,11.95,15.0,50.0,19.71
2025-03-23,sv3pt5-4,502555,Normal,0.11,0.01,0.15,4.95,
2025-03-23,sv3pt5-4,502555,Reverse Holofoil,0.23,0.07,0.28,10.0,
2025-03-23,sv3pt5-6,502558,Holofoil,4.51,2.56,5.72,29.65,9.9
2025-03-23,sv3pt5-7,502548,Normal,0.17,0.01,0.17,15.0,
2025-03-23,sv3pt5-7,502548,Reverse Holofoil,0.23,0.08,0.25,4.95,
2025-03-23,sv4pt5-234,535090,Holofoil,194.82,185.99,209.78,499.98,
2025-03-23,sv4pt5-54,534416,Holofoil,2.9,1.79,3.0,45.0,4.48
2025-03-23,sv8-57,590025,Holofoil,7.95,5.0,7.5,50.0,10.49
2025-03-23,sv8pt5-149,610504,Holofoil,343.99,340.55,465.42,799.95,516.0
2025-03-23,sv8pt5-155,610510,Holofoil,413.39,355.35,419.98,899.95,
2025-03-23,sv8pt5-156,610511,Holofoil,470.78,424.0,500.0,899.95,699.94
2025-03-23,sv8pt5-161,610516,Holofoil,1509.61,1298.0,1529.99,3000.0,
2025-03-23,sv8pt5-167,610522,Holofoil,239.82,229.7,272.5,377.78,
2025-03-23,sv8pt5-179,610534,Holofoil,81.22,74.99,93.09,325.0,
2025-03-23,sv8pt5-28,610383,Holofoil,1.77,0.99,1.92,20.0,
2025-03-23,sv8pt5-47,610402,Normal,0.05,0.01,0.1,10.0,0.04
2025-03-23,sv8pt5-47,610402,Reverse Holofoil,0.09,0.02,0.13,4.95,0.07
2025-03-23,sv8pt5-59,610414,Holofoil,0.43,0.01,0.46,35.0,
2025-03-23,sv8pt5-59,610414,Reverse Holofoil,0.9,0.25,1.15,69.0,
2025-03-23,sv8pt5-60,610415,Holofoil,6.97,5.0,9.48,33.0,
2025-03-23,svp-085,518861,Normal,343.23,299.95,389.94,750.0,349.98
2025-03-23,swsh11-186,284137,Holofoil,655.36,430.94,699.97,1269.69,688.98
2025-03-23,swsh12-186,451834,Holofoil,297.58,269.0,327.99,699.95,308.85
2025-03-23,swsh12pt5gg-GG69,478100,Holofoil,199.64,182.37,214.99,1000.0,207.99
2025-03-23,swsh35-25,223018,Normal,0.09,0.02,0.17,1.25,
2025-03-23,swsh35-25,223018,Reverse Holofoil,0.34,0.09,0.3,2.0,
2025-03-23,swsh35-74,223073,Holofoil,208.21,160.0,249.97,1500.0,241.98
2025-03-23,swsh45sv-SV107,232496,Holofoil,121.71,119.98,138.0,445.06,129.95
2025-03-23,swsh7-204,246693,Holofoil,31.73,26.0,34.9,100.0,47.99
2025-03-23,swsh7-205,246696,Holofoil,441.77,359.68,467.99,786.19,467.98
2025-03-23,swsh7-208,246755,Holofoil,25.72,18.68,30.0,48.95,34.98
2025-03-23,swsh7-209,246756,Holofoil,373.41,271.99,399.49,799.99,357.3
2025-03-23,swsh7-211,246702,Holofoil,42.37,36.99,45.97,130.0,48.49
2025-03-23,swsh7-212,246704,Holofoil,426.58,344.0,480.65,1000.0,474.49
2025-03-23,swsh7-215,246723,Holofoil,1627.97,1299.0,1899.99,2722.5,1994.99
2025-03-23,swsh7-218,246733,Holofoil,802.3,645.0,844.99,1427.81,885.65
2025-03-23,swsh7-41,246753,Holofoil,5.14,3.45,5.25,89.0,7.49
2025-03-23,swsh7-65,246690,Holofoil,8.65,5.19,10.0,500.0,8.05
2025-03-23,swsh7-75,246701,Holofoil,10.38,7.73,10.32,50.0,10.89
2025-03-23,swsh7-8,246691,Holofoil,5.12,3.89,5.71,50.0,6.56
2025-03-23,swsh8-271,253266,Holofoil,670.16,597.0,719.99,1799.0,699.95
2025-03-23,swsh9-154,263873,Holofoil,216.7,188.54,231.0,1500.0,188.54
2025-03-24,base1-15,42355,Holofoil,124.56,79.99,124.0,300.0,89.95
2025-03-24,base1-16,42356,Holofoil,39.1,20.0,35.65,77.99,59.95
2025-03-24,base1-2,42360,Holofoil,170.07,87.99,156.98,500.0,
2025-03-24,base1-4,42382,Holofoil,462.27,396.22,589.99,1249.99,
2025-03-24,base1-58,42402,Normal,3.14,0.5,2.5,9999.0,
2025-03-24,cel25c-4,250320,Holofoil,91.52,90.0,100.41,250.0,89.97
2025-03-24,gym2-2,83861,1st Edition Holofoil,923.15,375.0,376.48,500.0,
2025-03-24,gym2-2,83861,Unlimited Holofoil,312.77,294.99,439.99,599.0,399.99
2025-03-24,neo1-9,86903,1st Edition Holofoil,1251.5,680.45,1815.23,2950.0,
2025-03-24,neo1-9,86903,Unlimited Holofoil,352.94,344.92,427.12,1000.0,
2025-03-24,sl-151-bundle,502000,Normal,64.21,55.0,70.0,200.0,
2025-03-24,sl-151-etb,503313,Normal,201.2,205.0,225.0,4999.99,
2025-03-24,sl-151-upc,502005,Normal,345.27,345.0,399.99,20000.0,
2025-03-24,sl-ar-box,265519,Normal,271.31,265.77,300.0,1999.99,
2025-03-24,sl-bs-box,256141,Normal,297.16,274.99,344.0,999.99,
2025-03-24,sl-cel-upc,245140,Normal,445.91,468.0,525.0,1499.95,
2025-03-24,sl-champ-etb,218791,Normal,126.88,117.99,145.0,399.99,
2025-03-24,sl-cz-etb,453470,Normal,126.13,114.99,140.0,1999.99,
2025-03-24,sl-evs-box,242436,Normal,1306.88,1295.0,1884.0,9999.99,
2025-03-24,sl-evs-etb,243721,Normal,471.19,490.0,500.0,989.89,
2025-03-24,sl-fs-box,247654,Normal,472.68,469.0,549.99,1127.99,
2025-03-24,sl-hf-etb,194729,Normal,284.22,285.0,300.0,999.98,
2025-03-24,sl-jp-151,565243,Normal,156.53,148.98,164.97,399.99,
2025-03-24,sl-jp-terastal,603428,Normal,113.47,111.0,120.0,170.0,
2025-03-24,sl-jt-box,610931,Normal,282.81,296.0,313.95,399.99,
2025-03-24,sl-lo-box,277324,Normal,395.21,387.01,450.0,1299.99,
2025-03-24,sl-obf-box,501257,Normal,202.67,199.99,241.5,999.99,
2025-03-24,sl-pe-etb,593355,Normal,141.35,135.0,149.99,289.99,
2025-03-24,sl-pe-spc,622770,Normal,458.4,456.74,458.72,498.87,
2025-03-24,sl-pf-etb,528040,Normal,126.71,115.99,129.94,209.98,
2025-03-24,sl-shf-etb,228821,Normal,79.16,72.43,90.0,999.0,
2025-03-24,sl-ss-box,565606,Normal,254.25,250.0,293.99,4999.99,
2025-03-24,sl-st-box,283389,Normal,272.72,265.0,300.0,1199.99,
2025-03-24,sl-tf-box,536225,Normal,186.07,189.99,220.99,400.0,
2025-03-24,sv2-185,497557,Normal,0.29,0.01,0.3,4.99,
2025-03-24,sv2-185,497557,Reverse Holofoil,1.63,0.2,1.05,9.99,1.08
2025-03-24,sv2-254,497669,Holofoil,20.47,14.99,20.41,100.0,20.34
2025-03-24,sv2-269,497689,Holofoil,65.99,61.19,75.0,259.99,70.0
2025-03-24,sv3pt5-151,516566,Holofoil,8.04,5.0,8.13,40.0,14.94
2025-03-24,sv3pt5-199,517045,Holofoil,246.42,224.99,280.0,975.0,224.99
2025-03-24,sv3pt5-205,517051,Holofoil,13.79,10.95,15.0,50.0,17.28
2025-03-24,sv3pt5-4,502555,Normal,0.11,0.01,0.15,4.95,0.09
2025-03-24,sv3pt5-4,502555,Reverse Holofoil,0.21,0.07,0.28,10.0,0.09
2025-03-24,sv3pt5-6,502558,Holofoil,4.52,3.0,5.71,29.65,9.89
2025-03-24,sv3pt5-7,502548,Normal,0.13,0.01,0.16,15.0,
2025-03-24,sv3pt5-7,502548,Reverse Holofoil,0.23,0.07,0.25,4.95,
2025-03-24,sv4pt5-234,535090,Holofoil,193.6,165.0,206.71,499.98,
2025-03-24,sv4pt5-54,534416,Holofoil,2.51,1.91,3.0,45.0,4.46
2025-03-24,sv8-57,590025,Holofoil,6.64,4.18,7.5,50.0,9.75
2025-03-24,sv8pt5-149,610504,Holofoil,346.61,425.13,515.99,799.95,515.99
2025-03-24,sv8pt5-155,610510,Holofoil,412.78,355.35,433.0,899.95,
2025-03-24,sv8pt5-156,610511,Holofoil,470.78,424.0,500.0,899.95,699.94
2025-03-24,sv8pt5-161,610516,Holofoil,1477.09,1298.0,1549.99,3000.0,
2025-03-24,sv8pt5-167,610522,Holofoil,240.82,226.72,269.99,377.78,
2025-03-24,sv8pt5-179,610534,Holofoil,81.06,74.99,92.0,325.0,
2025-03-24,sv8pt5-28,610383,Holofoil,1.65,0.99,1.9,20.0,
2025-03-24,sv8pt5-47,610402,Normal,0.06,0.01,0.1,10.0,0.04
2025-03-24,sv8pt5-47,610402,Reverse Holofoil,0.08,0.02,0.12,4.95,0.07
2025-03-24,sv8pt5-59,610414,Holofoil,0.44,0.01,0.47,35.0,0.43
2025-03-24,sv8pt5-59,610414,Reverse Holofoil,0.76,0.1,1.14,69.0,
2025-03-24,sv8pt5-60,610415,Holofoil,6.18,5.0,9.25,33.0,7.99
2025-03-24,svp-085,518861,Normal,343.15,299.95,387.95,750.0,349.98
2025-03-24,swsh11-186,284137,Holofoil,642.47,430.68,692.0,1269.69,688.99
2025-03-24,swsh12-186,451834,Holofoil,297.85,268.73,319.04,699.95,291.02
2025-03-24,swsh12pt5gg-GG69,478100,Holofoil,202.81,182.37,215.21,1000.0,239.98
2025-03-24,swsh35-25,223018,Normal,0.09,0.02,0.16,1.25,
2025-03-24,swsh35-25,223018,Reverse Holofoil,0.34,0.09,0.3,2.0,
2025-03-24,swsh35-74,223073,Holofoil,209.13,160.0,246.64,1500.0,241.98
2025-03-24,swsh45sv-SV107,232496,Holofoil,121.85,118.98,135.73,445.06,129.95
2025-03-24,swsh7-204,246693,Holofoil,31.49,26.0,34.9,100.0,47.99
2025-03-24,swsh7-205,246696,Holofoil,441.77,359.68,467.98,786.19,467.95
2025-03-24,swsh7-208,246755,Holofoil,26.21,18.68,30.0,48.95,34.71
2025-03-24,swsh7-209,246756,Holofoil,373.4,347.52,399.99,799.99,357.3
2025-03-24,swsh7-211,246702,Holofoil,42.37,36.99,48.49,130.0,48.49
2025-03-24,swsh7-212,246704,Holofoil,426.58,344.0,476.38,1000.0,473.99
2025-03-24,swsh7-215,246723,Holofoil,1627.97,1299.0,1994.49,2722.5,1994.49
2025-03-24,swsh7-218,246733,Holofoil,802.3,645.0,888.74,1427.81,889.95
2025-03-24,swsh7-41,246753,Holofoil,5.46,3.45,5.4,89.0,4.6
2025-03-24,swsh7-65,246690,Holofoil,8.3,5.19,10.0,500.0,8.05
2025-03-24,swsh7-75,246701,Holofoil,10.54,7.73,10.32,50.0,9.17
2025-03-24,swsh7-8,246691,Holofoil,5.43,3.9,5.8,50.0,6.56
2025-03-24,swsh8-271,253266,Holofoil,670.16,597.0,722.23,1799.0,609.99
2025-03-24,swsh9-154,263873,Holofoil,216.53,188.54,231.99,1500.0,188.54
2025-03-25,base1-15,42355,Holofoil,124.56,79.99,124.5,300.0,89.95
2025-03-25,base1-16,42356,Holofoil,39.1,20.0,36.0,77.99,59.95
2025-03-25,base1-2,42360,Holofoil,170.07,87.99,153.96,500.0,
2025-03-25,base1-4,42382,Holofoil,462.27,396.22,612.0,1249.99,
2025-03-25,base1-58,42402,Normal,3.04,0.5,2.33,9999.0,
2025-03-25,cel25c-4,250320,Holofoil,91.7,88.0,100.41,250.0,89.97
2025-03-25,gym2-2,83861,1st Edition Holofoil,923.15,375.0,375.74,376.48,
2025-03-25,gym2-2,83861,Unlimited Holofoil,312.77,294.99,439.99,599.0,399.99
2025-03-25,neo1-9,86903,1st Edition Holofoil,1251.5,680.45,1815.23,2950.0,
2025-03-25,neo1-9,86903,Unlimited Holofoil,368.2,344.92,395.94,1000.0,
2025-03-25,sl-151-bundle,502000,Normal,63.23,53.0,70.0,200.0,
2025-03-25,sl-151-etb,503313,Normal,200.47,195.0,225.0,4999.99,
2025-03-25,sl-151-upc,502005,Normal,347.05,348.98,399.99,20000.0,
2025-03-25,sl-ar-box,265519,Normal,271.31,265.77,299.98,1999.99,
2025-03-25,sl-bs-box,256141,Normal,294.97,285.0,344.0,999.99,
2025-03-25,sl-cel-upc,245140,Normal,448.11,468.0,525.0,1499.95,
2025-03-25,sl-champ-etb,218791,Normal,126.67,117.99,147.0,399.99,
2025-03-25,sl-cz-etb,453470,Normal,122.63,114.99,149.97,1999.99,
2025-03-25,sl-dr-box,624679,Normal,,1500.0,1500.0,1500.0,
2025-03-25,sl-evs-box,242436,Normal,1305.35,1301.0,1990.0,9999.99,
2025-03-25,sl-evs-etb,243721,Normal,471.19,465.0,500.0,989.89,
2025-03-25,sl-fs-box,247654,Normal,473.24,469.0,530.0,1127.99,
2025-03-25,sl-hf-etb,194729,Normal,284.22,285.0,316.5,999.98,
2025-03-25,sl-jp-151,565243,Normal,155.94,149.99,165.0,399.99,
2025-03-25,sl-jp-terastal,603428,Normal,114.68,110.0,120.0,170.0,
2025-03-25,sl-jt-box,610931,Normal,272.77,259.97,285.0,399.99,
2025-03-25,sl-lo-box,277324,Normal,394.73,387.01,450.0,1299.99,
2025-03-25,sl-obf-box,501257,Normal,205.6,199.99,248.9,999.99,
2025-03-25,sl-pe-etb,593355,Normal,140.36,127.47,149.99,289.99,
2025-03-25,sl-pe-spc,622770,Normal,458.42,456.74,457.5,498.87,
2025-03-25,sl-pf-etb,528040,Normal,125.49,115.99,130.0,209.98,
2025-03-25,sl-shf-etb,228821,Normal,79.46,72.43,90.0,999.0,
2025-03-25,sl-ss-box,565606,Normal,257.34,240.0,293.8,4999.99,
2025-03-25,sl-st-box,283389,Normal,273.2,262.01,300.0,1199.99,
2025-03-25,sl-tf-box,536225,Normal,191.17,188.96,221.99,400.0,
2025-03-25,sv2-185,497557,Normal,0.22,0.01,0.29,4.99,0.27
2025-03-25,sv2-185,497557,Reverse Holofoil,1.23,0.2,1.1,9.99,4.99
2025-03-25,sv2-254,497669,Holofoil,21.14,14.99,20.63,100.0,29.74
2025-03-25,sv2-269,497689,Holofoil,65.11,61.19,74.74,259.99,70.0
2025-03-25,sv3pt5-151,516566,Holofoil,8.12,3.17,8.32,40.0,14.94
2025-03-25,sv3pt5-199,517045,Holofoil,242.42,220.0,280.0,870.0,255.0
2025-03-25,sv3pt5-205,517051,Holofoil,14.14,12.0,15.0,50.0,12.5
2025-03-25,sv3pt5-4,502555,Normal,0.11,0.01,0.15,4.95,0.08
2025-03-25,sv3pt5-4,502555,Reverse Holofoil,0.19,0.05,0.28,10.0,0.25
2025-03-25,sv3pt5-6,502558,Holofoil,4.92,2.98,5.77,29.65,8.18
2025-03-25,sv3pt5-7,502548,Normal,0.14,0.01,0.16,15.0,0.12
2025-03-25,sv3pt5-7,502548,Reverse Holofoil,0.24,0.05,0.25,4.95,
2025-03-25,sv4pt5-234,535090,Holofoil,192.84,173.24,204.1,499.98,
2025-03-25,sv4pt5-54,534416,Holofoil,3.11,1.89,3.0,45.0,4.48
2025-03-25,sv8-57,590025,Holofoil,7.19,5.0,7.5,50.0,10.5
2025-03-25,sv8pt5-149,610504,Holofoil,358.74,424.0,515.99,799.95,
2025-03-25,sv8pt5-155,610510,Holofoil,412.98,345.0,424.99,899.95,
2025-03-25,sv8pt5-156,610511,Holofoil,472.58,424.0,500.0,899.95,699.94
2025-03-25,sv8pt5-161,610516,Holofoil,1471.09,1265.99,1549.99,3000.0,
2025-03-25,sv8pt5-167,610522,Holofoil,238.89,228.76,269.99,376.28,
2025-03-25,sv8pt5-179,610534,Holofoil,80.28,73.2,90.0,325.0,
2025-03-25,sv8pt5-28,610383,Holofoil,1.45,0.99,1.89,20.0,1.54
2025-03-25,sv8pt5-47,610402,Normal,0.05,0.01,0.1,10.0,0.04
2025-03-25,sv8pt5-47,610402,Reverse Holofoil,0.07,0.02,0.12,4.95,
2025-03-25,sv8pt5-59,610414,Holofoil,0.32,0.01,0.47,35.0,
2025-03-25,sv8pt5-59,610414,Reverse Holofoil,0.77,0.25,1.14,69.0,
2025-03-25,sv8pt5-60,610415,Holofoil,6.68,5.1,9.22,33.0,7.37
2025-03-25,svp-085,518861,Normal,343.98,299.95,385.0,750.0,349.98
2025-03-25,swsh11-186,284137,Holofoil,640.61,430.68,699.99,1269.69,688.99
2025-03-25,swsh12-186,451834,Holofoil,297.54,268.73,310.0,699.95,275.0
2025-03-25,swsh12pt5gg-GG69,478100,Holofoil,201.05,175.0,215.21,1000.0,239.96
2025-03-25,swsh35-25,223018,Normal,0.09,0.02,0.16,1.25,
2025-03-25,swsh35-25,223018,Reverse Holofoil,0.35,0.09,0.3,2.0,
2025-03-25,swsh35-74,223073,Holofoil,206.87,160.0,243.1,1500.0,241.98
2025-03-25,swsh45sv-SV107,232496,Holofoil,122.56,96.27,134.82,445.06,129.99
2025-03-25,swsh7-204,246693,Holofoil,31.37,26.0,35.0,100.0,47.95
2025-03-25,swsh7-205,246696,Holofoil,441.39,358.99,465.92,791.32,467.95
2025-03-25,swsh7-208,246755,Holofoil,26.05,18.68,30.0,48.95,34.69
2025-03-25,swsh7-209,246756,Holofoil,373.4,347.54,399.99,799.99,357.3
2025-03-25,swsh7-211,246702,Holofoil,42.74,36.99,45.0,130.0,48.98
2025-03-25,swsh7-212,246704,Holofoil,423.21,344.0,473.99,1000.0,473.95
2025-03-25,swsh7-215,246723,Holofoil,1643.05,1299.0,1978.0,2876.4,1976.99
2025-03-25,swsh7-218,246733,Holofoil,813.17,645.0,890.12,1441.48,889.99
2025-03-25,swsh7-41,246753,Holofoil,5.71,3.45,5.52,89.0,4.04
2025-03-25,swsh7-65,246690,Holofoil,9.23,5.19,9.99,500.0,11.65
2025-03-25,swsh7-75,246701,Holofoil,10.45,7.73,10.32,50.0,11.94
2025-03-25,swsh7-8,246691,Holofoil,5.51,3.9,5.77,50.0,6.56
2025-03-25,swsh8-271,253266,Holofoil,670.16,597.0,720.0,1799.0,609.99
2025-03-25,swsh9-154,263873,Holofoil,216.29,182.79,228.0,1500.0,182.79
2025-03-26,base1-15,42355,Holofoil,124.56,74.0,122.77,300.0,
2025-03-26,base1-16,42356,Holofoil,39.1,20.0,36.18,77.99,59.95
2025-03-26,base1-2,42360,Holofoil,170.07,94.75,153.96,275.13,
2025-03-26,base1-4,42382,Holofoil,461.11,394.25,545.0,1249.99,
2025-03-26,base1-58,42402,Normal,3.29,0.5,2.25,9999.0,1.99
2025-03-26,cel25c-4,250320,Holofoil,90.67,89.96,101.78,250.0,94.75
2025-03-26,gym2-2,83861,1st Edition Holofoil,923.15,375.0,375.74,376.48,
2025-03-26,gym2-2,83861,Unlimited Holofoil,312.77,289.99,399.99,550.0,399.99
2025-03-26,neo1-9,86903,1st Edition Holofoil,1251.5,680.45,1825.0,2954.98,
2025-03-26,neo1-9,86903,Unlimited Holofoil,368.2,344.92,395.94,1000.0,
2025-03-26,sl-151-bundle,502000,Normal,66.38,59.99,70.0,200.0,
2025-03-26,sl-151-etb,503313,Normal,202.75,205.0,229.5,4999.99,
2025-03-26,sl-151-upc,502005,Normal,346.29,348.99,400.0,20000.0,
2025-03-26,sl-ar-box,265519,Normal,271.31,265.77,300.0,1999.99,
2025-03-26,sl-bs-box,256141,Normal,294.97,285.0,344.0,999.99,
2025-03-26,sl-cel-upc,245140,Normal,449.11,468.0,525.0,1499.95,
2025-03-26,sl-champ-etb,218791,Normal,126.82,117.99,145.0,399.99,
2025-03-26,sl-cz-etb,453470,Normal,123.8,114.99,149.99,1999.99,
2025-03-26,sl-dr-box,624679,Normal,351.86,379.94,449.95,1500.0,
2025-03-26,sl-evs-box,242436,Normal,1305.35,1301.0,1990.0,9999.99,
2025-03-26,sl-evs-etb,243721,Normal,471.19,465.0,507.5,989.89,
2025-03-26,sl-fs-box,247654,Normal,473.2,469.0,507.5,1127.99,
2025-03-26,sl-hf-etb,194729,Normal,285.02,285.0,300.0,999.98,
2025-03-26,sl-jp-151,565243,Normal,156.68,148.98,164.09,399.99,
2025-03-26,sl-jp-terastal,603428,Normal,114.65,110.0,120.0,170.0,
2025-03-26,sl-jt-box,610931,Normal,253.78,245.0,278.98,399.99,
2025-03-26,sl-lo-box,277324,Normal,394.73,387.01,449.99,1299.99,
2025-03-26,sl-obf-box,501257,Normal,206.76,199.99,248.95,999.99,
2025-03-26,sl-pe-etb,593355,Normal,140.19,127.47,149.99,289.99,
2025-03-26,sl-pe-spc,622770,Normal,458.42,454.85,456.75,498.87,
2025-03-26,sl-pf-etb,528040,Normal,125.81,115.99,134.98,209.98,
2025-03-26,sl-shf-etb,228821,Normal,80.16,72.43,89.99,999.0,
2025-03-26,sl-ss-box,565606,Normal,251.31,245.0,289.94,4999.99,
2025-03-26,sl-st-box,283389,Normal,273.2,260.0,300.0,1199.99,
2025-03-26,sl-tf-box,536225,Normal,195.64,190.0,220.99,400.0,
2025-03-26,sv2-185,497557,Normal,0.27,0.01,0.29,4.99,0.23
2025-03-26,sv2-185,497557,Reverse Holofoil,1.16,0.25,1.12,9.99,1.58
2025-03-26,sv2-254,497669,Holofoil,21.56,14.99,21.49,100.0,27.06
2025-03-26,sv2-269,497689,Holofoil,64.52,62.0,76.4,259.99,74.94
2025-03-26,sv3pt5-151,516566,Holofoil,8.15,5.0,8.21,40.0,8.36
2025-03-26,sv3pt5-199,517045,Holofoil,247.68,220.0,290.0,870.0,
2025-03-26,sv3pt5-205,517051,Holofoil,12.58,10.0,14.99,50.0,14.74
2025-03-26,sv3pt5-4,502555,Normal,0.11,0.01,0.15,4.95,0.08
2025-03-26,sv3pt5-4,502555,Reverse Holofoil,0.23,0.05,0.28,10.0,0.25
2025-03-26,sv3pt5-6,502558,Holofoil,5.54,2.98,5.78,999.0,5.59
2025-03-26,sv3pt5-7,502548,Normal,0.13,0.01,0.15,15.0,
2025-03-26,sv3pt5-7,502548,Reverse Holofoil,0.2,0.01,0.25,4.95,0.19
2025-03-26,sv4pt5-234,535090,Holofoil,191.91,173.24,204.1,499.98,
2025-03-26,sv4pt5-54,534416,Holofoil,2.99,1.85,3.04,45.0,4.48
2025-03-26,sv8-57,590025,Holofoil,7.31,4.99,7.5,50.0,7.47
2025-03-26,sv8pt5-149,610504,Holofoil,362.34,390.0,515.99,799.95,
2025-03-26,sv8pt5-155,610510,Holofoil,413.53,353.85,419.99,899.95,
2025-03-26,sv8pt5-156,610511,Holofoil,472.41,424.0,500.0,899.95,699.94
2025-03-26,sv8pt5-161,610516,Holofoil,1469.9,1265.99,1549.99,3000.0,
2025-03-26,sv8pt5-167,610522,Holofoil,238.73,235.0,269.99,376.5,
2025-03-26,sv8pt5-179,610534,Holofoil,78.57,73.0,90.0,325.0,
2025-03-26,sv8pt5-28,610383,Holofoil,1.55,0.99,1.89,20.0,1.65
2025-03-26,sv8pt5-47,610402,Normal,0.05,0.01,0.1,10.0,0.04
2025-03-26,sv8pt5-47,610402,Reverse Holofoil,0.07,0.02,0.12,4.95,0.06
2025-03-26,sv8pt5-59,610414,Holofoil,0.32,0.05,0.46,35.0,0.5
2025-03-26,sv8pt5-59,610414,Reverse Holofoil,0.76,0.25,1.14,69.0,0.96
2025-03-26,sv8pt5-60,610415,Holofoil,6.72,3.0,9.16,33.0,8.19
2025-03-26,svp-085,518861,Normal,339.5,299.95,385.0,750.0,349.98
2025-03-26,swsh11-186,284137,Holofoil,623.5,430.68,699.97,1269.69,684.98
2025-03-26,swsh12-186,451834,Holofoil,296.2,269.0,310.0,699.95,291.02
2025-03-26,swsh12pt5gg-GG69,478100,Holofoil,200.1,175.0,218.79,1000.0,239.92
2025-03-26,swsh35-25,223018,Normal,0.09,0.02,0.16,1.25,
2025-03-26,swsh35-25,223018,Reverse Holofoil,0.35,0.09,0.29,2.0,
2025-03-26,swsh35-74,223073,Holofoil,206.87,160.0,243.1,1500.0,241.98
2025-03-26,swsh45sv-SV107,232496,Holofoil,121.82,96.27,134.9,445.06,129.99
2025-03-26,swsh7-204,246693,Holofoil,31.37,26.0,34.51,100.0,47.95
2025-03-26,swsh7-205,246696,Holofoil,441.39,358.99,467.95,784.62,419.99
2025-03-26,swsh7-208,246755,Holofoil,26.05,18.68,30.0,48.95,34.69
2025-03-26,swsh7-209,246756,Holofoil,373.4,347.54,399.99,799.99,357.3
2025-03-26,swsh7-211,246702,Holofoil,42.74,36.99,45.0,130.0,48.98
2025-03-26,swsh7-212,246704,Holofoil,425.57,344.0,474.49,1000.0,473.95
2025-03-26,swsh7-215,246723,Holofoil,1643.05,1299.0,1889.2,2719.3,1728.98
2025-03-26,swsh7-218,246733,Holofoil,818.06,645.0,889.99,1445.47,889.98
2025-03-26,swsh7-41,246753,Holofoil,5.44,3.45,5.5,89.0,7.49
2025-03-26,swsh7-65,246690,Holofoil,9.48,5.19,10.0,500.0,9.49
2025-03-26,swsh7-75,246701,Holofoil,10.25,7.73,10.32,50.0,11.94
2025-03-26,swsh7-8,246691,Holofoil,5.5,3.9,5.79,50.0,6.56
2025-03-26,swsh8-271,253266,Holofoil,670.96,599.98,720.0,1799.0,609.99
2025-03-26,swsh9-154,263873,Holofoil,216.34,182.79,230.25,1500.0,182.79
2025-03-27,base1-15,42355,Holofoil,125.84,75.0,123.98,300.0,
2025-03-27,base1-16,42356,Holofoil,39.1,20.0,37.15,77.99,59.95
2025-03-27,base1-2,42360,Holofoil,170.07,94.99,156.98,275.24,
2025-03-27,base1-4,42382,Holofoil,461.11,349.0,545.0,1249.99,
2025-03-27,base1-58,42402,Normal,3.41,0.49,2.45,9999.0,
2025-03-27,cel25c-4,250320,Holofoil,90.74,88.7,104.23,250.0,93.52
2025-03-27,gym2-2,83861,1st Edition Holofoil,923.15,375.0,375.74,376.48,
2025-03-27,gym2-2,83861,Unlimited Holofoil,312.77,289.99,381.12,550.0,399.99
2025-03-27,neo1-9,86903,1st Edition Holofoil,1251.5,680.45,1825.0,2954.98,
2025-03-27,neo1-9,86903,Unlimited Holofoil,368.2,329.99,379.87,1000.0,
2025-03-27,sl-151-bundle,502000,Normal,63.93,52.9,69.99,200.0,
2025-03-27,sl-151-etb,503313,Normal,204.95,205.0,235.0,4999.99,
2025-03-27,sl-151-upc,502005,Normal,346.69,335.0,400.0,20000.0,
2025-03-27,sl-ar-box,265519,Normal,271.31,265.77,300.0,1999.99,
2025-03-27,sl-bs-box,256141,Normal,294.57,285.0,379.95,999.99,
2025-03-27,sl-cel-upc,245140,Normal,451.63,455.0,525.0,1499.95,
2025-03-27,sl-champ-etb,218791,Normal,126.37,120.0,145.0,399.99,
2025-03-27,sl-cz-etb,453470,Normal,123.6,114.99,149.99,1999.99,
2025-03-27,sl-dr-box,624679,Normal,419.68,428.98,429.92,1500.0,
2025-03-27,sl-evs-box,242436,Normal,1305.95,1301.0,1990.0,9999.99,
2025-03-27,sl-evs-etb,243721,Normal,471.19,465.0,500.0,989.89,
2025-03-27,sl-fs-box,247654,Normal,473.12,469.0,520.0,1222.99,
2025-03-27,sl-hf-etb,194729,Normal,285.02,285.0,316.5,999.98,
2025-03-27,sl-jp-151,565243,Normal,156.85,148.98,164.99,399.99,
2025-03-27,sl-jp-terastal,603428,Normal,115.65,110.0,120.0,170.0,
2025-03-27,sl-jt-box,610931,Normal,257.71,249.98,280.0,399.99,
2025-03-27,sl-lo-box,277324,Normal,395.17,387.01,449.97,1299.99,
2025-03-27,sl-obf-box,501257,Normal,208.51,199.99,248.95,999.99,
2025-03-27,sl-pe-etb,593355,Normal,141.36,127.47,149.9,289.99,
2025-03-27,sl-pe-spc,622770,Normal,457.98,454.41,456.7,498.87,
2025-03-27,sl-pf-etb,528040,Normal,126.47,115.99,129.94,209.98,
2025-03-27,sl-shf-etb,228821,Normal,80.12,72.43,89.99,999.0,
2025-03-27,sl-ss-box,565606,Normal,246.25,247.35,280.0,4999.99,
2025-03-27,sl-st-box,283389,Normal,274.43,260.0,300.0,1199.99,
2025-03-27,sl-tf-box,536225,Normal,196.45,190.0,221.99,400.0,
2025-03-27,sv2-185,497557,Normal,0.26,0.01,0.29,4.99,
2025-03-27,sv2-185,497557,Reverse Holofoil,1.39,0.25,1.16,9.99,4.99
2025-03-27,sv2-254,497669,Holofoil,21.54,14.99,21.83,100.0,23.3
2025-03-27,sv2-269,497689,Holofoil,64.58,62.0,76.4,259.99,75.0
2025-03-27,sv3pt5-151,516566,Holofoil,7.86,5.21,8.24,40.0,9.88
2025-03-27,sv3pt5-199,517045,Holofoil,249.94,220.99,285.74,1250.0,250.26
2025-03-27,sv3pt5-205,517051,Holofoil,12.41,11.0,14.99,50.0,15.31
2025-03-27,sv3pt5-4,502555,Normal,0.1,0.01,0.15,4.95,
2025-03-27,sv3pt5-4,502555,Reverse Holofoil,0.24,0.05,0.28,10.0,
2025-03-27,sv3pt5-6,502558,Holofoil,5.19,3.85,5.77,29.65,7.35
2025-03-27,sv3pt5-7,502548,Normal,0.1,0.01,0.15,15.0,
2025-03-27,sv3pt5-7,502548,Reverse Holofoil,0.18,0.01,0.25,4.95,
2025-03-27,sv4pt5-234,535090,Holofoil,192.01,165.0,206.25,499.98,192.0
2025-03-27,sv4pt5-54,534416,Holofoil,3.05,1.66,3.06,45.0,3.0
2025-03-27,sv8-57,590025,Holofoil,6.76,5.0,7.45,50.0,6.49
2025-03-27,sv8pt5-149,610504,Holofoil,362.34,331.8,515.49,799.95,
2025-03-27,sv8pt5-155,610510,Holofoil,413.53,343.5,420.0,899.95,
2025-03-27,sv8pt5-156,610511,Holofoil,469.36,459.68,506.75,899.95,513.5
2025-03-27,sv8pt5-161,610516,Holofoil,1469.9,1265.99,1549.0,3000.0,
2025-03-27,sv8pt5-167,610522,Holofoil,239.09,235.0,269.99,376.05,
2025-03-27,sv8pt5-179,610534,Holofoil,77.9,73.22,90.0,325.0,
2025-03-27,sv8pt5-28,610383,Holofoil,1.55,0.7,1.9,20.0,2.0
2025-03-27,sv8pt5-47,610402,Normal,0.06,0.01,0.1,10.0,0.04
2025-03-27,sv8pt5-47,610402,Reverse Holofoil,0.07,0.01,0.12,4.95,0.06
2025-03-27,sv8pt5-59,610414,Holofoil,0.39,0.05,0.46,35.0,0.99
2025-03-27,sv8pt5-59,610414,Reverse Holofoil,0.78,0.2,1.12,69.0,0.98
2025-03-27,sv8pt5-60,610415,Holofoil,6.47,3.0,9.16,33.0,
2025-03-27,svp-085,518861,Normal,338.9,338.0,389.94,750.0,349.98
2025-03-27,swsh11-186,284137,Holofoil,623.15,430.68,699.98,1269.69,679.99
2025-03-27,swsh12-186,451834,Holofoil,293.6,269.0,314.05,699.95,291.02
2025-03-27,swsh12pt5gg-GG69,478100,Holofoil,199.96,175.0,216.19,1000.0,239.91
2025-03-27,swsh35-25,223018,Normal,0.09,0.02,0.15,1.25,
2025-03-27,swsh35-25,223018,Reverse Holofoil,0.35,0.09,0.3,2.0,
2025-03-27,swsh35-74,223073,Holofoil,206.71,153.95,242.93,1500.0,241.98
2025-03-27,swsh45sv-SV107,232496,Holofoil,123.14,96.27,134.3,445.06,129.99
2025-03-27,swsh7-204,246693,Holofoil,31.37,26.0,34.51,100.0,44.69
2025-03-27,swsh7-205,246696,Holofoil,441.39,350.0,463.47,785.0,419.99
2025-03-27,swsh7-208,246755,Holofoil,25.96,18.68,30.0,48.95,34.69
2025-03-27,swsh7-209,246756,Holofoil,373.4,347.54,399.99,799.99,357.3
2025-03-27,swsh7-211,246702,Holofoil,42.9,36.99,45.96,130.0,48.98
2025-03-27,swsh7-212,246704,Holofoil,425.57,344.0,473.95,1000.0,473.95
2025-03-27,swsh7-215,246723,Holofoil,1644.4,1299.0,1888.88,2698.3,1728.96
2025-03-27,swsh7-218,246733,Holofoil,818.06,645.0,889.99,1454.87,889.89
2025-03-27,swsh7-41,246753,Holofoil,5.72,3.45,5.5,89.0,7.5
2025-03-27,swsh7-65,246690,Holofoil,9.7,5.19,10.0,500.0,12.7
2025-03-27,swsh7-75,246701,Holofoil,10.55,7.73,10.32,50.0,11.95
2025-03-27,swsh7-8,246691,Holofoil,5.97,3.9,5.94,50.0,6.79
2025-03-27,swsh8-271,253266,Holofoil,670.96,599.98,720.0,1799.0,609.99
2025-03-27,swsh9-154,263873,Holofoil,216.68,179.9,232.95,1500.0,179.9
2025-03-28,base1-15,42355,Holofoil,126.15,75.0,124.56,300.0,
2025-03-28,base1-16,42356,Holofoil,39.17,20.0,36.63,77.99,59.95
2025-03-28,base1-2,42360,Holofoil,170.07,94.99,160.8,274.48,
2025-03-28,base1-4,42382,Holofoil,459.79,349.0,495.93,1249.99,
2025-03-28,base1-58,42402,Normal,3.48,0.5,2.5,9999.0,
2025-03-28,cel25c-4,250320,Holofoil,91.42,88.7,105.0,250.0,94.75
2025-03-28,gym2-2,83861,1st Edition Holofoil,923.15,799.99,874.99,949.99,
2025-03-28,gym2-2,83861,Unlimited Holofoil,312.77,289.99,381.12,550.0,399.99
2025-03-28,neo1-9,86903,1st Edition Holofoil,1251.5,680.45,1825.0,2954.98,
2025-03-28,neo1-9,86903,Unlimited Holofoil,368.2,329.99,379.87,1000.0,
2025-03-28,sl-151-bundle,502000,Normal,65.31,59.0,70.0,200.0,
2025-03-28,sl-151-etb,503313,Normal,205.55,197.98,227.53,4999.99,
2025-03-28,sl-151-upc,502005,Normal,346.66,340.0,399.99,20000.0,
2025-03-28,sl-ar-box,265519,Normal,271.95,265.77,299.98,1999.99,
2025-03-28,sl-bs-box,256141,Normal,293.88,295.0,384.98,999.99,
2025-03-28,sl-cel-upc,245140,Normal,451.63,455.0,549.99,1499.95,
2025-03-28,sl-champ-etb,218791,Normal,126.06,109.99,147.0,399.99,
2025-03-28,sl-cz-etb,453470,Normal,127.06,122.63,149.99,1999.99,
2025-03-28,sl-dr-box,624679,Normal,426.17,418.97,423.89,1500.0,
2025-03-28,sl-evs-box,242436,Normal,1305.95,1295.0,1942.5,9999.99,
2025-03-28,sl-evs-etb,243721,Normal,471.19,465.0,500.0,989.89,
2025-03-28,sl-fs-box,247654,Normal,473.12,460.0,510.0,1222.99,
2025-03-28,sl-hf-etb,194729,Normal,285.02,285.0,300.0,999.98,
2025-03-28,sl-jp-151,565243,Normal,156.25,149.99,164.99,399.99,
2025-03-28,sl-jp-terastal,603428,Normal,116.14,112.0,120.0,170.0,
2025-03-28,sl-jt-box,610931,Normal,241.95,238.5,270.0,600.0,
2025-03-28,sl-lo-box,277324,Normal,395.57,379.95,447.45,1299.99,
2025-03-28,sl-obf-box,501257,Normal,208.28,199.99,249.5,999.99,
2025-03-28,sl-pe-etb,593355,Normal,137.25,130.99,149.91,289.99,
2025-03-28,sl-pe-spc,622770,Normal,457.44,452.34,456.69,498.87,
2025-03-28,sl-pf-etb,528040,Normal,122.31,115.99,129.48,209.98,
2025-03-28,sl-shf-etb,228821,Normal,80.13,72.43,89.99,999.0,
2025-03-28,sl-ss-box,565606,Normal,248.02,229.99,289.94,4999.99,
2025-03-28,sl-st-box,283389,Normal,272.47,262.01,300.0,1199.99,
2025-03-28,sl-tf-box,536225,Normal,196.57,188.0,219.99,400.0,
2025-03-28,sv2-185,497557,Normal,0.28,0.01,0.29,4.99,
2025-03-28,sv2-185,497557,Reverse Holofoil,0.93,0.31,1.1,9.99,
2025-03-28,sv2-254,497669,Holofoil,20.46,14.99,21.56,100.0,30.98
2025-03-28,sv2-269,497689,Holofoil,64.83,62.0,77.59,259.99,75.0
2025-03-28,sv3pt5-151,516566,Holofoil,6.98,4.5,8.07,40.0,10.24
2025-03-28,sv3pt5-199,517045,Holofoil,251.09,226.04,288.27,1250.0,
2025-03-28,sv3pt5-205,517051,Holofoil,12.2,9.0,14.96,50.0,16.1
2025-03-28,sv3pt5-4,502555,Normal,0.1,0.01,0.15,4.95,0.1
2025-03-28,sv3pt5-4,502555,Reverse Holofoil,0.21,0.05,0.28,10.0,
2025-03-28,sv3pt5-6,502558,Holofoil,4.93,3.65,5.75,29.65,7.05
2025-03-28,sv3pt5-7,502548,Normal,0.09,0.01,0.15,15.0,
2025-03-28,sv3pt5-7,502548,Reverse Holofoil,0.19,0.01,0.25,4.95,
2025-03-28,sv4pt5-234,535090,Holofoil,191.13,165.0,205.33,499.98,190.99
2025-03-28,sv4pt5-54,534416,Holofoil,3.27,1.75,3.09,45.0,4.49
2025-03-28,sv8-57,590025,Holofoil,6.55,4.0,7.45,50.0,6.49
2025-03-28,sv8pt5-149,610504,Holofoil,370.62,331.8,499.99,799.95,
2025-03-28,sv8pt5-155,610510,Holofoil,415.76,355.35,466.5,899.95,
2025-03-28,sv8pt5-156,610511,Holofoil,470.56,459.68,506.75,899.95,513.0
2025-03-28,sv8pt5-161,610516,Holofoil,1464.84,1265.99,1549.99,3000.0,
2025-03-28,sv8pt5-167,610522,Holofoil,239.09,235.0,270.0,376.58,
2025-03-28,sv8pt5-179,610534,Holofoil,77.47,73.22,90.0,325.0,
2025-03-28,sv8pt5-28,610383,Holofoil,1.65,0.59,1.88,20.0,
2025-03-28,sv8pt5-47,610402,Normal,0.08,0.01,0.1,10.0,0.04
2025-03-28,sv8pt5-47,610402,Reverse Holofoil,0.07,0.01,0.12,4.95,0.06
2025-03-28,sv8pt5-59,610414,Holofoil,0.47,0.04,0.47,35.0,0.99
2025-03-28,sv8pt5-59,610414,Reverse Holofoil,0.78,0.17,1.11,69.0,1.13
2025-03-28,sv8pt5-60,610415,Holofoil,5.67,4.9,9.11,33.0,
2025-03-28,svp-085,518861,Normal,340.45,338.0,399.99,750.0,349.98
2025-03-28,swsh11-186,284137,Holofoil,610.55,430.68,699.99,1269.69,684.95
2025-03-28,swsh12-186,451834,Holofoil,293.3,268.0,320.22,699.95,308.85
2025-03-28,swsh12pt5gg-GG69,478100,Holofoil,199.71,175.0,213.29,1000.0,239.9
2025-03-28,swsh35-25,223018,Normal,0.09,0.02,0.17,1.25,
2025-03-28,swsh35-25,223018,Reverse Holofoil,0.35,0.09,0.3,2.0,
2025-03-28,swsh35-74,223073,Holofoil,206.71,149.01,242.76,1500.0,241.98
2025-03-28,swsh45sv-SV107,232496,Holofoil,123.79,110.0,135.84,445.06,129.99
2025-03-28,swsh7-204,246693,Holofoil,31.37,26.0,33.81,100.0,44.69
2025-03-28,swsh7-205,246696,Holofoil,439.62,350.0,461.62,779.6,419.99
2025-03-28,swsh7-208,246755,Holofoil,25.96,18.68,30.0,48.95,34.69
2025-03-28,swsh7-209,246756,Holofoil,373.4,347.54,399.99,799.99,357.3
2025-03-28,swsh7-211,246702,Holofoil,43.35,36.99,46.22,130.0,48.99
2025-03-28,swsh7-212,246704,Holofoil,425.57,344.0,473.95,1000.0,473.95
2025-03-28,swsh7-215,246723,Holofoil,1650.14,1299.0,1897.25,2697.8,1728.96
2025-03-28,swsh7-218,246733,Holofoil,817.83,645.0,894.99,1450.28,874.99
2025-03-28,swsh7-41,246753,Holofoil,5.72,3.45,5.51,89.0,7.49
2025-03-28,swsh7-65,246690,Holofoil,9.54,5.19,10.0,500.0,13.95
2025-03-28,swsh7-75,246701,Holofoil,10.9,7.73,10.32,50.0,13.29
2025-03-28,swsh7-8,246691,Holofoil,5.91,3.9,5.9,50.0,7.72
2025-03-28,swsh8-271,253266,Holofoil,665.76,599.98,720.0,1799.0,609.99
2025-03-28,swsh9-154,263873,Holofoil,216.78,175.21,232.47,1500.0,178.45
2025-03-29,base1-15,42355,Holofoil,126.39,69.99,124.28,300.0,
2025-03-29,base1-16,42356,Holofoil,39.17,20.0,37.25,77.99,59.95
2025-03-29,base1-2,42360,Holofoil,169.93,103.41,165.75,273.94,
2025-03-29,base1-4,42382,Holofoil,459.79,349.0,474.83,1249.99,
2025-03-29,base1-58,42402,Normal,3.56,0.49,2.25,9999.0,
2025-03-29,cel25c-4,250320,Holofoil,92.04,89.97,105.0,250.0,99.49
2025-03-29,gym2-2,83861,1st Edition Holofoil,923.15,375.0,376.48,500.0,
2025-03-29,gym2-2,83861,Unlimited Holofoil,312.77,300.0,421.12,550.0,
2025-03-29,neo1-9,86903,1st Edition Holofoil,1251.5,680.45,1825.0,2954.98,
2025-03-29,neo1-9,86903,Unlimited Holofoil,368.2,329.99,379.87,1000.0,
2025-03-29,sl-151-bundle,502000,Normal,65.59,59.0,70.0,200.0,
2025-03-29,sl-151-etb,503313,Normal,209.85,197.98,229.72,4999.99,
2025-03-29,sl-151-upc,502005,Normal,346.26,340.0,400.0,20000.0,
2025-03-29,sl-ar-box,265519,Normal,271.95,265.77,299.98,1999.99,
2025-03-29,sl-bs-box,256141,Normal,293.9,285.0,350.0,999.99,
2025-03-29,sl-cel-upc,245140,Normal,451.63,455.0,500.0,1499.95,
2025-03-29,sl-champ-etb,218791,Normal,124.56,120.0,148.99,399.99,
2025-03-29,sl-cz-etb,453470,Normal,126.54,110.0,149.97,1999.99,
2025-03-29,sl-dr-box,624679,Normal,353.05,329.99,416.77,1500.0,
2025-03-29,sl-evs-box,242436,Normal,1305.95,1295.0,1942.5,9999.99,
2025-03-29,sl-evs-etb,243721,Normal,471.19,490.0,500.0,989.89,
2025-03-29,sl-fs-box,247654,Normal,473.44,460.0,549.99,1222.99,
2025-03-29,sl-hf-etb,194729,Normal,286.02,285.0,300.0,999.98,
2025-03-29,sl-jp-151,565243,Normal,157.45,149.99,165.49,399.99,
2025-03-29,sl-jp-terastal,603428,Normal,115.88,114.49,120.0,170.0,
2025-03-29,sl-jt-box,610931,Normal,233.69,239.0,270.0,600.0,
2025-03-29,sl-lo-box,277324,Normal,395.57,379.95,449.99,1299.99,
2025-03-29,sl-obf-box,501257,Normal,211.08,199.99,249.0,999.99,
2025-03-29,sl-pe-etb,593355,Normal,138.76,130.99,149.42,289.99,
2025-03-29,sl-pe-spc,622770,Normal,457.17,452.23,455.5,498.87,
2025-03-29,sl-pf-etb,528040,Normal,121.65,115.99,129.74,209.98,
2025-03-29,sl-shf-etb,228821,Normal,79.9,69.98,89.99,999.0,
2025-03-29,sl-ss-box,565606,Normal,248.19,247.99,284.44,4999.99,
2025-03-29,sl-st-box,283389,Normal,271.99,262.01,300.0,1199.99,
2025-03-29,sl-tf-box,536225,Normal,196.11,195.49,219.99,400.0,
2025-03-29,sv2-185,497557,Normal,0.27,0.01,0.3,4.99,
2025-03-29,sv2-185,497557,Reverse Holofoil,0.88,0.31,1.0,9.99,
2025-03-29,sv2-254,497669,Holofoil,19.53,14.99,21.79,100.0,30.8
2025-03-29,sv2-269,497689,Holofoil,66.48,59.0,75.0,259.99,72.49
2025-03-29,sv3pt5-151,516566,Holofoil,7.13,5.21,8.07,40.0,10.88
2025-03-29,sv3pt5-199,517045,Holofoil,250.28,229.99,290.0,983.0,
2025-03-29,sv3pt5-205,517051,Holofoil,11.74,9.45,14.87,50.0,12.0
2025-03-29,sv3pt5-4,502555,Normal,0.11,0.01,0.15,4.95,
2025-03-29,sv3pt5-4,502555,Reverse Holofoil,0.21,0.05,0.27,10.0,
2025-03-29,sv3pt5-6,502558,Holofoil,4.89,3.5,5.74,29.65,7.58
2025-03-29,sv3pt5-7,502548,Normal,0.14,0.01,0.15,15.0,
2025-03-29,sv3pt5-7,502548,Reverse Holofoil,0.2,0.01,0.25,4.95,
2025-03-29,sv4pt5-234,535090,Holofoil,187.67,170.0,205.0,499.98,192.0
2025-03-29,sv4pt5-54,534416,Holofoil,3.03,1.75,3.1,45.0,4.49
2025-03-29,sv8-57,590025,Holofoil,5.94,4.0,7.25,50.0,9.4
2025-03-29,sv8pt5-149,610504,Holofoil,373.58,331.8,507.49,799.95,
2025-03-29,sv8pt5-155,610510,Holofoil,415.76,355.35,441.5,899.95,
2025-03-29,sv8pt5-156,610511,Holofoil,472.16,459.68,506.5,899.95,513.0
2025-03-29,sv8pt5-161,610516,Holofoil,1464.84,1265.99,1549.99,3000.0,
2025-03-29,sv8pt5-167,610522,Holofoil,239.89,235.0,269.99,377.85,
2025-03-29,sv8pt5-179,610534,Holofoil,78.33,73.99,90.0,325.0,
2025-03-29,sv8pt5-28,610383,Holofoil,1.54,0.98,1.88,20.0,
2025-03-29,sv8pt5-47,610402,Normal,0.07,0.01,0.1,10.0,0.05
2025-03-29,sv8pt5-47,610402,Reverse Holofoil,0.07,0.01,0.12,4.95,0.09
2025-03-29,sv8pt5-59,610414,Holofoil,0.56,0.04,0.49,35.0,0.99
2025-03-29,sv8pt5-59,610414,Reverse Holofoil,0.78,0.17,1.1,69.0,1.25
2025-03-29,sv8pt5-60,610415,Holofoil,6.06,5.07,9.21,33.0,
2025-03-29,svp-085,518861,Normal,340.45,338.0,394.97,750.0,349.9
2025-03-29,swsh11-186,284137,Holofoil,610.55,430.68,699.99,1269.69,684.95
2025-03-29,swsh12-186,451834,Holofoil,290.82,248.23,318.24,699.95,308.85
2025-03-29,swsh12pt5gg-GG69,478100,Holofoil,200.6,175.0,211.0,1000.0,211.15
2025-03-29,swsh35-25,223018,Normal,0.09,0.02,0.18,1.25,
2025-03-29,swsh35-25,223018,Reverse Holofoil,0.35,0.09,0.3,2.0,
2025-03-29,swsh35-74,223073,Holofoil,206.71,149.01,242.83,1500.0,239.99
2025-03-29,swsh45sv-SV107,232496,Holofoil,123.91,110.0,136.3,445.06,129.99
2025-03-29,swsh7-204,246693,Holofoil,31.37,26.0,33.81,100.0,44.69
2025-03-29,swsh7-205,246696,Holofoil,439.62,350.0,461.6,778.73,419.99
2025-03-29,swsh7-208,246755,Holofoil,25.94,18.68,30.0,48.95,34.7
2025-03-29,swsh7-209,246756,Holofoil,373.4,346.0,398.0,799.99,357.3
2025-03-29,swsh7-211,246702,Holofoil,43.35,36.99,47.03,130.0,48.99
2025-03-29,swsh7-212,246704,Holofoil,425.57,344.0,473.95,1000.0,473.9
2025-03-29,swsh7-215,246723,Holofoil,1650.14,1299.0,1879.99,2694.0,1728.96
2025-03-29,swsh7-218,246733,Holofoil,817.83,645.0,889.99,1448.71,889.98
2025-03-29,swsh7-41,246753,Holofoil,5.6,3.45,5.59,89.0,7.49
2025-03-29,swsh7-65,246690,Holofoil,9.23,5.19,10.0,500.0,13.88
2025-03-29,swsh7-75,246701,Holofoil,10.57,7.73,10.32,50.0,13.79
2025-03-29,swsh7-8,246691,Holofoil,6.02,3.9,5.95,50.0,7.74
2025-03-29,swsh8-271,253266,Holofoil,665.76,599.18,719.76,1799.0,609.99
2025-03-29,swsh9-154,263873,Holofoil,217.64,175.21,232.47,1500.0,177.08
2025-03-30,base1-15,42355,Holofoil,126.49,69.99,124.78,300.0,
2025-03-30,base1-16,42356,Holofoil,39.31,20.0,37.35,77.99,59.95
2025-03-30,base1-2,42360,Holofoil,168.67,93.97,170.07,274.91,
2025-03-30,base1-4,42382,Holofoil,459.79,299.0,500.0,1249.99,
2025-03-30,base1-58,42402,Normal,3.25,0.49,2.4,9999.0,
2025-03-30,cel25c-4,250320,Holofoil,91.84,90.0,105.0,250.0,99.49
2025-03-30,gym2-2,83861,1st Edition Holofoil,923.15,799.99,874.99,949.99,
2025-03-30,gym2-2,83861,Unlimited Holofoil,312.77,300.0,421.12,550.0,
2025-03-30,neo1-9,86903,1st Edition Holofoil,1251.5,680.45,1825.0,2954.98,
2025-03-30,neo1-9,86903,Unlimited Holofoil,368.2,329.99,363.79,1000.0,
2025-03-30,sl-151-bundle,502000,Normal,64.61,53.99,70.0,399.99,
2025-03-30,sl-151-etb,503313,Normal,208.12,197.98,229.0,4999.99,
2025-03-30,sl-151-upc,502005,Normal,345.5,340.0,400.0,20000.0,
2025-03-30,sl-ar-box,265519,Normal,266.93,261.77,299.98,1999.99,
2025-03-30,sl-bs-box,256141,Normal,293.32,285.0,350.0,999.99,
2025-03-30,sl-cel-upc,245140,Normal,451.63,455.0,500.0,1499.95,
2025-03-30,sl-champ-etb,218791,Normal,124.28,120.0,149.47,399.99,
2025-03-30,sl-cz-etb,453470,Normal,122.55,123.99,149.98,1999.99,
2025-03-30,sl-dr-box,624679,Normal,334.32,396.95,416.97,1500.0,
2025-03-30,sl-evs-box,242436,Normal,1306.93,1301.0,1995.0,9999.99,
2025-03-30,sl-evs-etb,243721,Normal,471.19,490.0,500.0,989.89,
2025-03-30,sl-fs-box,247654,Normal,473.44,460.0,549.99,1222.99,
2025-03-30,sl-hf-etb,194729,Normal,286.02,285.0,300.0,999.98,
2025-03-30,sl-jp-151,565243,Normal,157.18,149.99,166.66,399.99,
2025-03-30,sl-jp-terastal,603428,Normal,115.7,114.49,120.0,170.0,
2025-03-30,sl-jt-box,610931,Normal,240.07,230.0,265.0,600.0,
2025-03-30,sl-lo-box,277324,Normal,395.57,379.95,449.99,1299.99,
2025-03-30,sl-obf-box,501257,Normal,210.84,199.99,249.99,999.99,
2025-03-30,sl-pe-etb,593355,Normal,135.15,124.89,148.0,289.99,
2025-03-30,sl-pe-spc,622770,Normal,456.79,452.15,454.28,498.87,
2025-03-30,sl-pf-etb,528040,Normal,119.52,115.0,129.99,209.98,
2025-03-30,sl-shf-etb,228821,Normal,79.98,72.43,89.99,999.0,
2025-03-30,sl-ss-box,565606,Normal,249.47,240.99,285.99,4999.99,
2025-03-30,sl-st-box,283389,Normal,271.67,270.0,300.0,1199.99,
2025-03-30,sl-tf-box,536225,Normal,193.95,194.0,219.99,400.0,
2025-03-30,sv2-185,497557,Normal,0.32,0.01,0.3,4.99,
2025-03-30,sv2-185,497557,Reverse Holofoil,0.9,0.2,1.0,9.99,
2025-03-30,sv2-254,497669,Holofoil,19.92,14.99,21.49,100.0,19.46
2025-03-30,sv2-269,497689,Holofoil,67.27,59.0,74.47,259.99,74.03
2025-03-30,sv3pt5-151,516566,Holofoil,7.31,4.39,8.12,40.0,14.5
2025-03-30,sv3pt5-199,517045,Holofoil,248.8,225.0,285.48,983.0,
2025-03-30,sv3pt5-205,517051,Holofoil,11.32,8.75,14.5,50.0,17.18
2025-03-30,sv3pt5-4,502555,Normal,0.11,0.01,0.15,4.95,
2025-03-30,sv3pt5-4,502555,Reverse Holofoil,0.21,0.05,0.27,10.0,
2025-03-30,sv3pt5-6,502558,Holofoil,5.41,3.5,5.68,29.65,9.46
2025-03-30,sv3pt5-7,502548,Normal,0.14,0.01,0.15,15.0,
2025-03-30,sv3pt5-7,502548,Reverse Holofoil,0.17,0.01,0.25,4.95,
2025-03-30,sv4pt5-234,535090,Holofoil,187.55,170.0,202.82,499.98,192.0
2025-03-30,sv4pt5-54,534416,Holofoil,3.03,1.75,3.05,45.0,3.0
2025-03-30,sv8-57,590025,Holofoil,6.23,4.99,7.26,50.0,
2025-03-30,sv8pt5-149,610504,Holofoil,373.58,331.8,499.99,799.95,
2025-03-30,sv8pt5-155,610510,Holofoil,415.76,355.35,426.5,899.95,
2025-03-30,sv8pt5-156,610511,Holofoil,475.13,459.68,513.5,899.95,513.0
2025-03-30,sv8pt5-161,610516,Holofoil,1461.89,1298.0,1549.99,3000.0,
2025-03-30,sv8pt5-167,610522,Holofoil,240.44,235.0,269.99,379.99,
2025-03-30,sv8pt5-179,610534,Holofoil,78.26,73.99,90.0,325.0,
2025-03-30,sv8pt5-28,610383,Holofoil,1.5,0.99,1.88,20.0,
2025-03-30,sv8pt5-47,610402,Normal,0.08,0.01,0.1,10.0,0.05
2025-03-30,sv8pt5-47,610402,Reverse Holofoil,0.07,0.01,0.12,4.95,0.07
2025-03-30,sv8pt5-59,610414,Holofoil,0.46,0.05,0.49,35.0,0.99
2025-03-30,sv8pt5-59,610414,Reverse Holofoil,0.74,0.15,1.05,69.0,0.25
2025-03-30,sv8pt5-60,610415,Holofoil,6.58,5.07,9.19,33.0,
2025-03-30,svp-085,518861,Normal,343.65,338.0,387.95,750.0,349.9
2025-03-30,swsh11-186,284137,Holofoil,610.55,430.67,689.45,1269.69,684.95
2025-03-30,swsh12-186,451834,Holofoil,290.82,248.23,310.0,699.95,269.04
2025-03-30,swsh12pt5gg-GG69,478100,Holofoil,199.91,170.99,211.15,1000.0,211.14
2025-03-30,swsh35-25,223018,Normal,0.11,0.02,0.19,1.25,
2025-03-30,swsh35-25,223018,Reverse Holofoil,0.35,0.09,0.3,2.0,
2025-03-30,swsh35-74,223073,Holofoil,206.71,150.0,242.9,1500.0,239.99
2025-03-30,swsh45sv-SV107,232496,Holofoil,123.91,110.0,136.3,445.06,129.99
2025-03-30,swsh7-204,246693,Holofoil,31.37,26.0,33.81,100.0,42.99
2025-03-30,swsh7-205,246696,Holofoil,439.62,340.0,461.6,781.54,419.99
2025-03-30,swsh7-208,246755,Holofoil,25.94,18.68,30.0,48.95,34.7
2025-03-30,swsh7-209,246756,Holofoil,373.4,345.74,396.04,799.99,357.3
2025-03-30,swsh7-211,246702,Holofoil,43.35,36.99,45.37,130.0,48.99
2025-03-30,swsh7-212,246704,Holofoil,425.57,344.0,473.93,1000.0,473.89
2025-03-30,swsh7-215,246723,Holofoil,1650.14,1299.0,1847.57,2691.0,1728.96
2025-03-30,swsh7-218,246733,Holofoil,817.83,645.0,889.99,1453.9,889.98
2025-03-30,swsh7-41,246753,Holofoil,5.41,3.45,5.47,89.0,7.5
2025-03-30,swsh7-65,246690,Holofoil,9.94,5.19,10.0,500.0,13.98
2025-03-30,swsh7-75,246701,Holofoil,10.41,7.73,10.46,50.0,10.6
2025-03-30,swsh7-8,246691,Holofoil,6.08,3.9,6.0,50.0,7.74
2025-03-30,swsh8-271,253266,Holofoil,665.76,599.18,718.94,1799.0,609.99
2025-03-30,swsh9-154,263873,Holofoil,217.72,174.93,231.99,1500.0,179.9
2025-03-31,base1-15,42355,Holofoil,126.49,70.0,124.0,300.0,
2025-03-31,base1-16,42356,Holofoil,39.31,20.0,37.34,77.99,18.5
2025-03-31,base1-2,42360,Holofoil,167.07,103.41,170.07,271.57,99.99
2025-03-31,base1-4,42382,Holofoil,459.16,299.0,493.27,1249.99,
2025-03-31,base1-58,42402,Normal,3.3,0.49,2.4,9999.0,
2025-03-31,cel25c-4,250320,Holofoil,92.61,90.0,105.0,250.0,99.45
2025-03-31,gym2-2,83861,1st Edition Holofoil,923.15,799.99,874.99,949.99,
2025-03-31,gym2-2,83861,Unlimited Holofoil,312.77,300.0,362.25,550.0,
2025-03-31,neo1-9,86903,1st Edition Holofoil,1251.5,680.45,1825.0,2954.98,
2025-03-31,neo1-9,86903,Unlimited Holofoil,368.2,329.99,379.87,1000.0,
2025-03-31,sl-151-bundle,502000,Normal,63.9,55.0,70.0,399.99,
2025-03-31,sl-151-etb,503313,Normal,206.08,197.98,229.0,4999.99,
2025-03-31,sl-151-upc,502005,Normal,345.45,340.0,399.99,20000.0,
2025-03-31,sl-ar-box,265519,Normal,266.93,261.77,299.95,1999.99,
2025-03-31,sl-bs-box,256141,Normal,292.2,290.0,350.0,999.99,
2025-03-31,sl-cel-upc,245140,Normal,451.63,442.01,500.0,1499.95,
2025-03-31,sl-champ-etb,218791,Normal,124.75,118.0,145.0,399.99,
2025-03-31,sl-cz-etb,453470,Normal,122.57,123.99,149.99,1999.99,
2025-03-31,sl-dr-box,624679,Normal,363.27,357.99,398.92,1500.0,
2025-03-31,sl-evs-box,242436,Normal,1309.93,1350.0,1995.0,9999.99,
2025-03-31,sl-evs-etb,243721,Normal,471.19,465.0,500.0,989.89,
2025-03-31,sl-fs-box,247654,Normal,473.64,460.0,539.99,1222.99,
2025-03-31,sl-hf-etb,194729,Normal,286.02,280.0,299.99,999.98,
2025-03-31,sl-jp-151,565243,Normal,156.42,149.99,167.0,399.99,
2025-03-31,sl-jp-terastal,603428,Normal,115.99,113.0,120.0,170.0,
2025-03-31,sl-jt-box,610931,Normal,239.72,233.99,250.0,600.0,
2025-03-31,sl-lo-box,277324,Normal,394.1,379.99,447.45,1299.99,
2025-03-31,sl-obf-box,501257,Normal,212.38,200.0,250.0,999.99,
2025-03-31,sl-pe-etb,593355,Normal,138.54,124.89,145.0,289.99,
2025-03-31,sl-pe-spc,622770,Normal,456.2,451.95,454.28,498.87,
2025-03-31,sl-pf-etb,528040,Normal,120.47,115.99,135.0,209.98,
2025-03-31,sl-shf-etb,228821,Normal,80.11,72.43,89.99,999.0,
2025-03-31,sl-ss-box,565606,Normal,251.08,247.99,285.99,4999.99,
2025-03-31,sl-st-box,283389,Normal,271.07,270.0,317.25,1199.99,
2025-03-31,sl-tf-box,536225,Normal,194.6,184.05,219.99,400.0,
2025-03-31,sv2-185,497557,Normal,0.3,0.01,0.31,4.99,
2025-03-31,sv2-185,497557,Reverse Holofoil,0.73,0.2,1.0,9.99,1.35
2025-03-31,sv2-254,497669,Holofoil,19.51,14.99,21.13,100.0,20.0
2025-03-31,sv2-269,497689,Holofoil,67.27,59.0,74.44,259.99,69.98
2025-03-31,sv3pt5-151,516566,Holofoil,7.44,5.21,8.06,40.0,8.15
2025-03-31,sv3pt5-199,517045,Holofoil,246.84,229.99,284.91,983.0,233.95
2025-03-31,sv3pt5-205,517051,Holofoil,11.74,9.99,14.5,50.0,14.5
2025-03-31,sv3pt5-4,502555,Normal,0.12,0.01,0.15,4.95,
2025-03-31,sv3pt5-4,502555,Reverse Holofoil,0.23,0.05,0.27,10.0,0.21
2025-03-31,sv3pt5-6,502558,Holofoil,4.88,3.0,5.5,29.65,5.52
2025-03-31,sv3pt5-7,502548,Normal,0.12,0.01,0.15,15.0,
2025-03-31,sv3pt5-7,502548,Reverse Holofoil,0.17,0.01,0.25,4.95,
2025-03-31,sv4pt5-234,535090,Holofoil,186.77,184.72,205.22,499.98,191.99
2025-03-31,sv4pt5-54,534416,Holofoil,3.02,1.75,3.07,45.0,4.49
2025-03-31,sv8-57,590025,Holofoil,5.98,4.0,7.2,50.0,5.93
2025-03-31,sv8pt5-149,610504,Holofoil,374.6,335.0,499.98,799.95,
2025-03-31,sv8pt5-155,610510,Holofoil,416.12,355.35,417.89,899.95,
2025-03-31,sv8pt5-156,610511,Holofoil,478.54,450.0,513.0,899.95,513.0
2025-03-31,sv8pt5-161,610516,Holofoil,1454.21,1298.0,1539.0,3000.0,1499.99
2025-03-31,sv8pt5-167,610522,Holofoil,239.84,235.0,258.0,378.75,
2025-03-31,sv8pt5-179,610534,Holofoil,78.15,73.99,89.99,325.0,
2025-03-31,sv8pt5-28,610383,Holofoil,1.46,0.99,1.85,20.0,
2025-03-31,sv8pt5-47,610402,Normal,0.07,0.01,0.1,10.0,0.05
2025-03-31,sv8pt5-47,610402,Reverse Holofoil,0.07,0.01,0.12,4.95,0.09
2025-03-31,sv8pt5-59,610414,Holofoil,0.36,0.02,0.46,35.0,0.25
2025-03-31,sv8pt5-59,610414,Reverse Holofoil,0.64,0.2,1.02,69.0,
2025-03-31,sv8pt5-60,610415,Holofoil,6.42,5.07,9.11,33.0,6.51
2025-03-31,svp-085,518861,Normal,343.21,330.0,374.99,750.0,349.9
2025-03-31,swsh11-186,284137,Holofoil,620.71,430.67,686.99,1269.69,
2025-03-31,swsh12-186,451834,Holofoil,288.59,268.99,309.43,699.95,308.85
2025-03-31,swsh12pt5gg-GG69,478100,Holofoil,196.87,173.5,210.07,1000.0,211.14
2025-03-31,swsh35-25,223018,Normal,0.1,0.02,0.19,1.25,
2025-03-31,swsh35-25,223018,Reverse Holofoil,0.35,0.09,0.3,2.0,
2025-03-31,swsh35-74,223073,Holofoil,203.71,147.99,246.52,1500.0,241.98
2025-03-31,swsh45sv-SV107,232496,Holofoil,123.32,110.0,135.32,445.06,128.99
2025-03-31,swsh7-204,246693,Holofoil,31.37,25.98,33.29,100.0,42.98
2025-03-31,swsh7-205,246696,Holofoil,439.62,330.0,461.63,785.21,419.99
2025-03-31,swsh7-208,246755,Holofoil,25.46,18.68,30.0,48.95,34.7
2025-03-31,swsh7-209,246756,Holofoil,378.04,345.74,399.99,799.99,357.3
2025-03-31,swsh7-211,246702,Holofoil,43.35,36.99,45.0,130.0,48.99
2025-03-31,swsh7-212,246704,Holofoil,425.92,325.99,473.95,1000.0,473.88
2025-03-31,swsh7-215,246723,Holofoil,1665.1,1299.0,1842.58,2710.0,1729.0
2025-03-31,swsh7-218,246733,Holofoil,808.0,645.0,891.89,1443.15,889.98
2025-03-31,swsh7-41,246753,Holofoil,5.63,3.45,5.55,89.0,7.5
2025-03-31,swsh7-65,246690,Holofoil,10.05,5.19,10.0,500.0,13.98
2025-03-31,swsh7-75,246701,Holofoil,10.54,7.67,10.37,50.0,7.67
2025-03-31,swsh7-8,246691,Holofoil,6.32,3.9,6.06,50.0,6.17
2025-03-31,swsh8-271,253266,Holofoil,649.46,594.5,719.99,1799.0,609.99
2025-03-31,swsh9-154,263873,Holofoil,217.58,174.93,228.0,1500.0,179.9
