date,asset_id,product_id,subtype,market,low,mid,high,direct_low
2025-11-01,base1-15,42355,Holofoil,116.97,75.0,121.71,300.0,
2025-11-01,base1-16,42356,Holofoil,35.64,22.03,37.08,72.94,
2025-11-01,base1-2,42360,Holofoil,162.35,94.0,126.52,500.0,
2025-11-01,base1-4,42382,Holofoil,460.45,315.32,479.99,1000.0,
2025-11-01,base1-58,42402,Normal,3.54,0.4,2.13,9999.0,1.5
2025-11-01,cel25c-4,250320,Holofoil,131.53,101.85,140.24,499.99,105.87
2025-11-01,gym2-2,83861,1st Edition Holofoil,717.34,500.0,753.21,1199.99,
2025-11-01,gym2-2,83861,Unlimited Holofoil,524.03,347.99,502.49,588.51,497.89
2025-11-01,neo1-9,86903,1st Edition Holofoil,1799.99,1798.75,1798.78,1900.97,
2025-11-01,neo1-9,86903,Unlimited Holofoil,407.26,265.0,359.99,540.0,
2025-11-01,sl-151-bundle,502000,Normal,97.35,86.83,109.95,999.99,
2025-11-01,sl-151-etb,503313,Normal,409.94,399.97,499.95,1000.0,
2025-11-01,sl-151-upc,502005,Normal,582.74,590.0,750.0,40000.0,
2025-11-01,sl-ar-box,265519,Normal,411.14,380.0,483.98,9999.99,
2025-11-01,sl-bs-box,256141,Normal,490.47,476.97,649.97,9999.99,
2025-11-01,sl-cel-upc,245140,Normal,902.18,875.99,979.99,154722.59,
2025-11-01,sl-champ-etb,218791,Normal,153.12,159.97,180.0,499.99,
2025-11-01,sl-cz-etb,453470,Normal,222.84,198.5,242.5,4999.99,
2025-11-01,sl-dr-box,624679,Normal,383.61,378.0,499.49,9999.0,
2025-11-01,sl-evs-box,242436,Normal,2579.66,2300.0,3180.0,12000.0,
2025-11-01,sl-evs-etb,243721,Normal,673.62,790.0,999.0,2999.99,
2025-11-01,sl-fs-box,247654,Normal,993.35,940.0,1199.95,4999.99,
2025-11-01,sl-hf-etb,194729,Normal,404.55,406.99,499.96,9999.98,
2025-11-01,sl-jp-151,565243,Normal,183.86,175.0,199.99,399.99,
2025-11-01,sl-jp-terastal,603428,Normal,106.79,99.5,115.0,189.99,
2025-11-01,sl-jt-box,610931,Normal,257.57,249.98,269.99,551.0,
2025-11-01,sl-lo-box,277324,Normal,790.33,700.0,879.0,2500.0,
2025-11-01,sl-me1-box,644298,Normal,263.84,239.99,300.0,500.0,
2025-11-01,sl-obf-box,501257,Normal,309.91,290.0,350.0,1000.0,
2025-11-01,sl-pe-etb,593355,Normal,133.01,130.0,150.0,2000.0,
2025-11-01,sl-pe-spc,622770,Normal,303.9,283.99,325.0,1200.0,
2025-11-01,sl-pf-etb,528040,Normal,277.16,257.01,287.5,989.89,
2025-11-01,sl-phf-box,654137,Normal,308.76,301.99,309.98,448.95,
2025-11-01,sl-shf-etb,228821,Normal,101.06,95.0,114.99,499.99,
2025-11-01,sl-ss-box,565606,Normal,246.07,242.0,310.0,4999.99,
2025-11-01,sl-st-box,283389,Normal,466.62,410.0,570.0,9999.99,
2025-11-01,sl-tf-box,536225,Normal,270.89,264.69,299.99,750.0,
2025-11-01,sv2-185,497557,Normal,0.3,0.24,0.39,30.0,
2025-11-01,sv2-185,497557,Reverse Holofoil,0.58,0.25,0.7,6.99,
2025-11-01,sv2-254,497669,Holofoil,14.84,13.37,16.99,100.0,16.99
2025-11-01,sv2-269,497689,Holofoil,52.22,49.0,60.0,294.12,65.13
2025-11-01,sv3pt5-151,516566,Holofoil,8.03,4.99,7.92,42.96,
2025-11-01,sv3pt5-199,517045,Holofoil,263.07,230.0,299.5,999.0,
2025-11-01,sv3pt5-205,517051,Holofoil,15.97,13.69,19.0,95.58,21.32
2025-11-01,sv3pt5-4,502555,Normal,0.15,0.01,0.16,5.0,0.14
2025-11-01,sv3pt5-4,502555,Reverse Holofoil,0.2,0.03,0.26,3.99,
2025-11-01,sv3pt5-6,502558,Holofoil,4.32,2.99,4.98,39.97,4.99
2025-11-01,sv3pt5-7,502548,Normal,0.16,0.01,0.17,2.01,
2025-11-01,sv3pt5-7,502548,Reverse Holofoil,0.27,0.01,0.25,50.0,0.2
2025-11-01,sv4pt5-234,535090,Holofoil,279.8,229.55,300.0,549.99,378.0
2025-11-01,sv4pt5-54,534416,Holofoil,3.18,2.0,3.59,34.99,7.76
2025-11-01,sv8-57,590025,Holofoil,3.86,3.0,5.44,40.0,4.77
2025-11-01,sv8pt5-149,610504,Holofoil,213.46,196.46,215.21,800.0,
2025-11-01,sv8pt5-155,610510,Holofoil,230.81,200.99,249.75,499.99,
2025-11-01,sv8pt5-156,610511,Holofoil,343.68,329.98,437.19,999.99,
2025-11-01,sv8pt5-161,610516,Holofoil,1210.01,1037.73,1269.5,5027.4,
2025-11-01,sv8pt5-167,610522,Holofoil,121.93,114.99,123.6,300.0,
2025-11-01,sv8pt5-179,610534,Holofoil,49.9,42.0,51.61,329.99,
2025-11-01,sv8pt5-28,610383,Holofoil,1.04,0.49,1.24,19.99,
2025-11-01,sv8pt5-47,610402,Normal,0.05,0.01,0.1,2.0,0.02
2025-11-01,sv8pt5-47,610402,Reverse Holofoil,0.08,0.01,0.12,20.0,0.06
2025-11-01,sv8pt5-59,610414,Holofoil,0.25,0.01,0.26,100.0,0.21
2025-11-01,sv8pt5-59,610414,Reverse Holofoil,0.3,0.09,0.37,25.0,0.24
2025-11-01,sv8pt5-60,610415,Holofoil,4.18,3.0,4.99,40.0,4.5
2025-11-01,svp-085,518861,Normal,629.05,599.85,699.99,2500.0,634.99
2025-11-01,swsh11-186,284137,Holofoil,612.21,549.99,660.0,2000.0,
2025-11-01,swsh12-186,451834,Holofoil,444.98,404.99,467.94,1100.0,415.94
2025-11-01,swsh12pt5gg-GG69,478100,Holofoil,213.58,178.33,226.24,600.0,224.99
2025-11-01,swsh35-25,223018,Normal,0.1,0.05,0.19,1.49,
2025-11-01,swsh35-25,223018,Reverse Holofoil,0.24,0.09,0.25,2.0,
2025-11-01,swsh35-74,223073,Holofoil,169.11,155.0,249.95,1500.0,249.95
2025-11-01,swsh45sv-SV107,232496,Holofoil,137.14,122.67,154.04,349.95,123.99
2025-11-01,swsh7-204,246693,Holofoil,31.92,28.0,35.55,150.0,29.69
2025-11-01,swsh7-205,246696,Holofoil,386.27,299.0,423.95,1857.0,369.69
2025-11-01,swsh7-208,246755,Holofoil,30.34,26.0,30.17,48.95,28.0
2025-11-01,swsh7-209,246756,Holofoil,298.22,269.0,310.0,1732.38,296.92
2025-11-01,swsh7-211,246702,Holofoil,44.68,40.0,49.99,75.0,48.98
2025-11-01,swsh7-212,246704,Holofoil,408.84,350.0,410.67,1000.0,427.95
2025-11-01,swsh7-215,246723,Holofoil,2240.56,1550.0,2200.0,3199.97,1750.0
2025-11-01,swsh7-218,246733,Holofoil,688.0,550.0,700.0,950.0,712.02
2025-11-01,swsh7-41,246753,Holofoil,5.64,4.04,6.49,31.92,6.0
2025-11-01,swsh7-65,246690,Holofoil,11.22,7.99,12.0,500.0,10.0
2025-11-01,swsh7-75,246701,Holofoil,12.91,9.0,13.99,70.0,12.88
2025-11-01,swsh7-8,246691,Holofoil,6.29,5.0,7.0,100.0,6.82
2025-11-01,swsh8-271,253266,Holofoil,765.35,649.99,829.98,1499.95,724.95
2025-11-01,swsh9-154,263873,Holofoil,349.99,275.0,352.8,1500.0,245.27
2025-11-02,base1-15,42355,Holofoil,116.97,75.0,122.27,300.0,
2025-11-02,base1-16,42356,Holofoil,35.94,22.03,37.08,72.94,
2025-11-02,base1-2,42360,Holofoil,162.35,94.0,126.52,500.0,
2025-11-02,base1-4,42382,Holofoil,460.45,350.59,500.0,1000.0,
2025-11-02,base1-58,42402,Normal,3.58,0.4,2.0,9999.0,1.5
2025-11-02,cel25c-4,250320,Holofoil,132.89,101.85,141.55,499.99,105.87
2025-11-02,gym2-2,83861,1st Edition Holofoil,717.34,500.0,753.21,1199.99,
2025-11-02,gym2-2,83861,Unlimited Holofoil,524.03,347.99,502.49,588.51,497.89
2025-11-02,neo1-9,86903,1st Edition Holofoil,1799.99,1798.75,1798.78,1900.97,
2025-11-02,neo1-9,86903,Unlimited Holofoil,407.26,265.0,359.99,540.0,
2025-11-02,sl-151-bundle,502000,Normal,96.93,86.05,106.62,999.99,
2025-11-02,sl-151-etb,503313,Normal,409.34,399.96,499.95,1000.0,
2025-11-02,sl-151-upc,502005,Normal,598.86,590.0,750.0,40000.0,
2025-11-02,sl-ar-box,265519,Normal,411.14,380.0,483.98,9999.99,
2025-11-02,sl-bs-box,256141,Normal,490.47,476.97,649.97,9999.99,
2025-11-02,sl-cel-upc,245140,Normal,902.18,875.99,979.99,154722.59,
2025-11-02,sl-champ-etb,218791,Normal,153.12,153.12,180.0,499.99,
2025-11-02,sl-cz-etb,453470,Normal,222.84,198.5,233.97,4999.99,
2025-11-02,sl-dr-box,624679,Normal,382.46,378.0,500.0,9999.0,
2025-11-02,sl-evs-box,242436,Normal,2579.66,2300.0,3180.0,12000.0,
2025-11-02,sl-evs-etb,243721,Normal,673.62,790.0,999.0,2999.99,
2025-11-02,sl-fs-box,247654,Normal,993.35,939.99,1199.45,4999.99,
2025-11-02,sl-hf-etb,194729,Normal,404.55,390.0,499.96,9999.98,
2025-11-02,sl-jp-151,565243,Normal,183.49,175.0,199.97,399.99,
2025-11-02,sl-jp-terastal,603428,Normal,106.99,99.5,114.99,189.99,
2025-11-02,sl-jt-box,610931,Normal,256.84,249.88,269.99,551.0,
2025-11-02,sl-lo-box,277324,Normal,790.33,700.0,846.44,2500.0,
2025-11-02,sl-me1-box,644298,Normal,260.59,239.96,300.0,500.0,
2025-11-02,sl-obf-box,501257,Normal,308.31,300.0,355.94,1000.0,
2025-11-02,sl-pe-etb,593355,Normal,132.91,128.4,149.99,2000.0,
2025-11-02,sl-pe-spc,622770,Normal,302.32,283.99,325.0,1200.0,
2025-11-02,sl-pf-etb,528040,Normal,277.16,254.94,287.5,989.89,
2025-11-02,sl-phf-box,654137,Normal,308.02,301.99,309.55,448.95,
2025-11-02,sl-shf-etb,228821,Normal,101.06,95.0,112.5,499.99,
2025-11-02,sl-ss-box,565606,Normal,247.68,235.0,310.0,4999.99,
2025-11-02,sl-st-box,283389,Normal,462.02,410.0,570.0,9999.99,
2025-11-02,sl-tf-box,536225,Normal,270.89,264.69,299.99,750.0,
2025-11-02,sv2-185,497557,Normal,0.28,0.25,0.39,30.0,
2025-11-02,sv2-185,497557,Reverse Holofoil,0.57,0.25,0.7,6.99,
2025-11-02,sv2-254,497669,Holofoil,14.63,13.47,16.99,100.0,16.99
2025-11-02,sv2-269,497689,Holofoil,52.22,49.0,60.0,294.12,65.13
2025-11-02,sv3pt5-151,516566,Holofoil,7.1,4.97,7.99,42.96,
2025-11-02,sv3pt5-199,517045,Holofoil,263.29,230.0,295.0,999.0,
2025-11-02,sv3pt5-205,517051,Holofoil,17.08,14.0,19.25,95.58,22.66
2025-11-02,sv3pt5-4,502555,Normal,0.16,0.01,0.16,5.0,0.11
2025-11-02,sv3pt5-4,502555,Reverse Holofoil,0.2,0.03,0.26,3.99,
2025-11-02,sv3pt5-6,502558,Holofoil,4.29,2.99,4.95,39.97,4.99
2025-11-02,sv3pt5-7,502548,Normal,0.16,0.01,0.17,2.01,
2025-11-02,sv3pt5-7,502548,Reverse Holofoil,0.24,0.01,0.25,50.0,0.2
2025-11-02,sv4pt5-234,535090,Holofoil,278.76,241.82,300.0,549.99,378.0
2025-11-02,sv4pt5-54,534416,Holofoil,3.5,2.0,3.6,34.99,7.99
2025-11-02,sv8-57,590025,Holofoil,4.29,3.0,5.4,25.0,5.15
2025-11-02,sv8pt5-149,610504,Holofoil,213.46,195.07,215.18,800.0,
2025-11-02,sv8pt5-155,610510,Holofoil,229.32,201.99,240.0,499.99,
2025-11-02,sv8pt5-156,610511,Holofoil,343.93,329.98,446.16,999.99,
2025-11-02,sv8pt5-161,610516,Holofoil,1208.77,1037.73,1269.5,5000.0,
2025-11-02,sv8pt5-167,610522,Holofoil,120.86,114.99,124.99,300.0,
2025-11-02,sv8pt5-179,610534,Holofoil,49.18,42.73,51.29,329.99,
2025-11-02,sv8pt5-28,610383,Holofoil,1.01,0.5,1.21,19.99,
2025-11-02,sv8pt5-47,610402,Normal,0.05,0.01,0.1,2.0,0.01
2025-11-02,sv8pt5-47,610402,Reverse Holofoil,0.07,0.01,0.12,20.0,0.05
2025-11-02,sv8pt5-59,610414,Holofoil,0.23,0.01,0.26,100.0,0.21
2025-11-02,sv8pt5-59,610414,Reverse Holofoil,0.29,0.09,0.37,25.0,0.23
2025-11-02,sv8pt5-60,610415,Holofoil,3.87,2.99,4.99,40.0,4.5
2025-11-02,svp-085,518861,Normal,633.84,604.8,699.97,2500.0,634.99
2025-11-02,swsh11-186,284137,Holofoil,612.21,549.99,660.75,2000.0,
2025-11-02,swsh12-186,451834,Holofoil,443.58,404.99,467.99,1100.0,415.94
2025-11-02,swsh12pt5gg-GG69,478100,Holofoil,217.38,179.29,224.99,600.0,216.99
2025-11-02,swsh35-25,223018,Normal,0.1,0.05,0.19,1.49,
2025-11-02,swsh35-25,223018,Reverse Holofoil,0.24,0.09,0.25,2.0,
2025-11-02,swsh35-74,223073,Holofoil,168.88,155.0,249.95,1500.0,249.95
2025-11-02,swsh45sv-SV107,232496,Holofoil,138.91,122.67,154.23,349.95,123.99
2025-11-02,swsh7-204,246693,Holofoil,31.87,29.69,35.99,150.0,29.69
2025-11-02,swsh7-205,246696,Holofoil,385.5,299.0,405.77,1857.0,369.69
2025-11-02,swsh7-208,246755,Holofoil,30.34,26.0,30.34,48.95,28.98
2025-11-02,swsh7-209,246756,Holofoil,298.18,269.0,308.99,1732.38,296.92
2025-11-02,swsh7-211,246702,Holofoil,44.68,40.0,49.99,75.0,48.98
2025-11-02,swsh7-212,246704,Holofoil,408.84,350.0,408.84,1000.0,427.95
2025-11-02,swsh7-215,246723,Holofoil,2240.56,1550.0,2200.0,3199.97,1750.0
2025-11-02,swsh7-218,246733,Holofoil,688.0,550.0,698.46,950.0,712.02
2025-11-02,swsh7-41,246753,Holofoil,5.82,4.04,6.57,31.92,5.85
2025-11-02,swsh7-65,246690,Holofoil,11.26,7.99,11.99,500.0,10.0
2025-11-02,swsh7-75,246701,Holofoil,12.76,9.86,14.71,70.0,12.88
2025-11-02,swsh7-8,246691,Holofoil,6.44,5.0,7.03,100.0,6.82
2025-11-02,swsh8-271,253266,Holofoil,765.35,649.99,829.98,1499.95,724.95
2025-11-02,swsh9-154,263873,Holofoil,349.99,275.0,351.61,1500.0,245.27
2025-11-03,base1-15,42355,Holofoil,116.97,73.0,122.82,300.0,
2025-11-03,base1-16,42356,Holofoil,35.84,22.03,36.77,72.94,
2025-11-03,base1-2,42360,Holofoil,162.35,91.11,129.99,500.0,
2025-11-03,base1-4,42382,Holofoil,460.45,308.25,511.3,1000.0,
2025-11-03,base1-58,42402,Normal,3.71,0.4,2.0,9999.0,3.23
2025-11-03,cel25c-4,250320,Holofoil,132.89,101.85,140.23,499.99,105.87
2025-11-03,gym2-2,83861,1st Edition Holofoil,717.34,500.0,753.21,1199.99,
2025-11-03,gym2-2,83861,Unlimited Holofoil,517.68,347.99,499.99,581.38,491.8
2025-11-03,neo1-9,86903,1st Edition Holofoil,1799.99,1798.75,1798.78,1900.97,
2025-11-03,neo1-9,86903,Unlimited Holofoil,407.26,265.0,359.99,540.0,
2025-11-03,sl-151-bundle,502000,Normal,95.94,89.99,108.48,999.99,
2025-11-03,sl-151-etb,503313,Normal,409.34,404.0,499.99,1000.0,
2025-11-03,sl-151-upc,502005,Normal,600.46,595.0,750.0,40000.0,
2025-11-03,sl-ar-box,265519,Normal,411.14,380.0,478.95,1500.0,
2025-11-03,sl-bs-box,256141,Normal,490.14,476.97,627.99,5000.0,
2025-11-03,sl-cel-upc,245140,Normal,908.73,880.0,981.48,154722.59,
2025-11-03,sl-champ-etb,218791,Normal,153.12,147.01,179.99,499.99,
2025-11-03,sl-cz-etb,453470,Normal,222.84,195.95,233.75,4999.99,
2025-11-03,sl-dr-box,624679,Normal,371.83,378.9,499.99,9999.0,
2025-11-03,sl-evs-box,242436,Normal,2579.66,2300.0,3000.0,12000.0,
2025-11-03,sl-evs-etb,243721,Normal,673.62,788.87,940.0,1999.99,
2025-11-03,sl-fs-box,247654,Normal,993.35,939.99,1199.93,4999.99,
2025-11-03,sl-hf-etb,194729,Normal,403.59,385.0,499.96,9999.98,
2025-11-03,sl-jp-151,565243,Normal,182.93,175.0,199.99,399.99,
2025-11-03,sl-jp-terastal,603428,Normal,107.21,99.5,114.48,189.99,
2025-11-03,sl-jt-box,610931,Normal,255.63,249.88,269.99,551.0,
2025-11-03,sl-lo-box,277324,Normal,786.64,700.0,846.44,2500.0,
2025-11-03,sl-me1-box,644298,Normal,253.16,252.76,309.89,7777.0,
2025-11-03,sl-obf-box,501257,Normal,306.84,300.0,374.99,1000.0,
2025-11-03,sl-pe-etb,593355,Normal,130.25,127.99,150.0,2000.0,
2025-11-03,sl-pe-spc,622770,Normal,297.76,277.93,322.49,1200.0,
2025-11-03,sl-pf-etb,528040,Normal,275.36,253.99,285.0,989.89,
2025-11-03,sl-phf-box,654137,Normal,306.74,300.99,307.33,448.95,
2025-11-03,sl-shf-etb,228821,Normal,100.7,93.49,114.99,499.99,
2025-11-03,sl-ss-box,565606,Normal,245.66,235.0,302.99,4999.99,
2025-11-03,sl-st-box,283389,Normal,461.1,410.0,579.99,2000.0,
2025-11-03,sl-tf-box,536225,Normal,271.21,264.69,299.25,750.0,
2025-11-03,sv2-185,497557,Normal,0.44,0.2,0.42,30.0,
2025-11-03,sv2-185,497557,Reverse Holofoil,0.61,0.25,0.7,6.99,0.78
2025-11-03,sv2-254,497669,Holofoil,14.48,12.69,16.99,100.0,16.87
2025-11-03,sv2-269,497689,Holofoil,51.65,45.0,60.0,294.12,64.99
2025-11-03,sv3pt5-151,516566,Holofoil,6.96,4.99,7.78,42.96,6.33
2025-11-03,sv3pt5-199,517045,Holofoil,261.53,230.0,290.29,999.0,265.0
2025-11-03,sv3pt5-205,517051,Holofoil,17.23,14.0,19.84,95.58,16.0
2025-11-03,sv3pt5-4,502555,Normal,0.13,0.01,0.16,5.0,0.11
2025-11-03,sv3pt5-4,502555,Reverse Holofoil,0.22,0.03,0.26,3.99,0.21
2025-11-03,sv3pt5-6,502558,Holofoil,4.08,2.99,4.92,39.97,4.85
2025-11-03,sv3pt5-7,502548,Normal,0.15,0.01,0.17,2.01,
2025-11-03,sv3pt5-7,502548,Reverse Holofoil,0.25,0.01,0.25,50.0,0.2
2025-11-03,sv4pt5-234,535090,Holofoil,278.28,241.82,300.0,549.99,378.0
2025-11-03,sv4pt5-54,534416,Holofoil,3.72,2.0,3.68,34.99,3.53
2025-11-03,sv8-57,590025,Holofoil,4.65,2.99,5.46,25.0,5.68
2025-11-03,sv8pt5-149,610504,Holofoil,213.46,195.07,217.28,800.0,
2025-11-03,sv8pt5-155,610510,Holofoil,226.1,202.49,240.52,499.99,
2025-11-03,sv8pt5-156,610511,Holofoil,343.93,300.0,423.77,999.99,
2025-11-03,sv8pt5-161,610516,Holofoil,1208.28,1040.72,1302.62,5000.0,
2025-11-03,sv8pt5-167,610522,Holofoil,120.48,114.99,125.35,300.0,
2025-11-03,sv8pt5-179,610534,Holofoil,49.17,42.9,51.06,329.99,
2025-11-03,sv8pt5-28,610383,Holofoil,0.92,0.49,1.21,19.99,1.24
2025-11-03,sv8pt5-47,610402,Normal,0.04,0.01,0.1,2.0,0.01
2025-11-03,sv8pt5-47,610402,Reverse Holofoil,0.06,0.01,0.12,20.0,0.06
2025-11-03,sv8pt5-59,610414,Holofoil,0.22,0.01,0.26,100.0,0.22
2025-11-03,sv8pt5-59,610414,Reverse Holofoil,0.28,0.05,0.36,25.0,0.23
2025-11-03,sv8pt5-60,610415,Holofoil,4.11,2.94,4.96,40.0,4.47
2025-11-03,svp-085,518861,Normal,633.84,600.0,699.99,2500.0,634.99
2025-11-03,swsh11-186,284137,Holofoil,612.21,549.99,661.49,2000.0,
2025-11-03,swsh12-186,451834,Holofoil,443.58,404.99,468.48,1100.0,415.94
2025-11-03,swsh12pt5gg-GG69,478100,Holofoil,213.55,179.29,224.99,600.0,216.99
2025-11-03,swsh35-25,223018,Normal,0.1,0.05,0.19,1.82,
2025-11-03,swsh35-25,223018,Reverse Holofoil,0.24,0.09,0.25,2.0,
2025-11-03,swsh35-74,223073,Holofoil,170.68,170.0,249.98,1500.0,249.95
2025-11-03,swsh45sv-SV107,232496,Holofoil,137.81,122.67,154.9,349.95,123.99
2025-11-03,swsh7-204,246693,Holofoil,31.87,28.0,35.52,150.0,34.98
2025-11-03,swsh7-205,246696,Holofoil,385.5,299.0,400.0,1857.0,369.69
2025-11-03,swsh7-208,246755,Holofoil,30.41,26.0,30.34,48.95,28.99
2025-11-03,swsh7-209,246756,Holofoil,298.18,269.0,310.0,1732.38,296.92
2025-11-03,swsh7-211,246702,Holofoil,44.93,40.0,49.99,75.0,49.0
2025-11-03,swsh7-212,246704,Holofoil,408.84,350.0,408.84,1000.0,427.95
2025-11-03,swsh7-215,246723,Holofoil,2246.6,1750.0,2200.0,3199.97,1750.0
2025-11-03,swsh7-218,246733,Holofoil,690.88,550.0,690.88,950.0,779.74
2025-11-03,swsh7-41,246753,Holofoil,5.8,4.04,6.49,31.92,6.0
2025-11-03,swsh7-65,246690,Holofoil,11.35,7.99,11.98,500.0,10.0
2025-11-03,swsh7-75,246701,Holofoil,12.72,9.0,14.6,70.0,12.88
2025-11-03,swsh7-8,246691,Holofoil,6.3,5.0,7.01,100.0,6.74
2025-11-03,swsh8-271,253266,Holofoil,756.31,649.99,841.89,1499.95,724.95
2025-11-03,swsh9-154,263873,Holofoil,349.99,275.0,352.6,1500.0,245.27
2025-11-04,base1-15,42355,Holofoil,116.97,73.0,122.27,300.0,
2025-11-04,base1-16,42356,Holofoil,36.1,22.03,36.7,72.94,
2025-11-04,base1-2,42360,Holofoil,162.7,91.11,143.49,500.0,
2025-11-04,base1-4,42382,Holofoil,460.45,337.73,511.3,1000.0,
2025-11-04,base1-58,42402,Normal,3.77,0.4,2.0,9999.0,
2025-11-04,cel25c-4,250320,Holofoil,133.13,101.85,139.99,499.99,105.87
2025-11-04,gym2-2,83861,1st Edition Holofoil,717.34,500.0,753.21,1099.99,
2025-11-04,gym2-2,83861,Unlimited Holofoil,517.68,347.99,499.99,581.38,491.8
2025-11-04,neo1-9,86903,1st Edition Holofoil,1799.99,1798.75,1798.78,1900.97,
2025-11-04,neo1-9,86903,Unlimited Holofoil,407.26,265.0,359.99,540.0,
2025-11-04,sl-151-bundle,502000,Normal,94.08,89.99,109.99,999.99,
2025-11-04,sl-151-etb,503313,Normal,407.98,403.99,499.99,1000.0,
2025-11-04,sl-151-upc,502005,Normal,600.46,579.0,750.0,40000.0,
2025-11-04,sl-ar-box,265519,Normal,411.14,380.0,480.0,9999.99,
2025-11-04,sl-bs-box,256141,Normal,490.14,476.97,649.97,9999.99,
2025-11-04,sl-cel-upc,245140,Normal,908.73,880.0,979.99,154722.59,
2025-11-04,sl-champ-etb,218791,Normal,153.12,147.01,179.5,499.99,
2025-11-04,sl-cz-etb,453470,Normal,222.84,195.95,233.74,4999.99,
2025-11-04,sl-dr-box,624679,Normal,383.08,370.01,499.99,9999.0,
2025-11-04,sl-evs-box,242436,Normal,2579.66,2300.0,3180.0,12000.0,
2025-11-04,sl-evs-etb,243721,Normal,673.62,787.87,979.99,2999.99,
2025-11-04,sl-fs-box,247654,Normal,993.35,939.99,1199.93,4999.99,
2025-11-04,sl-hf-etb,194729,Normal,402.19,385.0,499.96,9999.98,
2025-11-04,sl-jp-151,565243,Normal,182.93,166.75,199.99,399.99,
2025-11-04,sl-jp-terastal,603428,Normal,106.41,99.5,114.47,200.0,
2025-11-04,sl-jt-box,610931,Normal,253.43,249.69,269.99,551.0,
2025-11-04,sl-lo-box,277324,Normal,782.96,700.0,846.44,2500.0,
2025-11-04,sl-me1-box,644298,Normal,257.43,252.76,307.44,7777.0,
2025-11-04,sl-obf-box,501257,Normal,303.76,290.0,360.94,1000.0,
2025-11-04,sl-pe-etb,593355,Normal,131.49,125.0,149.99,2000.0,
2025-11-04,sl-pe-spc,622770,Normal,295.2,280.0,320.99,1200.0,
2025-11-04,sl-pf-etb,528040,Normal,275.16,253.78,289.99,989.89,
2025-11-04,sl-phf-box,654137,Normal,305.71,305.0,306.59,448.95,
2025-11-04,sl-shf-etb,228821,Normal,100.7,95.0,112.5,499.99,
2025-11-04,sl-ss-box,565606,Normal,246.97,236.0,312.48,4999.99,
2025-11-04,sl-st-box,283389,Normal,461.1,410.0,570.0,9999.99,
2025-11-04,sl-tf-box,536225,Normal,271.59,255.0,296.75,750.0,
2025-11-04,sv2-185,497557,Normal,0.31,0.15,0.43,30.0,
2025-11-04,sv2-185,497557,Reverse Holofoil,0.64,0.25,0.75,6.99,0.98
2025-11-04,sv2-254,497669,Holofoil,14.48,12.5,16.9,100.0,13.49
2025-11-04,sv2-269,497689,Holofoil,50.49,45.0,60.0,294.12,51.21
2025-11-04,sv3pt5-151,516566,Holofoil,6.68,4.5,7.73,42.96,6.5
2025-11-04,sv3pt5-199,517045,Holofoil,262.54,230.0,291.49,999.0,264.99
2025-11-04,sv3pt5-205,517051,Holofoil,16.84,14.0,19.35,95.58,16.0
2025-11-04,sv3pt5-4,502555,Normal,0.14,0.01,0.16,5.0,0.11
2025-11-04,sv3pt5-4,502555,Reverse Holofoil,0.22,0.03,0.26,3.99,0.22
2025-11-04,sv3pt5-6,502558,Holofoil,3.78,2.99,4.84,39.97,4.25
2025-11-04,sv3pt5-7,502548,Normal,0.14,0.01,0.17,2.01,0.14
2025-11-04,sv3pt5-7,502548,Reverse Holofoil,0.23,0.01,0.25,50.0,0.2
2025-11-04,sv4pt5-234,535090,Holofoil,277.94,241.81,299.0,549.99,378.0
2025-11-04,sv4pt5-54,534416,Holofoil,3.59,2.0,3.69,34.99,2.94
2025-11-04,sv8-57,590025,Holofoil,4.97,2.81,5.46,25.0,5.35
2025-11-04,sv8pt5-149,610504,Holofoil,213.46,195.07,218.57,800.0,
2025-11-04,sv8pt5-155,610510,Holofoil,224.64,202.49,241.99,499.99,
2025-11-04,sv8pt5-156,610511,Holofoil,344.53,325.58,438.25,999.99,
2025-11-04,sv8pt5-161,610516,Holofoil,1212.35,1040.72,1302.62,5000.0,
2025-11-04,sv8pt5-167,610522,Holofoil,120.48,114.99,125.17,300.0,
2025-11-04,sv8pt5-179,610534,Holofoil,49.07,42.79,51.17,329.99,
2025-11-04,sv8pt5-28,610383,Holofoil,0.91,0.34,1.2,19.99,1.24
2025-11-04,sv8pt5-47,610402,Normal,0.04,0.01,0.1,2.0,0.01
2025-11-04,sv8pt5-47,610402,Reverse Holofoil,0.06,0.01,0.13,20.0,0.05
2025-11-04,sv8pt5-59,610414,Holofoil,0.23,0.01,0.26,100.0,0.22
2025-11-04,sv8pt5-59,610414,Reverse Holofoil,0.26,0.1,0.36,25.0,0.23
2025-11-04,sv8pt5-60,610415,Holofoil,3.98,2.89,4.93,50.0,3.89
2025-11-04,svp-085,518861,Normal,633.84,598.99,699.97,2500.0,599.0
2025-11-04,swsh11-186,284137,Holofoil,611.52,549.99,661.49,2000.0,
2025-11-04,swsh12-186,451834,Holofoil,443.58,329.99,467.95,1100.0,330.0
2025-11-04,swsh12pt5gg-GG69,478100,Holofoil,206.1,178.56,225.0,600.0,236.71
2025-11-04,swsh35-25,223018,Normal,0.1,0.05,0.19,1.82,
2025-11-04,swsh35-25,223018,Reverse Holofoil,0.24,0.09,0.25,2.0,
2025-11-04,swsh35-74,223073,Holofoil,170.68,170.0,249.98,1500.0,180.0
2025-11-04,swsh45sv-SV107,232496,Holofoil,136.88,122.67,154.18,349.95,123.99
2025-11-04,swsh7-204,246693,Holofoil,31.95,28.0,36.99,150.0,34.98
2025-11-04,swsh7-205,246696,Holofoil,385.06,299.0,400.0,1857.0,369.69
2025-11-04,swsh7-208,246755,Holofoil,30.41,26.0,30.4,48.95,28.99
2025-11-04,swsh7-209,246756,Holofoil,298.18,269.0,307.98,1732.38,296.92
2025-11-04,swsh7-211,246702,Holofoil,44.93,41.66,50.0,75.0,49.99
2025-11-04,swsh7-212,246704,Holofoil,410.1,350.0,408.84,1000.0,427.95
2025-11-04,swsh7-215,246723,Holofoil,2246.6,1700.0,2199.99,3199.97,1750.0
2025-11-04,swsh7-218,246733,Holofoil,690.88,550.0,688.46,950.0,779.74
2025-11-04,swsh7-41,246753,Holofoil,5.69,3.99,6.43,31.92,5.69
2025-11-04,swsh7-65,246690,Holofoil,11.43,7.99,12.0,500.0,11.48
2025-11-04,swsh7-75,246701,Holofoil,12.72,9.0,14.04,70.0,12.88
2025-11-04,swsh7-8,246691,Holofoil,6.3,5.0,7.02,100.0,6.74
2025-11-04,swsh8-271,253266,Holofoil,756.19,649.99,835.94,1499.95,724.95
2025-11-04,swsh9-154,263873,Holofoil,349.99,275.0,350.0,1500.0,237.91
2025-11-05,base1-15,42355,Holofoil,119.16,73.0,117.45,300.0,
2025-11-05,base1-16,42356,Holofoil,36.1,22.03,36.26,72.94,13.93
2025-11-05,base1-2,42360,Holofoil,162.7,91.11,143.49,500.0,
2025-11-05,base1-4,42382,Holofoil,460.45,330.0,500.0,1000.0,
2025-11-05,base1-58,42402,Normal,3.83,0.4,2.01,9999.0,0.5
2025-11-05,cel25c-4,250320,Holofoil,133.15,101.85,150.0,499.99,105.87
2025-11-05,gym2-2,83861,1st Edition Holofoil,717.34,500.0,753.21,1099.99,
2025-11-05,gym2-2,83861,Unlimited Holofoil,517.68,347.99,498.94,581.38,491.8
2025-11-05,neo1-9,86903,1st Edition Holofoil,1799.99,1798.75,1798.78,1900.97,
2025-11-05,neo1-9,86903,Unlimited Holofoil,407.26,265.0,379.5,540.0,
2025-11-05,sl-151-bundle,502000,Normal,94.65,83.01,105.0,999.99,
2025-11-05,sl-151-etb,503313,Normal,407.06,398.0,499.95,1000.0,
2025-11-05,sl-151-upc,502005,Normal,600.46,575.0,750.0,40000.0,
2025-11-05,sl-ar-box,265519,Normal,409.59,399.99,480.0,9999.99,
2025-11-05,sl-bs-box,256141,Normal,490.98,476.97,627.99,9999.99,
2025-11-05,sl-cel-upc,245140,Normal,909.13,880.0,982.97,154722.59,
2025-11-05,sl-champ-etb,218791,Normal,152.92,147.01,179.0,499.99,
2025-11-05,sl-cz-etb,453470,Normal,222.84,195.95,231.87,4999.99,
2025-11-05,sl-dr-box,624679,Normal,382.1,370.01,499.0,8498.0,
2025-11-05,sl-evs-box,242436,Normal,2579.66,2150.0,3090.0,12000.0,
2025-11-05,sl-evs-etb,243721,Normal,673.62,787.87,979.99,2999.99,
2025-11-05,sl-fs-box,247654,Normal,988.95,938.99,1199.45,4999.99,
2025-11-05,sl-hf-etb,194729,Normal,402.19,385.0,450.0,9999.98,
2025-11-05,sl-jp-151,565243,Normal,182.72,166.69,199.95,399.99,
2025-11-05,sl-jp-terastal,603428,Normal,106.13,99.5,114.99,200.0,
2025-11-05,sl-jt-box,610931,Normal,251.64,246.97,269.99,551.0,
2025-11-05,sl-lo-box,277324,Normal,782.96,699.99,848.88,2500.0,
2025-11-05,sl-me1-box,644298,Normal,257.09,249.99,300.0,7777.0,
2025-11-05,sl-obf-box,501257,Normal,302.04,290.99,355.0,1000.0,
2025-11-05,sl-pe-etb,593355,Normal,132.12,127.99,150.0,2000.0,
2025-11-05,sl-pe-spc,622770,Normal,290.96,270.99,320.0,1200.0,
2025-11-05,sl-pf-etb,528040,Normal,271.3,253.78,287.5,989.89,
2025-11-05,sl-phf-box,654137,Normal,305.7,305.0,305.93,448.95,
2025-11-05,sl-shf-etb,228821,Normal,101.05,95.0,119.95,499.99,
2025-11-05,sl-ss-box,565606,Normal,238.81,223.98,309.99,4999.99,
2025-11-05,sl-st-box,283389,Normal,459.3,410.0,555.0,9999.99,
2025-11-05,sl-tf-box,536225,Normal,270.99,250.01,299.25,750.0,
2025-11-05,sv2-185,497557,Normal,0.31,0.2,0.4,30.0,0.26
2025-11-05,sv2-185,497557,Reverse Holofoil,0.66,0.25,0.75,6.99,0.76
2025-11-05,sv2-254,497669,Holofoil,14.34,12.5,16.92,100.0,16.49
2025-11-05,sv2-269,497689,Holofoil,50.49,45.0,59.99,294.12,51.21
2025-11-05,sv3pt5-151,516566,Holofoil,7.0,4.99,7.73,42.96,6.9
2025-11-05,sv3pt5-199,517045,Holofoil,262.23,230.0,288.79,900.0,264.99
2025-11-05,sv3pt5-205,517051,Holofoil,16.78,14.0,19.3,95.58,16.0
2025-11-05,sv3pt5-4,502555,Normal,0.14,0.01,0.16,5.0,0.11
2025-11-05,sv3pt5-4,502555,Reverse Holofoil,0.21,0.03,0.26,3.99,0.21
2025-11-05,sv3pt5-6,502558,Holofoil,4.07,2.99,4.85,39.97,4.95
2025-11-05,sv3pt5-7,502548,Normal,0.14,0.01,0.16,2.01,0.13
2025-11-05,sv3pt5-7,502548,Reverse Holofoil,0.23,0.01,0.25,50.0,0.2
2025-11-05,sv4pt5-234,535090,Holofoil,277.62,240.0,298.89,549.99,378.0
2025-11-05,sv4pt5-54,534416,Holofoil,3.96,2.0,3.69,34.99,7.99
2025-11-05,sv8-57,590025,Holofoil,4.26,2.75,5.4,25.0,3.97
2025-11-05,sv8pt5-149,610504,Holofoil,213.17,195.07,217.28,800.0,
2025-11-05,sv8pt5-155,610510,Holofoil,222.19,205.85,241.52,499.99,
2025-11-05,sv8pt5-156,610511,Holofoil,343.49,307.82,441.44,999.99,
2025-11-05,sv8pt5-161,610516,Holofoil,1204.97,1037.99,1305.24,5000.0,
2025-11-05,sv8pt5-167,610522,Holofoil,120.83,114.99,127.1,300.0,
2025-11-05,sv8pt5-179,610534,Holofoil,44.43,41.15,50.1,329.99,
2025-11-05,sv8pt5-28,610383,Holofoil,1.01,0.3,1.17,19.99,
2025-11-05,sv8pt5-47,610402,Normal,0.04,0.01,0.1,2.0,0.01
2025-11-05,sv8pt5-47,610402,Reverse Holofoil,0.07,0.01,0.12,20.0,0.05
2025-11-05,sv8pt5-59,610414,Holofoil,0.23,0.01,0.26,100.0,0.22
2025-11-05,sv8pt5-59,610414,Reverse Holofoil,0.27,0.1,0.36,25.0,0.23
2025-11-05,sv8pt5-60,610415,Holofoil,3.9,2.96,4.88,50.0,3.98
2025-11-05,svp-085,518861,Normal,633.84,597.96,699.95,2500.0,599.0
2025-11-05,swsh11-186,284137,Holofoil,611.52,539.99,646.41,2000.0,556.0
2025-11-05,swsh12-186,451834,Holofoil,443.58,329.99,464.99,1100.0,330.0
2025-11-05,swsh12pt5gg-GG69,478100,Holofoil,203.58,180.0,231.0,990.48,236.71
2025-11-05,swsh35-25,223018,Normal,0.1,0.05,0.19,1.82,
2025-11-05,swsh35-25,223018,Reverse Holofoil,0.24,0.09,0.25,2.0,0.18
2025-11-05,swsh35-74,223073,Holofoil,170.68,168.29,249.95,1500.0,180.0
2025-11-05,swsh45sv-SV107,232496,Holofoil,136.88,123.99,154.59,349.95,123.99
2025-11-05,swsh7-204,246693,Holofoil,31.95,28.0,35.99,150.0,30.35
2025-11-05,swsh7-205,246696,Holofoil,385.06,299.0,414.67,1857.0,369.69
2025-11-05,swsh7-208,246755,Holofoil,30.25,26.49,30.4,48.95,28.99
2025-11-05,swsh7-209,246756,Holofoil,298.18,268.99,308.99,1732.38,296.92
2025-11-05,swsh7-211,246702,Holofoil,44.93,41.66,50.0,75.0,49.99
2025-11-05,swsh7-212,246704,Holofoil,410.1,350.0,410.1,1000.0,427.95
2025-11-05,swsh7-215,246723,Holofoil,2228.6,1700.0,2200.0,3199.97,1750.0
2025-11-05,swsh7-218,246733,Holofoil,690.72,550.0,698.46,950.0,779.74
2025-11-05,swsh7-41,246753,Holofoil,5.69,4.04,6.36,31.92,5.72
2025-11-05,swsh7-65,246690,Holofoil,11.64,7.99,12.0,500.0,11.05
2025-11-05,swsh7-75,246701,Holofoil,12.54,9.0,14.0,70.0,12.72
2025-11-05,swsh7-8,246691,Holofoil,6.4,5.0,7.0,100.0,6.4
2025-11-05,swsh8-271,253266,Holofoil,756.19,649.99,817.61,1499.95,724.95
2025-11-05,swsh9-154,263873,Holofoil,347.04,275.0,350.0,1500.0,237.91
2025-11-06,base1-15,42355,Holofoil,118.14,73.0,120.0,300.0,
2025-11-06,base1-16,42356,Holofoil,36.08,22.03,36.41,72.94,
2025-11-06,base1-2,42360,Holofoil,162.7,91.11,136.74,500.0,
2025-11-06,base1-4,42382,Holofoil,460.11,330.0,480.23,1000.0,
2025-11-06,base1-58,42402,Normal,3.83,0.5,2.49,9999.0,3.99
2025-11-06,cel25c-4,250320,Holofoil,131.84,100.85,151.55,499.99,105.87
2025-11-06,gym2-2,83861,1st Edition Holofoil,717.34,500.0,753.21,1099.99,
2025-11-06,gym2-2,83861,Unlimited Holofoil,517.68,347.99,499.99,581.38,491.8
2025-11-06,neo1-9,86903,1st Edition Holofoil,1799.99,1798.75,1798.78,1900.97,
2025-11-06,neo1-9,86903,Unlimited Holofoil,407.26,265.0,379.5,540.0,
2025-11-06,sl-151-bundle,502000,Normal,93.65,85.01,105.0,999.99,
2025-11-06,sl-151-etb,503313,Normal,407.06,398.0,499.97,1000.0,
2025-11-06,sl-151-upc,502005,Normal,598.46,570.0,750.0,40000.0,
2025-11-06,sl-ar-box,265519,Normal,409.59,400.0,478.95,9999.99,
2025-11-06,sl-bs-box,256141,Normal,490.98,476.97,649.99,9999.99,
2025-11-06,sl-cel-upc,245140,Normal,907.34,870.99,982.97,154722.59,
2025-11-06,sl-champ-etb,218791,Normal,152.92,141.01,179.0,499.99,
2025-11-06,sl-cz-etb,453470,Normal,221.96,195.95,233.74,4999.99,
2025-11-06,sl-dr-box,624679,Normal,380.77,367.0,494.5,8498.0,
2025-11-06,sl-evs-box,242436,Normal,2579.66,2150.0,3000.0,12000.0,
2025-11-06,sl-evs-etb,243721,Normal,673.62,787.87,989.5,2999.99,
2025-11-06,sl-fs-box,247654,Normal,988.95,920.0,1199.45,4999.99,
2025-11-06,sl-hf-etb,194729,Normal,402.19,385.0,450.0,9999.98,
2025-11-06,sl-jp-151,565243,Normal,182.18,166.69,199.95,399.99,
2025-11-06,sl-jp-terastal,603428,Normal,105.77,98.0,115.0,200.0,
2025-11-06,sl-jt-box,610931,Normal,250.8,246.97,269.99,551.0,
2025-11-06,sl-lo-box,277324,Normal,781.76,698.0,875.0,2500.0,
2025-11-06,sl-me1-box,644298,Normal,244.87,242.0,309.87,7777.0,
2025-11-06,sl-obf-box,501257,Normal,302.72,285.0,350.0,1000.0,
2025-11-06,sl-pe-etb,593355,Normal,131.53,118.5,150.0,2000.0,
2025-11-06,sl-pe-spc,622770,Normal,285.28,264.99,316.0,1200.0,
2025-11-06,sl-pf-etb,528040,Normal,270.31,240.0,289.99,989.89,
2025-11-06,sl-phf-box,654137,Normal,300.37,299.78,305.29,379.99,
2025-11-06,sl-shf-etb,228821,Normal,100.37,95.0,119.95,499.99,
2025-11-06,sl-ss-box,565606,Normal,233.54,236.0,301.5,4999.99,
2025-11-06,sl-st-box,283389,Normal,457.5,410.0,550.0,9999.99,
2025-11-06,sl-tf-box,536225,Normal,270.46,264.69,299.99,750.0,
2025-11-06,sv2-185,497557,Normal,0.34,0.2,0.4,30.0,
2025-11-06,sv2-185,497557,Reverse Holofoil,0.63,0.25,0.75,6.99,
2025-11-06,sv2-254,497669,Holofoil,13.98,12.69,16.97,100.0,16.5
2025-11-06,sv2-269,497689,Holofoil,49.0,48.78,61.65,294.12,52.9
2025-11-06,sv3pt5-151,516566,Holofoil,7.6,4.99,7.88,42.96,13.95
2025-11-06,sv3pt5-199,517045,Holofoil,259.67,220.0,280.0,900.0,231.95
2025-11-06,sv3pt5-205,517051,Holofoil,16.7,14.0,19.16,95.58,15.69
2025-11-06,sv3pt5-4,502555,Normal,0.12,0.01,0.16,5.0,0.03
2025-11-06,sv3pt5-4,502555,Reverse Holofoil,0.24,0.03,0.26,3.99,0.2
2025-11-06,sv3pt5-6,502558,Holofoil,3.89,2.99,4.84,39.97,4.9
2025-11-06,sv3pt5-7,502548,Normal,0.13,0.01,0.16,2.01,0.13
2025-11-06,sv3pt5-7,502548,Reverse Holofoil,0.22,0.01,0.25,50.0,0.2
2025-11-06,sv4pt5-234,535090,Holofoil,276.05,240.0,297.99,549.99,349.99
2025-11-06,sv4pt5-54,534416,Holofoil,3.83,2.0,3.75,34.99,7.99
2025-11-06,sv8-57,590025,Holofoil,4.18,2.99,5.36,25.0,5.83
2025-11-06,sv8pt5-149,610504,Holofoil,213.17,194.33,217.28,800.0,
2025-11-06,sv8pt5-155,610510,Holofoil,222.19,199.98,240.0,499.99,
2025-11-06,sv8pt5-156,610511,Holofoil,343.49,307.81,436.95,999.99,
2025-11-06,sv8pt5-161,610516,Holofoil,1204.97,1040.72,1302.62,5000.0,
2025-11-06,sv8pt5-167,610522,Holofoil,120.83,114.99,125.17,300.0,
2025-11-06,sv8pt5-179,610534,Holofoil,44.31,40.49,50.0,329.99,
2025-11-06,sv8pt5-28,610383,Holofoil,0.96,0.3,1.18,19.99,
2025-11-06,sv8pt5-47,610402,Normal,0.04,0.01,0.1,2.0,0.01
2025-11-06,sv8pt5-47,610402,Reverse Holofoil,0.07,0.01,0.12,20.0,0.05
2025-11-06,sv8pt5-59,610414,Holofoil,0.19,0.01,0.25,100.0,0.21
2025-11-06,sv8pt5-59,610414,Reverse Holofoil,0.27,0.07,0.35,25.0,0.23
2025-11-06,sv8pt5-60,610415,Holofoil,3.66,3.0,4.88,50.0,
2025-11-06,svp-085,518861,Normal,633.84,597.96,677.5,2500.0,599.0
2025-11-06,swsh11-186,284137,Holofoil,603.57,520.0,655.75,2000.0,556.0
2025-11-06,swsh12-186,451834,Holofoil,443.58,329.99,464.98,1100.0,330.0
2025-11-06,swsh12pt5gg-GG69,478100,Holofoil,203.58,183.15,224.99,990.48,236.71
2025-11-06,swsh35-25,223018,Normal,0.1,0.05,0.19,1.82,
2025-11-06,swsh35-25,223018,Reverse Holofoil,0.24,0.09,0.25,2.0,
2025-11-06,swsh35-74,223073,Holofoil,170.68,160.0,249.95,1500.0,180.0
2025-11-06,swsh45sv-SV107,232496,Holofoil,136.57,124.99,154.59,349.95,145.0
2025-11-06,swsh7-204,246693,Holofoil,31.96,28.0,36.49,150.0,34.98
2025-11-06,swsh7-205,246696,Holofoil,385.06,299.0,414.67,596.9,369.69
2025-11-06,swsh7-208,246755,Holofoil,29.87,26.49,30.37,48.95,28.99
2025-11-06,swsh7-209,246756,Holofoil,298.18,268.99,308.99,1732.38,296.92
2025-11-06,swsh7-211,246702,Holofoil,44.76,41.66,50.0,75.0,49.99
2025-11-06,swsh7-212,246704,Holofoil,410.1,350.0,410.1,1000.0,410.1
2025-11-06,swsh7-215,246723,Holofoil,2228.6,1749.64,2203.2,3199.97,1750.0
2025-11-06,swsh7-218,246733,Holofoil,693.12,550.0,698.46,950.0,779.74
2025-11-06,swsh7-41,246753,Holofoil,5.71,4.04,6.49,31.92,7.9
2025-11-06,swsh7-65,246690,Holofoil,11.28,7.99,12.0,500.0,13.54
2025-11-06,swsh7-75,246701,Holofoil,12.54,9.0,14.0,70.0,10.92
2025-11-06,swsh7-8,246691,Holofoil,6.5,5.0,7.0,100.0,7.38
2025-11-06,swsh8-271,253266,Holofoil,752.86,649.99,829.98,1499.95,724.95
2025-11-06,swsh9-154,263873,Holofoil,347.04,275.0,350.0,1500.0,237.91
2025-11-07,base1-15,42355,Holofoil,118.14,72.5,119.99,300.0,
2025-11-07,base1-16,42356,Holofoil,36.08,22.03,36.26,72.94,
2025-11-07,base1-2,42360,Holofoil,162.2,91.11,129.02,500.0,
2025-11-07,base1-4,42382,Holofoil,460.11,320.0,489.68,1000.0,
2025-11-07,base1-58,42402,Normal,3.89,0.5,2.5,9999.0,
2025-11-07,cel25c-4,250320,Holofoil,131.81,104.65,158.17,971.82,104.99
2025-11-07,gym2-2,83861,1st Edition Holofoil,717.34,500.0,753.21,1099.99,
2025-11-07,gym2-2,83861,Unlimited Holofoil,517.68,347.99,510.11,629.48,491.8
2025-11-07,neo1-9,86903,1st Edition Holofoil,1799.99,1798.75,1849.88,2700.0,
2025-11-07,neo1-9,86903,Unlimited Holofoil,407.26,348.64,399.0,540.0,
2025-11-07,sl-151-bundle,502000,Normal,95.21,82.01,104.99,999.99,
2025-11-07,sl-151-etb,503313,Normal,407.06,385.0,499.0,1000.0,
2025-11-07,sl-151-upc,502005,Normal,598.46,550.0,750.0,40000.0,
2025-11-07,sl-ar-box,265519,Normal,409.59,397.0,477.48,9999.99,
2025-11-07,sl-bs-box,256141,Normal,490.98,476.97,669.98,9999.99,
2025-11-07,sl-cel-upc,245140,Normal,907.34,870.99,982.97,154722.59,
2025-11-07,sl-champ-etb,218791,Normal,152.92,141.01,179.5,499.99,
2025-11-07,sl-cz-etb,453470,Normal,219.49,195.95,233.75,4999.99,
2025-11-07,sl-dr-box,624679,Normal,376.62,367.0,489.99,8498.0,
2025-11-07,sl-evs-box,242436,Normal,2579.66,2150.0,3000.0,12000.0,
2025-11-07,sl-evs-etb,243721,Normal,673.62,785.0,989.5,2999.99,
2025-11-07,sl-fs-box,247654,Normal,988.95,920.0,1157.0,4999.99,
2025-11-07,sl-hf-etb,194729,Normal,400.91,385.0,499.95,9999.98,
2025-11-07,sl-jp-151,565243,Normal,181.47,173.0,199.99,399.99,
2025-11-07,sl-jp-terastal,603428,Normal,105.41,99.5,115.0,200.0,
2025-11-07,sl-jt-box,610931,Normal,250.8,242.98,269.99,551.0,
2025-11-07,sl-lo-box,277324,Normal,781.76,680.0,849.0,2500.0,
2025-11-07,sl-me1-box,644298,Normal,246.77,244.74,309.9,7777.0,
2025-11-07,sl-obf-box,501257,Normal,302.32,285.0,350.0,1000.0,
2025-11-07,sl-pe-etb,593355,Normal,130.83,115.98,149.99,2000.0,
2025-11-07,sl-pe-spc,622770,Normal,278.8,264.99,320.0,1200.0,
2025-11-07,sl-pf-etb,528040,Normal,268.95,223.99,285.0,989.89,
2025-11-07,sl-phf-box,654137,Normal,289.39,289.8,300.66,379.99,
2025-11-07,sl-shf-etb,228821,Normal,100.0,95.0,119.95,499.99,
2025-11-07,sl-ss-box,565606,Normal,231.34,236.0,306.49,4999.99,
2025-11-07,sl-st-box,283389,Normal,451.3,420.0,550.0,9999.99,
2025-11-07,sl-tf-box,536225,Normal,270.46,260.0,293.25,750.0,
2025-11-07,sv2-185,497557,Normal,0.35,0.2,0.4,30.0,
2025-11-07,sv2-185,497557,Reverse Holofoil,0.61,0.25,0.73,6.99,
2025-11-07,sv2-254,497669,Holofoil,13.87,13.07,16.99,132.75,16.5
2025-11-07,sv2-269,497689,Holofoil,49.33,47.56,62.69,453.06,52.89
2025-11-07,sv3pt5-151,516566,Holofoil,9.74,4.99,8.0,60.75,12.59
2025-11-07,sv3pt5-199,517045,Holofoil,257.22,227.78,289.99,900.0,
2025-11-07,sv3pt5-205,517051,Holofoil,16.71,14.0,19.29,152.01,16.99
2025-11-07,sv3pt5-4,502555,Normal,0.1,0.01,0.15,5.0,0.05
2025-11-07,sv3pt5-4,502555,Reverse Holofoil,0.22,0.03,0.26,2.95,0.21
2025-11-07,sv3pt5-6,502558,Holofoil,3.78,2.99,4.82,39.97,4.74
2025-11-07,sv3pt5-7,502548,Normal,0.13,0.01,0.16,2.01,0.13
2025-11-07,sv3pt5-7,502548,Reverse Holofoil,0.18,0.01,0.25,50.0,0.17
2025-11-07,sv4pt5-234,535090,Holofoil,275.08,240.0,296.68,2214.45,349.99
2025-11-07,sv4pt5-54,534416,Holofoil,3.62,2.0,3.77,34.99,7.99
2025-11-07,sv8-57,590025,Holofoil,4.0,2.74,5.31,25.0,5.99
2025-11-07,sv8pt5-149,610504,Holofoil,213.17,195.04,215.0,800.0,
2025-11-07,sv8pt5-155,610510,Holofoil,222.19,199.98,239.99,499.99,
2025-11-07,sv8pt5-156,610511,Holofoil,343.49,307.81,402.96,999.99,
2025-11-07,sv8pt5-161,610516,Holofoil,1204.97,1040.72,1302.62,5000.0,
2025-11-07,sv8pt5-167,610522,Holofoil,121.05,114.99,125.35,300.0,
2025-11-07,sv8pt5-179,610534,Holofoil,43.79,40.49,50.0,395.46,
2025-11-07,sv8pt5-28,610383,Holofoil,1.04,0.3,1.18,19.99,
2025-11-07,sv8pt5-47,610402,Normal,0.04,0.01,0.1,2.0,0.03
2025-11-07,sv8pt5-47,610402,Reverse Holofoil,0.08,0.01,0.12,20.0,0.06
2025-11-07,sv8pt5-59,610414,Holofoil,0.19,0.01,0.25,100.0,0.19
2025-11-07,sv8pt5-59,610414,Reverse Holofoil,0.27,0.1,0.35,25.0,0.23
2025-11-07,sv8pt5-60,610415,Holofoil,3.92,3.0,4.94,50.0,
2025-11-07,svp-085,518861,Normal,633.84,559.99,672.0,2500.0,599.0
2025-11-07,swsh11-186,284137,Holofoil,597.65,520.0,646.41,2000.0,
2025-11-07,swsh12-186,451834,Holofoil,445.79,329.99,464.98,1100.0,330.0
2025-11-07,swsh12pt5gg-GG69,478100,Holofoil,202.92,192.48,224.97,990.48,236.71
2025-11-07,swsh35-25,223018,Normal,0.1,0.05,0.19,1.82,
2025-11-07,swsh35-25,223018,Reverse Holofoil,0.24,0.09,0.25,2.0,
2025-11-07,swsh35-74,223073,Holofoil,172.93,160.0,249.95,1500.0,204.82
2025-11-07,swsh45sv-SV107,232496,Holofoil,135.77,105.56,154.8,349.95,135.77
2025-11-07,swsh7-204,246693,Holofoil,32.15,28.0,37.23,150.0,35.98
2025-11-07,swsh7-205,246696,Holofoil,385.06,299.0,405.77,596.9,369.69
2025-11-07,swsh7-208,246755,Holofoil,29.87,26.49,30.37,48.95,28.99
2025-11-07,swsh7-209,246756,Holofoil,298.18,268.99,308.99,1732.38,296.92
2025-11-07,swsh7-211,246702,Holofoil,44.76,41.66,53.7,75.0,49.99
2025-11-07,swsh7-212,246704,Holofoil,410.1,350.0,415.05,1000.0,410.1
2025-11-07,swsh7-215,246723,Holofoil,2238.6,1735.0,2203.2,3199.97,1750.0
2025-11-07,swsh7-218,246733,Holofoil,693.12,550.0,696.91,950.0,779.74
2025-11-07,swsh7-41,246753,Holofoil,5.74,4.04,6.41,31.92,7.98
2025-11-07,swsh7-65,246690,Holofoil,11.16,7.99,11.96,500.0,14.0
2025-11-07,swsh7-75,246701,Holofoil,12.74,9.0,14.0,99.72,19.95
2025-11-07,swsh7-8,246691,Holofoil,6.54,5.0,6.99,100.0,7.83
2025-11-07,swsh8-271,253266,Holofoil,752.86,649.99,817.61,1499.95,724.95
2025-11-07,swsh9-154,263873,Holofoil,349.23,275.0,350.0,1500.0,230.77
2025-11-08,base1-15,42355,Holofoil,116.69,72.5,119.99,300.0,
2025-11-08,base1-16,42356,Holofoil,36.2,22.03,36.19,72.94,
2025-11-08,base1-2,42360,Holofoil,162.2,91.11,129.02,500.0,
2025-11-08,base1-4,42382,Holofoil,460.11,399.99,500.0,1000.0,
2025-11-08,base1-58,42402,Normal,3.78,0.5,2.49,9999.0,
2025-11-08,cel25c-4,250320,Holofoil,130.72,104.65,154.0,971.82,105.87
2025-11-08,gym2-2,83861,1st Edition Holofoil,717.34,500.0,753.21,1099.99,
2025-11-08,gym2-2,83861,Unlimited Holofoil,517.68,350.0,510.6,629.48,491.8
2025-11-08,neo1-9,86903,1st Edition Holofoil,1799.99,1798.75,1849.88,2700.0,
2025-11-08,neo1-9,86903,Unlimited Holofoil,407.26,348.64,399.0,540.0,
2025-11-08,sl-151-bundle,502000,Normal,93.6,85.01,105.0,999.99,
2025-11-08,sl-151-etb,503313,Normal,407.06,385.0,499.95,1000.0,
2025-11-08,sl-151-upc,502005,Normal,596.86,550.0,750.0,40000.0,
2025-11-08,sl-ar-box,265519,Normal,409.59,397.0,477.48,9999.99,
2025-11-08,sl-bs-box,256141,Normal,491.7,476.97,680.0,9999.99,
2025-11-08,sl-cel-upc,245140,Normal,905.14,880.0,982.97,154722.59,
2025-11-08,sl-champ-etb,218791,Normal,152.53,141.01,179.0,499.99,
2025-11-08,sl-cz-etb,453470,Normal,217.98,190.0,233.75,4999.99,
2025-11-08,sl-dr-box,624679,Normal,376.94,368.01,489.99,8498.0,
2025-11-08,sl-evs-box,242436,Normal,2568.46,2300.0,3090.0,12000.0,
2025-11-08,sl-evs-etb,243721,Normal,673.62,785.0,979.99,2999.99,
2025-11-08,sl-fs-box,247654,Normal,984.75,900.0,1157.0,4999.99,
2025-11-08,sl-hf-etb,194729,Normal,400.91,385.0,474.98,9999.98,
2025-11-08,sl-jp-151,565243,Normal,181.27,173.0,199.99,399.99,
2025-11-08,sl-jp-terastal,603428,Normal,103.7,90.0,115.0,200.0,
2025-11-08,sl-jt-box,610931,Normal,250.4,242.98,269.99,551.0,
2025-11-08,sl-lo-box,277324,Normal,777.0,700.0,849.0,2500.0,
2025-11-08,sl-me1-box,644298,Normal,252.43,275.0,319.46,7777.0,
2025-11-08,sl-obf-box,501257,Normal,303.96,285.0,350.0,1000.0,
2025-11-08,sl-pe-etb,593355,Normal,129.46,115.0,149.99,2000.0,
2025-11-08,sl-pe-spc,622770,Normal,276.08,264.99,320.0,1200.0,
2025-11-08,sl-pf-etb,528040,Normal,264.16,220.0,285.0,989.89,
2025-11-08,sl-phf-box,654137,Normal,289.39,289.79,302.83,379.99,
2025-11-08,sl-shf-etb,228821,Normal,100.02,95.0,119.95,499.99,
2025-11-08,sl-ss-box,565606,Normal,239.92,232.0,310.0,4999.99,
2025-11-08,sl-st-box,283389,Normal,448.9,420.0,550.0,9999.99,
2025-11-08,sl-tf-box,536225,Normal,271.06,260.0,293.25,750.0,
2025-11-08,sv2-185,497557,Normal,0.3,0.05,0.4,30.0,
2025-11-08,sv2-185,497557,Reverse Holofoil,0.58,0.25,0.7,6.99,
2025-11-08,sv2-254,497669,Holofoil,14.36,13.28,16.89,132.66,16.5
2025-11-08,sv2-269,497689,Holofoil,50.17,47.56,61.65,453.06,50.34
2025-11-08,sv3pt5-151,516566,Holofoil,7.32,4.99,8.0,62.37,
2025-11-08,sv3pt5-199,517045,Holofoil,256.22,223.85,286.58,900.0,
2025-11-08,sv3pt5-205,517051,Holofoil,16.61,14.0,19.12,151.02,16.99
2025-11-08,sv3pt5-4,502555,Normal,0.1,0.01,0.15,5.0,0.05
2025-11-08,sv3pt5-4,502555,Reverse Holofoil,0.21,0.03,0.26,2.95,0.2
2025-11-08,sv3pt5-6,502558,Holofoil,4.05,2.99,4.86,39.97,4.98
2025-11-08,sv3pt5-7,502548,Normal,0.12,0.01,0.16,2.01,0.13
2025-11-08,sv3pt5-7,502548,Reverse Holofoil,0.16,0.01,0.25,50.0,0.15
2025-11-08,sv4pt5-234,535090,Holofoil,274.19,245.0,297.99,2214.45,349.99
2025-11-08,sv4pt5-54,534416,Holofoil,3.5,2.0,3.72,34.99,7.98
2025-11-08,sv8-57,590025,Holofoil,4.22,2.67,5.5,25.0,5.35
2025-11-08,sv8pt5-149,610504,Holofoil,213.75,187.65,214.39,800.0,
2025-11-08,sv8pt5-155,610510,Holofoil,221.52,199.96,238.54,499.99,
2025-11-08,sv8pt5-156,610511,Holofoil,343.49,307.81,405.92,999.99,
2025-11-08,sv8pt5-161,610516,Holofoil,1204.97,1040.72,1302.62,5000.0,
2025-11-08,sv8pt5-167,610522,Holofoil,121.05,114.99,125.35,300.0,
2025-11-08,sv8pt5-179,610534,Holofoil,43.5,40.49,49.95,394.11,
2025-11-08,sv8pt5-28,610383,Holofoil,1.03,0.3,1.21,19.99,
2025-11-08,sv8pt5-47,610402,Normal,0.04,0.01,0.1,2.0,0.03
2025-11-08,sv8pt5-47,610402,Reverse Holofoil,0.08,0.01,0.12,20.0,0.07
2025-11-08,sv8pt5-59,610414,Holofoil,0.22,0.01,0.25,100.0,0.19
2025-11-08,sv8pt5-59,610414,Reverse Holofoil,0.29,0.1,0.36,25.0,0.23
2025-11-08,sv8pt5-60,610415,Holofoil,3.81,2.99,4.9,40.0,
2025-11-08,svp-085,518861,Normal,633.84,539.99,650.49,2500.0,599.0
2025-11-08,swsh11-186,284137,Holofoil,597.65,520.0,638.91,2000.0,
2025-11-08,swsh12-186,451834,Holofoil,445.79,329.99,464.83,1100.0,330.0
2025-11-08,swsh12pt5gg-GG69,478100,Holofoil,201.53,186.48,224.93,990.48,237.82
2025-11-08,swsh35-25,223018,Normal,0.11,0.05,0.18,1.82,
2025-11-08,swsh35-25,223018,Reverse Holofoil,0.24,0.09,0.25,2.0,
2025-11-08,swsh35-74,223073,Holofoil,172.93,160.0,249.82,1500.0,204.82
2025-11-08,swsh45sv-SV107,232496,Holofoil,135.77,105.56,154.59,349.95,135.76
2025-11-08,swsh7-204,246693,Holofoil,32.14,28.0,37.23,150.0,35.98
2025-11-08,swsh7-205,246696,Holofoil,385.06,299.0,405.77,596.9,369.69
2025-11-08,swsh7-208,246755,Holofoil,29.98,26.49,30.41,48.95,28.99
2025-11-08,swsh7-209,246756,Holofoil,298.18,268.99,310.0,1732.38,296.92
2025-11-08,swsh7-211,246702,Holofoil,44.76,41.66,51.86,75.0,49.99
2025-11-08,swsh7-212,246704,Holofoil,410.1,350.0,410.1,1000.0,410.1
2025-11-08,swsh7-215,246723,Holofoil,2238.6,1727.18,2200.0,3050.98,1999.98
2025-11-08,swsh7-218,246733,Holofoil,693.12,550.0,660.96,950.0,779.74
2025-11-08,swsh7-41,246753,Holofoil,5.76,3.99,6.32,31.92,7.96
2025-11-08,swsh7-65,246690,Holofoil,11.32,7.99,11.89,500.0,14.25
2025-11-08,swsh7-75,246701,Holofoil,12.79,9.0,14.0,100.35,19.95
2025-11-08,swsh7-8,246691,Holofoil,6.83,5.0,7.0,100.0,7.83
2025-11-08,swsh8-271,253266,Holofoil,752.86,645.0,829.97,1499.95,724.95
2025-11-08,swsh9-154,263873,Holofoil,345.36,273.69,350.0,1500.0,230.77
2025-11-09,base1-15,42355,Holofoil,116.69,73.0,116.69,300.0,
2025-11-09,base1-16,42356,Holofoil,37.41,22.03,36.59,72.94,
2025-11-09,base1-2,42360,Holofoil,161.24,97.47,129.02,500.0,
2025-11-09,base1-4,42382,Holofoil,460.11,399.99,500.0,1000.0,
2025-11-09,base1-58,42402,Normal,3.83,0.5,2.49,9999.0,
2025-11-09,cel25c-4,250320,Holofoil,130.72,104.65,151.55,971.82,105.86
2025-11-09,gym2-2,83861,1st Edition Holofoil,717.34,500.0,753.21,1099.99,
2025-11-09,gym2-2,83861,Unlimited Holofoil,516.03,350.0,510.6,629.48,490.3
2025-11-09,neo1-9,86903,1st Edition Holofoil,1799.99,1798.75,1849.88,2700.0,
2025-11-09,neo1-9,86903,Unlimited Holofoil,407.26,348.64,399.0,540.0,
2025-11-09,sl-151-bundle,502000,Normal,92.8,89.99,104.97,999.99,
2025-11-09,sl-151-etb,503313,Normal,407.06,385.0,499.0,1000.0,
2025-11-09,sl-151-upc,502005,Normal,596.86,565.0,750.0,30000.0,
2025-11-09,sl-ar-box,265519,Normal,409.59,397.0,478.95,9999.99,
2025-11-09,sl-bs-box,256141,Normal,491.7,476.97,672.49,9999.99,
2025-11-09,sl-cel-upc,245140,Normal,905.14,880.0,982.97,154722.59,
2025-11-09,sl-champ-etb,218791,Normal,152.53,141.01,179.0,499.99,
2025-11-09,sl-cz-etb,453470,Normal,216.43,190.0,233.75,4999.99,
2025-11-09,sl-dr-box,624679,Normal,377.04,379.0,499.0,99999.0,
2025-11-09,sl-evs-box,242436,Normal,2568.46,2148.0,3000.0,12000.0,
2025-11-09,sl-evs-etb,243721,Normal,673.62,785.0,989.5,2999.99,
2025-11-09,sl-fs-box,247654,Normal,984.75,900.0,1157.0,4999.99,
2025-11-09,sl-hf-etb,194729,Normal,400.91,385.0,474.98,9999.98,
2025-11-09,sl-jp-151,565243,Normal,181.16,173.0,200.0,399.99,
2025-11-09,sl-jp-terastal,603428,Normal,101.0,99.5,115.0,200.0,
2025-11-09,sl-jt-box,610931,Normal,251.08,233.98,269.98,551.0,
2025-11-09,sl-lo-box,277324,Normal,777.0,700.0,875.0,2500.0,
2025-11-09,sl-me1-box,644298,Normal,258.75,275.0,319.99,7777.0,
2025-11-09,sl-obf-box,501257,Normal,300.08,285.0,361.87,1000.0,
2025-11-09,sl-pe-etb,593355,Normal,129.12,126.49,149.99,2000.0,
2025-11-09,sl-pe-spc,622770,Normal,274.76,264.99,317.49,880.0,
2025-11-09,sl-pf-etb,528040,Normal,262.0,226.0,287.5,989.89,
2025-11-09,sl-phf-box,654137,Normal,304.78,300.0,306.1,379.99,
2025-11-09,sl-shf-etb,228821,Normal,99.98,91.0,115.99,499.99,
2025-11-09,sl-ss-box,565606,Normal,242.26,230.98,305.0,4999.99,
2025-11-09,sl-st-box,283389,Normal,447.12,415.0,550.0,9999.99,
2025-11-09,sl-tf-box,536225,Normal,271.06,260.0,298.5,750.0,
2025-11-09,sv2-185,497557,Normal,0.29,0.05,0.39,30.0,
2025-11-09,sv2-185,497557,Reverse Holofoil,0.56,0.25,0.7,6.99,
2025-11-09,sv2-254,497669,Holofoil,14.81,13.86,16.99,132.66,15.0
2025-11-09,sv2-269,497689,Holofoil,51.21,48.0,63.78,453.06,64.99
2025-11-09,sv3pt5-151,516566,Holofoil,7.47,5.5,7.99,62.37,
2025-11-09,sv3pt5-199,517045,Holofoil,261.42,214.99,288.79,900.0,
2025-11-09,sv3pt5-205,517051,Holofoil,16.8,14.0,19.16,149.85,16.99
2025-11-09,sv3pt5-4,502555,Normal,0.11,0.01,0.15,5.0,0.05
2025-11-09,sv3pt5-4,502555,Reverse Holofoil,0.24,0.03,0.26,4.0,0.2
2025-11-09,sv3pt5-6,502558,Holofoil,4.75,2.99,4.99,39.97,4.99
2025-11-09,sv3pt5-7,502548,Normal,0.14,0.01,0.16,2.01,0.12
2025-11-09,sv3pt5-7,502548,Reverse Holofoil,0.16,0.01,0.25,50.0,0.15
2025-11-09,sv4pt5-234,535090,Holofoil,272.85,245.0,292.79,2214.45,349.99
2025-11-09,sv4pt5-54,534416,Holofoil,3.45,2.0,3.73,34.99,
2025-11-09,sv8-57,590025,Holofoil,4.06,2.67,5.5,25.0,
2025-11-09,sv8pt5-149,610504,Holofoil,213.75,179.98,213.8,800.0,
2025-11-09,sv8pt5-155,610510,Holofoil,221.52,199.94,240.0,499.99,
2025-11-09,sv8pt5-156,610511,Holofoil,341.31,306.79,392.5,999.99,
2025-11-09,sv8pt5-161,610516,Holofoil,1204.97,1040.72,1302.62,5000.0,
2025-11-09,sv8pt5-167,610522,Holofoil,121.35,114.99,125.18,300.0,
2025-11-09,sv8pt5-179,610534,Holofoil,43.15,40.49,49.99,392.58,
2025-11-09,sv8pt5-28,610383,Holofoil,1.08,0.3,1.2,19.99,
2025-11-09,sv8pt5-47,610402,Normal,0.03,0.01,0.1,2.0,0.03
2025-11-09,sv8pt5-47,610402,Reverse Holofoil,0.08,0.01,0.13,20.0,0.07
2025-11-09,sv8pt5-59,610414,Holofoil,0.29,0.01,0.27,100.0,0.19
2025-11-09,sv8pt5-59,610414,Reverse Holofoil,0.33,0.09,0.36,25.0,0.23
2025-11-09,sv8pt5-60,610415,Holofoil,3.89,3.0,4.87,40.0,
2025-11-09,svp-085,518861,Normal,633.84,539.99,650.99,2500.0,599.0
2025-11-09,swsh11-186,284137,Holofoil,597.65,520.0,635.0,2000.0,
2025-11-09,swsh12-186,451834,Holofoil,445.79,329.99,464.96,1100.0,330.0
2025-11-09,swsh12pt5gg-GG69,478100,Holofoil,199.84,186.48,224.95,990.48,237.82
2025-11-09,swsh35-25,223018,Normal,0.11,0.05,0.18,1.82,
2025-11-09,swsh35-25,223018,Reverse Holofoil,0.24,0.09,0.25,4.0,
2025-11-09,swsh35-74,223073,Holofoil,172.93,160.0,249.69,1500.0,204.81
2025-11-09,swsh45sv-SV107,232496,Holofoil,135.1,105.56,152.4,349.95,135.76
2025-11-09,swsh7-204,246693,Holofoil,32.14,28.0,37.23,150.0,35.98
2025-11-09,swsh7-205,246696,Holofoil,385.06,299.0,414.67,596.9,369.69
2025-11-09,swsh7-208,246755,Holofoil,29.98,26.49,30.4,48.95,28.99
2025-11-09,swsh7-209,246756,Holofoil,298.18,268.99,310.0,1732.38,296.92
2025-11-09,swsh7-211,246702,Holofoil,44.76,41.66,50.01,75.0,46.2
2025-11-09,swsh7-212,246704,Holofoil,410.1,350.0,410.1,1000.0,410.1
2025-11-09,swsh7-215,246723,Holofoil,2238.6,1727.18,2200.0,3050.98,1999.98
2025-11-09,swsh7-218,246733,Holofoil,693.12,550.0,660.96,950.0,779.74
2025-11-09,swsh7-41,246753,Holofoil,5.63,3.99,6.3,31.92,5.63
2025-11-09,swsh7-65,246690,Holofoil,11.23,7.99,11.92,500.0,15.01
2025-11-09,swsh7-75,246701,Holofoil,12.3,9.0,14.0,104.13,19.95
2025-11-09,swsh7-8,246691,Holofoil,6.75,5.0,7.0,100.0,7.83
2025-11-09,swsh8-271,253266,Holofoil,752.86,645.0,829.97,1499.95,724.99
2025-11-09,swsh9-154,263873,Holofoil,345.36,273.69,350.0,1500.0,230.77
2025-11-10,base1-15,42355,Holofoil,116.69,73.0,116.69,300.0,
2025-11-10,base1-16,42356,Holofoil,37.55,22.03,37.54,72.94,
2025-11-10,base1-2,42360,Holofoil,161.24,98.0,129.99,500.0,
2025-11-10,base1-4,42382,Holofoil,460.11,399.99,500.0,1000.0,
2025-11-10,base1-58,42402,Normal,3.76,0.5,2.26,9999.0,
2025-11-10,cel25c-4,250320,Holofoil,130.12,104.65,149.96,972.72,105.87
2025-11-10,gym2-2,83861,1st Edition Holofoil,717.34,500.0,701.61,1099.99,
2025-11-10,gym2-2,83861,Unlimited Holofoil,516.03,339.5,510.6,629.48,490.3
2025-11-10,neo1-9,86903,1st Edition Holofoil,1799.99,1798.75,1849.88,2700.0,
2025-11-10,neo1-9,86903,Unlimited Holofoil,407.26,348.64,399.5,540.0,
2025-11-10,sl-151-bundle,502000,Normal,93.59,88.0,105.0,999.99,
2025-11-10,sl-151-etb,503313,Normal,405.66,385.0,499.0,1000.0,
2025-11-10,sl-151-upc,502005,Normal,602.1,560.0,750.0,30000.0,
2025-11-10,sl-ar-box,265519,Normal,409.59,390.0,477.48,9999.99,
2025-11-10,sl-bs-box,256141,Normal,491.7,476.0,659.99,9999.99,
2025-11-10,sl-cel-upc,245140,Normal,905.14,880.0,979.99,154722.59,
2025-11-10,sl-champ-etb,218791,Normal,152.53,120.01,177.0,499.99,
2025-11-10,sl-cz-etb,453470,Normal,214.88,190.0,233.75,4999.99,
2025-11-10,sl-dr-box,624679,Normal,378.35,385.0,499.98,99999.0,
2025-11-10,sl-evs-box,242436,Normal,2556.38,2295.0,3000.0,12000.0,
2025-11-10,sl-evs-etb,243721,Normal,673.62,788.0,989.5,2999.99,
2025-11-10,sl-fs-box,247654,Normal,984.75,894.99,1107.5,4999.99,
2025-11-10,sl-hf-etb,194729,Normal,400.09,385.0,474.98,9999.98,
2025-11-10,sl-jp-151,565243,Normal,181.37,169.0,200.0,399.99,
2025-11-10,sl-jp-terastal,603428,Normal,100.46,99.5,115.0,200.0,
2025-11-10,sl-jt-box,610931,Normal,249.92,240.0,269.88,551.0,
2025-11-10,sl-lo-box,277324,Normal,777.0,700.0,861.94,2500.0,
2025-11-10,sl-me1-box,644298,Normal,261.03,264.99,319.46,7777.0,
2025-11-10,sl-obf-box,501257,Normal,298.08,300.0,360.94,1000.0,
2025-11-10,sl-pe-etb,593355,Normal,130.09,129.24,149.99,2000.0,
2025-11-10,sl-pe-spc,622770,Normal,271.6,259.0,313.9,880.0,
2025-11-10,sl-pf-etb,528040,Normal,253.59,225.0,282.5,775.0,
2025-11-10,sl-phf-box,654137,Normal,310.15,305.0,317.44,379.99,
2025-11-10,sl-shf-etb,228821,Normal,99.9,95.0,119.95,499.99,
2025-11-10,sl-ss-box,565606,Normal,240.26,230.98,300.0,4999.99,
2025-11-10,sl-st-box,283389,Normal,447.12,415.0,550.0,9999.99,
2025-11-10,sl-tf-box,536225,Normal,271.54,264.69,299.99,750.0,
2025-11-10,sv2-185,497557,Normal,0.32,0.05,0.4,30.0,
2025-11-10,sv2-185,497557,Reverse Holofoil,0.61,0.25,0.7,6.99,
2025-11-10,sv2-254,497669,Holofoil,15.19,13.0,16.95,133.74,15.0
2025-11-10,sv2-269,497689,Holofoil,51.05,48.22,62.02,459.45,49.0
2025-11-10,sv3pt5-151,516566,Holofoil,7.03,5.0,7.99,62.37,
2025-11-10,sv3pt5-199,517045,Holofoil,261.42,214.99,274.8,900.0,
2025-11-10,sv3pt5-205,517051,Holofoil,17.31,14.0,19.13,156.69,22.74
2025-11-10,sv3pt5-4,502555,Normal,0.12,0.01,0.15,5.0,0.05
2025-11-10,sv3pt5-4,502555,Reverse Holofoil,0.2,0.03,0.26,3.99,0.19
2025-11-10,sv3pt5-6,502558,Holofoil,4.17,2.75,4.98,39.97,4.87
2025-11-10,sv3pt5-7,502548,Normal,0.16,0.01,0.17,2.01,0.11
2025-11-10,sv3pt5-7,502548,Reverse Holofoil,0.16,0.01,0.25,50.0,0.15
2025-11-10,sv4pt5-234,535090,Holofoil,272.85,245.0,292.79,2214.45,349.99
2025-11-10,sv4pt5-54,534416,Holofoil,3.53,2.0,3.75,34.99,
2025-11-10,sv8-57,590025,Holofoil,4.05,2.67,5.5,25.0,
2025-11-10,sv8pt5-149,610504,Holofoil,213.1,179.95,213.05,800.0,
2025-11-10,sv8pt5-155,610510,Holofoil,221.52,199.81,239.7,899.0,
2025-11-10,sv8pt5-156,610511,Holofoil,341.31,306.78,385.0,999.99,
2025-11-10,sv8pt5-161,610516,Holofoil,1204.97,1050.0,1305.24,5000.0,
2025-11-10,sv8pt5-167,610522,Holofoil,121.47,114.99,124.99,300.0,
2025-11-10,sv8pt5-179,610534,Holofoil,42.9,39.2,50.0,389.34,
2025-11-10,sv8pt5-28,610383,Holofoil,1.08,0.3,1.2,19.99,
2025-11-10,sv8pt5-47,610402,Normal,0.03,0.01,0.1,2.0,0.03
2025-11-10,sv8pt5-47,610402,Reverse Holofoil,0.08,0.01,0.12,20.0,0.07
2025-11-10,sv8pt5-59,610414,Holofoil,0.27,0.01,0.28,100.0,0.19
2025-11-10,sv8pt5-59,610414,Reverse Holofoil,0.33,0.1,0.36,25.0,0.23
2025-11-10,sv8pt5-60,610415,Holofoil,4.0,3.0,4.88,40.0,
2025-11-10,svp-085,518861,Normal,638.0,539.99,650.49,2500.0,599.0
2025-11-10,swsh11-186,284137,Holofoil,594.25,520.0,646.41,2000.0,
2025-11-10,swsh12-186,451834,Holofoil,440.59,329.99,464.83,1100.0,398.05
2025-11-10,swsh12pt5gg-GG69,478100,Holofoil,199.84,186.48,224.93,990.48,237.82
2025-11-10,swsh35-25,223018,Normal,0.11,0.05,0.18,1.82,
2025-11-10,swsh35-25,223018,Reverse Holofoil,0.24,0.09,0.25,2.0,
2025-11-10,swsh35-74,223073,Holofoil,172.93,160.0,249.82,1500.0,204.81
2025-11-10,swsh45sv-SV107,232496,Holofoil,135.1,106.19,152.17,349.95,135.75
2025-11-10,swsh7-204,246693,Holofoil,32.14,28.0,36.96,150.0,35.98
2025-11-10,swsh7-205,246696,Holofoil,385.06,299.0,414.67,596.9,369.69
2025-11-10,swsh7-208,246755,Holofoil,29.98,26.49,30.3,48.95,28.99
2025-11-10,swsh7-209,246756,Holofoil,298.18,268.99,328.99,1732.38,279.98
2025-11-10,swsh7-211,246702,Holofoil,44.76,41.66,49.99,75.0,46.2
2025-11-10,swsh7-212,246704,Holofoil,410.1,350.0,410.1,1000.0,410.1
2025-11-10,swsh7-215,246723,Holofoil,2238.6,1725.0,2199.99,3050.98,1999.98
2025-11-10,swsh7-218,246733,Holofoil,689.3,550.0,724.99,950.0,759.99
2025-11-10,swsh7-41,246753,Holofoil,5.66,3.99,6.27,31.92,7.96
2025-11-10,swsh7-65,246690,Holofoil,11.41,7.99,11.88,500.0,11.64
2025-11-10,swsh7-75,246701,Holofoil,12.57,9.0,13.99,104.13,12.72
2025-11-10,swsh7-8,246691,Holofoil,6.88,5.0,7.01,100.0,7.83
2025-11-10,swsh8-271,253266,Holofoil,752.86,640.99,829.96,1499.95,724.99
2025-11-10,swsh9-154,263873,Holofoil,345.36,273.69,350.0,1500.0,230.77
2025-11-11,base1-15,42355,Holofoil,116.91,73.0,116.69,300.0,
2025-11-11,base1-16,42356,Holofoil,37.33,22.03,37.59,72.94,14.68
2025-11-11,base1-2,42360,Holofoil,160.76,98.0,130.86,500.0,
2025-11-11,base1-4,42382,Holofoil,460.11,399.99,505.61,1000.0,
2025-11-11,base1-58,42402,Normal,3.77,0.4,2.45,9999.0,3.83
2025-11-11,cel25c-4,250320,Holofoil,130.23,105.11,145.48,972.72,140.2
2025-11-11,gym2-2,83861,1st Edition Holofoil,717.34,500.0,701.61,1099.99,
2025-11-11,gym2-2,83861,Unlimited Holofoil,516.03,339.5,504.9,629.48,490.3
2025-11-11,neo1-9,86903,1st Edition Holofoil,1799.99,1798.75,1849.88,2700.0,
2025-11-11,neo1-9,86903,Unlimited Holofoil,407.26,348.64,399.5,540.0,
2025-11-11,sl-151-bundle,502000,Normal,94.02,82.0,105.0,999.99,
2025-11-11,sl-151-etb,503313,Normal,405.66,365.0,498.0,1000.0,
2025-11-11,sl-151-upc,502005,Normal,601.71,560.0,750.0,30000.0,
2025-11-11,sl-ar-box,265519,Normal,409.59,390.0,477.48,9999.99,
2025-11-11,sl-bs-box,256141,Normal,489.3,476.0,669.98,9999.99,
2025-11-11,sl-cel-upc,245140,Normal,905.14,880.0,979.99,154722.59,
2025-11-11,sl-champ-etb,218791,Normal,151.33,146.0,177.0,499.99,
2025-11-11,sl-cz-etb,453470,Normal,211.96,184.0,233.74,4999.99,
2025-11-11,sl-dr-box,624679,Normal,379.76,379.0,499.99,99999.0,
2025-11-11,sl-evs-box,242436,Normal,2556.38,2295.0,2999.99,12000.0,
2025-11-11,sl-evs-etb,243721,Normal,673.62,788.0,989.5,2999.99,
2025-11-11,sl-fs-box,247654,Normal,984.75,894.01,1100.0,4999.99,
2025-11-11,sl-hf-etb,194729,Normal,400.62,385.0,499.95,9999.98,
2025-11-11,sl-jp-151,565243,Normal,181.18,169.0,199.99,399.99,
2025-11-11,sl-jp-terastal,603428,Normal,100.66,99.5,115.0,200.0,
2025-11-11,sl-jt-box,610931,Normal,249.13,240.0,269.99,551.0,
2025-11-11,sl-lo-box,277324,Normal,777.0,690.0,861.94,2500.0,
2025-11-11,sl-me1-box,644298,Normal,265.91,269.98,311.13,7777.0,
2025-11-11,sl-obf-box,501257,Normal,297.36,298.08,360.94,1000.0,
2025-11-11,sl-pe-etb,593355,Normal,131.73,126.0,149.95,2000.0,
2025-11-11,sl-pe-spc,622770,Normal,270.49,259.0,311.95,880.0,
2025-11-11,sl-pf-etb,528040,Normal,253.59,224.5,285.0,775.0,
2025-11-11,sl-phf-box,654137,Normal,308.31,299.95,311.99,379.99,
2025-11-11,sl-shf-etb,228821,Normal,99.34,95.0,116.95,499.99,
2025-11-11,sl-ss-box,565606,Normal,240.25,230.98,299.99,4999.99,
2025-11-11,sl-st-box,283389,Normal,447.12,415.0,550.0,9999.99,
2025-11-11,sl-tf-box,536225,Normal,272.68,262.91,299.99,750.0,
2025-11-11,sv2-185,497557,Normal,0.31,0.18,0.4,30.0,0.32
2025-11-11,sv2-185,497557,Reverse Holofoil,0.63,0.21,0.72,6.99,0.45
2025-11-11,sv2-254,497669,Holofoil,15.24,13.0,16.99,133.56,16.99
2025-11-11,sv2-269,497689,Holofoil,51.17,48.22,60.03,459.9,52.99
2025-11-11,sv3pt5-151,516566,Holofoil,6.76,4.5,7.98,62.01,6.9
2025-11-11,sv3pt5-199,517045,Holofoil,261.72,199.97,269.99,900.0,
2025-11-11,sv3pt5-205,517051,Holofoil,17.62,14.0,19.07,155.88,14.0
2025-11-11,sv3pt5-4,502555,Normal,0.12,0.01,0.15,5.0,0.05
2025-11-11,sv3pt5-4,502555,Reverse Holofoil,0.2,0.03,0.25,3.99,0.2
2025-11-11,sv3pt5-6,502558,Holofoil,4.28,2.73,4.98,39.97,5.39
2025-11-11,sv3pt5-7,502548,Normal,0.16,0.01,0.16,2.01,0.1
2025-11-11,sv3pt5-7,502548,Reverse Holofoil,0.19,0.01,0.25,50.0,0.1
2025-11-11,sv4pt5-234,535090,Holofoil,271.5,245.0,290.5,2214.45,349.99
2025-11-11,sv4pt5-54,534416,Holofoil,3.75,2.0,3.75,34.99,5.14
2025-11-11,sv8-57,590025,Holofoil,4.41,2.67,5.56,25.0,5.99
2025-11-11,sv8pt5-149,610504,Holofoil,213.1,179.94,212.7,800.0,
2025-11-11,sv8pt5-155,610510,Holofoil,215.83,189.99,236.25,899.0,
2025-11-11,sv8pt5-156,610511,Holofoil,340.76,306.78,385.0,999.99,
2025-11-11,sv8pt5-161,610516,Holofoil,1200.9,1050.0,1302.62,5000.0,
2025-11-11,sv8pt5-167,610522,Holofoil,121.95,114.99,122.75,300.0,
2025-11-11,sv8pt5-179,610534,Holofoil,42.57,40.49,49.95,383.4,
2025-11-11,sv8pt5-28,610383,Holofoil,1.01,0.3,1.21,19.99,1.23
2025-11-11,sv8pt5-47,610402,Normal,0.04,0.01,0.1,2.0,0.03
2025-11-11,sv8pt5-47,610402,Reverse Holofoil,0.08,0.01,0.13,20.0,0.07
2025-11-11,sv8pt5-59,610414,Holofoil,0.3,0.01,0.29,100.0,0.24
2025-11-11,sv8pt5-59,610414,Reverse Holofoil,0.34,0.1,0.36,25.0,0.23
2025-11-11,sv8pt5-60,610415,Holofoil,4.18,3.0,4.89,50.0,3.93
2025-11-11,svp-085,518861,Normal,638.0,584.99,650.49,2500.0,585.0
2025-11-11,swsh11-186,284137,Holofoil,594.25,520.0,642.5,2000.0,
2025-11-11,swsh12-186,451834,Holofoil,429.6,390.0,464.69,2000.0,398.0
2025-11-11,swsh12pt5gg-GG69,478100,Holofoil,201.2,170.88,224.99,990.48,237.82
2025-11-11,swsh35-25,223018,Normal,0.1,0.04,0.18,1.82,
2025-11-11,swsh35-25,223018,Reverse Holofoil,0.24,0.1,0.25,2.0,
2025-11-11,swsh35-74,223073,Holofoil,173.73,160.0,249.82,1500.0,204.81
2025-11-11,swsh45sv-SV107,232496,Holofoil,135.35,106.19,150.5,349.95,135.75
2025-11-11,swsh7-204,246693,Holofoil,32.14,28.0,36.48,150.0,35.98
2025-11-11,swsh7-205,246696,Holofoil,383.86,299.0,423.57,595.04,399.99
2025-11-11,swsh7-208,246755,Holofoil,29.98,26.49,30.34,48.95,28.99
2025-11-11,swsh7-209,246756,Holofoil,299.4,268.99,328.99,1732.38,279.98
2025-11-11,swsh7-211,246702,Holofoil,44.76,41.66,49.99,75.0,46.2
2025-11-11,swsh7-212,246704,Holofoil,409.88,350.0,410.1,1000.0,410.1
2025-11-11,swsh7-215,246723,Holofoil,2238.6,1725.0,2199.99,3050.98,1999.98
2025-11-11,swsh7-218,246733,Holofoil,692.15,550.0,698.46,950.0,759.99
2025-11-11,swsh7-41,246753,Holofoil,6.0,4.45,6.25,31.92,5.08
2025-11-11,swsh7-65,246690,Holofoil,11.51,7.99,11.86,500.0,11.64
2025-11-11,swsh7-75,246701,Holofoil,12.66,9.0,13.99,104.13,12.72
2025-11-11,swsh7-8,246691,Holofoil,6.82,5.0,7.02,100.0,10.24
2025-11-11,swsh8-271,253266,Holofoil,751.66,640.99,829.96,1499.95,724.99
2025-11-11,swsh9-154,263873,Holofoil,345.36,273.69,350.0,1500.0,319.49
2025-11-12,base1-15,42355,Holofoil,115.88,73.0,115.88,300.0,
2025-11-12,base1-16,42356,Holofoil,37.47,22.03,37.55,72.94,27.99
2025-11-12,base1-2,42360,Holofoil,160.69,98.0,131.73,500.0,
2025-11-12,base1-4,42382,Holofoil,460.11,374.56,505.61,1000.0,
2025-11-12,base1-58,42402,Normal,3.73,0.4,2.5,9999.0,
2025-11-12,cel25c-4,250320,Holofoil,130.62,105.11,159.48,977.85,153.73
2025-11-12,gym2-2,83861,1st Edition Holofoil,717.34,500.0,701.61,1099.99,650.0
2025-11-12,gym2-2,83861,Unlimited Holofoil,508.76,339.5,503.68,629.48,490.3
2025-11-12,neo1-9,86903,1st Edition Holofoil,1799.99,1798.75,1849.88,2700.0,
2025-11-12,neo1-9,86903,Unlimited Holofoil,407.26,290.5,399.0,540.0,
2025-11-12,sl-151-bundle,502000,Normal,91.03,83.0,105.5,999.99,
2025-11-12,sl-151-etb,503313,Normal,405.06,370.0,498.5,1000.0,
2025-11-12,sl-151-upc,502005,Normal,600.79,575.0,750.0,30000.0,
2025-11-12,sl-ar-box,265519,Normal,409.59,390.0,477.48,9999.99,
2025-11-12,sl-bs-box,256141,Normal,491.7,476.0,650.0,9999.99,
2025-11-12,sl-cel-upc,245140,Normal,905.14,880.0,979.99,154722.59,
2025-11-12,sl-champ-etb,218791,Normal,150.97,147.01,177.5,499.99,
2025-11-12,sl-cz-etb,453470,Normal,210.77,184.0,233.75,4999.99,
2025-11-12,sl-dr-box,624679,Normal,382.08,379.0,499.99,99999.0,
2025-11-12,sl-evs-box,242436,Normal,2556.38,2295.0,3090.0,12000.0,
2025-11-12,sl-evs-etb,243721,Normal,673.62,788.0,989.5,2999.99,
2025-11-12,sl-fs-box,247654,Normal,984.75,874.99,1100.0,4999.99,
2025-11-12,sl-hf-etb,194729,Normal,397.5,406.99,499.96,9999.98,
2025-11-12,sl-jp-151,565243,Normal,180.75,169.0,199.99,399.99,
2025-11-12,sl-jp-terastal,603428,Normal,100.66,98.99,115.0,200.0,
2025-11-12,sl-jt-box,610931,Normal,247.37,240.0,269.99,551.0,
2025-11-12,sl-lo-box,277324,Normal,774.96,690.0,861.94,2500.0,
2025-11-12,sl-me1-box,644298,Normal,270.97,254.01,309.9,7777.0,
2025-11-12,sl-obf-box,501257,Normal,297.64,298.08,361.87,1000.0,
2025-11-12,sl-pe-etb,593355,Normal,131.59,126.0,149.99,2000.0,
2025-11-12,sl-pe-spc,622770,Normal,269.41,251.0,311.2,880.0,
2025-11-12,sl-pf-etb,528040,Normal,251.43,223.99,285.0,775.0,
2025-11-12,sl-phf-box,654137,Normal,305.84,292.49,308.88,379.99,
2025-11-12,sl-shf-etb,228821,Normal,99.58,95.0,116.95,499.99,
2025-11-12,sl-ss-box,565606,Normal,239.27,229.99,299.99,4999.99,
2025-11-12,sl-st-box,283389,Normal,447.12,415.0,550.0,9999.99,
2025-11-12,sl-tf-box,536225,Normal,272.68,262.91,299.99,750.0,
2025-11-12,sv2-185,497557,Normal,0.32,0.18,0.4,30.0,
2025-11-12,sv2-185,497557,Reverse Holofoil,0.64,0.21,0.72,6.99,0.99
2025-11-12,sv2-254,497669,Holofoil,15.1,12.0,16.99,130.68,16.99
2025-11-12,sv2-269,497689,Holofoil,51.37,48.22,60.03,460.53,55.17
2025-11-12,sv3pt5-151,516566,Holofoil,6.46,4.5,7.93,62.28,6.9
2025-11-12,sv3pt5-199,517045,Holofoil,243.12,211.99,270.77,900.0,215.96
2025-11-12,sv3pt5-205,517051,Holofoil,17.2,14.0,19.02,154.98,14.0
2025-11-12,sv3pt5-4,502555,Normal,0.12,0.01,0.15,5.0,0.11
2025-11-12,sv3pt5-4,502555,Reverse Holofoil,0.21,0.03,0.25,3.99,0.19
2025-11-12,sv3pt5-6,502558,Holofoil,3.84,2.5,4.92,39.97,5.4
2025-11-12,sv3pt5-7,502548,Normal,0.12,0.01,0.16,2.01,0.09
2025-11-12,sv3pt5-7,502548,Reverse Holofoil,0.15,0.01,0.25,50.0,0.1
2025-11-12,sv4pt5-234,535090,Holofoil,271.81,245.0,290.72,2230.2,271.49
2025-11-12,sv4pt5-54,534416,Holofoil,4.08,2.0,3.82,34.99,4.02
2025-11-12,sv8-57,590025,Holofoil,4.69,2.67,5.6,25.0,5.99
2025-11-12,sv8pt5-149,610504,Holofoil,212.4,179.94,212.55,800.0,187.62
2025-11-12,sv8pt5-155,610510,Holofoil,214.84,189.99,234.25,899.0,
2025-11-12,sv8pt5-156,610511,Holofoil,340.76,306.79,374.84,800.0,331.47
2025-11-12,sv8pt5-161,610516,Holofoil,1193.1,1010.0,1300.0,5000.0,1299.99
2025-11-12,sv8pt5-167,610522,Holofoil,121.23,114.98,123.72,300.0,
2025-11-12,sv8pt5-179,610534,Holofoil,42.57,40.0,50.0,383.13,
2025-11-12,sv8pt5-28,610383,Holofoil,1.05,0.3,1.2,9.99,1.52
2025-11-12,sv8pt5-47,610402,Normal,0.04,0.01,0.1,2.0,0.03
2025-11-12,sv8pt5-47,610402,Reverse Holofoil,0.08,0.01,0.13,20.0,0.07
2025-11-12,sv8pt5-59,610414,Holofoil,0.42,0.01,0.3,100.0,0.24
2025-11-12,sv8pt5-59,610414,Reverse Holofoil,0.36,0.1,0.37,25.0,0.23
2025-11-12,sv8pt5-60,610415,Holofoil,4.0,3.0,4.92,50.0,4.7
2025-11-12,svp-085,518861,Normal,638.0,579.0,650.99,2500.0,579.0
2025-11-12,swsh11-186,284137,Holofoil,594.25,520.0,635.0,2000.0,593.99
2025-11-12,swsh12-186,451834,Holofoil,429.6,349.84,450.0,2000.0,398.0
2025-11-12,swsh12pt5gg-GG69,478100,Holofoil,199.4,170.88,225.0,500.0,230.25
2025-11-12,swsh35-25,223018,Normal,0.11,0.04,0.18,1.82,
2025-11-12,swsh35-25,223018,Reverse Holofoil,0.24,0.1,0.25,2.0,
2025-11-12,swsh35-74,223073,Holofoil,172.62,160.0,249.95,1500.0,204.81
2025-11-12,swsh45sv-SV107,232496,Holofoil,136.84,113.18,155.52,349.95,113.18
2025-11-12,swsh7-204,246693,Holofoil,32.14,28.0,35.99,150.0,35.98
2025-11-12,swsh7-205,246696,Holofoil,381.5,299.0,422.12,595.04,421.98
2025-11-12,swsh7-208,246755,Holofoil,29.98,26.49,30.38,48.95,28.99
2025-11-12,swsh7-209,246756,Holofoil,299.4,268.99,323.39,499.97,268.99
2025-11-12,swsh7-211,246702,Holofoil,45.33,41.66,50.0,75.0,48.98
2025-11-12,swsh7-212,246704,Holofoil,409.88,350.0,410.1,1000.0,410.1
2025-11-12,swsh7-215,246723,Holofoil,2238.6,1724.99,2199.99,3000.0,1999.98
2025-11-12,swsh7-218,246733,Holofoil,692.15,550.0,696.91,950.0,759.99
2025-11-12,swsh7-41,246753,Holofoil,6.13,4.64,6.27,25.0,5.08
2025-11-12,swsh7-65,246690,Holofoil,11.0,7.99,11.88,500.0,11.64
2025-11-12,swsh7-75,246701,Holofoil,12.53,9.86,13.99,103.77,12.72
2025-11-12,swsh7-8,246691,Holofoil,6.93,5.0,7.05,100.0,9.74
2025-11-12,swsh8-271,253266,Holofoil,751.66,640.99,829.96,1499.95,724.99
2025-11-12,swsh9-154,263873,Holofoil,345.36,273.69,350.54,1500.0,319.49
2025-11-13,base1-15,42355,Holofoil,115.97,70.0,115.88,300.0,
2025-11-13,base1-16,42356,Holofoil,37.47,22.03,37.55,72.94,
2025-11-13,base1-2,42360,Holofoil,160.69,98.0,131.73,500.0,
2025-11-13,base1-4,42382,Holofoil,458.71,399.99,500.0,1000.0,
2025-11-13,base1-58,42402,Normal,3.63,0.4,2.5,9999.0,
2025-11-13,cel25c-4,250320,Holofoil,134.38,104.5,153.37,977.85,164.96
2025-11-13,gym2-2,83861,1st Edition Holofoil,717.34,500.0,701.61,1099.99,650.0
2025-11-13,gym2-2,83861,Unlimited Holofoil,508.76,339.5,503.68,629.48,490.3
2025-11-13,neo1-9,86903,1st Edition Holofoil,1799.99,1798.75,1849.88,2700.0,
2025-11-13,neo1-9,86903,Unlimited Holofoil,407.26,348.64,399.99,540.0,
2025-11-13,sl-151-bundle,502000,Normal,90.96,83.99,105.5,999.99,
2025-11-13,sl-151-etb,503313,Normal,401.58,360.0,479.99,1000.0,
2025-11-13,sl-151-upc,502005,Normal,599.08,574.99,750.0,30000.0,
2025-11-13,sl-ar-box,265519,Normal,409.19,389.0,478.95,9999.99,
2025-11-13,sl-bs-box,256141,Normal,418.02,45.0,650.0,9999.99,
2025-11-13,sl-cel-upc,245140,Normal,906.34,880.0,981.48,154722.59,
2025-11-13,sl-champ-etb,218791,Normal,150.97,145.99,175.5,499.99,
2025-11-13,sl-cz-etb,453470,Normal,208.13,190.0,233.97,4999.99,
2025-11-13,sl-dr-box,624679,Normal,383.68,382.84,499.99,99999.0,
2025-11-13,sl-evs-box,242436,Normal,2548.74,2295.0,3000.0,12000.0,
2025-11-13,sl-evs-etb,243721,Normal,683.42,775.0,989.99,2999.99,
2025-11-13,sl-fs-box,247654,Normal,984.75,850.0,1100.0,4999.99,
2025-11-13,sl-hf-etb,194729,Normal,397.5,406.99,499.95,9999.98,
2025-11-13,sl-jp-151,565243,Normal,180.99,169.0,199.99,399.99,
2025-11-13,sl-jp-terastal,603428,Normal,100.3,99.5,115.0,200.0,
2025-11-13,sl-jt-box,610931,Normal,237.89,240.0,270.0,551.0,
2025-11-13,sl-lo-box,277324,Normal,739.84,685.0,861.94,2500.0,
2025-11-13,sl-me1-box,644298,Normal,235.91,250.0,309.89,7777.0,
2025-11-13,sl-obf-box,501257,Normal,290.92,289.99,360.94,1000.0,
2025-11-13,sl-pe-etb,593355,Normal,131.33,124.76,149.99,2000.0,
2025-11-13,sl-pe-spc,622770,Normal,266.34,251.99,313.98,880.0,
2025-11-13,sl-pf-etb,528040,Normal,248.15,223.99,282.5,775.0,
2025-11-13,sl-phf-box,654137,Normal,296.32,285.0,302.0,379.99,
2025-11-13,sl-shf-etb,228821,Normal,100.06,90.99,116.95,499.99,
2025-11-13,sl-ss-box,565606,Normal,223.28,214.01,299.99,4999.99,
2025-11-13,sl-st-box,283389,Normal,441.65,449.99,550.0,9999.99,
2025-11-13,sl-tf-box,536225,Normal,272.35,265.0,299.99,779.99,
2025-11-13,sv2-185,497557,Normal,0.32,0.25,0.4,30.0,
2025-11-13,sv2-185,497557,Reverse Holofoil,0.7,0.25,0.75,6.99,1.09
2025-11-13,sv2-254,497669,Holofoil,15.01,12.0,16.93,131.04,16.98
2025-11-13,sv2-269,497689,Holofoil,51.66,48.22,60.0,462.33,55.37
2025-11-13,sv3pt5-151,516566,Holofoil,6.46,4.5,7.77,62.1,6.9
2025-11-13,sv3pt5-199,517045,Holofoil,247.41,211.99,270.91,900.0,215.96
2025-11-13,sv3pt5-205,517051,Holofoil,16.92,14.0,19.0,154.53,15.54
2025-11-13,sv3pt5-4,502555,Normal,0.1,0.01,0.15,5.0,0.09
2025-11-13,sv3pt5-4,502555,Reverse Holofoil,0.19,0.03,0.25,3.99,0.19
2025-11-13,sv3pt5-6,502558,Holofoil,3.6,2.5,4.86,39.97,5.4
2025-11-13,sv3pt5-7,502548,Normal,0.12,0.01,0.16,2.01,
2025-11-13,sv3pt5-7,502548,Reverse Holofoil,0.15,0.01,0.25,50.0,0.15
2025-11-13,sv4pt5-234,535090,Holofoil,271.81,245.0,289.65,2230.2,271.49
2025-11-13,sv4pt5-54,534416,Holofoil,4.26,2.0,3.89,34.99,
2025-11-13,sv8-57,590025,Holofoil,4.88,2.67,5.67,25.0,6.0
2025-11-13,sv8pt5-149,610504,Holofoil,211.23,179.94,214.25,800.0,
2025-11-13,sv8pt5-155,610510,Holofoil,214.84,189.99,229.88,899.0,
2025-11-13,sv8pt5-156,610511,Holofoil,339.62,306.79,379.81,800.0,339.72
2025-11-13,sv8pt5-161,610516,Holofoil,1192.3,1000.5,1300.0,5000.0,1300.0
2025-11-13,sv8pt5-167,610522,Holofoil,121.05,113.9,122.75,300.0,
2025-11-13,sv8pt5-179,610534,Holofoil,42.89,39.2,50.0,386.01,
2025-11-13,sv8pt5-28,610383,Holofoil,1.1,0.3,1.2,9.99,1.52
2025-11-13,sv8pt5-47,610402,Normal,0.04,0.01,0.1,2.0,0.03
2025-11-13,sv8pt5-47,610402,Reverse Holofoil,0.08,0.01,0.13,20.0,0.05
2025-11-13,sv8pt5-59,610414,Holofoil,0.39,0.01,0.3,100.0,0.16
2025-11-13,sv8pt5-59,610414,Reverse Holofoil,0.37,0.1,0.37,25.0,0.23
2025-11-13,sv8pt5-60,610415,Holofoil,3.98,2.8,4.87,50.0,4.7
2025-11-13,svp-085,518861,Normal,638.0,579.0,650.99,2500.0,579.0
2025-11-13,swsh11-186,284137,Holofoil,594.25,520.0,635.0,2000.0,593.99
2025-11-13,swsh12-186,451834,Holofoil,430.44,349.84,449.98,2000.0,398.0
2025-11-13,swsh12pt5gg-GG69,478100,Holofoil,198.2,170.88,225.0,500.0,225.65
2025-11-13,swsh35-25,223018,Normal,0.11,0.04,0.18,1.82,
2025-11-13,swsh35-25,223018,Reverse Holofoil,0.25,0.1,0.25,4321.0,
2025-11-13,swsh35-74,223073,Holofoil,173.77,160.0,249.68,1500.0,204.8
2025-11-13,swsh45sv-SV107,232496,Holofoil,136.91,113.18,153.6,349.95,139.46
2025-11-13,swsh7-204,246693,Holofoil,32.11,28.0,35.99,150.0,35.98
2025-11-13,swsh7-205,246696,Holofoil,381.94,299.0,423.62,595.04,421.98
2025-11-13,swsh7-208,246755,Holofoil,29.98,26.49,30.3,48.95,28.99
2025-11-13,swsh7-209,246756,Holofoil,299.4,268.99,338.8,499.97,268.99
2025-11-13,swsh7-211,246702,Holofoil,45.37,41.66,49.99,75.0,48.98
2025-11-13,swsh7-212,246704,Holofoil,409.88,350.0,410.1,1000.0,410.1
2025-11-13,swsh7-215,246723,Holofoil,2218.0,1724.99,2200.0,4000.0,1995.0
2025-11-13,swsh7-218,246733,Holofoil,692.15,550.0,696.91,950.0,759.99
2025-11-13,swsh7-41,246753,Holofoil,6.19,4.5,6.32,25.0,5.08
2025-11-13,swsh7-65,246690,Holofoil,11.11,7.99,11.86,500.0,10.49
2025-11-13,swsh7-75,246701,Holofoil,12.78,9.86,13.99,103.14,12.72
2025-11-13,swsh7-8,246691,Holofoil,6.97,5.0,7.08,100.0,10.2
2025-11-13,swsh8-271,253266,Holofoil,751.66,640.99,829.96,1499.95,724.99
2025-11-13,swsh9-154,263873,Holofoil,345.36,273.69,350.0,1500.0,319.49
2025-11-14,base1-15,42355,Holofoil,115.97,70.0,115.97,300.0,
2025-11-14,base1-16,42356,Holofoil,37.48,22.03,37.46,72.94,
2025-11-14,base1-2,42360,Holofoil,160.69,98.0,140.94,500.0,
2025-11-14,base1-4,42382,Holofoil,458.71,347.67,500.0,1000.0,
2025-11-14,base1-58,42402,Normal,3.61,0.4,2.66,9999.0,
2025-11-14,cel25c-4,250320,Holofoil,134.05,99.99,159.48,977.85,164.95
2025-11-14,gym2-2,83861,1st Edition Holofoil,717.34,500.0,701.61,1099.99,650.0
2025-11-14,gym2-2,83861,Unlimited Holofoil,508.76,332.5,503.68,629.48,490.3
2025-11-14,neo1-9,86903,1st Edition Holofoil,1799.99,1798.75,1849.88,2700.0,
2025-11-14,neo1-9,86903,Unlimited Holofoil,407.26,348.64,399.99,540.0,
2025-11-14,sl-151-bundle,502000,Normal,90.55,82.61,105.0,999.99,
2025-11-14,sl-151-etb,503313,Normal,401.18,358.0,487.5,1000.0,
2025-11-14,sl-151-upc,502005,Normal,592.27,565.0,750.0,40000.0,
2025-11-14,sl-ar-box,265519,Normal,409.07,389.0,480.0,9999.99,
2025-11-14,sl-bs-box,256141,Normal,418.22,476.0,650.0,9999.99,
2025-11-14,sl-cel-upc,245140,Normal,906.34,875.0,981.48,154722.59,
2025-11-14,sl-champ-etb,218791,Normal,151.02,145.99,175.5,499.99,
2025-11-14,sl-cz-etb,453470,Normal,205.34,190.0,236.48,4999.99,
2025-11-14,sl-dr-box,624679,Normal,382.64,382.64,499.99,99999.0,
2025-11-14,sl-evs-box,242436,Normal,2548.74,2295.0,3000.0,12000.0,
2025-11-14,sl-evs-etb,243721,Normal,683.42,765.0,979.99,2999.99,
2025-11-14,sl-fs-box,247654,Normal,969.76,894.01,1107.5,4999.99,
2025-11-14,sl-hf-etb,194729,Normal,397.18,406.99,499.96,9999.98,
2025-11-14,sl-jp-151,565243,Normal,182.1,169.0,199.99,399.99,
2025-11-14,sl-jp-terastal,603428,Normal,100.3,99.5,115.0,200.0,
2025-11-14,sl-jt-box,610931,Normal,237.41,240.0,270.0,551.0,
2025-11-14,sl-lo-box,277324,Normal,739.84,679.49,848.88,2500.0,
2025-11-14,sl-me1-box,644298,Normal,222.83,255.5,309.89,7777.0,
2025-11-14,sl-obf-box,501257,Normal,290.92,289.99,360.94,1000.0,
2025-11-14,sl-pe-etb,593355,Normal,131.32,121.99,147.65,2000.0,
2025-11-14,sl-pe-spc,622770,Normal,261.55,249.98,320.0,880.0,
2025-11-14,sl-pf-etb,528040,Normal,237.36,215.0,285.0,775.0,
2025-11-14,sl-phf-box,654137,Normal,286.55,284.49,309.99,1000.0,
2025-11-14,sl-shf-etb,228821,Normal,98.79,95.0,118.45,499.99,
2025-11-14,sl-ss-box,565606,Normal,216.73,218.09,299.99,4999.99,
2025-11-14,sl-st-box,283389,Normal,442.84,442.0,550.0,9999.99,
2025-11-14,sl-tf-box,536225,Normal,272.35,265.0,299.99,779.99,
2025-11-14,sv2-185,497557,Normal,0.34,0.18,0.4,30.0,0.37
2025-11-14,sv2-185,497557,Reverse Holofoil,0.71,0.21,0.75,6.99,1.09
2025-11-14,sv2-254,497669,Holofoil,15.05,12.0,16.99,131.76,17.58
2025-11-14,sv2-269,497689,Holofoil,51.54,48.22,60.07,463.86,52.73
2025-11-14,sv3pt5-151,516566,Holofoil,7.19,4.5,7.82,62.28,6.85
2025-11-14,sv3pt5-199,517045,Holofoil,246.76,211.99,275.0,900.0,215.97
2025-11-14,sv3pt5-205,517051,Holofoil,16.13,13.5,18.95,150.12,15.54
2025-11-14,sv3pt5-4,502555,Normal,0.12,0.01,0.15,5.0,0.11
2025-11-14,sv3pt5-4,502555,Reverse Holofoil,0.19,0.03,0.25,3.99,0.19
2025-11-14,sv3pt5-6,502558,Holofoil,3.67,2.5,4.84,39.97,3.57
2025-11-14,sv3pt5-7,502548,Normal,0.13,0.01,0.15,4.99,0.09
2025-11-14,sv3pt5-7,502548,Reverse Holofoil,0.17,0.01,0.25,50.0,0.14
2025-11-14,sv4pt5-234,535090,Holofoil,271.59,245.0,290.61,2230.2,275.0
2025-11-14,sv4pt5-54,534416,Holofoil,4.45,2.0,4.0,34.99,6.52
2025-11-14,sv8-57,590025,Holofoil,4.94,2.67,5.51,25.0,6.0
2025-11-14,sv8pt5-149,610504,Holofoil,210.62,179.94,216.2,800.0,
2025-11-14,sv8pt5-155,610510,Holofoil,213.64,189.99,232.71,899.0,
2025-11-14,sv8pt5-156,610511,Holofoil,339.22,296.77,385.0,800.0,339.72
2025-11-14,sv8pt5-161,610516,Holofoil,1192.3,1050.0,1300.0,5000.0,1300.0
2025-11-14,sv8pt5-167,610522,Holofoil,121.05,113.1,122.75,300.0,
2025-11-14,sv8pt5-179,610534,Holofoil,42.46,39.6,50.0,382.14,
2025-11-14,sv8pt5-28,610383,Holofoil,1.08,0.3,1.2,9.99,1.74
2025-11-14,sv8pt5-47,610402,Normal,0.04,0.01,0.1,4.99,0.03
2025-11-14,sv8pt5-47,610402,Reverse Holofoil,0.09,0.01,0.12,20.0,0.05
2025-11-14,sv8pt5-59,610414,Holofoil,0.37,0.01,0.3,100.0,0.16
2025-11-14,sv8pt5-59,610414,Reverse Holofoil,0.37,0.1,0.37,25.0,0.23
2025-11-14,sv8pt5-60,610415,Holofoil,3.81,2.99,4.87,50.0,4.89
2025-11-14,svp-085,518861,Normal,638.0,554.98,650.49,2500.0,579.0
2025-11-14,swsh11-186,284137,Holofoil,594.25,520.0,635.0,2000.0,593.99
2025-11-14,swsh12-186,451834,Holofoil,430.44,349.84,449.99,2000.0,397.99
2025-11-14,swsh12pt5gg-GG69,478100,Holofoil,198.2,170.88,225.65,500.0,225.65
2025-11-14,swsh35-25,223018,Normal,0.12,0.04,0.18,4.99,
2025-11-14,swsh35-25,223018,Reverse Holofoil,0.25,0.1,0.25,4321.0,
2025-11-14,swsh35-74,223073,Holofoil,173.77,160.0,249.81,1500.0,204.8
2025-11-14,swsh45sv-SV107,232496,Holofoil,136.91,129.85,156.45,349.99,146.46
2025-11-14,swsh7-204,246693,Holofoil,32.11,28.0,36.48,150.0,32.42
2025-11-14,swsh7-205,246696,Holofoil,379.35,299.0,423.62,899.99,319.99
2025-11-14,swsh7-208,246755,Holofoil,29.98,26.49,30.34,69.99,28.99
2025-11-14,swsh7-209,246756,Holofoil,299.4,268.99,346.0,799.99,268.99
2025-11-14,swsh7-211,246702,Holofoil,45.28,41.66,50.02,99.99,49.99
2025-11-14,swsh7-212,246704,Holofoil,409.88,350.0,419.99,1000.0,410.1
2025-11-14,swsh7-215,246723,Holofoil,2218.0,1724.99,2200.0,4000.0,1995.0
2025-11-14,swsh7-218,246733,Holofoil,696.67,561.32,750.0,1499.99,759.99
2025-11-14,swsh7-41,246753,Holofoil,6.19,4.5,6.27,25.0,6.19
2025-11-14,swsh7-65,246690,Holofoil,11.02,7.99,11.8,500.0,11.64
2025-11-14,swsh7-75,246701,Holofoil,12.78,9.86,13.99,103.95,12.78
2025-11-14,swsh7-8,246691,Holofoil,7.13,5.0,7.14,100.0,6.49
2025-11-14,swsh8-271,253266,Holofoil,751.66,640.99,829.96,1799.99,724.99
2025-11-14,swsh9-154,263873,Holofoil,345.36,250.21,349.99,1500.0,319.49
2025-11-15,base1-15,42355,Holofoil,116.21,73.0,113.11,300.0,
2025-11-15,base1-16,42356,Holofoil,37.66,22.03,36.59,72.94,
2025-11-15,base1-2,42360,Holofoil,160.69,93.06,132.29,500.0,
2025-11-15,base1-4,42382,Holofoil,450.61,347.67,500.33,1000.0,
2025-11-15,base1-58,42402,Normal,3.64,0.4,2.56,9999.0,3.49
2025-11-15,cel25c-4,250320,Holofoil,134.77,99.99,159.48,983.34,164.95
2025-11-15,gym2-2,83861,1st Edition Holofoil,717.34,500.0,701.61,1099.99,650.0
2025-11-15,gym2-2,83861,Unlimited Holofoil,508.76,332.5,503.68,629.48,490.3
2025-11-15,neo1-9,86903,1st Edition Holofoil,1799.99,1798.75,1849.88,2700.0,
2025-11-15,neo1-9,86903,Unlimited Holofoil,407.26,348.64,399.99,540.0,
2025-11-15,sl-151-bundle,502000,Normal,91.85,85.0,105.63,999.99,
2025-11-15,sl-151-etb,503313,Normal,401.18,358.0,495.0,1000.0,
2025-11-15,sl-151-upc,502005,Normal,589.96,574.99,750.0,40000.0,
2025-11-15,sl-ar-box,265519,Normal,409.05,389.0,480.0,9999.99,
2025-11-15,sl-bs-box,256141,Normal,418.1,476.0,669.98,9999.99,
2025-11-15,sl-cel-upc,245140,Normal,906.34,870.0,979.99,154722.59,
2025-11-15,sl-champ-etb,218791,Normal,151.02,145.99,175.5,499.99,
2025-11-15,sl-cz-etb,453470,Normal,202.6,194.98,241.99,4999.99,
2025-11-15,sl-dr-box,624679,Normal,385.06,382.64,500.0,99999.0,
2025-11-15,sl-evs-box,242436,Normal,2548.74,2295.0,2999.99,12000.0,
2025-11-15,sl-evs-etb,243721,Normal,683.42,765.0,979.99,2999.99,
2025-11-15,sl-fs-box,247654,Normal,969.76,875.0,1100.0,3000.0,
2025-11-15,sl-hf-etb,194729,Normal,396.95,406.99,499.98,9999.98,
2025-11-15,sl-jp-151,565243,Normal,182.07,169.0,199.99,399.99,
2025-11-15,sl-jp-terastal,603428,Normal,102.35,99.99,119.99,200.0,
2025-11-15,sl-jt-box,610931,Normal,236.86,237.13,270.0,551.0,
2025-11-15,sl-lo-box,277324,Normal,739.84,670.0,848.88,2500.0,
2025-11-15,sl-me1-box,644298,Normal,232.33,255.5,309.95,7777.0,
2025-11-15,sl-obf-box,501257,Normal,290.92,289.99,361.87,1000.0,
2025-11-15,sl-pe-etb,593355,Normal,129.73,120.99,148.77,2000.0,
2025-11-15,sl-pe-spc,622770,Normal,262.92,253.01,320.16,880.0,
2025-11-15,sl-pf-etb,528040,Normal,235.6,229.75,282.5,775.0,
2025-11-15,sl-phf-box,654137,Normal,307.02,298.0,314.95,99999.0,
2025-11-15,sl-shf-etb,228821,Normal,98.79,95.0,116.95,499.99,
2025-11-15,sl-ss-box,565606,Normal,214.85,214.89,299.94,4999.99,
2025-11-15,sl-st-box,283389,Normal,442.84,442.0,550.0,9999.99,
2025-11-15,sl-tf-box,536225,Normal,273.18,265.0,299.99,779.99,
2025-11-15,sv2-185,497557,Normal,0.34,0.05,0.4,30.0,
2025-11-15,sv2-185,497557,Reverse Holofoil,0.71,0.25,0.75,6.99,1.19
2025-11-15,sv2-254,497669,Holofoil,14.9,12.0,16.49,131.76,18.04
2025-11-15,sv2-269,497689,Holofoil,51.54,48.22,60.07,463.86,52.73
2025-11-15,sv3pt5-151,516566,Holofoil,7.77,4.5,7.99,61.02,7.22
2025-11-15,sv3pt5-199,517045,Holofoil,246.38,211.99,270.31,900.0,215.97
2025-11-15,sv3pt5-205,517051,Holofoil,16.27,11.0,18.85,145.17,15.54
2025-11-15,sv3pt5-4,502555,Normal,0.11,0.01,0.15,5.0,0.11
2025-11-15,sv3pt5-4,502555,Reverse Holofoil,0.18,0.03,0.25,3.99,0.19
2025-11-15,sv3pt5-6,502558,Holofoil,5.19,2.5,5.0,39.97,5.1
2025-11-15,sv3pt5-7,502548,Normal,0.13,0.01,0.15,4.99,0.09
2025-11-15,sv3pt5-7,502548,Reverse Holofoil,0.2,0.01,0.25,50.0,0.16
2025-11-15,sv4pt5-234,535090,Holofoil,272.38,245.0,290.6,2230.2,275.0
2025-11-15,sv4pt5-54,534416,Holofoil,4.23,2.0,4.02,34.99,6.15
2025-11-15,sv8-57,590025,Holofoil,4.92,3.25,5.5,25.0,5.9
2025-11-15,sv8pt5-149,610504,Holofoil,210.62,179.94,216.2,800.0,
2025-11-15,sv8pt5-155,610510,Holofoil,213.64,184.21,227.21,899.0,
2025-11-15,sv8pt5-156,610511,Holofoil,337.85,296.77,385.0,800.0,339.72
2025-11-15,sv8pt5-161,610516,Holofoil,1186.15,1050.0,1300.0,5000.0,1300.0
2025-11-15,sv8pt5-167,610522,Holofoil,121.05,108.7,124.05,300.0,125.99
2025-11-15,sv8pt5-179,610534,Holofoil,41.84,39.9,49.99,380.16,
2025-11-15,sv8pt5-28,610383,Holofoil,1.08,0.3,1.21,9.99,1.73
2025-11-15,sv8pt5-47,610402,Normal,0.04,0.01,0.1,4.99,0.03
2025-11-15,sv8pt5-47,610402,Reverse Holofoil,0.1,0.01,0.12,20.0,0.07
2025-11-15,sv8pt5-59,610414,Holofoil,0.26,0.01,0.3,100.0,0.24
2025-11-15,sv8pt5-59,610414,Reverse Holofoil,0.36,0.1,0.37,25.0,0.23
2025-11-15,sv8pt5-60,610415,Holofoil,3.63,3.0,4.86,40.0,3.7
2025-11-15,svp-085,518861,Normal,641.64,554.98,650.99,2500.0,579.0
2025-11-15,swsh11-186,284137,Holofoil,594.25,520.0,635.0,2000.0,593.99
2025-11-15,swsh12-186,451834,Holofoil,430.44,349.84,449.69,2000.0,397.99
2025-11-15,swsh12pt5gg-GG69,478100,Holofoil,198.2,186.72,224.95,500.0,219.99
2025-11-15,swsh35-25,223018,Normal,0.12,0.04,0.18,4.99,
2025-11-15,swsh35-25,223018,Reverse Holofoil,0.25,0.1,0.25,4321.0,
2025-11-15,swsh35-74,223073,Holofoil,173.77,160.0,225.9,1500.0,201.45
2025-11-15,swsh45sv-SV107,232496,Holofoil,136.61,129.85,159.99,349.99,146.46
2025-11-15,swsh7-204,246693,Holofoil,32.11,28.0,35.98,150.0,32.42
2025-11-15,swsh7-205,246696,Holofoil,379.35,298.74,421.98,899.99,319.99
2025-11-15,swsh7-208,246755,Holofoil,29.65,26.49,30.41,69.99,28.99
2025-11-15,swsh7-209,246756,Holofoil,299.18,268.99,344.4,799.99,268.99
2025-11-15,swsh7-211,246702,Holofoil,45.28,41.66,50.01,99.99,49.99
2025-11-15,swsh7-212,246704,Holofoil,409.88,350.0,410.1,1000.0,410.09
2025-11-15,swsh7-215,246723,Holofoil,2218.0,1724.99,2208.15,4000.0,1995.0
2025-11-15,swsh7-218,246733,Holofoil,696.67,561.32,750.0,1499.99,759.99
2025-11-15,swsh7-41,246753,Holofoil,6.18,4.5,6.29,25.0,5.96
2025-11-15,swsh7-65,246690,Holofoil,10.97,7.99,11.81,500.0,10.17
2025-11-15,swsh7-75,246701,Holofoil,12.78,9.86,13.99,103.95,12.06
2025-11-15,swsh7-8,246691,Holofoil,7.03,5.0,7.16,100.0,16.94
2025-11-15,swsh8-271,253266,Holofoil,751.66,640.99,829.96,1799.99,724.99
2025-11-15,swsh9-154,263873,Holofoil,345.36,250.21,349.99,1500.0,319.49
2025-11-16,base1-15,42355,Holofoil,116.21,73.0,118.1,300.0,
2025-11-16,base1-16,42356,Holofoil,38.5,22.03,36.59,72.94,
2025-11-16,base1-2,42360,Holofoil,160.69,98.0,138.69,500.0,
2025-11-16,base1-4,42382,Holofoil,450.61,347.67,500.33,1000.0,
2025-11-16,base1-58,42402,Normal,3.69,0.4,2.45,9999.0,
2025-11-16,cel25c-4,250320,Holofoil,135.4,99.99,150.0,983.34,164.95
2025-11-16,gym2-2,83861,1st Edition Holofoil,717.34,500.0,701.61,1099.99,650.0
2025-11-16,gym2-2,83861,Unlimited Holofoil,508.76,332.5,503.68,629.48,490.3
2025-11-16,neo1-9,86903,1st Edition Holofoil,1799.99,1798.75,1849.88,2700.0,
2025-11-16,neo1-9,86903,Unlimited Holofoil,407.26,270.98,399.5,540.0,
2025-11-16,sl-151-bundle,502000,Normal,89.22,85.0,105.0,999.99,
2025-11-16,sl-151-etb,503313,Normal,399.38,358.0,495.0,1000.0,
2025-11-16,sl-151-upc,502005,Normal,587.16,574.99,750.0,40000.0,
2025-11-16,sl-ar-box,265519,Normal,408.95,389.0,484.5,9999.99,
2025-11-16,sl-bs-box,256141,Normal,417.7,476.0,669.98,9999.99,
2025-11-16,sl-cel-upc,245140,Normal,906.14,875.0,977.5,154722.59,
2025-11-16,sl-champ-etb,218791,Normal,150.86,147.01,176.0,499.99,
2025-11-16,sl-cz-etb,453470,Normal,201.69,194.98,233.97,4999.99,
2025-11-16,sl-dr-box,624679,Normal,378.31,372.99,499.49,99999.0,
2025-11-16,sl-evs-box,242436,Normal,2548.74,2295.0,3000.0,12000.0,
2025-11-16,sl-evs-etb,243721,Normal,684.85,765.0,979.99,2999.99,
2025-11-16,sl-fs-box,247654,Normal,969.76,874.99,1100.0,3000.0,
2025-11-16,sl-hf-etb,194729,Normal,398.25,406.99,499.96,9999.98,
2025-11-16,sl-jp-151,565243,Normal,182.14,169.0,199.99,399.99,
2025-11-16,sl-jp-terastal,603428,Normal,102.99,99.99,119.99,200.0,
2025-11-16,sl-jt-box,610931,Normal,236.56,237.13,269.99,551.0,
2025-11-16,sl-lo-box,277324,Normal,734.24,660.0,875.0,2500.0,
2025-11-16,sl-me1-box,644298,Normal,262.0,261.4,309.95,7777.0,
2025-11-16,sl-obf-box,501257,Normal,290.92,289.99,361.87,1000.0,
2025-11-16,sl-pe-etb,593355,Normal,129.48,120.99,148.89,2000.0,
2025-11-16,sl-pe-spc,622770,Normal,265.94,259.0,320.99,880.0,
2025-11-16,sl-pf-etb,528040,Normal,234.43,229.75,285.0,775.0,
2025-11-16,sl-phf-box,654137,Normal,306.87,299.99,317.24,99999.0,
2025-11-16,sl-shf-etb,228821,Normal,98.99,95.0,115.0,499.99,
2025-11-16,sl-ss-box,565606,Normal,230.16,214.89,299.99,4999.99,
2025-11-16,sl-st-box,283389,Normal,442.53,449.99,550.0,9999.99,
2025-11-16,sl-tf-box,536225,Normal,271.7,265.0,300.0,779.99,
2025-11-16,sv2-185,497557,Normal,0.35,0.05,0.4,30.0,
2025-11-16,sv2-185,497557,Reverse Holofoil,0.77,0.25,0.74,6.99,0.77
2025-11-16,sv2-254,497669,Holofoil,15.02,12.0,16.07,131.76,18.04
2025-11-16,sv2-269,497689,Holofoil,51.09,48.22,60.06,463.32,56.33
2025-11-16,sv3pt5-151,516566,Holofoil,8.06,4.5,8.0,58.5,7.22
2025-11-16,sv3pt5-199,517045,Holofoil,245.23,211.98,270.31,900.0,223.99
2025-11-16,sv3pt5-205,517051,Holofoil,16.18,11.0,18.55,143.64,15.54
2025-11-16,sv3pt5-4,502555,Normal,0.12,0.01,0.15,5.0,0.12
2025-11-16,sv3pt5-4,502555,Reverse Holofoil,0.18,0.03,0.25,3.99,0.17
2025-11-16,sv3pt5-6,502558,Holofoil,3.78,2.49,4.98,39.97,5.7
2025-11-16,sv3pt5-7,502548,Normal,0.13,0.01,0.15,4.99,
2025-11-16,sv3pt5-7,502548,Reverse Holofoil,0.24,0.01,0.25,50.0,0.16
2025-11-16,sv4pt5-234,535090,Holofoil,272.38,245.0,289.65,2230.2,275.0
2025-11-16,sv4pt5-54,534416,Holofoil,4.08,2.0,4.0,34.99,7.95
2025-11-16,sv8-57,590025,Holofoil,4.5,3.25,5.4,25.0,5.86
2025-11-16,sv8pt5-149,610504,Holofoil,209.69,179.94,217.39,800.0,
2025-11-16,sv8pt5-155,610510,Holofoil,212.85,179.99,227.21,899.0,
2025-11-16,sv8pt5-156,610511,Holofoil,334.72,296.77,385.0,800.0,373.14
2025-11-16,sv8pt5-161,610516,Holofoil,1186.15,1050.0,1300.0,5000.0,1300.0
2025-11-16,sv8pt5-167,610522,Holofoil,121.45,107.6,126.5,300.0,
2025-11-16,sv8pt5-179,610534,Holofoil,41.01,39.7,49.95,376.56,
2025-11-16,sv8pt5-28,610383,Holofoil,1.22,0.3,1.23,9.99,1.69
2025-11-16,sv8pt5-47,610402,Normal,0.04,0.01,0.1,4.99,0.03
2025-11-16,sv8pt5-47,610402,Reverse Holofoil,0.1,0.01,0.12,20.0,0.07
2025-11-16,sv8pt5-59,610414,Holofoil,0.27,0.01,0.29,100.0,0.24
2025-11-16,sv8pt5-59,610414,Reverse Holofoil,0.37,0.1,0.37,25.0,0.23
2025-11-16,sv8pt5-60,610415,Holofoil,3.84,3.0,4.94,40.0,4.99
2025-11-16,svp-085,518861,Normal,645.64,553.99,650.49,2500.0,579.0
2025-11-16,swsh11-186,284137,Holofoil,594.25,520.0,638.82,2000.0,593.99
2025-11-16,swsh12-186,451834,Holofoil,430.44,340.31,445.79,2000.0,397.99
2025-11-16,swsh12pt5gg-GG69,478100,Holofoil,198.63,185.0,224.5,500.0,219.99
2025-11-16,swsh35-25,223018,Normal,0.11,0.04,0.17,4.99,
2025-11-16,swsh35-25,223018,Reverse Holofoil,0.25,0.1,0.25,4321.0,
2025-11-16,swsh35-74,223073,Holofoil,173.77,160.0,231.65,1500.0,201.45
2025-11-16,swsh45sv-SV107,232496,Holofoil,136.61,122.95,159.99,499.01,146.46
2025-11-16,swsh7-204,246693,Holofoil,32.11,28.0,35.65,150.0,32.42
2025-11-16,swsh7-205,246696,Holofoil,379.35,298.74,421.98,899.99,319.85
2025-11-16,swsh7-208,246755,Holofoil,29.65,26.49,30.99,69.99,28.99
2025-11-16,swsh7-209,246756,Holofoil,299.18,268.99,344.4,799.99,279.98
2025-11-16,swsh7-211,246702,Holofoil,45.28,41.66,50.01,99.99,49.99
2025-11-16,swsh7-212,246704,Holofoil,409.88,350.0,410.1,1000.0,410.09
2025-11-16,swsh7-215,246723,Holofoil,2185.98,1724.95,2199.99,4000.0,1994.99
2025-11-16,swsh7-218,246733,Holofoil,702.07,561.32,750.0,1499.99,759.99
2025-11-16,swsh7-41,246753,Holofoil,6.09,4.5,6.42,25.0,8.98
2025-11-16,swsh7-65,246690,Holofoil,10.87,7.99,11.64,500.0,10.17
2025-11-16,swsh7-75,246701,Holofoil,12.37,9.86,13.99,103.95,12.06
2025-11-16,swsh7-8,246691,Holofoil,6.92,5.0,7.09,100.0,16.68
2025-11-16,swsh8-271,253266,Holofoil,751.66,640.99,829.96,1799.99,724.99
2025-11-16,swsh9-154,263873,Holofoil,345.36,250.2,349.99,1500.0,279.99
2025-11-17,base1-15,42355,Holofoil,116.21,69.72,113.11,300.0,
2025-11-17,base1-16,42356,Holofoil,38.48,22.03,36.6,9999.0,
2025-11-17,base1-2,42360,Holofoil,160.69,103.77,144.25,500.0,
2025-11-17,base1-4,42382,Holofoil,450.61,324.24,500.0,1000.0,
2025-11-17,base1-58,42402,Normal,3.7,0.4,2.45,9999.0,
2025-11-17,cel25c-4,250320,Holofoil,133.03,100.0,150.0,986.76,164.69
2025-11-17,gym2-2,83861,1st Edition Holofoil,717.34,500.0,701.61,1099.99,
2025-11-17,gym2-2,83861,Unlimited Holofoil,508.76,350.0,503.68,629.48,490.3
2025-11-17,neo1-9,86903,1st Edition Holofoil,1799.99,1798.75,1849.88,2700.0,
2025-11-17,neo1-9,86903,Unlimited Holofoil,407.26,291.72,405.0,540.0,
2025-11-17,sl-151-bundle,502000,Normal,90.13,85.0,105.0,999.99,
2025-11-17,sl-151-etb,503313,Normal,397.14,355.0,495.99,1000.0,
2025-11-17,sl-151-upc,502005,Normal,587.16,589.99,750.0,40000.0,
2025-11-17,sl-ar-box,265519,Normal,408.95,394.99,484.5,9999.99,
2025-11-17,sl-bs-box,256141,Normal,417.7,476.0,659.99,9999.99,
2025-11-17,sl-cel-upc,245140,Normal,901.62,875.0,977.5,154722.59,
2025-11-17,sl-champ-etb,218791,Normal,151.01,147.01,177.5,499.99,
2025-11-17,sl-cz-etb,453470,Normal,199.97,194.98,233.75,4999.99,
2025-11-17,sl-dr-box,624679,Normal,378.12,372.99,499.98,99999.0,
2025-11-17,sl-evs-box,242436,Normal,2548.74,2294.79,3000.0,12000.0,
2025-11-17,sl-evs-etb,243721,Normal,684.85,765.0,989.5,2999.99,
2025-11-17,sl-fs-box,247654,Normal,969.76,874.99,1100.0,3000.0,
2025-11-17,sl-hf-etb,194729,Normal,398.25,406.99,499.98,9999.98,
2025-11-17,sl-jp-151,565243,Normal,182.14,169.0,199.99,399.99,
2025-11-17,sl-jp-terastal,603428,Normal,103.23,99.99,119.99,200.0,
2025-11-17,sl-jt-box,610931,Normal,236.66,237.13,269.98,551.0,
2025-11-17,sl-lo-box,277324,Normal,734.24,625.0,846.44,2500.0,
2025-11-17,sl-me1-box,644298,Normal,256.12,235.0,309.87,7777.0,
2025-11-17,sl-obf-box,501257,Normal,290.92,289.99,361.87,1000.0,
2025-11-17,sl-pe-etb,593355,Normal,128.15,120.99,148.39,2000.0,
2025-11-17,sl-pe-spc,622770,Normal,267.61,259.0,322.49,880.0,
2025-11-17,sl-pf-etb,528040,Normal,232.13,235.0,285.0,775.0,
2025-11-17,sl-phf-box,654137,Normal,302.52,294.84,315.0,99999.0,
2025-11-17,sl-shf-etb,228821,Normal,99.43,95.0,114.99,499.99,
2025-11-17,sl-ss-box,565606,Normal,226.79,197.01,299.99,4999.99,
2025-11-17,sl-st-box,283389,Normal,442.53,449.99,555.0,9999.99,
2025-11-17,sl-tf-box,536225,Normal,271.7,265.0,300.0,779.99,
2025-11-17,sv2-185,497557,Normal,0.32,0.05,0.4,30.0,
2025-11-17,sv2-185,497557,Reverse Holofoil,1.07,0.25,0.78,6.99,
2025-11-17,sv2-254,497669,Holofoil,15.38,12.0,16.22,131.4,19.69
2025-11-17,sv2-269,497689,Holofoil,50.72,48.22,60.03,459.81,49.99
2025-11-17,sv3pt5-151,516566,Holofoil,8.97,4.5,8.0,100.0,7.22
2025-11-17,sv3pt5-199,517045,Holofoil,244.61,211.99,269.45,900.0,223.99
2025-11-17,sv3pt5-205,517051,Holofoil,15.87,12.25,18.5,144.9,15.54
2025-11-17,sv3pt5-4,502555,Normal,0.1,0.01,0.15,5.0,0.12
2025-11-17,sv3pt5-4,502555,Reverse Holofoil,0.18,0.03,0.25,3.99,0.18
2025-11-17,sv3pt5-6,502558,Holofoil,3.58,2.49,4.88,39.97,5.92
2025-11-17,sv3pt5-7,502548,Normal,0.11,0.01,0.15,4.99,
2025-11-17,sv3pt5-7,502548,Reverse Holofoil,0.22,0.01,0.25,50.0,0.2
2025-11-17,sv4pt5-234,535090,Holofoil,270.66,245.0,289.65,2230.2,275.0
2025-11-17,sv4pt5-54,534416,Holofoil,4.6,2.0,4.1,34.99,6.52
2025-11-17,sv8-57,590025,Holofoil,5.21,3.11,5.28,25.0,5.84
2025-11-17,sv8pt5-149,610504,Holofoil,208.87,179.94,214.25,800.0,
2025-11-17,sv8pt5-155,610510,Holofoil,212.85,179.99,224.42,899.0,
2025-11-17,sv8pt5-156,610511,Holofoil,334.72,296.77,374.49,800.0,373.99
2025-11-17,sv8pt5-161,610516,Holofoil,1175.27,1049.99,1300.12,5000.0,1300.0
2025-11-17,sv8pt5-167,610522,Holofoil,121.45,111.98,126.92,300.0,
2025-11-17,sv8pt5-179,610534,Holofoil,41.08,39.1,49.3,369.72,
2025-11-17,sv8pt5-28,610383,Holofoil,1.29,0.3,1.26,9.99,1.7
2025-11-17,sv8pt5-47,610402,Normal,0.04,0.01,0.1,12.25,0.03
2025-11-17,sv8pt5-47,610402,Reverse Holofoil,0.11,0.01,0.12,20.0,0.07
2025-11-17,sv8pt5-59,610414,Holofoil,0.27,0.01,0.29,100.0,0.24
2025-11-17,sv8pt5-59,610414,Reverse Holofoil,0.37,0.09,0.37,25.0,0.23
2025-11-17,sv8pt5-60,610415,Holofoil,3.67,3.0,4.85,40.0,4.9
2025-11-17,svp-085,518861,Normal,645.64,553.99,650.99,2500.0,579.0
2025-11-17,swsh11-186,284137,Holofoil,589.83,520.0,635.0,2000.0,593.99
2025-11-17,swsh12-186,451834,Holofoil,430.44,340.31,445.0,2000.0,397.98
2025-11-17,swsh12pt5gg-GG69,478100,Holofoil,197.43,185.0,223.75,500.0,219.98
2025-11-17,swsh35-25,223018,Normal,0.11,0.04,0.17,4.99,
2025-11-17,swsh35-25,223018,Reverse Holofoil,0.25,0.1,0.25,4321.0,
2025-11-17,swsh35-74,223073,Holofoil,173.77,160.0,225.9,1500.0,198.17
2025-11-17,swsh45sv-SV107,232496,Holofoil,135.92,120.0,156.96,349.99,146.46
2025-11-17,swsh7-204,246693,Holofoil,32.17,28.0,35.39,150.0,35.98
2025-11-17,swsh7-205,246696,Holofoil,379.35,298.0,421.97,899.99,319.46
2025-11-17,swsh7-208,246755,Holofoil,29.65,26.49,30.33,69.99,28.99
2025-11-17,swsh7-209,246756,Holofoil,299.18,268.99,343.06,799.99,279.98
2025-11-17,swsh7-211,246702,Holofoil,45.28,41.66,50.0,99.99,49.99
2025-11-17,swsh7-212,246704,Holofoil,409.88,350.0,410.1,1000.0,369.49
2025-11-17,swsh7-215,246723,Holofoil,2185.98,1724.98,2199.99,4000.0,1994.99
2025-11-17,swsh7-218,246733,Holofoil,702.07,561.32,750.0,1499.99,759.98
2025-11-17,swsh7-41,246753,Holofoil,6.14,4.5,6.39,25.0,8.98
2025-11-17,swsh7-65,246690,Holofoil,10.64,7.99,11.6,500.0,10.05
2025-11-17,swsh7-75,246701,Holofoil,12.59,9.86,13.99,104.58,12.06
2025-11-17,swsh7-8,246691,Holofoil,6.96,5.0,7.03,100.0,16.66
2025-11-17,swsh8-271,253266,Holofoil,751.66,640.99,829.96,1799.99,724.99
2025-11-17,swsh9-154,263873,Holofoil,343.36,249.0,349.99,1500.0,319.49
2025-11-18,base1-15,42355,Holofoil,116.21,69.72,110.0,300.0,
2025-11-18,base1-16,42356,Holofoil,38.48,22.31,37.66,9999.0,
2025-11-18,base1-2,42360,Holofoil,160.69,102.06,144.25,500.0,
2025-11-18,base1-4,42382,Holofoil,450.61,315.0,500.0,1000.0,
2025-11-18,base1-58,42402,Normal,3.71,0.4,2.4,9999.0,
2025-11-18,cel25c-4,250320,Holofoil,134.39,100.0,150.0,997.38,164.68
2025-11-18,gym2-2,83861,1st Edition Holofoil,717.34,500.0,753.21,1099.99,
2025-11-18,gym2-2,83861,Unlimited Holofoil,508.76,350.0,503.68,629.48,490.3
2025-11-18,neo1-9,86903,1st Edition Holofoil,1799.99,1798.75,1849.88,2700.0,
2025-11-18,neo1-9,86903,Unlimited Holofoil,408.47,270.98,399.99,540.0,
2025-11-18,sl-151-bundle,502000,Normal,94.82,85.0,105.99,999.99,
2025-11-18,sl-151-etb,503313,Normal,394.94,358.04,495.99,1000.0,
2025-11-18,sl-151-upc,502005,Normal,587.16,587.16,750.0,40000.0,
2025-11-18,sl-ar-box,265519,Normal,408.95,394.99,480.0,9999.99,
2025-11-18,sl-bs-box,256141,Normal,417.7,476.0,649.97,9999.99,
2025-11-18,sl-cel-upc,245140,Normal,901.62,875.0,975.0,154722.59,
2025-11-18,sl-champ-etb,218791,Normal,151.01,147.01,176.0,499.99,
2025-11-18,sl-cz-etb,453470,Normal,198.02,198.5,233.86,4999.99,
2025-11-18,sl-dr-box,624679,Normal,375.12,372.99,500.0,99999.0,
2025-11-18,sl-evs-box,242436,Normal,2548.74,2250.0,2999.0,12000.0,
2025-11-18,sl-evs-etb,243721,Normal,684.85,765.0,999.0,2999.99,
2025-11-18,sl-fs-box,247654,Normal,957.32,874.99,1100.0,3000.0,
2025-11-18,sl-hf-etb,194729,Normal,398.25,406.99,499.95,9999.98,
2025-11-18,sl-jp-151,565243,Normal,182.32,169.0,199.99,399.99,
2025-11-18,sl-jp-terastal,603428,Normal,105.58,104.43,119.99,200.0,
2025-11-18,sl-jt-box,610931,Normal,236.66,237.13,269.98,551.0,
2025-11-18,sl-lo-box,277324,Normal,734.24,625.0,846.44,2500.0,
2025-11-18,sl-me1-box,644298,Normal,260.92,235.0,306.68,7777.0,
2025-11-18,sl-obf-box,501257,Normal,290.92,289.99,360.0,1000.0,
2025-11-18,sl-pe-etb,593355,Normal,128.67,120.0,148.36,2000.0,
2025-11-18,sl-pe-spc,622770,Normal,270.38,257.0,321.49,880.0,
2025-11-18,sl-pf-etb,528040,Normal,231.85,235.0,287.5,775.0,
2025-11-18,sl-phf-box,654137,Normal,298.03,289.95,314.97,99999.0,
2025-11-18,sl-shf-etb,228821,Normal,99.51,95.0,114.67,499.99,
2025-11-18,sl-ss-box,565606,Normal,228.44,219.75,299.99,4999.99,
2025-11-18,sl-st-box,283389,Normal,442.53,449.99,572.5,9999.99,
2025-11-18,sl-tf-box,536225,Normal,271.02,265.0,300.0,779.99,
2025-11-18,sv2-185,497557,Normal,0.32,0.18,0.39,30.0,
2025-11-18,sv2-185,497557,Reverse Holofoil,1.09,0.25,0.81,6.99,
2025-11-18,sv2-254,497669,Holofoil,15.28,12.0,16.21,131.4,15.38
2025-11-18,sv2-269,497689,Holofoil,50.89,48.22,59.98,456.48,49.21
2025-11-18,sv3pt5-151,516566,Holofoil,7.26,4.49,8.0,100.0,7.22
2025-11-18,sv3pt5-199,517045,Holofoil,244.2,200.0,266.52,900.0,220.0
2025-11-18,sv3pt5-205,517051,Holofoil,14.73,9.51,18.0,137.07,15.54
2025-11-18,sv3pt5-4,502555,Normal,0.1,0.01,0.15,5.0,
2025-11-18,sv3pt5-4,502555,Reverse Holofoil,0.17,0.02,0.25,3.99,0.18
2025-11-18,sv3pt5-6,502558,Holofoil,3.77,2.48,4.8,39.97,5.48
2025-11-18,sv3pt5-7,502548,Normal,0.09,0.01,0.15,4.99,
2025-11-18,sv3pt5-7,502548,Reverse Holofoil,0.16,0.01,0.25,50.0,0.17
2025-11-18,sv4pt5-234,535090,Holofoil,268.15,245.0,289.3,2230.2,275.0
2025-11-18,sv4pt5-54,534416,Holofoil,3.62,0.55,4.08,34.99,3.62
2025-11-18,sv8-57,590025,Holofoil,4.89,3.25,5.4,25.0,5.21
2025-11-18,sv8pt5-149,610504,Holofoil,208.87,178.6,212.6,800.0,
2025-11-18,sv8pt5-155,610510,Holofoil,211.58,179.97,225.55,899.0,
2025-11-18,sv8pt5-156,610511,Holofoil,336.55,296.77,374.49,800.0,373.99
2025-11-18,sv8pt5-161,610516,Holofoil,1169.12,1000.0,1324.47,5000.0,1300.0
2025-11-18,sv8pt5-167,610522,Holofoil,121.45,111.96,126.14,300.0,
2025-11-18,sv8pt5-179,610534,Holofoil,40.96,38.0,49.0,369.72,
2025-11-18,sv8pt5-28,610383,Holofoil,1.27,0.3,1.25,9.99,1.69
2025-11-18,sv8pt5-47,610402,Normal,0.04,0.01,0.1,4.99,0.03
2025-11-18,sv8pt5-47,610402,Reverse Holofoil,0.11,0.01,0.12,20.0,0.07
2025-11-18,sv8pt5-59,610414,Holofoil,0.3,0.01,0.29,100.0,0.24
2025-11-18,sv8pt5-59,610414,Reverse Holofoil,0.38,0.09,0.37,25.0,0.23
2025-11-18,sv8pt5-60,610415,Holofoil,3.91,3.0,4.85,40.0,4.99
2025-11-18,svp-085,518861,Normal,645.64,549.98,664.5,2500.0,634.99
2025-11-18,swsh11-186,284137,Holofoil,591.85,520.0,635.0,2000.0,593.99
2025-11-18,swsh12-186,451834,Holofoil,430.44,339.99,442.09,2000.0,397.98
2025-11-18,swsh12pt5gg-GG69,478100,Holofoil,197.4,186.71,225.24,500.0,214.99
2025-11-18,swsh35-25,223018,Normal,0.11,0.04,0.17,4.99,
2025-11-18,swsh35-25,223018,Reverse Holofoil,0.25,0.1,0.25,4321.0,
2025-11-18,swsh35-74,223073,Holofoil,174.63,160.0,205.99,1500.0,198.17
2025-11-18,swsh45sv-SV107,232496,Holofoil,135.2,129.85,156.45,349.99,149.94
2025-11-18,swsh7-204,246693,Holofoil,32.17,28.0,35.39,150.0,35.98
2025-11-18,swsh7-205,246696,Holofoil,376.73,298.0,421.97,899.99,319.46
2025-11-18,swsh7-208,246755,Holofoil,29.53,26.49,30.25,69.99,29.45
2025-11-18,swsh7-209,246756,Holofoil,299.23,268.0,343.06,799.99,282.0
2025-11-18,swsh7-211,246702,Holofoil,45.25,41.66,50.0,99.99,49.99
2025-11-18,swsh7-212,246704,Holofoil,410.86,350.0,415.43,1000.0,369.49
2025-11-18,swsh7-215,246723,Holofoil,2185.98,1500.0,2199.97,4000.0,1994.99
2025-11-18,swsh7-218,246733,Holofoil,702.07,561.32,750.0,1499.99,759.98
2025-11-18,swsh7-41,246753,Holofoil,6.02,4.01,6.29,25.0,4.0
2025-11-18,swsh7-65,246690,Holofoil,10.59,7.99,11.63,500.0,11.63
2025-11-18,swsh7-75,246701,Holofoil,12.98,9.86,13.99,104.58,12.06
2025-11-18,swsh7-8,246691,Holofoil,7.0,5.0,7.03,100.0,10.5
2025-11-18,swsh8-271,253266,Holofoil,751.66,640.99,808.51,1799.99,724.99
2025-11-18,swsh9-154,263873,Holofoil,331.78,245.23,349.99,1500.0,319.49
2025-11-19,base1-15,42355,Holofoil,116.21,69.72,116.21,300.0,
2025-11-19,base1-16,42356,Holofoil,38.42,22.31,37.76,9999.0,
2025-11-19,base1-2,42360,Holofoil,160.69,103.77,145.0,500.0,
2025-11-19,base1-4,42382,Holofoil,455.39,315.0,502.0,1000.0,
2025-11-19,base1-58,42402,Normal,3.82,0.4,2.5,9999.0,
2025-11-19,cel25c-4,250320,Holofoil,134.39,100.0,149.98,991.8,149.97
2025-11-19,gym2-2,83861,1st Edition Holofoil,717.34,500.0,753.21,1099.99,
2025-11-19,gym2-2,83861,Unlimited Holofoil,508.76,350.0,501.84,629.48,490.3
2025-11-19,neo1-9,86903,1st Edition Holofoil,1799.99,1798.75,1849.88,2700.0,
2025-11-19,neo1-9,86903,Unlimited Holofoil,408.47,267.95,399.0,540.0,
2025-11-19,sl-151-bundle,502000,Normal,93.51,85.0,105.0,999.99,
2025-11-19,sl-151-etb,503313,Normal,383.59,369.99,495.0,1000.0,
2025-11-19,sl-151-upc,502005,Normal,587.16,550.0,750.0,40000.0,
2025-11-19,sl-ar-box,265519,Normal,408.95,394.99,482.32,9999.99,
2025-11-19,sl-bs-box,256141,Normal,417.22,320.0,649.97,9999.99,
2025-11-19,sl-cel-upc,245140,Normal,901.62,875.0,950.0,154722.59,
2025-11-19,sl-champ-etb,218791,Normal,151.01,147.01,175.5,499.99,
2025-11-19,sl-cz-etb,453470,Normal,198.02,198.5,233.75,4999.99,
2025-11-19,sl-dr-box,624679,Normal,380.44,382.84,499.5,99999.0,
2025-11-19,sl-evs-box,242436,Normal,2548.74,2250.0,3000.0,12000.0,
2025-11-19,sl-evs-etb,243721,Normal,684.85,765.0,999.0,2999.99,
2025-11-19,sl-fs-box,247654,Normal,952.68,874.99,1100.0,3000.0,
2025-11-19,sl-hf-etb,194729,Normal,398.25,406.99,450.0,9999.98,
2025-11-19,sl-jp-151,565243,Normal,182.03,169.0,199.99,399.99,
2025-11-19,sl-jp-terastal,603428,Normal,106.82,103.75,119.99,200.0,
2025-11-19,sl-jt-box,610931,Normal,235.5,236.27,269.93,551.0,
2025-11-19,sl-lo-box,277324,Normal,710.7,660.0,861.94,2500.0,
2025-11-19,sl-me1-box,644298,Normal,259.23,235.0,309.87,7777.0,
2025-11-19,sl-obf-box,501257,Normal,290.92,289.99,350.0,1000.0,
2025-11-19,sl-pe-etb,593355,Normal,127.49,120.75,146.75,2000.0,
2025-11-19,sl-pe-spc,622770,Normal,265.87,259.0,323.6,880.0,
2025-11-19,sl-pf-etb,528040,Normal,227.18,235.0,279.5,775.0,
2025-11-19,sl-phf-box,654137,Normal,282.84,279.36,310.0,99999.0,
2025-11-19,sl-shf-etb,228821,Normal,99.23,95.0,114.55,499.99,
2025-11-19,sl-ss-box,565606,Normal,227.41,219.75,299.97,4999.99,
2025-11-19,sl-st-box,283389,Normal,442.53,449.99,555.0,9999.99,
2025-11-19,sl-tf-box,536225,Normal,281.14,265.0,327.5,779.99,
2025-11-19,sv2-185,497557,Normal,0.28,0.21,0.39,30.0,
2025-11-19,sv2-185,497557,Reverse Holofoil,1.1,0.25,0.87,6.99,
2025-11-19,sv2-254,497669,Holofoil,15.21,12.0,16.2,131.4,19.68
2025-11-19,sv2-269,497689,Holofoil,49.97,48.05,60.03,454.59,54.63
2025-11-19,sv3pt5-151,516566,Holofoil,7.75,4.5,7.99,100.0,7.21
2025-11-19,sv3pt5-199,517045,Holofoil,241.03,200.0,266.52,900.0,242.0
2025-11-19,sv3pt5-205,517051,Holofoil,13.37,11.99,17.9,128.34,12.7
2025-11-19,sv3pt5-4,502555,Normal,0.11,0.01,0.15,5.0,
2025-11-19,sv3pt5-4,502555,Reverse Holofoil,0.17,0.02,0.25,3.99,0.16
2025-11-19,sv3pt5-6,502558,Holofoil,3.54,2.48,4.86,39.97,6.95
2025-11-19,sv3pt5-7,502548,Normal,0.08,0.01,0.15,2.01,
2025-11-19,sv3pt5-7,502548,Reverse Holofoil,0.15,0.01,0.25,50.0,0.15
2025-11-19,sv4pt5-234,535090,Holofoil,268.26,245.0,288.38,2230.2,275.0
2025-11-19,sv4pt5-54,534416,Holofoil,3.63,2.0,3.92,34.99,5.99
2025-11-19,sv8-57,590025,Holofoil,5.12,3.0,5.3,25.0,5.08
2025-11-19,sv8pt5-149,610504,Holofoil,208.84,178.6,214.25,800.0,
2025-11-19,sv8pt5-155,610510,Holofoil,210.54,179.97,222.24,899.0,
2025-11-19,sv8pt5-156,610511,Holofoil,339.26,296.77,373.99,800.0,358.99
2025-11-19,sv8pt5-161,610516,Holofoil,1155.36,1019.99,1300.0,5000.0,1149.99
2025-11-19,sv8pt5-167,610522,Holofoil,121.45,110.0,125.6,300.0,
2025-11-19,sv8pt5-179,610534,Holofoil,40.77,38.0,47.99,368.64,
2025-11-19,sv8pt5-28,610383,Holofoil,1.27,0.3,1.29,9.99,1.68
2025-11-19,sv8pt5-47,610402,Normal,0.04,0.01,0.1,2.0,0.03
2025-11-19,sv8pt5-47,610402,Reverse Holofoil,0.11,0.01,0.12,20.0,0.05
2025-11-19,sv8pt5-59,610414,Holofoil,0.25,0.01,0.29,100.0,0.19
2025-11-19,sv8pt5-59,610414,Reverse Holofoil,0.42,0.09,0.38,25.0,0.23
2025-11-19,sv8pt5-60,610415,Holofoil,3.87,3.0,4.87,9999.0,4.99
2025-11-19,svp-085,518861,Normal,645.64,548.9,664.5,2500.0,634.99
2025-11-19,swsh11-186,284137,Holofoil,591.85,515.0,632.65,2000.0,593.99
2025-11-19,swsh12-186,451834,Holofoil,427.14,329.99,443.58,2000.0,397.98
2025-11-19,swsh12pt5gg-GG69,478100,Holofoil,199.09,185.0,224.95,500.0,212.39
2025-11-19,swsh35-25,223018,Normal,0.11,0.04,0.17,1.82,
2025-11-19,swsh35-25,223018,Reverse Holofoil,0.25,0.1,0.25,4321.0,
2025-11-19,swsh35-74,223073,Holofoil,174.63,160.0,201.45,1500.0,198.17
2025-11-19,swsh45sv-SV107,232496,Holofoil,135.2,122.0,151.86,349.95,149.87
2025-11-19,swsh7-204,246693,Holofoil,32.17,28.0,35.07,150.0,35.98
2025-11-19,swsh7-205,246696,Holofoil,376.73,298.0,421.97,564.9,319.46
2025-11-19,swsh7-208,246755,Holofoil,29.53,26.49,30.13,48.95,29.45
2025-11-19,swsh7-209,246756,Holofoil,298.4,266.49,349.99,499.97,282.0
2025-11-19,swsh7-211,246702,Holofoil,45.25,37.82,49.99,75.0,44.99
2025-11-19,swsh7-212,246704,Holofoil,410.86,350.0,410.48,1000.0,350.0
2025-11-19,swsh7-215,246723,Holofoil,2185.98,1500.0,2199.95,4000.0,1994.99
2025-11-19,swsh7-218,246733,Holofoil,704.76,561.32,750.0,1057.2,684.0
2025-11-19,swsh7-41,246753,Holofoil,6.13,3.75,6.19,25.0,4.0
2025-11-19,swsh7-65,246690,Holofoil,10.22,7.99,11.5,500.0,11.64
2025-11-19,swsh7-75,246701,Holofoil,12.99,9.86,13.92,103.86,12.06
2025-11-19,swsh7-8,246691,Holofoil,7.17,5.0,7.16,100.0,10.58
2025-11-19,swsh8-271,253266,Holofoil,752.06,640.99,821.09,1499.95,829.95
2025-11-19,swsh9-154,263873,Holofoil,331.78,245.23,349.84,1500.0,319.49
2025-11-20,base1-15,42355,Holofoil,116.21,69.72,118.53,300.0,
2025-11-20,base1-16,42356,Holofoil,38.42,22.31,38.04,9999.0,
2025-11-20,base1-2,42360,Holofoil,161.19,103.77,145.0,500.0,
2025-11-20,base1-4,42382,Holofoil,455.39,374.99,505.96,1000.0,
2025-11-20,base1-58,42402,Normal,3.84,0.4,2.5,9999.0,0.49
2025-11-20,cel25c-4,250320,Holofoil,134.37,100.0,149.99,991.8,103.0
2025-11-20,gym2-2,83861,1st Edition Holofoil,717.34,500.0,753.21,1099.99,
2025-11-20,gym2-2,83861,Unlimited Holofoil,508.76,350.0,501.84,629.48,490.3
2025-11-20,neo1-9,86903,1st Edition Holofoil,1799.99,1798.75,1849.88,2700.0,
2025-11-20,neo1-9,86903,Unlimited Holofoil,408.47,348.64,405.0,540.0,
2025-11-20,sl-151-bundle,502000,Normal,95.51,84.25,105.0,999.99,
2025-11-20,sl-151-etb,503313,Normal,382.67,367.95,479.99,1000.0,
2025-11-20,sl-151-upc,502005,Normal,585.04,579.99,750.0,40000.0,
2025-11-20,sl-ar-box,265519,Normal,408.95,400.0,485.69,9999.99,
2025-11-20,sl-bs-box,256141,Normal,417.22,320.0,638.98,9999.99,
2025-11-20,sl-cel-upc,245140,Normal,901.62,875.0,962.5,154722.59,
2025-11-20,sl-champ-etb,218791,Normal,151.01,147.01,175.0,499.99,
2025-11-20,sl-cz-etb,453470,Normal,196.86,195.0,233.86,4999.99,
2025-11-20,sl-dr-box,624679,Normal,383.64,357.85,485.5,99999.0,
2025-11-20,sl-evs-box,242436,Normal,2538.78,2150.0,2999.5,12000.0,
2025-11-20,sl-evs-etb,243721,Normal,684.85,760.0,989.5,2999.99,
2025-11-20,sl-fs-box,247654,Normal,947.84,875.0,1100.0,3000.0,
2025-11-20,sl-hf-etb,194729,Normal,398.25,405.0,449.97,9999.98,
2025-11-20,sl-jp-151,565243,Normal,181.12,169.0,199.98,399.99,
2025-11-20,sl-jp-terastal,603428,Normal,106.91,103.75,119.69,200.0,
2025-11-20,sl-jt-box,610931,Normal,235.02,226.27,269.98,551.0,
2025-11-20,sl-lo-box,277324,Normal,710.7,660.0,848.88,2500.0,
2025-11-20,sl-me1-box,644298,Normal,256.53,235.0,309.87,7777.0,
2025-11-20,sl-obf-box,501257,Normal,290.92,289.99,350.0,1000.0,
2025-11-20,sl-pe-etb,593355,Normal,127.16,120.75,146.61,2000.0,
2025-11-20,sl-pe-spc,622770,Normal,265.82,265.7,322.49,880.0,
2025-11-20,sl-pf-etb,528040,Normal,229.26,215.0,279.5,775.0,
2025-11-20,sl-phf-box,654137,Normal,272.55,272.0,300.0,99999.0,
2025-11-20,sl-shf-etb,228821,Normal,99.43,95.0,114.55,499.99,
2025-11-20,sl-ss-box,565606,Normal,224.82,219.75,299.99,4999.99,
2025-11-20,sl-st-box,283389,Normal,438.93,449.99,572.5,9999.99,
2025-11-20,sl-tf-box,536225,Normal,282.54,265.0,327.5,779.99,
2025-11-20,sv2-185,497557,Normal,0.28,0.1,0.38,30.0,
2025-11-20,sv2-185,497557,Reverse Holofoil,0.99,0.25,0.89,6.99,
2025-11-20,sv2-254,497669,Holofoil,14.99,13.0,16.07,131.22,14.61
2025-11-20,sv2-269,497689,Holofoil,49.88,48.05,59.96,450.81,51.4
2025-11-20,sv3pt5-151,516566,Holofoil,8.05,5.24,8.0,100.0,7.22
2025-11-20,sv3pt5-199,517045,Holofoil,242.51,200.0,262.23,900.0,247.43
2025-11-20,sv3pt5-205,517051,Holofoil,13.66,11.0,17.71,122.04,15.35
2025-11-20,sv3pt5-4,502555,Normal,0.11,0.01,0.15,5.0,0.11
2025-11-20,sv3pt5-4,502555,Reverse Holofoil,0.16,0.03,0.25,3.99,0.15
2025-11-20,sv3pt5-6,502558,Holofoil,3.8,2.48,4.79,39.97,5.5
2025-11-20,sv3pt5-7,502548,Normal,0.06,0.01,0.15,2.99,0.04
2025-11-20,sv3pt5-7,502548,Reverse Holofoil,0.15,0.01,0.25,50.0,0.14
2025-11-20,sv4pt5-234,535090,Holofoil,268.34,240.0,288.0,2230.2,275.0
2025-11-20,sv4pt5-54,534416,Holofoil,3.3,2.0,3.9,34.99,5.98
2025-11-20,sv8-57,590025,Holofoil,4.77,3.0,5.31,25.0,5.39
2025-11-20,sv8pt5-149,610504,Holofoil,208.28,179.94,213.84,800.0,
2025-11-20,sv8pt5-155,610510,Holofoil,207.34,179.96,221.62,899.0,
2025-11-20,sv8pt5-156,610511,Holofoil,335.85,294.99,371.99,800.0,358.98
2025-11-20,sv8pt5-161,610516,Holofoil,1153.56,1019.99,1300.12,5000.0,1299.99
2025-11-20,sv8pt5-167,610522,Holofoil,121.45,107.01,125.35,300.0,
2025-11-20,sv8pt5-179,610534,Holofoil,41.22,39.0,47.38,365.94,
2025-11-20,sv8pt5-28,610383,Holofoil,1.29,0.3,1.3,9.95,
2025-11-20,sv8pt5-47,610402,Normal,0.04,0.01,0.1,2.0,0.03
2025-11-20,sv8pt5-47,610402,Reverse Holofoil,0.11,0.01,0.13,20.0,0.05
2025-11-20,sv8pt5-59,610414,Holofoil,0.3,0.01,0.3,100.0,0.15
2025-11-20,sv8pt5-59,610414,Reverse Holofoil,0.39,0.09,0.39,25.0,0.23
2025-11-20,sv8pt5-60,610415,Holofoil,4.0,2.99,4.89,9999.0,4.99
2025-11-20,svp-085,518861,Normal,645.64,548.89,664.5,2500.0,629.0
2025-11-20,swsh11-186,284137,Holofoil,591.85,515.0,622.16,2000.0,593.99
2025-11-20,swsh12-186,451834,Holofoil,425.02,329.99,440.0,2000.0,397.98
2025-11-20,swsh12pt5gg-GG69,478100,Holofoil,199.55,184.99,223.0,671.52,212.39
2025-11-20,swsh35-25,223018,Normal,0.11,0.04,0.17,1.82,
2025-11-20,swsh35-25,223018,Reverse Holofoil,0.25,0.1,0.26,4321.0,
2025-11-20,swsh35-74,223073,Holofoil,174.63,160.0,201.45,1500.0,196.4
2025-11-20,swsh45sv-SV107,232496,Holofoil,135.2,122.0,150.12,349.95,149.31
2025-11-20,swsh7-204,246693,Holofoil,31.81,28.0,35.49,150.0,35.98
2025-11-20,swsh7-205,246696,Holofoil,376.73,298.0,420.99,564.9,319.46
2025-11-20,swsh7-208,246755,Holofoil,29.47,26.49,30.0,48.95,29.45
2025-11-20,swsh7-209,246756,Holofoil,298.4,266.49,340.0,499.97,281.0
2025-11-20,swsh7-211,246702,Holofoil,46.07,37.82,50.0,75.0,44.99
2025-11-20,swsh7-212,246704,Holofoil,411.26,350.0,410.1,1000.0,350.0
2025-11-20,swsh7-215,246723,Holofoil,2185.98,1500.0,2199.92,4000.0,1994.99
2025-11-20,swsh7-218,246733,Holofoil,704.76,561.32,727.38,1100.5,684.0
2025-11-20,swsh7-41,246753,Holofoil,5.95,3.5,6.17,25.0,4.0
2025-11-20,swsh7-65,246690,Holofoil,10.22,7.99,11.35,500.0,11.64
2025-11-20,swsh7-75,246701,Holofoil,12.96,9.86,13.75,103.86,12.06
2025-11-20,swsh7-8,246691,Holofoil,7.37,5.0,7.17,100.0,11.1
2025-11-20,swsh8-271,253266,Holofoil,753.12,580.01,812.22,1499.95,829.94
2025-11-20,swsh9-154,263873,Holofoil,331.78,244.95,349.68,1500.0,319.49
2025-11-21,base1-15,42355,Holofoil,115.36,69.72,119.99,300.0,
2025-11-21,base1-16,42356,Holofoil,38.42,22.31,38.35,9999.0,
2025-11-21,base1-2,42360,Holofoil,161.19,103.77,148.8,500.0,
2025-11-21,base1-4,42382,Holofoil,455.39,374.99,500.0,1000.0,
2025-11-21,base1-58,42402,Normal,3.89,0.4,2.45,9999.0,1.69
2025-11-21,cel25c-4,250320,Holofoil,133.59,100.0,149.99,981.9,103.0
2025-11-21,gym2-2,83861,1st Edition Holofoil,926.01,500.0,753.21,1099.99,
2025-11-21,gym2-2,83861,Unlimited Holofoil,508.76,350.0,499.99,629.48,483.4
2025-11-21,neo1-9,86903,1st Edition Holofoil,1799.99,1798.75,1849.88,2700.0,
2025-11-21,neo1-9,86903,Unlimited Holofoil,408.47,348.64,405.0,540.0,
2025-11-21,sl-151-bundle,502000,Normal,95.62,92.0,105.0,999.99,
2025-11-21,sl-151-etb,503313,Normal,381.61,369.99,465.0,1000.0,
2025-11-21,sl-151-upc,502005,Normal,584.04,579.99,750.0,40000.0,
2025-11-21,sl-ar-box,265519,Normal,408.95,400.0,482.85,9999.99,
2025-11-21,sl-bs-box,256141,Normal,416.1,475.0,649.99,9999.99,
2025-11-21,sl-cel-upc,245140,Normal,901.62,850.0,977.5,154722.59,
2025-11-21,sl-champ-etb,218791,Normal,150.73,147.01,175.0,499.99,
2025-11-21,sl-cz-etb,453470,Normal,196.4,191.0,233.86,4999.99,
2025-11-21,sl-dr-box,624679,Normal,383.21,382.84,471.0,99999.0,
2025-11-21,sl-evs-box,242436,Normal,2538.78,2100.0,3000.0,12000.0,
2025-11-21,sl-evs-etb,243721,Normal,684.85,760.0,989.5,2999.99,
2025-11-21,sl-fs-box,247654,Normal,947.84,871.0,1100.0,3000.0,
2025-11-21,sl-hf-etb,194729,Normal,398.25,405.0,450.0,9999.98,
2025-11-21,sl-jp-151,565243,Normal,180.49,169.0,199.99,399.99,
2025-11-21,sl-jp-terastal,603428,Normal,107.78,103.75,119.84,200.0,
2025-11-21,sl-jt-box,610931,Normal,234.06,226.27,269.99,551.0,
2025-11-21,sl-lo-box,277324,Normal,710.7,660.0,846.44,2500.0,
2025-11-21,sl-me1-box,644298,Normal,254.76,249.97,303.49,7777.0,
2025-11-21,sl-obf-box,501257,Normal,291.72,289.99,355.0,1000.0,
2025-11-21,sl-pe-etb,593355,Normal,125.61,120.75,145.73,2000.0,
2025-11-21,sl-pe-spc,622770,Normal,266.61,259.99,321.99,880.0,
2025-11-21,sl-pf-etb,528040,Normal,231.18,244.95,282.5,775.0,
2025-11-21,sl-phf-box,654137,Normal,271.12,259.9,299.95,99999.0,
2025-11-21,sl-shf-etb,228821,Normal,99.47,95.0,114.67,499.99,
2025-11-21,sl-ss-box,565606,Normal,229.22,228.97,300.0,4999.99,
2025-11-21,sl-st-box,283389,Normal,438.93,449.99,560.0,9999.99,
2025-11-21,sl-tf-box,536225,Normal,282.66,265.0,330.0,779.99,
2025-11-21,sv2-185,497557,Normal,0.27,0.05,0.38,30.0,
2025-11-21,sv2-185,497557,Reverse Holofoil,0.99,0.25,0.89,6.99,
2025-11-21,sv2-254,497669,Holofoil,15.0,13.0,16.0,132.21,14.69
2025-11-21,sv2-269,497689,Holofoil,49.79,48.05,60.0,450.81,51.4
2025-11-21,sv3pt5-151,516566,Holofoil,8.72,4.68,8.04,100.0,8.05
2025-11-21,sv3pt5-199,517045,Holofoil,243.27,200.0,266.39,900.0,243.27
2025-11-21,sv3pt5-205,517051,Holofoil,13.88,11.0,17.74,123.21,15.54
2025-11-21,sv3pt5-4,502555,Normal,0.08,0.01,0.15,20.0,
2025-11-21,sv3pt5-4,502555,Reverse Holofoil,0.15,0.03,0.25,3.99,0.2
2025-11-21,sv3pt5-6,502558,Holofoil,3.9,2.48,4.79,39.97,6.93
2025-11-21,sv3pt5-7,502548,Normal,0.06,0.01,0.15,2.99,0.04
2025-11-21,sv3pt5-7,502548,Reverse Holofoil,0.15,0.01,0.25,50.0,0.14
2025-11-21,sv4pt5-234,535090,Holofoil,268.34,239.0,287.12,2230.2,274.99
2025-11-21,sv4pt5-54,534416,Holofoil,3.56,2.0,3.9,34.99,4.96
2025-11-21,sv8-57,590025,Holofoil,4.28,3.0,5.21,25.0,4.38
2025-11-21,sv8pt5-149,610504,Holofoil,206.67,179.94,216.62,800.0,
2025-11-21,sv8pt5-155,610510,Holofoil,207.51,179.96,220.56,899.0,
2025-11-21,sv8pt5-156,610511,Holofoil,335.85,295.0,366.49,800.0,340.99
2025-11-21,sv8pt5-161,610516,Holofoil,1153.56,1019.99,1300.0,5000.0,1294.99
2025-11-21,sv8pt5-167,610522,Holofoil,123.02,107.0,123.88,300.0,
2025-11-21,sv8pt5-179,610534,Holofoil,41.17,38.99,48.0,370.98,
2025-11-21,sv8pt5-28,610383,Holofoil,1.3,0.3,1.3,9.95,
2025-11-21,sv8pt5-47,610402,Normal,0.04,0.01,0.1,2.0,0.03
2025-11-21,sv8pt5-47,610402,Reverse Holofoil,0.11,0.01,0.13,20.0,0.05
2025-11-21,sv8pt5-59,610414,Holofoil,0.33,0.01,0.3,100.0,0.15
2025-11-21,sv8pt5-59,610414,Reverse Holofoil,0.39,0.09,0.39,25.0,0.23
2025-11-21,sv8pt5-60,610415,Holofoil,4.0,2.8,4.88,9999.0,5.67
2025-11-21,svp-085,518861,Normal,645.64,539.99,660.0,2500.0,629.0
2025-11-21,swsh11-186,284137,Holofoil,591.85,515.0,622.16,2000.0,593.99
2025-11-21,swsh12-186,451834,Holofoil,420.63,379.98,440.0,2000.0,397.98
2025-11-21,swsh12pt5gg-GG69,478100,Holofoil,199.05,178.45,219.75,671.52,214.99
2025-11-21,swsh35-25,223018,Normal,0.11,0.04,0.17,1.49,
2025-11-21,swsh35-25,223018,Reverse Holofoil,0.25,0.1,0.25,4321.0,
2025-11-21,swsh35-74,223073,Holofoil,175.03,150.0,201.45,1500.0,194.44
2025-11-21,swsh45sv-SV107,232496,Holofoil,135.2,121.5,151.04,349.95,149.87
2025-11-21,swsh7-204,246693,Holofoil,31.81,28.0,36.29,150.0,35.98
2025-11-21,swsh7-205,246696,Holofoil,376.73,298.0,421.97,564.9,319.46
2025-11-21,swsh7-208,246755,Holofoil,29.47,26.49,30.0,48.95,29.45
2025-11-21,swsh7-209,246756,Holofoil,298.4,240.0,336.13,499.97,276.96
2025-11-21,swsh7-211,246702,Holofoil,46.07,36.57,50.0,75.0,44.99
2025-11-21,swsh7-212,246704,Holofoil,407.74,350.0,408.84,1000.0,350.0
2025-11-21,swsh7-215,246723,Holofoil,2185.98,1500.0,2192.93,3426.52,1725.0
2025-11-21,swsh7-218,246733,Holofoil,704.76,575.0,704.76,1100.5,684.0
2025-11-21,swsh7-41,246753,Holofoil,5.63,3.5,6.12,25.0,8.48
2025-11-21,swsh7-65,246690,Holofoil,9.88,7.99,11.42,500.0,11.64
2025-11-21,swsh7-75,246701,Holofoil,12.76,9.86,13.94,103.86,12.96
2025-11-21,swsh7-8,246691,Holofoil,7.06,5.0,7.15,100.0,10.65
2025-11-21,swsh8-271,253266,Holofoil,753.12,580.01,813.37,1499.95,829.94
2025-11-21,swsh9-154,263873,Holofoil,331.78,230.0,349.68,1500.0,319.49
2025-11-22,base1-15,42355,Holofoil,118.55,73.0,115.66,300.0,
2025-11-22,base1-16,42356,Holofoil,38.42,22.31,37.76,9999.0,14.88
2025-11-22,base1-2,42360,Holofoil,161.19,103.77,149.99,500.0,
2025-11-22,base1-4,42382,Holofoil,455.39,374.99,500.0,1000.0,
2025-11-22,base1-58,42402,Normal,3.93,0.4,2.49,9999.0,2.0
2025-11-22,cel25c-4,250320,Holofoil,137.83,100.0,165.6,981.9,103.0
2025-11-22,gym2-2,83861,1st Edition Holofoil,926.01,500.0,753.21,1099.99,
2025-11-22,gym2-2,83861,Unlimited Holofoil,508.76,350.0,499.99,629.48,483.4
2025-11-22,neo1-9,86903,1st Edition Holofoil,1799.99,1798.75,1849.88,2700.0,
2025-11-22,neo1-9,86903,Unlimited Holofoil,408.47,270.98,399.5,540.0,
2025-11-22,sl-151-bundle,502000,Normal,95.52,84.99,105.0,999.99,
2025-11-22,sl-151-etb,503313,Normal,381.5,364.99,487.5,1000.0,
2025-11-22,sl-151-upc,502005,Normal,579.44,579.99,750.0,40000.0,
2025-11-22,sl-ar-box,265519,Normal,408.95,400.0,485.69,9999.99,
2025-11-22,sl-bs-box,256141,Normal,416.1,455.99,649.97,9999.99,
2025-11-22,sl-cel-upc,245140,Normal,901.62,845.0,977.5,154722.59,
2025-11-22,sl-champ-etb,218791,Normal,150.73,147.01,176.0,499.99,
2025-11-22,sl-cz-etb,453470,Normal,196.4,191.0,233.75,4999.99,
2025-11-22,sl-dr-box,624679,Normal,382.81,382.84,476.0,2185.0,
2025-11-22,sl-evs-box,242436,Normal,2522.98,2050.0,2999.99,12000.0,
2025-11-22,sl-evs-etb,243721,Normal,684.85,765.99,989.5,2999.99,
2025-11-22,sl-fs-box,247654,Normal,947.84,866.0,1099.99,3000.0,
2025-11-22,sl-hf-etb,194729,Normal,398.25,385.0,450.0,9999.98,
2025-11-22,sl-jp-151,565243,Normal,180.25,169.0,199.99,399.99,
2025-11-22,sl-jp-terastal,603428,Normal,107.96,103.75,119.99,200.0,
2025-11-22,sl-jt-box,610931,Normal,234.06,210.99,269.98,551.0,
2025-11-22,sl-lo-box,277324,Normal,701.62,660.0,861.94,2500.0,
2025-11-22,sl-me1-box,644298,Normal,251.92,239.99,309.89,7777.0,
2025-11-22,sl-obf-box,501257,Normal,290.18,270.0,360.0,1000.0,
2025-11-22,sl-pe-etb,593355,Normal,127.79,120.99,149.97,2000.0,
2025-11-22,sl-pe-spc,622770,Normal,267.44,265.7,325.0,880.0,
2025-11-22,sl-pf-etb,528040,Normal,231.18,244.95,280.0,775.0,
2025-11-22,sl-phf-box,654137,Normal,272.93,254.99,299.91,99999.0,
2025-11-22,sl-shf-etb,228821,Normal,99.33,95.0,114.99,499.99,
2025-11-22,sl-ss-box,565606,Normal,232.26,232.0,300.0,4999.99,
2025-11-22,sl-st-box,283389,Normal,438.53,435.0,555.0,9999.99,
2025-11-22,sl-tf-box,536225,Normal,282.66,265.0,325.0,779.99,
2025-11-22,sv2-185,497557,Normal,0.29,0.05,0.38,30.0,
2025-11-22,sv2-185,497557,Reverse Holofoil,0.99,0.25,0.9,6.99,
2025-11-22,sv2-254,497669,Holofoil,14.9,13.0,16.06,132.21,14.68
2025-11-22,sv2-269,497689,Holofoil,49.79,48.05,60.0,450.81,53.52
2025-11-22,sv3pt5-151,516566,Holofoil,6.67,4.0,8.0,100.0,8.03
2025-11-22,sv3pt5-199,517045,Holofoil,250.0,201.28,275.0,900.0,270.24
2025-11-22,sv3pt5-205,517051,Holofoil,14.11,11.0,17.71,126.09,16.82
2025-11-22,sv3pt5-4,502555,Normal,0.11,0.01,0.15,20.0,
2025-11-22,sv3pt5-4,502555,Reverse Holofoil,0.19,0.03,0.25,3.99,
2025-11-22,sv3pt5-6,502558,Holofoil,3.85,2.48,4.78,39.97,4.56
2025-11-22,sv3pt5-7,502548,Normal,0.06,0.01,0.15,18.0,0.06
2025-11-22,sv3pt5-7,502548,Reverse Holofoil,0.18,0.01,0.25,50.0,0.16
2025-11-22,sv4pt5-234,535090,Holofoil,268.34,230.0,280.42,2230.2,251.99
2025-11-22,sv4pt5-54,534416,Holofoil,3.74,2.0,3.96,60.0,4.95
2025-11-22,sv8-57,590025,Holofoil,4.09,3.0,5.07,25.0,4.24
2025-11-22,sv8pt5-149,610504,Holofoil,206.67,179.94,214.05,800.0,
2025-11-22,sv8pt5-155,610510,Holofoil,207.51,179.96,220.56,899.0,
2025-11-22,sv8pt5-156,610511,Holofoil,334.99,295.0,367.41,800.0,340.99
2025-11-22,sv8pt5-161,610516,Holofoil,1119.08,1019.99,1299.99,5000.0,1294.99
2025-11-22,sv8pt5-167,610522,Holofoil,123.02,106.98,123.02,300.0,
2025-11-22,sv8pt5-179,610534,Holofoil,40.74,38.99,46.84,366.57,
2025-11-22,sv8pt5-28,610383,Holofoil,1.14,0.3,1.29,9.99,1.29
2025-11-22,sv8pt5-47,610402,Normal,0.04,0.01,0.1,18.0,0.03
2025-11-22,sv8pt5-47,610402,Reverse Holofoil,0.11,0.01,0.13,20.0,0.05
2025-11-22,sv8pt5-59,610414,Holofoil,0.31,0.01,0.3,100.0,0.15
2025-11-22,sv8pt5-59,610414,Reverse Holofoil,0.34,0.09,0.38,25.0,0.25
2025-11-22,sv8pt5-60,610415,Holofoil,3.91,2.0,4.8,9999.0,5.61
2025-11-22,svp-085,518861,Normal,649.3,541.49,669.0,2500.0,629.0
2025-11-22,swsh11-186,284137,Holofoil,591.85,515.0,622.16,2000.0,593.99
2025-11-22,swsh12-186,451834,Holofoil,420.63,360.0,435.22,2000.0,397.98
2025-11-22,swsh12pt5gg-GG69,478100,Holofoil,199.05,179.56,218.61,671.52,214.99
2025-11-22,swsh35-25,223018,Normal,0.11,0.04,0.17,1.49,
2025-11-22,swsh35-25,223018,Reverse Holofoil,0.25,0.1,0.26,4321.0,
2025-11-22,swsh35-74,223073,Holofoil,168.31,150.0,199.99,1500.0,190.57
2025-11-22,swsh45sv-SV107,232496,Holofoil,134.8,120.0,150.12,349.95,149.31
2025-11-22,swsh7-204,246693,Holofoil,31.81,28.0,34.99,150.0,35.98
2025-11-22,swsh7-205,246696,Holofoil,376.73,294.99,420.0,564.9,304.99
2025-11-22,swsh7-208,246755,Holofoil,29.47,24.0,29.97,48.95,29.45
2025-11-22,swsh7-209,246756,Holofoil,298.84,240.0,329.01,499.97,276.96
2025-11-22,swsh7-211,246702,Holofoil,46.09,36.57,49.99,75.0,44.99
2025-11-22,swsh7-212,246704,Holofoil,407.74,350.0,407.74,1000.0,350.0
2025-11-22,swsh7-215,246723,Holofoil,2185.98,1500.0,2185.98,3426.52,1725.0
2025-11-22,swsh7-218,246733,Holofoil,704.76,575.0,750.0,1100.5,684.0
2025-11-22,swsh7-41,246753,Holofoil,5.68,3.5,6.0,25.0,8.55
2025-11-22,swsh7-65,246690,Holofoil,9.99,7.99,11.4,500.0,11.64
2025-11-22,swsh7-75,246701,Holofoil,13.01,9.86,13.92,104.4,12.96
2025-11-22,swsh7-8,246691,Holofoil,7.2,5.0,7.15,100.0,10.65
2025-11-22,swsh8-271,253266,Holofoil,753.12,580.01,806.68,1499.95,829.94
2025-11-22,swsh9-154,263873,Holofoil,327.38,230.0,349.03,1500.0,319.49
2025-11-23,base1-15,42355,Holofoil,116.95,73.0,114.99,300.0,
2025-11-23,base1-16,42356,Holofoil,37.58,22.31,37.06,9999.0,
2025-11-23,base1-2,42360,Holofoil,161.19,103.77,152.85,500.0,
2025-11-23,base1-4,42382,Holofoil,455.39,340.0,500.0,1000.0,
2025-11-23,base1-58,42402,Normal,3.88,0.4,2.5,9999.0,2.4
2025-11-23,cel25c-4,250320,Holofoil,137.83,100.0,165.28,981.9,149.97
2025-11-23,gym2-2,83861,1st Edition Holofoil,926.01,500.0,753.21,1099.99,
2025-11-23,gym2-2,83861,Unlimited Holofoil,508.76,350.0,499.99,629.48,483.4
2025-11-23,neo1-9,86903,1st Edition Holofoil,1799.99,1798.75,1849.88,2700.0,
2025-11-23,neo1-9,86903,Unlimited Holofoil,408.47,270.98,399.0,540.0,
2025-11-23,sl-151-bundle,502000,Normal,92.5,80.0,105.0,999.99,
2025-11-23,sl-151-etb,503313,Normal,382.3,364.99,465.0,1000.0,
2025-11-23,sl-151-upc,502005,Normal,577.32,579.99,750.0,40000.0,
2025-11-23,sl-ar-box,265519,Normal,408.95,400.0,489.0,9999.99,
2025-11-23,sl-bs-box,256141,Normal,415.14,455.99,600.0,9999.99,
2025-11-23,sl-cel-upc,245140,Normal,901.62,850.0,974.0,154722.59,
2025-11-23,sl-champ-etb,218791,Normal,150.37,150.0,179.5,499.99,
2025-11-23,sl-cz-etb,453470,Normal,196.44,191.0,233.75,4999.99,
2025-11-23,sl-dr-box,624679,Normal,385.97,382.84,476.0,9999.0,
2025-11-23,sl-evs-box,242436,Normal,2496.98,2230.0,3090.0,12000.0,
2025-11-23,sl-evs-etb,243721,Normal,684.85,765.99,999.0,2999.99,
2025-11-23,sl-fs-box,247654,Normal,947.84,866.0,1099.98,3000.0,
2025-11-23,sl-hf-etb,194729,Normal,398.04,385.0,450.0,9999.98,
2025-11-23,sl-jp-151,565243,Normal,180.48,169.0,199.99,399.99,
2025-11-23,sl-jp-terastal,603428,Normal,107.16,103.75,119.84,200.0,
2025-11-23,sl-jt-box,610931,Normal,234.06,240.0,270.0,551.0,
2025-11-23,sl-lo-box,277324,Normal,701.62,660.0,846.44,2500.0,
2025-11-23,sl-me1-box,644298,Normal,249.62,250.0,309.89,7777.0,
2025-11-23,sl-obf-box,501257,Normal,289.54,283.99,360.0,799.99,
2025-11-23,sl-pe-etb,593355,Normal,128.57,120.99,149.98,2000.0,
2025-11-23,sl-pe-spc,622770,Normal,269.03,265.7,325.0,880.0,
2025-11-23,sl-pf-etb,528040,Normal,234.26,240.0,282.5,775.0,
2025-11-23,sl-phf-box,654137,Normal,274.81,264.99,301.75,781.31,
2025-11-23,sl-shf-etb,228821,Normal,99.37,95.0,115.0,499.99,
2025-11-23,sl-ss-box,565606,Normal,233.28,232.0,300.0,4999.99,
2025-11-23,sl-st-box,283389,Normal,437.53,435.0,550.0,9999.99,
2025-11-23,sl-tf-box,536225,Normal,282.34,275.0,333.91,779.99,
2025-11-23,sv2-185,497557,Normal,0.33,0.19,0.39,30.0,
2025-11-23,sv2-185,497557,Reverse Holofoil,0.86,0.25,0.88,6.99,
2025-11-23,sv2-254,497669,Holofoil,14.82,13.0,16.0,132.21,14.68
2025-11-23,sv2-269,497689,Holofoil,49.79,45.0,59.84,448.83,53.67
2025-11-23,sv3pt5-151,516566,Holofoil,8.59,4.0,8.0,100.0,8.05
2025-11-23,sv3pt5-199,517045,Holofoil,247.6,201.28,275.0,900.0,270.24
2025-11-23,sv3pt5-205,517051,Holofoil,13.68,11.0,17.92,124.74,17.99
2025-11-23,sv3pt5-4,502555,Normal,0.1,0.01,0.15,20.0,
2025-11-23,sv3pt5-4,502555,Reverse Holofoil,0.2,0.03,0.25,3.99,
2025-11-23,sv3pt5-6,502558,Holofoil,4.64,2.0,4.78,39.97,6.96
2025-11-23,sv3pt5-7,502548,Normal,0.05,0.01,0.15,2.99,
2025-11-23,sv3pt5-7,502548,Reverse Holofoil,0.23,0.01,0.25,50.0,0.15
2025-11-23,sv4pt5-234,535090,Holofoil,268.34,230.0,280.0,2230.2,251.99
2025-11-23,sv4pt5-54,534416,Holofoil,3.67,2.0,3.96,60.0,5.5
2025-11-23,sv8-57,590025,Holofoil,4.49,3.0,5.06,25.0,5.6
2025-11-23,sv8pt5-149,610504,Holofoil,206.67,179.94,211.73,800.0,
2025-11-23,sv8pt5-155,610510,Holofoil,205.89,188.53,222.93,899.0,
2025-11-23,sv8pt5-156,610511,Holofoil,334.99,297.02,370.7,800.0,340.98
2025-11-23,sv8pt5-161,610516,Holofoil,1119.08,1000.0,1299.0,5000.0,1294.99
2025-11-23,sv8pt5-167,610522,Holofoil,123.02,106.98,125.0,300.0,
2025-11-23,sv8pt5-179,610534,Holofoil,40.55,39.58,47.86,365.22,
2025-11-23,sv8pt5-28,610383,Holofoil,1.2,0.2,1.27,9.95,
2025-11-23,sv8pt5-47,610402,Normal,0.04,0.01,0.1,2.0,0.03
2025-11-23,sv8pt5-47,610402,Reverse Holofoil,0.11,0.01,0.13,20.0,0.05
2025-11-23,sv8pt5-59,610414,Holofoil,0.21,0.01,0.29,100.0,0.15
2025-11-23,sv8pt5-59,610414,Reverse Holofoil,0.33,0.09,0.37,25.0,0.25
2025-11-23,sv8pt5-60,610415,Holofoil,4.02,2.68,4.8,9999.0,4.02
2025-11-23,svp-085,518861,Normal,649.3,548.8,669.0,2500.0,629.0
2025-11-23,swsh11-186,284137,Holofoil,591.85,500.0,622.16,2000.0,593.99
2025-11-23,swsh12-186,451834,Holofoil,418.75,360.0,430.44,2000.0,397.98
2025-11-23,swsh12pt5gg-GG69,478100,Holofoil,199.05,183.0,218.95,671.52,214.99
2025-11-23,swsh35-25,223018,Normal,0.11,0.04,0.17,1.49,
2025-11-23,swsh35-25,223018,Reverse Holofoil,0.25,0.1,0.26,4321.0,
2025-11-23,swsh35-74,223073,Holofoil,168.31,150.0,199.69,1500.0,188.66
2025-11-23,swsh45sv-SV107,232496,Holofoil,134.06,121.5,150.12,349.95,149.31
2025-11-23,swsh7-204,246693,Holofoil,32.03,28.0,35.23,150.0,35.98
2025-11-23,swsh7-205,246696,Holofoil,376.73,294.99,406.87,564.9,304.99
2025-11-23,swsh7-208,246755,Holofoil,29.47,24.0,29.58,48.95,29.45
2025-11-23,swsh7-209,246756,Holofoil,298.84,240.0,321.89,499.97,276.96
2025-11-23,swsh7-211,246702,Holofoil,45.48,36.57,50.0,75.0,44.99
2025-11-23,swsh7-212,246704,Holofoil,407.74,350.0,407.74,1000.0,350.0
2025-11-23,swsh7-215,246723,Holofoil,2177.98,1500.0,2185.98,3426.52,1725.0
2025-11-23,swsh7-218,246733,Holofoil,704.76,560.0,727.38,1100.5,684.0
2025-11-23,swsh7-41,246753,Holofoil,5.64,3.19,6.01,25.0,5.0
2025-11-23,swsh7-65,246690,Holofoil,9.99,7.99,11.32,500.0,9.25
2025-11-23,swsh7-75,246701,Holofoil,13.33,9.86,13.99,104.4,17.95
2025-11-23,swsh7-8,246691,Holofoil,7.2,5.0,7.2,100.0,6.0
2025-11-23,swsh8-271,253266,Holofoil,753.12,580.01,806.68,1499.95,829.93
2025-11-23,swsh9-154,263873,Holofoil,322.21,230.0,347.02,1500.0,319.49
2025-11-24,base1-15,42355,Holofoil,116.95,73.0,102.96,300.0,
2025-11-24,base1-16,42356,Holofoil,37.58,22.31,37.06,9999.0,
2025-11-24,base1-2,42360,Holofoil,160.69,100.0,149.99,500.0,
2025-11-24,base1-4,42382,Holofoil,455.39,340.0,454.93,1000.0,
2025-11-24,base1-58,42402,Normal,3.91,0.4,2.5,9999.0,2.4
2025-11-24,cel25c-4,250320,Holofoil,138.47,100.0,158.5,979.74,149.97
2025-11-24,gym2-2,83861,1st Edition Holofoil,926.01,500.0,753.21,1099.99,
2025-11-24,gym2-2,83861,Unlimited Holofoil,508.76,349.13,499.99,629.48,483.4
2025-11-24,neo1-9,86903,1st Edition Holofoil,1799.99,1798.75,1849.88,2700.0,
2025-11-24,neo1-9,86903,Unlimited Holofoil,408.47,270.98,399.0,540.0,
2025-11-24,sl-151-bundle,502000,Normal,93.0,84.99,104.97,999.99,
2025-11-24,sl-151-etb,503313,Normal,379.02,369.99,465.0,1000.0,
2025-11-24,sl-151-upc,502005,Normal,568.92,579.99,749.99,40000.0,
2025-11-24,sl-ar-box,265519,Normal,408.95,400.0,487.35,9999.99,
2025-11-24,sl-bs-box,256141,Normal,413.82,465.98,627.99,9999.99,
2025-11-24,sl-cel-upc,245140,Normal,901.62,845.0,950.0,154722.59,
2025-11-24,sl-champ-etb,218791,Normal,150.37,142.0,179.0,499.99,
2025-11-24,sl-cz-etb,453470,Normal,196.92,191.0,233.86,4999.99,
2025-11-24,sl-dr-box,624679,Normal,386.29,382.84,465.0,9999.0,
2025-11-24,sl-evs-box,242436,Normal,2496.98,2239.99,2999.98,12000.0,
2025-11-24,sl-evs-etb,243721,Normal,684.85,765.99,989.5,2999.99,
2025-11-24,sl-fs-box,247654,Normal,942.68,866.0,1100.0,3000.0,
2025-11-24,sl-hf-etb,194729,Normal,398.04,385.0,450.0,9999.98,
2025-11-24,sl-jp-151,565243,Normal,180.05,166.5,199.99,399.99,
2025-11-24,sl-jp-terastal,603428,Normal,107.18,103.75,120.0,200.0,
2025-11-24,sl-jt-box,610931,Normal,233.82,239.95,269.99,551.0,
2025-11-24,sl-lo-box,277324,Normal,692.14,656.98,800.0,2500.0,
2025-11-24,sl-me1-box,644298,Normal,251.7,250.0,309.89,7777.0,
2025-11-24,sl-obf-box,501257,Normal,289.54,281.5,361.87,799.99,
2025-11-24,sl-pe-etb,593355,Normal,126.73,114.59,147.39,2000.0,
2025-11-24,sl-pe-spc,622770,Normal,270.83,265.7,325.0,880.0,
2025-11-24,sl-pf-etb,528040,Normal,237.58,240.0,280.0,450.0,
2025-11-24,sl-phf-box,654137,Normal,271.17,259.99,300.0,781.31,
2025-11-24,sl-shf-etb,228821,Normal,99.27,95.0,114.99,499.99,
2025-11-24,sl-ss-box,565606,Normal,230.47,227.36,300.0,4999.99,
2025-11-24,sl-st-box,283389,Normal,437.53,435.0,549.99,9999.99,
2025-11-24,sl-tf-box,536225,Normal,282.34,275.0,330.0,499.99,
2025-11-24,sv2-185,497557,Normal,0.29,0.22,0.39,30.0,
2025-11-24,sv2-185,497557,Reverse Holofoil,0.86,0.25,0.84,6.99,
2025-11-24,sv2-254,497669,Holofoil,14.9,13.0,16.0,131.58,14.61
2025-11-24,sv2-269,497689,Holofoil,49.63,44.0,59.42,448.83,48.64
2025-11-24,sv3pt5-151,516566,Holofoil,8.3,4.0,8.05,100.0,8.05
2025-11-24,sv3pt5-199,517045,Holofoil,249.3,200.0,269.15,900.0,243.0
2025-11-24,sv3pt5-205,517051,Holofoil,13.8,11.0,17.96,124.38,17.98
2025-11-24,sv3pt5-4,502555,Normal,0.11,0.01,0.15,20.0,
2025-11-24,sv3pt5-4,502555,Reverse Holofoil,0.22,0.03,0.25,3.99,
2025-11-24,sv3pt5-6,502558,Holofoil,4.76,2.48,4.95,39.97,6.96
2025-11-24,sv3pt5-7,502548,Normal,0.06,0.01,0.15,2.01,
2025-11-24,sv3pt5-7,502548,Reverse Holofoil,0.26,0.01,0.25,50.0,0.15
2025-11-24,sv4pt5-234,535090,Holofoil,267.86,230.0,278.28,2221.74,274.69
2025-11-24,sv4pt5-54,534416,Holofoil,3.53,2.0,3.99,60.0,3.53
2025-11-24,sv8-57,590025,Holofoil,4.54,3.0,5.17,25.0,6.0
2025-11-24,sv8pt5-149,610504,Holofoil,204.96,179.94,213.18,800.0,
2025-11-24,sv8pt5-155,610510,Holofoil,203.7,189.25,220.0,899.0,
2025-11-24,sv8pt5-156,610511,Holofoil,334.99,297.02,368.49,800.0,334.99
2025-11-24,sv8pt5-161,610516,Holofoil,1119.08,1000.0,1299.0,5000.0,1294.99
2025-11-24,sv8pt5-167,610522,Holofoil,123.02,106.5,123.02,260.0,
2025-11-24,sv8pt5-179,610534,Holofoil,40.58,39.01,48.66,365.22,
2025-11-24,sv8pt5-28,610383,Holofoil,1.15,0.37,1.27,9.95,
2025-11-24,sv8pt5-47,610402,Normal,0.05,0.01,0.1,2.0,0.03
2025-11-24,sv8pt5-47,610402,Reverse Holofoil,0.12,0.01,0.13,20.0,0.05
2025-11-24,sv8pt5-59,610414,Holofoil,0.32,0.01,0.3,100.0,0.15
2025-11-24,sv8pt5-59,610414,Reverse Holofoil,0.43,0.09,0.39,25.0,0.25
2025-11-24,sv8pt5-60,610415,Holofoil,3.78,2.8,4.86,9999.0,
2025-11-24,svp-085,518861,Normal,649.3,547.0,652.65,2500.0,629.0
2025-11-24,swsh11-186,284137,Holofoil,591.85,515.0,627.36,2000.0,593.99
2025-11-24,swsh12-186,451834,Holofoil,414.99,360.0,426.5,2000.0,397.98
2025-11-24,swsh12pt5gg-GG69,478100,Holofoil,199.05,183.0,216.0,671.52,214.99
2025-11-24,swsh35-25,223018,Normal,0.11,0.04,0.17,2.0,
2025-11-24,swsh35-25,223018,Reverse Holofoil,0.25,0.1,0.26,4321.0,
2025-11-24,swsh35-74,223073,Holofoil,175.03,150.0,199.99,1500.0,185.98
2025-11-24,swsh45sv-SV107,232496,Holofoil,132.13,119.49,149.25,349.95,129.49
2025-11-24,swsh7-204,246693,Holofoil,32.21,28.0,35.52,150.0,35.98
2025-11-24,swsh7-205,246696,Holofoil,376.73,294.99,413.44,564.9,304.99
2025-11-24,swsh7-208,246755,Holofoil,29.1,24.0,29.5,48.95,28.52
2025-11-24,swsh7-209,246756,Holofoil,298.4,240.0,321.89,499.97,276.96
2025-11-24,swsh7-211,246702,Holofoil,45.46,36.57,50.0,75.0,43.49
2025-11-24,swsh7-212,246704,Holofoil,407.74,350.0,407.74,1000.0,265.99
2025-11-24,swsh7-215,246723,Holofoil,2177.98,1500.0,2181.98,3426.52,1899.99
2025-11-24,swsh7-218,246733,Holofoil,703.38,560.0,704.76,1100.5,759.98
2025-11-24,swsh7-41,246753,Holofoil,5.46,3.14,6.0,24.97,5.0
2025-11-24,swsh7-65,246690,Holofoil,9.77,6.95,11.21,500.0,9.25
2025-11-24,swsh7-75,246701,Holofoil,13.37,9.86,13.99,104.4,17.95
2025-11-24,swsh7-8,246691,Holofoil,7.04,5.0,7.16,100.0,6.0
2025-11-24,swsh8-271,253266,Holofoil,753.12,580.01,795.76,1499.95,769.99
2025-11-24,swsh9-154,263873,Holofoil,322.21,230.0,340.0,1500.0,253.95
2025-11-25,base1-15,42355,Holofoil,116.95,74.31,101.48,300.0,
2025-11-25,base1-16,42356,Holofoil,37.58,22.31,36.55,9999.0,
2025-11-25,base1-2,42360,Holofoil,161.19,99.99,148.05,500.0,
2025-11-25,base1-4,42382,Holofoil,455.39,345.51,454.93,1000.0,
2025-11-25,base1-58,42402,Normal,3.92,0.5,2.75,9999.0,2.4
2025-11-25,cel25c-4,250320,Holofoil,138.47,100.0,149.97,979.74,133.99
2025-11-25,gym2-2,83861,1st Edition Holofoil,926.01,500.0,799.01,1099.99,
2025-11-25,gym2-2,83861,Unlimited Holofoil,508.76,349.13,499.99,629.48,483.4
2025-11-25,neo1-9,86903,1st Edition Holofoil,1799.99,1798.75,1800.0,2700.0,
2025-11-25,neo1-9,86903,Unlimited Holofoil,408.47,270.98,397.0,540.0,
2025-11-25,sl-151-bundle,502000,Normal,97.13,84.99,104.49,999.99,
2025-11-25,sl-151-etb,503313,Normal,379.02,360.0,420.0,1000.0,
2025-11-25,sl-151-upc,502005,Normal,568.92,578.99,700.0,40000.0,
2025-11-25,sl-ar-box,265519,Normal,408.95,385.01,482.85,9999.99,
2025-11-25,sl-bs-box,256141,Normal,429.22,460.0,627.99,9999.99,
2025-11-25,sl-cel-upc,245140,Normal,890.94,834.0,962.0,154722.59,
2025-11-25,sl-champ-etb,218791,Normal,150.37,141.99,177.5,499.99,
2025-11-25,sl-cz-etb,453470,Normal,197.68,191.0,233.75,4999.99,
2025-11-25,sl-dr-box,624679,Normal,386.46,364.5,450.0,9999.0,
2025-11-25,sl-evs-box,242436,Normal,2522.98,2090.99,2874.5,12000.0,
2025-11-25,sl-evs-etb,243721,Normal,684.85,756.0,989.5,2999.99,
2025-11-25,sl-fs-box,247654,Normal,942.68,866.0,1100.0,3000.0,
2025-11-25,sl-hf-etb,194729,Normal,397.13,385.0,450.0,9999.98,
2025-11-25,sl-jp-151,565243,Normal,180.13,165.0,199.99,399.99,
2025-11-25,sl-jp-terastal,603428,Normal,106.81,103.75,119.99,200.0,
2025-11-25,sl-jt-box,610931,Normal,233.7,234.96,269.93,551.0,
2025-11-25,sl-lo-box,277324,Normal,692.14,656.98,800.0,2500.0,
2025-11-25,sl-me1-box,644298,Normal,251.7,250.0,306.68,7777.0,
2025-11-25,sl-obf-box,501257,Normal,286.04,280.99,350.0,799.99,
2025-11-25,sl-pe-etb,593355,Normal,125.92,120.0,144.76,2000.0,
2025-11-25,sl-pe-spc,622770,Normal,273.81,259.0,325.0,880.0,
2025-11-25,sl-pf-etb,528040,Normal,238.98,239.0,289.99,450.0,
2025-11-25,sl-phf-box,654137,Normal,263.01,252.98,298.43,781.31,
2025-11-25,sl-shf-etb,228821,Normal,98.87,95.0,115.0,499.99,
2025-11-25,sl-ss-box,565606,Normal,237.07,227.36,300.0,4999.99,
2025-11-25,sl-st-box,283389,Normal,437.53,435.0,549.99,9999.99,
2025-11-25,sl-tf-box,536225,Normal,282.82,269.0,333.91,499.99,
2025-11-25,sv2-185,497557,Normal,0.36,0.18,0.39,30.0,
2025-11-25,sv2-185,497557,Reverse Holofoil,0.8,0.25,0.84,6.99,
2025-11-25,sv2-254,497669,Holofoil,15.25,12.49,16.0,132.21,14.69
2025-11-25,sv2-269,497689,Holofoil,49.87,44.0,56.66,448.83,53.4
2025-11-25,sv3pt5-151,516566,Holofoil,9.09,5.25,8.07,100.0,8.05
2025-11-25,sv3pt5-199,517045,Holofoil,242.17,209.65,269.89,900.0,274.99
2025-11-25,sv3pt5-205,517051,Holofoil,14.57,11.99,17.88,126.9,17.95
2025-11-25,sv3pt5-4,502555,Normal,0.11,0.01,0.15,20.0,
2025-11-25,sv3pt5-4,502555,Reverse Holofoil,0.24,0.03,0.25,3.99,
2025-11-25,sv3pt5-6,502558,Holofoil,4.92,2.5,4.97,39.97,8.38
2025-11-25,sv3pt5-7,502548,Normal,0.07,0.01,0.15,2.01,
2025-11-25,sv3pt5-7,502548,Reverse Holofoil,0.21,0.01,0.25,50.0,0.15
2025-11-25,sv4pt5-234,535090,Holofoil,267.01,229.99,278.28,2221.74,274.68
2025-11-25,sv4pt5-54,534416,Holofoil,3.55,2.0,3.86,60.0,4.5
2025-11-25,sv8-57,590025,Holofoil,4.66,3.0,5.13,999.0,4.86
2025-11-25,sv8pt5-149,610504,Holofoil,204.96,179.94,212.51,800.0,
2025-11-25,sv8pt5-155,610510,Holofoil,202.1,189.25,218.88,899.0,
2025-11-25,sv8pt5-156,610511,Holofoil,334.99,296.61,371.06,800.0,340.95
2025-11-25,sv8pt5-161,610516,Holofoil,1119.08,1000.0,1299.0,5000.0,1294.99
2025-11-25,sv8pt5-167,610522,Holofoil,122.54,105.0,122.98,260.0,
2025-11-25,sv8pt5-179,610534,Holofoil,40.27,38.5,47.87,367.11,
2025-11-25,sv8pt5-28,610383,Holofoil,1.18,0.37,1.26,9.95,
2025-11-25,sv8pt5-47,610402,Normal,0.05,0.01,0.1,2.0,0.03
2025-11-25,sv8pt5-47,610402,Reverse Holofoil,0.11,0.01,0.12,20.0,0.05
2025-11-25,sv8pt5-59,610414,Holofoil,0.23,0.01,0.29,100.0,0.15
2025-11-25,sv8pt5-59,610414,Reverse Holofoil,0.47,0.09,0.4,25.0,0.25
2025-11-25,sv8pt5-60,610415,Holofoil,3.66,2.99,4.8,9999.0,
2025-11-25,svp-085,518861,Normal,649.3,547.0,652.65,2500.0,629.0
2025-11-25,swsh11-186,284137,Holofoil,591.85,515.0,626.18,2000.0,593.99
2025-11-25,swsh12-186,451834,Holofoil,409.64,368.7,418.75,2000.0,397.95
2025-11-25,swsh12pt5gg-GG69,478100,Holofoil,195.82,179.99,214.99,671.52,214.99
2025-11-25,swsh35-25,223018,Normal,0.11,0.04,0.17,1.49,
2025-11-25,swsh35-25,223018,Reverse Holofoil,0.25,0.1,0.26,4321.0,
2025-11-25,swsh35-74,223073,Holofoil,175.03,150.0,199.69,1500.0,183.98
2025-11-25,swsh45sv-SV107,232496,Holofoil,129.82,113.66,147.6,349.95,129.49
2025-11-25,swsh7-204,246693,Holofoil,31.89,27.99,34.99,150.0,35.98
2025-11-25,swsh7-205,246696,Holofoil,376.73,289.73,420.98,564.9,304.99
2025-11-25,swsh7-208,246755,Holofoil,28.98,24.0,29.99,48.95,29.99
2025-11-25,swsh7-209,246756,Holofoil,300.36,235.0,311.8,499.97,274.3
2025-11-25,swsh7-211,246702,Holofoil,45.42,36.5,50.0,75.0,43.49
2025-11-25,swsh7-212,246704,Holofoil,408.14,350.0,407.94,1000.0,265.99
2025-11-25,swsh7-215,246723,Holofoil,2177.98,1500.0,2177.98,3426.52,1899.99
2025-11-25,swsh7-218,246733,Holofoil,703.38,530.0,714.88,1100.5,724.99
2025-11-25,swsh7-41,246753,Holofoil,5.55,3.09,6.0,24.97,5.0
2025-11-25,swsh7-65,246690,Holofoil,9.8,6.95,11.0,500.0,9.25
2025-11-25,swsh7-75,246701,Holofoil,13.77,9.86,13.99,104.4,17.99
2025-11-25,swsh7-8,246691,Holofoil,7.01,5.0,7.19,100.0,6.0
2025-11-25,swsh8-271,253266,Holofoil,754.08,580.01,751.56,1499.95,730.0
2025-11-25,swsh9-154,263873,Holofoil,322.21,230.0,338.67,1500.0,253.95
2025-11-26,base1-15,42355,Holofoil,117.15,74.31,102.96,300.0,
2025-11-26,base1-16,42356,Holofoil,37.64,22.31,35.95,9999.0,
2025-11-26,base1-2,42360,Holofoil,161.19,99.99,145.72,500.0,
2025-11-26,base1-4,42382,Holofoil,457.16,345.51,452.46,1000.0,
2025-11-26,base1-58,42402,Normal,4.02,0.5,2.66,9999.0,2.4
2025-11-26,cel25c-4,250320,Holofoil,138.47,95.0,145.69,979.74,133.99
2025-11-26,gym2-2,83861,1st Edition Holofoil,926.01,500.0,799.01,1099.99,
2025-11-26,gym2-2,83861,Unlimited Holofoil,508.76,349.13,499.97,629.48,483.4
2025-11-26,neo1-9,86903,1st Edition Holofoil,1799.99,1798.75,1800.0,2700.0,
2025-11-26,neo1-9,86903,Unlimited Holofoil,408.47,295.8,399.5,540.0,
2025-11-26,sl-151-bundle,502000,Normal,97.21,84.99,105.0,999.99,
2025-11-26,sl-151-etb,503313,Normal,377.63,360.0,420.0,1000.0,
2025-11-26,sl-151-upc,502005,Normal,568.27,569.0,699.97,40000.0,
2025-11-26,sl-ar-box,265519,Normal,408.57,385.01,487.35,9999.99,
2025-11-26,sl-bs-box,256141,Normal,429.42,460.0,600.0,9999.99,
2025-11-26,sl-cel-upc,245140,Normal,890.94,834.0,950.0,154722.59,
2025-11-26,sl-champ-etb,218791,Normal,150.31,142.0,177.5,499.99,
2025-11-26,sl-cz-etb,453470,Normal,197.68,191.0,233.75,4999.99,
2025-11-26,sl-dr-box,624679,Normal,377.05,369.99,450.0,9999.0,
2025-11-26,sl-evs-box,242436,Normal,2498.62,2105.0,2999.49,12000.0,
2025-11-26,sl-evs-etb,243721,Normal,684.85,756.0,989.5,2999.99,
2025-11-26,sl-fs-box,247654,Normal,935.8,866.0,1100.0,3000.0,
2025-11-26,sl-hf-etb,194729,Normal,397.13,385.0,499.95,9999.98,
2025-11-26,sl-jp-151,565243,Normal,179.83,165.0,200.0,399.99,
2025-11-26,sl-jp-terastal,603428,Normal,106.06,103.75,119.99,200.0,
2025-11-26,sl-jt-box,610931,Normal,233.34,234.99,260.0,551.0,
2025-11-26,sl-lo-box,277324,Normal,684.18,660.0,822.0,2500.0,
2025-11-26,sl-me1-box,644298,Normal,252.67,250.0,309.89,7777.0,
2025-11-26,sl-obf-box,501257,Normal,285.97,289.99,360.94,1000.0,
2025-11-26,sl-pe-etb,593355,Normal,122.91,115.0,145.0,2000.0,
2025-11-26,sl-pe-spc,622770,Normal,273.42,262.01,322.99,880.0,
2025-11-26,sl-pf-etb,528040,Normal,238.98,236.0,287.5,775.0,
2025-11-26,sl-phf-box,654137,Normal,271.48,265.0,299.95,781.31,
2025-11-26,sl-shf-etb,228821,Normal,99.29,95.0,114.35,499.99,
2025-11-26,sl-ss-box,565606,Normal,237.12,227.36,300.0,4999.99,
2025-11-26,sl-st-box,283389,Normal,436.65,435.0,550.0,9999.99,
2025-11-26,sl-tf-box,536225,Normal,282.82,269.0,337.82,779.99,
2025-11-26,sv2-185,497557,Normal,0.32,0.18,0.4,30.0,
2025-11-26,sv2-185,497557,Reverse Holofoil,0.8,0.25,0.8,6.99,
2025-11-26,sv2-254,497669,Holofoil,14.89,12.52,16.0,131.4,19.54
2025-11-26,sv2-269,497689,Holofoil,49.12,43.99,57.99,447.57,52.99
2025-11-26,sv3pt5-151,516566,Holofoil,7.9,5.25,8.34,100.0,14.99
2025-11-26,sv3pt5-199,517045,Holofoil,237.66,205.0,260.4,900.0,249.99
2025-11-26,sv3pt5-205,517051,Holofoil,14.91,11.99,17.82,132.3,17.95
2025-11-26,sv3pt5-4,502555,Normal,0.12,0.01,0.15,20.0,
2025-11-26,sv3pt5-4,502555,Reverse Holofoil,0.24,0.03,0.25,3.99,
2025-11-26,sv3pt5-6,502558,Holofoil,5.1,2.5,5.0,39.97,6.97
2025-11-26,sv3pt5-7,502548,Normal,0.08,0.01,0.15,2.01,0.06
2025-11-26,sv3pt5-7,502548,Reverse Holofoil,0.18,0.01,0.25,50.0,0.15
2025-11-26,sv4pt5-234,535090,Holofoil,265.26,229.99,278.28,2216.34,274.5
2025-11-26,sv4pt5-54,534416,Holofoil,3.83,2.0,3.93,60.0,5.08
2025-11-26,sv8-57,590025,Holofoil,3.96,2.32,5.0,25.0,5.29
2025-11-26,sv8pt5-149,610504,Holofoil,204.96,178.75,209.99,800.0,
2025-11-26,sv8pt5-155,610510,Holofoil,198.72,189.25,219.75,899.0,
2025-11-26,sv8pt5-156,610511,Holofoil,332.74,294.05,361.39,800.0,340.94
2025-11-26,sv8pt5-161,610516,Holofoil,1111.08,995.01,1250.0,5000.0,1249.99
2025-11-26,sv8pt5-167,610522,Holofoil,122.54,105.0,122.93,300.0,
2025-11-26,sv8pt5-179,610534,Holofoil,39.93,38.64,48.0,360.09,
2025-11-26,sv8pt5-28,610383,Holofoil,1.39,0.36,1.29,9.9,
2025-11-26,sv8pt5-47,610402,Normal,0.05,0.01,0.1,2.0,0.03
2025-11-26,sv8pt5-47,610402,Reverse Holofoil,0.11,0.01,0.12,20.0,0.05
2025-11-26,sv8pt5-59,610414,Holofoil,0.23,0.01,0.28,100.0,0.15
2025-11-26,sv8pt5-59,610414,Reverse Holofoil,0.5,0.09,0.41,25.0,0.25
2025-11-26,sv8pt5-60,610415,Holofoil,3.78,3.0,4.85,9999.0,4.02
2025-11-26,svp-085,518861,Normal,649.3,545.0,650.49,2500.0,629.0
2025-11-26,swsh11-186,284137,Holofoil,591.85,515.0,624.99,2000.0,593.95
2025-11-26,swsh12-186,451834,Holofoil,400.87,367.0,418.75,2000.0,397.95
2025-11-26,swsh12pt5gg-GG69,478100,Holofoil,194.86,178.16,214.5,671.52,195.82
2025-11-26,swsh35-25,223018,Normal,0.11,0.04,0.17,1.49,
2025-11-26,swsh35-25,223018,Reverse Holofoil,0.25,0.1,0.26,4321.0,
2025-11-26,swsh35-74,223073,Holofoil,170.91,150.0,199.13,1500.0,183.97
2025-11-26,swsh45sv-SV107,232496,Holofoil,129.06,113.66,144.9,349.95,129.49
2025-11-26,swsh7-204,246693,Holofoil,31.89,27.99,34.9,150.0,34.9
2025-11-26,swsh7-205,246696,Holofoil,374.65,289.73,421.95,561.75,304.99
2025-11-26,swsh7-208,246755,Holofoil,28.98,23.88,30.0,48.95,29.99
2025-11-26,swsh7-209,246756,Holofoil,300.36,235.0,323.97,499.97,274.3
2025-11-26,swsh7-211,246702,Holofoil,45.42,36.5,50.0,75.0,49.99
2025-11-26,swsh7-212,246704,Holofoil,406.42,350.0,408.49,1000.0,265.99
2025-11-26,swsh7-215,246723,Holofoil,2177.98,1500.0,2177.98,3426.52,1899.99
2025-11-26,swsh7-218,246733,Holofoil,700.85,530.0,724.99,1100.5,724.98
2025-11-26,swsh7-41,246753,Holofoil,5.21,3.09,5.85,99.0,5.0
2025-11-26,swsh7-65,246690,Holofoil,9.65,7.0,11.27,500.0,12.21
2025-11-26,swsh7-75,246701,Holofoil,13.81,9.54,13.99,70.0,17.99
2025-11-26,swsh7-8,246691,Holofoil,6.96,5.0,7.18,100.0,6.0
2025-11-26,swsh8-271,253266,Holofoil,751.92,580.01,751.88,1499.95,724.99
2025-11-26,swsh9-154,263873,Holofoil,322.21,225.99,331.75,1500.0,253.95
2025-11-27,base1-15,42355,Holofoil,117.38,74.31,99.92,300.0,
2025-11-27,base1-16,42356,Holofoil,37.76,17.99,35.95,9999.0,37.98
2025-11-27,base1-2,42360,Holofoil,160.38,99.0,143.88,500.0,
2025-11-27,base1-4,42382,Holofoil,455.39,350.0,470.44,1000.0,
2025-11-27,base1-58,42402,Normal,3.87,0.5,2.81,9999.0,2.4
2025-11-27,cel25c-4,250320,Holofoil,138.47,94.99,145.0,4321.0,133.99
2025-11-27,gym2-2,83861,1st Edition Holofoil,926.01,500.0,799.01,1099.99,
2025-11-27,gym2-2,83861,Unlimited Holofoil,508.76,349.13,499.97,629.48,396.22
2025-11-27,neo1-9,86903,1st Edition Holofoil,1799.99,1798.75,1800.0,2700.0,
2025-11-27,neo1-9,86903,Unlimited Holofoil,408.47,295.8,399.5,540.0,
2025-11-27,sl-151-bundle,502000,Normal,95.87,84.99,105.0,999.99,
2025-11-27,sl-151-etb,503313,Normal,375.06,360.0,425.0,1000.0,
2025-11-27,sl-151-upc,502005,Normal,567.99,569.0,695.0,40000.0,
2025-11-27,sl-ar-box,265519,Normal,408.57,385.01,480.0,9999.99,
2025-11-27,sl-bs-box,256141,Normal,428.06,480.0,600.0,9999.99,
2025-11-27,sl-cel-upc,245140,Normal,890.94,834.0,949.99,154722.59,
2025-11-27,sl-champ-etb,218791,Normal,150.79,138.0,176.0,500.0,
2025-11-27,sl-cz-etb,453470,Normal,198.12,194.34,233.86,4999.99,
2025-11-27,sl-dr-box,624679,Normal,366.93,350.98,449.95,2185.0,
2025-11-27,sl-evs-box,242436,Normal,2448.86,2150.0,2999.98,12000.0,
2025-11-27,sl-evs-etb,243721,Normal,684.85,756.0,889.99,2999.99,
2025-11-27,sl-fs-box,247654,Normal,935.8,866.0,1099.99,3000.0,
2025-11-27,sl-hf-etb,194729,Normal,397.13,385.0,499.95,9999.98,
2025-11-27,sl-jp-151,565243,Normal,179.8,179.79,200.0,399.99,
2025-11-27,sl-jp-terastal,603428,Normal,105.85,103.75,119.99,200.0,
2025-11-27,sl-jt-box,610931,Normal,233.34,234.99,259.0,551.0,
2025-11-27,sl-lo-box,277324,Normal,670.22,650.0,800.0,2500.0,
2025-11-27,sl-me1-box,644298,Normal,253.95,250.0,309.87,7777.0,
2025-11-27,sl-obf-box,501257,Normal,285.97,289.99,355.0,1000.0,
2025-11-27,sl-pe-etb,593355,Normal,122.05,115.0,145.0,2000.0,
2025-11-27,sl-pe-spc,622770,Normal,272.25,261.51,325.0,880.0,
2025-11-27,sl-pf-etb,528040,Normal,239.99,236.0,289.99,775.0,
2025-11-27,sl-phf-box,654137,Normal,274.15,260.0,296.99,781.31,
2025-11-27,sl-shf-etb,228821,Normal,99.5,95.0,110.0,499.99,
2025-11-27,sl-ss-box,565606,Normal,235.66,230.0,300.0,4999.99,
2025-11-27,sl-st-box,283389,Normal,435.45,435.0,549.99,9999.99,
2025-11-27,sl-tf-box,536225,Normal,282.82,269.0,308.98,779.99,
2025-11-27,sv2-185,497557,Normal,0.33,0.22,0.4,30.0,0.36
2025-11-27,sv2-185,497557,Reverse Holofoil,0.77,0.25,0.8,6.99,
2025-11-27,sv2-254,497669,Holofoil,14.97,12.52,16.0,131.58,19.29
2025-11-27,sv2-269,497689,Holofoil,49.05,43.99,56.99,4321.0,52.99
2025-11-27,sv3pt5-151,516566,Holofoil,8.18,5.25,8.06,4321.0,8.0
2025-11-27,sv3pt5-199,517045,Holofoil,237.15,205.0,252.5,900.0,271.88
2025-11-27,sv3pt5-205,517051,Holofoil,14.97,11.99,17.71,4321.0,17.99
2025-11-27,sv3pt5-4,502555,Normal,0.11,0.01,0.15,20.0,
2025-11-27,sv3pt5-4,502555,Reverse Holofoil,0.22,0.03,0.25,3.99,
2025-11-27,sv3pt5-6,502558,Holofoil,4.42,2.5,4.99,4321.0,10.99
2025-11-27,sv3pt5-7,502548,Normal,0.08,0.01,0.15,2.01,
2025-11-27,sv3pt5-7,502548,Reverse Holofoil,0.16,0.01,0.25,50.0,0.15
2025-11-27,sv4pt5-234,535090,Holofoil,265.26,229.99,276.47,2216.34,251.99
2025-11-27,sv4pt5-54,534416,Holofoil,4.16,2.0,4.0,4321.0,5.92
2025-11-27,sv8-57,590025,Holofoil,4.29,2.5,5.0,4321.0,4.5
2025-11-27,sv8pt5-149,610504,Holofoil,194.77,178.75,209.43,800.0,
2025-11-27,sv8pt5-155,610510,Holofoil,198.25,189.25,220.0,899.0,
2025-11-27,sv8pt5-156,610511,Holofoil,330.8,294.05,352.56,800.0,340.95
2025-11-27,sv8pt5-161,610516,Holofoil,1104.6,989.99,1249.99,5000.0,1249.99
2025-11-27,sv8pt5-167,610522,Holofoil,121.61,105.0,123.53,300.0,124.33
2025-11-27,sv8pt5-179,610534,Holofoil,39.99,39.46,47.87,359.37,
2025-11-27,sv8pt5-28,610383,Holofoil,1.32,0.34,1.35,4321.0,1.68
2025-11-27,sv8pt5-47,610402,Normal,0.04,0.01,0.1,2.0,0.02
2025-11-27,sv8pt5-47,610402,Reverse Holofoil,0.11,0.01,0.12,20.0,0.05
2025-11-27,sv8pt5-59,610414,Holofoil,0.28,0.01,0.28,4321.0,0.15
2025-11-27,sv8pt5-59,610414,Reverse Holofoil,0.51,0.09,0.42,25.0,0.25
2025-11-27,sv8pt5-60,610415,Holofoil,3.96,3.0,4.87,9999.0,
2025-11-27,svp-085,518861,Normal,649.3,545.0,649.99,2500.0,
2025-11-27,swsh11-186,284137,Holofoil,580.66,515.0,621.44,2000.0,593.89
2025-11-27,swsh12-186,451834,Holofoil,399.76,361.29,414.99,2000.0,378.76
2025-11-27,swsh12pt5gg-GG69,478100,Holofoil,194.45,175.0,210.23,671.52,196.87
2025-11-27,swsh35-25,223018,Normal,0.1,0.04,0.17,1.49,
2025-11-27,swsh35-25,223018,Reverse Holofoil,0.25,0.1,0.26,4321.0,
2025-11-27,swsh35-74,223073,Holofoil,170.91,150.0,198.44,1500.0,183.97
2025-11-27,swsh45sv-SV107,232496,Holofoil,128.61,111.66,144.42,349.95,129.49
2025-11-27,swsh7-204,246693,Holofoil,31.89,27.99,34.75,150.0,34.9
2025-11-27,swsh7-205,246696,Holofoil,374.65,289.73,421.95,561.75,314.99
2025-11-27,swsh7-208,246755,Holofoil,28.98,23.88,30.0,48.95,29.99
2025-11-27,swsh7-209,246756,Holofoil,300.36,235.0,311.8,499.97,268.99
2025-11-27,swsh7-211,246702,Holofoil,45.42,36.5,50.0,75.0,49.99
2025-11-27,swsh7-212,246704,Holofoil,402.42,350.0,408.49,1000.0,265.99
2025-11-27,swsh7-215,246723,Holofoil,2163.58,1500.0,2177.99,3426.52,1839.99
2025-11-27,swsh7-218,246733,Holofoil,701.05,530.0,737.5,1100.5,724.99
2025-11-27,swsh7-41,246753,Holofoil,4.92,3.08,5.75,4321.0,5.0
2025-11-27,swsh7-65,246690,Holofoil,9.47,7.0,11.26,500.0,11.99
2025-11-27,swsh7-75,246701,Holofoil,13.68,9.54,13.99,70.0,17.99
2025-11-27,swsh7-8,246691,Holofoil,6.66,5.0,7.15,100.0,6.5
2025-11-27,swsh8-271,253266,Holofoil,751.92,580.01,750.0,1499.95,724.99
2025-11-27,swsh9-154,263873,Holofoil,307.57,220.0,322.21,1500.0,253.95
2025-11-28,base1-15,42355,Holofoil,124.77,74.31,104.08,999.98,
2025-11-28,base1-16,42356,Holofoil,37.76,17.99,35.61,9999.0,
2025-11-28,base1-2,42360,Holofoil,160.06,99.0,136.17,500.0,
2025-11-28,base1-4,42382,Holofoil,460.91,348.66,454.41,1000.0,
2025-11-28,base1-58,42402,Normal,3.69,0.5,2.83,9999.0,
2025-11-28,cel25c-4,250320,Holofoil,134.63,100.0,149.95,499.99,137.2
2025-11-28,gym2-2,83861,1st Edition Holofoil,926.01,500.0,799.01,1199.99,
2025-11-28,gym2-2,83861,Unlimited Holofoil,508.76,350.0,499.99,629.48,483.4
2025-11-28,neo1-9,86903,1st Edition Holofoil,1799.99,1798.75,1800.0,2700.0,
2025-11-28,neo1-9,86903,Unlimited Holofoil,409.78,295.8,399.0,540.0,
2025-11-28,sl-151-bundle,502000,Normal,97.11,84.99,106.98,999.99,
2025-11-28,sl-151-etb,503313,Normal,364.42,339.99,419.99,1000.0,
2025-11-28,sl-151-upc,502005,Normal,563.35,579.99,694.99,40000.0,
2025-11-28,sl-ar-box,265519,Normal,408.41,389.99,477.47,9999.99,
2025-11-28,sl-bs-box,256141,Normal,484.02,484.99,600.0,9999.99,
2025-11-28,sl-cel-upc,245140,Normal,887.34,834.0,941.98,154722.59,
2025-11-28,sl-champ-etb,218791,Normal,150.67,138.0,176.0,500.0,
2025-11-28,sl-cz-etb,453470,Normal,198.21,190.49,230.0,4999.99,
2025-11-28,sl-dr-box,624679,Normal,397.14,386.0,499.99,2185.0,
2025-11-28,sl-evs-box,242436,Normal,2407.06,2200.0,2999.99,12000.0,
2025-11-28,sl-evs-etb,243721,Normal,684.85,756.0,989.5,2999.99,
2025-11-28,sl-fs-box,247654,Normal,928.99,872.99,1099.98,3000.0,
2025-11-28,sl-hf-etb,194729,Normal,396.97,385.0,474.98,9999.98,
2025-11-28,sl-jp-151,565243,Normal,179.53,170.0,199.99,399.99,
2025-11-28,sl-jp-terastal,603428,Normal,105.99,101.0,119.99,200.0,
2025-11-28,sl-jt-box,610931,Normal,237.91,229.99,259.99,551.0,
2025-11-28,sl-lo-box,277324,Normal,634.0,650.0,843.99,2500.0,
2025-11-28,sl-me1-box,644298,Normal,256.53,243.46,306.68,7777.0,
2025-11-28,sl-obf-box,501257,Normal,285.77,289.99,349.99,1000.0,
2025-11-28,sl-pe-etb,593355,Normal,124.38,117.7,145.99,2000.0,
2025-11-28,sl-pe-spc,622770,Normal,268.2,261.51,321.49,880.0,
2025-11-28,sl-pf-etb,528040,Normal,239.38,239.85,277.08,775.0,
2025-11-28,sl-phf-box,654137,Normal,277.61,269.99,299.94,781.31,
2025-11-28,sl-shf-etb,228821,Normal,99.9,95.0,114.71,500.11,
2025-11-28,sl-ss-box,565606,Normal,248.09,240.0,314.8,4999.99,
2025-11-28,sl-st-box,283389,Normal,441.88,430.0,510.0,9999.99,
2025-11-28,sl-tf-box,536225,Normal,282.43,269.0,300.0,779.99,
2025-11-28,sv2-185,497557,Normal,0.42,0.05,0.4,30.0,
2025-11-28,sv2-185,497557,Reverse Holofoil,0.79,0.25,0.8,6.99,
2025-11-28,sv2-254,497669,Holofoil,15.09,11.0,16.0,100.0,19.28
2025-11-28,sv2-269,497689,Holofoil,48.99,44.68,58.02,259.99,52.98
2025-11-28,sv3pt5-151,516566,Holofoil,8.52,5.25,8.5,100.0,11.65
2025-11-28,sv3pt5-199,517045,Holofoil,238.34,204.84,260.4,900.0,274.72
2025-11-28,sv3pt5-205,517051,Holofoil,15.47,11.99,17.69,88.88,18.99
2025-11-28,sv3pt5-4,502555,Normal,0.12,0.01,0.15,20.0,
2025-11-28,sv3pt5-4,502555,Reverse Holofoil,0.26,0.03,0.25,3.99,
2025-11-28,sv3pt5-6,502558,Holofoil,4.61,2.75,4.99,39.97,10.51
2025-11-28,sv3pt5-7,502548,Normal,0.09,0.01,0.15,2.01,
2025-11-28,sv3pt5-7,502548,Reverse Holofoil,0.18,0.01,0.25,50.0,0.14
2025-11-28,sv4pt5-234,535090,Holofoil,261.95,229.99,274.69,1000.0,251.99
2025-11-28,sv4pt5-54,534416,Holofoil,4.01,2.0,4.15,60.0,
2025-11-28,sv8-57,590025,Holofoil,4.05,3.0,5.0,25.0,5.98
2025-11-28,sv8pt5-149,610504,Holofoil,191.35,179.74,212.51,800.0,
2025-11-28,sv8pt5-155,610510,Holofoil,198.35,194.24,221.4,899.0,
2025-11-28,sv8pt5-156,610511,Holofoil,323.5,297.4,368.25,800.0,
2025-11-28,sv8pt5-161,610516,Holofoil,1105.37,949.82,1227.55,5000.0,
2025-11-28,sv8pt5-167,610522,Holofoil,118.43,106.98,125.0,300.0,
2025-11-28,sv8pt5-179,610534,Holofoil,39.92,39.78,48.0,270.0,
2025-11-28,sv8pt5-28,610383,Holofoil,1.23,0.62,1.31,7.99,
2025-11-28,sv8pt5-47,610402,Normal,0.05,0.01,0.1,2.0,0.02
2025-11-28,sv8pt5-47,610402,Reverse Holofoil,0.1,0.01,0.12,20.0,0.05
2025-11-28,sv8pt5-59,610414,Holofoil,0.22,0.01,0.27,100.0,0.15
2025-11-28,sv8pt5-59,610414,Reverse Holofoil,0.4,0.09,0.42,25.0,0.25
2025-11-28,sv8pt5-60,610415,Holofoil,3.97,2.7,4.94,9999.0,
2025-11-28,svp-085,518861,Normal,649.3,545.0,650.99,2500.0,
2025-11-28,swsh11-186,284137,Holofoil,579.94,514.0,615.5,2000.0,593.89
2025-11-28,swsh12-186,451834,Holofoil,404.37,355.0,410.0,2000.0,378.76
2025-11-28,swsh12pt5gg-GG69,478100,Holofoil,189.15,172.9,212.93,671.52,196.87
2025-11-28,swsh35-25,223018,Normal,0.1,0.04,0.17,1.5,
2025-11-28,swsh35-25,223018,Reverse Holofoil,0.25,0.1,0.26,2.0,
2025-11-28,swsh35-74,223073,Holofoil,170.72,150.0,190.0,1500.0,183.96
2025-11-28,swsh45sv-SV107,232496,Holofoil,127.15,111.66,143.5,349.95,134.98
2025-11-28,swsh7-204,246693,Holofoil,31.23,28.0,35.31,150.0,34.9
2025-11-28,swsh7-205,246696,Holofoil,368.92,289.0,400.0,561.75,314.33
2025-11-28,swsh7-208,246755,Holofoil,28.73,26.49,30.09,48.95,29.99
2025-11-28,swsh7-209,246756,Holofoil,300.36,235.0,307.98,499.97,268.99
2025-11-28,swsh7-211,246702,Holofoil,45.25,36.96,50.0,75.0,49.99
2025-11-28,swsh7-212,246704,Holofoil,398.97,340.0,405.08,1000.0,402.42
2025-11-28,swsh7-215,246723,Holofoil,2133.66,1500.0,2152.76,3426.52,1839.99
2025-11-28,swsh7-218,246733,Holofoil,701.05,560.0,748.37,1100.5,719.99
2025-11-28,swsh7-41,246753,Holofoil,4.23,3.5,5.68,25.0,4.99
2025-11-28,swsh7-65,246690,Holofoil,9.33,7.0,11.19,500.0,12.43
2025-11-28,swsh7-75,246701,Holofoil,13.31,7.97,13.99,70.0,17.98
2025-11-28,swsh7-8,246691,Holofoil,6.48,5.0,7.02,100.0,6.5
2025-11-28,swsh8-271,253266,Holofoil,751.92,580.01,752.84,1499.95,724.99
2025-11-28,swsh9-154,263873,Holofoil,248.57,209.0,329.99,1500.0,287.54
2025-11-29,base1-15,42355,Holofoil,124.77,74.0,100.0,999.98,
2025-11-29,base1-16,42356,Holofoil,37.76,17.99,35.74,9999.0,
2025-11-29,base1-2,42360,Holofoil,160.09,99.95,131.65,500.0,
2025-11-29,base1-4,42382,Holofoil,463.35,347.3,453.88,1000.0,
2025-11-29,base1-58,42402,Normal,3.6,0.5,2.85,9999.0,
2025-11-29,cel25c-4,250320,Holofoil,133.77,104.21,153.47,499.99,161.98
2025-11-29,gym2-2,83861,1st Edition Holofoil,926.01,500.0,799.01,1199.99,
2025-11-29,gym2-2,83861,Unlimited Holofoil,508.76,399.0,501.84,629.48,483.4
2025-11-29,neo1-9,86903,1st Edition Holofoil,1799.99,1798.75,1800.0,2700.0,
2025-11-29,neo1-9,86903,Unlimited Holofoil,409.75,295.8,395.0,540.0,
2025-11-29,sl-151-bundle,502000,Normal,96.85,90.0,105.0,999.99,
2025-11-29,sl-151-etb,503313,Normal,358.29,344.0,410.0,1000.0,
2025-11-29,sl-151-upc,502005,Normal,564.75,579.99,695.0,40000.0,
2025-11-29,sl-ar-box,265519,Normal,408.41,389.99,460.0,9999.99,
2025-11-29,sl-bs-box,256141,Normal,490.42,484.99,600.0,9999.99,
2025-11-29,sl-cel-upc,245140,Normal,880.34,830.0,942.0,154722.59,
2025-11-29,sl-champ-etb,218791,Normal,150.59,138.0,176.0,500.0,
2025-11-29,sl-cz-etb,453470,Normal,198.2,193.0,230.0,4999.99,
2025-11-29,sl-dr-box,624679,Normal,395.69,386.0,500.0,99999.0,
2025-11-29,sl-evs-box,242436,Normal,2407.06,2200.0,2999.49,12000.0,
2025-11-29,sl-evs-etb,243721,Normal,684.85,683.0,999.5,2999.99,
2025-11-29,sl-fs-box,247654,Normal,928.99,860.0,1099.0,3000.0,
2025-11-29,sl-hf-etb,194729,Normal,396.08,385.0,450.0,9999.98,
2025-11-29,sl-jp-151,565243,Normal,178.93,170.0,199.99,399.99,
2025-11-29,sl-jp-terastal,603428,Normal,106.64,102.75,119.99,200.0,
2025-11-29,sl-jt-box,610931,Normal,236.05,228.95,256.69,551.0,
2025-11-29,sl-lo-box,277324,Normal,661.4,634.82,875.0,2500.0,
2025-11-29,sl-me1-box,644298,Normal,257.43,252.0,280.0,7777.0,
2025-11-29,sl-neo-box,193334,Normal,,109999.53,109999.53,109999.53,
2025-11-29,sl-obf-box,501257,Normal,286.59,289.99,345.0,1000.0,
2025-11-29,sl-pe-etb,593355,Normal,126.83,116.86,149.43,2000.0,
2025-11-29,sl-pe-spc,622770,Normal,266.94,263.01,319.33,880.0,
2025-11-29,sl-pf-etb,528040,Normal,241.35,235.0,275.16,775.0,
2025-11-29,sl-phf-box,654137,Normal,268.55,260.0,289.99,781.31,
2025-11-29,sl-shf-etb,228821,Normal,100.6,95.0,110.0,500.11,
2025-11-29,sl-ss-box,565606,Normal,250.39,240.0,307.49,4999.99,
2025-11-29,sl-st-box,283389,Normal,441.88,425.0,500.0,9999.99,
2025-11-29,sl-tf-box,536225,Normal,281.93,269.0,297.23,779.99,
2025-11-29,sv2-185,497557,Normal,0.33,0.15,0.4,30.0,
2025-11-29,sv2-185,497557,Reverse Holofoil,0.66,0.25,0.77,6.99,
2025-11-29,sv2-254,497669,Holofoil,14.0,12.56,16.0,100.0,15.99
2025-11-29,sv2-269,497689,Holofoil,48.92,45.58,57.64,259.99,52.48
2025-11-29,sv3pt5-151,516566,Holofoil,8.58,5.81,8.49,100.0,14.99
2025-11-29,sv3pt5-199,517045,Holofoil,245.63,209.34,270.62,900.0,285.36
2025-11-29,sv3pt5-205,517051,Holofoil,14.51,11.99,17.88,88.88,
2025-11-29,sv3pt5-4,502555,Normal,0.13,0.01,0.15,20.0,
2025-11-29,sv3pt5-4,502555,Reverse Holofoil,0.22,0.03,0.25,3.99,
2025-11-29,sv3pt5-6,502558,Holofoil,6.28,2.99,5.0,39.97,17.5
2025-11-29,sv3pt5-7,502548,Normal,0.09,0.01,0.15,2.01,
2025-11-29,sv3pt5-7,502548,Reverse Holofoil,0.18,0.01,0.25,50.0,
2025-11-29,sv4pt5-234,535090,Holofoil,259.65,229.99,271.54,1000.0,264.74
2025-11-29,sv4pt5-54,534416,Holofoil,3.82,2.0,4.06,60.0,
2025-11-29,sv8-57,590025,Holofoil,4.5,2.96,5.0,25.0,6.42
2025-11-29,sv8pt5-149,610504,Holofoil,192.25,179.0,209.99,800.0,
2025-11-29,sv8pt5-155,610510,Holofoil,198.85,192.97,229.99,899.0,
2025-11-29,sv8pt5-156,610511,Holofoil,321.83,299.0,396.96,800.0,
2025-11-29,sv8pt5-161,610516,Holofoil,1069.83,918.88,1220.0,5000.0,
2025-11-29,sv8pt5-167,610522,Holofoil,114.1,101.54,125.0,300.0,
2025-11-29,sv8pt5-179,610534,Holofoil,40.18,39.78,47.94,270.0,
2025-11-29,sv8pt5-28,610383,Holofoil,1.29,0.62,1.31,7.99,
2025-11-29,sv8pt5-47,610402,Normal,0.05,0.01,0.1,2.0,0.02
2025-11-29,sv8pt5-47,610402,Reverse Holofoil,0.08,0.01,0.12,20.0,0.05
2025-11-29,sv8pt5-59,610414,Holofoil,0.23,0.01,0.27,100.0,0.15
2025-11-29,sv8pt5-59,610414,Reverse Holofoil,0.37,0.09,0.39,25.0,0.25
2025-11-29,sv8pt5-60,610415,Holofoil,3.88,3.0,4.85,9999.0,
2025-11-29,svp-085,518861,Normal,649.3,545.0,650.15,2500.0,
2025-11-29,swsh11-186,284137,Holofoil,577.92,514.0,617.56,2000.0,593.85
2025-11-29,swsh12-186,451834,Holofoil,388.15,349.99,409.11,2000.0,378.75
2025-11-29,swsh12pt5gg-GG69,478100,Holofoil,189.89,172.97,209.95,671.52,196.75
2025-11-29,swsh35-25,223018,Normal,0.1,0.04,0.17,1.49,
2025-11-29,swsh35-25,223018,Reverse Holofoil,0.26,0.1,0.26,2.0,
2025-11-29,swsh35-74,223073,Holofoil,171.05,150.0,193.92,1500.0,183.93
2025-11-29,swsh45sv-SV107,232496,Holofoil,122.88,123.71,142.53,349.95,134.99
2025-11-29,swsh7-204,246693,Holofoil,31.33,28.0,34.9,150.0,34.9
2025-11-29,swsh7-205,246696,Holofoil,368.92,284.99,402.89,553.21,312.19
2025-11-29,swsh7-208,246755,Holofoil,28.69,26.49,30.21,48.95,29.99
2025-11-29,swsh7-209,246756,Holofoil,300.36,235.0,305.18,499.97,268.99
2025-11-29,swsh7-211,246702,Holofoil,45.65,36.96,50.0,75.0,53.7
2025-11-29,swsh7-212,246704,Holofoil,398.97,339.99,402.42,1000.0,402.42
2025-11-29,swsh7-215,246723,Holofoil,2133.66,1500.0,2116.83,3426.52,1839.99
2025-11-29,swsh7-218,246733,Holofoil,701.05,560.0,719.89,1100.5,714.99
2025-11-29,swsh7-41,246753,Holofoil,4.1,3.5,5.63,25.0,4.98
2025-11-29,swsh7-65,246690,Holofoil,9.06,7.0,10.99,500.0,12.2
2025-11-29,swsh7-75,246701,Holofoil,12.85,9.62,13.99,70.0,17.99
2025-11-29,swsh7-8,246691,Holofoil,6.28,5.0,7.03,100.0,6.5
2025-11-29,swsh8-271,253266,Holofoil,748.56,649.99,764.28,1499.95,779.99
2025-11-29,swsh9-154,263873,Holofoil,253.31,229.95,326.56,1500.0,287.54
2025-11-30,base1-15,42355,Holofoil,125.19,73.99,99.95,999.98,
2025-11-30,base1-16,42356,Holofoil,37.76,17.99,35.31,9999.0,
2025-11-30,base1-2,42360,Holofoil,160.09,100.0,130.41,500.0,
2025-11-30,base1-4,42382,Holofoil,463.35,345.84,462.93,1000.0,
2025-11-30,base1-58,42402,Normal,3.53,0.5,2.83,9999.0,
2025-11-30,cel25c-4,250320,Holofoil,135.17,99.99,149.98,499.99,124.97
2025-11-30,gym2-2,83861,1st Edition Holofoil,926.01,500.0,799.01,1199.99,
2025-11-30,gym2-2,83861,Unlimited Holofoil,508.76,347.82,495.13,629.48,350.0
2025-11-30,neo1-9,86903,1st Edition Holofoil,1799.99,1798.75,1800.0,2700.0,
2025-11-30,neo1-9,86903,Unlimited Holofoil,409.75,295.8,395.0,540.0,
2025-11-30,sl-151-bundle,502000,Normal,99.91,90.0,105.0,999.99,
2025-11-30,sl-151-etb,503313,Normal,355.25,335.0,410.0,1000.0,
2025-11-30,sl-151-upc,502005,Normal,568.79,579.0,695.0,40000.0,
2025-11-30,sl-ar-box,265519,Normal,407.36,389.99,450.0,899.99,
2025-11-30,sl-bs-box,256141,Normal,494.7,489.99,627.99,5000.0,
2025-11-30,sl-cel-upc,245140,Normal,880.34,800.0,934.0,154722.59,
2025-11-30,sl-champ-etb,218791,Normal,149.83,138.0,176.0,500.0,
2025-11-30,sl-cz-etb,453470,Normal,196.32,193.95,233.74,4999.99,
2025-11-30,sl-dr-box,624679,Normal,405.59,388.99,500.0,99999.0,
2025-11-30,sl-evs-box,242436,Normal,2407.06,2200.0,2874.5,12000.0,
2025-11-30,sl-evs-etb,243721,Normal,684.85,683.0,989.5,2999.99,
2025-11-30,sl-fs-box,247654,Normal,925.51,800.0,1094.51,3000.0,
2025-11-30,sl-hf-etb,194729,Normal,396.39,405.0,499.95,9999.98,
2025-11-30,sl-jp-151,565243,Normal,178.84,159.99,199.99,399.99,
2025-11-30,sl-jp-terastal,603428,Normal,105.98,102.75,119.69,200.0,
2025-11-30,sl-jt-box,610931,Normal,234.13,222.99,249.99,551.0,
2025-11-30,sl-lo-box,277324,Normal,663.11,630.0,883.5,2500.0,
2025-11-30,sl-me1-box,644298,Normal,257.04,249.98,297.45,7777.0,
2025-11-30,sl-neo-box,193334,Normal,,109998.75,109998.75,109998.75,
2025-11-30,sl-obf-box,501257,Normal,286.01,284.99,340.0,1000.0,
2025-11-30,sl-pe-etb,593355,Normal,125.46,109.99,145.99,1115.0,
2025-11-30,sl-pe-spc,622770,Normal,266.04,263.0,317.89,880.0,
2025-11-30,sl-pf-etb,528040,Normal,237.94,219.0,278.99,775.0,
2025-11-30,sl-phf-box,654137,Normal,270.31,263.98,289.95,781.31,
2025-11-30,sl-shf-etb,228821,Normal,100.1,80.0,110.0,500.11,
2025-11-30,sl-ss-box,565606,Normal,255.3,238.99,310.0,4999.99,
2025-11-30,sl-st-box,283389,Normal,442.6,420.0,500.0,9999.99,
2025-11-30,sl-tf-box,536225,Normal,277.22,265.0,287.49,779.99,
2025-11-30,sv2-185,497557,Normal,0.38,0.25,0.43,30.0,
2025-11-30,sv2-185,497557,Reverse Holofoil,0.67,0.25,0.76,6.99,
2025-11-30,sv2-254,497669,Holofoil,14.45,12.56,16.0,100.0,19.06
2025-11-30,sv2-269,497689,Holofoil,49.25,46.0,59.0,259.99,
2025-11-30,sv3pt5-151,516566,Holofoil,8.64,5.69,8.64,100.0,10.7
2025-11-30,sv3pt5-199,517045,Holofoil,247.42,209.34,264.62,900.0,349.69
2025-11-30,sv3pt5-205,517051,Holofoil,14.6,11.99,17.82,88.88,
2025-11-30,sv3pt5-4,502555,Normal,0.12,0.01,0.15,20.0,
2025-11-30,sv3pt5-4,502555,Reverse Holofoil,0.2,0.03,0.25,3.99,
2025-11-30,sv3pt5-6,502558,Holofoil,4.67,2.99,5.0,39.97,7.2
2025-11-30,sv3pt5-7,502548,Normal,0.1,0.01,0.15,2.01,
2025-11-30,sv3pt5-7,502548,Reverse Holofoil,0.16,0.01,0.25,50.0,
2025-11-30,sv4pt5-234,535090,Holofoil,258.42,229.99,270.0,1000.0,264.74
2025-11-30,sv4pt5-54,534416,Holofoil,3.84,2.0,4.0,60.0,
2025-11-30,sv8-57,590025,Holofoil,4.39,2.99,5.0,25.0,5.1
2025-11-30,sv8pt5-149,610504,Holofoil,191.9,178.98,209.77,800.0,
2025-11-30,sv8pt5-155,610510,Holofoil,199.8,191.99,229.99,899.0,
2025-11-30,sv8pt5-156,610511,Holofoil,322.22,299.85,399.99,800.0,
2025-11-30,sv8pt5-161,610516,Holofoil,1071.55,918.88,1220.0,5000.0,
2025-11-30,sv8pt5-167,610522,Holofoil,112.27,111.0,125.18,300.0,
2025-11-30,sv8pt5-179,610534,Holofoil,40.83,39.59,49.83,270.0,
2025-11-30,sv8pt5-28,610383,Holofoil,1.19,0.6,1.3,8.99,
2025-11-30,sv8pt5-47,610402,Normal,0.04,0.01,0.1,2.0,0.02
2025-11-30,sv8pt5-47,610402,Reverse Holofoil,0.08,0.01,0.12,20.0,0.05
2025-11-30,sv8pt5-59,610414,Holofoil,0.25,0.01,0.26,100.0,0.15
2025-11-30,sv8pt5-59,610414,Reverse Holofoil,0.36,0.09,0.39,25.0,0.25
2025-11-30,sv8pt5-60,610415,Holofoil,4.37,3.0,4.85,9999.0,
2025-11-30,svp-085,518861,Normal,649.3,539.99,649.3,2500.0,
2025-11-30,swsh11-186,284137,Holofoil,576.92,514.0,604.5,1000.0,593.85
2025-11-30,swsh12-186,451834,Holofoil,384.7,361.01,409.38,2000.0,378.76
2025-11-30,swsh12pt5gg-GG69,478100,Holofoil,188.48,169.99,208.73,671.52,196.75
2025-11-30,swsh35-25,223018,Normal,0.1,0.04,0.17,1.49,
2025-11-30,swsh35-25,223018,Reverse Holofoil,0.26,0.1,0.26,2.0,
2025-11-30,swsh35-74,223073,Holofoil,169.55,150.0,189.29,1500.0,183.93
2025-11-30,swsh45sv-SV107,232496,Holofoil,122.88,119.0,141.84,349.95,134.99
2025-11-30,swsh7-204,246693,Holofoil,31.01,28.0,35.27,150.0,34.9
2025-11-30,swsh7-205,246696,Holofoil,368.92,289.0,400.0,553.21,311.99
2025-11-30,swsh7-208,246755,Holofoil,28.69,26.49,30.25,48.95,29.99
2025-11-30,swsh7-209,246756,Holofoil,300.36,235.0,303.18,499.97,270.99
2025-11-30,swsh7-211,246702,Holofoil,45.44,36.96,50.0,75.0,53.7
2025-11-30,swsh7-212,246704,Holofoil,398.97,318.0,402.42,1000.0,402.42
2025-11-30,swsh7-215,246723,Holofoil,2133.66,1500.0,2100.0,3344.52,1839.99
2025-11-30,swsh7-218,246733,Holofoil,701.05,560.0,719.88,1098.9,714.99
2025-11-30,swsh7-41,246753,Holofoil,4.14,3.5,5.5,25.0,4.59
2025-11-30,swsh7-65,246690,Holofoil,9.09,7.69,10.79,500.0,12.67
2025-11-30,swsh7-75,246701,Holofoil,12.89,9.29,13.77,70.0,19.93
2025-11-30,swsh7-8,246691,Holofoil,6.18,4.93,7.0,100.0,6.69
2025-11-30,swsh8-271,253266,Holofoil,742.27,586.28,770.56,1499.95,779.98
2025-11-30,swsh9-154,263873,Holofoil,258.12,229.95,334.69,1500.0,287.54
