date,asset_id,product_id,subtype,market,low,mid,high,direct_low
2025-07-01,base1-15,42355,Holofoil,116.74,61.99,110.99,300.0,
2025-07-01,base1-16,42356,Holofoil,41.77,20.15,37.02,4320.98,
2025-07-01,base1-2,42360,Holofoil,157.08,103.0,149.99,499.99,
2025-07-01,base1-4,42382,Holofoil,453.54,328.81,454.0,1249.99,
2025-07-01,base1-58,42402,Normal,2.88,0.49,2.74,9999.0,1.23
2025-07-01,cel25c-4,250320,Holofoil,91.81,87.3,100.0,250.0,92.0
2025-07-01,gym2-2,83861,1st Edition Holofoil,597.5,376.48,494.62,499.99,
2025-07-01,gym2-2,83861,Unlimited Holofoil,453.69,310.0,508.95,599.99,499.99
2025-07-01,neo1-9,86903,1st Edition Holofoil,1251.5,1798.78,1899.98,1999.95,
2025-07-01,neo1-9,86903,Unlimited Holofoil,454.51,213.01,320.04,699.95,
2025-07-01,sl-151-bundle,502000,Normal,70.29,59.99,77.2,175.0,
2025-07-01,sl-151-etb,503313,Normal,244.04,244.04,300.0,4999.99,
2025-07-01,sl-151-upc,502005,Normal,386.99,370.0,400.0,20000.0,
2025-07-01,sl-ar-box,265519,Normal,395.56,369.99,415.22,1999.99,
2025-07-01,sl-bs-box,256141,Normal,398.23,390.0,469.98,999.99,
2025-07-01,sl-cel-upc,245140,Normal,496.39,499.99,672.1,2000.0,
2025-07-01,sl-champ-etb,218791,Normal,124.09,110.0,148.99,299.99,
2025-07-01,sl-cz-etb,453470,Normal,174.21,169.99,199.95,1999.99,
2025-07-01,sl-dr-box,624679,Normal,246.9,241.99,265.0,99999.0,
2025-07-01,sl-evs-box,242436,Normal,1909.91,1912.98,2375.0,10000.0,
2025-07-01,sl-evs-etb,243721,Normal,554.06,639.99,684.99,999.99,
2025-07-01,sl-fs-box,247654,Normal,740.89,735.0,899.0,1999.99,
2025-07-01,sl-hf-etb,194729,Normal,375.21,414.95,535.47,999.99,
2025-07-01,sl-jp-151,565243,Normal,159.04,157.75,170.0,390.0,
2025-07-01,sl-jp-terastal,603428,Normal,88.15,85.0,113.08,200.0,
2025-07-01,sl-jt-box,610931,Normal,223.13,215.0,259.0,364.95,
2025-07-01,sl-lo-box,277324,Normal,503.77,450.0,596.48,1200.0,
2025-07-01,sl-obf-box,501257,Normal,240.63,230.0,285.74,500.0,
2025-07-01,sl-pe-etb,593355,Normal,109.43,94.69,129.0,299.99,
2025-07-01,sl-pe-spc,622770,Normal,195.52,190.0,230.0,99999.0,
2025-07-01,sl-pf-etb,528040,Normal,181.87,182.99,199.99,252.99,
2025-07-01,sl-shf-etb,228821,Normal,90.9,84.0,99.99,499.99,
2025-07-01,sl-ss-box,565606,Normal,223.68,228.5,282.5,4999.99,
2025-07-01,sl-st-box,283389,Normal,360.32,347.98,400.0,1199.99,
2025-07-01,sl-tf-box,536225,Normal,216.26,204.0,239.99,400.0,
2025-07-01,sv2-185,497557,Normal,0.36,0.01,0.39,29.0,0.3
2025-07-01,sv2-185,497557,Reverse Holofoil,0.58,0.2,0.8,9.99,0.37
2025-07-01,sv2-254,497669,Holofoil,17.43,15.97,20.34,100.0,15.76
2025-07-01,sv2-269,497689,Holofoil,53.52,51.85,62.99,259.99,54.76
2025-07-01,sv3pt5-151,516566,Holofoil,7.17,5.25,7.99,40.0,6.41
2025-07-01,sv3pt5-199,517045,Holofoil,181.16,170.9,208.55,900.0,
2025-07-01,sv3pt5-205,517051,Holofoil,11.1,9.97,13.44,50.0,10.69
2025-07-01,sv3pt5-4,502555,Normal,0.06,0.01,0.15,5.0,0.1
2025-07-01,sv3pt5-4,502555,Reverse Holofoil,0.22,0.05,0.25,4.95,
2025-07-01,sv3pt5-6,502558,Holofoil,3.41,2.5,4.87,30.0,3.65
2025-07-01,sv3pt5-7,502548,Normal,0.1,0.01,0.15,15.0,0.09
2025-07-01,sv3pt5-7,502548,Reverse Holofoil,0.15,0.02,0.23,4.95,0.08
2025-07-01,sv4pt5-234,535090,Holofoil,159.05,149.57,178.45,400.0,162.64
2025-07-01,sv4pt5-54,534416,Holofoil,2.7,1.5,2.99,34.99,2.5
2025-07-01,sv8-57,590025,Holofoil,4.71,3.99,7.27,40.0,4.2
2025-07-01,sv8pt5-149,610504,Holofoil,249.04,212.0,272.45,800.0,
2025-07-01,sv8pt5-155,610510,Holofoil,282.32,230.0,295.48,599.95,
2025-07-01,sv8pt5-156,610511,Holofoil,404.98,378.44,441.93,800.0,
2025-07-01,sv8pt5-161,610516,Holofoil,1028.42,968.5,1097.0,1999.95,
2025-07-01,sv8pt5-167,610522,Holofoil,140.62,125.0,150.38,360.68,
2025-07-01,sv8pt5-179,610534,Holofoil,35.6,34.0,50.55,270.0,
2025-07-01,sv8pt5-28,610383,Holofoil,1.03,0.5,1.24,9.99,1.0
2025-07-01,sv8pt5-47,610402,Normal,0.04,0.01,0.1,4.95,0.02
2025-07-01,sv8pt5-47,610402,Reverse Holofoil,0.07,0.01,0.13,5.11,0.06
2025-07-01,sv8pt5-59,610414,Holofoil,0.22,0.01,0.27,100.0,0.2
2025-07-01,sv8pt5-59,610414,Reverse Holofoil,0.34,0.07,0.45,25.0,0.26
2025-07-01,sv8pt5-60,610415,Holofoil,5.27,4.25,6.49,40.0,5.1
2025-07-01,svp-085,518861,Normal,321.93,345.99,399.97,700.0,349.94
2025-07-01,swsh11-186,284137,Holofoil,508.29,454.8,540.0,1000.0,514.24
2025-07-01,swsh12-186,451834,Holofoil,259.39,224.5,301.98,599.95,263.99
2025-07-01,swsh12pt5gg-GG69,478100,Holofoil,152.49,152.05,179.99,1000.0,152.5
2025-07-01,swsh35-25,223018,Normal,0.09,0.02,0.2,1.25,
2025-07-01,swsh35-25,223018,Reverse Holofoil,0.3,0.09,0.3,2.0,0.25
2025-07-01,swsh35-74,223073,Holofoil,164.62,160.99,199.99,1500.0,160.99
2025-07-01,swsh45sv-SV107,232496,Holofoil,103.27,92.0,113.99,349.95,99.99
2025-07-01,swsh7-204,246693,Holofoil,27.84,24.09,34.62,100.0,25.57
2025-07-01,swsh7-205,246696,Holofoil,392.85,300.0,416.0,799.95,369.98
2025-07-01,swsh7-208,246755,Holofoil,25.15,16.0,27.96,59.95,24.96
2025-07-01,swsh7-209,246756,Holofoil,277.51,265.97,313.0,799.99,265.97
2025-07-01,swsh7-211,246702,Holofoil,41.92,36.0,45.92,99.99,42.61
2025-07-01,swsh7-212,246704,Holofoil,298.69,266.32,382.5,1000.0,210.99
2025-07-01,swsh7-215,246723,Holofoil,1449.3,1231.9,1540.0,13000.0,1422.99
2025-07-01,swsh7-218,246733,Holofoil,695.31,518.48,700.0,1299.95,659.99
2025-07-01,swsh7-41,246753,Holofoil,4.53,3.3,5.49,89.0,4.6
2025-07-01,swsh7-65,246690,Holofoil,9.12,7.75,9.86,500.0,9.09
2025-07-01,swsh7-75,246701,Holofoil,9.73,8.0,10.89,50.0,9.8
2025-07-01,swsh7-8,246691,Holofoil,5.7,4.48,6.2,50.0,5.56
2025-07-01,swsh8-271,253266,Holofoil,585.07,494.5,639.99,1499.98,576.79
2025-07-01,swsh9-154,263873,Holofoil,195.53,175.99,220.0,1500.0,159.99
2025-07-02,base1-15,42355,Holofoil,116.26,61.99,111.18,300.0,
2025-07-02,base1-16,42356,Holofoil,41.36,20.16,37.35,4320.98,
2025-07-02,base1-2,42360,Holofoil,156.48,110.44,153.77,499.99,
2025-07-02,base1-4,42382,Holofoil,453.54,328.81,453.55,1249.99,
2025-07-02,base1-58,42402,Normal,2.92,0.49,2.75,9999.0,1.25
2025-07-02,cel25c-4,250320,Holofoil,91.62,80.0,101.1,250.0,92.0
2025-07-02,gym2-2,83861,1st Edition Holofoil,597.5,499.97,499.99,799.99,
2025-07-02,gym2-2,83861,Unlimited Holofoil,453.69,310.0,501.26,599.99,499.99
2025-07-02,neo1-9,86903,1st Edition Holofoil,1251.5,1798.78,1899.98,1999.95,
2025-07-02,neo1-9,86903,Unlimited Holofoil,454.51,213.01,309.99,699.95,
2025-07-02,sl-151-bundle,502000,Normal,70.14,59.99,76.51,175.0,
2025-07-02,sl-151-etb,503313,Normal,244.04,240.0,299.95,4999.99,
2025-07-02,sl-151-upc,502005,Normal,386.11,370.0,400.0,20000.0,
2025-07-02,sl-ar-box,265519,Normal,395.56,369.99,415.22,1999.99,
2025-07-02,sl-bs-box,256141,Normal,398.11,401.18,469.95,999.99,
2025-07-02,sl-cel-upc,245140,Normal,502.91,548.99,672.1,1000.0,
2025-07-02,sl-champ-etb,218791,Normal,124.44,110.0,149.99,299.99,
2025-07-02,sl-cz-etb,453470,Normal,174.52,169.99,199.99,1999.99,
2025-07-02,sl-dr-box,624679,Normal,244.96,235.0,259.99,99999.0,
2025-07-02,sl-evs-box,242436,Normal,1907.03,1912.98,2499.99,10000.0,
2025-07-02,sl-evs-etb,243721,Normal,559.94,639.99,690.0,999.99,
2025-07-02,sl-fs-box,247654,Normal,737.29,739.99,899.0,1999.99,
2025-07-02,sl-hf-etb,194729,Normal,375.21,414.95,510.46,999.99,
2025-07-02,sl-jp-151,565243,Normal,159.9,157.75,170.75,250.0,
2025-07-02,sl-jp-terastal,603428,Normal,87.39,85.54,113.31,200.0,
2025-07-02,sl-jt-box,610931,Normal,223.69,219.99,265.99,364.95,
2025-07-02,sl-lo-box,277324,Normal,499.81,450.0,594.98,1200.0,
2025-07-02,sl-obf-box,501257,Normal,240.59,230.0,287.85,500.0,
2025-07-02,sl-pe-etb,593355,Normal,106.94,94.69,129.0,299.99,
2025-07-02,sl-pe-spc,622770,Normal,198.07,186.0,229.99,99999.0,
2025-07-02,sl-pf-etb,528040,Normal,181.59,182.95,199.97,252.99,
2025-07-02,sl-shf-etb,228821,Normal,91.19,84.0,99.99,499.99,
2025-07-02,sl-ss-box,565606,Normal,224.86,228.99,285.0,4999.99,
2025-07-02,sl-st-box,283389,Normal,358.68,355.0,400.0,1199.99,
2025-07-02,sl-tf-box,536225,Normal,217.47,216.98,246.46,400.0,
2025-07-02,sv2-185,497557,Normal,0.4,0.01,0.4,29.0,0.35
2025-07-02,sv2-185,497557,Reverse Holofoil,0.57,0.19,0.8,9.99,0.48
2025-07-02,sv2-254,497669,Holofoil,17.38,16.5,20.3,100.0,15.76
2025-07-02,sv2-269,497689,Holofoil,52.91,53.68,63.32,259.99,54.76
2025-07-02,sv3pt5-151,516566,Holofoil,6.97,2.08,7.93,40.0,6.69
2025-07-02,sv3pt5-199,517045,Holofoil,178.39,170.0,205.0,900.0,180.99
2025-07-02,sv3pt5-205,517051,Holofoil,10.79,9.99,13.26,50.0,10.69
2025-07-02,sv3pt5-4,502555,Normal,0.09,0.01,0.15,5.0,0.06
2025-07-02,sv3pt5-4,502555,Reverse Holofoil,0.21,0.05,0.25,4.95,0.2
2025-07-02,sv3pt5-6,502558,Holofoil,3.49,2.5,4.77,30.0,2.5
2025-07-02,sv3pt5-7,502548,Normal,0.11,0.01,0.15,15.0,0.1
2025-07-02,sv3pt5-7,502548,Reverse Holofoil,0.18,0.02,0.23,4.95,0.08
2025-07-02,sv4pt5-234,535090,Holofoil,159.05,148.07,175.88,400.0,159.05
2025-07-02,sv4pt5-54,534416,Holofoil,2.63,1.5,2.99,34.99,2.5
2025-07-02,sv8-57,590025,Holofoil,5.32,4.0,7.28,40.0,5.3
2025-07-02,sv8pt5-149,610504,Holofoil,247.45,212.0,268.06,800.0,
2025-07-02,sv8pt5-155,610510,Holofoil,280.32,244.92,291.6,599.95,
2025-07-02,sv8pt5-156,610511,Holofoil,404.98,378.44,444.62,800.0,
2025-07-02,sv8pt5-161,610516,Holofoil,1028.42,948.5,1082.0,1999.95,
2025-07-02,sv8pt5-167,610522,Holofoil,140.11,120.0,149.99,360.68,
2025-07-02,sv8pt5-179,610534,Holofoil,35.59,34.0,49.25,270.0,
2025-07-02,sv8pt5-28,610383,Holofoil,1.12,0.39,1.25,9.99,1.2
2025-07-02,sv8pt5-47,610402,Normal,0.04,0.01,0.1,4.95,0.02
2025-07-02,sv8pt5-47,610402,Reverse Holofoil,0.07,0.01,0.14,5.11,0.06
2025-07-02,sv8pt5-59,610414,Holofoil,0.23,0.01,0.27,100.0,0.15
2025-07-02,sv8pt5-59,610414,Reverse Holofoil,0.34,0.06,0.45,25.0,0.25
2025-07-02,sv8pt5-60,610415,Holofoil,5.62,4.06,6.65,40.0,5.15
2025-07-02,svp-085,518861,Normal,323.53,349.94,399.97,700.0,349.94
2025-07-02,swsh11-186,284137,Holofoil,508.29,440.0,533.7,1000.0,508.28
2025-07-02,swsh12-186,451834,Holofoil,255.01,224.5,314.38,599.95,263.99
2025-07-02,swsh12pt5gg-GG69,478100,Holofoil,152.64,150.0,175.6,1000.0,152.7
2025-07-02,swsh35-25,223018,Normal,0.09,0.02,0.19,1.25,
2025-07-02,swsh35-25,223018,Reverse Holofoil,0.3,0.09,0.3,2.0,0.25
2025-07-02,swsh35-74,223073,Holofoil,164.62,160.99,200.0,1500.0,160.99
2025-07-02,swsh45sv-SV107,232496,Holofoil,102.75,95.0,113.52,349.95,99.99
2025-07-02,swsh7-204,246693,Holofoil,27.35,24.51,34.48,100.0,30.24
2025-07-02,swsh7-205,246696,Holofoil,392.85,299.99,415.99,799.95,369.98
2025-07-02,swsh7-208,246755,Holofoil,25.04,16.0,28.8,59.95,26.99
2025-07-02,swsh7-209,246756,Holofoil,277.51,265.97,317.27,799.99,265.97
2025-07-02,swsh7-211,246702,Holofoil,41.67,36.0,45.0,99.99,41.51
2025-07-02,swsh7-212,246704,Holofoil,298.69,259.99,381.25,1000.0,210.99
2025-07-02,swsh7-215,246723,Holofoil,1449.3,1199.99,1520.0,13000.0,1422.99
2025-07-02,swsh7-218,246733,Holofoil,690.81,518.48,699.99,1299.95,659.99
2025-07-02,swsh7-41,246753,Holofoil,4.62,3.3,5.49,89.0,4.6
2025-07-02,swsh7-65,246690,Holofoil,9.33,7.0,9.81,500.0,8.99
2025-07-02,swsh7-75,246701,Holofoil,9.98,7.99,10.87,50.0,9.9
2025-07-02,swsh7-8,246691,Holofoil,5.76,4.0,6.18,50.0,5.54
2025-07-02,swsh8-271,253266,Holofoil,584.56,494.5,649.99,1499.98,576.79
2025-07-02,swsh9-154,263873,Holofoil,204.86,175.99,225.25,1500.0,159.99
2025-07-03,base1-15,42355,Holofoil,116.26,61.98,110.28,300.0,
2025-07-03,base1-16,42356,Holofoil,41.18,20.16,37.02,4320.98,21.64
2025-07-03,base1-2,42360,Holofoil,156.48,110.44,149.99,499.99,
2025-07-03,base1-4,42382,Holofoil,453.54,328.8,453.1,1249.99,
2025-07-03,base1-58,42402,Normal,2.75,0.49,2.74,9999.0,1.3
2025-07-03,cel25c-4,250320,Holofoil,91.3,80.0,102.55,250.0,99.2
2025-07-03,gym2-2,83861,1st Edition Holofoil,597.5,499.97,499.99,799.99,
2025-07-03,gym2-2,83861,Unlimited Holofoil,453.69,310.0,501.26,599.99,499.99
2025-07-03,neo1-9,86903,1st Edition Holofoil,1251.5,1798.78,1899.98,1999.95,
2025-07-03,neo1-9,86903,Unlimited Holofoil,454.51,213.01,309.99,699.95,
2025-07-03,sl-151-bundle,502000,Normal,70.99,59.23,75.0,175.0,
2025-07-03,sl-151-etb,503313,Normal,244.91,240.0,299.95,4999.99,
2025-07-03,sl-151-upc,502005,Normal,386.11,370.0,425.0,20000.0,
2025-07-03,sl-ar-box,265519,Normal,395.56,368.36,415.22,1999.99,
2025-07-03,sl-bs-box,256141,Normal,397.28,401.18,469.9,999.99,
2025-07-03,sl-cel-upc,245140,Normal,504.87,549.99,799.97,2000.0,
2025-07-03,sl-champ-etb,218791,Normal,124.44,110.0,149.99,299.99,
2025-07-03,sl-cz-etb,453470,Normal,174.2,169.99,199.99,1999.99,
2025-07-03,sl-dr-box,624679,Normal,247.34,241.99,265.0,99999.0,
2025-07-03,sl-evs-box,242436,Normal,1907.03,1912.98,2575.0,10000.0,
2025-07-03,sl-evs-etb,243721,Normal,559.94,639.99,690.0,999.99,
2025-07-03,sl-fs-box,247654,Normal,737.29,739.99,899.0,1999.99,
2025-07-03,sl-hf-etb,194729,Normal,375.21,414.95,499.98,999.99,
2025-07-03,sl-jp-151,565243,Normal,159.32,159.23,172.74,390.0,
2025-07-03,sl-jp-terastal,603428,Normal,88.25,89.0,114.23,200.0,
2025-07-03,sl-jt-box,610931,Normal,223.99,213.0,262.99,364.95,
2025-07-03,sl-lo-box,277324,Normal,494.65,489.99,598.98,1200.0,
2025-07-03,sl-obf-box,501257,Normal,240.53,230.0,287.85,500.0,
2025-07-03,sl-pe-etb,593355,Normal,106.53,100.0,129.99,299.99,
2025-07-03,sl-pe-spc,622770,Normal,200.23,194.99,242.33,99999.0,
2025-07-03,sl-pf-etb,528040,Normal,183.35,175.0,199.99,252.99,
2025-07-03,sl-shf-etb,228821,Normal,91.33,84.0,99.99,499.99,
2025-07-03,sl-ss-box,565606,Normal,227.37,215.0,285.0,4999.99,
2025-07-03,sl-st-box,283389,Normal,358.4,355.0,400.0,1199.99,
2025-07-03,sl-tf-box,536225,Normal,218.86,216.98,249.0,400.0,
2025-07-03,sv2-185,497557,Normal,0.33,0.01,0.4,29.0,0.32
2025-07-03,sv2-185,497557,Reverse Holofoil,0.6,0.2,0.79,9.99,0.38
2025-07-03,sv2-254,497669,Holofoil,18.07,16.5,20.2,100.0,15.76
2025-07-03,sv2-269,497689,Holofoil,53.44,52.92,63.5,259.99,53.2
2025-07-03,sv3pt5-151,516566,Holofoil,6.96,5.39,7.9,40.0,6.1
2025-07-03,sv3pt5-199,517045,Holofoil,180.28,168.69,210.0,900.0,168.69
2025-07-03,sv3pt5-205,517051,Holofoil,10.86,10.0,13.47,50.0,10.69
2025-07-03,sv3pt5-4,502555,Normal,0.1,0.01,0.15,5.0,0.08
2025-07-03,sv3pt5-4,502555,Reverse Holofoil,0.21,0.05,0.25,4.95,0.2
2025-07-03,sv3pt5-6,502558,Holofoil,3.83,2.5,4.82,30.0,3.14
2025-07-03,sv3pt5-7,502548,Normal,0.1,0.01,0.15,15.0,0.1
2025-07-03,sv3pt5-7,502548,Reverse Holofoil,0.19,0.02,0.23,4.95,0.08
2025-07-03,sv4pt5-234,535090,Holofoil,159.12,148.07,175.88,400.0,159.05
2025-07-03,sv4pt5-54,534416,Holofoil,2.4,1.5,2.99,34.99,2.5
2025-07-03,sv8-57,590025,Holofoil,5.58,4.71,7.31,40.0,5.46
2025-07-03,sv8pt5-149,610504,Holofoil,244.13,215.0,270.0,800.0,
2025-07-03,sv8pt5-155,610510,Holofoil,280.32,240.0,291.39,599.95,
2025-07-03,sv8pt5-156,610511,Holofoil,404.98,350.0,442.57,800.0,
2025-07-03,sv8pt5-161,610516,Holofoil,1021.86,923.5,1058.86,1999.95,
2025-07-03,sv8pt5-167,610522,Holofoil,139.31,105.0,149.1,360.68,
2025-07-03,sv8pt5-179,610534,Holofoil,34.96,34.0,47.04,270.0,
2025-07-03,sv8pt5-28,610383,Holofoil,1.0,0.4,1.24,9.99,1.0
2025-07-03,sv8pt5-47,610402,Normal,0.04,0.01,0.1,4.95,0.02
2025-07-03,sv8pt5-47,610402,Reverse Holofoil,0.07,0.01,0.14,5.11,0.06
2025-07-03,sv8pt5-59,610414,Holofoil,0.24,0.01,0.27,100.0,0.15
2025-07-03,sv8pt5-59,610414,Reverse Holofoil,0.3,0.07,0.45,25.0,0.25
2025-07-03,sv8pt5-60,610415,Holofoil,5.46,4.88,6.59,40.0,5.15
2025-07-03,svp-085,518861,Normal,329.13,349.94,399.99,700.0,349.94
2025-07-03,swsh11-186,284137,Holofoil,506.39,439.99,536.85,1000.0,514.24
2025-07-03,swsh12-186,451834,Holofoil,254.49,225.0,310.0,599.95,241.8
2025-07-03,swsh12pt5gg-GG69,478100,Holofoil,153.52,150.0,175.58,1000.0,152.7
2025-07-03,swsh35-25,223018,Normal,0.09,0.02,0.2,1.25,
2025-07-03,swsh35-25,223018,Reverse Holofoil,0.3,0.09,0.3,2.0,0.25
2025-07-03,swsh35-74,223073,Holofoil,164.62,156.4,199.99,1500.0,156.4
2025-07-03,swsh45sv-SV107,232496,Holofoil,100.92,95.0,113.33,349.95,99.99
2025-07-03,swsh7-204,246693,Holofoil,27.35,24.51,34.37,100.0,30.24
2025-07-03,swsh7-205,246696,Holofoil,392.85,299.99,410.53,799.95,369.98
2025-07-03,swsh7-208,246755,Holofoil,25.04,16.0,28.24,59.95,26.99
2025-07-03,swsh7-209,246756,Holofoil,277.47,260.0,310.0,799.99,270.98
2025-07-03,swsh7-211,246702,Holofoil,41.58,36.0,45.0,99.99,41.51
2025-07-03,swsh7-212,246704,Holofoil,298.69,259.99,375.0,1000.0,210.99
2025-07-03,swsh7-215,246723,Holofoil,1449.3,1199.99,1542.8,13000.0,1422.99
2025-07-03,swsh7-218,246733,Holofoil,690.81,518.48,699.99,1299.95,659.99
2025-07-03,swsh7-41,246753,Holofoil,4.74,3.3,5.43,89.0,4.5
2025-07-03,swsh7-65,246690,Holofoil,9.03,7.55,9.8,500.0,9.09
2025-07-03,swsh7-75,246701,Holofoil,9.71,8.0,10.79,50.0,9.71
2025-07-03,swsh7-8,246691,Holofoil,5.59,4.0,6.24,50.0,5.52
2025-07-03,swsh8-271,253266,Holofoil,584.56,494.5,644.79,1499.98,576.79
2025-07-03,swsh9-154,263873,Holofoil,204.9,175.99,225.35,1500.0,159.99
2025-07-04,base1-15,42355,Holofoil,116.26,61.95,110.28,300.0,
2025-07-04,base1-16,42356,Holofoil,41.18,20.16,33.67,69.95,21.64
2025-07-04,base1-2,42360,Holofoil,156.48,105.0,149.95,499.99,
2025-07-04,base1-4,42382,Holofoil,453.54,328.8,453.32,1249.99,
2025-07-04,base1-58,42402,Normal,2.82,0.48,2.7,9999.0,1.3
2025-07-04,cel25c-4,250320,Holofoil,91.2,80.0,105.85,250.0,96.76
2025-07-04,gym2-2,83861,1st Edition Holofoil,597.5,499.97,499.99,799.99,
2025-07-04,gym2-2,83861,Unlimited Holofoil,453.69,310.0,500.01,599.99,499.99
2025-07-04,neo1-9,86903,1st Edition Holofoil,1251.5,1798.78,1899.98,1999.95,
2025-07-04,neo1-9,86903,Unlimited Holofoil,454.51,213.01,309.99,699.95,
2025-07-04,sl-151-bundle,502000,Normal,69.72,64.0,76.51,200.0,
2025-07-04,sl-151-etb,503313,Normal,245.02,240.0,299.98,4999.99,
2025-07-04,sl-151-upc,502005,Normal,385.91,370.0,425.0,20000.0,
2025-07-04,sl-ar-box,265519,Normal,395.56,368.36,406.27,1999.99,
2025-07-04,sl-bs-box,256141,Normal,397.28,397.28,469.45,999.99,
2025-07-04,sl-cel-upc,245140,Normal,507.07,549.99,799.97,1000.0,
2025-07-04,sl-champ-etb,218791,Normal,123.92,118.0,150.0,299.99,
2025-07-04,sl-cz-etb,453470,Normal,175.4,169.99,199.99,1999.99,
2025-07-04,sl-dr-box,624679,Normal,246.37,239.21,262.95,99999.0,
2025-07-04,sl-evs-box,242436,Normal,1906.63,1912.98,2499.99,10000.0,
2025-07-04,sl-evs-etb,243721,Normal,559.94,639.99,690.0,999.99,
2025-07-04,sl-fs-box,247654,Normal,737.29,760.0,899.0,1999.99,
2025-07-04,sl-hf-etb,194729,Normal,375.21,414.95,499.98,999.99,
2025-07-04,sl-jp-151,565243,Normal,159.56,159.23,170.75,250.0,
2025-07-04,sl-jp-terastal,603428,Normal,89.8,89.0,114.99,200.0,
2025-07-04,sl-jt-box,610931,Normal,226.71,230.99,275.95,364.95,
2025-07-04,sl-lo-box,277324,Normal,495.25,489.99,594.98,1200.0,
2025-07-04,sl-obf-box,501257,Normal,241.49,230.0,289.98,500.0,
2025-07-04,sl-pe-etb,593355,Normal,108.28,100.0,129.0,299.99,
2025-07-04,sl-pe-spc,622770,Normal,200.75,194.99,240.0,99999.0,
2025-07-04,sl-pf-etb,528040,Normal,183.79,175.0,200.0,252.99,
2025-07-04,sl-shf-etb,228821,Normal,91.33,84.0,99.99,499.99,
2025-07-04,sl-ss-box,565606,Normal,229.53,230.0,280.0,4999.99,
2025-07-04,sl-st-box,283389,Normal,357.44,357.44,400.0,1199.99,
2025-07-04,sl-tf-box,536225,Normal,219.27,221.99,249.99,400.0,
2025-07-04,sv2-185,497557,Normal,0.29,0.01,0.39,29.0,0.3
2025-07-04,sv2-185,497557,Reverse Holofoil,0.61,0.2,0.8,9.99,0.38
2025-07-04,sv2-254,497669,Holofoil,18.09,16.5,20.3,100.0,15.76
2025-07-04,sv2-269,497689,Holofoil,53.3,52.0,63.55,259.99,53.4
2025-07-04,sv3pt5-151,516566,Holofoil,7.07,5.5,7.99,40.0,6.69
2025-07-04,sv3pt5-199,517045,Holofoil,181.28,163.0,210.0,900.0,171.98
2025-07-04,sv3pt5-205,517051,Holofoil,10.86,10.0,13.48,50.0,10.69
2025-07-04,sv3pt5-4,502555,Normal,0.1,0.01,0.15,5.0,0.08
2025-07-04,sv3pt5-4,502555,Reverse Holofoil,0.31,0.05,0.27,4.95,0.2
2025-07-04,sv3pt5-6,502558,Holofoil,3.84,2.5,4.85,30.0,3.14
2025-07-04,sv3pt5-7,502548,Normal,0.11,0.01,0.15,15.0,0.09
2025-07-04,sv3pt5-7,502548,Reverse Holofoil,0.2,0.02,0.23,4.95,0.08
2025-07-04,sv4pt5-234,535090,Holofoil,159.39,148.07,176.67,400.0,159.39
2025-07-04,sv4pt5-54,534416,Holofoil,2.59,1.99,3.0,34.99,2.5
2025-07-04,sv8-57,590025,Holofoil,5.86,4.51,7.3,40.0,5.46
2025-07-04,sv8pt5-149,610504,Holofoil,239.98,219.24,269.83,800.0,
2025-07-04,sv8pt5-155,610510,Holofoil,277.92,240.0,290.68,599.95,
2025-07-04,sv8pt5-156,610511,Holofoil,404.98,325.0,435.37,800.0,
2025-07-04,sv8pt5-161,610516,Holofoil,1021.86,913.5,1079.99,1999.95,
2025-07-04,sv8pt5-167,610522,Holofoil,135.33,115.0,146.83,360.68,
2025-07-04,sv8pt5-179,610534,Holofoil,34.91,34.9,47.88,270.0,
2025-07-04,sv8pt5-28,610383,Holofoil,0.87,0.4,1.21,9.99,1.0
2025-07-04,sv8pt5-47,610402,Normal,0.04,0.01,0.1,4.95,0.02
2025-07-04,sv8pt5-47,610402,Reverse Holofoil,0.08,0.01,0.13,5.11,0.06
2025-07-04,sv8pt5-59,610414,Holofoil,0.21,0.01,0.27,100.0,0.15
2025-07-04,sv8pt5-59,610414,Reverse Holofoil,0.31,0.06,0.45,25.0,0.26
2025-07-04,sv8pt5-60,610415,Holofoil,5.43,4.55,6.55,40.0,5.48
2025-07-04,svp-085,518861,Normal,329.13,349.94,399.99,700.0,349.94
2025-07-04,swsh11-186,284137,Holofoil,504.07,444.34,543.12,1000.0,500.95
2025-07-04,swsh12-186,451834,Holofoil,254.5,225.0,312.04,599.95,241.4
2025-07-04,swsh12pt5gg-GG69,478100,Holofoil,153.68,150.0,174.74,1000.0,152.7
2025-07-04,swsh35-25,223018,Normal,0.09,0.02,0.2,1.25,
2025-07-04,swsh35-25,223018,Reverse Holofoil,0.3,0.09,0.3,2.0,0.25
2025-07-04,swsh35-74,223073,Holofoil,164.62,156.4,199.72,1500.0,156.4
2025-07-04,swsh45sv-SV107,232496,Holofoil,98.33,90.0,114.99,349.95,103.27
2025-07-04,swsh7-204,246693,Holofoil,27.35,24.51,34.37,100.0,30.22
2025-07-04,swsh7-205,246696,Holofoil,392.85,299.99,400.0,799.95,369.98
2025-07-04,swsh7-208,246755,Holofoil,25.04,16.0,28.49,59.95,26.99
2025-07-04,swsh7-209,246756,Holofoil,277.71,260.0,315.99,799.99,270.98
2025-07-04,swsh7-211,246702,Holofoil,41.58,36.0,45.21,99.99,41.43
2025-07-04,swsh7-212,246704,Holofoil,298.69,266.32,371.0,1000.0,210.99
2025-07-04,swsh7-215,246723,Holofoil,1449.3,1231.9,1545.6,13000.0,1422.99
2025-07-04,swsh7-218,246733,Holofoil,690.81,518.48,699.99,1299.95,659.99
2025-07-04,swsh7-41,246753,Holofoil,4.8,1.75,5.41,89.0,4.5
2025-07-04,swsh7-65,246690,Holofoil,9.27,7.99,9.95,500.0,9.1
2025-07-04,swsh7-75,246701,Holofoil,9.53,8.0,10.84,50.0,9.7
2025-07-04,swsh7-8,246691,Holofoil,5.75,4.48,6.26,50.0,5.5
2025-07-04,swsh8-271,253266,Holofoil,581.77,494.5,643.1,1499.98,576.79
2025-07-04,swsh9-154,263873,Holofoil,203.47,175.99,225.39,1500.0,159.99
2025-07-05,base1-15,42355,Holofoil,116.26,61.96,110.67,300.0,
2025-07-05,base1-16,42356,Holofoil,40.87,17.78,33.13,69.95,21.64
2025-07-05,base1-2,42360,Holofoil,156.48,105.0,149.95,499.99,
2025-07-05,base1-4,42382,Holofoil,455.21,314.99,453.54,1249.99,
2025-07-05,base1-58,42402,Normal,2.77,0.48,2.73,9999.0,1.3
2025-07-05,cel25c-4,250320,Holofoil,90.91,80.0,104.98,250.0,96.75
2025-07-05,gym2-2,83861,1st Edition Holofoil,597.5,499.97,499.99,799.99,
2025-07-05,gym2-2,83861,Unlimited Holofoil,453.69,310.0,500.01,599.99,499.99
2025-07-05,neo1-9,86903,1st Edition Holofoil,1251.5,1798.78,1899.98,1999.95,
2025-07-05,neo1-9,86903,Unlimited Holofoil,454.51,213.01,309.99,699.95,
2025-07-05,sl-151-bundle,502000,Normal,70.84,62.22,76.51,200.0,
2025-07-05,sl-151-etb,503313,Normal,245.17,240.0,299.98,4999.99,
2025-07-05,sl-151-upc,502005,Normal,385.79,370.0,412.5,20000.0,
2025-07-05,sl-ar-box,265519,Normal,395.56,368.36,406.27,1999.99,
2025-07-05,sl-bs-box,256141,Normal,396.97,409.15,469.9,999.99,
2025-07-05,sl-cel-upc,245140,Normal,507.11,599.98,799.95,1000.0,
2025-07-05,sl-champ-etb,218791,Normal,123.92,118.0,150.0,299.99,
2025-07-05,sl-cz-etb,453470,Normal,175.42,170.0,199.99,1999.99,
2025-07-05,sl-dr-box,624679,Normal,247.75,244.99,273.92,99999.0,
2025-07-05,sl-evs-box,242436,Normal,1906.63,1912.98,2499.99,10000.0,
2025-07-05,sl-evs-etb,243721,Normal,571.02,639.99,729.5,999.99,
2025-07-05,sl-fs-box,247654,Normal,737.29,760.0,899.0,1999.99,
2025-07-05,sl-hf-etb,194729,Normal,375.21,414.95,499.98,999.99,
2025-07-05,sl-jp-151,565243,Normal,159.62,145.01,170.0,250.0,
2025-07-05,sl-jp-terastal,603428,Normal,89.8,89.0,114.99,200.0,
2025-07-05,sl-jt-box,610931,Normal,226.71,230.99,276.46,551.0,
2025-07-05,sl-lo-box,277324,Normal,497.09,489.99,597.97,1200.0,
2025-07-05,sl-obf-box,501257,Normal,241.77,231.99,299.99,500.0,
2025-07-05,sl-pe-etb,593355,Normal,110.03,100.0,129.99,299.99,
2025-07-05,sl-pe-spc,622770,Normal,202.44,194.99,240.0,99999.0,
2025-07-05,sl-pf-etb,528040,Normal,181.9,177.96,202.0,252.99,
2025-07-05,sl-shf-etb,228821,Normal,92.33,84.0,99.99,499.99,
2025-07-05,sl-ss-box,565606,Normal,232.01,230.0,282.5,4999.99,
2025-07-05,sl-st-box,283389,Normal,357.44,357.44,400.0,1199.99,
2025-07-05,sl-tf-box,536225,Normal,221.45,221.99,249.99,400.0,
2025-07-05,sv2-185,497557,Normal,0.34,0.01,0.39,29.0,0.3
2025-07-05,sv2-185,497557,Reverse Holofoil,0.57,0.19,0.78,9.99,0.38
2025-07-05,sv2-254,497669,Holofoil,18.23,16.5,20.32,100.0,15.76
2025-07-05,sv2-269,497689,Holofoil,52.94,52.0,63.0,259.99,53.3
2025-07-05,sv3pt5-151,516566,Holofoil,7.09,5.48,8.0,40.0,6.69
2025-07-05,sv3pt5-199,517045,Holofoil,180.84,163.0,209.74,900.0,171.16
2025-07-05,sv3pt5-205,517051,Holofoil,10.68,9.68,13.23,50.0,10.69
2025-07-05,sv3pt5-4,502555,Normal,0.11,0.01,0.15,5.0,0.08
2025-07-05,sv3pt5-4,502555,Reverse Holofoil,0.32,0.05,0.28,4.95,0.2
2025-07-05,sv3pt5-6,502558,Holofoil,3.44,2.5,4.88,30.0,3.65
2025-07-05,sv3pt5-7,502548,Normal,0.1,0.01,0.15,15.0,0.1
2025-07-05,sv3pt5-7,502548,Reverse Holofoil,0.2,0.02,0.23,4.95,0.08
2025-07-05,sv4pt5-234,535090,Holofoil,159.39,148.07,175.17,400.0,159.39
2025-07-05,sv4pt5-54,534416,Holofoil,2.62,1.99,3.0,34.99,2.5
2025-07-05,sv8-57,590025,Holofoil,5.53,4.0,7.31,40.0,5.46
2025-07-05,sv8pt5-149,610504,Holofoil,239.98,220.0,269.83,800.0,
2025-07-05,sv8pt5-155,610510,Holofoil,275.52,240.0,285.35,599.95,
2025-07-05,sv8pt5-156,610511,Holofoil,403.68,323.6,429.18,800.0,
2025-07-05,sv8pt5-161,610516,Holofoil,1021.86,907.27,1072.32,1999.95,
2025-07-05,sv8pt5-167,610522,Holofoil,134.6,115.0,145.65,360.68,
2025-07-05,sv8pt5-179,610534,Holofoil,35.06,34.43,46.83,270.0,
2025-07-05,sv8pt5-28,610383,Holofoil,0.94,0.4,1.23,9.99,0.9
2025-07-05,sv8pt5-47,610402,Normal,0.04,0.01,0.1,4.95,0.02
2025-07-05,sv8pt5-47,610402,Reverse Holofoil,0.08,0.01,0.13,5.11,0.06
2025-07-05,sv8pt5-59,610414,Holofoil,0.22,0.01,0.27,100.0,0.15
2025-07-05,sv8pt5-59,610414,Reverse Holofoil,0.31,0.06,0.45,25.0,0.25
2025-07-05,sv8pt5-60,610415,Holofoil,5.76,4.8,6.54,40.0,6.44
2025-07-05,svp-085,518861,Normal,329.13,349.94,400.0,700.0,349.94
2025-07-05,swsh11-186,284137,Holofoil,504.07,444.34,543.14,1000.0,500.95
2025-07-05,swsh12-186,451834,Holofoil,255.18,225.0,311.56,599.95,242.5
2025-07-05,swsh12pt5gg-GG69,478100,Holofoil,152.72,150.0,171.48,1000.0,152.7
2025-07-05,swsh35-25,223018,Normal,0.09,0.02,0.2,4.95,
2025-07-05,swsh35-25,223018,Reverse Holofoil,0.29,0.09,0.3,4.95,0.25
2025-07-05,swsh35-74,223073,Holofoil,164.62,155.0,199.69,1500.0,156.4
2025-07-05,swsh45sv-SV107,232496,Holofoil,97.7,90.0,112.99,349.95,93.0
2025-07-05,swsh7-204,246693,Holofoil,27.35,24.51,34.37,100.0,30.22
2025-07-05,swsh7-205,246696,Holofoil,392.85,299.99,400.0,799.95,369.98
2025-07-05,swsh7-208,246755,Holofoil,24.68,21.0,28.38,59.95,26.99
2025-07-05,swsh7-209,246756,Holofoil,277.71,260.0,313.0,799.99,270.98
2025-07-05,swsh7-211,246702,Holofoil,41.58,36.0,45.0,99.99,41.43
2025-07-05,swsh7-212,246704,Holofoil,299.49,266.32,359.66,1000.0,210.99
2025-07-05,swsh7-215,246723,Holofoil,1449.3,1231.9,1545.6,13000.0,1422.99
2025-07-05,swsh7-218,246733,Holofoil,690.81,518.48,699.99,1299.95,659.99
2025-07-05,swsh7-41,246753,Holofoil,4.82,3.92,5.3,89.0,4.6
2025-07-05,swsh7-65,246690,Holofoil,9.41,7.99,9.99,500.0,9.5
2025-07-05,swsh7-75,246701,Holofoil,9.45,8.0,10.75,50.0,9.5
2025-07-05,swsh7-8,246691,Holofoil,5.96,4.48,6.25,50.0,5.48
2025-07-05,swsh8-271,253266,Holofoil,579.84,494.5,641.4,1499.98,576.79
2025-07-05,swsh9-154,263873,Holofoil,203.47,176.49,223.85,1500.0,159.99
2025-07-06,base1-15,42355,Holofoil,116.26,61.96,109.88,300.0,
2025-07-06,base1-16,42356,Holofoil,40.87,17.78,33.5,69.95,21.64
2025-07-06,base1-2,42360,Holofoil,156.04,105.0,149.99,499.99,
2025-07-06,base1-4,42382,Holofoil,455.21,314.98,453.54,1249.99,
2025-07-06,base1-58,42402,Normal,2.8,0.48,2.75,9999.0,1.3
2025-07-06,cel25c-4,250320,Holofoil,90.79,80.0,103.99,250.0,96.75
2025-07-06,gym2-2,83861,1st Edition Holofoil,597.5,499.97,499.99,799.99,
2025-07-06,gym2-2,83861,Unlimited Holofoil,453.69,310.0,500.01,599.99,499.99
2025-07-06,neo1-9,86903,1st Edition Holofoil,1251.5,1798.78,1899.98,1999.95,
2025-07-06,neo1-9,86903,Unlimited Holofoil,454.51,213.01,319.99,699.95,
2025-07-06,sl-151-bundle,502000,Normal,68.4,64.99,76.74,175.0,
2025-07-06,sl-151-etb,503313,Normal,243.76,227.01,299.0,4999.99,
2025-07-06,sl-151-upc,502005,Normal,383.58,379.0,412.5,20000.0,
2025-07-06,sl-ar-box,265519,Normal,395.56,368.36,400.99,1999.99,
2025-07-06,sl-bs-box,256141,Normal,396.97,400.0,469.45,999.99,
2025-07-06,sl-cel-upc,245140,Normal,511.11,599.98,799.95,1000.0,
2025-07-06,sl-champ-etb,218791,Normal,123.94,124.44,150.0,299.99,
2025-07-06,sl-cz-etb,453470,Normal,175.82,166.29,199.99,1999.99,
2025-07-06,sl-dr-box,624679,Normal,247.68,244.99,269.34,99999.0,
2025-07-06,sl-evs-box,242436,Normal,1906.63,1912.98,2499.99,10000.0,
2025-07-06,sl-evs-etb,243721,Normal,571.02,665.0,729.5,999.99,
2025-07-06,sl-fs-box,247654,Normal,737.29,759.99,899.0,1999.99,
2025-07-06,sl-hf-etb,194729,Normal,379.21,435.0,499.99,999.99,
2025-07-06,sl-jp-151,565243,Normal,159.63,145.01,170.0,250.0,
2025-07-06,sl-jp-terastal,603428,Normal,91.29,89.0,114.23,200.0,
2025-07-06,sl-jt-box,610931,Normal,227.42,230.99,275.95,551.0,
2025-07-06,sl-lo-box,277324,Normal,497.11,490.0,597.97,1200.0,
2025-07-06,sl-obf-box,501257,Normal,241.17,231.99,289.99,500.0,
2025-07-06,sl-pe-etb,593355,Normal,109.18,100.0,130.0,350.0,
2025-07-06,sl-pe-spc,622770,Normal,199.48,186.99,242.33,99999.0,
2025-07-06,sl-pf-etb,528040,Normal,182.82,185.0,219.93,252.99,
2025-07-06,sl-shf-etb,228821,Normal,92.21,84.0,99.97,499.99,
2025-07-06,sl-ss-box,565606,Normal,235.93,229.0,286.94,4999.99,
2025-07-06,sl-st-box,283389,Normal,359.07,357.44,409.99,1199.99,
2025-07-06,sl-tf-box,536225,Normal,223.88,225.0,249.99,400.0,
2025-07-06,sv2-185,497557,Normal,0.34,0.01,0.4,29.0,0.35
2025-07-06,sv2-185,497557,Reverse Holofoil,0.59,0.2,0.78,9.99,0.38
2025-07-06,sv2-254,497669,Holofoil,18.03,16.5,20.51,100.0,15.76
2025-07-06,sv2-269,497689,Holofoil,52.62,52.46,63.42,259.99,54.37
2025-07-06,sv3pt5-151,516566,Holofoil,7.38,5.5,8.0,40.0,7.0
2025-07-06,sv3pt5-199,517045,Holofoil,185.11,164.0,210.0,900.0,169.45
2025-07-06,sv3pt5-205,517051,Holofoil,10.55,9.68,13.33,50.0,10.69
2025-07-06,sv3pt5-4,502555,Normal,0.11,0.01,0.15,12.0,0.08
2025-07-06,sv3pt5-4,502555,Reverse Holofoil,0.31,0.05,0.29,4.95,0.2
2025-07-06,sv3pt5-6,502558,Holofoil,3.96,2.5,4.88,30.0,3.56
2025-07-06,sv3pt5-7,502548,Normal,0.11,0.01,0.15,15.0,0.11
2025-07-06,sv3pt5-7,502548,Reverse Holofoil,0.19,0.02,0.23,4.95,0.08
2025-07-06,sv4pt5-234,535090,Holofoil,159.29,148.07,175.0,400.0,159.29
2025-07-06,sv4pt5-54,534416,Holofoil,2.78,1.99,3.0,34.99,2.55
2025-07-06,sv8-57,590025,Holofoil,4.96,3.0,7.3,40.0,5.47
2025-07-06,sv8pt5-149,610504,Holofoil,238.23,220.0,261.99,800.0,
2025-07-06,sv8pt5-155,610510,Holofoil,273.18,238.49,285.0,599.95,
2025-07-06,sv8pt5-156,610511,Holofoil,402.7,323.6,420.0,800.0,
2025-07-06,sv8pt5-161,610516,Holofoil,1021.86,905.76,1065.0,1999.95,
2025-07-06,sv8pt5-167,610522,Holofoil,133.6,115.0,144.99,360.68,
2025-07-06,sv8pt5-179,610534,Holofoil,35.17,33.73,46.36,270.0,
2025-07-06,sv8pt5-28,610383,Holofoil,0.94,0.4,1.24,9.99,1.0
2025-07-06,sv8pt5-47,610402,Normal,0.04,0.01,0.1,4.95,0.02
2025-07-06,sv8pt5-47,610402,Reverse Holofoil,0.09,0.01,0.13,5.11,0.06
2025-07-06,sv8pt5-59,610414,Holofoil,0.2,0.01,0.27,100.0,0.15
2025-07-06,sv8pt5-59,610414,Reverse Holofoil,0.31,0.07,0.45,25.0,0.25
2025-07-06,sv8pt5-60,610415,Holofoil,5.9,4.88,6.74,40.0,5.5
2025-07-06,svp-085,518861,Normal,329.13,349.94,400.0,700.0,349.94
2025-07-06,swsh11-186,284137,Holofoil,504.07,443.06,543.45,1000.0,500.95
2025-07-06,swsh12-186,451834,Holofoil,255.18,228.75,302.5,599.95,242.5
2025-07-06,swsh12pt5gg-GG69,478100,Holofoil,152.51,150.0,171.75,1000.0,152.6
2025-07-06,swsh35-25,223018,Normal,0.08,0.02,0.2,4.95,
2025-07-06,swsh35-25,223018,Reverse Holofoil,0.26,0.09,0.3,4.95,0.23
2025-07-06,swsh35-74,223073,Holofoil,166.43,155.0,199.69,1500.0,156.4
2025-07-06,swsh45sv-SV107,232496,Holofoil,96.27,93.0,112.59,349.95,93.0
2025-07-06,swsh7-204,246693,Holofoil,27.35,24.51,33.78,100.0,30.22
2025-07-06,swsh7-205,246696,Holofoil,392.85,299.99,400.0,799.95,369.98
2025-07-06,swsh7-208,246755,Holofoil,24.48,23.0,28.49,59.95,26.99
2025-07-06,swsh7-209,246756,Holofoil,277.71,260.0,315.99,799.99,270.98
2025-07-06,swsh7-211,246702,Holofoil,41.58,36.0,45.0,99.99,41.42
2025-07-06,swsh7-212,246704,Holofoil,299.49,266.32,345.0,1000.0,209.99
2025-07-06,swsh7-215,246723,Holofoil,1438.26,1222.55,1545.6,13000.0,1422.99
2025-07-06,swsh7-218,246733,Holofoil,690.81,518.48,699.99,1299.95,659.99
2025-07-06,swsh7-41,246753,Holofoil,4.72,3.92,5.37,89.0,4.6
2025-07-06,swsh7-65,246690,Holofoil,8.98,8.0,9.99,500.0,9.3
2025-07-06,swsh7-75,246701,Holofoil,9.46,8.0,10.75,50.0,9.5
2025-07-06,swsh7-8,246691,Holofoil,5.7,4.48,6.24,50.0,5.46
2025-07-06,swsh8-271,253266,Holofoil,579.04,494.5,641.4,1499.98,576.79
2025-07-06,swsh9-154,263873,Holofoil,203.01,178.19,223.85,1500.0,159.99
2025-07-07,base1-15,42355,Holofoil,116.26,60.96,110.67,300.0,
2025-07-07,base1-16,42356,Holofoil,41.14,17.78,36.0,69.95,21.64
2025-07-07,base1-2,42360,Holofoil,155.95,102.0,149.99,499.99,
2025-07-07,base1-4,42382,Holofoil,455.21,313.96,454.0,1249.99,
2025-07-07,base1-58,42402,Normal,2.84,0.48,2.75,9999.0,1.31
2025-07-07,cel25c-4,250320,Holofoil,91.73,80.0,102.92,250.0,96.75
2025-07-07,gym2-2,83861,1st Edition Holofoil,597.5,499.97,499.99,799.99,
2025-07-07,gym2-2,83861,Unlimited Holofoil,453.69,300.0,500.01,599.99,499.99
2025-07-07,neo1-9,86903,1st Edition Holofoil,1251.5,1798.78,1899.98,1999.95,
2025-07-07,neo1-9,86903,Unlimited Holofoil,454.51,213.01,319.99,699.95,
2025-07-07,sl-151-bundle,502000,Normal,69.9,60.0,78.99,175.0,
2025-07-07,sl-151-etb,503313,Normal,243.76,227.01,299.48,4999.99,
2025-07-07,sl-151-upc,502005,Normal,385.3,385.0,450.0,20000.0,
2025-07-07,sl-ar-box,265519,Normal,395.56,368.36,400.0,1999.99,
2025-07-07,sl-bs-box,256141,Normal,396.97,399.99,469.45,999.99,
2025-07-07,sl-cel-upc,245140,Normal,511.11,599.98,799.95,1000.0,
2025-07-07,sl-champ-etb,218791,Normal,124.43,125.0,150.0,299.99,
2025-07-07,sl-cz-etb,453470,Normal,176.34,166.29,199.99,1999.99,
2025-07-07,sl-dr-box,624679,Normal,249.36,239.88,272.49,99999.0,
2025-07-07,sl-evs-box,242436,Normal,1906.55,1947.0,2499.99,10000.0,
2025-07-07,sl-evs-etb,243721,Normal,571.02,665.0,729.5,999.99,
2025-07-07,sl-fs-box,247654,Normal,737.29,750.0,924.5,1999.99,
2025-07-07,sl-hf-etb,194729,Normal,379.21,419.99,499.98,999.99,
2025-07-07,sl-jp-151,565243,Normal,160.0,157.75,170.75,250.0,
2025-07-07,sl-jp-terastal,603428,Normal,92.1,89.0,113.31,200.0,
2025-07-07,sl-jt-box,610931,Normal,228.46,230.99,270.97,551.0,
2025-07-07,sl-lo-box,277324,Normal,497.23,490.0,600.0,1200.0,
2025-07-07,sl-obf-box,501257,Normal,241.44,231.99,289.99,500.0,
2025-07-07,sl-pe-etb,593355,Normal,108.9,100.0,129.99,350.0,
2025-07-07,sl-pe-spc,622770,Normal,201.9,190.0,242.33,99999.0,
2025-07-07,sl-pf-etb,528040,Normal,183.1,185.0,209.84,252.99,
2025-07-07,sl-shf-etb,228821,Normal,92.61,84.0,99.95,499.99,
2025-07-07,sl-ss-box,565606,Normal,237.49,235.61,289.41,4999.99,
2025-07-07,sl-st-box,283389,Normal,359.07,357.44,400.0,1199.99,
2025-07-07,sl-tf-box,536225,Normal,224.99,225.0,249.99,400.0,
2025-07-07,sv2-185,497557,Normal,0.37,0.01,0.39,29.0,0.32
2025-07-07,sv2-185,497557,Reverse Holofoil,0.66,0.2,0.78,9.99,0.38
2025-07-07,sv2-254,497669,Holofoil,18.53,16.5,20.43,100.0,15.76
2025-07-07,sv2-269,497689,Holofoil,52.44,51.59,62.99,259.99,54.54
2025-07-07,sv3pt5-151,516566,Holofoil,7.23,6.0,8.0,40.0,7.1
2025-07-07,sv3pt5-199,517045,Holofoil,187.86,164.0,210.6,900.0,167.77
2025-07-07,sv3pt5-205,517051,Holofoil,10.69,8.0,13.11,50.0,10.69
2025-07-07,sv3pt5-4,502555,Normal,0.12,0.01,0.15,5.0,0.09
2025-07-07,sv3pt5-4,502555,Reverse Holofoil,0.25,0.05,0.29,4.95,0.2
2025-07-07,sv3pt5-6,502558,Holofoil,3.64,2.5,4.85,30.0,3.56
2025-07-07,sv3pt5-7,502548,Normal,0.11,0.01,0.15,15.0,0.1
2025-07-07,sv3pt5-7,502548,Reverse Holofoil,0.19,0.02,0.23,4.95,0.08
2025-07-07,sv4pt5-234,535090,Holofoil,158.78,148.07,175.0,400.0,159.31
2025-07-07,sv4pt5-54,534416,Holofoil,2.84,1.99,3.0,34.99,2.55
2025-07-07,sv8-57,590025,Holofoil,5.13,3.0,7.25,40.0,5.47
2025-07-07,sv8pt5-149,610504,Holofoil,238.23,220.0,262.5,800.0,
2025-07-07,sv8pt5-155,610510,Holofoil,273.18,238.49,285.0,599.95,
2025-07-07,sv8pt5-156,610511,Holofoil,400.08,319.99,413.48,800.0,
2025-07-07,sv8pt5-161,610516,Holofoil,1021.86,843.5,1036.1,1999.95,
2025-07-07,sv8pt5-167,610522,Holofoil,131.72,114.99,144.99,360.68,
2025-07-07,sv8pt5-179,610534,Holofoil,35.04,33.99,46.83,270.0,
2025-07-07,sv8pt5-28,610383,Holofoil,0.99,0.4,1.24,9.99,1.0
2025-07-07,sv8pt5-47,610402,Normal,0.05,0.01,0.1,4.95,0.03
2025-07-07,sv8pt5-47,610402,Reverse Holofoil,0.08,0.01,0.13,5.11,0.06
2025-07-07,sv8pt5-59,610414,Holofoil,0.28,0.01,0.26,100.0,0.15
2025-07-07,sv8pt5-59,610414,Reverse Holofoil,0.28,0.07,0.44,25.0,0.24
2025-07-07,sv8pt5-60,610415,Holofoil,5.49,4.5,6.74,40.0,5.5
2025-07-07,svp-085,518861,Normal,328.33,349.94,400.0,700.0,349.94
2025-07-07,swsh11-186,284137,Holofoil,505.04,443.05,540.8,1000.0,500.95
2025-07-07,swsh12-186,451834,Holofoil,256.57,228.75,305.0,599.95,243.1
2025-07-07,swsh12pt5gg-GG69,478100,Holofoil,153.13,150.0,171.03,1000.0,152.6
2025-07-07,swsh35-25,223018,Normal,0.08,0.02,0.2,4.95,
2025-07-07,swsh35-25,223018,Reverse Holofoil,0.26,0.09,0.3,4.95,0.23
2025-07-07,swsh35-74,223073,Holofoil,165.27,155.0,199.97,1500.0,157.1
2025-07-07,swsh45sv-SV107,232496,Holofoil,95.34,94.0,111.08,349.95,94.98
2025-07-07,swsh7-204,246693,Holofoil,27.22,24.5,33.77,100.0,30.22
2025-07-07,swsh7-205,246696,Holofoil,392.77,299.99,400.0,799.95,369.98
2025-07-07,swsh7-208,246755,Holofoil,24.48,23.0,28.24,59.95,27.28
2025-07-07,swsh7-209,246756,Holofoil,277.71,260.0,315.99,799.99,270.98
2025-07-07,swsh7-211,246702,Holofoil,41.58,34.57,44.76,99.99,44.75
2025-07-07,swsh7-212,246704,Holofoil,299.64,266.32,345.0,1000.0,209.99
2025-07-07,swsh7-215,246723,Holofoil,1438.26,1222.55,1540.0,13000.0,1420.0
2025-07-07,swsh7-218,246733,Holofoil,690.81,518.48,699.99,1299.95,659.99
2025-07-07,swsh7-41,246753,Holofoil,4.74,3.92,5.32,89.0,4.6
2025-07-07,swsh7-65,246690,Holofoil,9.0,8.0,10.0,500.0,9.1
2025-07-07,swsh7-75,246701,Holofoil,9.41,8.0,10.87,50.0,9.4
2025-07-07,swsh7-8,246691,Holofoil,5.83,3.62,6.2,50.0,5.58
2025-07-07,swsh8-271,253266,Holofoil,577.84,494.5,639.99,1250.0,578.96
2025-07-07,swsh9-154,263873,Holofoil,201.31,178.19,224.33,1500.0,159.99
2025-07-08,base1-15,42355,Holofoil,116.26,60.96,110.67,300.0,
2025-07-08,base1-16,42356,Holofoil,41.14,17.78,33.29,69.95,19.99
2025-07-08,base1-2,42360,Holofoil,155.95,102.0,149.97,499.99,
2025-07-08,base1-4,42382,Holofoil,455.21,313.96,452.0,1249.99,
2025-07-08,base1-58,42402,Normal,2.83,0.48,2.79,9999.0,1.21
2025-07-08,cel25c-4,250320,Holofoil,91.73,80.0,103.99,250.0,80.0
2025-07-08,gym2-2,83861,1st Edition Holofoil,597.5,799.99,900.0,1000.0,
2025-07-08,gym2-2,83861,Unlimited Holofoil,453.69,300.0,500.0,599.99,499.99
2025-07-08,neo1-9,86903,1st Edition Holofoil,1251.5,1798.78,1899.98,1999.95,
2025-07-08,neo1-9,86903,Unlimited Holofoil,454.51,213.01,319.99,699.95,
2025-07-08,sl-151-bundle,502000,Normal,72.26,60.0,78.0,175.0,
2025-07-08,sl-151-etb,503313,Normal,242.81,227.01,299.95,4999.99,
2025-07-08,sl-151-upc,502005,Normal,385.3,379.99,450.0,20000.0,
2025-07-08,sl-ar-box,265519,Normal,395.56,369.99,400.0,1999.99,
2025-07-08,sl-bs-box,256141,Normal,396.97,399.99,462.76,999.99,
2025-07-08,sl-cel-upc,245140,Normal,520.35,625.0,799.99,1000.0,
2025-07-08,sl-champ-etb,218791,Normal,124.6,125.0,150.0,299.99,
2025-07-08,sl-cz-etb,453470,Normal,176.73,175.82,199.99,1999.99,
2025-07-08,sl-dr-box,624679,Normal,249.7,240.0,270.0,99999.0,
2025-07-08,sl-evs-box,242436,Normal,1909.95,1947.0,2499.99,10000.0,
2025-07-08,sl-evs-etb,243721,Normal,571.02,665.0,729.5,999.99,
2025-07-08,sl-fs-box,247654,Normal,735.89,750.0,950.0,3000.0,
2025-07-08,sl-hf-etb,194729,Normal,382.69,410.0,499.98,999.99,
2025-07-08,sl-jp-151,565243,Normal,160.19,152.0,170.0,250.0,
2025-07-08,sl-jp-terastal,603428,Normal,93.09,89.0,113.31,200.0,
2025-07-08,sl-jt-box,610931,Normal,229.18,215.0,265.99,551.0,
2025-07-08,sl-lo-box,277324,Normal,497.23,470.0,599.99,1200.0,
2025-07-08,sl-obf-box,501257,Normal,241.52,231.99,284.99,500.0,
2025-07-08,sl-pe-etb,593355,Normal,109.13,100.0,129.99,350.0,
2025-07-08,sl-pe-spc,622770,Normal,200.99,174.0,230.0,99999.0,
2025-07-08,sl-pf-etb,528040,Normal,184.7,182.5,209.84,275.0,
2025-07-08,sl-shf-etb,228821,Normal,93.01,84.24,99.98,499.99,
2025-07-08,sl-ss-box,565606,Normal,232.07,222.69,291.27,4999.99,
2025-07-08,sl-st-box,283389,Normal,359.07,357.44,400.0,1199.99,
2025-07-08,sl-tf-box,536225,Normal,225.58,225.0,249.0,400.0,
2025-07-08,sv2-185,497557,Normal,0.34,0.01,0.4,29.0,0.32
2025-07-08,sv2-185,497557,Reverse Holofoil,0.55,0.2,0.78,7.99,0.38
2025-07-08,sv2-254,497669,Holofoil,18.41,16.5,20.3,100.0,15.76
2025-07-08,sv2-269,497689,Holofoil,52.66,50.05,63.0,259.99,53.95
2025-07-08,sv3pt5-151,516566,Holofoil,7.08,6.0,8.0,40.0,6.48
2025-07-08,sv3pt5-199,517045,Holofoil,189.74,160.0,212.15,900.0,160.0
2025-07-08,sv3pt5-205,517051,Holofoil,10.5,9.75,13.49,50.0,10.68
2025-07-08,sv3pt5-4,502555,Normal,0.11,0.01,0.15,5.0,0.09
2025-07-08,sv3pt5-4,502555,Reverse Holofoil,0.2,0.05,0.26,4.95,0.2
2025-07-08,sv3pt5-6,502558,Holofoil,3.72,2.4,4.75,30.0,3.56
2025-07-08,sv3pt5-7,502548,Normal,0.12,0.01,0.15,15.0,0.1
2025-07-08,sv3pt5-7,502548,Reverse Holofoil,0.21,0.02,0.23,4.95,0.08
2025-07-08,sv4pt5-234,535090,Holofoil,158.8,148.04,175.0,400.0,150.0
2025-07-08,sv4pt5-54,534416,Holofoil,2.72,1.99,3.0,34.99,2.55
2025-07-08,sv8-57,590025,Holofoil,5.63,3.0,7.02,40.0,5.47
2025-07-08,sv8pt5-149,610504,Holofoil,238.23,220.0,261.25,800.0,
2025-07-08,sv8pt5-155,610510,Holofoil,267.42,235.0,284.56,599.95,
2025-07-08,sv8pt5-156,610511,Holofoil,400.08,320.98,413.48,799.95,
2025-07-08,sv8pt5-161,610516,Holofoil,1021.86,841.98,1051.88,1999.95,
2025-07-08,sv8pt5-167,610522,Holofoil,130.69,114.99,144.89,360.68,
2025-07-08,sv8pt5-179,610534,Holofoil,35.31,33.98,45.51,270.0,
2025-07-08,sv8pt5-28,610383,Holofoil,1.03,0.58,1.21,9.99,1.0
2025-07-08,sv8pt5-47,610402,Normal,0.07,0.01,0.1,4.95,0.03
2025-07-08,sv8pt5-47,610402,Reverse Holofoil,0.08,0.01,0.13,5.11,0.06
2025-07-08,sv8pt5-59,610414,Holofoil,0.32,0.01,0.29,100.0,0.14
2025-07-08,sv8pt5-59,610414,Reverse Holofoil,0.28,0.07,0.43,25.0,0.24
2025-07-08,sv8pt5-60,610415,Holofoil,4.91,4.0,6.52,40.0,5.5
2025-07-08,svp-085,518861,Normal,336.27,349.94,431.25,700.0,349.94
2025-07-08,swsh11-186,284137,Holofoil,505.04,443.05,535.15,1000.0,500.95
2025-07-08,swsh12-186,451834,Holofoil,256.49,228.75,300.0,599.95,243.7
2025-07-08,swsh12pt5gg-GG69,478100,Holofoil,153.27,150.0,174.74,1000.0,153.5
2025-07-08,swsh35-25,223018,Normal,0.08,0.02,0.2,4.95,
2025-07-08,swsh35-25,223018,Reverse Holofoil,0.26,0.09,0.3,4.95,0.23
2025-07-08,swsh35-74,223073,Holofoil,165.11,155.0,199.99,1500.0,157.1
2025-07-08,swsh45sv-SV107,232496,Holofoil,95.54,90.57,111.0,349.95,94.98
2025-07-08,swsh7-204,246693,Holofoil,27.22,24.5,34.25,100.0,30.22
2025-07-08,swsh7-205,246696,Holofoil,392.77,284.99,400.0,799.95,369.98
2025-07-08,swsh7-208,246755,Holofoil,24.5,23.0,29.99,59.95,27.28
2025-07-08,swsh7-209,246756,Holofoil,277.71,250.0,316.36,799.99,270.98
2025-07-08,swsh7-211,246702,Holofoil,41.68,34.57,44.88,99.99,44.75
2025-07-08,swsh7-212,246704,Holofoil,299.64,266.32,346.88,1000.0,298.69
2025-07-08,swsh7-215,246723,Holofoil,1438.26,1222.55,1542.8,13000.0,1420.0
2025-07-08,swsh7-218,246733,Holofoil,690.81,518.48,695.65,1299.95,659.99
2025-07-08,swsh7-41,246753,Holofoil,4.67,3.92,5.41,89.0,4.8
2025-07-08,swsh7-65,246690,Holofoil,9.04,8.0,9.99,500.0,9.1
2025-07-08,swsh7-75,246701,Holofoil,9.32,8.0,10.88,50.0,9.1
2025-07-08,swsh7-8,246691,Holofoil,5.92,4.0,6.25,50.0,5.59
2025-07-08,swsh8-271,253266,Holofoil,577.84,493.23,639.97,1250.0,578.96
2025-07-08,swsh9-154,263873,Holofoil,201.31,178.19,222.87,1500.0,159.99
2025-07-09,base1-15,42355,Holofoil,118.3,70.0,111.83,300.0,
2025-07-09,base1-16,42356,Holofoil,40.79,18.0,34.84,69.95,19.99
2025-07-09,base1-2,42360,Holofoil,155.92,110.44,149.97,499.99,
2025-07-09,base1-4,42382,Holofoil,455.21,313.96,454.39,1249.99,
2025-07-09,base1-58,42402,Normal,2.86,0.48,2.75,9999.0,1.16
2025-07-09,cel25c-4,250320,Holofoil,91.81,80.0,103.53,250.0,87.49
2025-07-09,gym2-2,83861,1st Edition Holofoil,731.67,499.97,499.98,499.99,
2025-07-09,gym2-2,83861,Unlimited Holofoil,453.69,300.0,500.0,599.99,499.99
2025-07-09,neo1-9,86903,1st Edition Holofoil,1251.5,1798.78,1899.98,1999.95,
2025-07-09,neo1-9,86903,Unlimited Holofoil,454.51,213.01,319.99,699.95,
2025-07-09,sl-151-bundle,502000,Normal,70.1,64.99,78.97,175.0,
2025-07-09,sl-151-etb,503313,Normal,243.24,227.01,299.98,4999.99,
2025-07-09,sl-151-upc,502005,Normal,383.74,379.99,450.0,20000.0,
2025-07-09,sl-ar-box,265519,Normal,395.56,369.99,401.98,1999.99,
2025-07-09,sl-bs-box,256141,Normal,397.01,399.99,464.5,999.99,
2025-07-09,sl-cel-upc,245140,Normal,525.37,609.99,784.0,1000.0,
2025-07-09,sl-champ-etb,218791,Normal,124.53,125.0,150.0,299.99,
2025-07-09,sl-cz-etb,453470,Normal,176.62,172.29,199.99,1999.99,
2025-07-09,sl-dr-box,624679,Normal,248.14,240.0,270.44,99999.0,
2025-07-09,sl-evs-box,242436,Normal,1911.23,1954.0,2499.99,10000.0,
2025-07-09,sl-evs-etb,243721,Normal,571.02,665.0,729.5,999.99,
2025-07-09,sl-fs-box,247654,Normal,735.89,750.0,950.0,3000.0,
2025-07-09,sl-hf-etb,194729,Normal,382.69,410.0,498.99,999.99,
2025-07-09,sl-jp-151,565243,Normal,157.9,157.75,170.38,250.0,
2025-07-09,sl-jp-terastal,603428,Normal,93.09,89.0,112.91,200.0,
2025-07-09,sl-jt-box,610931,Normal,230.8,229.62,270.97,551.0,
2025-07-09,sl-lo-box,277324,Normal,497.63,470.0,600.0,1200.0,
2025-07-09,sl-obf-box,501257,Normal,241.89,235.8,284.99,500.0,
2025-07-09,sl-pe-etb,593355,Normal,106.62,100.0,129.5,350.0,
2025-07-09,sl-pe-spc,622770,Normal,198.29,190.0,239.82,99999.0,
2025-07-09,sl-pf-etb,528040,Normal,186.19,185.0,209.84,275.0,
2025-07-09,sl-shf-etb,228821,Normal,93.03,84.24,99.95,499.99,
2025-07-09,sl-ss-box,565606,Normal,235.97,239.99,292.59,4999.99,
2025-07-09,sl-st-box,283389,Normal,358.56,350.0,400.0,1199.99,
2025-07-09,sl-tf-box,536225,Normal,225.87,215.0,249.95,400.0,
2025-07-09,sv2-185,497557,Normal,0.32,0.15,0.39,29.0,0.25
2025-07-09,sv2-185,497557,Reverse Holofoil,0.55,0.2,0.77,7.99,0.38
2025-07-09,sv2-254,497669,Holofoil,18.34,16.5,20.28,100.0,15.76
2025-07-09,sv2-269,497689,Holofoil,52.67,50.0,63.0,259.99,53.95
2025-07-09,sv3pt5-151,516566,Holofoil,6.94,5.99,8.0,40.0,5.99
2025-07-09,sv3pt5-199,517045,Holofoil,188.62,160.0,210.0,900.0,160.0
2025-07-09,sv3pt5-205,517051,Holofoil,10.86,9.5,13.49,50.0,10.69
2025-07-09,sv3pt5-4,502555,Normal,0.1,0.01,0.15,5.0,0.09
2025-07-09,sv3pt5-4,502555,Reverse Holofoil,0.2,0.01,0.25,4.95,0.2
2025-07-09,sv3pt5-6,502558,Holofoil,3.57,2.77,4.8,30.0,3.39
2025-07-09,sv3pt5-7,502548,Normal,0.11,0.01,0.15,15.0,0.1
2025-07-09,sv3pt5-7,502548,Reverse Holofoil,0.2,0.02,0.23,4.95,0.08
2025-07-09,sv4pt5-234,535090,Holofoil,158.61,148.04,175.0,400.0,150.0
2025-07-09,sv4pt5-54,534416,Holofoil,2.57,1.99,3.0,34.99,2.55
2025-07-09,sv8-57,590025,Holofoil,5.66,3.0,7.1,40.0,5.47
2025-07-09,sv8pt5-149,610504,Holofoil,233.32,220.0,258.43,800.0,228.99
2025-07-09,sv8pt5-155,610510,Holofoil,257.97,234.01,284.56,599.95,
2025-07-09,sv8pt5-156,610511,Holofoil,389.9,319.65,410.0,799.95,
2025-07-09,sv8pt5-161,610516,Holofoil,1013.49,840.48,1072.32,1999.95,
2025-07-09,sv8pt5-167,610522,Holofoil,129.5,114.99,141.45,360.68,
2025-07-09,sv8pt5-179,610534,Holofoil,35.35,34.0,45.51,270.0,
2025-07-09,sv8pt5-28,610383,Holofoil,1.08,0.58,1.24,9.99,1.1
2025-07-09,sv8pt5-47,610402,Normal,0.06,0.01,0.1,4.95,0.03
2025-07-09,sv8pt5-47,610402,Reverse Holofoil,0.09,0.01,0.14,5.11,0.06
2025-07-09,sv8pt5-59,610414,Holofoil,0.22,0.01,0.3,100.0,0.16
2025-07-09,sv8pt5-59,610414,Reverse Holofoil,0.28,0.07,0.43,25.0,0.24
2025-07-09,sv8pt5-60,610415,Holofoil,5.49,4.18,6.75,40.0,5.5
2025-07-09,svp-085,518861,Normal,344.8,399.99,500.0,700.0,
2025-07-09,swsh11-186,284137,Holofoil,505.04,443.05,530.3,1000.0,500.95
2025-07-09,swsh12-186,451834,Holofoil,260.0,228.75,313.26,599.95,247.0
2025-07-09,swsh12pt5gg-GG69,478100,Holofoil,152.47,150.0,174.74,1000.0,152.5
2025-07-09,swsh35-25,223018,Normal,0.08,0.02,0.2,4.95,
2025-07-09,swsh35-25,223018,Reverse Holofoil,0.26,0.09,0.3,4.95,0.23
2025-07-09,swsh35-74,223073,Holofoil,164.95,149.49,199.74,1500.0,156.7
2025-07-09,swsh45sv-SV107,232496,Holofoil,95.43,84.94,110.0,349.95,94.98
2025-07-09,swsh7-204,246693,Holofoil,27.19,24.5,34.37,100.0,26.28
2025-07-09,swsh7-205,246696,Holofoil,394.07,284.99,399.99,799.95,369.98
2025-07-09,swsh7-208,246755,Holofoil,24.5,23.0,29.1,59.95,23.33
2025-07-09,swsh7-209,246756,Holofoil,275.63,250.0,313.0,799.99,270.98
2025-07-09,swsh7-211,246702,Holofoil,41.38,31.11,44.88,99.99,34.57
2025-07-09,swsh7-212,246704,Holofoil,296.89,266.32,345.0,1000.0,298.69
2025-07-09,swsh7-215,246723,Holofoil,1430.06,1222.55,1547.8,13000.0,1420.48
2025-07-09,swsh7-218,246733,Holofoil,687.61,518.48,695.65,1299.95,659.99
2025-07-09,swsh7-41,246753,Holofoil,4.67,3.92,5.46,89.0,4.7
2025-07-09,swsh7-65,246690,Holofoil,9.02,8.0,9.99,500.0,8.75
2025-07-09,swsh7-75,246701,Holofoil,9.47,8.0,10.99,50.0,10.05
2025-07-09,swsh7-8,246691,Holofoil,5.86,4.0,6.25,50.0,5.59
2025-07-09,swsh8-271,253266,Holofoil,573.55,493.23,640.0,1250.0,576.79
2025-07-09,swsh9-154,263873,Holofoil,205.69,176.6,226.3,1500.0,159.99
2025-07-10,base1-15,42355,Holofoil,118.3,70.0,111.82,300.0,
2025-07-10,base1-16,42356,Holofoil,39.25,18.0,35.0,69.95,19.99
2025-07-10,base1-2,42360,Holofoil,155.92,110.44,149.99,499.99,
2025-07-10,base1-4,42382,Holofoil,455.21,313.95,452.0,1249.99,
2025-07-10,base1-58,42402,Normal,2.85,0.49,2.75,9999.0,1.13
2025-07-10,cel25c-4,250320,Holofoil,91.81,87.15,103.28,250.0,87.15
2025-07-10,gym2-2,83861,1st Edition Holofoil,731.67,499.97,499.99,500.0,
2025-07-10,gym2-2,83861,Unlimited Holofoil,453.69,300.0,499.99,599.99,431.1
2025-07-10,neo1-9,86903,1st Edition Holofoil,1251.5,1798.78,1899.98,1999.95,
2025-07-10,neo1-9,86903,Unlimited Holofoil,454.51,213.01,320.57,699.95,
2025-07-10,sl-151-bundle,502000,Normal,72.77,65.0,79.67,175.0,
2025-07-10,sl-151-etb,503313,Normal,241.93,243.24,300.0,4999.99,
2025-07-10,sl-151-upc,502005,Normal,385.45,385.0,475.0,20000.0,
2025-07-10,sl-ar-box,265519,Normal,393.16,369.99,406.27,750.0,
2025-07-10,sl-bs-box,256141,Normal,399.69,399.99,469.9,999.99,
2025-07-10,sl-cel-upc,245140,Normal,529.77,609.99,792.0,2000.0,
2025-07-10,sl-champ-etb,218791,Normal,124.53,125.0,150.0,299.99,
2025-07-10,sl-cz-etb,453470,Normal,176.26,176.02,199.99,1999.99,
2025-07-10,sl-dr-box,624679,Normal,247.88,245.0,275.0,99999.0,
2025-07-10,sl-evs-box,242436,Normal,1911.23,1954.0,2375.0,10000.0,
2025-07-10,sl-evs-etb,243721,Normal,571.02,665.0,729.5,999.99,
2025-07-10,sl-fs-box,247654,Normal,735.89,729.99,950.0,3000.0,
2025-07-10,sl-hf-etb,194729,Normal,382.69,405.0,486.5,999.99,
2025-07-10,sl-jp-151,565243,Normal,158.36,151.99,170.75,390.0,
2025-07-10,sl-jp-terastal,603428,Normal,92.91,86.73,113.15,200.0,
2025-07-10,sl-jt-box,610931,Normal,232.1,232.1,263.83,551.0,
2025-07-10,sl-lo-box,277324,Normal,495.23,470.0,600.0,1200.0,
2025-07-10,sl-obf-box,501257,Normal,242.0,225.0,257.5,500.0,
2025-07-10,sl-pe-etb,593355,Normal,107.31,100.0,129.0,350.0,
2025-07-10,sl-pe-spc,622770,Normal,199.9,190.0,239.8,99999.0,
2025-07-10,sl-pf-etb,528040,Normal,186.9,189.49,219.97,275.0,
2025-07-10,sl-shf-etb,228821,Normal,93.03,84.24,99.94,499.99,
2025-07-10,sl-ss-box,565606,Normal,239.17,239.99,299.0,4999.99,
2025-07-10,sl-st-box,283389,Normal,359.22,350.0,400.0,1000.0,
2025-07-10,sl-tf-box,536225,Normal,227.81,215.0,249.95,400.0,
2025-07-10,sv2-185,497557,Normal,0.29,0.15,0.38,29.0,0.28
2025-07-10,sv2-185,497557,Reverse Holofoil,0.58,0.2,0.75,7.99,0.38
2025-07-10,sv2-254,497669,Holofoil,18.14,15.5,20.2,100.0,15.76
2025-07-10,sv2-269,497689,Holofoil,51.84,49.9,62.99,259.99,53.95
2025-07-10,sv3pt5-151,516566,Holofoil,7.26,5.0,8.0,40.0,7.1
2025-07-10,sv3pt5-199,517045,Holofoil,188.21,159.68,210.0,900.0,160.0
2025-07-10,sv3pt5-205,517051,Holofoil,11.2,10.0,13.59,50.0,10.69
2025-07-10,sv3pt5-4,502555,Normal,0.1,0.01,0.15,5.0,0.09
2025-07-10,sv3pt5-4,502555,Reverse Holofoil,0.24,0.01,0.25,4.95,0.2
2025-07-10,sv3pt5-6,502558,Holofoil,3.4,2.77,4.77,30.0,2.97
2025-07-10,sv3pt5-7,502548,Normal,0.1,0.01,0.15,15.0,0.1
2025-07-10,sv3pt5-7,502548,Reverse Holofoil,0.18,0.02,0.22,4.95,0.1
2025-07-10,sv4pt5-234,535090,Holofoil,158.93,148.04,175.0,400.0,150.0
2025-07-10,sv4pt5-54,534416,Holofoil,2.52,1.69,3.0,34.99,2.55
2025-07-10,sv8-57,590025,Holofoil,5.56,4.33,7.25,40.0,5.47
2025-07-10,sv8pt5-149,610504,Holofoil,231.69,219.99,256.07,800.0,228.98
2025-07-10,sv8pt5-155,610510,Holofoil,252.83,235.0,285.0,599.95,
2025-07-10,sv8pt5-156,610511,Holofoil,389.9,319.65,410.98,799.95,
2025-07-10,sv8pt5-161,610516,Holofoil,1013.49,840.48,1068.66,1999.95,
2025-07-10,sv8pt5-167,610522,Holofoil,127.54,114.99,141.95,360.68,
2025-07-10,sv8pt5-179,610534,Holofoil,35.32,33.0,45.51,270.0,
2025-07-10,sv8pt5-28,610383,Holofoil,1.16,0.58,1.24,9.99,1.04
2025-07-10,sv8pt5-47,610402,Normal,0.06,0.01,0.1,4.95,0.03
2025-07-10,sv8pt5-47,610402,Reverse Holofoil,0.08,0.01,0.14,5.11,0.06
2025-07-10,sv8pt5-59,610414,Holofoil,0.21,0.01,0.29,100.0,0.16
2025-07-10,sv8pt5-59,610414,Reverse Holofoil,0.27,0.07,0.42,25.0,0.24
2025-07-10,sv8pt5-60,610415,Holofoil,5.59,4.5,6.99,40.0,5.5
2025-07-10,svp-085,518861,Normal,344.8,400.0,500.0,700.0,
2025-07-10,swsh11-186,284137,Holofoil,502.59,443.05,541.56,1000.0,500.95
2025-07-10,swsh12-186,451834,Holofoil,258.66,228.75,319.95,599.95,246.4
2025-07-10,swsh12pt5gg-GG69,478100,Holofoil,151.11,150.0,180.75,1000.0,155.49
2025-07-10,swsh35-25,223018,Normal,0.08,0.02,0.2,4.95,
2025-07-10,swsh35-25,223018,Reverse Holofoil,0.26,0.09,0.3,4.95,0.23
2025-07-10,swsh35-74,223073,Holofoil,162.15,149.49,199.72,1500.0,154.1
2025-07-10,swsh45sv-SV107,232496,Holofoil,94.91,90.43,109.99,349.95,94.98
2025-07-10,swsh7-204,246693,Holofoil,27.19,22.0,33.13,100.0,30.22
2025-07-10,swsh7-205,246696,Holofoil,394.07,281.99,400.0,799.95,369.98
2025-07-10,swsh7-208,246755,Holofoil,24.62,23.0,29.99,59.95,27.28
2025-07-10,swsh7-209,246756,Holofoil,275.31,265.98,312.84,799.99,270.98
2025-07-10,swsh7-211,246702,Holofoil,41.44,33.29,44.66,99.99,37.23
2025-07-10,swsh7-212,246704,Holofoil,293.83,266.32,345.0,1000.0,296.89
2025-07-10,swsh7-215,246723,Holofoil,1430.06,1350.0,1545.6,13000.0,1415.76
2025-07-10,swsh7-218,246733,Holofoil,682.37,518.48,695.65,1299.95,659.99
2025-07-10,swsh7-41,246753,Holofoil,4.92,3.92,5.49,89.0,4.8
2025-07-10,swsh7-65,246690,Holofoil,9.08,8.0,9.99,500.0,8.75
2025-07-10,swsh7-75,246701,Holofoil,9.44,8.0,10.95,50.0,10.05
2025-07-10,swsh7-8,246691,Holofoil,5.87,4.0,6.26,50.0,5.59
2025-07-10,swsh8-271,253266,Holofoil,574.06,493.23,649.99,1250.0,576.79
2025-07-10,swsh9-154,263873,Holofoil,206.75,176.6,227.48,1500.0,159.99
2025-07-11,base1-15,42355,Holofoil,118.3,72.41,119.99,300.0,
2025-07-11,base1-16,42356,Holofoil,38.82,18.0,36.29,69.95,19.99
2025-07-11,base1-2,42360,Holofoil,155.92,110.44,149.99,499.99,
2025-07-11,base1-4,42382,Holofoil,450.61,312.8,449.99,1249.99,
2025-07-11,base1-58,42402,Normal,2.9,0.49,2.75,9999.0,1.06
2025-07-11,cel25c-4,250320,Holofoil,91.65,78.0,103.68,250.0,87.15
2025-07-11,gym2-2,83861,1st Edition Holofoil,731.67,499.97,499.99,500.0,
2025-07-11,gym2-2,83861,Unlimited Holofoil,524.92,313.98,499.35,599.99,498.7
2025-07-11,neo1-9,86903,1st Edition Holofoil,1251.5,1798.78,1899.98,1999.95,
2025-07-11,neo1-9,86903,Unlimited Holofoil,451.1,263.79,349.98,699.95,
2025-07-11,sl-151-bundle,502000,Normal,72.26,64.99,79.34,175.0,
2025-07-11,sl-151-etb,503313,Normal,242.75,247.49,300.0,4999.99,
2025-07-11,sl-151-upc,502005,Normal,386.21,389.98,494.44,20000.0,
2025-07-11,sl-ar-box,265519,Normal,390.52,369.99,415.63,750.0,
2025-07-11,sl-bs-box,256141,Normal,400.09,390.0,469.95,999.99,
2025-07-11,sl-cel-upc,245140,Normal,534.21,647.0,800.0,2000.0,
2025-07-11,sl-champ-etb,218791,Normal,124.53,125.0,150.0,299.99,
2025-07-11,sl-cz-etb,453470,Normal,176.39,180.0,199.99,1999.99,
2025-07-11,sl-dr-box,624679,Normal,254.46,248.1,275.0,99999.0,
2025-07-11,sl-evs-box,242436,Normal,1911.23,1952.01,2175.0,10000.0,
2025-07-11,sl-evs-etb,243721,Normal,571.02,665.0,749.0,999.99,
2025-07-11,sl-fs-box,247654,Normal,733.29,758.95,950.0,3000.0,
2025-07-11,sl-hf-etb,194729,Normal,382.69,405.0,497.99,999.99,
2025-07-11,sl-jp-151,565243,Normal,158.14,153.0,170.0,390.0,
2025-07-11,sl-jp-terastal,603428,Normal,93.17,89.0,113.15,200.0,
2025-07-11,sl-jt-box,610931,Normal,232.46,232.1,261.66,551.0,
2025-07-11,sl-lo-box,277324,Normal,491.34,500.0,615.0,1200.0,
2025-07-11,sl-obf-box,501257,Normal,241.28,225.0,257.5,500.0,
2025-07-11,sl-pe-etb,593355,Normal,110.49,100.0,129.0,350.0,
2025-07-11,sl-pe-spc,622770,Normal,199.17,198.0,249.99,99999.0,
2025-07-11,sl-pf-etb,528040,Normal,186.9,186.9,219.93,275.0,
2025-07-11,sl-shf-etb,228821,Normal,93.13,84.24,99.94,499.99,
2025-07-11,sl-ss-box,565606,Normal,240.73,239.99,298.5,4999.99,
2025-07-11,sl-st-box,283389,Normal,360.19,351.99,400.0,1000.0,
2025-07-11,sl-tf-box,536225,Normal,228.18,215.0,247.95,400.0,
2025-07-11,sv2-185,497557,Normal,0.28,0.1,0.37,29.0,0.25
2025-07-11,sv2-185,497557,Reverse Holofoil,0.56,0.2,0.75,7.99,0.38
2025-07-11,sv2-254,497669,Holofoil,18.06,16.5,20.12,100.0,15.76
2025-07-11,sv2-269,497689,Holofoil,51.89,49.0,62.99,259.99,53.95
2025-07-11,sv3pt5-151,516566,Holofoil,7.02,5.39,8.0,40.0,6.9
2025-07-11,sv3pt5-199,517045,Holofoil,188.84,159.68,210.0,900.0,160.0
2025-07-11,sv3pt5-205,517051,Holofoil,11.44,10.0,13.78,50.0,10.69
2025-07-11,sv3pt5-4,502555,Normal,0.1,0.01,0.15,5.0,0.09
2025-07-11,sv3pt5-4,502555,Reverse Holofoil,0.23,0.01,0.25,4.95,0.2
2025-07-11,sv3pt5-6,502558,Holofoil,3.65,2.41,4.76,999.99,3.58
2025-07-11,sv3pt5-7,502548,Normal,0.1,0.01,0.15,15.0,0.09
2025-07-11,sv3pt5-7,502548,Reverse Holofoil,0.17,0.02,0.22,4.95,0.13
2025-07-11,sv4pt5-234,535090,Holofoil,159.29,148.04,175.12,400.0,150.0
2025-07-11,sv4pt5-54,534416,Holofoil,2.66,1.99,3.0,34.99,2.55
2025-07-11,sv8-57,590025,Holofoil,5.61,4.5,7.09,40.0,5.47
2025-07-11,sv8pt5-149,610504,Holofoil,229.53,219.99,256.04,800.0,228.98
2025-07-11,sv8pt5-155,610510,Holofoil,251.11,228.76,284.56,599.95,
2025-07-11,sv8pt5-156,610511,Holofoil,389.9,320.98,409.5,799.95,
2025-07-11,sv8pt5-161,610516,Holofoil,1013.49,880.0,1071.16,1999.95,
2025-07-11,sv8pt5-167,610522,Holofoil,127.54,114.99,141.95,360.68,
2025-07-11,sv8pt5-179,610534,Holofoil,35.3,30.0,45.51,270.0,
2025-07-11,sv8pt5-28,610383,Holofoil,1.29,0.57,1.3,9.99,1.04
2025-07-11,sv8pt5-47,610402,Normal,0.06,0.01,0.1,4.95,0.02
2025-07-11,sv8pt5-47,610402,Reverse Holofoil,0.09,0.01,0.14,5.11,0.06
2025-07-11,sv8pt5-59,610414,Holofoil,0.24,0.01,0.29,100.0,0.15
2025-07-11,sv8pt5-59,610414,Reverse Holofoil,0.26,0.07,0.43,25.0,0.24
2025-07-11,sv8pt5-60,610415,Holofoil,5.08,3.69,6.51,40.0,5.5
2025-07-11,svp-085,518861,Normal,345.99,389.16,525.0,1000.0,389.16
2025-07-11,swsh11-186,284137,Holofoil,502.59,437.33,543.12,1000.0,500.95
2025-07-11,swsh12-186,451834,Holofoil,258.66,237.46,319.97,599.95,273.08
2025-07-11,swsh12pt5gg-GG69,478100,Holofoil,151.37,149.87,180.0,1000.0,155.87
2025-07-11,swsh35-25,223018,Normal,0.08,0.02,0.2,4.95,
2025-07-11,swsh35-25,223018,Reverse Holofoil,0.27,0.09,0.3,4.95,0.23
2025-07-11,swsh35-74,223073,Holofoil,162.15,149.49,199.69,1500.0,154.1
2025-07-11,swsh45sv-SV107,232496,Holofoil,94.97,89.99,109.99,349.95,94.98
2025-07-11,swsh7-204,246693,Holofoil,27.13,24.5,33.29,100.0,30.22
2025-07-11,swsh7-205,246696,Holofoil,394.07,281.99,400.0,799.95,369.98
2025-07-11,swsh7-208,246755,Holofoil,24.62,23.0,29.99,59.95,27.28
2025-07-11,swsh7-209,246756,Holofoil,275.31,265.98,315.83,799.99,270.98
2025-07-11,swsh7-211,246702,Holofoil,41.44,33.29,44.66,99.99,38.0
2025-07-11,swsh7-212,246704,Holofoil,293.83,266.32,349.99,1000.0,296.89
2025-07-11,swsh7-215,246723,Holofoil,1430.06,1350.0,1499.99,13000.0,1415.76
2025-07-11,swsh7-218,246733,Holofoil,682.37,518.48,691.3,1299.95,659.99
2025-07-11,swsh7-41,246753,Holofoil,4.97,3.92,5.36,89.0,5.0
2025-07-11,swsh7-65,246690,Holofoil,9.05,8.0,9.99,500.0,8.75
2025-07-11,swsh7-75,246701,Holofoil,9.43,8.0,10.93,50.0,10.05
2025-07-11,swsh7-8,246691,Holofoil,5.71,4.75,6.3,50.0,5.59
2025-07-11,swsh8-271,253266,Holofoil,575.17,493.23,649.99,1250.0,576.79
2025-07-11,swsh9-154,263873,Holofoil,206.75,176.6,226.74,1500.0,159.99
2025-07-12,base1-15,42355,Holofoil,118.3,72.41,121.13,300.0,
2025-07-12,base1-16,42356,Holofoil,38.82,20.16,36.9,69.95,24.31
2025-07-12,base1-2,42360,Holofoil,155.92,110.0,151.98,499.99,
2025-07-12,base1-4,42382,Holofoil,450.61,312.79,450.08,1249.99,
2025-07-12,base1-58,42402,Normal,2.88,0.49,2.74,9999.0,1.24
2025-07-12,cel25c-4,250320,Holofoil,91.56,86.44,101.1,250.0,86.67
2025-07-12,gym2-2,83861,1st Edition Holofoil,731.67,500.0,750.0,1000.0,
2025-07-12,gym2-2,83861,Unlimited Holofoil,524.92,329.02,499.62,599.99,498.7
2025-07-12,neo1-9,86903,1st Edition Holofoil,1251.5,1798.78,1899.98,1999.95,
2025-07-12,neo1-9,86903,Unlimited Holofoil,451.1,263.79,349.98,699.95,
2025-07-12,sl-151-bundle,502000,Normal,71.97,64.99,79.79,175.0,
2025-07-12,sl-151-etb,503313,Normal,243.31,247.49,300.0,4999.99,
2025-07-12,sl-151-upc,502005,Normal,391.09,397.98,499.95,20000.0,
2025-07-12,sl-ar-box,265519,Normal,390.52,363.9,401.98,750.0,
2025-07-12,sl-bs-box,256141,Normal,400.09,390.0,475.0,999.99,
2025-07-12,sl-cel-upc,245140,Normal,546.13,647.0,799.99,1000.0,
2025-07-12,sl-champ-etb,218791,Normal,124.53,125.0,150.0,299.99,
2025-07-12,sl-cz-etb,453470,Normal,177.83,180.0,199.99,1999.99,
2025-07-12,sl-dr-box,624679,Normal,253.5,246.0,274.9,99999.0,
2025-07-12,sl-evs-box,242436,Normal,1911.23,1952.01,2175.0,10000.0,
2025-07-12,sl-evs-etb,243721,Normal,583.18,600.0,749.0,999.99,
2025-07-12,sl-fs-box,247654,Normal,731.32,758.9,950.0,3000.0,
2025-07-12,sl-hf-etb,194729,Normal,382.69,405.0,475.0,999.99,
2025-07-12,sl-jp-151,565243,Normal,158.97,148.91,170.0,250.0,
2025-07-12,sl-jp-terastal,603428,Normal,92.31,88.24,112.66,200.0,
2025-07-12,sl-jt-box,610931,Normal,233.4,232.1,261.66,551.0,
2025-07-12,sl-lo-box,277324,Normal,491.34,500.0,630.0,1200.0,
2025-07-12,sl-obf-box,501257,Normal,241.03,225.0,269.04,500.0,
2025-07-12,sl-pe-etb,593355,Normal,112.48,100.0,129.99,350.0,
2025-07-12,sl-pe-spc,622770,Normal,212.23,198.0,249.99,99999.0,
2025-07-12,sl-pf-etb,528040,Normal,186.82,189.49,219.98,275.0,
2025-07-12,sl-shf-etb,228821,Normal,92.98,84.24,99.95,499.99,
2025-07-12,sl-ss-box,565606,Normal,240.84,225.01,298.0,4999.99,
2025-07-12,sl-st-box,283389,Normal,360.19,342.01,400.0,1000.0,
2025-07-12,sl-tf-box,536225,Normal,228.44,215.0,248.98,400.0,
2025-07-12,sv2-185,497557,Normal,0.33,0.1,0.37,29.0,0.2
2025-07-12,sv2-185,497557,Reverse Holofoil,0.59,0.2,0.76,7.99,0.38
2025-07-12,sv2-254,497669,Holofoil,17.24,16.94,20.16,100.0,15.76
2025-07-12,sv2-269,497689,Holofoil,51.55,49.0,62.32,259.99,54.76
2025-07-12,sv3pt5-151,516566,Holofoil,7.46,6.0,8.06,40.0,7.1
2025-07-12,sv3pt5-199,517045,Holofoil,189.62,160.0,210.0,900.0,160.0
2025-07-12,sv3pt5-205,517051,Holofoil,11.39,10.42,13.94,50.0,10.69
2025-07-12,sv3pt5-4,502555,Normal,0.12,0.01,0.15,5.0,0.09
2025-07-12,sv3pt5-4,502555,Reverse Holofoil,0.21,0.01,0.25,4.95,0.2
2025-07-12,sv3pt5-6,502558,Holofoil,3.21,2.3,4.77,999.99,3.29
2025-07-12,sv3pt5-7,502548,Normal,0.12,0.01,0.15,15.0,0.09
2025-07-12,sv3pt5-7,502548,Reverse Holofoil,0.19,0.01,0.22,4.95,0.13
2025-07-12,sv4pt5-234,535090,Holofoil,159.29,155.72,175.23,400.0,150.0
2025-07-12,sv4pt5-54,534416,Holofoil,2.86,1.98,3.0,34.99,2.55
2025-07-12,sv8-57,590025,Holofoil,5.79,4.44,7.01,40.0,5.47
2025-07-12,sv8pt5-149,610504,Holofoil,227.82,219.98,255.97,800.0,227.9
2025-07-12,sv8pt5-155,610510,Holofoil,249.05,228.76,281.94,599.95,
2025-07-12,sv8pt5-156,610511,Holofoil,385.86,320.98,411.07,799.95,
2025-07-12,sv8pt5-161,610516,Holofoil,1011.07,880.0,1071.16,1999.95,
2025-07-12,sv8pt5-167,610522,Holofoil,124.62,114.99,141.45,360.68,
2025-07-12,sv8pt5-179,610534,Holofoil,34.99,30.0,45.51,270.0,
2025-07-12,sv8pt5-28,610383,Holofoil,1.29,0.35,1.32,9.99,1.19
2025-07-12,sv8pt5-47,610402,Normal,0.08,0.01,0.1,4.95,0.03
2025-07-12,sv8pt5-47,610402,Reverse Holofoil,0.09,0.01,0.14,5.11,0.06
2025-07-12,sv8pt5-59,610414,Holofoil,0.2,0.01,0.28,100.0,0.15
2025-07-12,sv8pt5-59,610414,Reverse Holofoil,0.26,0.08,0.43,25.0,0.23
2025-07-12,sv8pt5-60,610415,Holofoil,4.89,3.3,6.19,40.0,4.91
2025-07-12,svp-085,518861,Normal,345.99,389.16,500.0,1000.0,389.16
2025-07-12,swsh11-186,284137,Holofoil,502.59,437.34,550.0,1199.99,500.95
2025-07-12,swsh12-186,451834,Holofoil,258.66,237.46,319.97,599.95,273.08
2025-07-12,swsh12pt5gg-GG69,478100,Holofoil,153.2,149.87,178.09,1000.0,158.11
2025-07-12,swsh35-25,223018,Normal,0.08,0.02,0.2,4.95,
2025-07-12,swsh35-25,223018,Reverse Holofoil,0.27,0.09,0.3,4.95,0.23
2025-07-12,swsh35-74,223073,Holofoil,162.15,149.49,197.98,1500.0,154.1
2025-07-12,swsh45sv-SV107,232496,Holofoil,94.75,89.99,110.9,349.95,94.98
2025-07-12,swsh7-204,246693,Holofoil,27.13,24.5,33.13,100.0,30.22
2025-07-12,swsh7-205,246696,Holofoil,394.07,274.99,399.99,849.99,369.98
2025-07-12,swsh7-208,246755,Holofoil,24.62,23.0,29.99,59.99,26.84
2025-07-12,swsh7-209,246756,Holofoil,275.31,265.98,310.0,799.99,270.98
2025-07-12,swsh7-211,246702,Holofoil,41.08,31.0,44.88,99.99,37.82
2025-07-12,swsh7-212,246704,Holofoil,294.7,266.32,349.99,1000.0,296.89
2025-07-12,swsh7-215,246723,Holofoil,1430.06,1350.0,1499.99,13000.0,1415.76
2025-07-12,swsh7-218,246733,Holofoil,682.37,519.99,690.81,1499.99,659.99
2025-07-12,swsh7-41,246753,Holofoil,4.93,3.92,5.49,89.0,5.0
2025-07-12,swsh7-65,246690,Holofoil,9.21,7.21,10.0,500.0,9.3
2025-07-12,swsh7-75,246701,Holofoil,9.08,8.0,10.91,50.0,9.99
2025-07-12,swsh7-8,246691,Holofoil,5.7,4.75,6.25,50.0,5.72
2025-07-12,swsh8-271,253266,Holofoil,575.17,494.5,650.0,1399.99,576.79
2025-07-12,swsh9-154,263873,Holofoil,205.99,176.6,226.3,1500.0,159.99
2025-07-13,base1-15,42355,Holofoil,118.3,72.41,116.11,300.0,
2025-07-13,base1-16,42356,Holofoil,38.62,20.16,36.7,69.95,20.26
2025-07-13,base1-2,42360,Holofoil,156.64,105.0,149.95,499.99,
2025-07-13,base1-4,42382,Holofoil,450.61,312.79,450.08,1249.99,
2025-07-13,base1-58,42402,Normal,2.86,0.49,2.57,9999.0,1.27
2025-07-13,cel25c-4,250320,Holofoil,91.54,86.67,102.23,250.0,86.67
2025-07-13,gym2-2,83861,1st Edition Holofoil,731.67,500.0,507.03,1000.0,
2025-07-13,gym2-2,83861,Unlimited Holofoil,524.92,313.98,499.62,599.99,499.99
2025-07-13,neo1-9,86903,1st Edition Holofoil,1251.5,1798.78,1899.98,1999.95,
2025-07-13,neo1-9,86903,Unlimited Holofoil,451.1,263.79,349.98,699.95,
2025-07-13,sl-151-bundle,502000,Normal,72.57,65.0,79.92,175.0,
2025-07-13,sl-151-etb,503313,Normal,244.37,247.49,300.0,4999.99,
2025-07-13,sl-151-upc,502005,Normal,393.82,397.98,499.99,20000.0,
2025-07-13,sl-ar-box,265519,Normal,388.11,363.9,401.98,750.0,
2025-07-13,sl-bs-box,256141,Normal,400.7,390.0,479.99,999.99,
2025-07-13,sl-cel-upc,245140,Normal,552.09,647.0,799.99,1000.0,
2025-07-13,sl-champ-etb,218791,Normal,124.53,125.0,150.0,299.99,
2025-07-13,sl-cz-etb,453470,Normal,179.4,175.0,199.99,1999.99,
2025-07-13,sl-dr-box,624679,Normal,256.9,248.14,275.3,99999.0,
2025-07-13,sl-evs-box,242436,Normal,1946.27,1954.0,2375.0,10000.0,
2025-07-13,sl-evs-etb,243721,Normal,587.18,710.0,874.48,999.99,
2025-07-13,sl-fs-box,247654,Normal,733.29,735.0,924.5,3000.0,
2025-07-13,sl-hf-etb,194729,Normal,392.78,410.0,497.99,999.99,
2025-07-13,sl-jp-151,565243,Normal,159.12,148.91,170.0,250.0,
2025-07-13,sl-jp-terastal,603428,Normal,91.78,88.24,112.66,200.0,
2025-07-13,sl-jt-box,610931,Normal,233.69,232.1,270.97,551.0,
2025-07-13,sl-lo-box,277324,Normal,491.38,520.0,600.0,1200.0,
2025-07-13,sl-obf-box,501257,Normal,239.11,220.01,260.0,500.0,
2025-07-13,sl-pe-etb,593355,Normal,109.37,100.0,130.0,350.0,
2025-07-13,sl-pe-spc,622770,Normal,215.51,198.0,249.99,99999.0,
2025-07-13,sl-pf-etb,528040,Normal,186.82,189.49,225.0,275.0,
2025-07-13,sl-shf-etb,228821,Normal,93.65,82.0,99.96,499.99,
2025-07-13,sl-ss-box,565606,Normal,243.63,243.69,295.3,4999.99,
2025-07-13,sl-st-box,283389,Normal,360.19,337.0,400.0,1000.0,
2025-07-13,sl-tf-box,536225,Normal,227.44,215.58,249.95,400.0,
2025-07-13,sv2-185,497557,Normal,0.27,0.1,0.37,29.0,0.25
2025-07-13,sv2-185,497557,Reverse Holofoil,0.62,0.2,0.77,7.99,0.38
2025-07-13,sv2-254,497669,Holofoil,17.21,16.94,20.0,100.0,15.76
2025-07-13,sv2-269,497689,Holofoil,51.55,49.0,60.6,259.99,54.76
2025-07-13,sv3pt5-151,516566,Holofoil,7.79,6.0,8.03,40.0,7.1
2025-07-13,sv3pt5-199,517045,Holofoil,189.16,180.0,223.19,900.0,183.19
2025-07-13,sv3pt5-205,517051,Holofoil,11.19,10.0,13.97,50.0,10.0
2025-07-13,sv3pt5-4,502555,Normal,0.12,0.01,0.15,5.0,0.09
2025-07-13,sv3pt5-4,502555,Reverse Holofoil,0.24,0.01,0.25,4.95,0.2
2025-07-13,sv3pt5-6,502558,Holofoil,3.36,2.38,4.75,999.99,3.29
2025-07-13,sv3pt5-7,502548,Normal,0.13,0.01,0.15,15.0,0.1
2025-07-13,sv3pt5-7,502548,Reverse Holofoil,0.28,0.01,0.23,4.95,0.13
2025-07-13,sv4pt5-234,535090,Holofoil,158.47,157.79,175.22,400.0,150.0
2025-07-13,sv4pt5-54,534416,Holofoil,2.68,1.98,3.0,34.99,2.55
2025-07-13,sv8-57,590025,Holofoil,5.84,4.71,7.0,40.0,5.47
2025-07-13,sv8pt5-149,610504,Holofoil,227.82,219.97,255.97,800.0,227.89
2025-07-13,sv8pt5-155,610510,Holofoil,249.05,228.76,284.12,599.95,
2025-07-13,sv8pt5-156,610511,Holofoil,381.86,320.98,411.07,799.95,
2025-07-13,sv8pt5-161,610516,Holofoil,1011.07,880.0,1067.5,1999.95,
2025-07-13,sv8pt5-167,610522,Holofoil,124.62,114.99,140.94,360.68,
2025-07-13,sv8pt5-179,610534,Holofoil,34.95,30.0,45.0,270.0,
2025-07-13,sv8pt5-28,610383,Holofoil,1.19,0.35,1.29,9.99,1.19
2025-07-13,sv8pt5-47,610402,Normal,0.08,0.01,0.1,4.95,0.03
2025-07-13,sv8pt5-47,610402,Reverse Holofoil,0.1,0.01,0.14,5.11,0.06
2025-07-13,sv8pt5-59,610414,Holofoil,0.2,0.01,0.27,100.0,0.15
2025-07-13,sv8pt5-59,610414,Reverse Holofoil,0.26,0.08,0.44,25.0,0.23
2025-07-13,sv8pt5-60,610415,Holofoil,5.11,3.3,6.29,40.0,4.91
2025-07-13,svp-085,518861,Normal,345.99,389.16,500.0,1000.0,389.16
2025-07-13,swsh11-186,284137,Holofoil,502.59,415.7,549.99,1199.99,500.95
2025-07-13,swsh12-186,451834,Holofoil,258.66,225.0,321.64,599.95,273.08
2025-07-13,swsh12pt5gg-GG69,478100,Holofoil,154.12,150.0,177.13,1000.0,158.11
2025-07-13,swsh35-25,223018,Normal,0.08,0.02,0.2,4.95,
2025-07-13,swsh35-25,223018,Reverse Holofoil,0.27,0.09,0.3,4.95,0.23
2025-07-13,swsh35-74,223073,Holofoil,162.15,149.49,196.29,1500.0,154.1
2025-07-13,swsh45sv-SV107,232496,Holofoil,94.75,91.98,111.05,349.95,94.98
2025-07-13,swsh7-204,246693,Holofoil,27.13,24.5,33.06,100.0,30.22
2025-07-13,swsh7-205,246696,Holofoil,390.44,274.99,400.0,849.99,369.98
2025-07-13,swsh7-208,246755,Holofoil,24.69,23.0,29.99,59.99,26.84
2025-07-13,swsh7-209,246756,Holofoil,275.31,265.98,312.85,799.99,270.98
2025-07-13,swsh7-211,246702,Holofoil,40.09,31.0,45.21,99.99,44.76
2025-07-13,swsh7-212,246704,Holofoil,294.7,266.32,349.52,1000.0,296.89
2025-07-13,swsh7-215,246723,Holofoil,1430.06,1300.0,1542.8,13000.0,1415.76
2025-07-13,swsh7-218,246733,Holofoil,679.13,519.99,701.41,1499.99,659.99
2025-07-13,swsh7-41,246753,Holofoil,5.03,3.92,5.49,89.0,5.03
2025-07-13,swsh7-65,246690,Holofoil,9.28,7.21,9.99,500.0,9.02
2025-07-13,swsh7-75,246701,Holofoil,9.08,8.0,10.87,50.0,9.08
2025-07-13,swsh7-8,246691,Holofoil,5.59,4.0,6.14,50.0,5.61
2025-07-13,swsh8-271,253266,Holofoil,575.17,494.5,650.0,1399.99,576.79
2025-07-13,swsh9-154,263873,Holofoil,205.99,176.6,225.76,1500.0,159.99
2025-07-14,base1-15,42355,Holofoil,118.3,72.39,111.98,300.0,
2025-07-14,base1-16,42356,Holofoil,38.62,20.16,33.5,69.95,20.63
2025-07-14,base1-2,42360,Holofoil,161.39,105.0,147.22,499.99,
2025-07-14,base1-4,42382,Holofoil,450.61,312.79,450.08,1249.99,
2025-07-14,base1-58,42402,Normal,2.92,0.49,2.72,9999.0,1.32
2025-07-14,cel25c-4,250320,Holofoil,93.61,86.54,107.58,250.0,86.54
2025-07-14,gym2-2,83861,1st Edition Holofoil,731.67,500.0,501.96,1000.0,
2025-07-14,gym2-2,83861,Unlimited Holofoil,524.92,313.98,499.99,599.99,499.99
2025-07-14,neo1-9,86903,1st Edition Holofoil,1251.5,1798.78,1899.98,1999.95,
2025-07-14,neo1-9,86903,Unlimited Holofoil,451.1,263.79,349.98,699.95,
2025-07-14,sl-151-bundle,502000,Normal,73.69,66.59,80.0,175.0,
2025-07-14,sl-151-etb,503313,Normal,245.97,247.49,300.0,4999.99,
2025-07-14,sl-151-upc,502005,Normal,396.14,390.0,499.99,20000.0,
2025-07-14,sl-ar-box,265519,Normal,388.11,363.9,403.49,750.0,
2025-07-14,sl-bs-box,256141,Normal,400.38,390.0,475.0,999.99,
2025-07-14,sl-cel-upc,245140,Normal,552.09,647.0,799.99,1000.0,
2025-07-14,sl-champ-etb,218791,Normal,124.53,125.0,150.0,299.99,
2025-07-14,sl-cz-etb,453470,Normal,179.76,169.99,199.99,1999.99,
2025-07-14,sl-dr-box,624679,Normal,262.79,255.0,279.99,99999.0,
2025-07-14,sl-evs-box,242436,Normal,1946.27,1954.0,2499.99,10000.0,
2025-07-14,sl-evs-etb,243721,Normal,587.18,710.0,874.48,999.99,
2025-07-14,sl-fs-box,247654,Normal,731.29,750.0,950.0,3000.0,
2025-07-14,sl-hf-etb,194729,Normal,394.98,400.0,460.0,999.99,
2025-07-14,sl-jp-151,565243,Normal,159.14,148.91,169.99,250.0,
2025-07-14,sl-jp-terastal,603428,Normal,91.68,88.24,112.66,200.0,
2025-07-14,sl-jt-box,610931,Normal,234.53,232.1,270.97,551.0,
2025-07-14,sl-lo-box,277324,Normal,491.38,520.0,600.0,1200.0,
2025-07-14,sl-obf-box,501257,Normal,239.11,217.0,269.04,30000.0,
2025-07-14,sl-pe-etb,593355,Normal,108.16,100.0,129.99,100000.0,
2025-07-14,sl-pe-spc,622770,Normal,209.41,198.92,249.99,99999.0,
2025-07-14,sl-pf-etb,528040,Normal,187.2,189.49,222.49,275.0,
2025-07-14,sl-shf-etb,228821,Normal,93.24,80.0,99.94,499.99,
2025-07-14,sl-ss-box,565606,Normal,242.37,243.0,298.5,4999.99,
2025-07-14,sl-st-box,283389,Normal,360.19,337.0,400.0,1000.0,
2025-07-14,sl-tf-box,536225,Normal,229.19,215.58,248.98,400.0,
2025-07-14,sv2-185,497557,Normal,0.28,0.1,0.37,29.0,0.25
2025-07-14,sv2-185,497557,Reverse Holofoil,0.61,0.2,0.76,7.99,0.38
2025-07-14,sv2-254,497669,Holofoil,17.34,16.51,20.0,100.0,15.76
2025-07-14,sv2-269,497689,Holofoil,51.34,46.99,60.6,259.99,54.76
2025-07-14,sv3pt5-151,516566,Holofoil,7.16,6.0,8.0,40.0,6.69
2025-07-14,sv3pt5-199,517045,Holofoil,190.14,178.63,224.99,900.0,183.63
2025-07-14,sv3pt5-205,517051,Holofoil,11.46,9.5,13.79,50.0,10.69
2025-07-14,sv3pt5-4,502555,Normal,0.11,0.01,0.15,5.0,0.09
2025-07-14,sv3pt5-4,502555,Reverse Holofoil,0.29,0.01,0.27,4.95,0.2
2025-07-14,sv3pt5-6,502558,Holofoil,3.39,2.4,4.82,999.99,3.29
2025-07-14,sv3pt5-7,502548,Normal,0.14,0.01,0.15,15.0,0.1
2025-07-14,sv3pt5-7,502548,Reverse Holofoil,0.32,0.01,0.25,4.95,0.13
2025-07-14,sv4pt5-234,535090,Holofoil,158.86,157.79,177.1,400.0,150.0
2025-07-14,sv4pt5-54,534416,Holofoil,2.59,1.69,3.0,34.99,2.55
2025-07-14,sv8-57,590025,Holofoil,5.78,4.55,7.0,40.0,5.47
2025-07-14,sv8pt5-149,610504,Holofoil,227.82,219.9,252.13,800.0,227.89
2025-07-14,sv8pt5-155,610510,Holofoil,246.85,228.76,278.84,599.95,
2025-07-14,sv8pt5-156,610511,Holofoil,381.86,320.98,409.5,799.95,340.0
2025-07-14,sv8pt5-161,610516,Holofoil,1011.07,880.0,1013.49,1999.95,
2025-07-14,sv8pt5-167,610522,Holofoil,123.53,114.99,140.0,360.68,123.6
2025-07-14,sv8pt5-179,610534,Holofoil,35.09,33.0,45.0,270.0,
2025-07-14,sv8pt5-28,610383,Holofoil,1.11,0.35,1.29,12.0,1.14
2025-07-14,sv8pt5-47,610402,Normal,0.08,0.01,0.1,4.95,0.03
2025-07-14,sv8pt5-47,610402,Reverse Holofoil,0.1,0.01,0.14,5.11,0.06
2025-07-14,sv8pt5-59,610414,Holofoil,0.22,0.01,0.27,100.0,0.15
2025-07-14,sv8pt5-59,610414,Reverse Holofoil,0.28,0.08,0.43,25.0,0.25
2025-07-14,sv8pt5-60,610415,Holofoil,5.25,3.3,6.44,40.0,4.91
2025-07-14,svp-085,518861,Normal,345.39,399.52,525.0,1000.0,399.52
2025-07-14,swsh11-186,284137,Holofoil,501.63,408.36,550.0,1199.99,500.95
2025-07-14,swsh12-186,451834,Holofoil,259.55,234.61,323.32,599.95,269.8
2025-07-14,swsh12pt5gg-GG69,478100,Holofoil,154.55,150.0,175.56,1000.0,161.75
2025-07-14,swsh35-25,223018,Normal,0.08,0.02,0.2,4.95,
2025-07-14,swsh35-25,223018,Reverse Holofoil,0.27,0.09,0.3,4.95,0.23
2025-07-14,swsh35-74,223073,Holofoil,162.15,149.49,196.29,1500.0,154.1
2025-07-14,swsh45sv-SV107,232496,Holofoil,95.1,91.98,112.8,349.95,100.0
2025-07-14,swsh7-204,246693,Holofoil,27.13,24.5,32.32,100.0,30.22
2025-07-14,swsh7-205,246696,Holofoil,390.44,274.99,400.0,849.99,369.98
2025-07-14,swsh7-208,246755,Holofoil,24.69,23.0,29.99,59.99,26.84
2025-07-14,swsh7-209,246756,Holofoil,275.31,265.98,310.0,799.99,270.98
2025-07-14,swsh7-211,246702,Holofoil,39.98,31.0,45.0,99.99,44.76
2025-07-14,swsh7-212,246704,Holofoil,294.7,266.32,349.99,1000.0,296.89
2025-07-14,swsh7-215,246723,Holofoil,1430.06,1300.0,1520.0,13000.0,1415.76
2025-07-14,swsh7-218,246733,Holofoil,679.13,519.99,706.42,1499.99,659.99
2025-07-14,swsh7-41,246753,Holofoil,5.02,4.0,5.5,89.0,5.0
2025-07-14,swsh7-65,246690,Holofoil,9.29,7.0,9.99,500.0,9.02
2025-07-14,swsh7-75,246701,Holofoil,9.1,8.0,10.87,50.0,9.08
2025-07-14,swsh7-8,246691,Holofoil,5.63,4.0,6.1,50.0,5.61
2025-07-14,swsh8-271,253266,Holofoil,575.65,494.5,650.0,1399.99,576.79
2025-07-14,swsh9-154,263873,Holofoil,202.43,178.19,222.73,1500.0,159.99
2025-07-15,base1-15,42355,Holofoil,117.73,71.64,111.68,300.0,
2025-07-15,base1-16,42356,Holofoil,38.62,20.58,35.91,72.94,22.19
2025-07-15,base1-2,42360,Holofoil,162.11,105.0,149.99,499.99,
2025-07-15,base1-4,42382,Holofoil,450.61,300.0,449.99,1249.99,
2025-07-15,base1-58,42402,Normal,2.93,0.47,2.6,9999.0,0.47
2025-07-15,cel25c-4,250320,Holofoil,96.14,86.54,108.18,250.0,86.54
2025-07-15,gym2-2,83861,1st Edition Holofoil,650.0,501.96,750.98,1000.0,
2025-07-15,gym2-2,83861,Unlimited Holofoil,524.92,313.98,501.25,599.99,499.99
2025-07-15,neo1-9,86903,1st Edition Holofoil,1251.5,1798.78,1899.98,1999.95,
2025-07-15,neo1-9,86903,Unlimited Holofoil,447.32,263.79,339.97,699.95,
2025-07-15,sl-151-bundle,502000,Normal,72.91,60.99,79.99,499.99,
2025-07-15,sl-151-etb,503313,Normal,253.19,255.0,300.0,4999.99,
2025-07-15,sl-151-upc,502005,Normal,396.14,390.0,499.0,20000.0,
2025-07-15,sl-ar-box,265519,Normal,388.11,363.86,400.99,750.0,
2025-07-15,sl-bs-box,256141,Normal,400.38,390.0,470.0,999.99,
2025-07-15,sl-cel-upc,245140,Normal,552.09,647.0,799.99,1000.0,
2025-07-15,sl-champ-etb,218791,Normal,124.53,125.0,150.0,299.99,
2025-07-15,sl-cz-etb,453470,Normal,179.72,175.0,199.99,1999.99,
2025-07-15,sl-dr-box,624679,Normal,265.38,265.0,300.0,99999.0,
2025-07-15,sl-evs-box,242436,Normal,1949.68,1954.0,2499.99,10000.0,
2025-07-15,sl-evs-etb,243721,Normal,587.18,625.0,754.5,999.99,
2025-07-15,sl-fs-box,247654,Normal,731.29,750.0,899.0,3000.0,
2025-07-15,sl-hf-etb,194729,Normal,402.77,396.99,467.5,999.99,
2025-07-15,sl-jp-151,565243,Normal,159.59,148.91,170.0,250.0,
2025-07-15,sl-jp-terastal,603428,Normal,91.46,88.24,112.66,200.0,
2025-07-15,sl-jt-box,610931,Normal,236.49,232.1,265.99,551.0,
2025-07-15,sl-lo-box,277324,Normal,491.38,520.0,600.0,1200.0,
2025-07-15,sl-obf-box,501257,Normal,236.12,216.0,272.02,30000.0,
2025-07-15,sl-pe-etb,593355,Normal,109.81,100.0,129.99,100000.0,
2025-07-15,sl-pe-spc,622770,Normal,208.07,198.92,249.74,99999.0,
2025-07-15,sl-pf-etb,528040,Normal,187.16,188.0,219.97,275.0,
2025-07-15,sl-shf-etb,228821,Normal,93.19,80.0,99.47,499.99,
2025-07-15,sl-ss-box,565606,Normal,243.34,245.0,299.0,4999.99,
2025-07-15,sl-st-box,283389,Normal,360.19,335.98,400.0,1000.0,
2025-07-15,sl-tf-box,536225,Normal,229.54,215.58,248.98,400.0,
2025-07-15,sv2-185,497557,Normal,0.32,0.1,0.38,29.0,0.25
2025-07-15,sv2-185,497557,Reverse Holofoil,0.6,0.2,0.75,7.99,0.38
2025-07-15,sv2-254,497669,Holofoil,17.29,16.0,20.0,100.0,15.76
2025-07-15,sv2-269,497689,Holofoil,51.01,45.0,60.03,259.99,54.76
2025-07-15,sv3pt5-151,516566,Holofoil,7.03,6.0,8.0,40.0,6.43
2025-07-15,sv3pt5-199,517045,Holofoil,191.39,168.1,228.17,900.0,184.91
2025-07-15,sv3pt5-205,517051,Holofoil,11.17,10.24,13.64,50.0,10.69
2025-07-15,sv3pt5-4,502555,Normal,0.1,0.01,0.15,5.0,0.09
2025-07-15,sv3pt5-4,502555,Reverse Holofoil,0.22,0.07,0.27,4.95,0.2
2025-07-15,sv3pt5-6,502558,Holofoil,3.37,1.0,4.86,999.99,3.29
2025-07-15,sv3pt5-7,502548,Normal,0.14,0.01,0.15,15.0,0.1
2025-07-15,sv3pt5-7,502548,Reverse Holofoil,0.17,0.01,0.25,20.02,0.13
2025-07-15,sv4pt5-234,535090,Holofoil,159.68,157.89,178.8,400.0,150.0
2025-07-15,sv4pt5-54,534416,Holofoil,2.53,1.59,3.0,34.99,2.55
2025-07-15,sv8-57,590025,Holofoil,4.96,3.4,6.9,40.0,5.0
2025-07-15,sv8pt5-149,610504,Holofoil,227.82,215.0,249.69,800.0,227.89
2025-07-15,sv8pt5-155,610510,Holofoil,246.85,235.0,276.46,599.95,
2025-07-15,sv8pt5-156,610511,Holofoil,381.86,320.98,408.79,799.95,341.69
2025-07-15,sv8pt5-161,610516,Holofoil,1006.33,915.0,1042.3,1999.95,
2025-07-15,sv8pt5-167,610522,Holofoil,123.53,105.0,140.0,360.68,123.6
2025-07-15,sv8pt5-179,610534,Holofoil,35.16,33.0,45.0,270.0,
2025-07-15,sv8pt5-28,610383,Holofoil,1.14,0.58,1.29,12.0,1.15
2025-07-15,sv8pt5-47,610402,Normal,0.08,0.01,0.1,20.01,0.03
2025-07-15,sv8pt5-47,610402,Reverse Holofoil,0.11,0.01,0.14,20.01,0.06
2025-07-15,sv8pt5-59,610414,Holofoil,0.27,0.01,0.27,100.0,0.13
2025-07-15,sv8pt5-59,610414,Reverse Holofoil,0.3,0.08,0.43,25.0,0.24
2025-07-15,sv8pt5-60,610415,Holofoil,5.33,4.19,6.41,40.0,4.91
2025-07-15,svp-085,518861,Normal,345.39,399.52,525.0,1000.0,399.52
2025-07-15,swsh11-186,284137,Holofoil,500.42,411.54,550.0,1199.99,500.95
2025-07-15,swsh12-186,451834,Holofoil,259.55,234.61,324.44,599.95,269.8
2025-07-15,swsh12pt5gg-GG69,478100,Holofoil,155.58,150.0,175.0,1000.0,169.99
2025-07-15,swsh35-25,223018,Normal,0.08,0.02,0.2,4.95,0.08
2025-07-15,swsh35-25,223018,Reverse Holofoil,0.27,0.09,0.29,4.95,0.23
2025-07-15,swsh35-74,223073,Holofoil,161.7,153.7,193.39,1500.0,153.7
2025-07-15,swsh45sv-SV107,232496,Holofoil,96.38,90.98,115.0,349.95,100.0
2025-07-15,swsh7-204,246693,Holofoil,27.13,24.51,32.99,100.0,30.22
2025-07-15,swsh7-205,246696,Holofoil,390.44,274.99,399.99,849.99,369.98
2025-07-15,swsh7-208,246755,Holofoil,24.69,23.0,29.63,59.99,26.84
2025-07-15,swsh7-209,246756,Holofoil,275.31,265.98,315.25,799.99,270.98
2025-07-15,swsh7-211,246702,Holofoil,40.41,31.0,45.0,99.99,44.76
2025-07-15,swsh7-212,246704,Holofoil,295.06,266.32,347.75,1000.0,296.89
2025-07-15,swsh7-215,246723,Holofoil,1430.06,1000.0,1490.0,13000.0,1415.75
2025-07-15,swsh7-218,246733,Holofoil,679.13,519.99,706.42,1499.99,659.99
2025-07-15,swsh7-41,246753,Holofoil,5.02,4.0,5.65,89.0,4.3
2025-07-15,swsh7-65,246690,Holofoil,9.19,7.21,10.0,500.0,9.02
2025-07-15,swsh7-75,246701,Holofoil,9.05,8.0,10.85,50.0,9.08
2025-07-15,swsh7-8,246691,Holofoil,5.59,4.0,6.16,50.0,4.99
2025-07-15,swsh8-271,253266,Holofoil,575.65,494.5,650.0,1399.99,576.79
2025-07-15,swsh9-154,263873,Holofoil,202.18,176.58,222.4,1500.0,159.99
2025-07-16,base1-15,42355,Holofoil,117.5,71.64,118.03,300.0,
2025-07-16,base1-16,42356,Holofoil,38.31,20.0,35.74,72.94,22.19
2025-07-16,base1-2,42360,Holofoil,162.11,105.0,153.98,499.99,
2025-07-16,base1-4,42382,Holofoil,450.61,299.99,450.08,1249.99,
2025-07-16,base1-58,42402,Normal,2.85,0.49,2.5,9999.0,1.32
2025-07-16,cel25c-4,250320,Holofoil,97.69,86.54,109.99,250.0,86.54
2025-07-16,gym2-2,83861,1st Edition Holofoil,650.0,501.96,750.98,1000.0,
2025-07-16,gym2-2,83861,Unlimited Holofoil,524.92,313.97,500.62,599.99,499.99
2025-07-16,neo1-9,86903,1st Edition Holofoil,1251.5,1798.78,1899.98,1999.95,
2025-07-16,neo1-9,86903,Unlimited Holofoil,447.32,263.79,339.49,699.95,
2025-07-16,sl-151-bundle,502000,Normal,71.58,60.99,80.0,499.99,
2025-07-16,sl-151-etb,503313,Normal,255.55,256.0,300.0,4999.99,
2025-07-16,sl-151-upc,502005,Normal,396.02,395.0,499.0,20000.0,
2025-07-16,sl-ar-box,265519,Normal,388.11,363.86,403.49,750.0,
2025-07-16,sl-bs-box,256141,Normal,403.66,390.0,498.47,999.99,
2025-07-16,sl-cel-upc,245140,Normal,557.97,650.0,799.99,1000.0,
2025-07-16,sl-champ-etb,218791,Normal,126.13,125.0,150.0,299.99,
2025-07-16,sl-cz-etb,453470,Normal,180.44,175.0,199.99,1999.99,
2025-07-16,sl-dr-box,624679,Normal,269.37,266.67,318.65,99999.0,
2025-07-16,sl-evs-box,242436,Normal,1954.0,1954.0,2650.0,10000.0,
2025-07-16,sl-evs-etb,243721,Normal,587.18,625.0,754.5,999.99,
2025-07-16,sl-fs-box,247654,Normal,731.29,750.0,897.0,3000.0,
2025-07-16,sl-hf-etb,194729,Normal,404.45,396.99,450.0,999.99,
2025-07-16,sl-jp-151,565243,Normal,157.02,148.91,169.99,250.0,
2025-07-16,sl-jp-terastal,603428,Normal,90.68,88.24,112.91,200.0,
2025-07-16,sl-jt-box,610931,Normal,235.89,232.1,263.83,551.0,
2025-07-16,sl-lo-box,277324,Normal,491.38,500.0,600.0,1200.0,
2025-07-16,sl-obf-box,501257,Normal,235.24,216.0,264.52,30000.0,
2025-07-16,sl-pe-etb,593355,Normal,110.15,100.0,129.99,100000.0,
2025-07-16,sl-pe-spc,622770,Normal,203.75,199.9,249.99,99999.0,
2025-07-16,sl-pf-etb,528040,Normal,188.36,189.49,237.48,275.0,
2025-07-16,sl-shf-etb,228821,Normal,93.75,80.0,99.92,499.99,
2025-07-16,sl-ss-box,565606,Normal,246.43,245.0,298.5,4999.99,
2025-07-16,sl-st-box,283389,Normal,357.29,340.99,400.0,1000.0,
2025-07-16,sl-tf-box,536225,Normal,229.42,215.58,249.95,400.0,
2025-07-16,sv2-185,497557,Normal,0.27,0.1,0.37,29.0,0.25
2025-07-16,sv2-185,497557,Reverse Holofoil,0.61,0.2,0.75,7.99,0.48
2025-07-16,sv2-254,497669,Holofoil,17.37,16.94,20.0,100.0,15.76
2025-07-16,sv2-269,497689,Holofoil,50.43,45.0,59.55,259.99,45.2
2025-07-16,sv3pt5-151,516566,Holofoil,6.87,5.68,8.0,40.0,6.05
2025-07-16,sv3pt5-199,517045,Holofoil,193.47,179.0,229.67,900.0,185.05
2025-07-16,sv3pt5-205,517051,Holofoil,11.31,10.44,13.64,50.0,10.69
2025-07-16,sv3pt5-4,502555,Normal,0.11,0.01,0.15,5.0,0.09
2025-07-16,sv3pt5-4,502555,Reverse Holofoil,0.23,0.07,0.26,4.95,0.2
2025-07-16,sv3pt5-6,502558,Holofoil,3.48,1.0,4.84,999.99,3.29
2025-07-16,sv3pt5-7,502548,Normal,0.11,0.01,0.15,15.0,0.1
2025-07-16,sv3pt5-7,502548,Reverse Holofoil,0.2,0.01,0.24,4.95,0.13
2025-07-16,sv4pt5-234,535090,Holofoil,160.78,157.88,179.99,400.0,150.0
2025-07-16,sv4pt5-54,534416,Holofoil,2.44,1.69,3.0,34.99,2.55
2025-07-16,sv8-57,590025,Holofoil,4.81,4.0,6.75,40.0,4.71
2025-07-16,sv8pt5-149,610504,Holofoil,227.82,215.0,249.6,800.0,227.89
2025-07-16,sv8pt5-155,610510,Holofoil,244.79,229.77,276.46,599.95,
2025-07-16,sv8pt5-156,610511,Holofoil,381.86,320.98,405.0,800.0,341.69
2025-07-16,sv8pt5-161,610516,Holofoil,996.06,910.0,1017.52,1999.95,
2025-07-16,sv8pt5-167,610522,Holofoil,122.73,114.0,135.88,360.68,122.8
2025-07-16,sv8pt5-179,610534,Holofoil,34.87,30.0,42.17,270.0,
2025-07-16,sv8pt5-28,610383,Holofoil,1.11,0.59,1.3,12.0,1.15
2025-07-16,sv8pt5-47,610402,Normal,0.09,0.01,0.1,4.95,0.04
2025-07-16,sv8pt5-47,610402,Reverse Holofoil,0.1,0.01,0.14,5.11,0.06
2025-07-16,sv8pt5-59,610414,Holofoil,0.21,0.01,0.29,100.0,0.15
2025-07-16,sv8pt5-59,610414,Reverse Holofoil,0.3,0.08,0.43,25.0,0.26
2025-07-16,sv8pt5-60,610415,Holofoil,5.29,4.0,6.4,40.0,4.91
2025-07-16,svp-085,518861,Normal,345.39,399.52,525.0,1000.0,399.52
2025-07-16,swsh11-186,284137,Holofoil,498.64,411.54,550.0,1199.99,500.95
2025-07-16,swsh12-186,451834,Holofoil,259.55,258.07,324.71,599.95,267.59
2025-07-16,swsh12pt5gg-GG69,478100,Holofoil,155.9,150.0,175.56,1000.0,159.99
2025-07-16,swsh35-25,223018,Normal,0.08,0.02,0.2,4.95,0.08
2025-07-16,swsh35-25,223018,Reverse Holofoil,0.27,0.09,0.28,4.95,0.23
2025-07-16,swsh35-74,223073,Holofoil,161.7,153.7,190.69,1500.0,153.7
2025-07-16,swsh45sv-SV107,232496,Holofoil,96.38,90.98,115.0,349.95,100.0
2025-07-16,swsh7-204,246693,Holofoil,27.13,24.51,33.13,100.0,30.22
2025-07-16,swsh7-205,246696,Holofoil,392.04,274.99,399.99,849.99,369.98
2025-07-16,swsh7-208,246755,Holofoil,24.69,23.0,28.72,59.99,26.84
2025-07-16,swsh7-209,246756,Holofoil,275.31,259.99,313.02,799.99,270.98
2025-07-16,swsh7-211,246702,Holofoil,40.41,31.0,45.21,99.99,44.76
2025-07-16,swsh7-212,246704,Holofoil,295.06,266.32,349.26,1000.0,296.89
2025-07-16,swsh7-215,246723,Holofoil,1430.06,1000.0,1474.15,13000.0,1415.75
2025-07-16,swsh7-218,246733,Holofoil,679.13,519.99,710.0,1499.99,659.99
2025-07-16,swsh7-41,246753,Holofoil,4.99,3.5,5.5,89.0,4.3
2025-07-16,swsh7-65,246690,Holofoil,9.34,8.0,10.0,500.0,9.02
2025-07-16,swsh7-75,246701,Holofoil,8.89,7.94,10.87,50.0,9.08
2025-07-16,swsh7-8,246691,Holofoil,5.58,4.0,6.09,50.0,4.99
2025-07-16,swsh8-271,253266,Holofoil,575.65,494.5,649.99,1399.99,576.79
2025-07-16,swsh9-154,263873,Holofoil,202.18,178.19,221.6,1500.0,159.99
2025-07-17,base1-15,42355,Holofoil,117.58,66.0,119.76,300.0,
2025-07-17,base1-16,42356,Holofoil,38.19,20.0,35.0,72.94,22.57
2025-07-17,base1-2,42360,Holofoil,162.11,105.0,153.98,499.99,86.0
2025-07-17,base1-4,42382,Holofoil,450.61,300.0,450.61,1249.99,
2025-07-17,base1-58,42402,Normal,2.95,0.49,2.65,9999.0,1.39
2025-07-17,cel25c-4,250320,Holofoil,97.69,86.01,109.99,250.0,97.23
2025-07-17,gym2-2,83861,1st Edition Holofoil,650.0,496.94,748.47,1000.0,
2025-07-17,gym2-2,83861,Unlimited Holofoil,524.92,310.0,499.99,599.99,499.99
2025-07-17,neo1-9,86903,1st Edition Holofoil,1251.5,1798.78,1899.98,1999.95,
2025-07-17,neo1-9,86903,Unlimited Holofoil,447.32,263.79,339.49,699.95,
2025-07-17,sl-151-bundle,502000,Normal,70.91,67.97,80.0,499.99,
2025-07-17,sl-151-etb,503313,Normal,256.51,267.99,300.0,4999.99,
2025-07-17,sl-151-upc,502005,Normal,398.34,394.0,499.0,20000.0,
2025-07-17,sl-ar-box,265519,Normal,388.11,363.86,405.0,1999.99,
2025-07-17,sl-bs-box,256141,Normal,405.68,404.99,499.99,999.99,
2025-07-17,sl-cel-upc,245140,Normal,557.97,650.0,799.99,1000.0,
2025-07-17,sl-champ-etb,218791,Normal,126.53,125.0,150.0,299.99,
2025-07-17,sl-cz-etb,453470,Normal,181.44,175.0,199.99,1999.99,
2025-07-17,sl-dr-box,624679,Normal,278.37,275.0,318.65,99999.0,
2025-07-17,sl-evs-box,242436,Normal,1956.56,1999.0,2656.3,10000.0,
2025-07-17,sl-evs-etb,243721,Normal,587.18,625.0,710.0,999.99,
2025-07-17,sl-fs-box,247654,Normal,731.29,731.29,899.0,3000.0,
2025-07-17,sl-hf-etb,194729,Normal,404.82,400.0,467.5,999.99,
2025-07-17,sl-jp-151,565243,Normal,157.44,148.91,169.99,250.0,
2025-07-17,sl-jp-terastal,603428,Normal,90.9,89.0,113.31,200.0,
2025-07-17,sl-jt-box,610931,Normal,236.05,232.1,263.83,551.0,
2025-07-17,sl-lo-box,277324,Normal,493.54,488.74,600.0,1200.0,
2025-07-17,sl-me1-box,644298,Normal,,497.99,498.99,499.99,
2025-07-17,sl-obf-box,501257,Normal,234.96,225.69,272.02,30000.0,
2025-07-17,sl-pe-etb,593355,Normal,109.58,99.0,130.0,100000.0,
2025-07-17,sl-pe-spc,622770,Normal,203.6,199.9,249.74,99999.0,
2025-07-17,sl-pf-etb,528040,Normal,190.58,207.0,239.98,275.0,
2025-07-17,sl-shf-etb,228821,Normal,93.51,80.0,99.94,499.99,
2025-07-17,sl-ss-box,565606,Normal,248.47,242.98,298.0,4999.99,
2025-07-17,sl-st-box,283389,Normal,361.73,340.99,412.0,1199.99,
2025-07-17,sl-tf-box,536225,Normal,230.22,215.58,249.99,400.0,
2025-07-17,sv2-185,497557,Normal,0.31,0.1,0.37,29.0,0.25
2025-07-17,sv2-185,497557,Reverse Holofoil,0.53,0.2,0.75,7.99,0.43
2025-07-17,sv2-254,497669,Holofoil,17.53,16.0,20.0,100.0,15.76
2025-07-17,sv2-269,497689,Holofoil,51.15,48.97,60.05,259.99,54.76
2025-07-17,sv3pt5-151,516566,Holofoil,6.72,5.25,8.0,40.0,6.03
2025-07-17,sv3pt5-199,517045,Holofoil,192.68,180.37,230.0,900.0,185.05
2025-07-17,sv3pt5-205,517051,Holofoil,11.27,10.44,13.78,50.0,10.88
2025-07-17,sv3pt5-4,502555,Normal,0.11,0.01,0.15,5.0,0.09
2025-07-17,sv3pt5-4,502555,Reverse Holofoil,0.25,0.07,0.26,4.95,0.21
2025-07-17,sv3pt5-6,502558,Holofoil,3.45,1.0,4.95,999.99,3.56
2025-07-17,sv3pt5-7,502548,Normal,0.11,0.01,0.15,15.0,0.09
2025-07-17,sv3pt5-7,502548,Reverse Holofoil,0.18,0.05,0.24,4.95,0.13
2025-07-17,sv4pt5-234,535090,Holofoil,161.43,157.34,179.99,400.0,150.0
2025-07-17,sv4pt5-54,534416,Holofoil,2.36,1.97,3.0,34.99,2.55
2025-07-17,sv8-57,590025,Holofoil,5.02,3.0,6.99,40.0,4.75
2025-07-17,sv8pt5-149,610504,Holofoil,227.82,214.98,247.72,800.0,227.89
2025-07-17,sv8pt5-155,610510,Holofoil,244.79,230.0,275.0,599.95,
2025-07-17,sv8pt5-156,610511,Holofoil,377.36,319.99,405.0,800.0,339.98
2025-07-17,sv8pt5-161,610516,Holofoil,984.0,910.0,1061.62,1999.95,
2025-07-17,sv8pt5-167,610522,Holofoil,120.66,114.0,139.99,360.68,121.0
2025-07-17,sv8pt5-179,610534,Holofoil,35.0,30.0,42.82,270.0,
2025-07-17,sv8pt5-28,610383,Holofoil,1.0,0.69,1.3,12.0,1.01
2025-07-17,sv8pt5-47,610402,Normal,0.09,0.01,0.1,4.95,0.04
2025-07-17,sv8pt5-47,610402,Reverse Holofoil,0.09,0.01,0.14,5.11,0.06
2025-07-17,sv8pt5-59,610414,Holofoil,0.22,0.01,0.27,100.0,0.15
2025-07-17,sv8pt5-59,610414,Reverse Holofoil,0.32,0.08,0.42,25.0,0.26
2025-07-17,sv8pt5-60,610415,Holofoil,5.18,4.0,6.35,40.0,4.83
2025-07-17,svp-085,518861,Normal,378.19,375.0,599.95,1000.0,
2025-07-17,swsh11-186,284137,Holofoil,493.88,437.32,575.53,1199.99,500.95
2025-07-17,swsh12-186,451834,Holofoil,267.02,254.14,327.65,599.95,265.7
2025-07-17,swsh12pt5gg-GG69,478100,Holofoil,156.31,152.05,180.0,1000.0,169.98
2025-07-17,swsh35-25,223018,Normal,0.08,0.02,0.2,4.95,0.08
2025-07-17,swsh35-25,223018,Reverse Holofoil,0.26,0.09,0.28,4.95,0.23
2025-07-17,swsh35-74,223073,Holofoil,162.04,153.7,185.99,1500.0,153.7
2025-07-17,swsh45sv-SV107,232496,Holofoil,96.38,90.98,115.29,349.95,97.48
2025-07-17,swsh7-204,246693,Holofoil,27.05,22.0,33.13,100.0,30.22
2025-07-17,swsh7-205,246696,Holofoil,389.63,274.99,400.0,849.99,368.99
2025-07-17,swsh7-208,246755,Holofoil,24.73,22.33,28.47,59.99,26.54
2025-07-17,swsh7-209,246756,Holofoil,276.93,259.99,310.02,799.99,270.98
2025-07-17,swsh7-211,246702,Holofoil,40.41,31.0,45.21,99.99,44.76
2025-07-17,swsh7-212,246704,Holofoil,296.17,266.32,349.99,1000.0,296.89
2025-07-17,swsh7-215,246723,Holofoil,1410.1,1000.0,1449.3,2999.99,1396.0
2025-07-17,swsh7-218,246733,Holofoil,672.03,575.57,710.0,1499.99,659.99
2025-07-17,swsh7-41,246753,Holofoil,4.99,3.49,5.51,89.0,4.3
2025-07-17,swsh7-65,246690,Holofoil,9.31,8.0,10.0,500.0,9.02
2025-07-17,swsh7-75,246701,Holofoil,9.48,8.0,10.9,50.0,9.08
2025-07-17,swsh7-8,246691,Holofoil,5.53,4.0,6.16,50.0,5.61
2025-07-17,swsh8-271,253266,Holofoil,577.19,518.09,649.67,1399.99,576.79
2025-07-17,swsh9-154,263873,Holofoil,201.94,178.19,222.2,1500.0,159.99
2025-07-18,base1-15,42355,Holofoil,117.58,65.24,120.56,300.0,
2025-07-18,base1-16,42356,Holofoil,38.16,20.0,35.27,72.94,22.57
2025-07-18,base1-2,42360,Holofoil,162.32,100.0,153.98,499.99,86.0
2025-07-18,base1-4,42382,Holofoil,450.61,300.0,450.61,1249.99,
2025-07-18,base1-58,42402,Normal,2.93,0.49,2.5,9999.0,1.39
2025-07-18,cel25c-4,250320,Holofoil,99.11,86.43,110.24,250.0,93.6
2025-07-18,gym2-2,83861,1st Edition Holofoil,650.0,496.94,748.47,1000.0,
2025-07-18,gym2-2,83861,Unlimited Holofoil,524.92,310.0,499.99,599.99,499.99
2025-07-18,neo1-9,86903,1st Edition Holofoil,1251.5,1798.78,1899.98,1999.95,
2025-07-18,neo1-9,86903,Unlimited Holofoil,447.32,263.79,339.0,699.95,
2025-07-18,sl-151-bundle,502000,Normal,71.31,69.13,80.0,999.99,
2025-07-18,sl-151-etb,503313,Normal,256.51,256.51,300.0,4999.99,
2025-07-18,sl-151-upc,502005,Normal,399.15,394.0,499.95,20000.0,
2025-07-18,sl-ar-box,265519,Normal,388.11,363.86,407.78,1999.99,
2025-07-18,sl-bs-box,256141,Normal,405.68,395.0,499.99,999.99,
2025-07-18,sl-cel-upc,245140,Normal,563.97,684.0,799.99,1000.0,
2025-07-18,sl-champ-etb,218791,Normal,128.17,125.0,150.0,299.99,
2025-07-18,sl-cz-etb,453470,Normal,182.15,178.99,199.99,1999.99,
2025-07-18,sl-dr-box,624679,Normal,282.15,270.0,309.48,99999.0,
2025-07-18,sl-evs-box,242436,Normal,1961.2,1990.0,2650.0,10000.0,
2025-07-18,sl-evs-etb,243721,Normal,587.18,625.0,710.0,999.99,
2025-07-18,sl-fs-box,247654,Normal,731.29,720.0,899.0,3000.0,
2025-07-18,sl-hf-etb,194729,Normal,406.22,400.0,475.0,999.99,
2025-07-18,sl-jp-151,565243,Normal,160.72,148.91,169.99,250.0,
2025-07-18,sl-jp-terastal,603428,Normal,90.32,86.4,113.47,200.0,
2025-07-18,sl-jt-box,610931,Normal,235.97,232.1,263.83,551.0,
2025-07-18,sl-lo-box,277324,Normal,492.9,488.74,599.88,1200.0,
2025-07-18,sl-me1-box,644298,Normal,287.97,279.97,299.97,499.99,
2025-07-18,sl-obf-box,501257,Normal,234.41,218.19,258.35,30000.0,
2025-07-18,sl-pe-etb,593355,Normal,108.49,99.0,129.99,100000.0,
2025-07-18,sl-pe-spc,622770,Normal,206.1,200.0,249.99,99999.0,
2025-07-18,sl-pf-etb,528040,Normal,195.46,205.0,230.0,275.0,
2025-07-18,sl-shf-etb,228821,Normal,93.43,80.0,99.95,499.99,
2025-07-18,sl-ss-box,565606,Normal,244.57,230.01,289.94,4999.99,
2025-07-18,sl-st-box,283389,Normal,360.97,344.45,414.0,1199.99,
2025-07-18,sl-tf-box,536225,Normal,230.22,215.58,249.99,400.0,
2025-07-18,sv2-185,497557,Normal,0.29,0.15,0.38,29.0,0.25
2025-07-18,sv2-185,497557,Reverse Holofoil,0.52,0.2,0.75,7.99,0.44
2025-07-18,sv2-254,497669,Holofoil,17.37,16.0,20.0,100.0,15.76
2025-07-18,sv2-269,497689,Holofoil,51.15,49.6,60.0,259.99,54.76
2025-07-18,sv3pt5-151,516566,Holofoil,7.15,5.25,8.0,40.0,6.31
2025-07-18,sv3pt5-199,517045,Holofoil,193.82,181.4,230.0,900.0,185.91
2025-07-18,sv3pt5-205,517051,Holofoil,11.16,10.0,13.85,50.0,10.88
2025-07-18,sv3pt5-4,502555,Normal,0.11,0.01,0.15,5.0,0.09
2025-07-18,sv3pt5-4,502555,Reverse Holofoil,0.3,0.07,0.28,4.95,0.21
2025-07-18,sv3pt5-6,502558,Holofoil,3.6,1.0,4.85,999.99,3.65
2025-07-18,sv3pt5-7,502548,Normal,0.1,0.01,0.15,15.0,0.1
2025-07-18,sv3pt5-7,502548,Reverse Holofoil,0.22,0.05,0.25,4.95,0.13
2025-07-18,sv4pt5-234,535090,Holofoil,162.81,157.34,180.0,400.0,150.0
2025-07-18,sv4pt5-54,534416,Holofoil,2.44,1.97,3.0,34.99,2.55
2025-07-18,sv8-57,590025,Holofoil,5.28,3.0,6.99,40.0,4.99
2025-07-18,sv8pt5-149,610504,Holofoil,227.82,214.98,246.69,800.0,227.89
2025-07-18,sv8pt5-155,610510,Holofoil,243.27,220.0,275.0,599.95,
2025-07-18,sv8pt5-156,610511,Holofoil,377.36,319.99,401.73,800.0,339.98
2025-07-18,sv8pt5-161,610516,Holofoil,977.39,910.0,1052.88,1999.95,
2025-07-18,sv8pt5-167,610522,Holofoil,119.17,114.0,137.43,360.68,119.7
2025-07-18,sv8pt5-179,610534,Holofoil,35.17,30.0,42.0,270.0,
2025-07-18,sv8pt5-28,610383,Holofoil,1.19,0.69,1.3,12.0,1.15
2025-07-18,sv8pt5-47,610402,Normal,0.09,0.01,0.1,4.95,0.04
2025-07-18,sv8pt5-47,610402,Reverse Holofoil,0.1,0.01,0.14,5.11,0.06
2025-07-18,sv8pt5-59,610414,Holofoil,0.21,0.01,0.27,100.0,0.17
2025-07-18,sv8pt5-59,610414,Reverse Holofoil,0.31,0.08,0.42,25.0,0.26
2025-07-18,sv8pt5-60,610415,Holofoil,5.36,4.0,6.44,40.0,4.91
2025-07-18,svp-085,518861,Normal,378.19,450.0,500.0,1000.0,
2025-07-18,swsh11-186,284137,Holofoil,492.6,431.36,550.0,1199.99,500.95
2025-07-18,swsh12-186,451834,Holofoil,268.64,267.04,329.31,599.95,267.04
2025-07-18,swsh12pt5gg-GG69,478100,Holofoil,156.4,152.05,179.99,1000.0,169.98
2025-07-18,swsh35-25,223018,Normal,0.08,0.02,0.2,4.95,0.08
2025-07-18,swsh35-25,223018,Reverse Holofoil,0.26,0.09,0.27,4.95,0.22
2025-07-18,swsh35-74,223073,Holofoil,162.64,152.0,185.99,1500.0,154.0
2025-07-18,swsh45sv-SV107,232496,Holofoil,96.3,90.98,114.8,349.95,102.99
2025-07-18,swsh7-204,246693,Holofoil,27.05,22.0,33.06,100.0,29.94
2025-07-18,swsh7-205,246696,Holofoil,389.63,274.99,400.0,849.99,368.98
2025-07-18,swsh7-208,246755,Holofoil,24.69,23.0,28.13,59.99,26.54
2025-07-18,swsh7-209,246756,Holofoil,276.93,259.99,309.72,799.99,270.98
2025-07-18,swsh7-211,246702,Holofoil,40.05,31.0,45.21,99.99,44.76
2025-07-18,swsh7-212,246704,Holofoil,296.17,266.32,349.95,1000.0,296.89
2025-07-18,swsh7-215,246723,Holofoil,1410.1,1000.0,1480.0,2999.99,1396.0
2025-07-18,swsh7-218,246733,Holofoil,672.03,599.98,706.42,1499.99,659.94
2025-07-18,swsh7-41,246753,Holofoil,4.91,3.7,5.58,89.0,4.3
2025-07-18,swsh7-65,246690,Holofoil,9.23,8.0,10.0,500.0,9.02
2025-07-18,swsh7-75,246701,Holofoil,9.74,8.0,10.89,50.0,9.08
2025-07-18,swsh7-8,246691,Holofoil,5.5,4.0,6.2,50.0,5.61
2025-07-18,swsh8-271,253266,Holofoil,578.59,515.96,650.0,1399.99,576.79
2025-07-18,swsh9-154,263873,Holofoil,201.38,178.19,223.3,1500.0,159.99
2025-07-19,base1-15,42355,Holofoil,117.58,65.0,119.99,300.0,
2025-07-19,base1-16,42356,Holofoil,38.16,20.0,35.53,72.94,22.82
2025-07-19,base1-2,42360,Holofoil,162.32,104.0,154.08,499.99,86.0
2025-07-19,base1-4,42382,Holofoil,450.61,280.0,450.61,1249.99,
2025-07-19,base1-58,42402,Normal,2.88,0.49,2.65,9999.0,1.39
2025-07-19,cel25c-4,250320,Holofoil,99.34,86.47,112.62,250.0,94.4
2025-07-19,gym2-2,83861,1st Edition Holofoil,650.0,491.97,745.99,1000.0,
2025-07-19,gym2-2,83861,Unlimited Holofoil,524.92,310.0,491.23,599.99,499.99
2025-07-19,neo1-9,86903,1st Edition Holofoil,1251.5,1798.78,1899.98,1999.95,
2025-07-19,neo1-9,86903,Unlimited Holofoil,447.32,263.79,339.49,699.95,
2025-07-19,sl-151-bundle,502000,Normal,74.74,69.33,80.0,999.99,
2025-07-19,sl-151-etb,503313,Normal,258.02,275.0,300.0,4999.99,
2025-07-19,sl-151-upc,502005,Normal,399.11,394.0,499.99,20000.0,
2025-07-19,sl-ar-box,265519,Normal,388.11,363.86,405.0,1999.99,
2025-07-19,sl-bs-box,256141,Normal,405.68,395.0,499.99,999.99,
2025-07-19,sl-cel-upc,245140,Normal,563.97,684.0,799.99,1000.0,
2025-07-19,sl-champ-etb,218791,Normal,128.39,125.0,150.0,299.99,
2025-07-19,sl-cz-etb,453470,Normal,182.15,169.95,199.99,1999.99,
2025-07-19,sl-dr-box,624679,Normal,281.18,273.51,309.95,99999.0,
2025-07-19,sl-evs-box,242436,Normal,1961.2,1990.0,2656.3,10000.0,
2025-07-19,sl-evs-etb,243721,Normal,587.18,625.0,710.0,999.99,
2025-07-19,sl-fs-box,247654,Normal,731.29,720.0,899.0,3000.0,
2025-07-19,sl-hf-etb,194729,Normal,406.22,410.0,486.5,999.99,
2025-07-19,sl-jp-151,565243,Normal,160.65,148.91,169.69,250.0,
2025-07-19,sl-jp-terastal,603428,Normal,90.06,85.68,110.84,200.0,
2025-07-19,sl-jt-box,610931,Normal,236.31,235.59,275.0,551.0,
2025-07-19,sl-lo-box,277324,Normal,492.1,475.0,599.94,1200.0,
2025-07-19,sl-me1-box,644298,Normal,282.47,257.97,269.96,499.99,
2025-07-19,sl-obf-box,501257,Normal,233.27,218.19,255.85,30000.0,
2025-07-19,sl-pe-etb,593355,Normal,111.51,100.0,130.0,100000.0,
2025-07-19,sl-pe-spc,622770,Normal,208.7,200.0,249.99,99999.0,
2025-07-19,sl-pf-etb,528040,Normal,195.86,216.0,239.98,395.0,
2025-07-19,sl-shf-etb,228821,Normal,93.23,82.0,99.95,499.99,
2025-07-19,sl-ss-box,565606,Normal,241.6,230.01,289.94,4999.99,
2025-07-19,sl-st-box,283389,Normal,360.32,344.45,414.0,1199.99,
2025-07-19,sl-tf-box,536225,Normal,229.45,221.99,249.99,400.0,
2025-07-19,sv2-185,497557,Normal,0.32,0.15,0.38,29.0,0.25
2025-07-19,sv2-185,497557,Reverse Holofoil,0.52,0.2,0.75,7.99,0.44
2025-07-19,sv2-254,497669,Holofoil,17.33,15.95,20.0,100.0,15.76
2025-07-19,sv2-269,497689,Holofoil,50.97,49.6,59.78,259.99,50.97
2025-07-19,sv3pt5-151,516566,Holofoil,6.74,6.0,8.0,40.0,6.28
2025-07-19,sv3pt5-199,517045,Holofoil,192.89,169.91,226.87,900.0,187.25
2025-07-19,sv3pt5-205,517051,Holofoil,10.92,10.43,14.0,50.0,11.0
2025-07-19,sv3pt5-4,502555,Normal,0.12,0.01,0.15,5.0,0.09
2025-07-19,sv3pt5-4,502555,Reverse Holofoil,0.25,0.01,0.27,4.95,0.21
2025-07-19,sv3pt5-6,502558,Holofoil,3.79,1.0,4.88,999.99,3.8
2025-07-19,sv3pt5-7,502548,Normal,0.1,0.01,0.15,15.0,0.09
2025-07-19,sv3pt5-7,502548,Reverse Holofoil,0.19,0.05,0.24,4.95,0.13
2025-07-19,sv4pt5-234,535090,Holofoil,163.08,157.34,179.79,400.0,150.0
2025-07-19,sv4pt5-54,534416,Holofoil,2.94,1.97,3.0,34.99,2.55
2025-07-19,sv8-57,590025,Holofoil,4.94,4.26,6.94,40.0,4.99
2025-07-19,sv8pt5-149,610504,Holofoil,223.99,219.99,243.77,800.0,225.99
2025-07-19,sv8pt5-155,610510,Holofoil,239.64,220.0,284.0,599.95,
2025-07-19,sv8pt5-156,610511,Holofoil,375.3,296.99,400.91,800.0,329.99
2025-07-19,sv8pt5-161,610516,Holofoil,970.82,910.0,1026.15,1999.95,
2025-07-19,sv8pt5-167,610522,Holofoil,118.41,114.0,136.74,360.68,124.98
2025-07-19,sv8pt5-179,610534,Holofoil,35.2,30.0,41.1,270.0,
2025-07-19,sv8pt5-28,610383,Holofoil,1.22,0.69,1.3,12.0,1.17
2025-07-19,sv8pt5-47,610402,Normal,0.08,0.01,0.1,4.95,0.04
2025-07-19,sv8pt5-47,610402,Reverse Holofoil,0.1,0.01,0.14,5.11,0.06
2025-07-19,sv8pt5-59,610414,Holofoil,0.25,0.01,0.27,100.0,0.2
2025-07-19,sv8pt5-59,610414,Reverse Holofoil,0.28,0.08,0.41,25.0,0.25
2025-07-19,sv8pt5-60,610415,Holofoil,5.25,4.5,6.5,40.0,4.91
2025-07-19,svp-085,518861,Normal,389.71,450.0,500.0,1000.0,
2025-07-19,swsh11-186,284137,Holofoil,491.03,431.36,550.0,1199.99,500.95
2025-07-19,swsh12-186,451834,Holofoil,268.68,267.04,324.97,599.95,267.04
2025-07-19,swsh12pt5gg-GG69,478100,Holofoil,155.45,152.05,179.99,1000.0,154.99
2025-07-19,swsh35-25,223018,Normal,0.08,0.02,0.2,4.95,0.08
2025-07-19,swsh35-25,223018,Reverse Holofoil,0.26,0.09,0.27,4.95,0.22
2025-07-19,swsh35-74,223073,Holofoil,163.13,151.99,184.46,1500.0,151.99
2025-07-19,swsh45sv-SV107,232496,Holofoil,96.3,91.98,112.8,349.95,96.98
2025-07-19,swsh7-204,246693,Holofoil,26.99,22.0,32.99,100.0,29.94
2025-07-19,swsh7-205,246696,Holofoil,389.63,274.99,399.99,849.99,368.98
2025-07-19,swsh7-208,246755,Holofoil,24.69,23.0,28.13,59.99,26.54
2025-07-19,swsh7-209,246756,Holofoil,276.93,259.99,309.69,799.99,270.98
2025-07-19,swsh7-211,246702,Holofoil,40.05,31.0,45.0,99.99,44.76
2025-07-19,swsh7-212,246704,Holofoil,296.42,266.32,349.99,1000.0,296.89
2025-07-19,swsh7-215,246723,Holofoil,1390.26,1000.0,1480.0,2999.99,1376.36
2025-07-19,swsh7-218,246733,Holofoil,672.03,599.98,702.83,1499.99,659.94
2025-07-19,swsh7-41,246753,Holofoil,4.82,3.7,5.67,89.0,4.3
2025-07-19,swsh7-65,246690,Holofoil,9.25,8.0,10.0,500.0,9.02
2025-07-19,swsh7-75,246701,Holofoil,9.82,8.0,10.89,50.0,9.08
2025-07-19,swsh7-8,246691,Holofoil,5.5,4.0,6.21,50.0,5.61
2025-07-19,swsh8-271,253266,Holofoil,578.59,515.96,650.0,1399.99,576.79
2025-07-19,swsh9-154,263873,Holofoil,201.82,178.19,223.55,1500.0,159.99
2025-07-20,base1-15,42355,Holofoil,117.58,65.24,120.56,300.0,
2025-07-20,base1-16,42356,Holofoil,38.07,19.96,35.44,72.94,23.36
2025-07-20,base1-2,42360,Holofoil,162.32,104.0,153.96,499.99,86.0
2025-07-20,base1-4,42382,Holofoil,450.61,280.0,450.29,1249.99,
2025-07-20,base1-58,42402,Normal,2.82,0.49,2.63,9999.0,1.39
2025-07-20,cel25c-4,250320,Holofoil,99.34,86.47,109.99,250.0,94.4
2025-07-20,gym2-2,83861,1st Edition Holofoil,650.0,487.05,743.53,1000.0,
2025-07-20,gym2-2,83861,Unlimited Holofoil,524.92,310.0,499.0,599.99,499.99
2025-07-20,neo1-9,86903,1st Edition Holofoil,1251.5,1798.78,1899.98,1999.95,
2025-07-20,neo1-9,86903,Unlimited Holofoil,447.32,263.79,349.98,699.95,
2025-07-20,sl-151-bundle,502000,Normal,75.98,69.33,80.0,999.99,
2025-07-20,sl-151-etb,503313,Normal,260.66,275.49,300.0,4999.99,
2025-07-20,sl-151-upc,502005,Normal,399.07,385.0,499.0,20000.0,
2025-07-20,sl-ar-box,265519,Normal,388.11,360.99,405.0,1999.99,
2025-07-20,sl-bs-box,256141,Normal,405.7,395.0,499.99,999.99,
2025-07-20,sl-cel-upc,245140,Normal,579.77,747.0,799.99,1000.0,
2025-07-20,sl-champ-etb,218791,Normal,128.91,125.31,150.0,299.99,
2025-07-20,sl-cz-etb,453470,Normal,181.84,170.0,199.99,1999.99,
2025-07-20,sl-dr-box,624679,Normal,283.39,273.51,311.99,99999.0,
2025-07-20,sl-evs-box,242436,Normal,1965.64,2000.0,2800.0,10000.0,
2025-07-20,sl-evs-etb,243721,Normal,592.3,625.0,754.5,999.99,
2025-07-20,sl-fs-box,247654,Normal,726.69,720.0,899.0,3000.0,
2025-07-20,sl-hf-etb,194729,Normal,406.22,409.99,475.0,999.99,
2025-07-20,sl-jp-151,565243,Normal,161.77,148.91,169.52,250.0,
2025-07-20,sl-jp-terastal,603428,Normal,89.89,84.99,112.66,200.0,
2025-07-20,sl-jt-box,610931,Normal,235.48,239.99,275.98,551.0,
2025-07-20,sl-lo-box,277324,Normal,492.63,478.0,600.0,1200.0,
2025-07-20,sl-me1-box,644298,Normal,271.57,259.97,275.3,499.99,
2025-07-20,sl-obf-box,501257,Normal,231.58,218.19,255.85,30000.0,
2025-07-20,sl-pe-etb,593355,Normal,111.86,102.01,130.0,100000.0,
2025-07-20,sl-pe-spc,622770,Normal,208.11,200.0,249.74,99999.0,
2025-07-20,sl-pf-etb,528040,Normal,197.26,210.0,227.5,395.0,
2025-07-20,sl-shf-etb,228821,Normal,93.23,82.0,99.95,499.99,
2025-07-20,sl-ss-box,565606,Normal,239.97,230.01,291.27,4999.99,
2025-07-20,sl-st-box,283389,Normal,360.32,344.45,414.0,1199.99,
2025-07-20,sl-tf-box,536225,Normal,228.41,229.45,249.99,400.0,
2025-07-20,sv2-185,497557,Normal,0.43,0.15,0.4,29.0,0.25
2025-07-20,sv2-185,497557,Reverse Holofoil,0.55,0.2,0.74,7.99,0.44
2025-07-20,sv2-254,497669,Holofoil,17.19,15.95,19.99,100.0,15.76
2025-07-20,sv2-269,497689,Holofoil,50.94,49.6,59.53,259.99,54.76
2025-07-20,sv3pt5-151,516566,Holofoil,7.02,5.25,8.0,40.0,6.14
2025-07-20,sv3pt5-199,517045,Holofoil,195.07,170.63,225.0,900.0,187.69
2025-07-20,sv3pt5-205,517051,Holofoil,12.28,10.3,14.72,50.0,11.09
2025-07-20,sv3pt5-4,502555,Normal,0.12,0.01,0.15,5.0,0.09
2025-07-20,sv3pt5-4,502555,Reverse Holofoil,0.26,0.01,0.27,4.95,0.21
2025-07-20,sv3pt5-6,502558,Holofoil,3.59,1.0,4.94,999.99,3.8
2025-07-20,sv3pt5-7,502548,Normal,0.09,0.01,0.15,15.0,0.08
2025-07-20,sv3pt5-7,502548,Reverse Holofoil,0.23,0.05,0.24,4.95,0.13
2025-07-20,sv4pt5-234,535090,Holofoil,163.32,157.34,180.0,400.0,157.34
2025-07-20,sv4pt5-54,534416,Holofoil,3.25,1.97,3.01,34.99,2.55
2025-07-20,sv8-57,590025,Holofoil,5.34,4.26,6.87,40.0,4.99
2025-07-20,sv8pt5-149,610504,Holofoil,223.99,217.0,243.77,800.0,219.97
2025-07-20,sv8pt5-155,610510,Holofoil,239.64,220.0,274.09,599.95,
2025-07-20,sv8pt5-156,610511,Holofoil,367.98,319.98,400.04,800.0,329.91
2025-07-20,sv8pt5-161,610516,Holofoil,970.82,910.0,1038.81,1999.95,
2025-07-20,sv8pt5-167,610522,Holofoil,118.41,114.0,137.62,360.68,124.98
2025-07-20,sv8pt5-179,610534,Holofoil,34.81,30.0,40.41,270.0,
2025-07-20,sv8pt5-28,610383,Holofoil,1.23,0.69,1.3,9.99,1.17
2025-07-20,sv8pt5-47,610402,Normal,0.09,0.01,0.1,4.95,0.01
2025-07-20,sv8pt5-47,610402,Reverse Holofoil,0.11,0.01,0.13,4.95,0.01
2025-07-20,sv8pt5-59,610414,Holofoil,0.26,0.01,0.28,100.0,0.2
2025-07-20,sv8pt5-59,610414,Reverse Holofoil,0.26,0.08,0.41,25.0,0.23
2025-07-20,sv8pt5-60,610415,Holofoil,5.09,4.5,6.44,40.0,4.88
2025-07-20,svp-085,518861,Normal,389.71,497.69,549.98,1000.0,
2025-07-20,swsh11-186,284137,Holofoil,492.19,425.0,550.0,1199.99,500.95
2025-07-20,swsh12-186,451834,Holofoil,271.22,267.04,329.94,599.95,267.04
2025-07-20,swsh12pt5gg-GG69,478100,Holofoil,155.45,152.05,179.99,1000.0,169.98
2025-07-20,swsh35-25,223018,Normal,0.09,0.02,0.2,4.95,0.08
2025-07-20,swsh35-25,223018,Reverse Holofoil,0.26,0.05,0.27,4.95,0.22
2025-07-20,swsh35-74,223073,Holofoil,163.13,151.99,184.37,1500.0,151.99
2025-07-20,swsh45sv-SV107,232496,Holofoil,96.3,91.98,112.65,349.95,96.98
2025-07-20,swsh7-204,246693,Holofoil,26.88,22.0,33.13,100.0,29.94
2025-07-20,swsh7-205,246696,Holofoil,389.63,264.99,399.99,849.99,368.98
2025-07-20,swsh7-208,246755,Holofoil,24.69,23.0,27.2,59.99,26.53
2025-07-20,swsh7-209,246756,Holofoil,276.93,259.99,307.12,799.99,270.98
2025-07-20,swsh7-211,246702,Holofoil,39.7,34.49,45.21,99.99,44.76
2025-07-20,swsh7-212,246704,Holofoil,297.12,266.32,354.64,1000.0,296.89
2025-07-20,swsh7-215,246723,Holofoil,1392.22,1000.0,1510.0,2999.99,1376.36
2025-07-20,swsh7-218,246733,Holofoil,672.03,599.98,702.83,1499.99,659.94
2025-07-20,swsh7-41,246753,Holofoil,4.86,3.7,5.51,89.0,4.3
2025-07-20,swsh7-65,246690,Holofoil,9.45,8.0,10.0,500.0,9.02
2025-07-20,swsh7-75,246701,Holofoil,9.86,8.0,10.87,50.0,9.08
2025-07-20,swsh7-8,246691,Holofoil,5.68,4.0,6.18,50.0,5.61
2025-07-20,swsh8-271,253266,Holofoil,578.55,515.96,650.0,1399.99,576.79
2025-07-20,swsh9-154,263873,Holofoil,202.29,178.19,225.03,1500.0,159.99
2025-07-21,base1-15,42355,Holofoil,116.54,66.0,119.99,300.0,
2025-07-21,base1-16,42356,Holofoil,38.07,19.5,35.22,72.94,23.45
2025-07-21,base1-2,42360,Holofoil,162.32,104.0,154.08,499.99,86.0
2025-07-21,base1-4,42382,Holofoil,450.61,280.0,450.45,1249.99,
2025-07-21,base1-58,42402,Normal,2.81,0.49,2.69,9999.0,1.39
2025-07-21,cel25c-4,250320,Holofoil,99.62,86.47,110.12,250.0,94.7
2025-07-21,gym2-2,83861,1st Edition Holofoil,650.0,482.18,741.09,1000.0,
2025-07-21,gym2-2,83861,Unlimited Holofoil,524.92,310.0,489.61,599.99,499.99
2025-07-21,neo1-9,86903,1st Edition Holofoil,1251.5,1798.78,1800.0,1999.95,
2025-07-21,neo1-9,86903,Unlimited Holofoil,447.32,263.79,359.99,699.95,
2025-07-21,sl-151-bundle,502000,Normal,75.59,69.33,80.0,999.99,
2025-07-21,sl-151-etb,503313,Normal,262.24,275.49,300.0,4999.99,
2025-07-21,sl-151-upc,502005,Normal,398.07,394.0,499.0,20000.0,
2025-07-21,sl-ar-box,265519,Normal,388.11,360.99,403.49,1999.99,
2025-07-21,sl-bs-box,256141,Normal,405.7,395.0,499.99,999.99,
2025-07-21,sl-cel-upc,245140,Normal,579.77,747.0,876.47,1000.0,
2025-07-21,sl-champ-etb,218791,Normal,128.91,125.31,150.0,299.99,
2025-07-21,sl-cz-etb,453470,Normal,180.56,178.99,199.99,1999.99,
2025-07-21,sl-dr-box,624679,Normal,278.4,269.95,313.98,99999.0,
2025-07-21,sl-evs-box,242436,Normal,1972.07,2000.0,2800.0,10000.0,
2025-07-21,sl-evs-etb,243721,Normal,592.3,625.0,754.5,999.99,
2025-07-21,sl-fs-box,247654,Normal,722.78,720.0,899.0,3000.0,
2025-07-21,sl-hf-etb,194729,Normal,406.22,404.99,486.5,999.99,
2025-07-21,sl-jp-151,565243,Normal,161.42,148.91,169.99,250.0,
2025-07-21,sl-jp-terastal,603428,Normal,89.48,86.99,112.66,200.0,
2025-07-21,sl-jt-box,610931,Normal,235.88,239.99,275.98,551.0,
2025-07-21,sl-lo-box,277324,Normal,492.59,478.0,600.0,1200.0,
2025-07-21,sl-me1-box,644298,Normal,268.46,259.97,270.63,499.99,
2025-07-21,sl-obf-box,501257,Normal,228.63,218.19,255.85,30000.0,
2025-07-21,sl-pe-etb,593355,Normal,109.26,102.01,129.5,100000.0,
2025-07-21,sl-pe-spc,622770,Normal,209.16,203.57,249.99,99999.0,
2025-07-21,sl-pf-etb,528040,Normal,200.54,210.0,225.0,395.0,
2025-07-21,sl-shf-etb,228821,Normal,92.67,80.0,99.99,499.99,
2025-07-21,sl-ss-box,565606,Normal,239.01,230.01,292.59,4999.99,
2025-07-21,sl-st-box,283389,Normal,360.44,344.45,422.47,1199.99,
2025-07-21,sl-tf-box,536225,Normal,228.13,222.45,249.99,400.0,
2025-07-21,sv2-185,497557,Normal,0.32,0.15,0.39,29.0,0.25
2025-07-21,sv2-185,497557,Reverse Holofoil,0.54,0.19,0.74,7.99,0.44
2025-07-21,sv2-254,497669,Holofoil,16.93,16.0,20.0,100.0,15.76
2025-07-21,sv2-269,497689,Holofoil,51.04,49.6,59.55,259.99,54.0
2025-07-21,sv3pt5-151,516566,Holofoil,7.56,5.25,8.0,40.0,6.62
2025-07-21,sv3pt5-199,517045,Holofoil,194.55,175.0,224.99,900.0,175.0
2025-07-21,sv3pt5-205,517051,Holofoil,12.36,10.42,14.17,50.0,11.09
2025-07-21,sv3pt5-4,502555,Normal,0.11,0.01,0.15,5.0,0.08
2025-07-21,sv3pt5-4,502555,Reverse Holofoil,0.25,0.01,0.26,4.95,0.2
2025-07-21,sv3pt5-6,502558,Holofoil,3.54,1.0,4.99,999.99,3.2
2025-07-21,sv3pt5-7,502548,Normal,0.1,0.01,0.15,15.0,0.09
2025-07-21,sv3pt5-7,502548,Reverse Holofoil,0.24,0.05,0.25,4.95,0.13
2025-07-21,sv4pt5-234,535090,Holofoil,164.06,156.79,181.94,400.0,156.79
2025-07-21,sv4pt5-54,534416,Holofoil,2.96,1.97,3.08,34.99,2.55
2025-07-21,sv8-57,590025,Holofoil,5.39,3.85,6.75,40.0,4.99
2025-07-21,sv8pt5-149,610504,Holofoil,223.99,217.0,242.35,800.0,219.97
2025-07-21,sv8pt5-155,610510,Holofoil,238.47,220.0,271.59,599.95,
2025-07-21,sv8pt5-156,610511,Holofoil,364.98,319.98,400.0,800.0,329.91
2025-07-21,sv8pt5-161,610516,Holofoil,970.82,910.0,1038.81,1999.95,
2025-07-21,sv8pt5-167,610522,Holofoil,118.41,110.0,134.63,360.68,124.98
2025-07-21,sv8pt5-179,610534,Holofoil,34.53,30.0,40.51,270.0,
2025-07-21,sv8pt5-28,610383,Holofoil,1.22,0.69,1.3,9.99,1.0
2025-07-21,sv8pt5-47,610402,Normal,0.07,0.01,0.1,4.95,0.03
2025-07-21,sv8pt5-47,610402,Reverse Holofoil,0.11,0.01,0.14,4.95,0.03
2025-07-21,sv8pt5-59,610414,Holofoil,0.22,0.01,0.27,100.0,0.15
2025-07-21,sv8pt5-59,610414,Reverse Holofoil,0.26,0.09,0.41,25.0,0.23
2025-07-21,sv8pt5-60,610415,Holofoil,5.17,4.0,6.25,40.0,4.83
2025-07-21,svp-085,518861,Normal,389.71,400.1,513.06,1000.0,400.1
2025-07-21,swsh11-186,284137,Holofoil,492.19,425.0,550.0,1199.99,500.95
2025-07-21,swsh12-186,451834,Holofoil,283.79,268.97,329.31,599.95,268.97
2025-07-21,swsh12pt5gg-GG69,478100,Holofoil,155.84,155.21,187.39,1000.0,169.98
2025-07-21,swsh35-25,223018,Normal,0.08,0.02,0.2,4.95,0.08
2025-07-21,swsh35-25,223018,Reverse Holofoil,0.26,0.05,0.27,4.95,0.22
2025-07-21,swsh35-74,223073,Holofoil,163.13,150.0,183.91,1500.0,151.99
2025-07-21,swsh45sv-SV107,232496,Holofoil,97.46,90.98,111.25,349.95,101.11
2025-07-21,swsh7-204,246693,Holofoil,27.14,22.0,33.84,100.0,29.94
2025-07-21,swsh7-205,246696,Holofoil,386.78,264.99,399.99,849.99,368.98
2025-07-21,swsh7-208,246755,Holofoil,24.8,23.0,27.28,59.99,26.53
2025-07-21,swsh7-209,246756,Holofoil,276.33,259.99,309.46,799.99,270.98
2025-07-21,swsh7-211,246702,Holofoil,39.14,34.49,45.21,99.99,44.76
2025-07-21,swsh7-212,246704,Holofoil,297.92,266.32,360.81,1000.0,303.06
2025-07-21,swsh7-215,246723,Holofoil,1381.26,1000.0,1545.0,2999.99,1367.45
2025-07-21,swsh7-218,246733,Holofoil,670.23,599.98,702.83,1499.99,659.94
2025-07-21,swsh7-41,246753,Holofoil,4.85,3.7,5.51,89.0,4.3
2025-07-21,swsh7-65,246690,Holofoil,9.62,7.99,10.0,500.0,8.87
2025-07-21,swsh7-75,246701,Holofoil,9.44,7.52,10.89,50.0,9.08
2025-07-21,swsh7-8,246691,Holofoil,5.68,4.0,6.22,50.0,5.58
2025-07-21,swsh8-271,253266,Holofoil,578.55,520.7,659.99,1399.99,576.79
2025-07-21,swsh9-154,263873,Holofoil,202.63,174.99,225.0,1500.0,159.99
2025-07-22,base1-15,42355,Holofoil,116.54,66.0,112.82,300.0,
2025-07-22,base1-16,42356,Holofoil,37.86,19.5,33.67,72.94,14.87
2025-07-22,base1-2,42360,Holofoil,162.32,103.74,152.36,499.99,86.0
2025-07-22,base1-4,42382,Holofoil,450.61,280.0,450.29,1249.99,
2025-07-22,base1-58,42402,Normal,2.67,0.49,2.72,9999.0,1.27
2025-07-22,cel25c-4,250320,Holofoil,99.62,86.47,109.99,250.0,94.7
2025-07-22,gym2-2,83861,1st Edition Holofoil,650.0,499.97,499.99,1000.0,
2025-07-22,gym2-2,83861,Unlimited Holofoil,524.92,310.0,490.23,599.99,498.7
2025-07-22,neo1-9,86903,1st Edition Holofoil,1251.5,1798.78,1799.77,1999.95,
2025-07-22,neo1-9,86903,Unlimited Holofoil,447.32,263.79,349.98,699.95,
2025-07-22,sl-151-bundle,502000,Normal,74.51,69.33,80.0,999.99,
2025-07-22,sl-151-etb,503313,Normal,263.88,275.0,300.0,4999.99,
2025-07-22,sl-151-upc,502005,Normal,398.35,394.0,499.0,20000.0,
2025-07-22,sl-ar-box,265519,Normal,388.11,360.01,405.0,1999.99,
2025-07-22,sl-bs-box,256141,Normal,407.09,395.0,499.99,999.99,
2025-07-22,sl-cel-upc,245140,Normal,579.77,734.99,799.99,1000.0,
2025-07-22,sl-champ-etb,218791,Normal,130.4,125.31,150.0,299.99,
2025-07-22,sl-cz-etb,453470,Normal,179.45,178.99,200.0,1999.99,
2025-07-22,sl-dr-box,624679,Normal,281.94,275.0,309.95,99999.0,
2025-07-22,sl-evs-box,242436,Normal,1988.47,2090.0,2900.0,10000.0,
2025-07-22,sl-evs-etb,243721,Normal,592.3,625.0,710.0,999.99,
2025-07-22,sl-fs-box,247654,Normal,721.24,720.0,899.0,3000.0,
2025-07-22,sl-hf-etb,194729,Normal,406.22,410.0,486.5,999.99,
2025-07-22,sl-jp-151,565243,Normal,161.12,147.01,169.99,250.0,
2025-07-22,sl-jp-terastal,603428,Normal,89.8,86.99,112.66,200.0,
2025-07-22,sl-jt-box,610931,Normal,236.93,249.99,270.5,551.0,
2025-07-22,sl-lo-box,277324,Normal,495.71,487.98,615.0,1200.0,
2025-07-22,sl-me1-box,644298,Normal,267.03,495.94,495.95,499.98,
2025-07-22,sl-obf-box,501257,Normal,227.99,218.19,260.0,30000.0,
2025-07-22,sl-pe-etb,593355,Normal,107.22,95.0,125.0,100000.0,
2025-07-22,sl-pe-spc,622770,Normal,212.44,203.57,249.99,99999.0,
2025-07-22,sl-pf-etb,528040,Normal,201.94,190.0,225.0,395.0,
2025-07-22,sl-shf-etb,228821,Normal,92.77,82.0,99.99,499.99,
2025-07-22,sl-ss-box,565606,Normal,241.13,230.01,295.3,4999.99,
2025-07-22,sl-st-box,283389,Normal,359.0,364.95,424.95,1199.99,
2025-07-22,sl-tf-box,536225,Normal,228.41,222.45,249.99,400.0,
2025-07-22,sv2-185,497557,Normal,0.36,0.15,0.39,29.0,0.25
2025-07-22,sv2-185,497557,Reverse Holofoil,0.53,0.19,0.73,7.99,0.44
2025-07-22,sv2-254,497669,Holofoil,16.78,14.99,19.98,100.0,15.76
2025-07-22,sv2-269,497689,Holofoil,51.05,47.0,59.53,259.99,54.0
2025-07-22,sv3pt5-151,516566,Holofoil,6.88,6.26,8.0,40.0,6.26
2025-07-22,sv3pt5-199,517045,Holofoil,194.36,175.0,220.0,900.0,175.0
2025-07-22,sv3pt5-205,517051,Holofoil,11.98,10.44,14.25,50.0,11.09
2025-07-22,sv3pt5-4,502555,Normal,0.1,0.01,0.15,5.0,0.08
2025-07-22,sv3pt5-4,502555,Reverse Holofoil,0.24,0.01,0.26,4.95,0.15
2025-07-22,sv3pt5-6,502558,Holofoil,3.71,1.0,4.88,999.99,3.0
2025-07-22,sv3pt5-7,502548,Normal,0.11,0.01,0.15,15.0,0.09
2025-07-22,sv3pt5-7,502548,Reverse Holofoil,0.23,0.05,0.25,4.95,0.13
2025-07-22,sv4pt5-234,535090,Holofoil,165.11,157.89,180.97,400.0,168.5
2025-07-22,sv4pt5-54,534416,Holofoil,2.9,1.97,3.01,34.99,2.55
2025-07-22,sv8-57,590025,Holofoil,4.96,3.0,6.54,40.0,4.99
2025-07-22,sv8pt5-149,610504,Holofoil,222.83,215.0,240.0,800.0,219.97
2025-07-22,sv8pt5-155,610510,Holofoil,237.86,220.0,254.51,599.95,
2025-07-22,sv8pt5-156,610511,Holofoil,362.16,319.98,400.04,800.0,329.91
2025-07-22,sv8pt5-161,610516,Holofoil,970.82,910.0,1011.07,1999.95,961.19
2025-07-22,sv8pt5-167,610522,Holofoil,118.39,114.0,133.34,360.68,122.99
2025-07-22,sv8pt5-179,610534,Holofoil,34.06,30.0,40.65,270.0,
2025-07-22,sv8pt5-28,610383,Holofoil,1.22,0.69,1.3,9.99,1.0
2025-07-22,sv8pt5-47,610402,Normal,0.07,0.01,0.1,4.95,0.03
2025-07-22,sv8pt5-47,610402,Reverse Holofoil,0.1,0.01,0.13,4.95,0.06
2025-07-22,sv8pt5-59,610414,Holofoil,0.2,0.01,0.26,100.0,0.15
2025-07-22,sv8pt5-59,610414,Reverse Holofoil,0.25,0.1,0.42,25.0,0.22
2025-07-22,sv8pt5-60,610415,Holofoil,5.14,3.75,6.17,40.0,4.83
2025-07-22,svp-085,518861,Normal,389.71,400.1,500.0,1000.0,
2025-07-22,swsh11-186,284137,Holofoil,492.05,425.0,562.77,1199.99,500.95
2025-07-22,swsh12-186,451834,Holofoil,283.79,268.97,340.55,599.95,268.97
2025-07-22,swsh12pt5gg-GG69,478100,Holofoil,155.62,155.45,185.11,1000.0,169.98
2025-07-22,swsh35-25,223018,Normal,0.09,0.02,0.2,4.95,0.08
2025-07-22,swsh35-25,223018,Reverse Holofoil,0.26,0.05,0.26,4.95,0.22
2025-07-22,swsh35-74,223073,Holofoil,163.13,150.0,179.91,1500.0,151.99
2025-07-22,swsh45sv-SV107,232496,Holofoil,97.46,90.98,116.0,349.95,100.0
2025-07-22,swsh7-204,246693,Holofoil,27.14,22.0,34.43,100.0,29.94
2025-07-22,swsh7-205,246696,Holofoil,386.78,264.99,400.0,849.99,307.49
2025-07-22,swsh7-208,246755,Holofoil,24.8,21.99,27.99,59.99,24.43
2025-07-22,swsh7-209,246756,Holofoil,276.33,259.99,300.22,799.99,270.98
2025-07-22,swsh7-211,246702,Holofoil,39.14,34.01,44.88,99.99,35.49
2025-07-22,swsh7-212,246704,Holofoil,297.92,266.32,356.54,1000.0,303.06
2025-07-22,swsh7-215,246723,Holofoil,1376.65,1229.98,1545.0,2999.99,1367.45
2025-07-22,swsh7-218,246733,Holofoil,670.23,599.98,699.99,1499.99,659.94
2025-07-22,swsh7-41,246753,Holofoil,4.69,3.98,5.58,89.0,3.98
2025-07-22,swsh7-65,246690,Holofoil,9.58,8.0,10.0,500.0,8.94
2025-07-22,swsh7-75,246701,Holofoil,9.45,7.75,10.89,50.0,8.98
2025-07-22,swsh7-8,246691,Holofoil,5.7,4.0,6.27,50.0,5.58
2025-07-22,swsh8-271,253266,Holofoil,578.25,520.7,650.0,1399.99,576.79
2025-07-22,swsh9-154,263873,Holofoil,206.94,174.99,234.87,1500.0,159.99
2025-07-23,base1-15,42355,Holofoil,116.54,66.0,110.14,300.0,
2025-07-23,base1-16,42356,Holofoil,37.86,19.5,33.5,72.94,14.88
2025-07-23,base1-2,42360,Holofoil,162.32,103.0,150.76,499.99,86.0
2025-07-23,base1-4,42382,Holofoil,450.61,280.0,450.29,1249.99,
2025-07-23,base1-58,42402,Normal,2.67,0.49,2.67,9999.0,0.8
2025-07-23,cel25c-4,250320,Holofoil,99.58,86.47,112.74,250.0,97.23
2025-07-23,gym2-2,83861,1st Edition Holofoil,650.0,499.97,499.99,1000.0,
2025-07-23,gym2-2,83861,Unlimited Holofoil,524.92,310.0,498.7,599.99,498.7
2025-07-23,neo1-9,86903,1st Edition Holofoil,1251.5,1798.78,1799.99,1999.95,
2025-07-23,neo1-9,86903,Unlimited Holofoil,447.32,263.79,349.98,699.95,
2025-07-23,sl-151-bundle,502000,Normal,73.58,69.99,80.0,999.99,
2025-07-23,sl-151-etb,503313,Normal,265.2,270.01,300.0,4999.99,
2025-07-23,sl-151-upc,502005,Normal,397.4,394.0,499.95,20000.0,
2025-07-23,sl-ar-box,265519,Normal,385.01,360.01,405.0,1999.99,
2025-07-23,sl-bs-box,256141,Normal,407.87,395.0,499.99,999.99,
2025-07-23,sl-cel-upc,245140,Normal,579.77,734.99,799.99,1010.45,
2025-07-23,sl-champ-etb,218791,Normal,131.12,129.79,150.0,299.99,
2025-07-23,sl-cz-etb,453470,Normal,177.13,160.0,199.99,1999.99,
2025-07-23,sl-dr-box,624679,Normal,282.52,273.0,300.08,99999.0,
2025-07-23,sl-evs-box,242436,Normal,2014.44,2197.99,3000.0,10000.0,
2025-07-23,sl-evs-etb,243721,Normal,592.3,625.0,710.0,999.99,
2025-07-23,sl-fs-box,247654,Normal,722.08,720.0,899.0,3000.0,
2025-07-23,sl-hf-etb,194729,Normal,406.22,410.0,475.0,999.99,
2025-07-23,sl-jp-151,565243,Normal,161.18,147.01,169.99,250.0,
2025-07-23,sl-jp-terastal,603428,Normal,89.76,85.08,111.75,200.0,
2025-07-23,sl-jt-box,610931,Normal,238.13,249.95,275.0,551.0,
2025-07-23,sl-lo-box,277324,Normal,497.3,495.95,630.0,1200.0,
2025-07-23,sl-me1-box,644298,Normal,270.46,297.97,297.99,495.94,
2025-07-23,sl-obf-box,501257,Normal,227.99,218.19,258.35,30000.0,
2025-07-23,sl-pe-etb,593355,Normal,104.06,99.0,129.0,100000.0,
2025-07-23,sl-pe-spc,622770,Normal,207.01,203.57,249.99,99999.0,
2025-07-23,sl-pf-etb,528040,Normal,201.94,190.0,225.0,395.0,
2025-07-23,sl-shf-etb,228821,Normal,91.93,82.0,99.98,499.99,
2025-07-23,sl-ss-box,565606,Normal,237.21,230.01,299.0,4999.99,
2025-07-23,sl-st-box,283389,Normal,361.51,364.95,424.95,1199.99,
2025-07-23,sl-tf-box,536225,Normal,227.97,227.97,249.99,400.0,
2025-07-23,sv2-185,497557,Normal,0.33,0.15,0.39,29.0,0.25
2025-07-23,sv2-185,497557,Reverse Holofoil,0.54,0.2,0.73,7.99,0.44
2025-07-23,sv2-254,497669,Holofoil,16.14,13.99,19.76,100.0,15.76
2025-07-23,sv2-269,497689,Holofoil,51.0,47.0,59.55,259.99,54.0
2025-07-23,sv3pt5-151,516566,Holofoil,7.11,5.99,8.0,40.0,6.28
2025-07-23,sv3pt5-199,517045,Holofoil,196.52,174.99,219.99,900.0,174.99
2025-07-23,sv3pt5-205,517051,Holofoil,11.97,10.24,14.11,50.0,11.09
2025-07-23,sv3pt5-4,502555,Normal,0.1,0.01,0.15,5.0,0.08
2025-07-23,sv3pt5-4,502555,Reverse Holofoil,0.25,0.01,0.26,4.95,0.14
2025-07-23,sv3pt5-6,502558,Holofoil,3.58,1.0,4.87,999.99,3.0
2025-07-23,sv3pt5-7,502548,Normal,0.13,0.01,0.15,15.0,0.09
2025-07-23,sv3pt5-7,502548,Reverse Holofoil,0.23,0.05,0.25,4.95,0.13
2025-07-23,sv4pt5-234,535090,Holofoil,166.4,165.72,180.03,400.0,169.8
2025-07-23,sv4pt5-54,534416,Holofoil,2.9,1.97,3.01,34.99,2.55
2025-07-23,sv8-57,590025,Holofoil,5.03,3.0,6.51,40.0,4.99
2025-07-23,sv8pt5-149,610504,Holofoil,221.3,214.0,240.0,800.0,214.0
2025-07-23,sv8pt5-155,610510,Holofoil,237.86,219.75,250.0,599.95,
2025-07-23,sv8pt5-156,610511,Holofoil,362.16,319.98,398.7,800.0,329.91
2025-07-23,sv8pt5-161,610516,Holofoil,970.82,910.0,1000.0,1999.95,947.69
2025-07-23,sv8pt5-167,610522,Holofoil,118.79,113.98,131.66,360.68,122.99
2025-07-23,sv8pt5-179,610534,Holofoil,33.83,30.0,40.33,270.0,
2025-07-23,sv8pt5-28,610383,Holofoil,1.17,0.69,1.31,9.99,1.17
2025-07-23,sv8pt5-47,610402,Normal,0.08,0.01,0.1,4.95,0.03
2025-07-23,sv8pt5-47,610402,Reverse Holofoil,0.1,0.01,0.13,4.95,0.06
2025-07-23,sv8pt5-59,610414,Holofoil,0.32,0.01,0.27,100.0,0.15
2025-07-23,sv8pt5-59,610414,Reverse Holofoil,0.26,0.1,0.42,25.0,0.23
2025-07-23,sv8pt5-60,610415,Holofoil,4.91,3.75,5.99,40.0,4.72
2025-07-23,svp-085,518861,Normal,389.71,492.0,500.0,1000.0,
2025-07-23,swsh11-186,284137,Holofoil,491.72,425.0,550.0,1199.99,500.95
2025-07-23,swsh12-186,451834,Holofoil,288.86,272.12,349.99,599.95,328.69
2025-07-23,swsh12pt5gg-GG69,478100,Holofoil,155.97,152.0,183.58,1000.0,169.98
2025-07-23,swsh35-25,223018,Normal,0.09,0.02,0.2,4.95,0.08
2025-07-23,swsh35-25,223018,Reverse Holofoil,0.26,0.05,0.27,4.95,0.22
2025-07-23,swsh35-74,223073,Holofoil,163.13,149.99,182.82,1500.0,149.99
2025-07-23,swsh45sv-SV107,232496,Holofoil,97.46,90.98,113.25,349.95,100.0
2025-07-23,swsh7-204,246693,Holofoil,27.13,22.0,34.38,100.0,29.94
2025-07-23,swsh7-205,246696,Holofoil,386.78,264.99,399.99,849.99,307.49
2025-07-23,swsh7-208,246755,Holofoil,24.77,21.99,27.2,59.99,24.44
2025-07-23,swsh7-209,246756,Holofoil,276.33,259.99,300.22,799.99,270.98
2025-07-23,swsh7-211,246702,Holofoil,38.61,34.01,44.88,99.99,44.76
2025-07-23,swsh7-212,246704,Holofoil,297.92,266.32,359.77,1000.0,313.99
2025-07-23,swsh7-215,246723,Holofoil,1376.65,1300.0,1550.0,2999.99,1362.88
2025-07-23,swsh7-218,246733,Holofoil,672.41,599.98,701.41,1499.99,659.94
2025-07-23,swsh7-41,246753,Holofoil,4.71,3.7,5.51,89.0,4.3
2025-07-23,swsh7-65,246690,Holofoil,9.28,7.72,10.0,500.0,8.0
2025-07-23,swsh7-75,246701,Holofoil,9.12,7.75,10.92,50.0,9.74
2025-07-23,swsh7-8,246691,Holofoil,5.78,4.0,6.26,50.0,5.58
2025-07-23,swsh8-271,253266,Holofoil,578.25,520.43,659.99,1399.99,576.79
2025-07-23,swsh9-154,263873,Holofoil,206.51,171.99,244.0,1500.0,159.99
2025-07-24,base1-15,42355,Holofoil,116.03,66.0,110.07,300.0,
2025-07-24,base1-16,42356,Holofoil,37.7,19.75,34.46,72.94,16.54
2025-07-24,base1-2,42360,Holofoil,162.32,103.74,152.36,499.99,86.0
2025-07-24,base1-4,42382,Holofoil,450.59,280.0,450.28,1249.99,
2025-07-24,base1-58,42402,Normal,2.81,0.49,2.69,9999.0,0.77
2025-07-24,cel25c-4,250320,Holofoil,99.69,86.47,115.24,250.0,84.1
2025-07-24,gym2-2,83861,1st Edition Holofoil,650.0,499.97,499.99,1000.0,
2025-07-24,gym2-2,83861,Unlimited Holofoil,524.92,310.0,499.35,599.99,498.7
2025-07-24,neo1-9,86903,1st Edition Holofoil,1251.5,1798.78,1799.99,1999.95,
2025-07-24,neo1-9,86903,Unlimited Holofoil,447.32,263.79,339.97,699.95,
2025-07-24,sl-151-bundle,502000,Normal,73.44,69.99,80.0,999.99,
2025-07-24,sl-151-etb,503313,Normal,267.73,260.01,300.0,4999.99,
2025-07-24,sl-151-upc,502005,Normal,395.12,397.98,499.97,20000.0,
2025-07-24,sl-ar-box,265519,Normal,385.01,350.01,403.49,1999.99,
2025-07-24,sl-bs-box,256141,Normal,407.98,395.0,499.99,999.99,
2025-07-24,sl-cel-upc,245140,Normal,581.17,737.99,800.0,1199.95,
2025-07-24,sl-champ-etb,218791,Normal,132.58,129.79,150.0,299.99,
2025-07-24,sl-cz-etb,453470,Normal,175.09,178.99,200.0,1999.99,
2025-07-24,sl-dr-box,624679,Normal,280.95,274.99,309.0,99999.0,
2025-07-24,sl-evs-box,242436,Normal,2033.84,2197.99,2800.0,10000.0,
2025-07-24,sl-evs-etb,243721,Normal,592.3,625.0,710.0,999.99,
2025-07-24,sl-fs-box,247654,Normal,720.12,720.0,924.5,3000.0,
2025-07-24,sl-hf-etb,194729,Normal,407.02,410.0,475.0,999.99,
2025-07-24,sl-jp-151,565243,Normal,160.7,147.01,169.99,250.0,
2025-07-24,sl-jp-terastal,603428,Normal,88.72,81.99,111.75,200.0,
2025-07-24,sl-jt-box,610931,Normal,238.79,249.95,274.98,551.0,
2025-07-24,sl-lo-box,277324,Normal,498.38,500.0,687.48,1200.0,
2025-07-24,sl-me1-box,644298,Normal,271.18,297.95,297.96,495.94,
2025-07-24,sl-obf-box,501257,Normal,227.99,218.19,255.0,30000.0,
2025-07-24,sl-pe-etb,593355,Normal,101.74,100.0,129.99,100000.0,
2025-07-24,sl-pe-spc,622770,Normal,208.02,203.57,249.5,99999.0,
2025-07-24,sl-pf-etb,528040,Normal,202.54,190.0,223.0,395.0,
2025-07-24,sl-shf-etb,228821,Normal,91.38,82.0,99.98,499.99,
2025-07-24,sl-ss-box,565606,Normal,238.63,230.01,292.59,4999.99,
2025-07-24,sl-st-box,283389,Normal,363.67,364.95,422.47,1199.99,
2025-07-24,sl-tf-box,536225,Normal,227.97,227.97,249.99,400.0,
2025-07-24,sv2-185,497557,Normal,0.31,0.15,0.39,29.0,0.25
2025-07-24,sv2-185,497557,Reverse Holofoil,0.5,0.2,0.72,7.99,0.44
2025-07-24,sv2-254,497669,Holofoil,15.88,15.0,19.38,100.0,15.76
2025-07-24,sv2-269,497689,Holofoil,51.05,50.0,60.0,259.99,54.0
2025-07-24,sv3pt5-151,516566,Holofoil,6.71,6.0,8.0,40.0,6.0
2025-07-24,sv3pt5-199,517045,Holofoil,194.02,174.99,219.99,900.0,174.99
2025-07-24,sv3pt5-205,517051,Holofoil,11.74,9.72,13.99,50.0,10.95
2025-07-24,sv3pt5-4,502555,Normal,0.11,0.01,0.15,5.0,0.08
2025-07-24,sv3pt5-4,502555,Reverse Holofoil,0.21,0.07,0.26,4.95,0.14
2025-07-24,sv3pt5-6,502558,Holofoil,3.52,1.0,4.77,999.99,3.0
2025-07-24,sv3pt5-7,502548,Normal,0.13,0.01,0.15,15.0,0.09
2025-07-24,sv3pt5-7,502548,Reverse Holofoil,0.26,0.05,0.25,4.95,0.13
2025-07-24,sv4pt5-234,535090,Holofoil,167.37,158.0,180.0,400.0,169.8
2025-07-24,sv4pt5-54,534416,Holofoil,2.82,1.97,3.02,34.99,2.55
2025-07-24,sv8-57,590025,Holofoil,4.66,3.0,6.3,40.0,4.99
2025-07-24,sv8pt5-149,610504,Holofoil,222.1,213.0,240.0,800.0,214.0
2025-07-24,sv8pt5-155,610510,Holofoil,235.94,215.0,245.0,599.95,
2025-07-24,sv8pt5-156,610511,Holofoil,357.52,323.6,386.75,800.0,329.9
2025-07-24,sv8pt5-161,610516,Holofoil,969.37,875.0,1000.0,1999.95,928.82
2025-07-24,sv8pt5-167,610522,Holofoil,118.39,110.0,130.2,360.68,122.99
2025-07-24,sv8pt5-179,610534,Holofoil,33.62,30.0,40.0,270.0,
2025-07-24,sv8pt5-28,610383,Holofoil,1.22,0.69,1.29,9.99,1.16
2025-07-24,sv8pt5-47,610402,Normal,0.07,0.01,0.1,4.95,0.03
2025-07-24,sv8pt5-47,610402,Reverse Holofoil,0.09,0.01,0.13,4.95,0.06
2025-07-24,sv8pt5-59,610414,Holofoil,0.34,0.05,0.3,100.0,0.17
2025-07-24,sv8pt5-59,610414,Reverse Holofoil,0.3,0.1,0.42,25.0,0.23
2025-07-24,sv8pt5-60,610415,Holofoil,4.96,3.75,5.99,40.0,4.72
2025-07-24,svp-085,518861,Normal,389.71,400.1,500.0,1000.0,400.1
2025-07-24,swsh11-186,284137,Holofoil,491.72,420.0,549.99,1199.99,500.95
2025-07-24,swsh12-186,451834,Holofoil,290.12,294.27,348.14,625.0,320.0
2025-07-24,swsh12pt5gg-GG69,478100,Holofoil,157.62,156.43,188.94,1000.0,169.98
2025-07-24,swsh35-25,223018,Normal,0.09,0.03,0.2,4.95,0.09
2025-07-24,swsh35-25,223018,Reverse Holofoil,0.26,0.05,0.27,4.95,0.22
2025-07-24,swsh35-74,223073,Holofoil,165.97,144.44,184.23,1500.0,149.99
2025-07-24,swsh45sv-SV107,232496,Holofoil,97.46,90.98,112.59,349.95,100.0
2025-07-24,swsh7-204,246693,Holofoil,26.71,22.0,34.62,100.0,29.94
2025-07-24,swsh7-205,246696,Holofoil,386.78,264.99,399.99,849.99,307.49
2025-07-24,swsh7-208,246755,Holofoil,24.53,21.99,28.72,59.99,24.44
2025-07-24,swsh7-209,246756,Holofoil,276.33,259.0,299.7,799.99,270.98
2025-07-24,swsh7-211,246702,Holofoil,38.23,34.01,44.99,99.99,44.76
2025-07-24,swsh7-212,246704,Holofoil,297.92,266.32,354.25,1000.0,313.99
2025-07-24,swsh7-215,246723,Holofoil,1376.65,1300.0,1550.0,2999.99,1362.88
2025-07-24,swsh7-218,246733,Holofoil,672.41,599.98,702.83,1499.99,659.94
2025-07-24,swsh7-41,246753,Holofoil,4.64,3.7,5.5,89.0,4.48
2025-07-24,swsh7-65,246690,Holofoil,9.08,8.0,10.0,500.0,9.02
2025-07-24,swsh7-75,246701,Holofoil,8.99,7.75,10.91,50.0,8.99
2025-07-24,swsh7-8,246691,Holofoil,5.71,4.0,6.26,50.0,5.63
2025-07-24,swsh8-271,253266,Holofoil,578.25,520.43,650.0,1399.99,576.79
2025-07-24,swsh9-154,263873,Holofoil,206.51,171.99,229.0,1500.0,159.99
2025-07-25,base1-15,42355,Holofoil,116.03,65.52,110.0,300.0,109.67
2025-07-25,base1-16,42356,Holofoil,37.63,19.78,33.67,72.94,16.61
2025-07-25,base1-2,42360,Holofoil,162.0,103.74,152.36,499.99,86.0
2025-07-25,base1-4,42382,Holofoil,450.59,280.0,450.38,1249.99,
2025-07-25,base1-58,42402,Normal,2.88,0.6,2.78,9999.0,0.73
2025-07-25,cel25c-4,250320,Holofoil,99.71,86.47,114.27,250.0,84.1
2025-07-25,gym2-2,83861,1st Edition Holofoil,650.0,499.97,499.99,1000.0,
2025-07-25,gym2-2,83861,Unlimited Holofoil,524.92,309.99,494.47,599.99,473.86
2025-07-25,neo1-9,86903,1st Edition Holofoil,1251.5,1798.78,1799.99,1999.95,
2025-07-25,neo1-9,86903,Unlimited Holofoil,447.32,263.79,339.97,699.95,
2025-07-25,sl-151-bundle,502000,Normal,76.1,69.99,80.0,999.99,
2025-07-25,sl-151-etb,503313,Normal,269.01,275.49,302.5,4999.99,
2025-07-25,sl-151-upc,502005,Normal,396.84,397.98,499.99,20000.0,
2025-07-25,sl-ar-box,265519,Normal,385.01,350.01,403.49,1999.99,
2025-07-25,sl-bs-box,256141,Normal,407.98,395.0,499.99,999.99,
2025-07-25,sl-cel-upc,245140,Normal,589.17,737.99,799.99,1010.45,
2025-07-25,sl-champ-etb,218791,Normal,132.58,129.79,150.0,299.99,
2025-07-25,sl-cz-etb,453470,Normal,174.77,185.0,200.0,1999.99,
2025-07-25,sl-dr-box,624679,Normal,282.56,281.24,318.98,99999.0,
2025-07-25,sl-evs-box,242436,Normal,2045.84,2499.99,2999.0,10000.0,
2025-07-25,sl-evs-etb,243721,Normal,592.3,625.0,710.0,999.99,
2025-07-25,sl-fs-box,247654,Normal,719.24,720.0,950.0,3000.0,
2025-07-25,sl-hf-etb,194729,Normal,407.02,400.0,467.5,999.99,
2025-07-25,sl-jp-151,565243,Normal,160.63,147.01,169.99,250.0,
2025-07-25,sl-jp-terastal,603428,Normal,88.79,83.99,112.66,200.0,
2025-07-25,sl-jt-box,610931,Normal,239.99,249.95,270.5,551.0,
2025-07-25,sl-lo-box,277324,Normal,498.38,500.0,662.48,1200.0,
2025-07-25,sl-obf-box,501257,Normal,226.9,227.99,269.04,30000.0,
2025-07-25,sl-pe-etb,593355,Normal,108.38,100.0,129.0,100000.0,
2025-07-25,sl-pe-spc,622770,Normal,211.17,203.57,244.99,99999.0,
2025-07-25,sl-pf-etb,528040,Normal,203.58,190.0,225.0,395.0,
2025-07-25,sl-shf-etb,228821,Normal,91.31,82.0,99.99,499.99,
2025-07-25,sl-ss-box,565606,Normal,240.11,240.0,292.59,4999.99,
2025-07-25,sl-st-box,283389,Normal,364.55,364.95,422.47,1199.99,
2025-07-25,sl-tf-box,536225,Normal,228.5,227.94,249.99,400.0,
2025-07-25,sv2-185,497557,Normal,0.32,0.15,0.39,29.0,0.25
2025-07-25,sv2-185,497557,Reverse Holofoil,0.48,0.2,0.71,7.99,0.44
2025-07-25,sv2-254,497669,Holofoil,15.75,15.0,19.15,100.0,15.76
2025-07-25,sv2-269,497689,Holofoil,51.2,49.99,59.78,259.99,54.0
2025-07-25,sv3pt5-151,516566,Holofoil,6.86,6.0,8.0,40.0,6.14
2025-07-25,sv3pt5-199,517045,Holofoil,194.02,172.44,215.93,900.0,163.99
2025-07-25,sv3pt5-205,517051,Holofoil,10.6,9.0,13.94,50.0,10.95
2025-07-25,sv3pt5-4,502555,Normal,0.1,0.01,0.15,5.0,0.09
2025-07-25,sv3pt5-4,502555,Reverse Holofoil,0.22,0.07,0.25,4.95,0.14
2025-07-25,sv3pt5-6,502558,Holofoil,3.82,1.0,4.86,999.99,3.0
2025-07-25,sv3pt5-7,502548,Normal,0.13,0.01,0.15,15.0,0.09
2025-07-25,sv3pt5-7,502548,Reverse Holofoil,0.26,0.05,0.25,4.95,0.13
2025-07-25,sv4pt5-234,535090,Holofoil,167.35,158.0,180.0,400.0,169.8
2025-07-25,sv4pt5-54,534416,Holofoil,3.01,1.97,3.01,34.99,2.52
2025-07-25,sv8-57,590025,Holofoil,4.78,3.0,6.44,40.0,4.99
2025-07-25,sv8pt5-149,610504,Holofoil,222.78,213.0,240.0,800.0,214.0
2025-07-25,sv8pt5-155,610510,Holofoil,237.15,200.0,242.4,599.95,
2025-07-25,sv8pt5-156,610511,Holofoil,355.25,320.0,383.67,800.0,329.9
2025-07-25,sv8pt5-161,610516,Holofoil,969.37,875.0,999.97,1999.95,919.52
2025-07-25,sv8pt5-167,610522,Holofoil,118.39,113.98,129.99,360.68,113.49
2025-07-25,sv8pt5-179,610534,Holofoil,33.71,30.0,40.1,270.0,
2025-07-25,sv8pt5-28,610383,Holofoil,1.25,0.69,1.32,9.99,1.2
2025-07-25,sv8pt5-47,610402,Normal,0.07,0.01,0.1,4.95,0.03
2025-07-25,sv8pt5-47,610402,Reverse Holofoil,0.1,0.01,0.13,4.95,0.06
2025-07-25,sv8pt5-59,610414,Holofoil,0.36,0.05,0.31,100.0,0.19
2025-07-25,sv8pt5-59,610414,Reverse Holofoil,0.31,0.1,0.42,25.0,0.1
2025-07-25,sv8pt5-60,610415,Holofoil,4.86,3.89,5.99,40.0,4.52
2025-07-25,svp-085,518861,Normal,389.71,400.1,500.0,1000.0,413.64
2025-07-25,swsh11-186,284137,Holofoil,491.72,400.0,549.99,1199.99,485.0
2025-07-25,swsh12-186,451834,Holofoil,293.97,294.27,344.99,625.0,320.0
2025-07-25,swsh12pt5gg-GG69,478100,Holofoil,159.5,159.26,193.0,1000.0,169.98
2025-07-25,swsh35-25,223018,Normal,0.08,0.03,0.2,4.95,0.09
2025-07-25,swsh35-25,223018,Reverse Holofoil,0.25,0.05,0.26,4.95,0.21
2025-07-25,swsh35-74,223073,Holofoil,165.97,144.44,184.92,1500.0,149.99
2025-07-25,swsh45sv-SV107,232496,Holofoil,96.17,90.98,114.99,349.95,100.0
2025-07-25,swsh7-204,246693,Holofoil,26.71,22.0,34.62,100.0,29.94
2025-07-25,swsh7-205,246696,Holofoil,386.78,264.99,400.0,849.99,307.49
2025-07-25,swsh7-208,246755,Holofoil,24.39,23.17,28.83,59.99,24.44
2025-07-25,swsh7-209,246756,Holofoil,276.33,259.0,299.05,799.99,270.98
2025-07-25,swsh7-211,246702,Holofoil,38.23,34.49,45.23,99.99,44.76
2025-07-25,swsh7-212,246704,Holofoil,297.92,266.32,350.0,1000.0,313.99
2025-07-25,swsh7-215,246723,Holofoil,1376.65,1300.0,1488.57,2999.99,1362.88
2025-07-25,swsh7-218,246733,Holofoil,672.41,599.98,705.0,1499.99,659.94
2025-07-25,swsh7-41,246753,Holofoil,4.64,4.0,5.65,89.0,4.48
2025-07-25,swsh7-65,246690,Holofoil,9.04,8.0,10.0,500.0,9.02
2025-07-25,swsh7-75,246701,Holofoil,9.14,8.08,10.95,50.0,8.99
2025-07-25,swsh7-8,246691,Holofoil,5.76,4.0,6.2,50.0,5.63
2025-07-25,swsh8-271,253266,Holofoil,578.25,520.43,650.0,1399.99,576.79
2025-07-25,swsh9-154,263873,Holofoil,206.51,175.99,234.5,1500.0,159.99
2025-07-26,base1-15,42355,Holofoil,116.03,65.0,110.0,300.0,109.67
2025-07-26,base1-16,42356,Holofoil,37.6,19.78,33.5,72.94,16.61
2025-07-26,base1-2,42360,Holofoil,162.0,100.0,150.48,499.99,86.0
2025-07-26,base1-4,42382,Holofoil,450.59,280.0,472.33,1249.99,
2025-07-26,base1-58,42402,Normal,2.62,0.49,2.68,9999.0,0.73
2025-07-26,cel25c-4,250320,Holofoil,100.63,86.82,115.48,250.0,84.1
2025-07-26,gym2-2,83861,1st Edition Holofoil,650.0,499.97,499.99,1000.0,
2025-07-26,gym2-2,83861,Unlimited Holofoil,524.92,309.99,499.35,599.99,498.7
2025-07-26,neo1-9,86903,1st Edition Holofoil,1251.5,1798.78,1799.99,1999.95,
2025-07-26,neo1-9,86903,Unlimited Holofoil,440.48,263.79,339.97,699.95,
2025-07-26,sl-151-bundle,502000,Normal,75.93,69.99,80.0,999.99,
2025-07-26,sl-151-etb,503313,Normal,272.88,282.0,348.0,4999.99,
2025-07-26,sl-151-upc,502005,Normal,396.84,397.98,499.95,20000.0,
2025-07-26,sl-ar-box,265519,Normal,381.84,350.0,403.49,1999.99,
2025-07-26,sl-bs-box,256141,Normal,407.98,395.0,499.99,999.99,
2025-07-26,sl-cel-upc,245140,Normal,599.12,737.99,800.0,1010.45,
2025-07-26,sl-champ-etb,218791,Normal,133.08,129.79,150.0,299.99,
2025-07-26,sl-cz-etb,453470,Normal,174.9,185.0,200.0,1999.99,
2025-07-26,sl-dr-box,624679,Normal,288.7,285.95,324.99,99999.0,
2025-07-26,sl-evs-box,242436,Normal,2067.96,2499.99,2731.3,10000.0,
2025-07-26,sl-evs-etb,243721,Normal,592.3,625.0,710.0,999.99,
2025-07-26,sl-fs-box,247654,Normal,719.0,720.0,950.0,3000.0,
2025-07-26,sl-hf-etb,194729,Normal,407.06,400.0,467.5,999.99,
2025-07-26,sl-jp-151,565243,Normal,160.82,147.01,169.98,250.0,
2025-07-26,sl-jp-terastal,603428,Normal,88.88,83.99,109.99,200.0,
2025-07-26,sl-jt-box,610931,Normal,240.59,249.95,274.98,551.0,
2025-07-26,sl-lo-box,277324,Normal,503.27,550.0,675.0,1200.0,
2025-07-26,sl-obf-box,501257,Normal,227.37,227.99,272.02,30000.0,
2025-07-26,sl-pe-etb,593355,Normal,105.67,100.0,129.0,100000.0,
2025-07-26,sl-pe-spc,622770,Normal,211.57,203.57,249.5,99999.0,
2025-07-26,sl-pf-etb,528040,Normal,204.2,190.0,221.0,395.0,
2025-07-26,sl-shf-etb,228821,Normal,89.59,82.0,99.99,499.99,
2025-07-26,sl-ss-box,565606,Normal,240.28,240.0,299.0,4999.99,
2025-07-26,sl-st-box,283389,Normal,366.02,364.95,419.99,1199.99,
2025-07-26,sl-tf-box,536225,Normal,230.11,229.99,250.0,400.0,
2025-07-26,sv2-185,497557,Normal,0.33,0.17,0.38,29.0,0.25
2025-07-26,sv2-185,497557,Reverse Holofoil,0.5,0.2,0.71,7.99,0.44
2025-07-26,sv2-254,497669,Holofoil,15.46,15.0,19.21,100.0,15.69
2025-07-26,sv2-269,497689,Holofoil,51.2,49.99,59.75,259.99,54.0
2025-07-26,sv3pt5-151,516566,Holofoil,6.81,4.5,8.0,40.0,6.16
2025-07-26,sv3pt5-199,517045,Holofoil,193.4,173.67,214.64,900.0,174.99
2025-07-26,sv3pt5-205,517051,Holofoil,11.03,10.0,13.75,50.0,10.95
2025-07-26,sv3pt5-4,502555,Normal,0.1,0.01,0.15,5.0,0.09
2025-07-26,sv3pt5-4,502555,Reverse Holofoil,0.22,0.07,0.25,4.95,0.14
2025-07-26,sv3pt5-6,502558,Holofoil,3.93,1.0,4.88,999.99,3.0
2025-07-26,sv3pt5-7,502548,Normal,0.13,0.01,0.15,4.95,0.09
2025-07-26,sv3pt5-7,502548,Reverse Holofoil,0.27,0.05,0.25,4.95,0.13
2025-07-26,sv4pt5-234,535090,Holofoil,167.54,165.72,180.35,400.0,169.8
2025-07-26,sv4pt5-54,534416,Holofoil,3.01,1.97,3.09,34.99,2.55
2025-07-26,sv8-57,590025,Holofoil,4.83,3.98,6.5,40.0,4.99
2025-07-26,sv8pt5-149,610504,Holofoil,221.74,213.0,240.0,800.0,214.0
2025-07-26,sv8pt5-155,610510,Holofoil,235.17,200.0,240.0,599.95,
2025-07-26,sv8pt5-156,610511,Holofoil,351.93,320.0,372.31,800.0,329.9
2025-07-26,sv8pt5-161,610516,Holofoil,968.22,875.0,999.0,1999.95,910.31
2025-07-26,sv8pt5-167,610522,Holofoil,118.13,110.0,129.99,360.68,121.99
2025-07-26,sv8pt5-179,610534,Holofoil,33.96,30.0,40.56,270.0,
2025-07-26,sv8pt5-28,610383,Holofoil,1.11,0.69,1.33,9.99,1.2
2025-07-26,sv8pt5-47,610402,Normal,0.07,0.01,0.1,4.95,0.02
2025-07-26,sv8pt5-47,610402,Reverse Holofoil,0.11,0.01,0.14,4.95,0.06
2025-07-26,sv8pt5-59,610414,Holofoil,0.31,0.05,0.3,100.0,0.1
2025-07-26,sv8pt5-59,610414,Reverse Holofoil,0.34,0.1,0.42,25.0,0.25
2025-07-26,sv8pt5-60,610415,Holofoil,4.93,4.0,5.99,40.0,4.0
2025-07-26,svp-085,518861,Normal,389.71,400.1,545.0,1000.0,413.64
2025-07-26,swsh11-186,284137,Holofoil,491.08,400.0,549.99,1199.99,500.95
2025-07-26,swsh12-186,451834,Holofoil,306.01,294.27,367.46,625.0,320.0
2025-07-26,swsh12pt5gg-GG69,478100,Holofoil,162.01,160.0,196.94,1000.0,171.48
2025-07-26,swsh35-25,223018,Normal,0.08,0.03,0.2,4.95,0.09
2025-07-26,swsh35-25,223018,Reverse Holofoil,0.25,0.05,0.26,4.95,0.21
2025-07-26,swsh35-74,223073,Holofoil,165.97,144.44,185.27,1500.0,149.99
2025-07-26,swsh45sv-SV107,232496,Holofoil,96.17,91.98,116.12,349.95,98.0
2025-07-26,swsh7-204,246693,Holofoil,26.39,22.0,34.62,100.0,29.77
2025-07-26,swsh7-205,246696,Holofoil,386.78,264.99,400.0,849.99,307.49
2025-07-26,swsh7-208,246755,Holofoil,24.47,23.25,29.99,59.99,25.49
2025-07-26,swsh7-209,246756,Holofoil,276.33,256.98,294.65,799.99,270.98
2025-07-26,swsh7-211,246702,Holofoil,37.83,34.49,45.84,99.99,35.49
2025-07-26,swsh7-212,246704,Holofoil,296.92,266.32,347.5,1000.0,313.99
2025-07-26,swsh7-215,246723,Holofoil,1370.69,1298.77,1449.0,2999.99,1298.77
2025-07-26,swsh7-218,246733,Holofoil,672.41,599.98,705.0,1499.99,659.94
2025-07-26,swsh7-41,246753,Holofoil,4.64,4.0,5.65,89.0,4.49
2025-07-26,swsh7-65,246690,Holofoil,8.77,8.0,9.99,500.0,9.02
2025-07-26,swsh7-75,246701,Holofoil,8.95,8.1,10.89,50.0,9.74
2025-07-26,swsh7-8,246691,Holofoil,5.95,4.0,6.26,50.0,5.63
2025-07-26,swsh8-271,253266,Holofoil,579.42,520.76,677.49,1399.99,576.79
2025-07-26,swsh9-154,263873,Holofoil,210.56,175.99,249.99,1500.0,155.99
2025-07-27,base1-15,42355,Holofoil,116.03,65.0,110.0,300.0,65.99
2025-07-27,base1-16,42356,Holofoil,37.6,20.0,33.67,72.94,16.45
2025-07-27,base1-2,42360,Holofoil,162.32,100.0,150.76,499.99,86.0
2025-07-27,base1-4,42382,Holofoil,450.59,280.0,451.59,1249.99,
2025-07-27,base1-58,42402,Normal,2.68,0.49,2.7,9999.0,0.79
2025-07-27,cel25c-4,250320,Holofoil,100.69,86.82,115.36,250.0,84.1
2025-07-27,gym2-2,83861,1st Edition Holofoil,650.0,499.97,499.99,1000.0,
2025-07-27,gym2-2,83861,Unlimited Holofoil,524.92,309.99,498.7,599.99,498.7
2025-07-27,neo1-9,86903,1st Edition Holofoil,1251.5,1798.78,1799.99,1999.95,
2025-07-27,neo1-9,86903,Unlimited Holofoil,440.48,263.79,339.97,699.95,
2025-07-27,sl-151-bundle,502000,Normal,73.88,67.0,80.0,999.99,
2025-07-27,sl-151-etb,503313,Normal,276.02,282.0,305.0,4999.99,
2025-07-27,sl-151-upc,502005,Normal,399.08,397.98,499.99,20000.0,
2025-07-27,sl-ar-box,265519,Normal,381.84,350.0,403.49,1999.99,
2025-07-27,sl-bs-box,256141,Normal,407.98,395.0,499.99,999.99,
2025-07-27,sl-cel-upc,245140,Normal,599.12,737.99,800.0,1010.45,
2025-07-27,sl-champ-etb,218791,Normal,133.08,129.79,150.0,299.99,
2025-07-27,sl-cz-etb,453470,Normal,176.93,185.0,200.0,1999.99,
2025-07-27,sl-dr-box,624679,Normal,294.47,297.99,325.0,99999.0,
2025-07-27,sl-evs-box,242436,Normal,2067.96,2475.0,2892.6,10000.0,
2025-07-27,sl-evs-etb,243721,Normal,612.26,710.0,899.48,999.99,
2025-07-27,sl-fs-box,247654,Normal,719.63,720.0,950.0,3000.0,
2025-07-27,sl-hf-etb,194729,Normal,407.06,410.0,486.5,999.99,
2025-07-27,sl-jp-151,565243,Normal,160.67,151.0,169.68,250.0,
2025-07-27,sl-jp-terastal,603428,Normal,87.18,79.55,100.0,200.0,
2025-07-27,sl-jt-box,610931,Normal,242.35,246.95,271.66,551.0,
2025-07-27,sl-lo-box,277324,Normal,505.63,550.0,762.44,1200.0,
2025-07-27,sl-obf-box,501257,Normal,228.24,227.99,274.99,30000.0,
2025-07-27,sl-pe-etb,593355,Normal,102.99,97.99,129.0,100000.0,
2025-07-27,sl-pe-spc,622770,Normal,211.27,205.0,249.99,99999.0,
2025-07-27,sl-pf-etb,528040,Normal,204.44,190.0,223.0,395.0,
2025-07-27,sl-shf-etb,228821,Normal,89.47,82.0,99.99,499.99,
2025-07-27,sl-ss-box,565606,Normal,241.33,240.0,298.0,4999.99,
2025-07-27,sl-st-box,283389,Normal,366.98,364.95,419.99,1199.99,
2025-07-27,sl-tf-box,536225,Normal,231.11,229.99,249.99,400.0,
2025-07-27,sv2-185,497557,Normal,0.3,0.01,0.38,29.0,0.25
2025-07-27,sv2-185,497557,Reverse Holofoil,0.5,0.2,0.7,7.99,0.44
2025-07-27,sv2-254,497669,Holofoil,15.49,15.0,19.36,100.0,15.49
2025-07-27,sv2-269,497689,Holofoil,51.46,49.99,59.94,259.99,54.0
2025-07-27,sv3pt5-151,516566,Holofoil,6.41,4.5,8.0,40.0,6.77
2025-07-27,sv3pt5-199,517045,Holofoil,193.3,173.67,213.25,900.0,175.0
2025-07-27,sv3pt5-205,517051,Holofoil,11.45,10.0,13.64,50.0,10.95
2025-07-27,sv3pt5-4,502555,Normal,0.11,0.01,0.15,5.0,0.09
2025-07-27,sv3pt5-4,502555,Reverse Holofoil,0.18,0.07,0.25,4.95,0.15
2025-07-27,sv3pt5-6,502558,Holofoil,3.51,1.0,4.85,999.99,4.11
2025-07-27,sv3pt5-7,502548,Normal,0.12,0.01,0.15,4.95,0.09
2025-07-27,sv3pt5-7,502548,Reverse Holofoil,0.27,0.05,0.25,4.95,0.13
2025-07-27,sv4pt5-234,535090,Holofoil,167.75,155.69,180.0,400.0,169.8
2025-07-27,sv4pt5-54,534416,Holofoil,3.14,1.97,3.14,34.99,2.55
2025-07-27,sv8-57,590025,Holofoil,4.79,4.0,6.5,40.0,4.9
2025-07-27,sv8pt5-149,610504,Holofoil,218.61,213.0,240.0,800.0,214.0
2025-07-27,sv8pt5-155,610510,Holofoil,232.89,200.0,240.0,599.95,
2025-07-27,sv8pt5-156,610511,Holofoil,346.89,319.98,365.86,800.0,329.9
2025-07-27,sv8pt5-161,610516,Holofoil,966.59,875.0,999.95,1999.95,928.82
2025-07-27,sv8pt5-167,610522,Holofoil,117.68,111.0,129.85,360.68,121.99
2025-07-27,sv8pt5-179,610534,Holofoil,34.05,30.0,40.66,270.0,
2025-07-27,sv8pt5-28,610383,Holofoil,1.13,0.68,1.31,9.99,1.13
2025-07-27,sv8pt5-47,610402,Normal,0.07,0.01,0.1,4.95,0.02
2025-07-27,sv8pt5-47,610402,Reverse Holofoil,0.11,0.01,0.14,4.95,0.09
2025-07-27,sv8pt5-59,610414,Holofoil,0.32,0.05,0.3,100.0,0.1
2025-07-27,sv8pt5-59,610414,Reverse Holofoil,0.38,0.1,0.43,25.0,0.28
2025-07-27,sv8pt5-60,610415,Holofoil,4.95,4.25,5.99,40.0,4.72
2025-07-27,svp-085,518861,Normal,389.71,400.1,500.0,1000.0,
2025-07-27,swsh11-186,284137,Holofoil,491.08,399.77,545.12,1199.99,500.95
2025-07-27,swsh12-186,451834,Holofoil,308.87,294.27,384.45,625.0,320.0
2025-07-27,swsh12pt5gg-GG69,478100,Holofoil,163.88,155.0,196.66,1000.0,179.99
2025-07-27,swsh35-25,223018,Normal,0.09,0.03,0.2,4.95,0.09
2025-07-27,swsh35-25,223018,Reverse Holofoil,0.24,0.05,0.26,4.95,0.2
2025-07-27,swsh35-74,223073,Holofoil,162.53,144.44,184.65,1500.0,149.99
2025-07-27,swsh45sv-SV107,232496,Holofoil,96.09,91.98,115.15,349.95,100.17
2025-07-27,swsh7-204,246693,Holofoil,26.29,25.99,34.75,100.0,29.69
2025-07-27,swsh7-205,246696,Holofoil,386.78,264.99,399.99,849.99,307.49
2025-07-27,swsh7-208,246755,Holofoil,24.47,22.75,28.74,59.99,25.49
2025-07-27,swsh7-209,246756,Holofoil,276.33,256.98,294.29,799.99,270.98
2025-07-27,swsh7-211,246702,Holofoil,37.83,34.99,45.84,99.99,35.49
2025-07-27,swsh7-212,246704,Holofoil,296.92,266.32,345.0,1000.0,313.99
2025-07-27,swsh7-215,246723,Holofoil,1370.69,1119.98,1448.0,2999.99,1298.77
2025-07-27,swsh7-218,246733,Holofoil,672.41,599.98,705.0,1499.99,659.94
2025-07-27,swsh7-41,246753,Holofoil,4.61,4.0,5.46,89.0,4.5
2025-07-27,swsh7-65,246690,Holofoil,8.56,8.0,9.99,500.0,9.02
2025-07-27,swsh7-75,246701,Holofoil,9.23,7.99,10.7,50.0,8.81
2025-07-27,swsh7-8,246691,Holofoil,5.76,4.75,6.32,50.0,5.63
2025-07-27,swsh8-271,253266,Holofoil,579.42,521.48,677.49,1399.99,576.79
2025-07-27,swsh9-154,263873,Holofoil,212.72,171.99,254.99,1500.0,155.99
2025-07-28,base1-15,42355,Holofoil,116.03,66.0,114.99,249.98,109.67
2025-07-28,base1-16,42356,Holofoil,37.6,20.0,33.5,72.94,16.34
2025-07-28,base1-2,42360,Holofoil,162.16,105.0,153.96,499.99,80.0
2025-07-28,base1-4,42382,Holofoil,450.32,321.31,456.35,1249.99,
2025-07-28,base1-58,42402,Normal,2.64,0.49,2.68,9999.0,0.79
2025-07-28,cel25c-4,250320,Holofoil,101.95,86.82,115.64,250.0,83.26
2025-07-28,gym2-2,83861,1st Edition Holofoil,650.0,499.97,499.99,1000.0,
2025-07-28,gym2-2,83861,Unlimited Holofoil,524.92,309.99,494.47,599.99,498.7
2025-07-28,neo1-9,86903,1st Edition Holofoil,1251.5,1798.78,1799.99,1999.95,
2025-07-28,neo1-9,86903,Unlimited Holofoil,440.48,263.79,339.97,699.95,
2025-07-28,sl-151-bundle,502000,Normal,73.59,67.0,80.0,999.99,
2025-07-28,sl-151-etb,503313,Normal,276.02,282.0,305.0,4999.99,
2025-07-28,sl-151-upc,502005,Normal,399.08,397.98,499.99,20000.0,
2025-07-28,sl-ar-box,265519,Normal,376.05,346.0,407.78,1999.99,
2025-07-28,sl-bs-box,256141,Normal,407.98,395.0,499.99,999.99,
2025-07-28,sl-cel-upc,245140,Normal,618.95,737.99,897.47,1010.45,
2025-07-28,sl-champ-etb,218791,Normal,133.28,129.79,150.0,299.99,
2025-07-28,sl-cz-etb,453470,Normal,177.7,185.0,199.99,1999.99,
2025-07-28,sl-dr-box,624679,Normal,298.07,300.01,324.97,99999.0,
2025-07-28,sl-evs-box,242436,Normal,2089.2,2475.0,2892.6,10000.0,
2025-07-28,sl-evs-etb,243721,Normal,612.26,710.0,979.99,999.99,
2025-07-28,sl-fs-box,247654,Normal,717.95,720.0,962.5,3000.0,
2025-07-28,sl-hf-etb,194729,Normal,407.06,410.0,475.0,999.99,
2025-07-28,sl-jp-151,565243,Normal,160.46,151.0,169.68,250.0,
2025-07-28,sl-jp-terastal,603428,Normal,86.61,79.55,100.0,200.0,
2025-07-28,sl-jt-box,610931,Normal,241.19,244.95,270.5,551.0,
2025-07-28,sl-lo-box,277324,Normal,505.63,550.0,781.21,1200.0,
2025-07-28,sl-obf-box,501257,Normal,228.96,224.0,269.52,30000.0,
2025-07-28,sl-pe-etb,593355,Normal,99.24,94.99,129.0,100000.0,
2025-07-28,sl-pe-spc,622770,Normal,210.72,205.0,249.99,99999.0,
2025-07-28,sl-pf-etb,528040,Normal,205.47,190.0,221.0,395.0,
2025-07-28,sl-shf-etb,228821,Normal,89.95,82.0,99.99,499.99,
2025-07-28,sl-ss-box,565606,Normal,242.83,240.0,292.59,4999.99,
2025-07-28,sl-st-box,283389,Normal,367.94,370.0,424.98,1199.99,
2025-07-28,sl-tf-box,536225,Normal,231.55,229.99,249.99,400.0,
2025-07-28,sv2-185,497557,Normal,0.31,0.01,0.38,29.0,0.25
2025-07-28,sv2-185,497557,Reverse Holofoil,0.45,0.2,0.7,7.99,0.44
2025-07-28,sv2-254,497669,Holofoil,15.78,14.92,19.35,100.0,15.66
2025-07-28,sv2-269,497689,Holofoil,51.23,49.99,59.94,259.99,50.0
2025-07-28,sv3pt5-151,516566,Holofoil,7.3,5.81,8.0,40.0,8.28
2025-07-28,sv3pt5-199,517045,Holofoil,195.41,173.67,218.16,900.0,205.66
2025-07-28,sv3pt5-205,517051,Holofoil,11.82,10.0,13.92,50.0,11.07
2025-07-28,sv3pt5-4,502555,Normal,0.15,0.01,0.15,5.0,0.1
2025-07-28,sv3pt5-4,502555,Reverse Holofoil,0.19,0.07,0.25,4.95,0.25
2025-07-28,sv3pt5-6,502558,Holofoil,3.64,0.02,4.87,999.99,4.25
2025-07-28,sv3pt5-7,502548,Normal,0.17,0.01,0.15,4.95,0.1
2025-07-28,sv3pt5-7,502548,Reverse Holofoil,0.23,0.05,0.25,4.95,0.13
2025-07-28,sv4pt5-234,535090,Holofoil,167.8,165.72,180.61,400.0,164.99
2025-07-28,sv4pt5-54,534416,Holofoil,3.12,1.97,3.13,34.99,2.55
2025-07-28,sv8-57,590025,Holofoil,5.23,4.0,6.51,40.0,4.99
2025-07-28,sv8pt5-149,610504,Holofoil,218.61,200.0,239.99,800.0,213.99
2025-07-28,sv8pt5-155,610510,Holofoil,232.89,200.0,239.99,599.95,
2025-07-28,sv8pt5-156,610511,Holofoil,346.89,319.98,360.0,800.0,329.9
2025-07-28,sv8pt5-161,610516,Holofoil,959.75,848.73,999.95,1999.95,947.68
2025-07-28,sv8pt5-167,610522,Holofoil,116.72,113.98,129.85,360.68,121.99
2025-07-28,sv8pt5-179,610534,Holofoil,34.05,30.0,40.0,270.0,
2025-07-28,sv8pt5-28,610383,Holofoil,1.49,0.69,1.33,9.99,1.51
2025-07-28,sv8pt5-47,610402,Normal,0.07,0.01,0.1,4.95,0.02
2025-07-28,sv8pt5-47,610402,Reverse Holofoil,0.12,0.01,0.14,4.95,0.09
2025-07-28,sv8pt5-59,610414,Holofoil,0.29,0.05,0.3,100.0,0.1
2025-07-28,sv8pt5-59,610414,Reverse Holofoil,0.37,0.1,0.43,25.0,0.28
2025-07-28,sv8pt5-60,610415,Holofoil,4.85,4.24,5.99,40.0,4.72
2025-07-28,svp-085,518861,Normal,389.71,400.1,500.0,1000.0,400.41
2025-07-28,swsh11-186,284137,Holofoil,491.08,399.77,545.12,1199.99,500.95
2025-07-28,swsh12-186,451834,Holofoil,309.6,294.27,386.09,625.0,318.17
2025-07-28,swsh12pt5gg-GG69,478100,Holofoil,165.4,155.0,194.04,1000.0,179.99
2025-07-28,swsh35-25,223018,Normal,0.09,0.03,0.2,4.95,0.09
2025-07-28,swsh35-25,223018,Reverse Holofoil,0.24,0.05,0.26,4.95,0.2
2025-07-28,swsh35-74,223073,Holofoil,162.53,144.44,179.82,1500.0,149.99
2025-07-28,swsh45sv-SV107,232496,Holofoil,96.09,91.98,112.46,349.95,102.82
2025-07-28,swsh7-204,246693,Holofoil,26.15,25.99,34.75,100.0,26.39
2025-07-28,swsh7-205,246696,Holofoil,385.22,264.99,400.0,849.99,307.49
2025-07-28,swsh7-208,246755,Holofoil,24.45,22.75,28.85,59.99,25.49
2025-07-28,swsh7-209,246756,Holofoil,276.17,256.98,294.58,799.99,270.98
2025-07-28,swsh7-211,246702,Holofoil,36.98,34.99,45.0,99.99,35.49
2025-07-28,swsh7-212,246704,Holofoil,296.92,266.32,345.0,1000.0,313.99
2025-07-28,swsh7-215,246723,Holofoil,1370.69,1119.98,1449.0,2999.99,1298.77
2025-07-28,swsh7-218,246733,Holofoil,672.41,571.3,705.0,1499.99,659.94
2025-07-28,swsh7-41,246753,Holofoil,4.63,4.0,5.39,89.0,4.82
2025-07-28,swsh7-65,246690,Holofoil,8.5,8.0,9.99,500.0,9.02
2025-07-28,swsh7-75,246701,Holofoil,9.11,8.27,10.79,50.0,8.81
2025-07-28,swsh7-8,246691,Holofoil,5.77,4.0,6.28,50.0,5.63
2025-07-28,swsh8-271,253266,Holofoil,580.62,521.48,677.49,1399.99,576.79
2025-07-28,swsh9-154,263873,Holofoil,213.96,171.99,249.0,1500.0,155.99
2025-07-29,base1-15,42355,Holofoil,114.43,66.0,119.99,249.98,108.15
2025-07-29,base1-16,42356,Holofoil,37.6,20.0,33.25,72.94,16.39
2025-07-29,base1-2,42360,Holofoil,161.58,105.0,150.1,499.99,79.99
2025-07-29,base1-4,42382,Holofoil,450.32,375.0,461.11,1249.99,
2025-07-29,base1-58,42402,Normal,2.68,0.6,2.68,9999.0,0.79
2025-07-29,cel25c-4,250320,Holofoil,102.12,86.82,117.44,250.0,83.26
2025-07-29,gym2-2,83861,1st Edition Holofoil,650.0,499.97,499.99,1000.0,
2025-07-29,gym2-2,83861,Unlimited Holofoil,524.92,309.99,494.47,599.99,498.7
2025-07-29,neo1-9,86903,1st Edition Holofoil,1251.5,1798.78,1799.99,1999.95,
2025-07-29,neo1-9,86903,Unlimited Holofoil,440.48,263.79,339.97,699.95,
2025-07-29,sl-151-bundle,502000,Normal,73.3,67.0,80.0,999.99,
2025-07-29,sl-151-etb,503313,Normal,281.36,270.01,320.99,4999.99,
2025-07-29,sl-151-upc,502005,Normal,399.68,397.98,499.99,20000.0,
2025-07-29,sl-ar-box,265519,Normal,376.88,346.0,411.65,1999.99,
2025-07-29,sl-bs-box,256141,Normal,407.98,395.0,499.99,999.99,
2025-07-29,sl-cel-upc,245140,Normal,659.63,748.95,1000.0,1010.45,
2025-07-29,sl-champ-etb,218791,Normal,133.85,128.99,150.0,299.99,
2025-07-29,sl-cz-etb,453470,Normal,178.58,185.0,200.0,1999.99,
2025-07-29,sl-dr-box,624679,Normal,305.38,300.01,330.0,99999.0,
2025-07-29,sl-evs-box,242436,Normal,2089.2,2450.0,2945.8,10000.0,
2025-07-29,sl-evs-etb,243721,Normal,612.26,710.0,979.99,999.99,
2025-07-29,sl-fs-box,247654,Normal,736.27,720.0,950.0,3000.0,
2025-07-29,sl-hf-etb,194729,Normal,409.66,444.99,499.98,999.99,
2025-07-29,sl-jp-151,565243,Normal,161.09,151.0,169.99,250.0,
2025-07-29,sl-jp-terastal,603428,Normal,86.52,83.99,102.0,200.0,
2025-07-29,sl-jt-box,610931,Normal,241.96,244.95,270.5,551.0,
2025-07-29,sl-lo-box,277324,Normal,510.71,550.0,799.98,1200.0,
2025-07-29,sl-obf-box,501257,Normal,229.2,227.55,269.52,30000.0,
2025-07-29,sl-pe-etb,593355,Normal,100.34,99.63,129.0,100000.0,
2025-07-29,sl-pe-spc,622770,Normal,209.81,205.0,249.99,99999.0,
2025-07-29,sl-pf-etb,528040,Normal,205.47,187.99,220.5,395.0,
2025-07-29,sl-shf-etb,228821,Normal,89.95,82.0,99.99,499.99,
2025-07-29,sl-ss-box,565606,Normal,244.75,240.0,289.94,4999.99,
2025-07-29,sl-st-box,283389,Normal,367.54,370.0,422.47,1199.99,
2025-07-29,sl-tf-box,536225,Normal,231.46,229.99,249.99,400.0,
2025-07-29,sv2-185,497557,Normal,0.35,0.01,0.38,29.0,0.25
2025-07-29,sv2-185,497557,Reverse Holofoil,0.5,0.2,0.69,7.99,0.44
2025-07-29,sv2-254,497669,Holofoil,16.21,14.99,19.38,100.0,15.76
2025-07-29,sv2-269,497689,Holofoil,51.08,49.99,59.94,259.99,50.0
2025-07-29,sv3pt5-151,516566,Holofoil,7.45,6.37,8.0,40.0,7.19
2025-07-29,sv3pt5-199,517045,Holofoil,196.45,173.67,216.46,900.0,205.66
2025-07-29,sv3pt5-205,517051,Holofoil,11.83,10.0,13.93,50.0,11.69
2025-07-29,sv3pt5-4,502555,Normal,0.15,0.01,0.15,5.0,0.09
2025-07-29,sv3pt5-4,502555,Reverse Holofoil,0.2,0.07,0.25,4.95,
2025-07-29,sv3pt5-6,502558,Holofoil,3.85,1.0,4.86,999.99,4.33
2025-07-29,sv3pt5-7,502548,Normal,0.17,0.01,0.17,4.95,0.1
2025-07-29,sv3pt5-7,502548,Reverse Holofoil,0.24,0.05,0.25,4.95,0.15
2025-07-29,sv4pt5-234,535090,Holofoil,168.18,160.0,181.63,400.0,164.99
2025-07-29,sv4pt5-54,534416,Holofoil,2.9,2.25,3.15,34.99,2.6
2025-07-29,sv8-57,590025,Holofoil,5.17,4.0,6.51,40.0,4.99
2025-07-29,sv8pt5-149,610504,Holofoil,218.61,209.9,238.23,800.0,213.99
2025-07-29,sv8pt5-155,610510,Holofoil,232.89,200.0,239.97,599.95,
2025-07-29,sv8pt5-156,610511,Holofoil,346.89,319.98,359.0,800.0,329.9
2025-07-29,sv8pt5-161,610516,Holofoil,959.75,799.99,999.95,1999.95,947.68
2025-07-29,sv8pt5-167,610522,Holofoil,116.72,110.0,127.54,360.68,121.99
2025-07-29,sv8pt5-179,610534,Holofoil,33.69,30.0,40.0,270.0,
2025-07-29,sv8pt5-28,610383,Holofoil,1.36,0.75,1.43,9.99,1.35
2025-07-29,sv8pt5-47,610402,Normal,0.07,0.01,0.1,4.95,0.02
2025-07-29,sv8pt5-47,610402,Reverse Holofoil,0.13,0.01,0.14,4.95,0.09
2025-07-29,sv8pt5-59,610414,Holofoil,0.25,0.05,0.3,100.0,0.1
2025-07-29,sv8pt5-59,610414,Reverse Holofoil,0.38,0.1,0.42,25.0,0.28
2025-07-29,sv8pt5-60,610415,Holofoil,4.93,4.5,6.0,40.0,4.83
2025-07-29,svp-085,518861,Normal,389.71,400.1,500.0,1000.0,400.41
2025-07-29,swsh11-186,284137,Holofoil,491.08,395.0,547.56,1199.99,500.95
2025-07-29,swsh12-186,451834,Holofoil,310.12,294.27,378.76,625.0,320.0
2025-07-29,swsh12pt5gg-GG69,478100,Holofoil,165.32,155.0,195.99,1000.0,139.46
2025-07-29,swsh35-25,223018,Normal,0.09,0.03,0.2,4.95,0.09
2025-07-29,swsh35-25,223018,Reverse Holofoil,0.24,0.05,0.26,4.95,0.2
2025-07-29,swsh35-74,223073,Holofoil,162.53,144.44,179.86,1500.0,149.99
2025-07-29,swsh45sv-SV107,232496,Holofoil,96.27,91.98,112.0,349.95,102.82
2025-07-29,swsh7-204,246693,Holofoil,26.15,26.27,34.99,100.0,26.39
2025-07-29,swsh7-205,246696,Holofoil,385.22,264.99,400.0,849.99,318.72
2025-07-29,swsh7-208,246755,Holofoil,24.45,22.75,28.85,59.99,25.49
2025-07-29,swsh7-209,246756,Holofoil,275.21,256.98,296.56,799.99,270.98
2025-07-29,swsh7-211,246702,Holofoil,36.63,34.8,45.8,99.99,35.49
2025-07-29,swsh7-212,246704,Holofoil,296.92,266.32,347.5,1000.0,313.99
2025-07-29,swsh7-215,246723,Holofoil,1370.69,1119.98,1449.0,2999.99,1298.77
2025-07-29,swsh7-218,246733,Holofoil,672.41,571.3,705.0,1499.99,659.94
2025-07-29,swsh7-41,246753,Holofoil,4.61,3.99,5.31,89.0,4.76
2025-07-29,swsh7-65,246690,Holofoil,8.37,8.0,9.99,500.0,9.02
2025-07-29,swsh7-75,246701,Holofoil,9.09,8.18,10.85,50.0,8.81
2025-07-29,swsh7-8,246691,Holofoil,5.63,3.11,6.25,50.0,5.63
2025-07-29,swsh8-271,253266,Holofoil,580.82,522.74,692.34,1399.99,576.79
2025-07-29,swsh9-154,263873,Holofoil,213.1,175.99,249.0,1500.0,155.99
2025-07-30,base1-15,42355,Holofoil,114.43,65.0,119.99,249.98,108.15
2025-07-30,base1-16,42356,Holofoil,37.6,19.92,33.29,72.94,16.12
2025-07-30,base1-2,42360,Holofoil,161.58,105.0,151.75,499.99,79.99
2025-07-30,base1-4,42382,Holofoil,450.32,375.0,461.11,1249.99,
2025-07-30,base1-58,42402,Normal,2.65,0.6,2.66,9999.0,0.8
2025-07-30,cel25c-4,250320,Holofoil,102.46,89.99,115.24,250.0,83.26
2025-07-30,gym2-2,83861,1st Edition Holofoil,650.0,499.97,499.99,1000.0,
2025-07-30,gym2-2,83861,Unlimited Holofoil,524.92,309.98,493.84,599.99,498.7
2025-07-30,neo1-9,86903,1st Edition Holofoil,1251.5,1798.78,1799.99,1999.95,
2025-07-30,neo1-9,86903,Unlimited Holofoil,440.48,263.79,339.49,699.95,
2025-07-30,sl-151-bundle,502000,Normal,72.59,65.0,80.0,999.99,
2025-07-30,sl-151-etb,503313,Normal,286.61,289.99,350.0,4999.99,
2025-07-30,sl-151-upc,502005,Normal,399.64,409.0,499.99,20000.0,
2025-07-30,sl-ar-box,265519,Normal,376.88,355.99,411.65,1999.99,
2025-07-30,sl-bs-box,256141,Normal,409.5,395.0,499.99,1299.99,
2025-07-30,sl-cel-upc,245140,Normal,669.63,798.99,1000.0,1010.45,
2025-07-30,sl-champ-etb,218791,Normal,133.12,128.99,150.0,299.99,
2025-07-30,sl-cz-etb,453470,Normal,178.8,185.0,200.0,1999.99,
2025-07-30,sl-dr-box,624679,Normal,309.84,304.99,344.49,99999.0,
2025-07-30,sl-evs-box,242436,Normal,2089.2,2400.0,2900.0,10000.0,
2025-07-30,sl-evs-etb,243721,Normal,612.26,710.0,979.99,999.99,
2025-07-30,sl-fs-box,247654,Normal,731.87,720.0,950.0,3000.0,
2025-07-30,sl-hf-etb,194729,Normal,409.66,435.0,499.99,999.99,
2025-07-30,sl-jp-151,565243,Normal,161.31,151.0,169.99,250.0,
2025-07-30,sl-jp-terastal,603428,Normal,86.2,83.99,103.99,200.0,
2025-07-30,sl-jt-box,610931,Normal,242.26,239.99,275.0,551.0,
2025-07-30,sl-lo-box,277324,Normal,514.11,550.0,781.21,1299.99,
2025-07-30,sl-obf-box,501257,Normal,228.71,227.55,270.0,30000.0,
2025-07-30,sl-pe-etb,593355,Normal,106.97,100.0,129.5,100000.0,
2025-07-30,sl-pe-spc,622770,Normal,208.07,205.0,249.99,99999.0,
2025-07-30,sl-pf-etb,528040,Normal,205.47,187.99,220.0,395.0,
2025-07-30,sl-shf-etb,228821,Normal,89.41,81.59,99.99,499.99,
2025-07-30,sl-ss-box,565606,Normal,241.49,240.0,292.59,4999.99,
2025-07-30,sl-st-box,283389,Normal,368.18,369.0,419.99,1199.99,
2025-07-30,sl-tf-box,536225,Normal,232.14,227.0,249.99,400.0,
2025-07-30,sv2-185,497557,Normal,0.3,0.01,0.37,29.0,0.25
2025-07-30,sv2-185,497557,Reverse Holofoil,0.49,0.2,0.69,7.99,0.44
2025-07-30,sv2-254,497669,Holofoil,16.05,13.99,19.4,100.0,15.76
2025-07-30,sv2-269,497689,Holofoil,50.88,49.88,58.79,259.99,50.0
2025-07-30,sv3pt5-151,516566,Holofoil,6.75,4.67,8.0,40.0,9.99
2025-07-30,sv3pt5-199,517045,Holofoil,197.42,172.35,215.66,900.0,210.0
2025-07-30,sv3pt5-205,517051,Holofoil,11.31,9.25,13.99,50.0,11.92
2025-07-30,sv3pt5-4,502555,Normal,0.13,0.01,0.15,5.0,0.1
2025-07-30,sv3pt5-4,502555,Reverse Holofoil,0.27,0.07,0.25,5.0,
2025-07-30,sv3pt5-6,502558,Holofoil,3.87,1.0,4.87,999.99,5.2
2025-07-30,sv3pt5-7,502548,Normal,0.18,0.01,0.18,4.95,
2025-07-30,sv3pt5-7,502548,Reverse Holofoil,0.26,0.05,0.25,5.0,0.15
2025-07-30,sv4pt5-234,535090,Holofoil,167.82,161.12,183.45,400.0,161.12
2025-07-30,sv4pt5-54,534416,Holofoil,2.8,2.28,3.12,34.99,2.6
2025-07-30,sv8-57,590025,Holofoil,5.07,4.0,6.58,40.0,4.99
2025-07-30,sv8pt5-149,610504,Holofoil,218.61,208.0,230.0,800.0,213.99
2025-07-30,sv8pt5-155,610510,Holofoil,232.89,200.0,240.0,599.95,
2025-07-30,sv8pt5-156,610511,Holofoil,346.89,300.0,361.0,800.0,329.9
2025-07-30,sv8pt5-161,610516,Holofoil,959.75,848.73,999.0,1999.95,947.68
2025-07-30,sv8pt5-167,610522,Holofoil,116.73,110.0,127.52,360.68,121.99
2025-07-30,sv8pt5-179,610534,Holofoil,34.14,30.0,41.86,270.0,
2025-07-30,sv8pt5-28,610383,Holofoil,1.27,0.75,1.43,9.99,1.33
2025-07-30,sv8pt5-47,610402,Normal,0.07,0.01,0.1,4.95,0.02
2025-07-30,sv8pt5-47,610402,Reverse Holofoil,0.12,0.01,0.14,4.95,0.09
2025-07-30,sv8pt5-59,610414,Holofoil,0.21,0.05,0.29,100.0,0.13
2025-07-30,sv8pt5-59,610414,Reverse Holofoil,0.36,0.1,0.42,25.0,0.28
2025-07-30,sv8pt5-60,610415,Holofoil,4.61,4.01,5.99,40.0,4.62
2025-07-30,svp-085,518861,Normal,389.71,400.1,500.0,1000.0,400.41
2025-07-30,swsh11-186,284137,Holofoil,491.08,395.0,545.12,1199.99,491.08
2025-07-30,swsh12-186,451834,Holofoil,314.69,293.82,372.86,625.0,320.0
2025-07-30,swsh12pt5gg-GG69,478100,Holofoil,165.56,150.0,195.99,1000.0,145.0
2025-07-30,swsh35-25,223018,Normal,0.09,0.03,0.2,4.95,0.09
2025-07-30,swsh35-25,223018,Reverse Holofoil,0.23,0.05,0.26,4.95,0.2
2025-07-30,swsh35-74,223073,Holofoil,161.77,144.44,179.99,1500.0,149.99
2025-07-30,swsh45sv-SV107,232496,Holofoil,96.91,90.57,113.79,349.95,102.82
2025-07-30,swsh7-204,246693,Holofoil,26.13,26.27,35.0,100.0,29.69
2025-07-30,swsh7-205,246696,Holofoil,385.22,263.7,400.0,849.99,263.7
2025-07-30,swsh7-208,246755,Holofoil,24.45,22.75,29.46,59.99,26.6
2025-07-30,swsh7-209,246756,Holofoil,275.21,256.98,299.7,799.99,270.98
2025-07-30,swsh7-211,246702,Holofoil,36.92,35.49,45.63,99.99,35.49
2025-07-30,swsh7-212,246704,Holofoil,295.72,266.32,347.5,1000.0,274.98
2025-07-30,swsh7-215,246723,Holofoil,1370.69,1119.98,1439.53,2999.99,1298.77
2025-07-30,swsh7-218,246733,Holofoil,672.41,571.3,714.12,1499.99,659.94
2025-07-30,swsh7-41,246753,Holofoil,4.67,3.71,5.35,89.0,4.7
2025-07-30,swsh7-65,246690,Holofoil,8.29,8.0,9.99,500.0,9.02
2025-07-30,swsh7-75,246701,Holofoil,9.2,7.75,10.85,50.0,9.74
2025-07-30,swsh7-8,246691,Holofoil,5.56,3.09,6.2,50.0,5.7
2025-07-30,swsh8-271,253266,Holofoil,581.39,522.77,677.49,1399.99,576.79
2025-07-30,swsh9-154,263873,Holofoil,211.37,175.99,244.0,1500.0,155.99
2025-07-31,base1-15,42355,Holofoil,114.43,65.0,113.35,249.98,108.15
2025-07-31,base1-16,42356,Holofoil,37.59,18.21,33.13,72.94,16.12
2025-07-31,base1-2,42360,Holofoil,161.58,105.0,151.75,499.99,79.99
2025-07-31,base1-4,42382,Holofoil,450.32,375.0,456.35,1249.99,
2025-07-31,base1-58,42402,Normal,2.75,0.59,2.65,9999.0,0.8
2025-07-31,cel25c-4,250320,Holofoil,102.46,89.99,113.21,250.0,82.43
2025-07-31,gym2-2,83861,1st Edition Holofoil,650.0,499.97,499.99,1000.0,
2025-07-31,gym2-2,83861,Unlimited Holofoil,524.92,309.98,498.7,599.99,498.7
2025-07-31,neo1-9,86903,1st Edition Holofoil,1251.5,1798.78,1799.99,1999.95,
2025-07-31,neo1-9,86903,Unlimited Holofoil,440.48,263.79,339.49,699.95,
2025-07-31,sl-151-bundle,502000,Normal,71.53,64.99,80.0,999.99,
2025-07-31,sl-151-etb,503313,Normal,289.81,289.99,350.0,4999.99,
2025-07-31,sl-151-upc,502005,Normal,403.28,409.0,499.99,20000.0,
2025-07-31,sl-ar-box,265519,Normal,376.88,360.99,412.73,1999.99,
2025-07-31,sl-bs-box,256141,Normal,409.46,395.0,499.99,1299.99,
2025-07-31,sl-cel-upc,245140,Normal,669.63,798.99,1000.0,1010.45,
2025-07-31,sl-champ-etb,218791,Normal,132.93,128.99,150.0,299.99,
2025-07-31,sl-cz-etb,453470,Normal,180.22,185.0,200.0,1999.99,
2025-07-31,sl-dr-box,624679,Normal,311.69,300.0,334.99,99999.0,
2025-07-31,sl-evs-box,242436,Normal,2089.2,2400.0,2900.0,10000.0,
2025-07-31,sl-evs-etb,243721,Normal,612.26,710.0,979.99,999.99,
2025-07-31,sl-fs-box,247654,Normal,729.63,745.69,975.0,3000.0,
2025-07-31,sl-hf-etb,194729,Normal,409.66,435.0,505.0,999.99,
2025-07-31,sl-jp-151,565243,Normal,160.66,151.0,169.99,250.0,
2025-07-31,sl-jp-terastal,603428,Normal,86.73,83.99,106.99,200.0,
2025-07-31,sl-jt-box,610931,Normal,244.17,239.99,270.5,364.95,
2025-07-31,sl-lo-box,277324,Normal,519.66,550.0,850.0,1299.99,
2025-07-31,sl-obf-box,501257,Normal,229.96,235.8,287.48,30000.0,
2025-07-31,sl-pe-etb,593355,Normal,108.9,97.01,129.99,100000.0,
2025-07-31,sl-pe-spc,622770,Normal,208.61,205.0,249.99,99999.0,
2025-07-31,sl-pf-etb,528040,Normal,205.47,187.99,220.0,395.0,
2025-07-31,sl-shf-etb,228821,Normal,89.15,81.59,99.99,499.99,
2025-07-31,sl-ss-box,565606,Normal,243.66,233.93,289.94,4999.99,
2025-07-31,sl-st-box,283389,Normal,369.14,375.0,424.95,1199.99,
2025-07-31,sl-tf-box,536225,Normal,232.36,221.0,249.99,400.0,
2025-07-31,sv2-185,497557,Normal,0.29,0.01,0.38,4321.0,0.25
2025-07-31,sv2-185,497557,Reverse Holofoil,0.5,0.2,0.68,4321.0,0.44
2025-07-31,sv2-254,497669,Holofoil,15.92,12.0,19.38,100.0,15.76
2025-07-31,sv2-269,497689,Holofoil,50.98,49.77,58.71,259.99,50.0
2025-07-31,sv3pt5-151,516566,Holofoil,7.72,5.99,8.0,40.0,6.81
2025-07-31,sv3pt5-199,517045,Holofoil,198.93,172.33,229.0,900.0,203.41
2025-07-31,sv3pt5-205,517051,Holofoil,11.41,9.99,13.99,50.0,12.75
2025-07-31,sv3pt5-4,502555,Normal,0.11,0.01,0.15,5.0,0.1
2025-07-31,sv3pt5-4,502555,Reverse Holofoil,0.27,0.07,0.27,4321.0,0.25
2025-07-31,sv3pt5-6,502558,Holofoil,4.65,1.0,4.89,999.99,4.88
2025-07-31,sv3pt5-7,502548,Normal,0.19,0.01,0.18,4.95,0.1
2025-07-31,sv3pt5-7,502548,Reverse Holofoil,0.22,0.05,0.25,4321.0,0.15
2025-07-31,sv4pt5-234,535090,Holofoil,167.84,161.12,183.04,400.0,161.12
2025-07-31,sv4pt5-54,534416,Holofoil,2.9,2.3,3.12,34.99,2.6
2025-07-31,sv8-57,590025,Holofoil,4.99,3.99,6.66,40.0,4.99
2025-07-31,sv8pt5-149,610504,Holofoil,218.61,200.0,227.82,800.0,213.99
2025-07-31,sv8pt5-155,610510,Holofoil,232.89,199.01,240.0,599.95,
2025-07-31,sv8pt5-156,610511,Holofoil,342.58,300.0,361.0,800.0,329.9
2025-07-31,sv8pt5-161,610516,Holofoil,959.75,848.73,980.0,1999.95,928.82
2025-07-31,sv8pt5-167,610522,Holofoil,116.73,109.01,127.4,360.68,121.99
2025-07-31,sv8pt5-179,610534,Holofoil,34.19,30.0,42.0,270.0,
2025-07-31,sv8pt5-28,610383,Holofoil,1.19,0.6,1.42,9.99,1.25
2025-07-31,sv8pt5-47,610402,Normal,0.07,0.01,0.1,4.95,0.02
2025-07-31,sv8pt5-47,610402,Reverse Holofoil,0.12,0.01,0.14,4.95,0.09
2025-07-31,sv8pt5-59,610414,Holofoil,0.2,0.05,0.27,100.0,0.14
2025-07-31,sv8pt5-59,610414,Reverse Holofoil,0.34,0.1,0.42,25.0,0.28
2025-07-31,sv8pt5-60,610415,Holofoil,4.65,4.01,5.99,40.0,4.3
2025-07-31,svp-085,518861,Normal,389.71,400.1,500.0,1000.0,413.77
2025-07-31,swsh11-186,284137,Holofoil,491.08,395.0,543.12,1199.99,549.99
2025-07-31,swsh12-186,451834,Holofoil,310.83,293.82,391.67,625.0,320.0
2025-07-31,swsh12pt5gg-GG69,478100,Holofoil,163.5,151.99,191.12,1000.0,179.99
2025-07-31,swsh35-25,223018,Normal,0.09,0.03,0.2,4.95,0.09
2025-07-31,swsh35-25,223018,Reverse Holofoil,0.23,0.05,0.26,4.95,0.2
2025-07-31,swsh35-74,223073,Holofoil,161.77,144.44,177.95,1500.0,149.99
2025-07-31,swsh45sv-SV107,232496,Holofoil,97.41,90.57,113.8,349.95,103.99
2025-07-31,swsh7-204,246693,Holofoil,26.13,24.95,34.75,100.0,29.69
2025-07-31,swsh7-205,246696,Holofoil,385.22,263.7,400.0,849.99,263.7
2025-07-31,swsh7-208,246755,Holofoil,24.51,22.75,29.41,59.99,26.6
2025-07-31,swsh7-209,246756,Holofoil,275.21,256.98,292.66,799.99,270.98
2025-07-31,swsh7-211,246702,Holofoil,36.92,35.49,48.28,99.99,35.49
2025-07-31,swsh7-212,246704,Holofoil,294.66,266.32,337.5,1000.0,270.0
2025-07-31,swsh7-215,246723,Holofoil,1365.97,1119.98,1439.53,2999.99,1298.77
2025-07-31,swsh7-218,246733,Holofoil,664.85,556.64,709.26,1499.99,659.94
2025-07-31,swsh7-41,246753,Holofoil,4.69,3.71,5.46,89.0,4.64
2025-07-31,swsh7-65,246690,Holofoil,8.61,8.0,9.99,500.0,9.02
2025-07-31,swsh7-75,246701,Holofoil,9.35,8.41,10.88,50.0,9.74
2025-07-31,swsh7-8,246691,Holofoil,4.79,3.09,6.2,50.0,5.32
2025-07-31,swsh8-271,253266,Holofoil,581.99,522.77,699.69,1399.99,576.79
2025-07-31,swsh9-154,263873,Holofoil,210.45,171.99,244.0,1500.0,155.99
