date,asset_id,product_id,subtype,market,low,mid,high,direct_low
2026-07-01,base1-15,42355,Holofoil,154.04,101.0,162.0,1199.0,180.0
2026-07-01,base1-16,42356,Holofoil,53.51,30.0,42.0,129.96,79.98
2026-07-01,base1-2,42360,Holofoil,232.4,149.0,218.45,9999.0,200.0
2026-07-01,base1-4,42382,Holofoil,694.08,534.99,700.52,1500.0,685.49
2026-07-01,base1-58,42402,Normal,7.63,0.94,3.99,9999.0,3.36
2026-07-01,cel25c-4,250320,Holofoil,194.89,162.0,213.64,999.99,202.11
2026-07-01,gym2-2,83861,1st Edition Holofoil,894.61,1499.99,1820.0,2140.0,
2026-07-01,gym2-2,83861,Unlimited Holofoil,566.63,479.99,900.65,1499.99,
2026-07-01,neo1-9,86903,1st Edition Holofoil,1599.98,1300.0,7750.0,10000.0,
2026-07-01,neo1-9,86903,Unlimited Holofoil,543.07,449.99,495.0,1500.0,
2026-07-01,sl-151-bundle,502000,Normal,185.0,173.72,218.45,2999.99,
2026-07-01,sl-151-etb,503313,Normal,607.23,606.34,725.0,1787.01,
2026-07-01,sl-151-upc,502005,Normal,945.91,920.0,1215.99,35000.0,
2026-07-01,sl-ar-box,265519,Normal,418.52,430.0,481.24,750.0,
2026-07-01,sl-base-box,185731,Normal,,100000.0,100000.0,100000.0,
2026-07-01,sl-bs-box,256141,Normal,625.83,635.0,699.99,5000.0,
2026-07-01,sl-cel-upc,245140,Normal,1301.96,1300.0,1969.84,200000.0,
2026-07-01,sl-champ-etb,218791,Normal,221.44,199.99,250.0,650.0,
2026-07-01,sl-cz-etb,453470,Normal,336.54,329.99,400.0,1000.0,
2026-07-01,sl-dr-box,624679,Normal,588.09,565.0,646.94,8498.0,
2026-07-01,sl-evs-box,242436,Normal,2670.58,2499.99,3000.0,12000.0,
2026-07-01,sl-evs-etb,243721,Normal,983.38,1100.0,1298.98,3300.0,
2026-07-01,sl-fs-box,247654,Normal,1110.15,975.0,1339.97,6500.0,
2026-07-01,sl-hf-etb,194729,Normal,554.97,535.99,683.0,9999.98,
2026-07-01,sl-jp-151,565243,Normal,337.98,320.0,380.0,599.99,
2026-07-01,sl-jp-terastal,603428,Normal,136.51,99.99,154.73,299.95,
2026-07-01,sl-jt-box,610931,Normal,285.13,289.99,315.0,558.43,
2026-07-01,sl-lo-box,277324,Normal,768.16,734.98,877.0,2500.0,
2026-07-01,sl-me1-box,644298,Normal,323.14,323.99,345.0,539.0,
2026-07-01,sl-obf-box,501257,Normal,396.31,400.0,429.99,1000.0,
2026-07-01,sl-pe-etb,593355,Normal,174.69,165.0,206.85,6999.0,
2026-07-01,sl-pe-spc,622770,Normal,307.97,299.99,389.99,9999.99,
2026-07-01,sl-pf-etb,528040,Normal,475.81,474.99,587.95,800.0,
2026-07-01,sl-phf-box,654137,Normal,459.11,400.0,489.99,1000.0,
2026-07-01,sl-shf-etb,228821,Normal,149.78,140.99,169.99,500.0,
2026-07-01,sl-ss-box,565606,Normal,303.52,295.0,350.0,4999.99,
2026-07-01,sl-st-box,283389,Normal,542.73,540.0,575.0,1000.0,
2026-07-01,sl-tf-box,536225,Normal,329.1,320.0,349.99,599.99,
2026-07-01,sv2-185,497557,Normal,0.29,0.01,0.32,22.0,0.24
2026-07-01,sv2-185,497557,Reverse Holofoil,0.63,0.2,0.73,17.2,0.41
2026-07-01,sv2-254,497669,Holofoil,11.97,8.7,12.67,2228.0,14.99
2026-07-01,sv2-269,497689,Holofoil,67.92,55.96,77.5,526.54,75.25
2026-07-01,sv3pt5-151,516566,Holofoil,9.05,6.0,9.52,100.0,12.42
2026-07-01,sv3pt5-199,517045,Holofoil,421.44,349.0,450.0,10000.0,384.99
2026-07-01,sv3pt5-205,517051,Holofoil,33.49,28.0,36.36,149.85,29.49
2026-07-01,sv3pt5-4,502555,Normal,0.18,0.01,0.2,25.0,0.13
2026-07-01,sv3pt5-4,502555,Reverse Holofoil,0.39,0.1,0.4,19.97,0.4
2026-07-01,sv3pt5-6,502558,Holofoil,8.59,4.49,10.23,112.99,9.99
2026-07-01,sv3pt5-7,502548,Normal,0.19,0.01,0.25,19.46,0.19
2026-07-01,sv3pt5-7,502548,Reverse Holofoil,0.47,0.1,0.42,99.0,0.25
2026-07-01,sv4pt5-234,535090,Holofoil,335.77,300.0,354.0,1678.85,314.98
2026-07-01,sv4pt5-54,534416,Holofoil,5.34,3.57,5.93,60.0,4.96
2026-07-01,sv8-57,590025,Holofoil,4.15,2.0,4.88,4321.0,3.98
2026-07-01,sv8pt5-149,610504,Holofoil,306.53,286.0,391.4,2000.0,
2026-07-01,sv8pt5-155,610510,Holofoil,323.84,294.5,369.01,459.07,
2026-07-01,sv8pt5-156,610511,Holofoil,563.47,460.1,712.35,1997.92,724.69
2026-07-01,sv8pt5-161,610516,Holofoil,1535.5,1299.99,1747.75,3998.34,
2026-07-01,sv8pt5-167,610522,Holofoil,189.98,182.95,219.24,3009.8,182.95
2026-07-01,sv8pt5-179,610534,Holofoil,72.04,71.64,79.99,593.4,78.5
2026-07-01,sv8pt5-28,610383,Holofoil,2.22,1.5,2.6,28.7,
2026-07-01,sv8pt5-47,610402,Normal,0.04,0.01,0.15,19.98,0.01
2026-07-01,sv8pt5-47,610402,Reverse Holofoil,0.11,0.01,0.19,19.98,0.01
2026-07-01,sv8pt5-59,610414,Holofoil,0.52,0.05,0.43,100.0,0.44
2026-07-01,sv8pt5-59,610414,Reverse Holofoil,0.53,0.1,0.52,19.99,
2026-07-01,sv8pt5-60,610415,Holofoil,8.0,6.5,9.0,5000.0,8.9
2026-07-01,svp-085,518861,Normal,1062.79,1150.0,1500.0,6998.35,1499.99
2026-07-01,swsh11-186,284137,Holofoil,866.21,793.5,906.3,4331.05,874.99
2026-07-01,swsh12-186,451834,Holofoil,540.11,500.0,624.99,3760.13,566.5
2026-07-01,swsh12pt5gg-GG69,478100,Holofoil,410.65,248.44,451.88,1864.98,420.68
2026-07-01,swsh35-25,223018,Normal,0.2,0.04,0.21,19.98,
2026-07-01,swsh35-25,223018,Reverse Holofoil,0.15,0.1,0.28,19.98,
2026-07-01,swsh35-74,223073,Holofoil,231.81,204.99,285.3,2300.0,284.99
2026-07-01,swsh45sv-SV107,232496,Holofoil,149.14,85.0,180.0,349.95,168.0
2026-07-01,swsh7-204,246693,Holofoil,37.09,32.5,48.63,289.9,48.37
2026-07-01,swsh7-205,246696,Holofoil,404.51,360.09,409.5,1499.99,606.55
2026-07-01,swsh7-208,246755,Holofoil,37.42,31.6,45.0,270.1,37.73
2026-07-01,swsh7-209,246756,Holofoil,302.83,292.47,357.7,1218.65,292.47
2026-07-01,swsh7-211,246702,Holofoil,57.07,49.9,59.95,450.0,64.97
2026-07-01,swsh7-212,246704,Holofoil,392.58,399.69,520.99,4249.73,416.24
2026-07-01,swsh7-215,246723,Holofoil,2276.45,1930.0,2500.0,6000.0,2499.94
2026-07-01,swsh7-218,246733,Holofoil,1104.52,1198.57,1469.27,3499.99,1449.69
2026-07-01,swsh7-41,246753,Holofoil,8.07,5.0,9.24,39.99,9.29
2026-07-01,swsh7-65,246690,Holofoil,16.36,11.48,16.53,500.0,15.55
2026-07-01,swsh7-75,246701,Holofoil,18.29,15.55,20.0,141.86,19.98
2026-07-01,swsh7-8,246691,Holofoil,11.5,8.5,11.84,100.0,14.38
2026-07-01,swsh8-271,253266,Holofoil,1007.1,809.69,1130.03,5035.5,1240.0
2026-07-01,swsh9-154,263873,Holofoil,340.21,280.0,399.99,1500.0,306.17
2026-07-02,base1-15,42355,Holofoil,154.04,100.0,162.0,1199.0,180.0
2026-07-02,base1-16,42356,Holofoil,53.2,30.0,40.99,129.96,79.98
2026-07-02,base1-2,42360,Holofoil,232.4,140.0,229.84,9999.0,200.0
2026-07-02,base1-4,42382,Holofoil,720.34,534.99,709.99,1500.0,678.81
2026-07-02,base1-58,42402,Normal,7.99,2.0,4.0,9999.0,3.61
2026-07-02,cel25c-4,250320,Holofoil,194.89,161.99,211.92,999.99,202.11
2026-07-02,gym2-2,83861,1st Edition Holofoil,894.61,1499.99,1820.0,2140.0,
2026-07-02,gym2-2,83861,Unlimited Holofoil,566.63,479.99,600.0,1201.29,
2026-07-02,neo1-9,86903,1st Edition Holofoil,1599.98,1300.0,7750.0,10000.0,
2026-07-02,neo1-9,86903,Unlimited Holofoil,543.07,449.99,495.0,1500.0,
2026-07-02,sl-151-bundle,502000,Normal,184.78,173.72,220.0,2999.99,
2026-07-02,sl-151-etb,503313,Normal,609.12,615.0,725.0,1787.01,
2026-07-02,sl-151-upc,502005,Normal,941.51,920.0,1218.71,35000.0,
2026-07-02,sl-ar-box,265519,Normal,418.52,426.95,475.0,750.0,
2026-07-02,sl-base-box,185731,Normal,,100000.0,100000.0,100000.0,
2026-07-02,sl-bs-box,256141,Normal,625.83,635.0,699.97,5000.0,
2026-07-02,sl-cel-upc,245140,Normal,1304.28,1300.0,1969.69,200000.0,
2026-07-02,sl-champ-etb,218791,Normal,219.24,199.99,257.99,650.0,
2026-07-02,sl-cz-etb,453470,Normal,336.54,329.99,399.99,1000.0,
2026-07-02,sl-dr-box,624679,Normal,587.65,562.99,649.74,8498.0,
2026-07-02,sl-evs-box,242436,Normal,2658.78,2499.99,3000.0,12000.0,
2026-07-02,sl-evs-etb,243721,Normal,983.38,1100.0,1200.99,1999.95,
2026-07-02,sl-fs-box,247654,Normal,1103.19,989.0,1342.45,6500.0,
2026-07-02,sl-hf-etb,194729,Normal,554.97,535.99,666.0,9999.98,
2026-07-02,sl-jp-151,565243,Normal,337.82,320.0,380.0,599.99,
2026-07-02,sl-jp-terastal,603428,Normal,135.99,99.99,154.95,299.95,
2026-07-02,sl-jt-box,610931,Normal,286.28,299.99,324.95,558.43,
2026-07-02,sl-lo-box,277324,Normal,768.16,734.0,877.0,2500.0,
2026-07-02,sl-me1-box,644298,Normal,323.14,323.99,345.0,539.0,
2026-07-02,sl-obf-box,501257,Normal,396.31,385.49,425.0,1000.0,
2026-07-02,sl-pe-etb,593355,Normal,176.17,165.0,204.0,6999.0,
2026-07-02,sl-pe-spc,622770,Normal,295.83,299.99,373.0,9999.99,
2026-07-02,sl-pf-etb,528040,Normal,473.85,473.85,589.62,800.0,
2026-07-02,sl-phf-box,654137,Normal,455.81,400.0,489.99,1000.0,
2026-07-02,sl-shf-etb,228821,Normal,150.33,140.99,169.97,500.0,
2026-07-02,sl-ss-box,565606,Normal,304.8,290.0,350.0,4999.99,
2026-07-02,sl-st-box,283389,Normal,541.33,524.99,575.0,1000.0,
2026-07-02,sl-tf-box,536225,Normal,329.1,312.01,349.98,599.99,
2026-07-02,sv2-185,497557,Normal,0.3,0.01,0.32,22.0,0.23
2026-07-02,sv2-185,497557,Reverse Holofoil,0.63,0.1,0.73,17.18,0.41
2026-07-02,sv2-254,497669,Holofoil,11.79,8.7,12.57,2228.0,10.08
2026-07-02,sv2-269,497689,Holofoil,67.55,55.96,75.48,526.52,64.35
2026-07-02,sv3pt5-151,516566,Holofoil,8.99,6.5,9.5,100.0,8.99
2026-07-02,sv3pt5-199,517045,Holofoil,421.0,350.0,450.0,10000.0,384.99
2026-07-02,sv3pt5-205,517051,Holofoil,31.22,28.0,35.99,150.45,33.5
2026-07-02,sv3pt5-4,502555,Normal,0.21,0.01,0.22,25.0,0.13
2026-07-02,sv3pt5-4,502555,Reverse Holofoil,0.39,0.1,0.4,19.97,0.38
2026-07-02,sv3pt5-6,502558,Holofoil,8.41,4.49,10.0,112.99,7.76
2026-07-02,sv3pt5-7,502548,Normal,0.21,0.01,0.25,19.44,0.19
2026-07-02,sv3pt5-7,502548,Reverse Holofoil,0.41,0.1,0.4,99.0,0.4
2026-07-02,sv4pt5-234,535090,Holofoil,335.78,300.0,350.0,1678.85,314.98
2026-07-02,sv4pt5-54,534416,Holofoil,5.26,3.69,5.83,60.0,5.34
2026-07-02,sv8-57,590025,Holofoil,4.25,2.0,4.88,4321.0,4.64
2026-07-02,sv8pt5-149,610504,Holofoil,310.04,286.0,379.08,2000.0,
2026-07-02,sv8pt5-155,610510,Holofoil,324.11,294.5,376.44,440.0,
2026-07-02,sv8pt5-156,610511,Holofoil,555.64,453.71,700.0,1997.9,724.68
2026-07-02,sv8pt5-161,610516,Holofoil,1535.86,1250.5,1721.6,3998.32,1721.6
2026-07-02,sv8pt5-167,610522,Holofoil,187.05,188.99,222.0,3009.8,189.83
2026-07-02,sv8pt5-179,610534,Holofoil,72.45,70.33,80.0,593.38,78.5
2026-07-02,sv8pt5-28,610383,Holofoil,2.2,1.15,2.6,28.7,
2026-07-02,sv8pt5-47,610402,Normal,0.11,0.01,0.15,19.98,0.01
2026-07-02,sv8pt5-47,610402,Reverse Holofoil,0.12,0.01,0.19,19.98,0.01
2026-07-02,sv8pt5-59,610414,Holofoil,0.46,0.05,0.45,100.0,
2026-07-02,sv8pt5-59,610414,Reverse Holofoil,0.54,0.1,0.53,19.99,
2026-07-02,sv8pt5-60,610415,Holofoil,8.07,4.99,8.96,5000.0,4.99
2026-07-02,svp-085,518861,Normal,1062.79,1150.0,1500.0,6998.33,1499.99
2026-07-02,swsh11-186,284137,Holofoil,866.21,790.0,900.0,4331.05,874.99
2026-07-02,swsh12-186,451834,Holofoil,543.95,500.0,619.99,3760.11,566.5
2026-07-02,swsh12pt5gg-GG69,478100,Holofoil,409.96,386.0,449.44,1864.98,420.68
2026-07-02,swsh35-25,223018,Normal,0.2,0.04,0.21,19.98,
2026-07-02,swsh35-25,223018,Reverse Holofoil,0.15,0.1,0.28,19.98,
2026-07-02,swsh35-74,223073,Holofoil,231.81,204.99,284.99,2300.0,284.99
2026-07-02,swsh45sv-SV107,232496,Holofoil,149.14,144.32,172.8,349.95,144.32
2026-07-02,swsh7-204,246693,Holofoil,37.09,37.83,48.37,289.9,45.53
2026-07-02,swsh7-205,246696,Holofoil,406.0,359.99,412.7,1499.99,608.79
2026-07-02,swsh7-208,246755,Holofoil,37.42,31.6,44.97,270.1,37.73
2026-07-02,swsh7-209,246756,Holofoil,302.83,259.99,359.0,1218.65,259.99
2026-07-02,swsh7-211,246702,Holofoil,57.07,49.9,59.97,450.0,64.97
2026-07-02,swsh7-212,246704,Holofoil,392.58,392.58,499.98,4249.73,412.48
2026-07-02,swsh7-215,246723,Holofoil,2204.86,1999.99,2500.0,6000.0,2499.93
2026-07-02,swsh7-218,246733,Holofoil,1121.73,1198.57,1450.0,3499.99,1349.86
2026-07-02,swsh7-41,246753,Holofoil,8.04,5.0,9.0,39.99,9.29
2026-07-02,swsh7-65,246690,Holofoil,16.12,12.51,17.0,500.0,16.12
2026-07-02,swsh7-75,246701,Holofoil,18.37,15.5,19.99,141.86,19.97
2026-07-02,swsh7-8,246691,Holofoil,11.72,8.5,11.81,100.0,14.38
2026-07-02,swsh8-271,253266,Holofoil,1007.1,804.0,1130.03,5035.5,1144.99
2026-07-02,swsh9-154,263873,Holofoil,341.21,282.0,398.97,1500.0,306.17
2026-07-03,base1-15,42355,Holofoil,154.04,100.0,147.03,1199.0,180.0
2026-07-03,base1-16,42356,Holofoil,53.2,30.0,39.11,129.96,33.75
2026-07-03,base1-2,42360,Holofoil,231.65,159.99,235.0,9999.0,235.0
2026-07-03,base1-4,42382,Holofoil,720.34,534.99,709.99,1500.0,678.81
2026-07-03,base1-58,42402,Normal,7.93,2.0,4.0,95.0,4.97
2026-07-03,cel25c-4,250320,Holofoil,194.31,162.0,209.18,999.99,205.55
2026-07-03,gym2-2,83861,1st Edition Holofoil,894.61,696.69,1499.99,2140.0,
2026-07-03,gym2-2,83861,Unlimited Holofoil,566.63,479.99,900.65,1499.99,
2026-07-03,neo1-9,86903,1st Edition Holofoil,1599.98,1300.0,7750.0,10000.0,
2026-07-03,neo1-9,86903,Unlimited Holofoil,543.07,449.99,495.0,1500.0,
2026-07-03,sl-151-bundle,502000,Normal,184.92,181.0,219.99,17978.0,
2026-07-03,sl-151-etb,503313,Normal,609.44,639.99,725.0,1787.01,
2026-07-03,sl-151-upc,502005,Normal,937.09,920.0,1249.99,35000.0,
2026-07-03,sl-ar-box,265519,Normal,418.52,410.0,475.0,750.0,
2026-07-03,sl-base-box,185731,Normal,,100000.0,100000.0,100000.0,
2026-07-03,sl-bs-box,256141,Normal,625.83,635.0,699.99,5000.0,
2026-07-03,sl-cel-upc,245140,Normal,1306.08,1300.0,1969.84,200000.0,
2026-07-03,sl-champ-etb,218791,Normal,216.86,199.99,259.99,650.0,
2026-07-03,sl-cz-etb,453470,Normal,337.13,326.98,399.99,1000.0,
2026-07-03,sl-dr-box,624679,Normal,586.18,550.0,649.19,8498.0,
2026-07-03,sl-evs-box,242436,Normal,2658.78,2499.99,3000.0,12000.0,
2026-07-03,sl-evs-etb,243721,Normal,983.38,1100.0,1200.99,1999.95,
2026-07-03,sl-fs-box,247654,Normal,1100.75,979.99,1342.45,6500.0,
2026-07-03,sl-hf-etb,194729,Normal,554.97,535.99,683.0,9999.98,
2026-07-03,sl-jp-151,565243,Normal,337.69,319.99,380.0,599.99,
2026-07-03,sl-jp-terastal,603428,Normal,134.87,99.99,154.94,299.95,
2026-07-03,sl-jt-box,610931,Normal,287.26,285.0,324.95,558.43,
2026-07-03,sl-lo-box,277324,Normal,768.16,718.98,890.0,2500.0,
2026-07-03,sl-me1-box,644298,Normal,324.54,323.99,345.0,539.0,
2026-07-03,sl-obf-box,501257,Normal,397.74,379.99,425.0,1000.0,
2026-07-03,sl-pe-etb,593355,Normal,178.28,165.0,200.0,6999.0,
2026-07-03,sl-pe-spc,622770,Normal,301.75,289.0,369.99,9999.99,
2026-07-03,sl-pf-etb,528040,Normal,474.25,474.99,589.81,800.0,
2026-07-03,sl-phf-box,654137,Normal,453.99,400.0,489.99,1000.0,
2026-07-03,sl-shf-etb,228821,Normal,150.57,140.0,169.99,500.0,
2026-07-03,sl-ss-box,565606,Normal,302.56,290.0,350.0,4999.99,
2026-07-03,sl-st-box,283389,Normal,541.33,519.99,575.0,1000.0,
2026-07-03,sl-tf-box,536225,Normal,327.94,310.3,349.97,599.99,
2026-07-03,sv2-185,497557,Normal,0.3,0.01,0.31,22.0,0.22
2026-07-03,sv2-185,497557,Reverse Holofoil,0.63,0.1,0.74,17.14,0.41
2026-07-03,sv2-254,497669,Holofoil,11.61,9.17,12.68,2228.0,10.9
2026-07-03,sv2-269,497689,Holofoil,66.46,55.96,75.24,526.48,64.35
2026-07-03,sv3pt5-151,516566,Holofoil,9.19,6.49,9.5,100.0,8.09
2026-07-03,sv3pt5-199,517045,Holofoil,416.55,350.0,450.0,10000.0,384.99
2026-07-03,sv3pt5-205,517051,Holofoil,29.99,26.75,34.99,149.3,31.55
2026-07-03,sv3pt5-4,502555,Normal,0.17,0.01,0.21,25.0,0.11
2026-07-03,sv3pt5-4,502555,Reverse Holofoil,0.38,0.1,0.4,19.97,0.38
2026-07-03,sv3pt5-6,502558,Holofoil,9.14,4.49,10.0,112.99,9.05
2026-07-03,sv3pt5-7,502548,Normal,0.17,0.01,0.25,19.44,0.18
2026-07-03,sv3pt5-7,502548,Reverse Holofoil,0.39,0.1,0.4,99.0,0.4
2026-07-03,sv4pt5-234,535090,Holofoil,335.72,300.0,349.99,1678.6,314.98
2026-07-03,sv4pt5-54,534416,Holofoil,5.12,3.59,5.78,60.0,5.5
2026-07-03,sv8-57,590025,Holofoil,4.03,2.0,4.82,4321.0,4.28
2026-07-03,sv8pt5-149,610504,Holofoil,301.2,286.0,379.08,2000.0,
2026-07-03,sv8pt5-155,610510,Holofoil,324.11,294.5,350.0,440.0,
2026-07-03,sv8pt5-156,610511,Holofoil,555.64,453.71,657.79,1997.86,649.0
2026-07-03,sv8pt5-161,610516,Holofoil,1522.11,1250.5,1721.6,3998.28,1721.6
2026-07-03,sv8pt5-167,610522,Holofoil,187.66,188.99,223.07,3009.8,
2026-07-03,sv8pt5-179,610534,Holofoil,72.81,70.33,80.0,593.34,79.73
2026-07-03,sv8pt5-28,610383,Holofoil,2.46,1.5,2.71,28.7,
2026-07-03,sv8pt5-47,610402,Normal,0.1,0.01,0.15,19.98,0.01
2026-07-03,sv8pt5-47,610402,Reverse Holofoil,0.13,0.01,0.19,19.98,0.01
2026-07-03,sv8pt5-59,610414,Holofoil,0.4,0.05,0.44,100.0,
2026-07-03,sv8pt5-59,610414,Reverse Holofoil,0.54,0.1,0.54,19.99,
2026-07-03,sv8pt5-60,610415,Holofoil,7.42,5.5,8.92,5000.0,9.2
2026-07-03,svp-085,518861,Normal,1062.79,1150.0,1499.99,6998.29,1499.99
2026-07-03,swsh11-186,284137,Holofoil,866.21,790.0,900.0,4331.05,874.99
2026-07-03,swsh12-186,451834,Holofoil,539.71,500.0,624.99,3760.07,501.98
2026-07-03,swsh12pt5gg-GG69,478100,Holofoil,409.96,386.0,450.96,1864.98,420.68
2026-07-03,swsh35-25,223018,Normal,0.2,0.04,0.21,19.98,
2026-07-03,swsh35-25,223018,Reverse Holofoil,0.15,0.1,0.28,19.98,
2026-07-03,swsh35-74,223073,Holofoil,231.81,204.99,285.3,2300.0,284.99
2026-07-03,swsh45sv-SV107,232496,Holofoil,147.59,140.0,168.82,349.95,168.0
2026-07-03,swsh7-204,246693,Holofoil,37.09,40.81,48.39,289.9,45.53
2026-07-03,swsh7-205,246696,Holofoil,406.24,359.99,412.97,1499.99,609.14
2026-07-03,swsh7-208,246755,Holofoil,37.42,26.72,44.83,270.1,37.73
2026-07-03,swsh7-209,246756,Holofoil,302.83,259.99,359.0,1218.65,259.99
2026-07-03,swsh7-211,246702,Holofoil,57.51,49.9,58.99,450.0,74.22
2026-07-03,swsh7-212,246704,Holofoil,392.58,370.0,499.97,4249.73,412.48
2026-07-03,swsh7-215,246723,Holofoil,2204.05,1983.7,2499.94,6000.0,2499.92
2026-07-03,swsh7-218,246733,Holofoil,1161.67,1249.99,1450.0,3499.99,1349.99
2026-07-03,swsh7-41,246753,Holofoil,7.99,5.0,9.03,39.99,9.29
2026-07-03,swsh7-65,246690,Holofoil,15.8,12.9,16.73,500.0,16.12
2026-07-03,swsh7-75,246701,Holofoil,17.83,15.2,19.99,141.86,19.99
2026-07-03,swsh7-8,246691,Holofoil,11.46,8.5,11.74,100.0,14.38
2026-07-03,swsh8-271,253266,Holofoil,1015.3,804.0,1077.27,5076.5,1240.0
2026-07-03,swsh9-154,263873,Holofoil,341.21,282.0,398.97,1500.0,306.17
2026-07-04,base1-15,42355,Holofoil,152.04,100.0,140.0,1199.0,180.0
2026-07-04,base1-16,42356,Holofoil,53.2,29.47,39.99,129.96,79.98
2026-07-04,base1-2,42360,Holofoil,231.65,159.99,232.18,9999.0,235.0
2026-07-04,base1-4,42382,Holofoil,720.34,522.41,699.99,1500.0,678.81
2026-07-04,base1-58,42402,Normal,7.87,2.0,4.0,95.0,4.97
2026-07-04,cel25c-4,250320,Holofoil,194.31,161.99,208.0,999.99,199.38
2026-07-04,gym2-2,83861,1st Edition Holofoil,894.61,696.69,1499.99,2140.0,
2026-07-04,gym2-2,83861,Unlimited Holofoil,566.63,479.99,900.65,1499.99,
2026-07-04,neo1-9,86903,1st Edition Holofoil,1599.98,1300.0,7750.0,10000.0,
2026-07-04,neo1-9,86903,Unlimited Holofoil,543.07,449.99,495.0,1500.0,
2026-07-04,sl-151-bundle,502000,Normal,184.86,176.01,220.0,17978.0,
2026-07-04,sl-151-etb,503313,Normal,613.84,639.99,700.0,1787.01,
2026-07-04,sl-151-upc,502005,Normal,936.97,920.0,1250.0,35000.0,
2026-07-04,sl-ar-box,265519,Normal,417.52,415.0,475.0,750.0,
2026-07-04,sl-base-box,185731,Normal,,100000.0,100000.0,100000.0,
2026-07-04,sl-bs-box,256141,Normal,625.83,635.0,699.97,5000.0,
2026-07-04,sl-cel-upc,245140,Normal,1306.08,1295.0,1934.85,200000.0,
2026-07-04,sl-champ-etb,218791,Normal,216.86,205.0,258.99,650.0,
2026-07-04,sl-cz-etb,453470,Normal,336.21,327.98,399.98,1000.0,
2026-07-04,sl-dr-box,624679,Normal,579.3,546.99,649.19,8498.0,
2026-07-04,sl-evs-box,242436,Normal,2662.98,2497.77,3000.0,12000.0,
2026-07-04,sl-evs-etb,243721,Normal,983.38,1100.0,1200.99,1999.95,
2026-07-04,sl-fs-box,247654,Normal,1100.75,979.99,1342.45,6500.0,
2026-07-04,sl-hf-etb,194729,Normal,555.41,545.0,666.0,9999.98,
2026-07-04,sl-jp-151,565243,Normal,337.41,319.99,380.0,599.99,
2026-07-04,sl-jp-terastal,603428,Normal,132.16,99.99,154.94,299.95,
2026-07-04,sl-jt-box,610931,Normal,289.64,285.0,320.0,558.43,
2026-07-04,sl-lo-box,277324,Normal,766.76,718.98,890.0,2500.0,
2026-07-04,sl-me1-box,644298,Normal,326.11,323.99,345.0,539.0,
2026-07-04,sl-obf-box,501257,Normal,397.74,379.99,425.0,1000.0,
2026-07-04,sl-pe-etb,593355,Normal,174.2,165.0,200.0,6999.0,
2026-07-04,sl-pe-spc,622770,Normal,300.43,289.0,354.5,9999.99,
2026-07-04,sl-pf-etb,528040,Normal,474.25,474.99,589.81,800.0,
2026-07-04,sl-phf-box,654137,Normal,445.72,400.0,487.5,1000.0,
2026-07-04,sl-shf-etb,228821,Normal,151.21,136.94,171.44,500.0,
2026-07-04,sl-ss-box,565606,Normal,302.91,295.0,350.0,4999.99,
2026-07-04,sl-st-box,283389,Normal,539.73,529.0,575.0,1000.0,
2026-07-04,sl-tf-box,536225,Normal,327.53,310.3,339.99,599.99,
2026-07-04,sv2-185,497557,Normal,0.32,0.01,0.32,19.96,0.12
2026-07-04,sv2-185,497557,Reverse Holofoil,0.62,0.1,0.74,17.1,0.36
2026-07-04,sv2-254,497669,Holofoil,11.58,9.51,12.67,2228.0,14.99
2026-07-04,sv2-269,497689,Holofoil,66.46,55.0,73.77,526.44,64.35
2026-07-04,sv3pt5-151,516566,Holofoil,8.99,6.5,9.5,100.0,11.75
2026-07-04,sv3pt5-199,517045,Holofoil,414.9,350.0,450.0,10000.0,384.99
2026-07-04,sv3pt5-205,517051,Holofoil,29.59,28.0,34.66,148.85,33.24
2026-07-04,sv3pt5-4,502555,Normal,0.15,0.01,0.2,25.0,0.05
2026-07-04,sv3pt5-4,502555,Reverse Holofoil,0.4,0.1,0.4,19.97,0.38
2026-07-04,sv3pt5-6,502558,Holofoil,9.12,4.49,10.09,112.99,9.61
2026-07-04,sv3pt5-7,502548,Normal,0.16,0.01,0.25,19.44,0.05
2026-07-04,sv3pt5-7,502548,Reverse Holofoil,0.43,0.01,0.4,99.0,0.4
2026-07-04,sv4pt5-234,535090,Holofoil,334.79,300.0,350.0,1679.1,314.98
2026-07-04,sv4pt5-54,534416,Holofoil,5.54,3.59,5.99,60.0,6.2
2026-07-04,sv8-57,590025,Holofoil,4.25,2.0,4.84,96.95,5.22
2026-07-04,sv8pt5-149,610504,Holofoil,301.2,294.99,378.32,2000.0,
2026-07-04,sv8pt5-155,610510,Holofoil,324.11,294.5,361.37,440.0,
2026-07-04,sv8pt5-156,610511,Holofoil,556.57,497.0,649.69,1997.82,629.53
2026-07-04,sv8pt5-161,610516,Holofoil,1528.09,1250.5,1710.79,3998.28,
2026-07-04,sv8pt5-167,610522,Holofoil,187.66,188.99,223.99,3009.8,
2026-07-04,sv8pt5-179,610534,Holofoil,73.08,70.33,80.0,593.3,81.68
2026-07-04,sv8pt5-28,610383,Holofoil,2.38,1.5,2.75,28.7,
2026-07-04,sv8pt5-47,610402,Normal,0.1,0.01,0.15,19.98,0.01
2026-07-04,sv8pt5-47,610402,Reverse Holofoil,0.14,0.01,0.19,19.98,0.01
2026-07-04,sv8pt5-59,610414,Holofoil,0.47,0.05,0.46,100.0,
2026-07-04,sv8pt5-59,610414,Reverse Holofoil,0.46,0.1,0.53,19.99,
2026-07-04,sv8pt5-60,610415,Holofoil,7.94,6.47,8.81,5000.0,9.36
2026-07-04,svp-085,518861,Normal,1062.79,1150.0,1499.99,6998.25,1399.99
2026-07-04,swsh11-186,284137,Holofoil,868.21,745.99,900.0,4331.05,874.99
2026-07-04,swsh12-186,451834,Holofoil,539.71,500.0,635.65,3760.03,501.98
2026-07-04,swsh12pt5gg-GG69,478100,Holofoil,409.96,386.0,446.86,1864.98,420.68
2026-07-04,swsh35-25,223018,Normal,0.2,0.04,0.21,19.98,
2026-07-04,swsh35-25,223018,Reverse Holofoil,0.14,0.1,0.28,19.98,
2026-07-04,swsh35-74,223073,Holofoil,231.81,204.99,285.3,2300.0,284.99
2026-07-04,swsh45sv-SV107,232496,Holofoil,145.18,125.8,166.16,349.95,168.0
2026-07-04,swsh7-204,246693,Holofoil,37.15,40.86,48.39,289.9,45.53
2026-07-04,swsh7-205,246696,Holofoil,406.24,359.99,418.86,1499.99,538.99
2026-07-04,swsh7-208,246755,Holofoil,36.76,26.72,44.9,270.1,36.97
2026-07-04,swsh7-209,246756,Holofoil,302.83,259.99,354.12,1218.65,259.99
2026-07-04,swsh7-211,246702,Holofoil,57.51,49.9,59.24,450.0,89.99
2026-07-04,swsh7-212,246704,Holofoil,407.36,370.0,450.69,4249.73,409.99
2026-07-04,swsh7-215,246723,Holofoil,2242.1,1999.99,2490.34,6000.0,2489.98
2026-07-04,swsh7-218,246733,Holofoil,1161.67,1249.99,1450.0,3499.99,1348.88
2026-07-04,swsh7-41,246753,Holofoil,8.07,5.0,9.22,39.99,7.99
2026-07-04,swsh7-65,246690,Holofoil,16.0,13.37,16.85,500.0,20.77
2026-07-04,swsh7-75,246701,Holofoil,18.12,14.95,19.99,141.86,19.66
2026-07-04,swsh7-8,246691,Holofoil,11.33,8.5,11.81,100.0,14.38
2026-07-04,swsh8-271,253266,Holofoil,1015.3,804.0,1005.15,5076.5,1250.9
2026-07-04,swsh9-154,263873,Holofoil,341.21,282.0,395.17,1500.0,306.17
2026-07-05,base1-15,42355,Holofoil,154.04,100.0,135.0,1199.0,180.0
2026-07-05,base1-16,42356,Holofoil,53.2,29.47,39.11,129.96,79.98
2026-07-05,base1-2,42360,Holofoil,231.65,159.99,235.0,9999.0,235.0
2026-07-05,base1-4,42382,Holofoil,720.34,522.08,689.4,1500.0,678.38
2026-07-05,base1-58,42402,Normal,7.87,2.0,4.0,95.0,3.72
2026-07-05,cel25c-4,250320,Holofoil,194.31,161.99,208.62,999.99,199.37
2026-07-05,gym2-2,83861,1st Edition Holofoil,699.99,696.69,1499.99,2140.0,
2026-07-05,gym2-2,83861,Unlimited Holofoil,566.63,479.99,900.65,1499.99,
2026-07-05,neo1-9,86903,1st Edition Holofoil,1599.98,1300.0,7499.99,10000.0,
2026-07-05,neo1-9,86903,Unlimited Holofoil,543.07,449.99,495.0,1500.0,
2026-07-05,sl-151-bundle,502000,Normal,184.62,183.0,220.0,20000.0,
2026-07-05,sl-151-etb,503313,Normal,613.84,639.99,699.99,1787.01,
2026-07-05,sl-151-upc,502005,Normal,940.25,960.99,1250.0,35000.0,
2026-07-05,sl-ar-box,265519,Normal,416.68,419.0,475.0,750.0,
2026-07-05,sl-base-box,185731,Normal,,100000.0,100000.0,100000.0,
2026-07-05,sl-bs-box,256141,Normal,627.35,635.0,699.99,5000.0,
2026-07-05,sl-cel-upc,245140,Normal,1306.08,1295.0,1900.0,200000.0,
2026-07-05,sl-champ-etb,218791,Normal,216.86,205.0,254.0,650.0,
2026-07-05,sl-cz-etb,453470,Normal,335.41,329.99,399.99,1000.0,
2026-07-05,sl-dr-box,624679,Normal,574.54,546.99,645.0,8498.0,
2026-07-05,sl-evs-box,242436,Normal,2662.98,2497.77,3000.0,12000.0,
2026-07-05,sl-evs-etb,243721,Normal,983.38,1100.0,1200.5,1599.97,
2026-07-05,sl-fs-box,247654,Normal,1090.75,979.99,1342.45,6500.0,
2026-07-05,sl-hf-etb,194729,Normal,555.41,545.0,666.25,9999.98,
2026-07-05,sl-jp-151,565243,Normal,337.12,319.99,384.99,599.99,
2026-07-05,sl-jp-terastal,603428,Normal,132.16,99.99,154.96,299.95,
2026-07-05,sl-jt-box,610931,Normal,290.36,285.0,320.0,558.43,
2026-07-05,sl-lo-box,277324,Normal,763.79,734.0,894.98,2500.0,
2026-07-05,sl-me1-box,644298,Normal,328.15,323.99,345.0,539.0,
2026-07-05,sl-obf-box,501257,Normal,398.3,379.99,425.0,1000.0,
2026-07-05,sl-pe-etb,593355,Normal,173.17,164.99,200.0,6999.0,
2026-07-05,sl-pe-spc,622770,Normal,299.85,289.0,351.0,9999.99,
2026-07-05,sl-pf-etb,528040,Normal,474.69,475.0,589.81,800.0,
2026-07-05,sl-phf-box,654137,Normal,444.19,400.0,489.99,1000.0,
2026-07-05,sl-shf-etb,228821,Normal,150.2,144.95,180.0,500.0,
2026-07-05,sl-ss-box,565606,Normal,304.67,295.0,350.0,4999.99,
2026-07-05,sl-st-box,283389,Normal,538.53,529.0,575.0,1000.0,
2026-07-05,sl-tf-box,536225,Normal,326.71,315.36,349.0,599.99,
2026-07-05,sv2-185,497557,Normal,0.3,0.01,0.32,19.96,0.01
2026-07-05,sv2-185,497557,Reverse Holofoil,0.64,0.1,0.73,17.06,0.2
2026-07-05,sv2-254,497669,Holofoil,11.42,9.5,12.57,2228.0,14.86
2026-07-05,sv2-269,497689,Holofoil,66.21,55.0,74.39,526.4,64.35
2026-07-05,sv3pt5-151,516566,Holofoil,9.1,6.16,9.5,100.0,11.91
2026-07-05,sv3pt5-199,517045,Holofoil,411.7,350.0,450.0,10000.0,384.99
2026-07-05,sv3pt5-205,517051,Holofoil,29.5,28.0,34.49,148.85,35.0
2026-07-05,sv3pt5-4,502555,Normal,0.17,0.01,0.2,25.0,0.25
2026-07-05,sv3pt5-4,502555,Reverse Holofoil,0.4,0.1,0.4,19.97,0.49
2026-07-05,sv3pt5-6,502558,Holofoil,9.24,4.0,10.09,112.99,9.75
2026-07-05,sv3pt5-7,502548,Normal,0.21,0.01,0.25,19.44,
2026-07-05,sv3pt5-7,502548,Reverse Holofoil,0.45,0.1,0.41,99.0,0.45
2026-07-05,sv4pt5-234,535090,Holofoil,331.84,300.0,349.99,1679.1,314.98
2026-07-05,sv4pt5-54,534416,Holofoil,5.62,3.59,6.0,60.0,6.2
2026-07-05,sv8-57,590025,Holofoil,4.43,2.0,4.9,96.95,5.23
2026-07-05,sv8pt5-149,610504,Holofoil,301.2,285.0,372.35,2000.0,
2026-07-05,sv8pt5-155,610510,Holofoil,324.11,294.5,350.0,486.22,
2026-07-05,sv8pt5-156,610511,Holofoil,556.57,497.0,649.69,1997.78,629.53
2026-07-05,sv8pt5-161,610516,Holofoil,1528.09,1250.5,1710.79,3998.28,
2026-07-05,sv8pt5-167,610522,Holofoil,187.66,188.99,223.99,3009.8,
2026-07-05,sv8pt5-179,610534,Holofoil,73.48,70.33,80.0,593.26,87.67
2026-07-05,sv8pt5-28,610383,Holofoil,2.3,1.0,2.7,28.7,
2026-07-05,sv8pt5-47,610402,Normal,0.1,0.01,0.15,19.98,0.01
2026-07-05,sv8pt5-47,610402,Reverse Holofoil,0.1,0.01,0.19,19.98,0.01
2026-07-05,sv8pt5-59,610414,Holofoil,0.41,0.05,0.46,100.0,
2026-07-05,sv8pt5-59,610414,Reverse Holofoil,0.45,0.1,0.51,19.99,
2026-07-05,sv8pt5-60,610415,Holofoil,8.16,6.41,8.98,5000.0,11.12
2026-07-05,svp-085,518861,Normal,1074.95,1039.78,1499.99,6998.21,1399.99
2026-07-05,swsh11-186,284137,Holofoil,868.21,745.0,900.0,4331.05,874.99
2026-07-05,swsh12-186,451834,Holofoil,539.71,500.0,635.65,3759.99,501.98
2026-07-05,swsh12pt5gg-GG69,478100,Holofoil,409.96,386.0,449.44,1864.98,420.0
2026-07-05,swsh35-25,223018,Normal,0.2,0.04,0.21,19.98,
2026-07-05,swsh35-25,223018,Reverse Holofoil,0.14,0.1,0.28,19.98,
2026-07-05,swsh35-74,223073,Holofoil,231.81,169.99,284.99,2300.0,169.99
2026-07-05,swsh45sv-SV107,232496,Holofoil,143.16,142.35,168.0,349.95,168.0
2026-07-05,swsh7-204,246693,Holofoil,38.39,44.95,48.89,289.9,47.69
2026-07-05,swsh7-205,246696,Holofoil,406.24,359.99,412.97,1499.99,538.99
2026-07-05,swsh7-208,246755,Holofoil,36.76,26.72,44.95,270.1,36.97
2026-07-05,swsh7-209,246756,Holofoil,302.83,259.99,359.0,1218.65,259.99
2026-07-05,swsh7-211,246702,Holofoil,57.3,49.9,59.97,450.0,89.97
2026-07-05,swsh7-212,246704,Holofoil,407.36,370.0,450.69,4249.73,409.99
2026-07-05,swsh7-215,246723,Holofoil,2242.1,1999.99,2490.34,6000.0,2489.97
2026-07-05,swsh7-218,246733,Holofoil,1151.67,1249.99,1450.0,3499.99,1348.88
2026-07-05,swsh7-41,246753,Holofoil,8.1,5.0,9.31,39.99,9.29
2026-07-05,swsh7-65,246690,Holofoil,15.92,13.0,17.0,500.0,20.8
2026-07-05,swsh7-75,246701,Holofoil,18.23,15.5,19.99,141.86,20.03
2026-07-05,swsh7-8,246691,Holofoil,11.54,8.5,11.81,100.0,14.38
2026-07-05,swsh8-271,253266,Holofoil,1015.3,804.0,1002.58,5076.5,1250.9
2026-07-05,swsh9-154,263873,Holofoil,341.21,282.0,395.17,1500.0,306.17
2026-07-06,base1-15,42355,Holofoil,154.04,100.0,129.99,1199.0,249.98
2026-07-06,base1-16,42356,Holofoil,53.55,29.61,42.0,129.96,79.98
2026-07-06,base1-2,42360,Holofoil,231.65,159.74,220.0,9999.0,235.0
2026-07-06,base1-4,42382,Holofoil,720.34,510.0,699.99,1500.0,1499.09
2026-07-06,base1-58,42402,Normal,7.56,2.0,4.0,95.0,3.86
2026-07-06,cel25c-4,250320,Holofoil,194.31,162.0,207.95,999.99,193.38
2026-07-06,gym2-2,83861,1st Edition Holofoil,699.99,696.69,1499.99,2140.0,
2026-07-06,gym2-2,83861,Unlimited Holofoil,566.63,479.99,900.65,1499.99,
2026-07-06,neo1-9,86903,1st Edition Holofoil,1599.98,1300.0,7499.99,10000.0,
2026-07-06,neo1-9,86903,Unlimited Holofoil,543.07,449.99,497.0,1500.0,
2026-07-06,sl-151-bundle,502000,Normal,186.64,184.0,223.38,20000.0,
2026-07-06,sl-151-etb,503313,Normal,613.84,639.99,699.99,1787.01,
2026-07-06,sl-151-upc,502005,Normal,942.17,900.0,1224.99,35000.0,
2026-07-06,sl-ar-box,265519,Normal,416.68,419.0,454.99,800.0,
2026-07-06,sl-base-box,185731,Normal,,100000.0,100000.0,100000.0,
2026-07-06,sl-bs-box,256141,Normal,627.35,635.0,699.99,5000.0,
2026-07-06,sl-cel-upc,245140,Normal,1306.08,1295.0,1934.85,200000.0,
2026-07-06,sl-champ-etb,218791,Normal,216.86,205.0,257.99,650.0,
2026-07-06,sl-cz-etb,453470,Normal,335.11,326.98,399.99,1000.0,
2026-07-06,sl-dr-box,624679,Normal,572.94,550.0,649.44,8498.0,
2026-07-06,sl-evs-box,242436,Normal,2648.34,2495.0,3000.0,12000.0,
2026-07-06,sl-evs-etb,243721,Normal,983.38,1100.0,1200.99,3499.98,
2026-07-06,sl-fs-box,247654,Normal,1090.75,979.99,1342.45,6500.0,
2026-07-06,sl-hf-etb,194729,Normal,555.41,545.0,666.25,9999.98,
2026-07-06,sl-jp-151,565243,Normal,335.12,320.0,389.99,599.99,
2026-07-06,sl-jp-terastal,603428,Normal,132.88,99.99,154.94,299.95,
2026-07-06,sl-jt-box,610931,Normal,291.08,285.0,322.48,558.43,
2026-07-06,sl-lo-box,277324,Normal,763.79,734.0,899.95,2500.0,
2026-07-06,sl-me1-box,644298,Normal,329.34,323.99,345.75,999.99,
2026-07-06,sl-obf-box,501257,Normal,398.3,379.99,425.0,1000.0,
2026-07-06,sl-pe-etb,593355,Normal,171.94,164.99,200.0,6999.0,
2026-07-06,sl-pe-spc,622770,Normal,299.33,290.0,358.0,9999.99,
2026-07-06,sl-pf-etb,528040,Normal,474.69,475.0,589.81,800.0,
2026-07-06,sl-phf-box,654137,Normal,443.7,400.0,489.99,1000.0,
2026-07-06,sl-shf-etb,228821,Normal,151.19,144.95,191.98,500.0,
2026-07-06,sl-ss-box,565606,Normal,306.63,295.0,350.0,4999.99,
2026-07-06,sl-st-box,283389,Normal,537.69,529.0,575.0,1000.0,
2026-07-06,sl-tf-box,536225,Normal,326.71,315.36,349.0,800.0,
2026-07-06,sv2-185,497557,Normal,0.29,0.01,0.31,19.96,0.12
2026-07-06,sv2-185,497557,Reverse Holofoil,0.63,0.1,0.74,17.0,0.41
2026-07-06,sv2-254,497669,Holofoil,11.42,9.5,12.56,2228.0,14.79
2026-07-06,sv2-269,497689,Holofoil,66.21,55.96,72.88,526.34,64.35
2026-07-06,sv3pt5-151,516566,Holofoil,9.02,5.87,9.5,100.0,13.59
2026-07-06,sv3pt5-199,517045,Holofoil,408.02,350.0,450.0,10000.0,384.99
2026-07-06,sv3pt5-205,517051,Holofoil,28.77,27.34,34.42,148.7,35.0
2026-07-06,sv3pt5-4,502555,Normal,0.13,0.02,0.2,25.0,0.25
2026-07-06,sv3pt5-4,502555,Reverse Holofoil,0.37,0.1,0.4,19.97,0.41
2026-07-06,sv3pt5-6,502558,Holofoil,9.57,4.49,10.06,112.99,11.99
2026-07-06,sv3pt5-7,502548,Normal,0.19,0.01,0.25,19.44,
2026-07-06,sv3pt5-7,502548,Reverse Holofoil,0.34,0.1,0.41,99.0,0.46
2026-07-06,sv4pt5-234,535090,Holofoil,331.51,283.49,352.18,1663.3,283.49
2026-07-06,sv4pt5-54,534416,Holofoil,5.48,3.69,5.99,60.0,6.2
2026-07-06,sv8-57,590025,Holofoil,3.83,2.0,4.89,96.95,4.58
2026-07-06,sv8pt5-149,610504,Holofoil,310.04,280.0,369.69,2000.0,
2026-07-06,sv8pt5-155,610510,Holofoil,324.11,294.5,349.99,440.0,
2026-07-06,sv8pt5-156,610511,Holofoil,555.64,475.0,648.99,1997.72,610.64
2026-07-06,sv8pt5-161,610516,Holofoil,1528.09,1250.5,1710.79,3998.28,
2026-07-06,sv8pt5-167,610522,Holofoil,187.66,188.99,216.14,3009.8,
2026-07-06,sv8pt5-179,610534,Holofoil,73.54,70.33,80.0,593.2,87.67
2026-07-06,sv8pt5-28,610383,Holofoil,2.22,1.5,2.71,28.7,
2026-07-06,sv8pt5-47,610402,Normal,0.07,0.01,0.15,19.98,0.01
2026-07-06,sv8pt5-47,610402,Reverse Holofoil,0.11,0.01,0.19,19.98,0.01
2026-07-06,sv8pt5-59,610414,Holofoil,0.39,0.05,0.42,100.0,
2026-07-06,sv8pt5-59,610414,Reverse Holofoil,0.54,0.1,0.52,19.99,
2026-07-06,sv8pt5-60,610415,Holofoil,8.1,6.5,9.02,5000.0,11.75
2026-07-06,svp-085,518861,Normal,1085.31,1039.78,1499.99,6998.15,1399.99
2026-07-06,swsh11-186,284137,Holofoil,867.95,739.99,900.0,4339.75,874.99
2026-07-06,swsh12-186,451834,Holofoil,540.71,499.99,619.99,3759.93,499.99
2026-07-06,swsh12pt5gg-GG69,478100,Holofoil,409.96,386.0,446.86,1864.98,420.0
2026-07-06,swsh35-25,223018,Normal,0.2,0.04,0.21,19.98,
2026-07-06,swsh35-25,223018,Reverse Holofoil,0.12,0.1,0.28,19.98,
2026-07-06,swsh35-74,223073,Holofoil,231.81,204.99,284.99,2300.0,284.99
2026-07-06,swsh45sv-SV107,232496,Holofoil,153.83,140.55,164.2,349.95,161.99
2026-07-06,swsh7-204,246693,Holofoil,38.86,45.0,50.81,289.9,47.69
2026-07-06,swsh7-205,246696,Holofoil,418.41,359.99,419.76,1499.99,538.99
2026-07-06,swsh7-208,246755,Holofoil,36.76,26.72,44.95,270.1,36.97
2026-07-06,swsh7-209,246756,Holofoil,302.83,259.99,352.56,1218.65,259.99
2026-07-06,swsh7-211,246702,Holofoil,58.26,49.9,59.67,450.0,88.98
2026-07-06,swsh7-212,246704,Holofoil,406.3,370.0,450.69,4249.73,409.99
2026-07-06,swsh7-215,246723,Holofoil,2242.1,1999.99,2490.33,6000.0,2489.96
2026-07-06,swsh7-218,246733,Holofoil,1151.67,1249.99,1450.0,3499.99,1348.88
2026-07-06,swsh7-41,246753,Holofoil,8.26,5.0,9.5,39.99,10.19
2026-07-06,swsh7-65,246690,Holofoil,16.03,13.42,17.0,500.0,20.84
2026-07-06,swsh7-75,246701,Holofoil,18.16,15.5,19.99,141.86,20.03
2026-07-06,swsh7-8,246691,Holofoil,11.9,8.5,11.94,100.0,12.95
2026-07-06,swsh8-271,253266,Holofoil,1012.3,803.69,1069.0,5061.5,1247.2
2026-07-06,swsh9-154,263873,Holofoil,341.21,271.31,392.39,1500.0,306.17
2026-07-07,base1-15,42355,Holofoil,154.56,100.0,135.0,1199.0,249.98
2026-07-07,base1-16,42356,Holofoil,53.55,29.61,41.99,129.96,79.98
2026-07-07,base1-2,42360,Holofoil,231.65,159.74,220.0,9999.0,230.69
2026-07-07,base1-4,42382,Holofoil,728.31,510.0,699.99,1500.0,1499.09
2026-07-07,base1-58,42402,Normal,7.39,2.0,4.07,95.0,3.86
2026-07-07,cel25c-4,250320,Holofoil,191.84,161.99,209.59,2999.99,193.35
2026-07-07,gym2-2,83861,1st Edition Holofoil,699.99,696.69,1499.99,2140.0,
2026-07-07,gym2-2,83861,Unlimited Holofoil,566.63,342.63,600.0,1499.99,
2026-07-07,neo1-9,86903,1st Edition Holofoil,1599.98,1300.0,7499.99,10000.0,
2026-07-07,neo1-9,86903,Unlimited Holofoil,543.07,449.99,497.0,1500.0,
2026-07-07,sl-151-bundle,502000,Normal,190.14,184.0,220.0,20000.0,
2026-07-07,sl-151-etb,503313,Normal,615.44,639.99,712.5,1787.01,
2026-07-07,sl-151-upc,502005,Normal,943.77,900.0,1200.0,35000.0,
2026-07-07,sl-ar-box,265519,Normal,416.68,414.0,452.5,800.0,
2026-07-07,sl-base-box,185731,Normal,,100000.0,100000.0,100000.0,
2026-07-07,sl-bs-box,256141,Normal,627.35,633.0,694.98,5000.0,
2026-07-07,sl-cel-upc,245140,Normal,1309.28,1301.95,1934.85,200000.0,
2026-07-07,sl-champ-etb,218791,Normal,216.86,205.0,250.0,650.0,
2026-07-07,sl-cz-etb,453470,Normal,335.11,326.98,399.99,1000.0,
2026-07-07,sl-dr-box,624679,Normal,566.88,550.0,650.0,8498.0,
2026-07-07,sl-evs-box,242436,Normal,2635.18,2495.0,3000.0,12000.0,
2026-07-07,sl-evs-etb,243721,Normal,983.38,1100.0,1200.99,3499.98,
2026-07-07,sl-fs-box,247654,Normal,1090.75,979.99,1339.97,6500.0,
2026-07-07,sl-hf-etb,194729,Normal,555.41,545.0,666.25,9999.98,
2026-07-07,sl-jp-151,565243,Normal,335.12,320.0,389.99,599.99,
2026-07-07,sl-jp-terastal,603428,Normal,137.01,99.99,152.47,299.95,
2026-07-07,sl-jt-box,610931,Normal,292.2,285.0,324.95,600.0,
2026-07-07,sl-lo-box,277324,Normal,763.79,734.0,899.95,2500.0,
2026-07-07,sl-me1-box,644298,Normal,329.34,323.99,345.0,999.99,
2026-07-07,sl-obf-box,501257,Normal,398.3,375.0,425.0,1000.0,
2026-07-07,sl-pe-etb,593355,Normal,172.28,158.0,200.0,6999.0,
2026-07-07,sl-pe-spc,622770,Normal,290.13,281.96,350.0,9999.99,
2026-07-07,sl-pf-etb,528040,Normal,476.54,475.0,589.81,800.0,
2026-07-07,sl-phf-box,654137,Normal,442.28,400.0,484.84,1000.0,
2026-07-07,sl-shf-etb,228821,Normal,151.19,144.95,189.0,500.0,
2026-07-07,sl-ss-box,565606,Normal,306.53,295.0,350.0,4999.99,
2026-07-07,sl-st-box,283389,Normal,537.69,529.0,575.0,1000.0,
2026-07-07,sl-tf-box,536225,Normal,326.42,315.0,339.99,800.0,
2026-07-07,sv2-185,497557,Normal,0.29,0.01,0.31,19.96,0.1
2026-07-07,sv2-185,497557,Reverse Holofoil,0.6,0.2,0.72,16.98,0.35
2026-07-07,sv2-254,497669,Holofoil,11.49,9.5,12.5,2228.0,14.86
2026-07-07,sv2-269,497689,Holofoil,66.21,55.96,71.25,526.32,64.35
2026-07-07,sv3pt5-151,516566,Holofoil,8.66,5.39,9.36,100.0,9.0
2026-07-07,sv3pt5-199,517045,Holofoil,406.14,350.0,450.0,10000.0,384.99
2026-07-07,sv3pt5-205,517051,Holofoil,29.98,27.0,34.62,148.7,37.99
2026-07-07,sv3pt5-4,502555,Normal,0.16,0.02,0.2,25.0,0.05
2026-07-07,sv3pt5-4,502555,Reverse Holofoil,0.37,0.1,0.4,19.97,0.49
2026-07-07,sv3pt5-6,502558,Holofoil,8.67,4.49,10.0,112.99,9.83
2026-07-07,sv3pt5-7,502548,Normal,0.22,0.01,0.25,19.44,
2026-07-07,sv3pt5-7,502548,Reverse Holofoil,0.34,0.1,0.39,99.0,0.35
2026-07-07,sv4pt5-234,535090,Holofoil,330.2,282.0,370.0,1657.6,283.49
2026-07-07,sv4pt5-54,534416,Holofoil,5.31,3.69,5.81,60.0,5.06
2026-07-07,sv8-57,590025,Holofoil,3.7,2.0,4.68,96.95,4.99
2026-07-07,sv8pt5-149,610504,Holofoil,310.04,280.0,372.05,2000.0,
2026-07-07,sv8pt5-155,610510,Holofoil,324.11,294.5,349.99,440.0,
2026-07-07,sv8pt5-156,610511,Holofoil,555.64,420.0,629.82,1997.7,599.99
2026-07-07,sv8pt5-161,610516,Holofoil,1528.09,1250.5,1699.98,3998.28,
2026-07-07,sv8pt5-167,610522,Holofoil,187.66,188.99,216.14,3009.8,
2026-07-07,sv8pt5-179,610534,Holofoil,73.47,65.0,80.0,593.18,87.67
2026-07-07,sv8pt5-28,610383,Holofoil,2.28,1.0,2.69,28.7,3.0
2026-07-07,sv8pt5-47,610402,Normal,0.07,0.01,0.15,19.98,0.01
2026-07-07,sv8pt5-47,610402,Reverse Holofoil,0.11,0.01,0.19,19.98,0.01
2026-07-07,sv8pt5-59,610414,Holofoil,0.43,0.05,0.42,100.0,0.22
2026-07-07,sv8pt5-59,610414,Reverse Holofoil,0.56,0.1,0.55,19.99,
2026-07-07,sv8pt5-60,610415,Holofoil,8.31,6.25,9.0,5000.0,8.99
2026-07-07,svp-085,518861,Normal,1085.31,1039.78,1499.99,6998.13,1399.99
2026-07-07,swsh11-186,284137,Holofoil,867.95,739.99,900.0,4339.75,874.99
2026-07-07,swsh12-186,451834,Holofoil,518.91,500.0,624.99,3759.91,566.99
2026-07-07,swsh12pt5gg-GG69,478100,Holofoil,409.96,383.68,425.0,1864.98,409.96
2026-07-07,swsh35-25,223018,Normal,0.2,0.04,0.21,19.98,
2026-07-07,swsh35-25,223018,Reverse Holofoil,0.11,0.1,0.28,19.98,
2026-07-07,swsh35-74,223073,Holofoil,231.81,204.99,284.99,2300.0,284.99
2026-07-07,swsh45sv-SV107,232496,Holofoil,153.83,142.53,165.06,349.95,161.99
2026-07-07,swsh7-204,246693,Holofoil,38.86,35.0,49.44,289.9,47.69
2026-07-07,swsh7-205,246696,Holofoil,412.8,359.99,423.56,1499.99,538.99
2026-07-07,swsh7-208,246755,Holofoil,36.84,26.72,44.95,270.1,35.24
2026-07-07,swsh7-209,246756,Holofoil,302.83,259.99,350.99,1226.8,259.99
2026-07-07,swsh7-211,246702,Holofoil,58.26,49.9,59.26,450.0,88.98
2026-07-07,swsh7-212,246704,Holofoil,406.3,370.0,450.34,4249.73,409.99
2026-07-07,swsh7-215,246723,Holofoil,2320.5,1999.99,2490.69,6000.0,2489.95
2026-07-07,swsh7-218,246733,Holofoil,1167.63,1167.63,1450.0,3499.99,1349.99
2026-07-07,swsh7-41,246753,Holofoil,8.04,5.0,9.06,39.99,10.02
2026-07-07,swsh7-65,246690,Holofoil,15.67,13.42,16.9,500.0,15.75
2026-07-07,swsh7-75,246701,Holofoil,18.21,15.5,19.99,141.86,20.02
2026-07-07,swsh7-8,246691,Holofoil,11.6,8.5,11.9,100.0,12.95
2026-07-07,swsh8-271,253266,Holofoil,1012.3,803.69,1051.1,5061.5,881.64
2026-07-07,swsh9-154,263873,Holofoil,341.21,271.31,392.39,1500.0,306.17
2026-07-08,base1-15,42355,Holofoil,154.56,100.0,140.0,1199.0,249.98
2026-07-08,base1-16,42356,Holofoil,53.55,29.0,41.09,129.96,79.98
2026-07-08,base1-2,42360,Holofoil,231.65,159.74,220.0,9999.0,230.69
2026-07-08,base1-4,42382,Holofoil,728.31,510.0,699.99,1500.0,1499.09
2026-07-08,base1-58,42402,Normal,6.59,2.0,4.0,95.0,3.0
2026-07-08,cel25c-4,250320,Holofoil,191.84,161.48,205.28,999.99,161.67
2026-07-08,gym2-2,83861,1st Edition Holofoil,699.99,696.69,1499.99,2140.0,
2026-07-08,gym2-2,83861,Unlimited Holofoil,566.63,479.99,900.65,1499.99,
2026-07-08,neo1-9,86903,1st Edition Holofoil,1299.96,1300.0,7750.0,10000.0,
2026-07-08,neo1-9,86903,Unlimited Holofoil,543.07,449.99,499.0,1500.0,
2026-07-08,sl-151-bundle,502000,Normal,190.06,184.0,220.0,20000.0,
2026-07-08,sl-151-etb,503313,Normal,620.41,630.0,736.0,1787.01,
2026-07-08,sl-151-upc,502005,Normal,929.32,900.0,1199.99,35000.0,
2026-07-08,sl-ar-box,265519,Normal,416.68,400.0,450.0,800.0,
2026-07-08,sl-base-box,185731,Normal,,100000.0,100000.0,100000.0,
2026-07-08,sl-bs-box,256141,Normal,628.35,633.0,690.0,5000.0,
2026-07-08,sl-cel-upc,245140,Normal,1309.28,1290.0,1900.0,200000.0,
2026-07-08,sl-champ-etb,218791,Normal,215.08,206.86,257.99,650.0,
2026-07-08,sl-cz-etb,453470,Normal,335.11,326.98,399.98,1000.0,
2026-07-08,sl-dr-box,624679,Normal,566.32,550.0,650.0,8498.0,
2026-07-08,sl-evs-box,242436,Normal,2612.78,2396.99,3140.0,12000.0,
2026-07-08,sl-evs-etb,243721,Normal,983.38,1100.0,1200.0,3499.98,
2026-07-08,sl-fs-box,247654,Normal,1090.75,979.99,1319.49,6500.0,
2026-07-08,sl-hf-etb,194729,Normal,555.41,545.0,666.25,9999.98,
2026-07-08,sl-jp-151,565243,Normal,335.12,315.0,384.99,650.0,
2026-07-08,sl-jp-terastal,603428,Normal,137.49,99.99,154.94,299.95,
2026-07-08,sl-jt-box,610931,Normal,295.84,285.0,331.48,600.0,
2026-07-08,sl-lo-box,277324,Normal,763.79,729.99,899.95,2500.0,
2026-07-08,sl-me1-box,644298,Normal,329.34,319.99,342.5,999.99,
2026-07-08,sl-obf-box,501257,Normal,397.9,379.99,424.98,1000.0,
2026-07-08,sl-pe-etb,593355,Normal,170.21,164.69,200.0,6999.0,
2026-07-08,sl-pe-spc,622770,Normal,290.35,280.0,350.0,9999.99,
2026-07-08,sl-pf-etb,528040,Normal,477.42,475.0,589.81,800.0,
2026-07-08,sl-phf-box,654137,Normal,441.34,400.0,485.0,1000.0,
2026-07-08,sl-shf-etb,228821,Normal,150.71,144.95,191.98,500.0,
2026-07-08,sl-ss-box,565606,Normal,304.47,295.0,350.0,4999.99,
2026-07-08,sl-st-box,283389,Normal,537.69,529.0,575.0,1000.0,
2026-07-08,sl-tf-box,536225,Normal,326.0,315.36,339.99,800.0,
2026-07-08,sv2-185,497557,Normal,0.29,0.01,0.31,19.96,0.22
2026-07-08,sv2-185,497557,Reverse Holofoil,0.59,0.2,0.7,16.94,0.41
2026-07-08,sv2-254,497669,Holofoil,11.27,9.5,12.44,2228.0,10.39
2026-07-08,sv2-269,497689,Holofoil,66.08,55.96,71.25,526.28,64.35
2026-07-08,sv3pt5-151,516566,Holofoil,8.38,4.74,9.2,100.0,8.99
2026-07-08,sv3pt5-199,517045,Holofoil,405.18,365.0,438.56,10000.0,379.98
2026-07-08,sv3pt5-205,517051,Holofoil,29.61,25.84,34.42,148.7,37.99
2026-07-08,sv3pt5-4,502555,Normal,0.16,0.02,0.2,25.0,0.1
2026-07-08,sv3pt5-4,502555,Reverse Holofoil,0.35,0.1,0.39,19.97,0.39
2026-07-08,sv3pt5-6,502558,Holofoil,8.66,4.49,9.99,112.99,10.56
2026-07-08,sv3pt5-7,502548,Normal,0.19,0.01,0.25,19.44,0.13
2026-07-08,sv3pt5-7,502548,Reverse Holofoil,0.38,0.1,0.39,99.0,0.25
2026-07-08,sv4pt5-234,535090,Holofoil,325.94,262.78,361.69,1644.7,281.99
2026-07-08,sv4pt5-54,534416,Holofoil,5.18,3.18,5.95,60.0,6.53
2026-07-08,sv8-57,590025,Holofoil,4.16,2.0,4.7,96.95,3.77
2026-07-08,sv8pt5-149,610504,Holofoil,310.04,274.0,369.69,2000.0,
2026-07-08,sv8pt5-155,610510,Holofoil,324.11,275.0,349.99,440.0,
2026-07-08,sv8pt5-156,610511,Holofoil,555.64,418.0,610.64,1997.66,599.99
2026-07-08,sv8pt5-161,610516,Holofoil,1528.09,1250.5,1699.98,3998.26,1699.67
2026-07-08,sv8pt5-167,610522,Holofoil,187.66,188.99,216.46,3009.8,
2026-07-08,sv8pt5-179,610534,Holofoil,74.13,62.41,80.0,593.14,89.96
2026-07-08,sv8pt5-28,610383,Holofoil,2.52,1.5,2.72,28.7,
2026-07-08,sv8pt5-47,610402,Normal,0.07,0.01,0.15,19.98,0.01
2026-07-08,sv8pt5-47,610402,Reverse Holofoil,0.12,0.01,0.19,19.98,0.01
2026-07-08,sv8pt5-59,610414,Holofoil,0.41,0.05,0.42,100.0,
2026-07-08,sv8pt5-59,610414,Reverse Holofoil,0.45,0.1,0.55,19.99,
2026-07-08,sv8pt5-60,610415,Holofoil,8.85,6.5,9.04,5000.0,14.99
2026-07-08,svp-085,518861,Normal,1085.31,1040.46,1499.99,6998.09,1399.99
2026-07-08,swsh11-186,284137,Holofoil,867.59,735.99,887.49,4337.95,874.99
2026-07-08,swsh12-186,451834,Holofoil,522.02,500.0,622.49,3759.87,566.99
2026-07-08,swsh12pt5gg-GG69,478100,Holofoil,409.96,375.0,424.31,1864.98,409.94
2026-07-08,swsh35-25,223018,Normal,0.2,0.04,0.21,19.98,
2026-07-08,swsh35-25,223018,Reverse Holofoil,0.11,0.1,0.28,19.98,
2026-07-08,swsh35-74,223073,Holofoil,232.45,204.99,284.87,2300.0,284.87
2026-07-08,swsh45sv-SV107,232496,Holofoil,153.82,118.86,164.62,349.95,161.99
2026-07-08,swsh7-204,246693,Holofoil,38.86,33.99,48.29,289.9,47.68
2026-07-08,swsh7-205,246696,Holofoil,412.8,358.0,416.1,1499.99,538.99
2026-07-08,swsh7-208,246755,Holofoil,36.84,26.72,44.95,270.1,35.24
2026-07-08,swsh7-209,246756,Holofoil,302.83,259.99,350.99,1226.8,259.99
2026-07-08,swsh7-211,246702,Holofoil,58.26,49.99,59.26,450.0,88.98
2026-07-08,swsh7-212,246704,Holofoil,406.3,399.69,450.34,4249.73,406.99
2026-07-08,swsh7-215,246723,Holofoil,2318.54,1999.99,2512.5,6000.0,2464.07
2026-07-08,swsh7-218,246733,Holofoil,1167.63,1167.63,1450.0,3499.99,1349.99
2026-07-08,swsh7-41,246753,Holofoil,8.11,5.0,9.0,39.99,9.91
2026-07-08,swsh7-65,246690,Holofoil,15.61,11.48,17.0,500.0,20.37
2026-07-08,swsh7-75,246701,Holofoil,18.88,15.7,20.0,141.86,20.02
2026-07-08,swsh7-8,246691,Holofoil,11.84,8.0,11.9,100.0,16.69
2026-07-08,swsh8-271,253266,Holofoil,1012.3,803.69,1099.99,5061.5,881.64
2026-07-08,swsh9-154,263873,Holofoil,340.7,271.31,386.25,1500.0,306.17
2026-07-09,base1-15,42355,Holofoil,154.56,100.0,135.0,1084.4,249.98
2026-07-09,base1-16,42356,Holofoil,53.55,29.0,42.0,129.96,79.98
2026-07-09,base1-2,42360,Holofoil,231.65,159.74,218.34,9999.0,186.02
2026-07-09,base1-4,42382,Holofoil,728.31,510.0,699.99,1500.0,1499.09
2026-07-09,base1-58,42402,Normal,6.56,2.0,4.0,95.0,5.84
2026-07-09,cel25c-4,250320,Holofoil,195.77,161.49,203.05,999.99,187.61
2026-07-09,gym2-2,83861,1st Edition Holofoil,699.99,696.69,1499.99,2140.0,
2026-07-09,gym2-2,83861,Unlimited Holofoil,570.67,422.0,600.95,1499.99,
2026-07-09,neo1-9,86903,1st Edition Holofoil,1299.96,1300.0,7750.0,10000.0,
2026-07-09,neo1-9,86903,Unlimited Holofoil,543.07,449.99,499.0,1500.0,
2026-07-09,sl-151-bundle,502000,Normal,191.98,184.42,219.99,20000.0,
2026-07-09,sl-151-etb,503313,Normal,621.61,627.99,712.5,1787.01,
2026-07-09,sl-151-upc,502005,Normal,929.32,900.0,1199.99,35000.0,
2026-07-09,sl-ar-box,265519,Normal,416.68,400.0,450.0,800.0,
2026-07-09,sl-base-box,185731,Normal,,100000.0,100000.0,100000.0,
2026-07-09,sl-bs-box,256141,Normal,628.35,628.35,690.0,5000.0,
2026-07-09,sl-cel-upc,245140,Normal,1309.28,1290.0,1899.99,200000.0,
2026-07-09,sl-champ-etb,218791,Normal,213.67,215.0,259.99,650.0,
2026-07-09,sl-cz-etb,453470,Normal,335.5,309.99,399.98,1000.0,
2026-07-09,sl-dr-box,624679,Normal,558.72,550.0,650.0,8498.0,
2026-07-09,sl-evs-box,242436,Normal,2612.78,2579.99,3079.99,12000.0,
2026-07-09,sl-evs-etb,243721,Normal,983.38,1100.0,1200.0,3499.98,
2026-07-09,sl-fs-box,247654,Normal,1090.75,979.99,1299.0,6500.0,
2026-07-09,sl-hf-etb,194729,Normal,555.41,545.0,666.49,9999.98,
2026-07-09,sl-jp-151,565243,Normal,334.96,315.0,389.99,650.0,
2026-07-09,sl-jp-terastal,603428,Normal,137.15,99.99,154.94,299.95,
2026-07-09,sl-jt-box,610931,Normal,296.56,285.0,324.95,600.0,
2026-07-09,sl-lo-box,277324,Normal,763.79,713.99,899.95,2500.0,
2026-07-09,sl-me1-box,644298,Normal,329.34,319.99,342.5,999.99,
2026-07-09,sl-obf-box,501257,Normal,397.9,374.99,422.49,1000.0,
2026-07-09,sl-pe-etb,593355,Normal,168.1,164.0,200.0,6999.0,
2026-07-09,sl-pe-spc,622770,Normal,292.34,280.0,350.0,9999.99,
2026-07-09,sl-pf-etb,528040,Normal,478.58,477.42,594.44,800.0,
2026-07-09,sl-phf-box,654137,Normal,439.22,400.0,484.92,1000.0,
2026-07-09,sl-shf-etb,228821,Normal,150.71,140.0,186.13,500.0,
2026-07-09,sl-ss-box,565606,Normal,304.15,295.0,350.0,4999.99,
2026-07-09,sl-st-box,283389,Normal,537.69,527.0,574.97,1000.0,
2026-07-09,sl-tf-box,536225,Normal,325.54,315.36,344.5,800.0,
2026-07-09,sv2-185,497557,Normal,0.29,0.01,0.31,19.96,0.1
2026-07-09,sv2-185,497557,Reverse Holofoil,0.57,0.2,0.69,16.92,0.35
2026-07-09,sv2-254,497669,Holofoil,10.88,9.5,12.4,2228.0,14.44
2026-07-09,sv2-269,497689,Holofoil,66.08,53.16,71.0,526.26,57.91
2026-07-09,sv3pt5-151,516566,Holofoil,8.27,5.23,9.2,100.0,11.48
2026-07-09,sv3pt5-199,517045,Holofoil,401.92,358.73,448.0,10000.0,364.99
2026-07-09,sv3pt5-205,517051,Holofoil,30.74,27.3,34.03,9999.0,27.32
2026-07-09,sv3pt5-4,502555,Normal,0.18,0.02,0.2,25.0,0.05
2026-07-09,sv3pt5-4,502555,Reverse Holofoil,0.36,0.1,0.39,18.76,0.25
2026-07-09,sv3pt5-6,502558,Holofoil,8.67,4.49,9.99,9999.0,9.99
2026-07-09,sv3pt5-7,502548,Normal,0.21,0.01,0.25,19.44,
2026-07-09,sv3pt5-7,502548,Reverse Holofoil,0.37,0.1,0.39,99.0,0.42
2026-07-09,sv4pt5-234,535090,Holofoil,328.27,283.48,363.05,1637.05,283.48
2026-07-09,sv4pt5-54,534416,Holofoil,5.33,3.69,5.99,60.0,6.64
2026-07-09,sv8-57,590025,Holofoil,4.04,2.0,4.75,300.0,4.82
2026-07-09,sv8pt5-149,610504,Holofoil,310.38,273.0,369.32,2000.0,
2026-07-09,sv8pt5-155,610510,Holofoil,323.15,275.0,349.99,440.0,
2026-07-09,sv8pt5-156,610511,Holofoil,558.57,420.0,610.64,1997.64,592.32
2026-07-09,sv8pt5-161,610516,Holofoil,1514.25,1250.5,1699.99,3998.24,1699.67
2026-07-09,sv8pt5-167,610522,Holofoil,187.43,188.99,216.46,3009.8,199.99
2026-07-09,sv8pt5-179,610534,Holofoil,75.21,62.41,80.0,593.12,82.73
2026-07-09,sv8pt5-28,610383,Holofoil,2.56,1.5,2.73,28.7,2.99
2026-07-09,sv8pt5-47,610402,Normal,0.08,0.01,0.15,19.98,0.01
2026-07-09,sv8pt5-47,610402,Reverse Holofoil,0.11,0.01,0.19,19.98,0.01
2026-07-09,sv8pt5-59,610414,Holofoil,0.36,0.05,0.41,100.0,0.53
2026-07-09,sv8pt5-59,610414,Reverse Holofoil,0.4,0.1,0.54,19.99,0.5
2026-07-09,sv8pt5-60,610415,Holofoil,8.88,6.5,9.19,5000.0,9.86
2026-07-09,svp-085,518861,Normal,1085.31,1040.46,1499.99,6998.07,1399.99
2026-07-09,swsh11-186,284137,Holofoil,867.59,735.98,885.0,4337.95,874.99
2026-07-09,swsh12-186,451834,Holofoil,522.02,388.67,600.5,3759.85,388.67
2026-07-09,swsh12pt5gg-GG69,478100,Holofoil,409.96,374.99,420.21,1864.98,374.99
2026-07-09,swsh35-25,223018,Normal,0.19,0.04,0.21,19.98,
2026-07-09,swsh35-25,223018,Reverse Holofoil,0.11,0.1,0.28,19.98,
2026-07-09,swsh35-74,223073,Holofoil,232.72,204.99,283.0,2300.0,283.0
2026-07-09,swsh45sv-SV107,232496,Holofoil,153.37,129.0,164.2,349.95,161.99
2026-07-09,swsh7-204,246693,Holofoil,38.86,33.99,47.69,289.9,33.99
2026-07-09,swsh7-205,246696,Holofoil,412.8,354.99,405.9,1499.99,538.99
2026-07-09,swsh7-208,246755,Holofoil,36.63,26.72,44.95,270.1,37.73
2026-07-09,swsh7-209,246756,Holofoil,302.83,259.99,349.94,1226.8,259.99
2026-07-09,swsh7-211,246702,Holofoil,58.26,49.99,59.62,450.0,75.99
2026-07-09,swsh7-212,246704,Holofoil,406.3,399.69,450.34,4249.73,406.99
2026-07-09,swsh7-215,246723,Holofoil,2318.54,1999.99,2499.5,6000.0,2464.06
2026-07-09,swsh7-218,246733,Holofoil,1167.63,1249.99,1474.85,3499.99,1349.99
2026-07-09,swsh7-41,246753,Holofoil,8.19,5.0,9.0,39.99,8.49
2026-07-09,swsh7-65,246690,Holofoil,15.75,13.44,16.85,500.0,15.8
2026-07-09,swsh7-75,246701,Holofoil,18.74,15.95,20.0,141.86,18.8
2026-07-09,swsh7-8,246691,Holofoil,11.67,8.0,11.95,100.0,11.7
2026-07-09,swsh8-271,253266,Holofoil,1011.3,803.69,1139.87,5061.5,1239.99
2026-07-09,swsh9-154,263873,Holofoil,340.78,271.8,391.8,1500.0,306.17
2026-07-10,base1-15,42355,Holofoil,155.12,100.0,140.0,1084.32,165.47
2026-07-10,base1-16,42356,Holofoil,53.55,29.0,41.09,129.96,79.98
2026-07-10,base1-2,42360,Holofoil,231.65,159.95,206.84,9999.0,186.01
2026-07-10,base1-4,42382,Holofoil,728.31,510.0,699.99,1500.0,633.44
2026-07-10,base1-58,42402,Normal,6.08,2.0,4.09,95.0,4.96
2026-07-10,cel25c-4,250320,Holofoil,194.77,161.48,203.78,999.99,187.57
2026-07-10,gym2-2,83861,1st Edition Holofoil,699.99,696.69,1499.99,2140.0,
2026-07-10,gym2-2,83861,Unlimited Holofoil,570.67,422.0,600.0,1499.99,
2026-07-10,neo1-9,86903,1st Edition Holofoil,1299.96,1300.0,7750.0,10000.0,
2026-07-10,neo1-9,86903,Unlimited Holofoil,543.07,449.99,508.25,1500.0,
2026-07-10,sl-151-bundle,502000,Normal,192.02,181.0,216.9,20000.0,
2026-07-10,sl-151-etb,503313,Normal,621.61,615.0,700.0,1787.01,
2026-07-10,sl-151-upc,502005,Normal,922.49,925.0,1199.99,35000.0,
2026-07-10,sl-ar-box,265519,Normal,416.68,400.0,450.0,800.0,
2026-07-10,sl-base-box,185731,Normal,,100000.0,100000.0,100000.0,
2026-07-10,sl-bs-box,256141,Normal,628.35,628.35,689.99,5000.0,
2026-07-10,sl-cel-upc,245140,Normal,1312.6,1290.0,1900.0,200000.0,
2026-07-10,sl-champ-etb,218791,Normal,213.07,215.0,259.99,650.0,
2026-07-10,sl-cz-etb,453470,Normal,334.73,326.98,400.0,1000.0,
2026-07-10,sl-dr-box,624679,Normal,556.72,550.0,650.0,8498.0,
2026-07-10,sl-evs-box,242436,Normal,2607.98,2579.99,3079.99,12000.0,
2026-07-10,sl-evs-etb,243721,Normal,983.38,1099.99,1195.0,3499.98,
2026-07-10,sl-fs-box,247654,Normal,1090.75,979.99,1274.5,6500.0,
2026-07-10,sl-hf-etb,194729,Normal,555.41,545.0,666.0,9999.98,
2026-07-10,sl-jp-151,565243,Normal,334.45,329.0,392.47,650.0,
2026-07-10,sl-jp-terastal,603428,Normal,137.07,99.99,154.93,299.95,
2026-07-10,sl-jt-box,610931,Normal,296.56,285.0,322.48,600.0,
2026-07-10,sl-lo-box,277324,Normal,763.79,713.99,911.97,2500.0,
2026-07-10,sl-me1-box,644298,Normal,329.74,319.99,345.0,999.99,
2026-07-10,sl-obf-box,501257,Normal,396.87,374.99,419.99,1000.0,
2026-07-10,sl-pe-etb,593355,Normal,169.48,164.0,200.0,6999.0,
2026-07-10,sl-pe-spc,622770,Normal,284.6,280.0,350.0,9999.99,
2026-07-10,sl-pf-etb,528040,Normal,478.58,477.42,594.44,800.0,
2026-07-10,sl-phf-box,654137,Normal,439.14,400.0,475.0,1000.0,
2026-07-10,sl-shf-etb,228821,Normal,150.71,140.0,183.25,500.0,
2026-07-10,sl-ss-box,565606,Normal,301.32,285.0,350.0,4999.99,
2026-07-10,sl-st-box,283389,Normal,537.69,525.0,574.99,1000.0,
2026-07-10,sl-tf-box,536225,Normal,325.38,315.36,344.5,800.0,
2026-07-10,sv2-185,497557,Normal,0.3,0.01,0.31,19.96,0.12
2026-07-10,sv2-185,497557,Reverse Holofoil,0.56,0.18,0.69,16.84,0.41
2026-07-10,sv2-254,497669,Holofoil,10.88,9.5,12.4,4321.0,14.14
2026-07-10,sv2-269,497689,Holofoil,66.11,56.75,71.0,526.18,56.75
2026-07-10,sv3pt5-151,516566,Holofoil,8.05,4.99,9.17,100.0,7.31
2026-07-10,sv3pt5-199,517045,Holofoil,400.85,365.0,446.9,10000.0,375.93
2026-07-10,sv3pt5-205,517051,Holofoil,31.01,25.84,34.0,9999.0,28.5
2026-07-10,sv3pt5-4,502555,Normal,0.22,0.02,0.22,25.0,0.12
2026-07-10,sv3pt5-4,502555,Reverse Holofoil,0.39,0.1,0.39,18.68,0.25
2026-07-10,sv3pt5-6,502558,Holofoil,8.28,4.49,9.97,9999.0,10.72
2026-07-10,sv3pt5-7,502548,Normal,0.21,0.01,0.25,19.44,
2026-07-10,sv3pt5-7,502548,Reverse Holofoil,0.42,0.1,0.4,4321.0,0.4
2026-07-10,sv4pt5-234,535090,Holofoil,328.87,262.78,361.1,1641.35,283.48
2026-07-10,sv4pt5-54,534416,Holofoil,5.79,3.69,6.0,4321.0,5.81
2026-07-10,sv8-57,590025,Holofoil,3.94,2.0,4.76,4321.0,4.02
2026-07-10,sv8pt5-149,610504,Holofoil,310.38,273.0,369.69,2000.0,
2026-07-10,sv8pt5-155,610510,Holofoil,321.15,275.0,349.99,440.0,
2026-07-10,sv8pt5-156,610511,Holofoil,558.57,420.0,596.16,1997.56,592.32
2026-07-10,sv8pt5-161,610516,Holofoil,1514.25,1250.5,1699.97,3998.16,1699.67
2026-07-10,sv8pt5-167,610522,Holofoil,187.43,186.94,211.09,3009.8,199.97
2026-07-10,sv8pt5-179,610534,Holofoil,75.21,62.4,81.15,593.04,86.49
2026-07-10,sv8pt5-28,610383,Holofoil,2.47,1.5,2.73,4321.0,3.75
2026-07-10,sv8pt5-47,610402,Normal,0.06,0.01,0.15,19.98,0.01
2026-07-10,sv8pt5-47,610402,Reverse Holofoil,0.11,0.01,0.19,19.98,0.01
2026-07-10,sv8pt5-59,610414,Holofoil,0.35,0.05,0.4,100.0,0.44
2026-07-10,sv8pt5-59,610414,Reverse Holofoil,0.44,0.1,0.5,19.99,0.53
2026-07-10,sv8pt5-60,610415,Holofoil,8.4,2.0,9.17,5000.0,15.49
2026-07-10,svp-085,518861,Normal,1085.31,1040.46,1499.99,6997.99,1399.99
2026-07-10,swsh11-186,284137,Holofoil,855.55,734.99,900.0,4277.75,874.99
2026-07-10,swsh12-186,451834,Holofoil,525.46,450.0,600.5,3759.77,566.99
2026-07-10,swsh12pt5gg-GG69,478100,Holofoil,406.66,375.0,422.16,4321.0,409.88
2026-07-10,swsh35-25,223018,Normal,0.19,0.04,0.2,19.98,
2026-07-10,swsh35-25,223018,Reverse Holofoil,0.11,0.1,0.28,19.98,
2026-07-10,swsh35-74,223073,Holofoil,232.72,204.99,283.94,2300.0,283.0
2026-07-10,swsh45sv-SV107,232496,Holofoil,153.37,129.0,164.2,349.95,161.99
2026-07-10,swsh7-204,246693,Holofoil,38.86,32.5,45.65,289.9,39.98
2026-07-10,swsh7-205,246696,Holofoil,412.8,355.0,412.77,1499.99,499.99
2026-07-10,swsh7-208,246755,Holofoil,36.63,26.72,44.95,270.1,39.99
2026-07-10,swsh7-209,246756,Holofoil,302.83,269.99,349.86,1226.8,269.99
2026-07-10,swsh7-211,246702,Holofoil,58.26,49.99,59.99,450.0,74.47
2026-07-10,swsh7-212,246704,Holofoil,406.3,399.69,449.98,4249.73,406.99
2026-07-10,swsh7-215,246723,Holofoil,2332.5,1999.99,2499.5,6000.0,2464.06
2026-07-10,swsh7-218,246733,Holofoil,1163.35,1249.99,1499.69,3499.99,1349.99
2026-07-10,swsh7-41,246753,Holofoil,8.19,5.0,9.0,39.99,8.19
2026-07-10,swsh7-65,246690,Holofoil,15.9,13.46,16.93,500.0,20.47
2026-07-10,swsh7-75,246701,Holofoil,18.77,15.95,20.0,141.86,18.47
2026-07-10,swsh7-8,246691,Holofoil,11.11,8.0,11.9,100.0,12.17
2026-07-10,swsh8-271,253266,Holofoil,1020.72,803.69,1158.0,5056.5,1239.99
2026-07-10,swsh9-154,263873,Holofoil,345.11,271.8,390.0,1500.0,306.17
2026-07-11,base1-15,42355,Holofoil,155.12,100.0,151.24,1084.28,165.47
2026-07-11,base1-16,42356,Holofoil,53.47,30.0,36.99,129.96,31.83
2026-07-11,base1-2,42360,Holofoil,231.65,159.99,216.67,9999.0,184.99
2026-07-11,base1-4,42382,Holofoil,728.31,510.0,670.25,1500.0,633.44
2026-07-11,base1-58,42402,Normal,6.08,2.1,4.33,1000.0,5.99
2026-07-11,cel25c-4,250320,Holofoil,193.82,160.61,203.82,999.99,187.56
2026-07-11,gym2-2,83861,1st Edition Holofoil,699.99,696.69,1499.99,2140.0,
2026-07-11,gym2-2,83861,Unlimited Holofoil,570.67,422.0,600.0,1499.99,
2026-07-11,neo1-9,86903,1st Edition Holofoil,1299.96,1300.0,7750.0,10000.0,
2026-07-11,neo1-9,86903,Unlimited Holofoil,527.8,449.99,508.25,1500.0,
2026-07-11,sl-151-bundle,502000,Normal,191.46,178.01,219.99,20000.0,
2026-07-11,sl-151-etb,503313,Normal,622.21,615.0,699.99,1787.01,
2026-07-11,sl-151-upc,502005,Normal,919.69,925.0,1199.99,35000.0,
2026-07-11,sl-ar-box,265519,Normal,416.68,400.0,452.5,800.0,
2026-07-11,sl-base-box,185731,Normal,,100000.0,100000.0,100000.0,
2026-07-11,sl-bs-box,256141,Normal,628.35,628.35,689.99,5000.0,
2026-07-11,sl-cel-upc,245140,Normal,1312.6,1290.0,1800.0,200000.0,
2026-07-11,sl-champ-etb,218791,Normal,213.07,210.0,257.98,650.0,
2026-07-11,sl-cz-etb,453470,Normal,334.98,326.98,399.99,1000.0,
2026-07-11,sl-dr-box,624679,Normal,556.72,524.96,650.0,8498.0,
2026-07-11,sl-evs-box,242436,Normal,2607.98,2574.99,3079.99,12000.0,
2026-07-11,sl-evs-etb,243721,Normal,983.38,1099.99,1195.0,3499.98,
2026-07-11,sl-fs-box,247654,Normal,1087.95,979.99,1274.5,6500.0,
2026-07-11,sl-hf-etb,194729,Normal,555.47,549.99,699.99,9999.98,
2026-07-11,sl-jp-151,565243,Normal,334.45,328.0,392.47,650.0,
2026-07-11,sl-jp-terastal,603428,Normal,137.89,99.99,154.46,299.95,
2026-07-11,sl-jt-box,610931,Normal,297.0,285.0,324.95,600.0,
2026-07-11,sl-lo-box,277324,Normal,763.79,713.99,911.97,2500.0,
2026-07-11,sl-me1-box,644298,Normal,329.85,319.99,345.0,999.99,
2026-07-11,sl-obf-box,501257,Normal,396.87,379.99,422.49,1000.0,
2026-07-11,sl-pe-etb,593355,Normal,169.55,164.0,200.0,6999.0,
2026-07-11,sl-pe-spc,622770,Normal,289.89,290.0,350.0,9999.99,
2026-07-11,sl-pf-etb,528040,Normal,478.04,477.42,594.44,800.0,
2026-07-11,sl-phf-box,654137,Normal,438.29,400.0,485.0,1000.0,
2026-07-11,sl-shf-etb,228821,Normal,150.71,138.0,183.25,500.0,
2026-07-11,sl-ss-box,565606,Normal,307.12,295.0,349.99,4999.99,
2026-07-11,sl-st-box,283389,Normal,537.05,525.0,575.0,1000.0,
2026-07-11,sl-tf-box,536225,Normal,325.38,307.98,349.0,800.0,
2026-07-11,sv2-185,497557,Normal,0.32,0.01,0.32,19.96,0.21
2026-07-11,sv2-185,497557,Reverse Holofoil,0.56,0.18,0.68,16.8,0.41
2026-07-11,sv2-254,497669,Holofoil,11.3,9.39,12.35,4321.0,14.39
2026-07-11,sv2-269,497689,Holofoil,64.73,55.0,70.76,526.14,55.63
2026-07-11,sv3pt5-151,516566,Holofoil,7.55,5.94,9.0,100.0,7.35
2026-07-11,sv3pt5-199,517045,Holofoil,400.71,349.0,440.93,10000.0,374.53
2026-07-11,sv3pt5-205,517051,Holofoil,30.37,22.68,34.05,9999.0,27.29
2026-07-11,sv3pt5-4,502555,Normal,0.21,0.02,0.23,25.0,0.12
2026-07-11,sv3pt5-4,502555,Reverse Holofoil,0.51,0.1,0.44,18.64,0.25
2026-07-11,sv3pt5-6,502558,Holofoil,7.22,4.49,9.75,9999.0,5.84
2026-07-11,sv3pt5-7,502548,Normal,0.22,0.01,0.25,19.44,
2026-07-11,sv3pt5-7,502548,Reverse Holofoil,0.46,0.1,0.41,4321.0,0.46
2026-07-11,sv4pt5-234,535090,Holofoil,328.87,262.78,358.47,1644.35,283.47
2026-07-11,sv4pt5-54,534416,Holofoil,5.8,3.69,5.99,4321.0,6.4
2026-07-11,sv8-57,590025,Holofoil,3.76,2.0,4.58,4321.0,4.9
2026-07-11,sv8pt5-149,610504,Holofoil,310.38,255.0,357.86,2000.0,319.99
2026-07-11,sv8pt5-155,610510,Holofoil,321.16,279.99,349.99,440.0,
2026-07-11,sv8pt5-156,610511,Holofoil,558.57,418.51,579.99,1997.52,592.32
2026-07-11,sv8pt5-161,610516,Holofoil,1511.45,1250.5,1699.97,3998.12,1649.93
2026-07-11,sv8pt5-167,610522,Holofoil,187.49,183.0,209.97,3009.8,199.99
2026-07-11,sv8pt5-179,610534,Holofoil,75.75,63.64,82.81,593.02,
2026-07-11,sv8pt5-28,610383,Holofoil,2.56,1.5,2.72,4321.0,
2026-07-11,sv8pt5-47,610402,Normal,0.06,0.01,0.15,19.98,0.01
2026-07-11,sv8pt5-47,610402,Reverse Holofoil,0.12,0.01,0.19,19.98,0.01
2026-07-11,sv8pt5-59,610414,Holofoil,0.39,0.05,0.4,100.0,0.54
2026-07-11,sv8pt5-59,610414,Reverse Holofoil,0.56,0.1,0.54,19.99,0.69
2026-07-11,sv8pt5-60,610415,Holofoil,8.95,2.0,9.0,5000.0,8.27
2026-07-11,svp-085,518861,Normal,1085.31,1040.46,1499.99,6997.95,1399.99
2026-07-11,swsh11-186,284137,Holofoil,855.55,734.99,900.0,4277.75,874.99
2026-07-11,swsh12-186,451834,Holofoil,525.46,450.0,600.12,3759.73,566.99
2026-07-11,swsh12pt5gg-GG69,478100,Holofoil,406.66,375.0,423.62,4321.0,409.88
2026-07-11,swsh35-25,223018,Normal,0.19,0.04,0.2,19.98,
2026-07-11,swsh35-25,223018,Reverse Holofoil,0.11,0.1,0.28,19.98,
2026-07-11,swsh35-74,223073,Holofoil,233.12,204.99,286.05,2300.0,283.0
2026-07-11,swsh45sv-SV107,232496,Holofoil,152.57,132.5,167.79,762.85,152.0
2026-07-11,swsh7-204,246693,Holofoil,38.9,32.5,45.18,289.9,39.98
2026-07-11,swsh7-205,246696,Holofoil,412.8,355.0,409.24,1499.99,499.99
2026-07-11,swsh7-208,246755,Holofoil,36.63,26.72,44.88,270.1,39.99
2026-07-11,swsh7-209,246756,Holofoil,302.83,269.99,349.04,1226.8,269.99
2026-07-11,swsh7-211,246702,Holofoil,58.25,49.99,59.98,450.0,73.0
2026-07-11,swsh7-212,246704,Holofoil,406.3,399.69,475.33,4249.73,406.99
2026-07-11,swsh7-215,246723,Holofoil,2336.54,1999.99,2512.5,6000.0,2464.05
2026-07-11,swsh7-218,246733,Holofoil,1181.67,1249.99,1475.0,3499.99,1349.99
2026-07-11,swsh7-41,246753,Holofoil,8.21,5.0,9.03,39.99,8.49
2026-07-11,swsh7-65,246690,Holofoil,15.88,13.46,16.52,500.0,17.44
2026-07-11,swsh7-75,246701,Holofoil,18.77,15.95,19.99,141.86,19.19
2026-07-11,swsh7-8,246691,Holofoil,11.4,8.0,11.84,100.0,13.79
2026-07-11,swsh8-271,253266,Holofoil,1020.72,803.69,1144.99,5103.6,1239.99
2026-07-11,swsh9-154,263873,Holofoil,343.93,271.8,396.88,1500.0,306.17
2026-07-12,base1-15,42355,Holofoil,155.12,100.0,150.0,1084.26,231.84
2026-07-12,base1-16,42356,Holofoil,53.47,30.0,37.0,129.96,31.75
2026-07-12,base1-2,42360,Holofoil,231.65,159.99,216.67,9999.0,184.98
2026-07-12,base1-4,42382,Holofoil,728.31,510.0,666.9,1500.0,633.44
2026-07-12,base1-58,42402,Normal,5.98,2.1,4.26,1000.0,3.75
2026-07-12,cel25c-4,250320,Holofoil,193.62,160.6,203.18,999.99,187.54
2026-07-12,gym2-2,83861,1st Edition Holofoil,699.99,696.69,1499.99,2140.0,
2026-07-12,gym2-2,83861,Unlimited Holofoil,570.67,422.0,600.0,1499.99,
2026-07-12,neo1-9,86903,1st Edition Holofoil,1299.96,1300.0,7750.0,10000.0,
2026-07-12,neo1-9,86903,Unlimited Holofoil,527.8,449.99,508.25,1500.0,
2026-07-12,sl-151-bundle,502000,Normal,186.89,177.0,220.0,20000.0,
2026-07-12,sl-151-etb,503313,Normal,622.69,600.0,699.5,1787.01,
2026-07-12,sl-151-upc,502005,Normal,919.69,925.0,1199.99,35000.0,
2026-07-12,sl-ar-box,265519,Normal,416.68,400.0,452.5,800.0,
2026-07-12,sl-base-box,185731,Normal,,100000.0,100000.0,100000.0,
2026-07-12,sl-bs-box,256141,Normal,628.35,628.35,689.99,5000.0,
2026-07-12,sl-cel-upc,245140,Normal,1316.4,1290.0,1900.0,200000.0,
2026-07-12,sl-champ-etb,218791,Normal,211.99,210.0,250.0,650.0,
2026-07-12,sl-cz-etb,453470,Normal,335.7,326.98,399.98,1000.0,
2026-07-12,sl-dr-box,624679,Normal,555.9,524.96,650.0,8498.0,
2026-07-12,sl-evs-box,242436,Normal,2607.98,2550.0,3000.0,12000.0,
2026-07-12,sl-evs-etb,243721,Normal,983.38,1099.0,1195.0,3499.98,
2026-07-12,sl-fs-box,247654,Normal,1087.95,979.99,1274.5,6500.0,
2026-07-12,sl-hf-etb,194729,Normal,555.47,549.99,700.0,9999.98,
2026-07-12,sl-jp-151,565243,Normal,334.45,328.0,392.47,650.0,
2026-07-12,sl-jp-terastal,603428,Normal,136.79,99.99,153.99,299.95,
2026-07-12,sl-jt-box,610931,Normal,297.04,285.0,344.0,600.0,
2026-07-12,sl-lo-box,277324,Normal,763.79,710.0,894.98,2500.0,
2026-07-12,sl-me1-box,644298,Normal,329.85,319.99,344.04,999.99,
2026-07-12,sl-obf-box,501257,Normal,396.87,379.99,422.49,1000.0,
2026-07-12,sl-pe-etb,593355,Normal,170.21,164.0,200.0,6999.0,
2026-07-12,sl-pe-spc,622770,Normal,292.69,290.0,350.0,9999.99,
2026-07-12,sl-pf-etb,528040,Normal,478.04,477.42,590.0,800.0,
2026-07-12,sl-phf-box,654137,Normal,437.09,400.0,484.92,1000.0,
2026-07-12,sl-shf-etb,228821,Normal,150.35,138.0,183.25,500.0,
2026-07-12,sl-ss-box,565606,Normal,308.49,295.0,350.0,4999.99,
2026-07-12,sl-st-box,283389,Normal,537.05,525.0,574.99,1000.0,
2026-07-12,sl-tf-box,536225,Normal,324.75,307.98,344.5,800.0,
2026-07-12,sv2-185,497557,Normal,0.32,0.01,0.33,19.96,0.21
2026-07-12,sv2-185,497557,Reverse Holofoil,0.54,0.18,0.68,16.78,0.36
2026-07-12,sv2-254,497669,Holofoil,11.25,9.5,12.46,4321.0,14.98
2026-07-12,sv2-269,497689,Holofoil,64.0,58.01,70.7,526.14,66.08
2026-07-12,sv3pt5-151,516566,Holofoil,7.44,5.75,9.0,100.0,10.95
2026-07-12,sv3pt5-199,517045,Holofoil,397.38,349.0,440.46,10000.0,367.44
2026-07-12,sv3pt5-205,517051,Holofoil,28.71,23.0,33.79,9999.0,28.13
2026-07-12,sv3pt5-4,502555,Normal,0.2,0.03,0.22,25.0,0.12
2026-07-12,sv3pt5-4,502555,Reverse Holofoil,0.53,0.1,0.45,18.62,
2026-07-12,sv3pt5-6,502558,Holofoil,7.3,4.35,9.51,9999.0,8.9
2026-07-12,sv3pt5-7,502548,Normal,0.23,0.01,0.25,1000.0,
2026-07-12,sv3pt5-7,502548,Reverse Holofoil,0.44,0.1,0.43,4321.0,0.46
2026-07-12,sv4pt5-234,535090,Holofoil,328.15,262.78,361.76,1644.35,283.47
2026-07-12,sv4pt5-54,534416,Holofoil,5.74,3.69,5.99,4321.0,5.64
2026-07-12,sv8-57,590025,Holofoil,4.1,2.0,4.75,4321.0,4.13
2026-07-12,sv8pt5-149,610504,Holofoil,310.38,255.0,348.5,2000.0,319.99
2026-07-12,sv8pt5-155,610510,Holofoil,319.52,279.99,349.99,440.0,
2026-07-12,sv8pt5-156,610511,Holofoil,558.57,418.51,579.99,1997.5,592.32
2026-07-12,sv8pt5-161,610516,Holofoil,1511.45,1299.99,1699.96,3998.1,1649.88
2026-07-12,sv8pt5-167,610522,Holofoil,187.63,187.43,212.95,3009.8,196.86
2026-07-12,sv8pt5-179,610534,Holofoil,75.75,64.9,82.19,593.02,
2026-07-12,sv8pt5-28,610383,Holofoil,2.7,1.5,2.71,4321.0,
2026-07-12,sv8pt5-47,610402,Normal,0.07,0.01,0.15,19.98,0.01
2026-07-12,sv8pt5-47,610402,Reverse Holofoil,0.11,0.01,0.19,19.98,0.01
2026-07-12,sv8pt5-59,610414,Holofoil,0.39,0.05,0.4,100.0,0.56
2026-07-12,sv8pt5-59,610414,Reverse Holofoil,0.61,0.1,0.56,19.99,0.69
2026-07-12,sv8pt5-60,610415,Holofoil,8.62,2.0,9.0,5000.0,11.52
2026-07-12,svp-085,518861,Normal,1085.31,1040.46,1400.0,6997.93,1399.99
2026-07-12,swsh11-186,284137,Holofoil,856.79,734.99,900.0,4277.75,874.99
2026-07-12,swsh12-186,451834,Holofoil,525.46,450.0,600.5,3759.71,566.99
2026-07-12,swsh12pt5gg-GG69,478100,Holofoil,402.69,299.26,424.31,4321.0,409.87
2026-07-12,swsh35-25,223018,Normal,0.19,0.04,0.2,19.98,
2026-07-12,swsh35-25,223018,Reverse Holofoil,0.11,0.1,0.29,19.98,
2026-07-12,swsh35-74,223073,Holofoil,233.12,204.99,286.05,2300.0,283.0
2026-07-12,swsh45sv-SV107,232496,Holofoil,151.97,130.0,161.99,762.85,152.0
2026-07-12,swsh7-204,246693,Holofoil,38.9,32.5,45.1,289.9,39.98
2026-07-12,swsh7-205,246696,Holofoil,418.41,355.0,402.37,1499.99,549.89
2026-07-12,swsh7-208,246755,Holofoil,36.7,26.72,44.83,270.1,39.99
2026-07-12,swsh7-209,246756,Holofoil,302.83,269.99,347.84,1238.0,269.99
2026-07-12,swsh7-211,246702,Holofoil,58.25,49.99,59.99,450.0,71.54
2026-07-12,swsh7-212,246704,Holofoil,406.3,397.98,440.15,4249.73,397.98
2026-07-12,swsh7-215,246723,Holofoil,2351.56,1999.99,2524.99,6000.0,2464.04
2026-07-12,swsh7-218,246733,Holofoil,1181.67,1249.99,1450.0,3499.99,1349.99
2026-07-12,swsh7-41,246753,Holofoil,8.08,5.0,9.0,39.99,8.49
2026-07-12,swsh7-65,246690,Holofoil,15.83,13.46,16.54,500.0,11.5
2026-07-12,swsh7-75,246701,Holofoil,18.77,15.95,19.99,141.86,17.98
2026-07-12,swsh7-8,246691,Holofoil,11.57,8.0,11.9,100.0,12.84
2026-07-12,swsh8-271,253266,Holofoil,1020.72,803.69,1199.35,5103.6,1239.99
2026-07-12,swsh9-154,263873,Holofoil,340.33,271.8,394.67,1500.0,306.17
2026-07-13,base1-15,42355,Holofoil,153.26,100.0,150.6,1084.24,229.89
2026-07-13,base1-16,42356,Holofoil,53.68,30.0,37.0,129.96,31.75
2026-07-13,base1-2,42360,Holofoil,231.65,159.59,215.0,9999.0,184.98
2026-07-13,base1-4,42382,Holofoil,773.51,510.0,699.99,1500.0,633.44
2026-07-13,base1-58,42402,Normal,6.4,2.1,4.24,1000.0,19.98
2026-07-13,cel25c-4,250320,Holofoil,193.16,160.6,202.82,999.99,187.5
2026-07-13,gym2-2,83861,1st Edition Holofoil,699.99,696.69,1499.99,2140.0,
2026-07-13,gym2-2,83861,Unlimited Holofoil,570.67,422.0,600.0,1499.99,
2026-07-13,neo1-9,86903,1st Edition Holofoil,1299.96,1300.0,7750.0,10000.0,
2026-07-13,neo1-9,86903,Unlimited Holofoil,527.8,449.99,508.25,1500.0,
2026-07-13,sl-151-bundle,502000,Normal,169.13,140.0,218.49,20000.0,
2026-07-13,sl-151-etb,503313,Normal,622.69,587.99,689.5,1699.99,
2026-07-13,sl-151-upc,502005,Normal,919.69,925.0,1199.99,35000.0,
2026-07-13,sl-ar-box,265519,Normal,416.68,400.0,452.5,800.0,
2026-07-13,sl-base-box,185731,Normal,,100000.0,100000.0,100000.0,
2026-07-13,sl-bs-box,256141,Normal,629.63,628.35,687.0,5000.0,
2026-07-13,sl-cel-upc,245140,Normal,1321.6,1297.88,1899.99,200000.0,
2026-07-13,sl-champ-etb,218791,Normal,211.99,203.99,250.0,650.0,
2026-07-13,sl-cz-etb,453470,Normal,336.01,330.0,399.99,1000.0,
2026-07-13,sl-dr-box,624679,Normal,543.49,523.0,650.0,8498.0,
2026-07-13,sl-evs-box,242436,Normal,2607.98,2574.8,3040.0,12000.0,
2026-07-13,sl-evs-etb,243721,Normal,983.38,1089.99,1198.0,3499.98,
2026-07-13,sl-fs-box,247654,Normal,1087.95,979.99,1274.5,6500.0,
2026-07-13,sl-hf-etb,194729,Normal,551.51,549.99,699.99,9999.98,
2026-07-13,sl-jp-151,565243,Normal,334.45,328.0,392.47,650.0,
2026-07-13,sl-jp-terastal,603428,Normal,134.61,99.99,153.99,299.95,
2026-07-13,sl-jt-box,610931,Normal,297.75,285.0,345.0,600.0,
2026-07-13,sl-lo-box,277324,Normal,755.39,710.0,929.49,2500.0,
2026-07-13,sl-me1-box,644298,Normal,331.28,319.99,345.67,999.99,
2026-07-13,sl-obf-box,501257,Normal,396.87,379.99,424.98,1000.0,
2026-07-13,sl-pe-etb,593355,Normal,173.04,154.0,200.0,6999.0,
2026-07-13,sl-pe-spc,622770,Normal,286.37,290.0,350.0,9999.99,
2026-07-13,sl-pf-etb,528040,Normal,478.04,477.42,589.62,800.0,
2026-07-13,sl-phf-box,654137,Normal,437.18,400.0,482.42,1000.0,
2026-07-13,sl-shf-etb,228821,Normal,149.55,138.0,181.63,500.0,
2026-07-13,sl-ss-box,565606,Normal,308.09,295.0,350.0,4999.99,
2026-07-13,sl-st-box,283389,Normal,541.35,525.0,575.0,1000.0,
2026-07-13,sl-tf-box,536225,Normal,324.75,307.98,339.99,800.0,
2026-07-13,sv2-185,497557,Normal,0.31,0.01,0.32,19.96,0.2
2026-07-13,sv2-185,497557,Reverse Holofoil,0.51,0.18,0.67,16.76,0.35
2026-07-13,sv2-254,497669,Holofoil,11.35,9.5,12.44,4321.0,12.0
2026-07-13,sv2-269,497689,Holofoil,64.87,58.49,70.99,526.14,73.86
2026-07-13,sv3pt5-151,516566,Holofoil,8.44,5.75,9.0,100.0,11.99
2026-07-13,sv3pt5-199,517045,Holofoil,397.07,349.0,436.25,10000.0,349.99
2026-07-13,sv3pt5-205,517051,Holofoil,27.97,23.0,33.25,143.6,27.55
2026-07-13,sv3pt5-4,502555,Normal,0.2,0.03,0.22,25.0,0.12
2026-07-13,sv3pt5-4,502555,Reverse Holofoil,0.48,0.15,0.47,18.62,
2026-07-13,sv3pt5-6,502558,Holofoil,7.62,4.49,9.5,112.99,8.99
2026-07-13,sv3pt5-7,502548,Normal,0.24,0.01,0.25,1000.0,
2026-07-13,sv3pt5-7,502548,Reverse Holofoil,0.44,0.1,0.44,4321.0,
2026-07-13,sv4pt5-234,535090,Holofoil,328.15,262.78,357.51,1632.45,283.48
2026-07-13,sv4pt5-54,534416,Holofoil,5.86,3.69,6.0,4321.0,5.0
2026-07-13,sv8-57,590025,Holofoil,3.88,2.0,4.69,4321.0,4.82
2026-07-13,sv8pt5-149,610504,Holofoil,310.38,282.99,362.99,2000.0,319.99
2026-07-13,sv8pt5-155,610510,Holofoil,319.52,279.99,349.99,440.0,
2026-07-13,sv8pt5-156,610511,Holofoil,558.57,418.51,591.16,1997.48,592.32
2026-07-13,sv8pt5-161,610516,Holofoil,1511.45,1299.99,1699.69,3998.08,1599.99
2026-07-13,sv8pt5-167,610522,Holofoil,189.46,187.43,214.86,3009.8,196.86
2026-07-13,sv8pt5-179,610534,Holofoil,75.75,62.24,82.19,593.02,
2026-07-13,sv8pt5-28,610383,Holofoil,2.7,1.5,2.79,4321.0,
2026-07-13,sv8pt5-47,610402,Normal,0.07,0.01,0.15,19.98,0.01
2026-07-13,sv8pt5-47,610402,Reverse Holofoil,0.13,0.01,0.19,19.98,0.01
2026-07-13,sv8pt5-59,610414,Holofoil,0.47,0.05,0.43,100.0,0.64
2026-07-13,sv8pt5-59,610414,Reverse Holofoil,0.66,0.1,0.59,19.99,0.69
2026-07-13,sv8pt5-60,610415,Holofoil,7.61,2.0,8.99,5000.0,11.0
2026-07-13,svp-085,518861,Normal,1085.31,1040.46,1400.0,6997.91,1399.99
2026-07-13,swsh11-186,284137,Holofoil,856.79,734.0,905.12,4283.95,874.99
2026-07-13,swsh12-186,451834,Holofoil,525.46,500.0,625.0,3759.69,599.99
2026-07-13,swsh12pt5gg-GG69,478100,Holofoil,402.69,335.0,421.76,4321.0,400.0
2026-07-13,swsh35-25,223018,Normal,0.17,0.04,0.2,19.98,
2026-07-13,swsh35-25,223018,Reverse Holofoil,0.13,0.1,0.29,19.98,
2026-07-13,swsh35-74,223073,Holofoil,233.12,204.99,283.0,1500.0,283.0
2026-07-13,swsh45sv-SV107,232496,Holofoil,151.97,129.68,169.48,759.85,155.24
2026-07-13,swsh7-204,246693,Holofoil,38.9,32.5,45.05,289.9,39.98
2026-07-13,swsh7-205,246696,Holofoil,418.41,355.0,421.8,1499.99,425.0
2026-07-13,swsh7-208,246755,Holofoil,36.7,26.72,44.8,270.1,39.99
2026-07-13,swsh7-209,246756,Holofoil,302.84,269.99,348.19,1238.0,269.99
2026-07-13,swsh7-211,246702,Holofoil,57.97,49.99,61.16,450.0,64.98
2026-07-13,swsh7-212,246704,Holofoil,406.67,397.98,449.98,4249.73,397.98
2026-07-13,swsh7-215,246723,Holofoil,2396.28,1999.99,2566.54,6000.0,2850.0
2026-07-13,swsh7-218,246733,Holofoil,1202.43,1181.67,1450.0,3499.99,1349.99
2026-07-13,swsh7-41,246753,Holofoil,8.08,5.0,9.0,40.45,9.3
2026-07-13,swsh7-65,246690,Holofoil,15.93,13.43,16.52,500.0,13.43
2026-07-13,swsh7-75,246701,Holofoil,18.69,15.9,19.99,141.86,18.8
2026-07-13,swsh7-8,246691,Holofoil,11.4,8.77,11.95,100.0,12.83
2026-07-13,swsh8-271,253266,Holofoil,1019.3,803.69,1158.77,5103.6,1230.87
2026-07-13,swsh9-154,263873,Holofoil,340.33,271.8,394.67,1500.0,306.17
2026-07-14,base1-15,42355,Holofoil,157.31,100.0,140.0,1084.2,115.74
2026-07-14,base1-16,42356,Holofoil,53.69,30.0,36.7,129.96,31.75
2026-07-14,base1-2,42360,Holofoil,231.65,159.99,216.67,9999.0,165.88
2026-07-14,base1-4,42382,Holofoil,773.51,510.0,699.99,1500.0,633.44
2026-07-14,base1-58,42402,Normal,7.66,2.1,4.27,1000.0,
2026-07-14,cel25c-4,250320,Holofoil,192.55,160.42,202.82,999.99,181.98
2026-07-14,gym2-2,83861,1st Edition Holofoil,699.99,696.69,1599.99,2140.0,
2026-07-14,gym2-2,83861,Unlimited Holofoil,570.67,422.0,600.0,1499.99,
2026-07-14,neo1-9,86903,1st Edition Holofoil,1299.96,7475.75,8000.0,10000.0,
2026-07-14,neo1-9,86903,Unlimited Holofoil,527.8,449.99,508.74,1500.0,
2026-07-14,sl-151-bundle,502000,Normal,168.13,176.0,219.99,20000.0,
2026-07-14,sl-151-etb,503313,Normal,622.69,570.0,689.5,1699.99,
2026-07-14,sl-151-upc,502005,Normal,919.69,925.0,1199.99,35000.0,
2026-07-14,sl-ar-box,265519,Normal,416.68,400.0,452.5,800.0,
2026-07-14,sl-base-box,185731,Normal,,100000.0,100000.0,100000.0,
2026-07-14,sl-bs-box,256141,Normal,629.63,620.0,677.25,5000.0,
2026-07-14,sl-cel-upc,245140,Normal,1317.92,1297.88,1900.0,200000.0,
2026-07-14,sl-champ-etb,218791,Normal,211.79,210.0,250.0,650.0,
2026-07-14,sl-cz-etb,453470,Normal,336.01,330.0,400.0,1000.0,
2026-07-14,sl-dr-box,624679,Normal,552.98,539.0,650.0,8498.0,
2026-07-14,sl-evs-box,242436,Normal,2607.98,2558.99,3079.99,12000.0,
2026-07-14,sl-evs-etb,243721,Normal,983.38,1095.0,1198.0,3499.98,
2026-07-14,sl-fs-box,247654,Normal,1087.95,979.99,1241.0,6500.0,
2026-07-14,sl-hf-etb,194729,Normal,551.51,549.99,699.99,9999.98,
2026-07-14,sl-jp-151,565243,Normal,334.45,328.0,389.99,650.0,
2026-07-14,sl-jp-terastal,603428,Normal,133.06,99.99,150.0,299.95,
2026-07-14,sl-jt-box,610931,Normal,298.19,285.0,345.0,600.0,
2026-07-14,sl-lo-box,277324,Normal,755.39,705.0,923.99,2500.0,
2026-07-14,sl-me1-box,644298,Normal,331.28,315.0,345.0,999.99,
2026-07-14,sl-obf-box,501257,Normal,395.87,370.1,422.49,1000.0,
2026-07-14,sl-pe-etb,593355,Normal,169.25,154.0,200.0,6999.0,
2026-07-14,sl-pe-spc,622770,Normal,287.97,288.0,350.0,9999.99,
2026-07-14,sl-pf-etb,528040,Normal,478.04,477.42,587.95,800.0,
2026-07-14,sl-phf-box,654137,Normal,436.98,400.0,482.42,1000.0,
2026-07-14,sl-shf-etb,228821,Normal,150.19,138.0,180.0,500.0,
2026-07-14,sl-ss-box,565606,Normal,309.45,295.0,350.0,4999.99,
2026-07-14,sl-st-box,283389,Normal,541.35,525.0,575.0,1000.0,
2026-07-14,sl-tf-box,536225,Normal,321.26,315.36,349.99,800.0,
2026-07-14,sv2-185,497557,Normal,0.32,0.01,0.32,19.92,0.2
2026-07-14,sv2-185,497557,Reverse Holofoil,0.48,0.18,0.65,16.72,0.46
2026-07-14,sv2-254,497669,Holofoil,11.15,9.5,12.54,4321.0,13.37
2026-07-14,sv2-269,497689,Holofoil,64.31,58.49,71.0,526.14,73.85
2026-07-14,sv3pt5-151,516566,Holofoil,9.46,5.75,9.35,100.0,12.11
2026-07-14,sv3pt5-199,517045,Holofoil,396.99,345.0,436.78,10000.0,349.99
2026-07-14,sv3pt5-205,517051,Holofoil,27.27,22.29,32.99,143.6,28.5
2026-07-14,sv3pt5-4,502555,Normal,0.21,0.03,0.22,25.0,0.12
2026-07-14,sv3pt5-4,502555,Reverse Holofoil,0.43,0.14,0.45,18.62,
2026-07-14,sv3pt5-6,502558,Holofoil,8.37,4.49,9.79,112.99,11.48
2026-07-14,sv3pt5-7,502548,Normal,0.26,0.01,0.25,1000.0,0.13
2026-07-14,sv3pt5-7,502548,Reverse Holofoil,0.43,0.1,0.43,4321.0,
2026-07-14,sv4pt5-234,535090,Holofoil,328.15,262.78,357.68,1640.75,283.48
2026-07-14,sv4pt5-54,534416,Holofoil,6.09,3.69,5.99,4321.0,7.0
2026-07-14,sv8-57,590025,Holofoil,4.72,2.0,4.76,4321.0,3.0
2026-07-14,sv8pt5-149,610504,Holofoil,310.38,280.0,325.0,2000.0,319.99
2026-07-14,sv8pt5-155,610510,Holofoil,320.36,279.99,349.99,480.54,
2026-07-14,sv8pt5-156,610511,Holofoil,558.57,418.51,587.27,1997.44,574.55
2026-07-14,sv8pt5-161,610516,Holofoil,1503.91,1299.99,1699.69,3998.04,1574.99
2026-07-14,sv8pt5-167,610522,Holofoil,189.36,187.44,212.95,3009.8,196.86
2026-07-14,sv8pt5-179,610534,Holofoil,75.34,62.24,80.92,593.02,
2026-07-14,sv8pt5-28,610383,Holofoil,2.59,1.25,2.76,4321.0,
2026-07-14,sv8pt5-47,610402,Normal,0.07,0.01,0.15,19.98,0.01
2026-07-14,sv8pt5-47,610402,Reverse Holofoil,0.14,0.01,0.19,19.98,0.01
2026-07-14,sv8pt5-59,610414,Holofoil,0.41,0.05,0.43,100.0,0.69
2026-07-14,sv8pt5-59,610414,Reverse Holofoil,0.62,0.1,0.6,30.0,0.69
2026-07-14,sv8pt5-60,610415,Holofoil,7.78,2.0,8.88,5000.0,7.9
2026-07-14,svp-085,518861,Normal,1085.31,1040.46,1399.99,6997.87,1399.99
2026-07-14,swsh11-186,284137,Holofoil,856.79,734.0,925.98,4283.95,874.99
2026-07-14,swsh12-186,451834,Holofoil,525.46,500.0,629.99,3759.65,599.99
2026-07-14,swsh12pt5gg-GG69,478100,Holofoil,393.85,312.71,412.1,4321.0,409.87
2026-07-14,swsh35-25,223018,Normal,0.18,0.02,0.2,19.98,
2026-07-14,swsh35-25,223018,Reverse Holofoil,0.13,0.1,0.28,19.98,
2026-07-14,swsh35-74,223073,Holofoil,233.12,204.99,279.74,1500.0,283.0
2026-07-14,swsh45sv-SV107,232496,Holofoil,148.84,130.27,169.39,750.8,155.24
2026-07-14,swsh7-204,246693,Holofoil,39.22,32.5,48.9,289.9,47.69
2026-07-14,swsh7-205,246696,Holofoil,418.41,321.92,425.32,1499.99,499.98
2026-07-14,swsh7-208,246755,Holofoil,37.58,26.72,44.9,270.1,39.99
2026-07-14,swsh7-209,246756,Holofoil,302.84,269.99,347.84,1238.0,269.99
2026-07-14,swsh7-211,246702,Holofoil,57.97,49.99,61.88,450.0,64.98
2026-07-14,swsh7-212,246704,Holofoil,406.67,397.98,449.98,4249.73,397.98
2026-07-14,swsh7-215,246723,Holofoil,2396.28,1999.99,2539.99,6000.0,2850.0
2026-07-14,swsh7-218,246733,Holofoil,1202.43,1202.43,1450.0,3499.99,1349.98
2026-07-14,swsh7-41,246753,Holofoil,8.04,5.0,8.99,40.25,9.3
2026-07-14,swsh7-65,246690,Holofoil,15.83,13.55,16.67,500.0,21.28
2026-07-14,swsh7-75,246701,Holofoil,18.68,14.0,19.99,141.86,18.8
2026-07-14,swsh7-8,246691,Holofoil,11.4,8.77,11.9,100.0,12.83
2026-07-14,swsh8-271,253266,Holofoil,1019.3,808.69,1176.1,5096.5,1200.65
2026-07-14,swsh9-154,263873,Holofoil,340.33,271.8,391.38,1500.0,299.99
2026-07-15,base1-15,42355,Holofoil,157.32,100.0,135.0,1084.2,235.98
2026-07-15,base1-16,42356,Holofoil,53.69,29.0,36.74,129.96,31.82
2026-07-15,base1-2,42360,Holofoil,231.65,159.19,199.34,9999.0,165.88
2026-07-15,base1-4,42382,Holofoil,773.51,510.0,709.99,1500.0,633.44
2026-07-15,base1-58,42402,Normal,7.68,1.58,4.07,1000.0,
2026-07-15,cel25c-4,250320,Holofoil,191.81,160.0,200.0,999.99,181.98
2026-07-15,gym2-2,83861,1st Edition Holofoil,699.99,696.69,1699.99,2140.0,
2026-07-15,gym2-2,83861,Unlimited Holofoil,570.67,422.0,599.49,1499.99,
2026-07-15,neo1-9,86903,1st Edition Holofoil,1299.96,7475.75,8000.0,10000.0,
2026-07-15,neo1-9,86903,Unlimited Holofoil,527.8,449.99,508.74,1500.0,
2026-07-15,sl-151-bundle,502000,Normal,173.66,177.0,219.99,20000.0,
2026-07-15,sl-151-etb,503313,Normal,624.35,566.99,699.99,1699.99,
2026-07-15,sl-151-upc,502005,Normal,917.49,955.01,1199.99,35000.0,
2026-07-15,sl-ar-box,265519,Normal,416.68,409.98,454.99,800.0,
2026-07-15,sl-base-box,185731,Normal,,100000.0,100000.0,100000.0,
2026-07-15,sl-bs-box,256141,Normal,629.63,620.0,673.62,5000.0,
2026-07-15,sl-cel-upc,245140,Normal,1321.92,1297.88,1900.0,200000.0,
2026-07-15,sl-champ-etb,218791,Normal,211.79,210.0,249.99,650.0,
2026-07-15,sl-cz-etb,453470,Normal,336.01,330.0,399.98,1000.0,
2026-07-15,sl-dr-box,624679,Normal,551.18,546.99,650.0,8498.0,
2026-07-15,sl-evs-box,242436,Normal,2607.98,2558.99,3040.0,12000.0,
2026-07-15,sl-evs-etb,243721,Normal,983.38,1095.0,1200.99,3499.98,
2026-07-15,sl-fs-box,247654,Normal,1076.99,979.99,1274.5,6500.0,
2026-07-15,sl-hf-etb,194729,Normal,551.51,549.99,699.99,9999.98,
2026-07-15,sl-jp-151,565243,Normal,334.37,328.0,389.99,650.0,
2026-07-15,sl-jp-terastal,603428,Normal,129.51,99.99,149.99,299.95,
2026-07-15,sl-jt-box,610931,Normal,298.47,285.0,334.98,600.0,
2026-07-15,sl-lo-box,277324,Normal,755.39,705.0,929.49,2500.0,
2026-07-15,sl-me1-box,644298,Normal,331.28,315.0,345.0,999.99,
2026-07-15,sl-obf-box,501257,Normal,395.87,370.1,419.99,1000.0,
2026-07-15,sl-pe-etb,593355,Normal,166.87,159.99,200.0,6999.0,
2026-07-15,sl-pe-spc,622770,Normal,289.22,289.22,350.0,9999.99,
2026-07-15,sl-pf-etb,528040,Normal,479.07,477.42,587.95,800.0,
2026-07-15,sl-phf-box,654137,Normal,437.25,400.0,484.92,1000.0,
2026-07-15,sl-shf-etb,228821,Normal,149.19,138.0,179.97,500.0,
2026-07-15,sl-ss-box,565606,Normal,309.53,290.01,350.0,4999.99,
2026-07-15,sl-st-box,283389,Normal,541.35,525.0,575.0,1000.0,
2026-07-15,sl-tf-box,536225,Normal,321.26,315.36,349.98,800.0,
2026-07-15,sv2-185,497557,Normal,0.33,0.01,0.32,19.9,0.2
2026-07-15,sv2-185,497557,Reverse Holofoil,0.48,0.17,0.64,16.7,0.46
2026-07-15,sv2-254,497669,Holofoil,11.15,9.5,12.5,4321.0,11.48
2026-07-15,sv2-269,497689,Holofoil,64.17,55.57,70.89,526.14,73.85
2026-07-15,sv3pt5-151,516566,Holofoil,9.26,5.75,9.44,4321.0,9.99
2026-07-15,sv3pt5-199,517045,Holofoil,400.44,346.28,439.99,10000.0,349.99
2026-07-15,sv3pt5-205,517051,Holofoil,26.38,22.28,32.99,142.35,32.74
2026-07-15,sv3pt5-4,502555,Normal,0.21,0.02,0.22,25.0,0.11
2026-07-15,sv3pt5-4,502555,Reverse Holofoil,0.41,0.13,0.41,18.6,0.4
2026-07-15,sv3pt5-6,502558,Holofoil,8.53,4.49,9.82,4321.0,8.5
2026-07-15,sv3pt5-7,502548,Normal,0.26,0.01,0.25,1000.0,0.13
2026-07-15,sv3pt5-7,502548,Reverse Holofoil,0.42,0.1,0.43,4321.0,0.28
2026-07-15,sv4pt5-234,535090,Holofoil,326.29,262.78,356.02,1640.75,283.48
2026-07-15,sv4pt5-54,534416,Holofoil,5.88,3.69,6.0,4321.0,6.82
2026-07-15,sv8-57,590025,Holofoil,4.48,2.0,4.82,4321.0,4.99
2026-07-15,sv8pt5-149,610504,Holofoil,310.38,282.99,325.0,2000.0,319.99
2026-07-15,sv8pt5-155,610510,Holofoil,320.36,279.1,349.99,480.54,
2026-07-15,sv8pt5-156,610511,Holofoil,558.57,418.51,574.55,1997.42,574.55
2026-07-15,sv8pt5-161,610516,Holofoil,1503.91,1299.99,1699.59,3998.02,1569.69
2026-07-15,sv8pt5-167,610522,Holofoil,189.36,186.44,202.0,3009.8,196.86
2026-07-15,sv8pt5-179,610534,Holofoil,75.19,62.0,80.0,593.0,67.99
2026-07-15,sv8pt5-28,610383,Holofoil,2.26,1.25,2.74,4321.0,3.2
2026-07-15,sv8pt5-47,610402,Normal,0.07,0.01,0.15,19.98,0.01
2026-07-15,sv8pt5-47,610402,Reverse Holofoil,0.14,0.01,0.19,30.0,0.01
2026-07-15,sv8pt5-59,610414,Holofoil,0.45,0.05,0.42,4321.0,0.69
2026-07-15,sv8pt5-59,610414,Reverse Holofoil,0.59,0.1,0.6,30.0,0.6
2026-07-15,sv8pt5-60,610415,Holofoil,7.69,6.44,8.85,5000.0,9.94
2026-07-15,svp-085,518861,Normal,1082.97,1040.46,1399.99,6997.85,1299.99
2026-07-15,swsh11-186,284137,Holofoil,856.79,732.0,942.47,4283.95,874.99
2026-07-15,swsh12-186,451834,Holofoil,531.28,500.0,629.99,3759.63,599.99
2026-07-15,swsh12pt5gg-GG69,478100,Holofoil,393.85,312.71,410.65,4321.0,335.0
2026-07-15,swsh35-25,223018,Normal,0.16,0.04,0.2,19.98,
2026-07-15,swsh35-25,223018,Reverse Holofoil,0.13,0.1,0.29,19.98,
2026-07-15,swsh35-74,223073,Holofoil,233.12,204.99,249.99,1500.0,283.0
2026-07-15,swsh45sv-SV107,232496,Holofoil,148.89,130.27,169.3,744.2,155.24
2026-07-15,swsh7-204,246693,Holofoil,39.22,32.5,47.85,289.9,47.69
2026-07-15,swsh7-205,246696,Holofoil,418.41,321.92,439.33,1499.99,499.98
2026-07-15,swsh7-208,246755,Holofoil,37.77,26.72,44.95,270.1,39.99
2026-07-15,swsh7-209,246756,Holofoil,302.59,269.99,348.19,1238.0,269.99
2026-07-15,swsh7-211,246702,Holofoil,57.97,49.99,60.87,450.0,64.98
2026-07-15,swsh7-212,246704,Holofoil,406.67,397.98,437.49,4249.73,397.98
2026-07-15,swsh7-215,246723,Holofoil,2396.28,1999.99,2539.99,6000.0,2850.0
2026-07-15,swsh7-218,246733,Holofoil,1224.43,1202.43,1450.0,3499.99,1349.97
2026-07-15,swsh7-41,246753,Holofoil,7.91,5.0,8.99,40.1,7.49
2026-07-15,swsh7-65,246690,Holofoil,15.77,13.55,16.61,500.0,18.36
2026-07-15,swsh7-75,246701,Holofoil,18.26,15.6,19.99,4321.0,18.79
2026-07-15,swsh7-8,246691,Holofoil,11.15,8.0,11.82,100.0,12.84
2026-07-15,swsh8-271,253266,Holofoil,1019.3,808.69,1172.2,5096.5,1130.24
2026-07-15,swsh9-154,263873,Holofoil,344.13,287.75,399.99,4321.0,299.99
2026-07-16,base1-15,42355,Holofoil,157.26,100.0,129.99,1084.2,235.98
2026-07-16,base1-16,42356,Holofoil,53.58,30.0,36.7,129.96,31.43
2026-07-16,base1-2,42360,Holofoil,232.06,159.19,198.68,9999.0,165.88
2026-07-16,base1-4,42382,Holofoil,773.51,510.0,719.99,1500.0,633.44
2026-07-16,base1-58,42402,Normal,7.63,1.07,4.09,1000.0,19.97
2026-07-16,cel25c-4,250320,Holofoil,191.29,160.0,200.0,999.99,161.0
2026-07-16,gym2-2,83861,1st Edition Holofoil,699.99,696.69,1699.99,2140.0,
2026-07-16,gym2-2,83861,Unlimited Holofoil,573.82,422.0,599.99,1499.99,
2026-07-16,neo1-9,86903,1st Edition Holofoil,1299.96,7475.75,8000.0,10000.0,
2026-07-16,neo1-9,86903,Unlimited Holofoil,527.8,449.99,508.74,1500.0,
2026-07-16,sl-151-bundle,502000,Normal,178.34,180.0,219.99,20000.0,
2026-07-16,sl-151-etb,503313,Normal,619.95,587.99,699.5,1500.0,
2026-07-16,sl-151-upc,502005,Normal,923.17,965.0,1200.0,35000.0,
2026-07-16,sl-ar-box,265519,Normal,417.52,409.96,450.0,800.0,
2026-07-16,sl-base-box,185731,Normal,499.99,100000.0,100000.0,100000.0,
2026-07-16,sl-bs-box,256141,Normal,629.63,610.0,662.5,5000.0,
2026-07-16,sl-cel-upc,245140,Normal,1321.92,1297.88,1899.99,200000.0,
2026-07-16,sl-champ-etb,218791,Normal,211.35,210.0,250.0,650.0,
2026-07-16,sl-cz-etb,453470,Normal,336.01,324.99,399.98,1000.0,
2026-07-16,sl-dr-box,624679,Normal,551.94,544.99,649.99,8498.0,
2026-07-16,sl-evs-box,242436,Normal,2601.34,2558.99,3000.0,12000.0,
2026-07-16,sl-evs-etb,243721,Normal,983.38,1095.0,1200.99,3499.98,
2026-07-16,sl-fs-box,247654,Normal,1057.31,978.0,1274.5,6500.0,
2026-07-16,sl-hf-etb,194729,Normal,552.91,549.99,700.0,9999.98,
2026-07-16,sl-jp-151,565243,Normal,333.33,320.0,390.0,650.0,
2026-07-16,sl-jp-terastal,603428,Normal,127.04,99.99,150.0,299.95,
2026-07-16,sl-jt-box,610931,Normal,298.87,285.0,322.48,600.0,
2026-07-16,sl-lo-box,277324,Normal,751.99,713.99,929.49,2500.0,
2026-07-16,sl-me1-box,644298,Normal,331.28,315.0,344.49,999.99,
2026-07-16,sl-obf-box,501257,Normal,393.18,370.1,422.49,1000.0,
2026-07-16,sl-pe-etb,593355,Normal,168.9,156.9,200.0,6999.0,
2026-07-16,sl-pe-spc,622770,Normal,286.77,286.99,350.0,9999.99,
2026-07-16,sl-pf-etb,528040,Normal,480.11,475.0,561.5,800.0,
2026-07-16,sl-phf-box,654137,Normal,436.86,400.0,485.0,1000.0,
2026-07-16,sl-shf-etb,228821,Normal,149.19,138.0,179.99,500.0,
2026-07-16,sl-ss-box,565606,Normal,300.73,290.0,348.24,4999.99,
2026-07-16,sl-st-box,283389,Normal,541.35,525.0,575.0,1000.0,
2026-07-16,sl-tf-box,536225,Normal,319.5,312.0,349.97,800.0,
2026-07-16,sv2-185,497557,Normal,0.3,0.01,0.32,19.86,0.2
2026-07-16,sv2-185,497557,Reverse Holofoil,0.48,0.17,0.64,16.66,0.5
2026-07-16,sv2-254,497669,Holofoil,11.15,9.75,12.5,4321.0,11.11
2026-07-16,sv2-269,497689,Holofoil,64.17,54.1,71.0,526.14,73.85
2026-07-16,sv3pt5-151,516566,Holofoil,8.15,5.75,9.31,4321.0,9.5
2026-07-16,sv3pt5-199,517045,Holofoil,400.04,346.28,440.26,10000.0,348.99
2026-07-16,sv3pt5-205,517051,Holofoil,26.49,22.28,32.89,142.35,32.74
2026-07-16,sv3pt5-4,502555,Normal,0.22,0.03,0.23,25.0,0.11
2026-07-16,sv3pt5-4,502555,Reverse Holofoil,0.45,0.13,0.42,18.56,0.29
2026-07-16,sv3pt5-6,502558,Holofoil,8.34,4.49,9.64,4321.0,7.08
2026-07-16,sv3pt5-7,502548,Normal,0.27,0.01,0.25,1000.0,0.14
2026-07-16,sv3pt5-7,502548,Reverse Holofoil,0.45,0.1,0.44,4321.0,0.28
2026-07-16,sv4pt5-234,535090,Holofoil,326.29,262.78,349.97,1631.45,359.99
2026-07-16,sv4pt5-54,534416,Holofoil,5.55,3.69,6.0,4321.0,6.54
2026-07-16,sv8-57,590025,Holofoil,3.95,2.0,4.65,4321.0,4.0
2026-07-16,sv8pt5-149,610504,Holofoil,310.78,282.99,322.5,2000.0,
2026-07-16,sv8pt5-155,610510,Holofoil,320.36,279.1,349.99,576.65,
2026-07-16,sv8pt5-156,610511,Holofoil,554.73,478.64,572.27,1997.38,574.55
2026-07-16,sv8pt5-161,610516,Holofoil,1503.91,1250.0,1699.49,3997.98,1569.69
2026-07-16,sv8pt5-167,610522,Holofoil,189.83,186.44,208.85,3009.8,199.99
2026-07-16,sv8pt5-179,610534,Holofoil,74.2,56.21,80.99,592.96,89.95
2026-07-16,sv8pt5-28,610383,Holofoil,2.52,0.99,2.73,4321.0,
2026-07-16,sv8pt5-47,610402,Normal,0.09,0.01,0.15,19.98,0.01
2026-07-16,sv8pt5-47,610402,Reverse Holofoil,0.14,0.01,0.19,50.0,0.01
2026-07-16,sv8pt5-59,610414,Holofoil,0.49,0.05,0.45,4321.0,0.57
2026-07-16,sv8pt5-59,610414,Reverse Holofoil,0.46,0.09,0.54,30.0,
2026-07-16,sv8pt5-60,610415,Holofoil,8.32,6.0,8.87,5000.0,15.49
2026-07-16,svp-085,518861,Normal,1085.97,1140.0,1400.0,6997.81,1299.99
2026-07-16,swsh11-186,284137,Holofoil,856.79,734.0,942.47,5000.0,874.99
2026-07-16,swsh12-186,451834,Holofoil,531.28,500.0,607.87,3759.59,569.99
2026-07-16,swsh12pt5gg-GG69,478100,Holofoil,393.95,312.71,414.74,4321.0,335.0
2026-07-16,swsh35-25,223018,Normal,0.17,0.04,0.2,19.98,
2026-07-16,swsh35-25,223018,Reverse Holofoil,0.13,0.1,0.28,19.98,
2026-07-16,swsh35-74,223073,Holofoil,233.12,204.99,249.95,1500.0,283.0
2026-07-16,swsh45sv-SV107,232496,Holofoil,144.54,145.75,169.6,744.45,155.24
2026-07-16,swsh7-204,246693,Holofoil,41.15,32.5,49.33,289.9,49.14
2026-07-16,swsh7-205,246696,Holofoil,418.41,321.92,460.25,1499.99,374.11
2026-07-16,swsh7-208,246755,Holofoil,37.77,26.72,44.95,270.1,39.99
2026-07-16,swsh7-209,246756,Holofoil,302.59,269.99,348.19,1238.0,269.99
2026-07-16,swsh7-211,246702,Holofoil,58.51,49.99,60.65,450.0,64.98
2026-07-16,swsh7-212,246704,Holofoil,406.67,393.69,425.0,4249.73,397.98
2026-07-16,swsh7-215,246723,Holofoil,2396.28,1999.99,2532.49,6000.0,2850.0
2026-07-16,swsh7-218,246733,Holofoil,1224.43,1224.43,1450.0,3499.99,1349.97
2026-07-16,swsh7-41,246753,Holofoil,7.81,5.0,8.8,39.99,7.49
2026-07-16,swsh7-65,246690,Holofoil,15.9,13.46,16.79,500.0,20.5
2026-07-16,swsh7-75,246701,Holofoil,18.43,15.85,19.99,4321.0,22.49
2026-07-16,swsh7-8,246691,Holofoil,10.77,8.2,11.81,100.0,13.21
2026-07-16,swsh8-271,253266,Holofoil,1028.97,808.69,1154.53,5144.85,1199.99
2026-07-16,swsh9-154,263873,Holofoil,345.65,287.75,399.99,4321.0,299.99
2026-07-17,base1-15,42355,Holofoil,157.26,100.0,129.99,1084.2,235.97
2026-07-17,base1-16,42356,Holofoil,53.58,30.0,36.15,129.96,31.43
2026-07-17,base1-2,42360,Holofoil,232.06,158.75,198.68,9999.0,158.75
2026-07-17,base1-4,42382,Holofoil,729.08,510.0,719.99,2639.35,633.43
2026-07-17,base1-58,42402,Normal,8.12,0.99,4.0,1000.0,3.75
2026-07-17,cel25c-4,250320,Holofoil,191.29,159.5,200.0,999.99,161.0
2026-07-17,gym2-2,83861,1st Edition Holofoil,699.99,693.0,1699.99,2140.0,
2026-07-17,gym2-2,83861,Unlimited Holofoil,573.82,422.98,600.0,1499.99,
2026-07-17,neo1-9,86903,1st Edition Holofoil,1299.96,7475.75,8000.0,10000.0,
2026-07-17,neo1-9,86903,Unlimited Holofoil,527.8,449.99,505.87,1500.0,
2026-07-17,sl-151-bundle,502000,Normal,183.7,170.0,220.0,20000.0,
2026-07-17,sl-151-etb,503313,Normal,618.11,605.0,700.0,1500.0,
2026-07-17,sl-151-upc,502005,Normal,926.57,950.0,1224.99,35000.0,
2026-07-17,sl-ar-box,265519,Normal,415.84,409.93,452.5,800.0,
2026-07-17,sl-base-box,185731,Normal,499.99,100000.0,100000.0,100000.0,
2026-07-17,sl-bs-box,256141,Normal,629.63,610.0,662.5,5000.0,
2026-07-17,sl-cel-upc,245140,Normal,1318.64,1250.0,1800.0,200000.0,
2026-07-17,sl-champ-etb,218791,Normal,211.35,210.0,250.0,650.0,
2026-07-17,sl-cz-etb,453470,Normal,335.72,324.99,399.98,1000.0,
2026-07-17,sl-dr-box,624679,Normal,548.54,530.0,649.99,8498.0,
2026-07-17,sl-evs-box,242436,Normal,2601.09,2558.79,3040.0,12000.0,
2026-07-17,sl-evs-etb,243721,Normal,983.38,1094.0,1200.99,3499.98,
2026-07-17,sl-fs-box,247654,Normal,1057.31,978.0,1299.0,6500.0,
2026-07-17,sl-hf-etb,194729,Normal,552.91,549.99,699.99,9999.98,
2026-07-17,sl-jp-151,565243,Normal,330.67,328.0,396.47,650.0,
2026-07-17,sl-jp-terastal,603428,Normal,125.22,99.99,150.0,299.95,
2026-07-17,sl-jt-box,610931,Normal,298.84,285.0,320.0,600.0,
2026-07-17,sl-lo-box,277324,Normal,752.03,713.99,929.49,2500.0,
2026-07-17,sl-me1-box,644298,Normal,329.88,309.01,343.99,999.99,
2026-07-17,sl-obf-box,501257,Normal,393.18,370.1,422.49,1000.0,
2026-07-17,sl-pe-etb,593355,Normal,168.43,159.99,200.0,2000.0,
2026-07-17,sl-pe-spc,622770,Normal,288.67,270.0,345.0,1999.99,
2026-07-17,sl-pf-etb,528040,Normal,480.11,470.0,561.5,800.0,
2026-07-17,sl-phf-box,654137,Normal,438.06,400.0,479.99,1000.0,
2026-07-17,sl-shf-etb,228821,Normal,149.19,138.0,180.0,500.0,
2026-07-17,sl-ss-box,565606,Normal,297.84,290.0,346.24,4999.99,
2026-07-17,sl-st-box,283389,Normal,541.73,519.0,574.99,1000.0,
2026-07-17,sl-tf-box,536225,Normal,319.5,312.0,349.0,800.0,
2026-07-17,sv2-185,497557,Normal,0.26,0.01,0.31,19.76,0.2
2026-07-17,sv2-185,497557,Reverse Holofoil,0.46,0.17,0.63,16.56,0.53
2026-07-17,sv2-254,497669,Holofoil,11.12,9.75,12.5,4321.0,11.4
2026-07-17,sv2-269,497689,Holofoil,64.17,56.5,70.66,526.14,73.85
2026-07-17,sv3pt5-151,516566,Holofoil,7.68,5.75,9.05,4321.0,7.69
2026-07-17,sv3pt5-199,517045,Holofoil,403.76,343.0,439.6,10000.0,348.0
2026-07-17,sv3pt5-205,517051,Holofoil,26.76,19.0,32.49,142.35,32.74
2026-07-17,sv3pt5-4,502555,Normal,0.28,0.02,0.25,25.0,0.15
2026-07-17,sv3pt5-4,502555,Reverse Holofoil,0.39,0.13,0.42,18.54,0.4
2026-07-17,sv3pt5-6,502558,Holofoil,7.49,4.49,9.32,4321.0,7.12
2026-07-17,sv3pt5-7,502548,Normal,0.28,0.01,0.26,1000.0,0.23
2026-07-17,sv3pt5-7,502548,Reverse Holofoil,0.46,0.1,0.44,4321.0,0.28
2026-07-17,sv4pt5-234,535090,Holofoil,326.29,262.78,345.0,1631.45,359.99
2026-07-17,sv4pt5-54,534416,Holofoil,5.85,3.69,6.0,4321.0,6.43
2026-07-17,sv8-57,590025,Holofoil,3.85,2.0,4.61,4321.0,5.0
2026-07-17,sv8pt5-149,610504,Holofoil,309.12,282.99,324.58,2000.0,
2026-07-17,sv8pt5-155,610510,Holofoil,318.42,279.99,349.99,573.16,
2026-07-17,sv8pt5-156,610511,Holofoil,554.73,469.11,586.77,1997.28,574.55
2026-07-17,sv8pt5-161,610516,Holofoil,1503.91,1250.0,1699.49,3997.88,1569.69
2026-07-17,sv8pt5-167,610522,Holofoil,189.36,185.0,212.95,3009.8,199.99
2026-07-17,sv8pt5-179,610534,Holofoil,74.2,56.21,80.0,592.86,89.95
2026-07-17,sv8pt5-28,610383,Holofoil,2.55,1.25,2.75,4321.0,
2026-07-17,sv8pt5-47,610402,Normal,0.09,0.01,0.15,19.98,0.01
2026-07-17,sv8pt5-47,610402,Reverse Holofoil,0.16,0.01,0.19,50.0,0.01
2026-07-17,sv8pt5-59,610414,Holofoil,0.49,0.05,0.46,4321.0,0.65
2026-07-17,sv8pt5-59,610414,Reverse Holofoil,0.46,0.1,0.53,30.0,0.53
2026-07-17,sv8pt5-60,610415,Holofoil,7.84,6.27,8.85,5000.0,8.04
2026-07-17,svp-085,518861,Normal,1085.97,1134.0,1400.0,6997.71,1299.99
2026-07-17,swsh11-186,284137,Holofoil,858.75,734.0,929.99,5000.0,874.99
2026-07-17,swsh12-186,451834,Holofoil,533.08,500.0,620.0,3759.49,569.99
2026-07-17,swsh12pt5gg-GG69,478100,Holofoil,392.52,312.71,410.32,4321.0,409.79
2026-07-17,swsh35-25,223018,Normal,0.17,0.04,0.2,19.98,
2026-07-17,swsh35-25,223018,Reverse Holofoil,0.13,0.1,0.28,19.98,
2026-07-17,swsh35-74,223073,Holofoil,233.12,204.99,249.97,1500.0,287.22
2026-07-17,swsh45sv-SV107,232496,Holofoil,144.54,143.2,170.6,722.7,155.24
2026-07-17,swsh7-204,246693,Holofoil,41.15,32.5,49.57,289.9,49.14
2026-07-17,swsh7-205,246696,Holofoil,418.41,321.92,460.25,1499.99,499.98
2026-07-17,swsh7-208,246755,Holofoil,37.77,33.69,44.95,273.08,39.99
2026-07-17,swsh7-209,246756,Holofoil,302.59,269.99,348.19,1238.0,269.99
2026-07-17,swsh7-211,246702,Holofoil,58.51,49.99,61.05,450.0,64.99
2026-07-17,swsh7-212,246704,Holofoil,406.67,393.69,425.0,4249.73,397.08
2026-07-17,swsh7-215,246723,Holofoil,2396.28,1999.99,2520.54,6000.0,2850.0
2026-07-17,swsh7-218,246733,Holofoil,1224.43,1224.43,1450.0,3499.99,1349.98
2026-07-17,swsh7-41,246753,Holofoil,7.7,6.99,8.58,39.99,7.49
2026-07-17,swsh7-65,246690,Holofoil,16.05,13.55,16.88,500.0,19.99
2026-07-17,swsh7-75,246701,Holofoil,18.61,15.65,19.99,4321.0,24.56
2026-07-17,swsh7-8,246691,Holofoil,10.97,8.2,11.83,100.0,13.55
2026-07-17,swsh8-271,253266,Holofoil,1028.97,808.69,1167.27,5144.85,1199.99
2026-07-17,swsh9-154,263873,Holofoil,343.49,287.75,385.01,4321.0,299.99
2026-07-18,base1-15,42355,Holofoil,157.26,100.0,129.99,1084.2,235.89
2026-07-18,base1-16,42356,Holofoil,53.58,30.0,36.78,129.96,31.44
2026-07-18,base1-2,42360,Holofoil,232.06,158.19,199.05,9999.0,165.88
2026-07-18,base1-4,42382,Holofoil,798.38,510.0,782.48,2638.05,544.99
2026-07-18,base1-58,42402,Normal,8.3,0.94,4.0,1000.0,3.75
2026-07-18,cel25c-4,250320,Holofoil,190.8,159.5,199.99,999.99,161.0
2026-07-18,gym2-2,83861,1st Edition Holofoil,699.99,696.69,1699.99,2140.0,
2026-07-18,gym2-2,83861,Unlimited Holofoil,573.82,439.99,600.0,1499.99,
2026-07-18,neo1-9,86903,1st Edition Holofoil,1299.96,7475.75,8000.0,10000.0,
2026-07-18,neo1-9,86903,Unlimited Holofoil,527.8,499.0,511.75,1500.0,
2026-07-18,sl-151-bundle,502000,Normal,182.53,155.0,219.99,20000.0,
2026-07-18,sl-151-etb,503313,Normal,617.1,616.71,700.0,1500.0,
2026-07-18,sl-151-upc,502005,Normal,926.57,925.0,1200.0,35000.0,
2026-07-18,sl-ar-box,265519,Normal,415.84,400.0,450.0,800.0,
2026-07-18,sl-base-box,185731,Normal,499.99,100000.0,100000.0,100000.0,
2026-07-18,sl-bs-box,256141,Normal,630.35,610.0,655.0,5000.0,
2026-07-18,sl-cel-upc,245140,Normal,1318.64,1250.0,1700.0,200000.0,
2026-07-18,sl-champ-etb,218791,Normal,211.31,210.0,250.0,650.0,
2026-07-18,sl-cz-etb,453470,Normal,335.76,324.99,399.98,1000.0,
2026-07-18,sl-dr-box,624679,Normal,546.24,539.98,649.99,8498.0,
2026-07-18,sl-evs-box,242436,Normal,2601.09,2558.79,3040.0,12000.0,
2026-07-18,sl-evs-etb,243721,Normal,983.38,1093.0,1200.99,3499.98,
2026-07-18,sl-fs-box,247654,Normal,1046.59,978.0,1319.49,6500.0,
2026-07-18,sl-hf-etb,194729,Normal,552.91,549.99,700.0,9999.98,
2026-07-18,sl-jp-151,565243,Normal,330.13,329.0,397.99,650.0,
2026-07-18,sl-jp-terastal,603428,Normal,125.17,99.99,147.0,299.95,
2026-07-18,sl-jt-box,610931,Normal,298.86,285.0,324.95,600.0,
2026-07-18,sl-lo-box,277324,Normal,748.99,713.99,929.49,2500.0,
2026-07-18,sl-me1-box,644298,Normal,328.84,309.01,344.5,999.99,
2026-07-18,sl-obf-box,501257,Normal,392.1,370.1,419.84,1000.0,
2026-07-18,sl-pe-etb,593355,Normal,167.67,159.99,200.0,2000.0,
2026-07-18,sl-pe-spc,622770,Normal,279.54,269.5,340.0,1999.99,
2026-07-18,sl-pf-etb,528040,Normal,480.11,470.0,554.85,800.0,
2026-07-18,sl-phf-box,654137,Normal,436.66,400.0,475.0,1000.0,
2026-07-18,sl-shf-etb,228821,Normal,149.91,138.0,179.97,500.0,
2026-07-18,sl-ss-box,565606,Normal,294.48,290.0,344.99,4999.99,
2026-07-18,sl-st-box,283389,Normal,540.97,519.0,574.97,1000.0,
2026-07-18,sl-tf-box,536225,Normal,319.1,312.0,339.99,800.0,
2026-07-18,sv2-185,497557,Normal,0.25,0.01,0.3,19.7,0.2
2026-07-18,sv2-185,497557,Reverse Holofoil,0.46,0.17,0.63,16.48,0.53
2026-07-18,sv2-254,497669,Holofoil,11.23,9.75,12.45,4321.0,11.23
2026-07-18,sv2-269,497689,Holofoil,64.2,56.5,70.62,526.14,73.85
2026-07-18,sv3pt5-151,516566,Holofoil,7.71,5.25,9.0,4321.0,9.6
2026-07-18,sv3pt5-199,517045,Holofoil,402.92,343.99,427.41,10000.0,349.0
2026-07-18,sv3pt5-205,517051,Holofoil,27.27,19.0,32.61,137.45,32.89
2026-07-18,sv3pt5-4,502555,Normal,0.25,0.02,0.25,25.0,
2026-07-18,sv3pt5-4,502555,Reverse Holofoil,0.36,0.13,0.4,18.54,0.39
2026-07-18,sv3pt5-6,502558,Holofoil,7.74,4.49,9.05,4321.0,8.96
2026-07-18,sv3pt5-7,502548,Normal,0.26,0.01,0.25,1000.0,
2026-07-18,sv3pt5-7,502548,Reverse Holofoil,0.41,0.1,0.44,4321.0,0.4
2026-07-18,sv4pt5-234,535090,Holofoil,324.49,262.78,345.0,1631.45,299.99
2026-07-18,sv4pt5-54,534416,Holofoil,6.04,3.69,6.0,4321.0,7.0
2026-07-18,sv8-57,590025,Holofoil,3.76,2.0,4.56,4321.0,3.76
2026-07-18,sv8pt5-149,610504,Holofoil,306.92,282.99,322.27,2000.0,
2026-07-18,sv8pt5-155,610510,Holofoil,318.38,279.99,349.99,477.6,
2026-07-18,sv8pt5-156,610511,Holofoil,554.73,490.0,575.0,1997.2,574.55
2026-07-18,sv8pt5-161,610516,Holofoil,1503.91,1250.0,1699.49,3997.8,1569.69
2026-07-18,sv8pt5-167,610522,Holofoil,190.08,185.0,209.1,3009.8,199.99
2026-07-18,sv8pt5-179,610534,Holofoil,73.86,57.33,80.07,592.78,89.95
2026-07-18,sv8pt5-28,610383,Holofoil,2.3,1.25,2.69,4321.0,
2026-07-18,sv8pt5-47,610402,Normal,0.1,0.01,0.15,19.98,0.01
2026-07-18,sv8pt5-47,610402,Reverse Holofoil,0.15,0.01,0.19,50.0,0.01
2026-07-18,sv8pt5-59,610414,Holofoil,0.43,0.05,0.45,4321.0,0.59
2026-07-18,sv8pt5-59,610414,Reverse Holofoil,0.47,0.1,0.52,30.0,0.53
2026-07-18,sv8pt5-60,610415,Holofoil,7.89,6.28,8.74,5000.0,10.0
2026-07-18,svp-085,518861,Normal,1085.97,1085.97,1349.99,6997.63,1299.99
2026-07-18,swsh11-186,284137,Holofoil,858.75,734.0,915.0,5000.0,874.99
2026-07-18,swsh12-186,451834,Holofoil,533.08,500.0,607.87,3759.41,569.99
2026-07-18,swsh12pt5gg-GG69,478100,Holofoil,387.25,312.71,409.99,4321.0,409.94
2026-07-18,swsh35-25,223018,Normal,0.17,0.04,0.2,19.98,
2026-07-18,swsh35-25,223018,Reverse Holofoil,0.14,0.1,0.28,19.98,
2026-07-18,swsh35-74,223073,Holofoil,233.12,204.99,249.47,1500.0,287.22
2026-07-18,swsh45sv-SV107,232496,Holofoil,145.75,144.3,169.6,728.75,155.24
2026-07-18,swsh7-204,246693,Holofoil,41.15,32.5,47.39,289.9,49.14
2026-07-18,swsh7-205,246696,Holofoil,417.01,321.92,449.02,1499.99,549.89
2026-07-18,swsh7-208,246755,Holofoil,38.05,33.69,43.49,273.08,39.99
2026-07-18,swsh7-209,246756,Holofoil,303.57,269.99,349.89,1238.0,269.99
2026-07-18,swsh7-211,246702,Holofoil,58.51,49.99,59.97,450.0,64.71
2026-07-18,swsh7-212,246704,Holofoil,406.67,393.69,437.49,4249.73,397.98
2026-07-18,swsh7-215,246723,Holofoil,2396.28,1998.67,2516.09,6000.0,2850.0
2026-07-18,swsh7-218,246733,Holofoil,1224.43,1224.43,1450.0,3499.99,1349.97
2026-07-18,swsh7-41,246753,Holofoil,7.66,6.6,8.59,39.99,8.19
2026-07-18,swsh7-65,246690,Holofoil,16.19,13.01,16.74,500.0,21.35
2026-07-18,swsh7-75,246701,Holofoil,18.52,15.75,19.99,4321.0,24.73
2026-07-18,swsh7-8,246691,Holofoil,10.74,8.51,11.83,100.0,12.83
2026-07-18,swsh8-271,253266,Holofoil,1028.97,808.69,1144.99,2749.99,1199.99
2026-07-18,swsh9-154,263873,Holofoil,334.37,279.87,392.26,4321.0,299.99
2026-07-19,base1-15,42355,Holofoil,160.69,100.0,129.99,1084.2,235.97
2026-07-19,base1-16,42356,Holofoil,53.58,30.0,36.78,129.96,31.43
2026-07-19,base1-2,42360,Holofoil,224.86,138.99,195.21,9999.0,167.52
2026-07-19,base1-4,42382,Holofoil,798.38,510.0,822.96,2600.25,544.99
2026-07-19,base1-58,42402,Normal,8.37,0.95,4.0,1000.0,8.34
2026-07-19,cel25c-4,250320,Holofoil,190.8,159.5,199.99,999.99,161.0
2026-07-19,gym2-2,83861,1st Edition Holofoil,699.99,696.69,1699.99,2140.0,
2026-07-19,gym2-2,83861,Unlimited Holofoil,573.82,439.99,600.0,1499.99,
2026-07-19,neo1-9,86903,1st Edition Holofoil,1299.96,7475.75,8000.0,10000.0,
2026-07-19,neo1-9,86903,Unlimited Holofoil,527.8,499.0,574.99,1500.0,
2026-07-19,sl-151-bundle,502000,Normal,183.08,170.0,220.0,20000.0,
2026-07-19,sl-151-etb,503313,Normal,617.1,614.99,699.0,1500.0,
2026-07-19,sl-151-upc,502005,Normal,927.21,925.0,1200.0,35000.0,
2026-07-19,sl-ar-box,265519,Normal,415.84,400.0,450.0,800.0,
2026-07-19,sl-base-box,185731,Normal,499.99,100000.0,100000.0,100000.0,
2026-07-19,sl-bs-box,256141,Normal,630.35,610.0,655.0,5000.0,
2026-07-19,sl-cel-upc,245140,Normal,1318.64,1225.0,1700.0,200000.0,
2026-07-19,sl-champ-etb,218791,Normal,211.31,210.0,253.99,650.0,
2026-07-19,sl-cz-etb,453470,Normal,335.21,324.99,399.98,1000.0,
2026-07-19,sl-dr-box,624679,Normal,546.24,539.98,649.74,8498.0,
2026-07-19,sl-evs-box,242436,Normal,2601.09,2524.99,3000.0,12000.0,
2026-07-19,sl-evs-etb,243721,Normal,983.38,1093.0,1198.0,3499.98,
2026-07-19,sl-fs-box,247654,Normal,1046.59,978.0,1299.0,6500.0,
2026-07-19,sl-hf-etb,194729,Normal,552.91,549.99,683.0,9999.98,
2026-07-19,sl-jp-151,565243,Normal,328.8,328.75,396.47,650.0,
2026-07-19,sl-jp-terastal,603428,Normal,120.79,99.99,150.0,299.95,
2026-07-19,sl-jt-box,610931,Normal,299.22,284.18,324.95,600.0,
2026-07-19,sl-lo-box,277324,Normal,748.99,713.99,923.99,2500.0,
2026-07-19,sl-me1-box,644298,Normal,328.4,309.01,342.95,999.99,
2026-07-19,sl-obf-box,501257,Normal,392.1,370.1,424.99,1000.0,
2026-07-19,sl-pe-etb,593355,Normal,170.88,155.0,200.0,2000.0,
2026-07-19,sl-pe-spc,622770,Normal,274.51,273.75,344.89,1999.99,
2026-07-19,sl-pf-etb,528040,Normal,480.11,470.0,561.5,800.0,
2026-07-19,sl-phf-box,654137,Normal,435.75,400.0,474.99,1000.0,
2026-07-19,sl-shf-etb,228821,Normal,149.67,138.0,183.25,500.0,
2026-07-19,sl-ss-box,565606,Normal,293.19,290.0,342.5,4999.99,
2026-07-19,sl-st-box,283389,Normal,540.97,519.0,574.99,1000.0,
2026-07-19,sl-tf-box,536225,Normal,319.1,312.0,349.0,800.0,
2026-07-19,sv2-185,497557,Normal,0.24,0.01,0.3,19.7,0.2
2026-07-19,sv2-185,497557,Reverse Holofoil,0.46,0.1,0.62,16.4,0.53
2026-07-19,sv2-254,497669,Holofoil,11.17,9.75,12.44,4321.0,11.23
2026-07-19,sv2-269,497689,Holofoil,63.61,56.5,70.63,526.14,73.15
2026-07-19,sv3pt5-151,516566,Holofoil,8.34,5.75,9.02,4321.0,10.99
2026-07-19,sv3pt5-199,517045,Holofoil,402.54,343.99,425.0,10000.0,349.0
2026-07-19,sv3pt5-205,517051,Holofoil,27.11,20.0,32.58,136.05,32.89
2026-07-19,sv3pt5-4,502555,Normal,0.21,0.02,0.24,25.0,
2026-07-19,sv3pt5-4,502555,Reverse Holofoil,0.35,0.13,0.4,18.54,0.39
2026-07-19,sv3pt5-6,502558,Holofoil,7.66,4.49,9.16,4321.0,8.99
2026-07-19,sv3pt5-7,502548,Normal,0.21,0.01,0.25,1000.0,
2026-07-19,sv3pt5-7,502548,Reverse Holofoil,0.42,0.1,0.41,4321.0,0.45
2026-07-19,sv4pt5-234,535090,Holofoil,326.64,262.78,345.0,1622.45,299.99
2026-07-19,sv4pt5-54,534416,Holofoil,5.63,3.69,6.0,4321.0,7.31
2026-07-19,sv8-57,590025,Holofoil,3.61,2.0,4.5,4321.0,4.88
2026-07-19,sv8pt5-149,610504,Holofoil,304.61,282.99,322.42,2000.0,
2026-07-19,sv8pt5-155,610510,Holofoil,318.42,279.99,358.09,477.68,
2026-07-19,sv8pt5-156,610511,Holofoil,556.11,490.0,575.0,1997.12,598.99
2026-07-19,sv8pt5-161,610516,Holofoil,1503.91,1250.0,1654.3,3997.72,1569.69
2026-07-19,sv8pt5-167,610522,Holofoil,188.61,185.0,209.09,3009.8,199.99
2026-07-19,sv8pt5-179,610534,Holofoil,73.64,56.21,79.85,592.74,
2026-07-19,sv8pt5-28,610383,Holofoil,2.22,1.25,2.66,4321.0,
2026-07-19,sv8pt5-47,610402,Normal,0.13,0.01,0.15,19.98,0.01
2026-07-19,sv8pt5-47,610402,Reverse Holofoil,0.15,0.01,0.19,50.0,0.01
2026-07-19,sv8pt5-59,610414,Holofoil,0.46,0.05,0.44,4321.0,0.7
2026-07-19,sv8pt5-59,610414,Reverse Holofoil,0.44,0.1,0.53,30.0,0.53
2026-07-19,sv8pt5-60,610415,Holofoil,8.37,6.0,8.85,5000.0,10.0
2026-07-19,svp-085,518861,Normal,1085.97,1056.89,1349.99,6997.55,1299.99
2026-07-19,swsh11-186,284137,Holofoil,858.75,734.0,900.0,5000.0,874.99
2026-07-19,swsh12-186,451834,Holofoil,533.08,497.0,614.99,3759.33,569.99
2026-07-19,swsh12pt5gg-GG69,478100,Holofoil,387.25,312.71,409.94,4321.0,409.9
2026-07-19,swsh35-25,223018,Normal,0.16,0.04,0.2,19.98,
2026-07-19,swsh35-25,223018,Reverse Holofoil,0.14,0.1,0.28,19.98,
2026-07-19,swsh35-74,223073,Holofoil,233.12,204.98,249.95,1500.0,283.0
2026-07-19,swsh45sv-SV107,232496,Holofoil,143.15,144.3,169.72,728.75,155.24
2026-07-19,swsh7-204,246693,Holofoil,41.37,32.5,49.26,289.9,49.14
2026-07-19,swsh7-205,246696,Holofoil,416.91,321.92,448.97,1499.99,499.98
2026-07-19,swsh7-208,246755,Holofoil,38.05,33.69,42.87,273.08,39.99
2026-07-19,swsh7-209,246756,Holofoil,303.57,272.98,350.44,1247.35,272.98
2026-07-19,swsh7-211,246702,Holofoil,58.51,49.99,59.98,450.0,64.06
2026-07-19,swsh7-212,246704,Holofoil,406.71,393.69,425.0,4249.73,397.98
2026-07-19,swsh7-215,246723,Holofoil,2396.28,1998.67,2516.09,6000.0,2850.0
2026-07-19,swsh7-218,246733,Holofoil,1238.36,1224.43,1450.0,3499.99,1349.97
2026-07-19,swsh7-41,246753,Holofoil,7.6,5.99,8.63,39.99,8.26
2026-07-19,swsh7-65,246690,Holofoil,16.29,13.01,16.7,500.0,21.35
2026-07-19,swsh7-75,246701,Holofoil,18.69,15.9,19.99,4321.0,22.0
2026-07-19,swsh7-8,246691,Holofoil,10.7,7.0,11.82,100.0,8.74
2026-07-19,swsh8-271,253266,Holofoil,1028.97,808.69,1149.76,2749.99,1199.67
2026-07-19,swsh9-154,263873,Holofoil,334.37,279.87,384.53,4321.0,299.99
2026-07-20,base1-15,42355,Holofoil,160.69,100.0,135.0,1084.2,235.97
2026-07-20,base1-16,42356,Holofoil,53.63,30.0,36.02,129.96,33.0
2026-07-20,base1-2,42360,Holofoil,231.26,138.99,195.21,9999.0,175.93
2026-07-20,base1-4,42382,Holofoil,800.43,510.0,788.03,2600.25,544.99
2026-07-20,base1-58,42402,Normal,6.62,0.95,4.0,1000.0,19.97
2026-07-20,cel25c-4,250320,Holofoil,190.8,159.51,199.97,999.99,161.0
2026-07-20,gym2-2,83861,1st Edition Holofoil,699.99,696.69,1899.99,2140.0,
2026-07-20,gym2-2,83861,Unlimited Holofoil,573.82,438.7,599.99,1499.99,
2026-07-20,neo1-9,86903,1st Edition Holofoil,1299.96,7475.75,8000.0,10000.0,
2026-07-20,neo1-9,86903,Unlimited Holofoil,527.8,499.0,574.99,1500.0,
2026-07-20,sl-151-bundle,502000,Normal,182.06,170.0,216.9,20000.0,
2026-07-20,sl-151-etb,503313,Normal,618.3,607.99,689.5,1500.0,
2026-07-20,sl-151-upc,502005,Normal,929.4,900.0,1200.0,35000.0,
2026-07-20,sl-ar-box,265519,Normal,415.84,400.0,450.0,800.0,
2026-07-20,sl-base-box,185731,Normal,499.99,100000.0,100000.0,100000.0,
2026-07-20,sl-bs-box,256141,Normal,630.35,610.0,655.0,5000.0,
2026-07-20,sl-cel-upc,245140,Normal,1314.64,1225.0,1599.99,200000.0,
2026-07-20,sl-champ-etb,218791,Normal,210.92,200.0,257.98,650.0,
2026-07-20,sl-cz-etb,453470,Normal,333.61,324.99,399.97,1000.0,
2026-07-20,sl-dr-box,624679,Normal,546.04,539.97,649.99,8498.0,
2026-07-20,sl-evs-box,242436,Normal,2601.09,2524.97,3000.0,12000.0,
2026-07-20,sl-evs-etb,243721,Normal,983.38,1093.0,1198.0,3499.98,
2026-07-20,sl-fs-box,247654,Normal,1046.59,978.0,1274.5,6500.0,
2026-07-20,sl-hf-etb,194729,Normal,552.91,549.99,683.0,9999.98,
2026-07-20,sl-jp-151,565243,Normal,328.8,328.75,392.47,650.0,
2026-07-20,sl-jp-terastal,603428,Normal,121.95,99.99,150.0,299.95,
2026-07-20,sl-jt-box,610931,Normal,299.22,284.18,322.48,600.0,
2026-07-20,sl-lo-box,277324,Normal,748.99,713.99,899.95,2500.0,
2026-07-20,sl-me1-box,644298,Normal,329.16,307.01,340.0,999.99,
2026-07-20,sl-obf-box,501257,Normal,392.1,370.1,419.99,1000.0,
2026-07-20,sl-pe-etb,593355,Normal,170.82,155.0,200.0,2000.0,
2026-07-20,sl-pe-spc,622770,Normal,273.14,269.45,342.0,1999.99,
2026-07-20,sl-pf-etb,528040,Normal,479.51,470.0,561.5,800.0,
2026-07-20,sl-phf-box,654137,Normal,417.24,400.0,475.0,1000.0,
2026-07-20,sl-shf-etb,228821,Normal,149.6,138.0,175.0,500.0,
2026-07-20,sl-ss-box,565606,Normal,293.15,285.0,342.47,4999.99,
2026-07-20,sl-st-box,283389,Normal,540.25,519.0,574.94,1000.0,
2026-07-20,sl-tf-box,536225,Normal,318.91,312.0,344.5,800.0,
2026-07-20,sv2-185,497557,Normal,0.24,0.01,0.3,19.7,
2026-07-20,sv2-185,497557,Reverse Holofoil,0.45,0.1,0.61,16.38,0.51
2026-07-20,sv2-254,497669,Holofoil,11.32,9.75,12.29,4321.0,11.23
2026-07-20,sv2-269,497689,Holofoil,63.2,53.86,69.87,526.14,72.88
2026-07-20,sv3pt5-151,516566,Holofoil,7.59,5.08,9.0,4321.0,10.99
2026-07-20,sv3pt5-199,517045,Holofoil,402.54,349.0,423.55,10000.0,349.0
2026-07-20,sv3pt5-205,517051,Holofoil,28.0,20.0,32.9,130.8,36.55
2026-07-20,sv3pt5-4,502555,Normal,0.2,0.02,0.23,25.0,
2026-07-20,sv3pt5-4,502555,Reverse Holofoil,0.36,0.13,0.4,18.54,0.4
2026-07-20,sv3pt5-6,502558,Holofoil,7.69,4.49,9.1,4321.0,9.0
2026-07-20,sv3pt5-7,502548,Normal,0.19,0.01,0.25,1000.0,
2026-07-20,sv3pt5-7,502548,Reverse Holofoil,0.43,0.1,0.43,4321.0,0.46
2026-07-20,sv4pt5-234,535090,Holofoil,325.88,262.78,357.67,1633.2,359.98
2026-07-20,sv4pt5-54,534416,Holofoil,5.72,3.69,6.0,4321.0,4.25
2026-07-20,sv8-57,590025,Holofoil,3.42,2.0,4.62,4321.0,4.44
2026-07-20,sv8pt5-149,610504,Holofoil,304.61,279.95,334.94,2000.0,
2026-07-20,sv8pt5-155,610510,Holofoil,318.42,279.99,358.09,477.68,
2026-07-20,sv8pt5-156,610511,Holofoil,548.24,487.0,567.5,1997.1,603.05
2026-07-20,sv8pt5-161,610516,Holofoil,1504.7,1250.0,1652.59,3997.7,1574.69
2026-07-20,sv8pt5-167,610522,Holofoil,189.53,182.86,208.32,3009.8,
2026-07-20,sv8pt5-179,610534,Holofoil,72.8,57.33,79.98,592.74,
2026-07-20,sv8pt5-28,610383,Holofoil,2.13,1.2,2.66,4321.0,
2026-07-20,sv8pt5-47,610402,Normal,0.14,0.01,0.15,19.98,0.01
2026-07-20,sv8pt5-47,610402,Reverse Holofoil,0.16,0.01,0.19,50.0,0.01
2026-07-20,sv8pt5-59,610414,Holofoil,0.38,0.05,0.44,4321.0,0.55
2026-07-20,sv8pt5-59,610414,Reverse Holofoil,0.48,0.1,0.51,30.0,
2026-07-20,sv8pt5-60,610415,Holofoil,7.96,5.0,8.95,5000.0,10.0
2026-07-20,svp-085,518861,Normal,1090.56,1048.0,1299.99,6997.53,1299.99
2026-07-20,swsh11-186,284137,Holofoil,858.75,734.0,915.0,5000.0,874.95
2026-07-20,swsh12-186,451834,Holofoil,533.08,497.0,607.87,3759.31,569.99
2026-07-20,swsh12pt5gg-GG69,478100,Holofoil,387.25,312.71,409.92,4321.0,409.88
2026-07-20,swsh35-25,223018,Normal,0.17,0.04,0.2,19.98,
2026-07-20,swsh35-25,223018,Reverse Holofoil,0.14,0.1,0.28,19.98,
2026-07-20,swsh35-74,223073,Holofoil,233.74,204.99,268.8,1500.0,283.0
2026-07-20,swsh45sv-SV107,232496,Holofoil,143.15,140.0,169.49,715.75,155.24
2026-07-20,swsh7-204,246693,Holofoil,41.37,32.5,48.36,289.9,49.14
2026-07-20,swsh7-205,246696,Holofoil,416.91,321.92,448.18,1499.99,499.98
2026-07-20,swsh7-208,246755,Holofoil,38.05,33.69,42.26,273.08,39.99
2026-07-20,swsh7-209,246756,Holofoil,303.57,208.98,350.44,1247.35,208.98
2026-07-20,swsh7-211,246702,Holofoil,58.51,49.99,59.98,450.0,63.99
2026-07-20,swsh7-212,246704,Holofoil,406.71,393.69,437.49,4249.73,397.98
2026-07-20,swsh7-215,246723,Holofoil,2242.68,1998.67,2499.99,6000.0,2455.0
2026-07-20,swsh7-218,246733,Holofoil,1249.89,1249.99,1474.85,3499.99,1349.97
2026-07-20,swsh7-41,246753,Holofoil,7.57,6.45,8.59,39.99,7.99
2026-07-20,swsh7-65,246690,Holofoil,16.07,12.99,16.54,500.0,21.35
2026-07-20,swsh7-75,246701,Holofoil,18.85,16.0,20.0,4321.0,24.49
2026-07-20,swsh7-8,246691,Holofoil,10.81,8.51,11.82,100.0,16.69
2026-07-20,swsh8-271,253266,Holofoil,1025.97,808.69,1154.53,2749.99,1199.67
2026-07-20,swsh9-154,263873,Holofoil,334.37,279.87,392.26,4321.0,299.99
2026-07-21,base1-15,42355,Holofoil,168.81,100.0,140.0,1084.2,235.97
2026-07-21,base1-16,42356,Holofoil,53.63,30.0,38.36,129.96,100.0
2026-07-21,base1-2,42360,Holofoil,224.86,135.0,193.3,9999.0,173.92
2026-07-21,base1-4,42382,Holofoil,800.43,505.49,719.99,2571.35,544.99
2026-07-21,base1-58,42402,Normal,7.18,0.99,4.0,1000.0,2.89
2026-07-21,cel25c-4,250320,Holofoil,188.43,159.48,199.99,999.99,161.0
2026-07-21,gym2-2,83861,1st Edition Holofoil,699.99,696.69,1899.99,2140.0,
2026-07-21,gym2-2,83861,Unlimited Holofoil,573.82,438.7,599.99,1499.99,
2026-07-21,neo1-9,86903,1st Edition Holofoil,1299.96,7475.75,8000.0,10000.0,
2026-07-21,neo1-9,86903,Unlimited Holofoil,527.8,499.0,997.99,1500.0,
2026-07-21,sl-151-bundle,502000,Normal,179.59,170.0,215.0,20000.0,
2026-07-21,sl-151-etb,503313,Normal,620.42,614.99,699.5,1500.0,
2026-07-21,sl-151-upc,502005,Normal,928.33,895.0,1200.0,35000.0,
2026-07-21,sl-ar-box,265519,Normal,416.04,400.0,452.5,800.0,
2026-07-21,sl-base-box,185731,Normal,499.99,100000.0,100000.0,100000.0,
2026-07-21,sl-bs-box,256141,Normal,631.01,595.0,655.0,5000.0,
2026-07-21,sl-cel-upc,245140,Normal,1314.64,1200.0,1599.99,200000.0,
2026-07-21,sl-champ-etb,218791,Normal,208.78,210.0,258.99,650.0,
2026-07-21,sl-cz-etb,453470,Normal,334.16,324.99,399.97,1000.0,
2026-07-21,sl-dr-box,624679,Normal,543.64,525.0,649.99,8498.0,
2026-07-21,sl-evs-box,242436,Normal,2601.09,2450.0,3000.0,12000.0,
2026-07-21,sl-evs-etb,243721,Normal,983.38,1089.9,1200.5,3499.98,
2026-07-21,sl-fs-box,247654,Normal,1046.59,950.0,1250.0,6500.0,
2026-07-21,sl-hf-etb,194729,Normal,548.24,550.0,699.99,9999.98,
2026-07-21,sl-jp-151,565243,Normal,328.88,325.01,392.47,650.0,
2026-07-21,sl-jp-terastal,603428,Normal,122.03,99.99,150.0,299.95,
2026-07-21,sl-jt-box,610931,Normal,299.22,284.18,322.48,600.0,
2026-07-21,sl-lo-box,277324,Normal,747.99,695.0,899.95,2500.0,
2026-07-21,sl-me1-box,644298,Normal,328.12,307.01,339.75,999.99,
2026-07-21,sl-obf-box,501257,Normal,389.7,370.1,419.84,1000.0,
2026-07-21,sl-pe-etb,593355,Normal,165.44,159.99,200.0,2000.0,
2026-07-21,sl-pe-spc,622770,Normal,270.26,269.38,339.99,1999.99,
2026-07-21,sl-pf-etb,528040,Normal,479.51,468.0,549.69,800.0,
2026-07-21,sl-phf-box,654137,Normal,416.36,400.0,474.99,1000.0,
2026-07-21,sl-shf-etb,228821,Normal,149.16,138.0,177.49,500.0,
2026-07-21,sl-ss-box,565606,Normal,294.03,290.0,349.99,4999.99,
2026-07-21,sl-st-box,283389,Normal,539.27,519.0,573.99,1000.0,
2026-07-21,sl-tf-box,536225,Normal,318.18,312.0,339.99,800.0,
2026-07-21,sv2-185,497557,Normal,0.25,0.01,0.3,19.7,0.2
2026-07-21,sv2-185,497557,Reverse Holofoil,0.46,0.1,0.6,16.36,0.4
2026-07-21,sv2-254,497669,Holofoil,11.46,9.54,12.45,4321.0,12.92
2026-07-21,sv2-269,497689,Holofoil,63.2,51.93,69.99,526.14,72.68
2026-07-21,sv3pt5-151,516566,Holofoil,6.99,4.5,8.94,4321.0,5.98
2026-07-21,sv3pt5-199,517045,Holofoil,401.75,349.99,423.23,10000.0,349.99
2026-07-21,sv3pt5-205,517051,Holofoil,27.75,22.28,32.0,134.0,35.86
2026-07-21,sv3pt5-4,502555,Normal,0.2,0.02,0.22,25.0,0.19
2026-07-21,sv3pt5-4,502555,Reverse Holofoil,0.38,0.13,0.4,18.54,0.4
2026-07-21,sv3pt5-6,502558,Holofoil,7.33,4.49,9.15,9999.0,9.22
2026-07-21,sv3pt5-7,502548,Normal,0.21,0.08,0.25,1000.0,0.16
2026-07-21,sv3pt5-7,502548,Reverse Holofoil,0.45,0.1,0.43,4321.0,0.46
2026-07-21,sv4pt5-234,535090,Holofoil,325.88,262.78,355.21,1629.4,359.98
2026-07-21,sv4pt5-54,534416,Holofoil,5.0,3.0,6.0,4321.0,7.2
2026-07-21,sv8-57,590025,Holofoil,3.78,2.0,4.58,4321.0,3.69
2026-07-21,sv8pt5-149,610504,Holofoil,304.61,279.95,320.0,2000.0,
2026-07-21,sv8pt5-155,610510,Holofoil,318.42,278.99,349.99,477.68,
2026-07-21,sv8pt5-156,610511,Holofoil,548.24,480.0,560.0,1997.08,603.05
2026-07-21,sv8pt5-161,610516,Holofoil,1504.7,1250.0,1650.0,3997.68,1574.69
2026-07-21,sv8pt5-167,610522,Holofoil,189.43,182.86,208.37,3009.8,199.99
2026-07-21,sv8pt5-179,610534,Holofoil,71.49,59.79,78.64,4321.0,
2026-07-21,sv8pt5-28,610383,Holofoil,2.24,1.2,2.61,4321.0,2.56
2026-07-21,sv8pt5-47,610402,Normal,0.15,0.01,0.15,19.98,0.04
2026-07-21,sv8pt5-47,610402,Reverse Holofoil,0.17,0.01,0.19,50.0,0.04
2026-07-21,sv8pt5-59,610414,Holofoil,0.48,0.05,0.42,4321.0,0.69
2026-07-21,sv8pt5-59,610414,Reverse Holofoil,0.48,0.1,0.52,30.0,
2026-07-21,sv8pt5-60,610415,Holofoil,7.44,5.0,8.76,5000.0,8.75
2026-07-21,svp-085,518861,Normal,1090.56,998.0,1225.0,6997.51,1250.0
2026-07-21,swsh11-186,284137,Holofoil,859.51,734.0,900.0,5000.0,874.94
2026-07-21,swsh12-186,451834,Holofoil,533.08,497.0,600.5,3759.29,569.99
2026-07-21,swsh12pt5gg-GG69,478100,Holofoil,387.25,312.71,409.88,4321.0,409.85
2026-07-21,swsh35-25,223018,Normal,0.17,0.02,0.2,19.98,
2026-07-21,swsh35-25,223018,Reverse Holofoil,0.14,0.1,0.28,19.98,
2026-07-21,swsh35-74,223073,Holofoil,233.74,204.99,267.56,1500.0,266.32
2026-07-21,swsh45sv-SV107,232496,Holofoil,143.44,140.0,169.49,718.4,155.24
2026-07-21,swsh7-204,246693,Holofoil,41.63,32.5,48.51,289.9,49.14
2026-07-21,swsh7-205,246696,Holofoil,416.91,321.92,423.83,1499.99,499.98
2026-07-21,swsh7-208,246755,Holofoil,37.98,33.69,42.3,273.08,39.99
2026-07-21,swsh7-209,246756,Holofoil,304.37,272.98,359.99,1247.35,272.98
2026-07-21,swsh7-211,246702,Holofoil,58.58,49.99,60.0,450.0,63.99
2026-07-21,swsh7-212,246704,Holofoil,406.71,393.69,424.85,4249.73,397.98
2026-07-21,swsh7-215,246723,Holofoil,2242.68,1999.99,2500.0,6000.0,2455.0
2026-07-21,swsh7-218,246733,Holofoil,1249.89,1249.99,1450.0,3499.99,1349.97
2026-07-21,swsh7-41,246753,Holofoil,7.59,5.99,8.59,39.99,9.67
2026-07-21,swsh7-65,246690,Holofoil,16.49,12.43,16.54,500.0,21.6
2026-07-21,swsh7-75,246701,Holofoil,18.98,16.0,19.99,4321.0,18.45
2026-07-21,swsh7-8,246691,Holofoil,10.95,8.51,11.79,100.0,16.9
2026-07-21,swsh8-271,253266,Holofoil,1025.97,808.69,1149.99,2749.99,1199.67
2026-07-21,swsh9-154,263873,Holofoil,334.37,279.5,384.53,4321.0,299.99
2026-07-22,base1-15,42355,Holofoil,168.81,100.0,135.0,1084.2,235.97
2026-07-22,base1-16,42356,Holofoil,53.63,30.0,39.0,4321.0,99.99
2026-07-22,base1-2,42360,Holofoil,224.86,130.0,193.3,9999.0,173.89
2026-07-22,base1-4,42382,Holofoil,800.43,505.5,822.96,2571.35,544.99
2026-07-22,base1-58,42402,Normal,7.81,1.58,4.0,1000.0,2.19
2026-07-22,cel25c-4,250320,Holofoil,187.59,159.68,198.9,999.99,160.98
2026-07-22,gym2-2,83861,1st Edition Holofoil,699.99,696.69,1899.99,2140.0,
2026-07-22,gym2-2,83861,Unlimited Holofoil,573.82,438.7,599.99,1499.99,
2026-07-22,neo1-9,86903,1st Edition Holofoil,1299.96,7475.75,8000.0,10000.0,
2026-07-22,neo1-9,86903,Unlimited Holofoil,527.8,499.0,997.99,1500.0,
2026-07-22,sl-151-bundle,502000,Normal,177.56,170.0,211.75,20000.0,
2026-07-22,sl-151-etb,503313,Normal,620.42,595.0,680.0,2000.0,
2026-07-22,sl-151-upc,502005,Normal,927.15,869.0,1199.99,35000.0,
2026-07-22,sl-ar-box,265519,Normal,416.43,404.99,475.0,900.0,
2026-07-22,sl-base-box,185731,Normal,499.99,100000.0,100000.0,100000.0,
2026-07-22,sl-bs-box,256141,Normal,631.01,595.0,655.0,5000.0,
2026-07-22,sl-cel-upc,245140,Normal,1314.64,1200.0,1699.99,200000.0,
2026-07-22,sl-champ-etb,218791,Normal,209.22,210.0,267.5,650.0,
2026-07-22,sl-cz-etb,453470,Normal,335.26,320.0,397.93,1000.0,
2026-07-22,sl-dr-box,624679,Normal,541.25,525.0,649.74,8498.0,
2026-07-22,sl-evs-box,242436,Normal,2601.09,2299.0,3000.0,12000.0,
2026-07-22,sl-evs-etb,243721,Normal,983.38,1069.9,1197.99,3499.98,
2026-07-22,sl-fs-box,247654,Normal,1049.79,950.0,1231.99,6500.0,
2026-07-22,sl-hf-etb,194729,Normal,548.24,540.0,699.99,9999.98,
2026-07-22,sl-jp-151,565243,Normal,328.28,325.01,394.94,650.0,
2026-07-22,sl-jp-terastal,603428,Normal,122.51,99.99,150.0,299.95,
2026-07-22,sl-jt-box,610931,Normal,298.79,284.18,319.99,600.0,
2026-07-22,sl-lo-box,277324,Normal,743.19,695.0,889.48,2500.0,
2026-07-22,sl-me1-box,644298,Normal,327.44,310.0,341.48,999.99,
2026-07-22,sl-obf-box,501257,Normal,389.21,350.0,424.98,1000.0,
2026-07-22,sl-pe-etb,593355,Normal,163.8,159.99,200.0,2000.0,
2026-07-22,sl-pe-spc,622770,Normal,274.86,269.38,340.0,1999.99,
2026-07-22,sl-pf-etb,528040,Normal,480.07,468.0,560.0,800.0,
2026-07-22,sl-phf-box,654137,Normal,414.72,400.0,474.99,1000.0,
2026-07-22,sl-shf-etb,228821,Normal,148.8,138.0,179.99,500.0,
2026-07-22,sl-ss-box,565606,Normal,295.39,290.0,349.99,4999.99,
2026-07-22,sl-st-box,283389,Normal,538.85,519.0,569.62,1000.0,
2026-07-22,sl-tf-box,536225,Normal,318.18,302.0,339.99,800.0,
2026-07-22,sv2-185,497557,Normal,0.25,0.01,0.3,19.7,0.2
2026-07-22,sv2-185,497557,Reverse Holofoil,0.45,0.1,0.6,16.34,0.51
2026-07-22,sv2-254,497669,Holofoil,11.45,9.38,12.45,4321.0,13.98
2026-07-22,sv2-269,497689,Holofoil,62.99,54.26,70.34,526.14,72.68
2026-07-22,sv3pt5-151,516566,Holofoil,6.67,4.5,8.75,4321.0,7.67
2026-07-22,sv3pt5-199,517045,Holofoil,400.08,349.99,423.23,10000.0,349.99
2026-07-22,sv3pt5-205,517051,Holofoil,29.06,22.28,32.16,4321.0,37.31
2026-07-22,sv3pt5-4,502555,Normal,0.23,0.02,0.23,25.0,0.2
2026-07-22,sv3pt5-4,502555,Reverse Holofoil,0.36,0.13,0.4,18.52,0.4
2026-07-22,sv3pt5-6,502558,Holofoil,7.24,4.49,8.99,4321.0,10.65
2026-07-22,sv3pt5-7,502548,Normal,0.25,0.08,0.25,1000.0,0.22
2026-07-22,sv3pt5-7,502548,Reverse Holofoil,0.46,0.1,0.45,4321.0,0.4
2026-07-22,sv4pt5-234,535090,Holofoil,325.88,262.78,349.99,1629.4,359.98
2026-07-22,sv4pt5-54,534416,Holofoil,4.96,3.69,5.86,4321.0,6.6
2026-07-22,sv8-57,590025,Holofoil,3.84,2.0,4.58,4321.0,4.82
2026-07-22,sv8pt5-149,610504,Holofoil,304.61,273.38,319.84,2000.0,
2026-07-22,sv8pt5-155,610510,Holofoil,318.42,278.99,340.74,999.0,
2026-07-22,sv8pt5-156,610511,Holofoil,553.61,480.0,575.0,1997.06,608.97
2026-07-22,sv8pt5-161,610516,Holofoil,1506.69,1250.0,1652.59,3997.66,1649.88
2026-07-22,sv8pt5-167,610522,Holofoil,189.43,182.86,208.37,3009.8,185.0
2026-07-22,sv8pt5-179,610534,Holofoil,71.2,59.79,77.59,4321.0,
2026-07-22,sv8pt5-28,610383,Holofoil,2.39,1.2,2.6,4321.0,4.99
2026-07-22,sv8pt5-47,610402,Normal,0.15,0.01,0.15,999.0,0.04
2026-07-22,sv8pt5-47,610402,Reverse Holofoil,0.18,0.01,0.2,999.0,0.04
2026-07-22,sv8pt5-59,610414,Holofoil,0.55,0.05,0.47,4321.0,0.35
2026-07-22,sv8pt5-59,610414,Reverse Holofoil,0.51,0.1,0.53,999.0,0.59
2026-07-22,sv8pt5-60,610415,Holofoil,8.25,5.0,8.71,5000.0,6.22
2026-07-22,svp-085,518861,Normal,1096.74,998.0,1244.99,6997.49,1244.99
2026-07-22,swsh11-186,284137,Holofoil,863.15,734.0,900.0,5000.0,874.95
2026-07-22,swsh12-186,451834,Holofoil,533.08,497.0,600.25,3759.27,569.99
2026-07-22,swsh12pt5gg-GG69,478100,Holofoil,387.25,312.71,409.84,4321.0,354.98
2026-07-22,swsh35-25,223018,Normal,0.18,0.01,0.2,19.98,
2026-07-22,swsh35-25,223018,Reverse Holofoil,0.15,0.1,0.28,19.98,
2026-07-22,swsh35-74,223073,Holofoil,233.74,154.93,266.32,1500.0,266.32
2026-07-22,swsh45sv-SV107,232496,Holofoil,144.19,139.54,169.49,717.2,155.24
2026-07-22,swsh7-204,246693,Holofoil,41.63,32.5,46.75,289.9,49.14
2026-07-22,swsh7-205,246696,Holofoil,416.91,321.92,437.76,1499.99,479.99
2026-07-22,swsh7-208,246755,Holofoil,37.98,33.69,42.07,273.08,39.99
2026-07-22,swsh7-209,246756,Holofoil,304.37,272.98,354.94,1247.35,272.98
2026-07-22,swsh7-211,246702,Holofoil,58.58,47.0,59.99,450.0,60.94
2026-07-22,swsh7-212,246704,Holofoil,406.71,393.69,425.0,4249.73,397.98
2026-07-22,swsh7-215,246723,Holofoil,2242.68,1998.67,2500.0,6000.0,2455.0
2026-07-22,swsh7-218,246733,Holofoil,1249.89,1249.99,1450.0,3499.99,1349.97
2026-07-22,swsh7-41,246753,Holofoil,7.43,5.99,8.56,39.99,9.49
2026-07-22,swsh7-65,246690,Holofoil,15.68,11.0,16.63,500.0,21.44
2026-07-22,swsh7-75,246701,Holofoil,18.71,15.9,20.0,4321.0,24.49
2026-07-22,swsh7-8,246691,Holofoil,10.73,8.51,11.77,100.0,16.33
2026-07-22,swsh8-271,253266,Holofoil,1027.82,808.69,1150.6,2749.99,1199.67
2026-07-22,swsh9-154,263873,Holofoil,334.37,271.8,379.77,4321.0,299.99
2026-07-23,base1-15,42355,Holofoil,168.81,100.0,138.57,1084.2,235.97
2026-07-23,base1-16,42356,Holofoil,53.63,30.0,40.73,4321.0,99.99
2026-07-23,base1-2,42360,Holofoil,224.86,129.0,193.3,9999.0,173.86
2026-07-23,base1-4,42382,Holofoil,800.43,510.0,822.96,2571.35,544.99
2026-07-23,base1-58,42402,Normal,7.84,1.58,4.0,1000.0,2.19
2026-07-23,cel25c-4,250320,Holofoil,182.86,159.68,196.45,999.99,161.0
2026-07-23,gym2-2,83861,1st Edition Holofoil,699.99,696.69,1899.99,2140.0,
2026-07-23,gym2-2,83861,Unlimited Holofoil,573.82,438.7,599.99,1499.99,
2026-07-23,neo1-9,86903,1st Edition Holofoil,1299.96,7475.75,8000.0,10000.0,
2026-07-23,neo1-9,86903,Unlimited Holofoil,527.8,499.0,997.99,1500.0,
2026-07-23,sl-151-bundle,502000,Normal,179.2,170.0,215.0,20000.0,
2026-07-23,sl-151-etb,503313,Normal,619.14,595.0,679.99,2000.0,
2026-07-23,sl-151-upc,502005,Normal,929.09,870.0,1200.0,35000.0,
2026-07-23,sl-ar-box,265519,Normal,418.04,404.99,476.0,900.0,
2026-07-23,sl-base-box,185731,Normal,,100000.0,100000.0,100000.0,
2026-07-23,sl-bs-box,256141,Normal,631.89,595.5,655.0,5000.0,
2026-07-23,sl-cel-upc,245140,Normal,1306.64,1205.0,1599.99,200000.0,
2026-07-23,sl-champ-etb,218791,Normal,210.02,215.0,267.5,650.0,
2026-07-23,sl-cz-etb,453470,Normal,333.36,320.0,399.97,1000.0,
2026-07-23,sl-dr-box,624679,Normal,543.43,529.5,648.88,8498.0,
2026-07-23,sl-evs-box,242436,Normal,2601.09,2299.0,3000.0,12000.0,
2026-07-23,sl-evs-etb,243721,Normal,1022.5,1069.9,1147.5,3499.98,
2026-07-23,sl-fs-box,247654,Normal,1023.07,954.5,1250.0,6500.0,
2026-07-23,sl-hf-etb,194729,Normal,548.84,540.0,699.99,9999.98,
2026-07-23,sl-jp-151,565243,Normal,328.81,325.01,392.47,650.0,
2026-07-23,sl-jp-terastal,603428,Normal,122.63,99.99,149.99,299.95,
2026-07-23,sl-jt-box,610931,Normal,298.79,284.18,320.0,600.0,
2026-07-23,sl-lo-box,277324,Normal,742.15,713.99,899.95,2500.0,
2026-07-23,sl-me1-box,644298,Normal,324.9,314.81,342.95,999.99,
2026-07-23,sl-obf-box,501257,Normal,390.67,350.0,424.98,1000.0,
2026-07-23,sl-pe-etb,593355,Normal,165.6,159.99,200.0,2000.0,
2026-07-23,sl-pe-spc,622770,Normal,271.79,269.01,342.0,1999.99,
2026-07-23,sl-pf-etb,528040,Normal,478.18,464.0,554.85,800.0,
2026-07-23,sl-phf-box,654137,Normal,414.39,400.0,479.0,1000.0,
2026-07-23,sl-shf-etb,228821,Normal,149.16,138.0,179.97,500.0,
2026-07-23,sl-ss-box,565606,Normal,295.67,287.0,349.99,4999.99,
2026-07-23,sl-st-box,283389,Normal,538.19,519.0,563.63,1000.0,
2026-07-23,sl-tf-box,536225,Normal,318.24,302.0,339.99,800.0,
2026-07-23,sv2-185,497557,Normal,0.25,0.01,0.3,19.7,0.2
2026-07-23,sv2-185,497557,Reverse Holofoil,0.45,0.1,0.6,16.3,0.4
2026-07-23,sv2-254,497669,Holofoil,11.4,9.75,12.5,4321.0,13.13
2026-07-23,sv2-269,497689,Holofoil,62.31,54.26,69.99,526.14,71.9
2026-07-23,sv3pt5-151,516566,Holofoil,6.7,4.5,8.66,4321.0,7.3
2026-07-23,sv3pt5-199,517045,Holofoil,399.0,349.95,421.5,10000.0,349.99
2026-07-23,sv3pt5-205,517051,Holofoil,27.29,22.78,32.0,4321.0,33.5
2026-07-23,sv3pt5-4,502555,Normal,0.27,0.02,0.25,25.0,0.2
2026-07-23,sv3pt5-4,502555,Reverse Holofoil,0.37,0.13,0.4,18.48,0.36
2026-07-23,sv3pt5-6,502558,Holofoil,6.98,4.49,9.0,4321.0,7.0
2026-07-23,sv3pt5-7,502548,Normal,0.29,0.08,0.25,1000.0,0.22
2026-07-23,sv3pt5-7,502548,Reverse Holofoil,0.41,0.1,0.44,4321.0,0.4
2026-07-23,sv4pt5-234,535090,Holofoil,324.28,262.78,345.0,1621.4,346.42
2026-07-23,sv4pt5-54,534416,Holofoil,5.5,3.69,6.0,4321.0,6.89
2026-07-23,sv8-57,590025,Holofoil,4.0,2.0,4.58,4321.0,4.87
2026-07-23,sv8pt5-149,610504,Holofoil,304.61,253.13,319.83,2000.0,
2026-07-23,sv8pt5-155,610510,Holofoil,317.3,263.25,344.75,999.0,
2026-07-23,sv8pt5-156,610511,Holofoil,550.37,455.63,559.29,1997.02,608.97
2026-07-23,sv8pt5-161,610516,Holofoil,1508.69,1250.0,1652.59,3997.62,1649.88
2026-07-23,sv8pt5-167,610522,Holofoil,188.96,182.86,208.41,3009.8,199.99
2026-07-23,sv8pt5-179,610534,Holofoil,65.62,59.79,75.69,4321.0,
2026-07-23,sv8pt5-28,610383,Holofoil,2.74,1.2,2.63,4321.0,3.35
2026-07-23,sv8pt5-47,610402,Normal,0.14,0.01,0.15,999.0,0.04
2026-07-23,sv8pt5-47,610402,Reverse Holofoil,0.17,0.01,0.2,999.0,0.04
2026-07-23,sv8pt5-59,610414,Holofoil,0.59,0.05,0.48,4321.0,0.3
2026-07-23,sv8pt5-59,610414,Reverse Holofoil,0.51,0.1,0.54,999.0,
2026-07-23,sv8pt5-60,610415,Holofoil,8.15,5.0,8.85,5000.0,12.6
2026-07-23,svp-085,518861,Normal,1103.31,998.0,1244.97,6997.45,1244.97
2026-07-23,swsh11-186,284137,Holofoil,859.58,734.0,901.69,5000.0,874.95
2026-07-23,swsh12-186,451834,Holofoil,529.07,497.0,607.87,3759.23,569.99
2026-07-23,swsh12pt5gg-GG69,478100,Holofoil,383.68,312.71,407.83,4321.0,354.98
2026-07-23,swsh35-25,223018,Normal,0.18,0.01,0.2,19.98,
2026-07-23,swsh35-25,223018,Reverse Holofoil,0.15,0.1,0.28,19.98,
2026-07-23,swsh35-74,223073,Holofoil,233.14,154.93,268.16,1500.0,266.32
2026-07-23,swsh45sv-SV107,232496,Holofoil,144.19,126.23,169.48,720.95,155.24
2026-07-23,swsh7-204,246693,Holofoil,41.9,32.5,46.75,289.9,53.29
2026-07-23,swsh7-205,246696,Holofoil,416.91,321.92,448.18,1499.99,479.99
2026-07-23,swsh7-208,246755,Holofoil,37.86,36.0,42.02,273.08,40.0
2026-07-23,swsh7-209,246756,Holofoil,302.44,299.95,360.0,1247.35,323.99
2026-07-23,swsh7-211,246702,Holofoil,59.3,47.0,59.99,450.0,64.99
2026-07-23,swsh7-212,246704,Holofoil,406.71,393.69,425.0,4249.73,397.98
2026-07-23,swsh7-215,246723,Holofoil,2137.76,1900.99,2500.0,6000.0,2455.0
2026-07-23,swsh7-218,246733,Holofoil,1249.89,1249.99,1450.0,3499.99,1349.97
2026-07-23,swsh7-41,246753,Holofoil,7.42,6.5,8.56,39.99,10.0
2026-07-23,swsh7-65,246690,Holofoil,15.16,11.0,16.43,500.0,22.98
2026-07-23,swsh7-75,246701,Holofoil,18.8,16.0,20.0,4321.0,24.49
2026-07-23,swsh7-8,246691,Holofoil,10.67,8.51,11.77,100.0,13.79
2026-07-23,swsh8-271,253266,Holofoil,1027.82,808.69,1149.99,2749.99,1199.67
2026-07-23,swsh9-154,263873,Holofoil,334.37,272.8,366.6,4321.0,299.99
2026-07-24,base1-15,42355,Holofoil,168.81,98.0,129.99,1084.2,235.97
2026-07-24,base1-16,42356,Holofoil,53.63,26.31,40.09,128.2,99.99
2026-07-24,base1-2,42360,Holofoil,224.86,126.67,189.84,9999.0,164.16
2026-07-24,base1-4,42382,Holofoil,800.43,510.0,917.11,2571.35,617.12
2026-07-24,base1-58,42402,Normal,7.79,1.58,4.09,1000.0,3.15
2026-07-24,cel25c-4,250320,Holofoil,182.51,159.68,196.45,999.99,161.41
2026-07-24,gym2-2,83861,1st Edition Holofoil,699.99,696.69,1899.99,2140.0,
2026-07-24,gym2-2,83861,Unlimited Holofoil,573.82,437.7,534.91,1499.99,
2026-07-24,neo1-9,86903,1st Edition Holofoil,1299.96,7475.75,8000.0,10000.0,
2026-07-24,neo1-9,86903,Unlimited Holofoil,527.8,499.0,997.99,1500.0,
2026-07-24,sl-151-bundle,502000,Normal,177.45,170.0,214.99,20000.0,
2026-07-24,sl-151-etb,503313,Normal,618.7,595.0,677.5,2000.0,
2026-07-24,sl-151-upc,502005,Normal,929.09,870.0,1200.0,35000.0,
2026-07-24,sl-ar-box,265519,Normal,418.37,408.0,478.62,900.0,
2026-07-24,sl-base-box,185731,Normal,,100000.0,100000.0,100000.0,
2026-07-24,sl-bs-box,256141,Normal,631.89,588.0,655.0,5000.0,
2026-07-24,sl-cel-upc,245140,Normal,1303.04,1225.0,1599.99,200000.0,
2026-07-24,sl-champ-etb,218791,Normal,210.02,215.0,259.99,650.0,
2026-07-24,sl-cz-etb,453470,Normal,333.36,320.0,399.97,1000.0,
2026-07-24,sl-dr-box,624679,Normal,539.49,539.94,645.0,8498.0,
2026-07-24,sl-evs-box,242436,Normal,2601.09,2299.0,3000.0,12000.0,
2026-07-24,sl-evs-etb,243721,Normal,1022.5,1069.9,1147.5,3499.98,
2026-07-24,sl-fs-box,247654,Normal,1010.13,979.99,1274.5,6500.0,
2026-07-24,sl-hf-etb,194729,Normal,548.44,554.97,700.0,9999.98,
2026-07-24,sl-jp-151,565243,Normal,329.01,325.01,392.47,650.0,
2026-07-24,sl-jp-terastal,603428,Normal,123.71,99.99,147.0,299.95,
2026-07-24,sl-jt-box,610931,Normal,297.73,285.0,322.48,600.0,
2026-07-24,sl-lo-box,277324,Normal,742.15,708.0,889.48,2500.0,
2026-07-24,sl-me1-box,644298,Normal,324.3,314.81,342.26,999.99,
2026-07-24,sl-obf-box,501257,Normal,390.67,350.0,422.49,1000.0,
2026-07-24,sl-pe-etb,593355,Normal,165.03,154.01,200.0,2000.0,
2026-07-24,sl-pe-spc,622770,Normal,270.66,263.49,339.99,1999.99,
2026-07-24,sl-pf-etb,528040,Normal,478.18,460.0,549.69,800.0,
2026-07-24,sl-phf-box,654137,Normal,428.22,400.0,474.99,1000.0,
2026-07-24,sl-shf-etb,228821,Normal,149.09,138.0,179.98,500.0,
2026-07-24,sl-ss-box,565606,Normal,298.58,293.76,350.0,4999.99,
2026-07-24,sl-st-box,283389,Normal,536.47,505.01,558.5,1000.0,
2026-07-24,sl-tf-box,536225,Normal,317.21,302.0,339.99,800.0,
2026-07-24,sv2-185,497557,Normal,0.25,0.01,0.3,19.7,0.2
2026-07-24,sv2-185,497557,Reverse Holofoil,0.42,0.1,0.6,16.26,0.49
2026-07-24,sv2-254,497669,Holofoil,11.38,9.75,12.45,111.92,13.12
2026-07-24,sv2-269,497689,Holofoil,61.96,54.26,69.03,526.14,70.76
2026-07-24,sv3pt5-151,516566,Holofoil,6.83,4.5,8.51,5401.25,7.42
2026-07-24,sv3pt5-199,517045,Holofoil,399.43,349.99,419.98,10000.0,349.99
2026-07-24,sv3pt5-205,517051,Holofoil,28.66,22.78,32.0,131.15,24.15
2026-07-24,sv3pt5-4,502555,Normal,0.27,0.02,0.25,25.0,0.22
2026-07-24,sv3pt5-4,502555,Reverse Holofoil,0.36,0.13,0.4,18.44,0.4
2026-07-24,sv3pt5-6,502558,Holofoil,6.95,4.49,8.89,5401.25,9.19
2026-07-24,sv3pt5-7,502548,Normal,0.29,0.05,0.26,1000.0,0.22
2026-07-24,sv3pt5-7,502548,Reverse Holofoil,0.41,0.1,0.41,50.0,0.4
2026-07-24,sv4pt5-234,535090,Holofoil,322.68,264.0,342.75,1613.4,346.42
2026-07-24,sv4pt5-54,534416,Holofoil,5.47,3.69,6.0,60.0,6.99
2026-07-24,sv8-57,590025,Holofoil,3.99,2.0,4.6,96.95,4.86
2026-07-24,sv8pt5-149,610504,Holofoil,307.01,253.13,319.9,2000.0,
2026-07-24,sv8pt5-155,610510,Holofoil,316.86,263.25,336.95,999.0,
2026-07-24,sv8pt5-156,610511,Holofoil,550.37,455.63,556.09,1996.98,605.41
2026-07-24,sv8pt5-161,610516,Holofoil,1508.69,1250.0,1655.17,3997.58,1649.88
2026-07-24,sv8pt5-167,610522,Holofoil,189.44,182.86,207.9,3009.8,199.99
2026-07-24,sv8pt5-179,610534,Holofoil,64.36,59.79,74.88,999.0,
2026-07-24,sv8pt5-28,610383,Holofoil,2.76,1.2,2.74,999.0,3.26
2026-07-24,sv8pt5-47,610402,Normal,0.14,0.01,0.15,999.0,0.03
2026-07-24,sv8pt5-47,610402,Reverse Holofoil,0.17,0.01,0.2,999.0,0.04
2026-07-24,sv8pt5-59,610414,Holofoil,0.52,0.05,0.49,999.0,0.71
2026-07-24,sv8pt5-59,610414,Reverse Holofoil,0.53,0.1,0.53,999.0,
2026-07-24,sv8pt5-60,610415,Holofoil,7.65,5.0,8.65,5000.0,12.51
2026-07-24,svp-085,518861,Normal,1103.31,976.0,1244.97,6997.41,1244.97
2026-07-24,swsh11-186,284137,Holofoil,859.58,734.0,901.69,5000.0,874.95
2026-07-24,swsh12-186,451834,Holofoil,529.26,497.0,614.99,3759.19,569.99
2026-07-24,swsh12pt5gg-GG69,478100,Holofoil,380.66,312.71,406.7,1864.98,379.99
2026-07-24,swsh35-25,223018,Normal,0.18,0.01,0.2,19.98,
2026-07-24,swsh35-25,223018,Reverse Holofoil,0.17,0.1,0.28,19.98,
2026-07-24,swsh35-74,223073,Holofoil,233.14,142.79,268.16,1500.0,266.32
2026-07-24,swsh45sv-SV107,232496,Holofoil,144.19,126.23,168.3,720.95,155.24
2026-07-24,swsh7-204,246693,Holofoil,41.9,32.5,45.63,289.9,53.29
2026-07-24,swsh7-205,246696,Holofoil,416.91,321.92,430.8,1499.99,479.99
2026-07-24,swsh7-208,246755,Holofoil,37.86,36.0,42.0,273.08,40.0
2026-07-24,swsh7-209,246756,Holofoil,302.44,299.95,351.39,1256.35,323.99
2026-07-24,swsh7-211,246702,Holofoil,59.1,47.0,60.0,450.0,64.98
2026-07-24,swsh7-212,246704,Holofoil,406.71,379.99,413.5,4249.73,396.98
2026-07-24,swsh7-215,246723,Holofoil,2396.28,1924.0,2500.0,6000.0,2455.0
2026-07-24,swsh7-218,246733,Holofoil,1249.89,1249.99,1400.0,3499.99,1349.95
2026-07-24,swsh7-41,246753,Holofoil,7.85,5.82,8.58,39.99,10.4
2026-07-24,swsh7-65,246690,Holofoil,14.89,11.0,16.29,500.0,22.87
2026-07-24,swsh7-75,246701,Holofoil,18.74,15.55,20.0,141.86,19.99
2026-07-24,swsh7-8,246691,Holofoil,10.79,7.64,11.81,100.0,7.64
2026-07-24,swsh8-271,253266,Holofoil,1027.82,808.69,1149.99,2749.99,1199.67
2026-07-24,swsh9-154,263873,Holofoil,334.37,274.29,359.99,1500.0,299.99
2026-07-25,base1-15,42355,Holofoil,164.29,98.0,137.45,1084.18,115.74
2026-07-25,base1-16,42356,Holofoil,53.63,26.31,39.0,128.16,99.99
2026-07-25,base1-2,42360,Holofoil,224.86,126.67,190.8,9999.0,162.52
2026-07-25,base1-4,42382,Holofoil,800.43,510.0,918.8,2550.35,612.08
2026-07-25,base1-58,42402,Normal,7.36,1.58,4.07,1000.0,3.1
2026-07-25,cel25c-4,250320,Holofoil,182.51,159.68,195.99,999.99,161.41
2026-07-25,gym2-2,83861,1st Edition Holofoil,699.99,696.69,1899.99,2140.0,
2026-07-25,gym2-2,83861,Unlimited Holofoil,579.7,437.99,469.82,1499.99,
2026-07-25,neo1-9,86903,1st Edition Holofoil,1299.96,7475.75,8000.0,10000.0,
2026-07-25,neo1-9,86903,Unlimited Holofoil,527.8,499.0,997.99,1500.0,
2026-07-25,sl-151-bundle,502000,Normal,180.42,170.0,215.64,20000.0,
2026-07-25,sl-151-etb,503313,Normal,618.7,595.0,675.0,2000.0,
2026-07-25,sl-151-upc,502005,Normal,922.15,929.0,1218.71,35000.0,
2026-07-25,sl-ar-box,265519,Normal,418.5,419.99,478.62,900.0,
2026-07-25,sl-base-box,185731,Normal,,100000.0,100000.0,100000.0,
2026-07-25,sl-bs-box,256141,Normal,631.89,585.01,655.0,5000.0,
2026-07-25,sl-cel-upc,245140,Normal,1303.04,1225.0,1599.99,200000.0,
2026-07-25,sl-champ-etb,218791,Normal,210.02,215.0,259.99,650.0,
2026-07-25,sl-cz-etb,453470,Normal,332.5,320.0,399.98,1000.0,
2026-07-25,sl-dr-box,624679,Normal,540.84,539.95,649.99,8498.0,
2026-07-25,sl-evs-box,242436,Normal,2601.09,2299.0,3000.0,12000.0,
2026-07-25,sl-evs-etb,243721,Normal,1025.43,1069.9,1194.99,3499.98,
2026-07-25,sl-fs-box,247654,Normal,1010.13,979.99,1299.0,6500.0,
2026-07-25,sl-hf-etb,194729,Normal,548.44,554.97,700.0,9999.98,
2026-07-25,sl-jp-151,565243,Normal,329.01,325.0,392.47,650.0,
2026-07-25,sl-jp-terastal,603428,Normal,127.23,99.99,145.0,299.95,
2026-07-25,sl-jt-box,610931,Normal,297.26,285.0,324.95,600.0,
2026-07-25,sl-lo-box,277324,Normal,736.07,720.0,923.99,2500.0,
2026-07-25,sl-me1-box,644298,Normal,323.25,314.81,344.5,999.99,
2026-07-25,sl-obf-box,501257,Normal,388.89,370.1,424.98,1000.0,
2026-07-25,sl-pe-etb,593355,Normal,164.71,155.0,200.0,2000.0,
2026-07-25,sl-pe-spc,622770,Normal,271.33,267.01,339.99,1999.99,
2026-07-25,sl-pf-etb,528040,Normal,478.18,460.0,529.35,800.0,
2026-07-25,sl-phf-box,654137,Normal,427.86,400.0,474.99,1000.0,
2026-07-25,sl-shf-etb,228821,Normal,148.53,138.0,179.99,500.0,
2026-07-25,sl-ss-box,565606,Normal,299.74,295.0,350.0,4999.99,
2026-07-25,sl-st-box,283389,Normal,533.41,505.01,562.0,1000.0,
2026-07-25,sl-tf-box,536225,Normal,317.21,302.0,339.99,800.0,
2026-07-25,sv2-185,497557,Normal,0.26,0.01,0.3,19.7,0.19
2026-07-25,sv2-185,497557,Reverse Holofoil,0.41,0.17,0.6,16.22,0.4
2026-07-25,sv2-254,497669,Holofoil,11.36,9.75,12.49,111.92,14.09
2026-07-25,sv2-269,497689,Holofoil,61.96,54.26,68.99,526.14,69.99
2026-07-25,sv3pt5-151,516566,Holofoil,6.92,4.5,8.69,5401.25,8.44
2026-07-25,sv3pt5-199,517045,Holofoil,394.11,331.99,420.0,10000.0,331.99
2026-07-25,sv3pt5-205,517051,Holofoil,28.93,22.78,32.95,129.99,28.64
2026-07-25,sv3pt5-4,502555,Normal,0.26,0.02,0.25,25.0,0.23
2026-07-25,sv3pt5-4,502555,Reverse Holofoil,0.39,0.13,0.4,18.4,0.43
2026-07-25,sv3pt5-6,502558,Holofoil,7.24,4.49,8.94,5401.25,7.75
2026-07-25,sv3pt5-7,502548,Normal,0.28,0.08,0.26,1000.0,0.22
2026-07-25,sv3pt5-7,502548,Reverse Holofoil,0.38,0.1,0.41,50.0,0.4
2026-07-25,sv4pt5-234,535090,Holofoil,321.08,260.0,337.98,1605.4,337.98
2026-07-25,sv4pt5-54,534416,Holofoil,5.56,3.69,5.99,60.0,7.35
2026-07-25,sv8-57,590025,Holofoil,4.2,2.0,4.55,96.95,5.0
2026-07-25,sv8pt5-149,610504,Holofoil,304.89,253.13,322.36,2000.0,
2026-07-25,sv8pt5-155,610510,Holofoil,315.37,263.25,329.05,999.0,
2026-07-25,sv8pt5-156,610511,Holofoil,551.12,455.63,554.97,1996.94,605.41
2026-07-25,sv8pt5-161,610516,Holofoil,1506.09,1250.0,1652.59,3997.54,1649.9
2026-07-25,sv8pt5-167,610522,Holofoil,192.64,185.0,211.09,3009.8,
2026-07-25,sv8pt5-179,610534,Holofoil,63.99,59.79,73.9,999.0,65.66
2026-07-25,sv8pt5-28,610383,Holofoil,2.8,1.2,2.75,999.0,4.99
2026-07-25,sv8pt5-47,610402,Normal,0.13,0.01,0.15,999.0,0.03
2026-07-25,sv8pt5-47,610402,Reverse Holofoil,0.16,0.01,0.2,999.0,0.04
2026-07-25,sv8pt5-59,610414,Holofoil,0.44,0.05,0.46,999.0,0.4
2026-07-25,sv8pt5-59,610414,Reverse Holofoil,0.54,0.1,0.53,999.0,
2026-07-25,sv8pt5-60,610415,Holofoil,8.0,5.0,8.7,5000.0,12.66
2026-07-25,svp-085,518861,Normal,1099.27,1047.98,1247.49,6997.37,1244.97
2026-07-25,swsh11-186,284137,Holofoil,859.58,734.0,874.99,5000.0,874.94
2026-07-25,swsh12-186,451834,Holofoil,529.26,497.0,600.5,3759.15,569.99
2026-07-25,swsh12pt5gg-GG69,478100,Holofoil,380.0,312.71,399.5,1864.98,379.98
2026-07-25,swsh35-25,223018,Normal,0.18,0.01,0.2,19.98,0.01
2026-07-25,swsh35-25,223018,Reverse Holofoil,0.17,0.1,0.28,19.98,
2026-07-25,swsh35-74,223073,Holofoil,233.14,204.99,272.5,1500.0,266.32
2026-07-25,swsh45sv-SV107,232496,Holofoil,144.19,124.45,168.7,720.95,155.24
2026-07-25,swsh7-204,246693,Holofoil,41.91,32.5,45.63,289.9,53.29
2026-07-25,swsh7-205,246696,Holofoil,416.91,300.19,422.07,1499.99,479.99
2026-07-25,swsh7-208,246755,Holofoil,37.86,36.0,43.15,273.08,44.99
2026-07-25,swsh7-209,246756,Holofoil,302.44,272.98,349.79,1256.35,323.99
2026-07-25,swsh7-211,246702,Holofoil,58.41,47.0,60.0,450.0,64.98
2026-07-25,swsh7-212,246704,Holofoil,406.71,345.7,409.99,4249.73,396.98
2026-07-25,swsh7-215,246723,Holofoil,2396.28,1998.67,2500.0,6000.0,2455.0
2026-07-25,swsh7-218,246733,Holofoil,1249.89,1249.99,1400.0,3499.99,1349.89
2026-07-25,swsh7-41,246753,Holofoil,7.99,5.82,8.69,39.99,12.92
2026-07-25,swsh7-65,246690,Holofoil,14.23,10.0,16.12,500.0,13.49
2026-07-25,swsh7-75,246701,Holofoil,18.96,15.55,20.0,141.86,19.99
2026-07-25,swsh7-8,246691,Holofoil,10.57,7.64,11.77,100.0,7.64
2026-07-25,swsh8-271,253266,Holofoil,1027.82,808.69,1149.99,2749.99,1199.67
2026-07-25,swsh9-154,263873,Holofoil,334.37,275.0,354.45,1500.0,299.99
2026-07-26,base1-15,42355,Holofoil,164.29,98.0,129.99,1084.12,115.74
2026-07-26,base1-16,42356,Holofoil,55.8,28.3,40.18,128.1,99.99
2026-07-26,base1-2,42360,Holofoil,224.86,125.0,189.99,9999.0,162.11
2026-07-26,base1-4,42382,Holofoil,800.43,510.0,919.99,2550.35,612.06
2026-07-26,base1-58,42402,Normal,7.49,1.49,4.09,1000.0,1.67
2026-07-26,cel25c-4,250320,Holofoil,180.49,143.1,195.0,999.99,159.64
2026-07-26,gym2-2,83861,1st Edition Holofoil,699.99,696.69,1899.99,2140.0,
2026-07-26,gym2-2,83861,Unlimited Holofoil,579.7,437.99,469.82,1499.99,
2026-07-26,neo1-9,86903,1st Edition Holofoil,1299.96,7475.75,8000.0,10000.0,
2026-07-26,neo1-9,86903,Unlimited Holofoil,527.8,499.0,997.99,1500.0,
2026-07-26,sl-151-bundle,502000,Normal,180.36,170.0,211.75,20000.0,
2026-07-26,sl-151-etb,503313,Normal,616.78,595.0,677.5,2000.0,
2026-07-26,sl-151-upc,502005,Normal,919.15,900.0,1199.99,35000.0,
2026-07-26,sl-ar-box,265519,Normal,420.7,419.99,475.0,900.0,
2026-07-26,sl-base-box,185731,Normal,,100000.0,100000.0,100000.0,
2026-07-26,sl-bs-box,256141,Normal,631.89,582.01,655.0,5000.0,
2026-07-26,sl-cel-upc,245140,Normal,1299.19,1259.99,1599.99,200000.0,
2026-07-26,sl-champ-etb,218791,Normal,210.34,215.0,259.99,650.0,
2026-07-26,sl-cz-etb,453470,Normal,331.15,320.0,399.97,1000.0,
2026-07-26,sl-dr-box,624679,Normal,542.64,520.0,649.99,8498.0,
2026-07-26,sl-evs-box,242436,Normal,2529.84,2299.0,2975.0,12000.0,
2026-07-26,sl-evs-etb,243721,Normal,1028.11,1069.9,1100.0,3200.0,
2026-07-26,sl-fs-box,247654,Normal,985.77,979.99,1250.0,6500.0,
2026-07-26,sl-hf-etb,194729,Normal,549.12,565.0,700.0,9999.98,
2026-07-26,sl-jp-151,565243,Normal,329.01,325.0,389.98,650.0,
2026-07-26,sl-jp-terastal,603428,Normal,129.43,99.99,145.0,299.95,
2026-07-26,sl-jt-box,610931,Normal,297.26,285.0,322.48,600.0,
2026-07-26,sl-lo-box,277324,Normal,732.87,720.0,929.49,2500.0,
2026-07-26,sl-me1-box,644298,Normal,322.45,323.99,344.5,999.99,
2026-07-26,sl-obf-box,501257,Normal,385.12,355.0,424.98,1000.0,
2026-07-26,sl-pe-etb,593355,Normal,168.6,160.99,200.0,1719.5,
2026-07-26,sl-pe-spc,622770,Normal,265.62,241.99,333.37,1999.99,
2026-07-26,sl-pf-etb,528040,Normal,478.37,453.0,509.0,800.0,
2026-07-26,sl-phf-box,654137,Normal,428.74,399.99,474.1,1000.0,
2026-07-26,sl-shf-etb,228821,Normal,148.29,138.0,179.97,500.0,
2026-07-26,sl-ss-box,565606,Normal,301.29,290.0,350.0,4999.99,
2026-07-26,sl-st-box,283389,Normal,532.21,505.01,558.5,1000.0,
2026-07-26,sl-tf-box,536225,Normal,315.45,300.0,339.99,800.0,
2026-07-26,sv2-185,497557,Normal,0.25,0.01,0.3,19.7,0.2
2026-07-26,sv2-185,497557,Reverse Holofoil,0.43,0.17,0.6,16.16,0.49
2026-07-26,sv2-254,497669,Holofoil,11.56,8.65,12.47,111.92,14.69
2026-07-26,sv2-269,497689,Holofoil,61.95,54.26,69.13,526.14,69.99
2026-07-26,sv3pt5-151,516566,Holofoil,7.29,4.5,8.6,100.0,7.25
2026-07-26,sv3pt5-199,517045,Holofoil,384.16,347.8,415.42,10000.0,349.99
2026-07-26,sv3pt5-205,517051,Holofoil,28.02,22.2,32.86,129.99,28.3
2026-07-26,sv3pt5-4,502555,Normal,0.23,0.02,0.25,25.0,0.24
2026-07-26,sv3pt5-4,502555,Reverse Holofoil,0.39,0.13,0.4,18.34,0.53
2026-07-26,sv3pt5-6,502558,Holofoil,7.84,4.49,8.94,5401.25,9.99
2026-07-26,sv3pt5-7,502548,Normal,0.25,0.08,0.25,1000.0,
2026-07-26,sv3pt5-7,502548,Reverse Holofoil,0.4,0.09,0.4,50.0,0.4
2026-07-26,sv4pt5-234,535090,Holofoil,319.42,260.0,336.48,1597.1,337.98
2026-07-26,sv4pt5-54,534416,Holofoil,5.13,3.69,6.0,60.0,6.0
2026-07-26,sv8-57,590025,Holofoil,4.15,2.0,4.57,96.95,4.62
2026-07-26,sv8pt5-149,610504,Holofoil,303.46,253.13,324.65,2000.0,
2026-07-26,sv8pt5-155,610510,Holofoil,311.26,263.25,341.27,999.0,
2026-07-26,sv8pt5-156,610511,Holofoil,551.2,455.63,586.99,1996.88,606.32
2026-07-26,sv8pt5-161,610516,Holofoil,1509.18,1250.0,1655.17,3997.48,1649.9
2026-07-26,sv8pt5-167,610522,Holofoil,192.32,179.99,215.0,3009.8,
2026-07-26,sv8pt5-179,610534,Holofoil,63.55,59.79,74.39,999.0,
2026-07-26,sv8pt5-28,610383,Holofoil,2.69,1.2,2.8,999.0,
2026-07-26,sv8pt5-47,610402,Normal,0.15,0.01,0.15,999.0,0.04
2026-07-26,sv8pt5-47,610402,Reverse Holofoil,0.17,0.01,0.2,999.0,0.1
2026-07-26,sv8pt5-59,610414,Holofoil,0.4,0.05,0.45,999.0,0.5
2026-07-26,sv8pt5-59,610414,Reverse Holofoil,0.52,0.1,0.53,999.0,
2026-07-26,sv8pt5-60,610415,Holofoil,7.69,5.0,8.74,5000.0,9.57
2026-07-26,svp-085,518861,Normal,1099.62,1047.98,1250.0,6997.31,1244.97
2026-07-26,swsh11-186,284137,Holofoil,859.58,734.0,874.94,5000.0,874.93
2026-07-26,swsh12-186,451834,Holofoil,530.26,496.99,600.75,3759.09,569.99
2026-07-26,swsh12pt5gg-GG69,478100,Holofoil,378.77,312.71,399.0,1864.98,379.95
2026-07-26,swsh35-25,223018,Normal,0.19,0.01,0.2,19.98,
2026-07-26,swsh35-25,223018,Reverse Holofoil,0.18,0.1,0.28,19.98,
2026-07-26,swsh35-74,223073,Holofoil,233.14,204.99,261.39,1500.0,266.32
2026-07-26,swsh45sv-SV107,232496,Holofoil,144.19,124.45,163.93,349.95,155.24
2026-07-26,swsh7-204,246693,Holofoil,41.91,32.5,45.63,289.9,53.29
2026-07-26,swsh7-205,246696,Holofoil,416.91,321.91,420.3,1499.99,479.99
2026-07-26,swsh7-208,246755,Holofoil,37.86,36.0,41.99,273.08,44.99
2026-07-26,swsh7-209,246756,Holofoil,302.44,299.95,349.89,1264.1,323.99
2026-07-26,swsh7-211,246702,Holofoil,58.41,47.0,59.99,450.0,64.97
2026-07-26,swsh7-212,246704,Holofoil,407.01,346.0,409.99,4249.73,396.98
2026-07-26,swsh7-215,246723,Holofoil,2396.28,1998.67,2500.0,6000.0,2455.0
2026-07-26,swsh7-218,246733,Holofoil,1249.89,1249.99,1349.99,3499.99,1349.79
2026-07-26,swsh7-41,246753,Holofoil,8.14,5.82,8.77,41.0,13.22
2026-07-26,swsh7-65,246690,Holofoil,13.4,9.89,15.95,500.0,17.67
2026-07-26,swsh7-75,246701,Holofoil,19.34,15.0,20.0,141.86,25.68
2026-07-26,swsh7-8,246691,Holofoil,10.48,8.51,11.59,100.0,13.97
2026-07-26,swsh8-271,253266,Holofoil,1032.78,808.69,1149.99,2749.99,1179.97
2026-07-26,swsh9-154,263873,Holofoil,334.37,275.0,351.09,1500.0,299.99
2026-07-27,base1-15,42355,Holofoil,168.68,98.0,129.99,1084.1,115.74
2026-07-27,base1-16,42356,Holofoil,55.8,28.3,40.73,128.08,99.99
2026-07-27,base1-2,42360,Holofoil,224.86,125.0,191.61,9999.0,169.8
2026-07-27,base1-4,42382,Holofoil,800.43,510.0,919.99,2550.35,612.06
2026-07-27,base1-58,42402,Normal,7.42,1.49,4.09,1000.0,3.1
2026-07-27,cel25c-4,250320,Holofoil,180.49,143.09,195.0,999.99,159.64
2026-07-27,gym2-2,83861,1st Edition Holofoil,699.99,696.69,2099.99,2140.0,
2026-07-27,gym2-2,83861,Unlimited Holofoil,579.7,437.99,469.82,1499.99,
2026-07-27,neo1-9,86903,1st Edition Holofoil,1299.96,7475.75,8000.0,10000.0,
2026-07-27,neo1-9,86903,Unlimited Holofoil,527.8,499.0,997.99,1500.0,
2026-07-27,sl-151-bundle,502000,Normal,178.36,175.0,213.0,20000.0,
2026-07-27,sl-151-etb,503313,Normal,616.78,595.0,679.99,2000.0,
2026-07-27,sl-151-upc,502005,Normal,920.39,929.0,1200.0,35000.0,
2026-07-27,sl-ar-box,265519,Normal,420.7,419.99,475.0,900.0,
2026-07-27,sl-base-box,185731,Normal,,100000.0,100000.0,100000.0,
2026-07-27,sl-bs-box,256141,Normal,631.89,582.01,655.0,5000.0,
2026-07-27,sl-cel-upc,245140,Normal,1299.19,1259.99,1699.99,200000.0,
2026-07-27,sl-champ-etb,218791,Normal,211.14,215.0,267.5,650.0,
2026-07-27,sl-cz-etb,453470,Normal,331.15,320.0,399.97,1000.0,
2026-07-27,sl-dr-box,624679,Normal,542.64,520.0,649.44,8498.0,
2026-07-27,sl-evs-box,242436,Normal,2529.84,2299.0,2975.0,12000.0,
2026-07-27,sl-evs-etb,243721,Normal,1028.11,1069.9,1100.0,3200.0,
2026-07-27,sl-fs-box,247654,Normal,985.77,979.99,1250.0,6500.0,
2026-07-27,sl-hf-etb,194729,Normal,549.12,570.0,700.0,9999.98,
2026-07-27,sl-jp-151,565243,Normal,329.01,325.0,384.99,650.0,
2026-07-27,sl-jp-terastal,603428,Normal,129.43,99.99,145.0,299.95,
2026-07-27,sl-jt-box,610931,Normal,297.26,285.0,322.48,600.0,
2026-07-27,sl-lo-box,277324,Normal,732.87,720.0,911.97,2500.0,
2026-07-27,sl-me1-box,644298,Normal,322.45,323.99,345.0,999.99,
2026-07-27,sl-obf-box,501257,Normal,383.1,355.0,424.98,1000.0,
2026-07-27,sl-pe-etb,593355,Normal,168.84,160.99,200.0,1719.5,
2026-07-27,sl-pe-spc,622770,Normal,264.54,259.99,335.99,1999.99,
2026-07-27,sl-pf-etb,528040,Normal,478.37,453.0,509.0,800.0,
2026-07-27,sl-phf-box,654137,Normal,427.69,400.0,474.1,1000.0,
2026-07-27,sl-shf-etb,228821,Normal,148.29,138.0,177.49,500.0,
2026-07-27,sl-ss-box,565606,Normal,300.45,295.0,350.0,4999.99,
2026-07-27,sl-st-box,283389,Normal,532.21,505.01,558.5,1000.0,
2026-07-27,sl-tf-box,536225,Normal,315.45,300.0,339.99,800.0,
2026-07-27,sv2-185,497557,Normal,0.29,0.01,0.3,19.7,0.2
2026-07-27,sv2-185,497557,Reverse Holofoil,0.43,0.17,0.6,16.14,0.47
2026-07-27,sv2-254,497669,Holofoil,11.8,8.65,12.5,111.92,13.29
2026-07-27,sv2-269,497689,Holofoil,61.95,55.34,69.27,526.14,69.99
2026-07-27,sv3pt5-151,516566,Holofoil,6.96,4.5,8.63,100.0,8.02
2026-07-27,sv3pt5-199,517045,Holofoil,383.64,346.18,414.98,10000.0,346.18
2026-07-27,sv3pt5-205,517051,Holofoil,27.82,22.2,32.29,129.99,27.64
2026-07-27,sv3pt5-4,502555,Normal,0.22,0.02,0.25,25.0,0.24
2026-07-27,sv3pt5-4,502555,Reverse Holofoil,0.39,0.13,0.4,18.32,0.56
2026-07-27,sv3pt5-6,502558,Holofoil,7.59,4.49,9.02,5401.25,9.03
2026-07-27,sv3pt5-7,502548,Normal,0.23,0.08,0.25,1000.0,
2026-07-27,sv3pt5-7,502548,Reverse Holofoil,0.4,0.09,0.4,50.0,0.4
2026-07-27,sv4pt5-234,535090,Holofoil,319.42,264.27,335.39,1597.1,286.99
2026-07-27,sv4pt5-54,534416,Holofoil,5.14,3.69,5.95,60.0,5.0
2026-07-27,sv8-57,590025,Holofoil,4.06,2.0,4.57,96.95,4.99
2026-07-27,sv8pt5-149,610504,Holofoil,303.48,253.13,324.65,2000.0,
2026-07-27,sv8pt5-155,610510,Holofoil,310.66,263.25,339.67,999.0,
2026-07-27,sv8pt5-156,610511,Holofoil,551.2,455.63,586.99,1996.86,606.32
2026-07-27,sv8pt5-161,610516,Holofoil,1509.18,1250.0,1652.59,3997.46,1649.9
2026-07-27,sv8pt5-167,610522,Holofoil,192.32,179.99,213.98,3009.8,
2026-07-27,sv8pt5-179,610534,Holofoil,63.9,59.79,73.31,999.0,
2026-07-27,sv8pt5-28,610383,Holofoil,2.58,1.2,2.78,999.0,
2026-07-27,sv8pt5-47,610402,Normal,0.14,0.01,0.15,999.0,0.05
2026-07-27,sv8pt5-47,610402,Reverse Holofoil,0.17,0.01,0.2,999.0,0.1
2026-07-27,sv8pt5-59,610414,Holofoil,0.48,0.05,0.45,999.0,0.5
2026-07-27,sv8pt5-59,610414,Reverse Holofoil,0.46,0.1,0.53,999.0,
2026-07-27,sv8pt5-60,610415,Holofoil,7.46,5.0,8.63,5000.0,7.49
2026-07-27,svp-085,518861,Normal,1099.62,1039.78,1244.97,6997.29,1244.97
2026-07-27,swsh11-186,284137,Holofoil,859.58,734.0,874.95,5000.0,874.94
2026-07-27,swsh12-186,451834,Holofoil,530.26,496.99,600.75,3759.07,569.99
2026-07-27,swsh12pt5gg-GG69,478100,Holofoil,377.35,309.32,400.0,1864.98,379.96
2026-07-27,swsh35-25,223018,Normal,0.19,0.01,0.2,19.98,
2026-07-27,swsh35-25,223018,Reverse Holofoil,0.18,0.1,0.28,19.98,
2026-07-27,swsh35-74,223073,Holofoil,233.14,204.99,261.39,1500.0,266.32
2026-07-27,swsh45sv-SV107,232496,Holofoil,144.19,124.45,164.43,349.95,155.24
2026-07-27,swsh7-204,246693,Holofoil,41.91,32.5,43.82,289.9,53.29
2026-07-27,swsh7-205,246696,Holofoil,416.76,300.19,422.07,1499.99,479.99
2026-07-27,swsh7-208,246755,Holofoil,37.86,36.0,41.99,273.08,44.99
2026-07-27,swsh7-209,246756,Holofoil,302.44,299.95,349.89,1264.1,323.99
2026-07-27,swsh7-211,246702,Holofoil,58.41,47.0,59.99,450.0,64.96
2026-07-27,swsh7-212,246704,Holofoil,407.01,346.0,411.75,4249.73,377.98
2026-07-27,swsh7-215,246723,Holofoil,2404.28,1998.67,2500.0,6000.0,2455.0
2026-07-27,swsh7-218,246733,Holofoil,1233.94,1249.99,1401.0,3499.99,1349.97
2026-07-27,swsh7-41,246753,Holofoil,8.12,6.0,8.79,41.0,13.43
2026-07-27,swsh7-65,246690,Holofoil,13.42,9.88,15.87,500.0,15.41
2026-07-27,swsh7-75,246701,Holofoil,19.31,15.0,20.0,141.86,18.25
2026-07-27,swsh7-8,246691,Holofoil,10.54,8.51,11.67,100.0,13.97
2026-07-27,swsh8-271,253266,Holofoil,1032.78,808.69,1147.49,2749.99,1179.97
2026-07-27,swsh9-154,263873,Holofoil,334.37,275.0,354.45,1500.0,299.99
2026-07-28,base1-15,42355,Holofoil,168.68,98.0,129.15,1084.06,115.74
2026-07-28,base1-16,42356,Holofoil,55.8,28.0,40.09,128.04,99.99
2026-07-28,base1-2,42360,Holofoil,224.86,125.0,193.3,9999.0,148.99
2026-07-28,base1-4,42382,Holofoil,800.43,510.0,919.49,4590.63,612.06
2026-07-28,base1-58,42402,Normal,7.55,1.4,4.05,1000.0,4.97
2026-07-28,cel25c-4,250320,Holofoil,179.87,156.0,193.74,999.99,163.18
2026-07-28,gym2-2,83861,1st Edition Holofoil,699.99,696.69,2099.99,2140.0,
2026-07-28,gym2-2,83861,Unlimited Holofoil,579.7,437.99,491.79,1499.99,
2026-07-28,neo1-9,86903,1st Edition Holofoil,1299.96,7475.75,8000.0,10000.0,
2026-07-28,neo1-9,86903,Unlimited Holofoil,527.8,499.0,997.99,1500.0,
2026-07-28,sl-151-bundle,502000,Normal,180.24,177.0,210.0,20000.0,
2026-07-28,sl-151-etb,503313,Normal,615.74,595.0,675.0,2000.0,
2026-07-28,sl-151-upc,502005,Normal,916.39,949.0,1200.0,35000.0,
2026-07-28,sl-ar-box,265519,Normal,420.7,419.99,465.0,900.0,
2026-07-28,sl-base-box,185731,Normal,,100000.0,100000.0,100000.0,
2026-07-28,sl-bs-box,256141,Normal,631.89,582.01,655.0,5000.0,
2026-07-28,sl-cel-upc,245140,Normal,1299.19,1259.99,1699.99,200000.0,
2026-07-28,sl-champ-etb,218791,Normal,211.58,211.14,259.99,650.0,
2026-07-28,sl-cz-etb,453470,Normal,332.46,320.0,397.93,1000.0,
2026-07-28,sl-dr-box,624679,Normal,541.0,520.0,648.88,8498.0,
2026-07-28,sl-evs-box,242436,Normal,2519.8,2299.0,3000.0,12000.0,
2026-07-28,sl-evs-etb,243721,Normal,1028.11,1069.9,1093.5,3200.0,
2026-07-28,sl-fs-box,247654,Normal,985.77,979.99,1250.0,6500.0,
2026-07-28,sl-hf-etb,194729,Normal,552.76,570.0,700.0,9999.98,
2026-07-28,sl-jp-151,565243,Normal,329.01,325.0,380.0,650.0,
2026-07-28,sl-jp-terastal,603428,Normal,124.35,99.99,145.0,299.95,
2026-07-28,sl-jt-box,610931,Normal,297.26,285.0,324.95,600.0,
2026-07-28,sl-lo-box,277324,Normal,733.31,724.99,929.49,2500.0,
2026-07-28,sl-me1-box,644298,Normal,322.37,323.99,344.5,999.99,
2026-07-28,sl-obf-box,501257,Normal,381.91,360.0,424.99,1000.0,
2026-07-28,sl-pe-etb,593355,Normal,166.99,161.99,200.0,1719.5,
2026-07-28,sl-pe-spc,622770,Normal,265.3,260.0,339.98,1999.99,
2026-07-28,sl-pf-etb,528040,Normal,477.97,453.0,527.0,800.0,
2026-07-28,sl-phf-box,654137,Normal,428.78,400.0,471.75,1000.0,
2026-07-28,sl-shf-etb,228821,Normal,148.29,138.0,175.0,500.0,
2026-07-28,sl-ss-box,565606,Normal,302.73,295.0,348.24,4999.99,
2026-07-28,sl-st-box,283389,Normal,530.41,510.01,555.0,1000.0,
2026-07-28,sl-tf-box,536225,Normal,315.03,300.0,335.99,800.0,
2026-07-28,sv2-185,497557,Normal,0.28,0.01,0.3,19.7,
2026-07-28,sv2-185,497557,Reverse Holofoil,0.43,0.17,0.6,16.1,0.46
2026-07-28,sv2-254,497669,Holofoil,11.85,8.65,12.36,111.92,12.99
2026-07-28,sv2-269,497689,Holofoil,62.35,55.34,68.01,561.15,68.99
2026-07-28,sv3pt5-151,516566,Holofoil,7.48,4.5,8.55,100.0,9.35
2026-07-28,sv3pt5-199,517045,Holofoil,382.73,346.18,414.96,10000.0,346.18
2026-07-28,sv3pt5-205,517051,Holofoil,29.03,22.78,32.48,219.87,29.08
2026-07-28,sv3pt5-4,502555,Normal,0.22,0.03,0.24,25.0,0.19
2026-07-28,sv3pt5-4,502555,Reverse Holofoil,0.4,0.13,0.4,18.28,0.56
2026-07-28,sv3pt5-6,502558,Holofoil,9.07,4.49,9.32,112.99,16.0
2026-07-28,sv3pt5-7,502548,Normal,0.23,0.08,0.25,1000.0,0.22
2026-07-28,sv3pt5-7,502548,Reverse Holofoil,0.39,0.09,0.4,50.0,0.44
2026-07-28,sv4pt5-234,535090,Holofoil,310.96,264.27,339.42,2874.78,283.48
2026-07-28,sv4pt5-54,534416,Holofoil,5.23,3.95,5.99,60.0,6.02
2026-07-28,sv8-57,590025,Holofoil,3.94,1.3,4.61,96.95,5.0
2026-07-28,sv8pt5-149,610504,Holofoil,303.43,253.13,329.99,2000.0,
2026-07-28,sv8pt5-155,610510,Holofoil,309.82,263.25,338.88,999.0,
2026-07-28,sv8pt5-156,610511,Holofoil,551.2,455.63,569.38,3291.21,606.32
2026-07-28,sv8pt5-161,610516,Holofoil,1514.83,1250.0,1652.59,3997.42,1699.49
2026-07-28,sv8pt5-167,610522,Holofoil,192.19,179.99,215.55,3009.8,
2026-07-28,sv8pt5-179,610534,Holofoil,63.75,59.79,73.0,999.0,
2026-07-28,sv8pt5-28,610383,Holofoil,2.45,1.25,2.74,999.0,
2026-07-28,sv8pt5-47,610402,Normal,0.14,0.01,0.15,999.0,0.05
2026-07-28,sv8pt5-47,610402,Reverse Holofoil,0.17,0.01,0.2,999.0,0.1
2026-07-28,sv8pt5-59,610414,Holofoil,0.44,0.05,0.47,999.0,0.5
2026-07-28,sv8pt5-59,610414,Reverse Holofoil,0.49,0.1,0.53,999.0,
2026-07-28,sv8pt5-60,610415,Holofoil,7.19,5.0,8.43,5000.0,9.72
2026-07-28,svp-085,518861,Normal,1099.62,850.0,1244.97,6997.25,1244.97
2026-07-28,swsh11-186,284137,Holofoil,858.62,734.0,874.99,7727.58,874.92
2026-07-28,swsh12-186,451834,Holofoil,527.69,496.99,600.5,3759.03,569.99
2026-07-28,swsh12pt5gg-GG69,478100,Holofoil,375.99,309.32,399.96,1864.98,409.79
2026-07-28,swsh35-25,223018,Normal,0.19,0.01,0.2,19.98,
2026-07-28,swsh35-25,223018,Reverse Holofoil,0.18,0.1,0.28,19.98,
2026-07-28,swsh35-74,223073,Holofoil,233.14,204.99,261.39,1500.0,266.32
2026-07-28,swsh45sv-SV107,232496,Holofoil,144.19,124.45,161.48,349.95,155.24
2026-07-28,swsh7-204,246693,Holofoil,41.91,32.5,41.96,289.9,53.29
2026-07-28,swsh7-205,246696,Holofoil,416.76,321.91,418.51,1499.99,479.99
2026-07-28,swsh7-208,246755,Holofoil,37.86,34.88,41.99,270.1,44.99
2026-07-28,swsh7-209,246756,Holofoil,302.44,304.95,349.89,2275.38,323.99
2026-07-28,swsh7-211,246702,Holofoil,58.41,47.0,59.99,450.0,64.95
2026-07-28,swsh7-212,246704,Holofoil,407.01,346.0,409.99,4249.73,377.98
2026-07-28,swsh7-215,246723,Holofoil,2404.28,1998.67,2499.99,6000.0,2455.0
2026-07-28,swsh7-218,246733,Holofoil,1233.94,1249.99,1375.5,3499.99,1349.79
2026-07-28,swsh7-41,246753,Holofoil,8.15,5.79,8.82,73.53,13.48
2026-07-28,swsh7-65,246690,Holofoil,13.14,9.89,15.75,500.0,11.65
2026-07-28,swsh7-75,246701,Holofoil,19.34,15.55,20.09,141.86,22.91
2026-07-28,swsh7-8,246691,Holofoil,10.52,8.51,11.67,100.0,13.0
2026-07-28,swsh8-271,253266,Holofoil,1032.78,808.69,1141.07,2749.99,1179.97
2026-07-28,swsh9-154,263873,Holofoil,334.37,275.0,350.54,1500.0,299.99
2026-07-29,base1-15,42355,Holofoil,168.68,98.0,129.99,1084.02,115.74
2026-07-29,base1-16,42356,Holofoil,55.8,28.0,40.46,128.0,99.99
2026-07-29,base1-2,42360,Holofoil,224.86,125.0,195.21,9999.0,149.99
2026-07-29,base1-4,42382,Holofoil,800.43,510.0,918.3,4590.63,612.06
2026-07-29,base1-58,42402,Normal,7.66,1.4,4.0,1000.0,4.97
2026-07-29,cel25c-4,250320,Holofoil,179.87,155.99,193.06,999.99,178.89
2026-07-29,gym2-2,83861,1st Edition Holofoil,699.99,696.69,2099.99,2140.0,
2026-07-29,gym2-2,83861,Unlimited Holofoil,594.19,437.99,513.75,1499.99,999.99
2026-07-29,neo1-9,86903,1st Edition Holofoil,1299.96,7475.75,8000.0,10000.0,
2026-07-29,neo1-9,86903,Unlimited Holofoil,518.99,499.0,997.99,1500.0,
2026-07-29,sl-151-bundle,502000,Normal,182.6,174.99,212.62,20000.0,
2026-07-29,sl-151-etb,503313,Normal,615.74,589.99,656.0,2000.0,
2026-07-29,sl-151-upc,502005,Normal,936.59,969.0,1249.98,35000.0,
2026-07-29,sl-ar-box,265519,Normal,420.5,419.99,475.0,900.0,
2026-07-29,sl-base-box,185731,Normal,,100000.0,100000.0,100000.0,
2026-07-29,sl-bs-box,256141,Normal,631.89,582.01,655.0,5000.0,
2026-07-29,sl-cel-upc,245140,Normal,1296.23,1259.99,1700.0,200000.0,
2026-07-29,sl-champ-etb,218791,Normal,211.58,211.14,257.98,650.0,
2026-07-29,sl-cz-etb,453470,Normal,330.87,329.94,399.97,1000.0,
2026-07-29,sl-dr-box,624679,Normal,540.76,520.0,649.99,8498.0,
2026-07-29,sl-evs-box,242436,Normal,2519.8,2320.98,3000.0,12000.0,
2026-07-29,sl-evs-etb,243721,Normal,1028.11,1069.9,1079.5,3200.0,
2026-07-29,sl-fs-box,247654,Normal,985.77,979.95,1274.5,6500.0,
2026-07-29,sl-hf-etb,194729,Normal,552.76,575.0,700.0,9999.98,
2026-07-29,sl-jp-151,565243,Normal,329.01,319.99,378.88,650.0,
2026-07-29,sl-jp-terastal,603428,Normal,122.03,99.99,145.0,299.95,
2026-07-29,sl-jt-box,610931,Normal,297.86,285.0,324.95,600.0,
2026-07-29,sl-lo-box,277324,Normal,733.31,724.99,923.99,2500.0,
2026-07-29,sl-me1-box,644298,Normal,319.66,323.99,345.0,999.99,
2026-07-29,sl-obf-box,501257,Normal,380.51,370.1,425.0,1000.0,
2026-07-29,sl-pe-etb,593355,Normal,166.59,165.0,200.0,1719.5,
2026-07-29,sl-pe-spc,622770,Normal,264.42,249.31,339.98,1999.99,
2026-07-29,sl-pf-etb,528040,Normal,477.97,453.0,545.0,800.0,
2026-07-29,sl-phf-box,654137,Normal,422.09,400.0,470.0,1000.0,
2026-07-29,sl-shf-etb,228821,Normal,148.06,138.0,177.49,500.0,
2026-07-29,sl-ss-box,565606,Normal,302.76,290.85,346.49,4999.99,
2026-07-29,sl-st-box,283389,Normal,528.93,486.0,558.5,1000.0,
2026-07-29,sl-tf-box,536225,Normal,314.43,288.99,339.99,800.0,
2026-07-29,sv2-185,497557,Normal,0.3,0.03,0.3,19.7,0.2
2026-07-29,sv2-185,497557,Reverse Holofoil,0.44,0.17,0.6,16.06,0.46
2026-07-29,sv2-254,497669,Holofoil,11.99,8.65,12.41,1000.0,12.99
2026-07-29,sv2-269,497689,Holofoil,62.52,55.34,68.0,561.15,71.4
2026-07-29,sv3pt5-151,516566,Holofoil,7.53,4.5,8.53,100.0,9.36
2026-07-29,sv3pt5-199,517045,Holofoil,380.94,346.18,408.69,10000.0,346.43
2026-07-29,sv3pt5-205,517051,Holofoil,29.05,22.27,32.23,221.67,36.0
2026-07-29,sv3pt5-4,502555,Normal,0.24,0.03,0.25,25.0,0.1
2026-07-29,sv3pt5-4,502555,Reverse Holofoil,0.41,0.13,0.41,18.24,0.37
2026-07-29,sv3pt5-6,502558,Holofoil,7.49,4.49,9.17,112.99,9.63
2026-07-29,sv3pt5-7,502548,Normal,0.26,0.08,0.25,1000.0,
2026-07-29,sv3pt5-7,502548,Reverse Holofoil,0.36,0.09,0.4,50.0,0.41
2026-07-29,sv4pt5-234,535090,Holofoil,308.44,264.27,334.78,2775.96,283.48
2026-07-29,sv4pt5-54,534416,Holofoil,5.53,3.9,5.96,60.0,6.02
2026-07-29,sv8-57,590025,Holofoil,3.53,1.3,4.5,1000.0,4.8
2026-07-29,sv8pt5-149,610504,Holofoil,303.43,253.13,329.99,2000.0,
2026-07-29,sv8pt5-155,610510,Holofoil,309.82,263.25,336.95,999.0,
2026-07-29,sv8pt5-156,610511,Holofoil,551.2,455.63,572.99,3291.21,606.32
2026-07-29,sv8pt5-161,610516,Holofoil,1512.67,1245.0,1649.95,3997.38,1699.49
2026-07-29,sv8pt5-167,610522,Holofoil,191.39,179.99,215.0,3009.8,
2026-07-29,sv8pt5-179,610534,Holofoil,63.75,59.79,72.19,999.0,66.73
2026-07-29,sv8pt5-28,610383,Holofoil,2.54,1.25,2.74,999.0,
2026-07-29,sv8pt5-47,610402,Normal,0.14,0.01,0.15,999.0,0.04
2026-07-29,sv8pt5-47,610402,Reverse Holofoil,0.16,0.01,0.2,999.0,0.1
2026-07-29,sv8pt5-59,610414,Holofoil,0.45,0.05,0.46,999.0,0.5
2026-07-29,sv8pt5-59,610414,Reverse Holofoil,0.47,0.1,0.52,999.0,
2026-07-29,sv8pt5-60,610415,Holofoil,7.71,5.0,8.67,5000.0,15.47
2026-07-29,svp-085,518861,Normal,1106.75,1039.78,1244.97,6997.21,1244.97
2026-07-29,swsh11-186,284137,Holofoil,857.03,733.99,901.28,7727.58,874.99
2026-07-29,swsh12-186,451834,Holofoil,527.69,496.99,600.25,3758.99,569.98
2026-07-29,swsh12pt5gg-GG69,478100,Holofoil,374.29,309.32,399.98,1864.98,341.34
2026-07-29,swsh35-25,223018,Normal,0.19,0.01,0.2,19.98,
2026-07-29,swsh35-25,223018,Reverse Holofoil,0.19,0.1,0.28,19.98,
2026-07-29,swsh35-74,223073,Holofoil,233.41,204.99,266.32,1500.0,266.32
2026-07-29,swsh45sv-SV107,232496,Holofoil,143.98,124.45,160.0,349.95,155.24
2026-07-29,swsh7-204,246693,Holofoil,41.91,32.5,42.0,289.9,51.63
2026-07-29,swsh7-205,246696,Holofoil,416.76,321.91,420.0,1499.99,479.99
2026-07-29,swsh7-208,246755,Holofoil,37.87,35.0,40.89,270.1,44.99
2026-07-29,swsh7-209,246756,Holofoil,302.44,304.95,348.94,2275.38,323.99
2026-07-29,swsh7-211,246702,Holofoil,58.74,47.0,59.99,450.0,64.99
2026-07-29,swsh7-212,246704,Holofoil,407.01,346.0,411.75,4249.73,377.98
2026-07-29,swsh7-215,246723,Holofoil,2404.28,1998.67,2499.49,6000.0,2455.0
2026-07-29,swsh7-218,246733,Holofoil,1233.94,899.99,1349.75,3499.99,1349.69
2026-07-29,swsh7-41,246753,Holofoil,8.15,5.19,8.76,73.53,13.4
2026-07-29,swsh7-65,246690,Holofoil,12.93,9.2,15.69,500.0,11.41
2026-07-29,swsh7-75,246701,Holofoil,19.52,15.55,20.03,141.86,26.07
2026-07-29,swsh7-8,246691,Holofoil,10.7,8.51,11.67,100.0,13.2
2026-07-29,swsh8-271,253266,Holofoil,1032.78,808.69,1141.07,2749.99,1179.95
2026-07-29,swsh9-154,263873,Holofoil,334.76,275.0,348.25,1500.0,299.97
2026-07-30,base1-15,42355,Holofoil,168.68,98.0,129.99,1083.98,115.74
2026-07-30,base1-16,42356,Holofoil,55.75,28.0,39.99,127.96,99.99
2026-07-30,base1-2,42360,Holofoil,224.86,125.0,195.1,9999.0,149.99
2026-07-30,base1-4,42382,Holofoil,800.43,510.0,918.3,4590.63,612.06
2026-07-30,base1-58,42402,Normal,7.35,1.4,4.0,1000.0,6.49
2026-07-30,cel25c-4,250320,Holofoil,179.87,150.0,192.99,999.99,150.0
2026-07-30,gym2-2,83861,1st Edition Holofoil,699.99,696.69,2000.0,2099.99,
2026-07-30,gym2-2,83861,Unlimited Holofoil,594.19,437.99,999.99,1499.99,999.99
2026-07-30,neo1-9,86903,1st Edition Holofoil,1299.96,7475.75,8000.0,10000.0,
2026-07-30,neo1-9,86903,Unlimited Holofoil,518.99,499.0,997.99,1500.0,
2026-07-30,sl-151-bundle,502000,Normal,182.75,177.0,214.0,20000.0,
2026-07-30,sl-151-etb,503313,Normal,616.1,577.99,650.0,2000.0,
2026-07-30,sl-151-upc,502005,Normal,941.03,950.99,1200.0,35000.0,
2026-07-30,sl-ar-box,265519,Normal,421.9,419.99,475.0,900.0,
2026-07-30,sl-base-box,185731,Normal,,100000.0,100000.0,100000.0,
2026-07-30,sl-bs-box,256141,Normal,631.89,582.01,655.0,5000.0,
2026-07-30,sl-cel-upc,245140,Normal,1301.99,1259.99,1699.99,200000.0,
2026-07-30,sl-champ-etb,218791,Normal,211.58,210.99,250.0,650.0,
2026-07-30,sl-cz-etb,453470,Normal,330.83,329.94,399.99,1000.0,
2026-07-30,sl-dr-box,624679,Normal,540.76,520.0,648.88,8498.0,
2026-07-30,sl-evs-box,242436,Normal,2519.8,2320.98,3000.0,12000.0,
2026-07-30,sl-evs-etb,243721,Normal,1030.04,1069.9,1090.0,3200.0,
2026-07-30,sl-fs-box,247654,Normal,992.57,979.95,1216.0,6500.0,
2026-07-30,sl-hf-etb,194729,Normal,552.76,575.0,700.0,9999.98,
2026-07-30,sl-jp-151,565243,Normal,328.81,319.99,377.94,2500.0,
2026-07-30,sl-jp-terastal,603428,Normal,118.06,99.99,147.0,299.95,
2026-07-30,sl-jt-box,610931,Normal,297.86,285.0,322.48,600.0,
2026-07-30,sl-lo-box,277324,Normal,733.31,724.99,923.99,2500.0,
2026-07-30,sl-me1-box,644298,Normal,319.66,323.99,345.0,999.99,
2026-07-30,sl-obf-box,501257,Normal,380.51,370.1,424.99,1000.0,
2026-07-30,sl-pe-etb,593355,Normal,166.79,165.0,200.0,1719.5,
2026-07-30,sl-pe-spc,622770,Normal,261.55,249.31,339.99,1999.99,
2026-07-30,sl-pf-etb,528040,Normal,477.28,453.0,509.0,800.0,
2026-07-30,sl-phf-box,654137,Normal,423.07,400.0,470.0,1000.0,
2026-07-30,sl-shf-etb,228821,Normal,147.86,138.0,177.49,500.0,
2026-07-30,sl-ss-box,565606,Normal,301.7,290.85,336.0,4999.99,
2026-07-30,sl-st-box,283389,Normal,528.93,486.0,552.5,1000.0,
2026-07-30,sl-tf-box,536225,Normal,314.43,288.99,335.99,800.0,
2026-07-30,sv2-185,497557,Normal,0.3,0.03,0.31,19.7,0.25
2026-07-30,sv2-185,497557,Reverse Holofoil,0.44,0.17,0.59,16.02,0.47
2026-07-30,sv2-254,497669,Holofoil,11.95,8.0,12.37,111.92,12.99
2026-07-30,sv2-269,497689,Holofoil,62.56,55.34,68.02,563.04,71.94
2026-07-30,sv3pt5-151,516566,Holofoil,7.51,4.5,8.51,100.0,7.6
2026-07-30,sv3pt5-199,517045,Holofoil,377.63,346.18,410.5,10000.0,346.43
2026-07-30,sv3pt5-205,517051,Holofoil,29.43,22.78,32.5,218.34,29.49
2026-07-30,sv3pt5-4,502555,Normal,0.26,0.03,0.25,25.0,0.24
2026-07-30,sv3pt5-4,502555,Reverse Holofoil,0.4,0.13,0.4,18.2,0.37
2026-07-30,sv3pt5-6,502558,Holofoil,7.1,4.49,9.0,112.99,9.49
2026-07-30,sv3pt5-7,502548,Normal,0.27,0.08,0.25,1000.0,0.22
2026-07-30,sv3pt5-7,502548,Reverse Holofoil,0.35,0.09,0.4,50.0,0.39
2026-07-30,sv4pt5-234,535090,Holofoil,301.8,264.27,332.51,2726.28,283.48
2026-07-30,sv4pt5-54,534416,Holofoil,5.77,3.9,5.99,60.0,5.49
2026-07-30,sv8-57,590025,Holofoil,4.08,1.3,4.5,96.95,5.0
2026-07-30,sv8pt5-149,610504,Holofoil,304.15,253.13,327.32,2000.0,
2026-07-30,sv8pt5-155,610510,Holofoil,309.31,263.25,340.8,999.0,
2026-07-30,sv8pt5-156,610511,Holofoil,548.4,365.69,567.22,3291.21,606.32
2026-07-30,sv8pt5-161,610516,Holofoil,1504.64,1245.0,1650.0,3997.34,
2026-07-30,sv8pt5-167,610522,Holofoil,190.55,179.99,215.0,3009.8,
2026-07-30,sv8pt5-179,610534,Holofoil,62.62,56.35,72.24,999.0,68.21
2026-07-30,sv8pt5-28,610383,Holofoil,2.4,1.25,2.73,999.0,3.58
2026-07-30,sv8pt5-47,610402,Normal,0.13,0.01,0.15,999.0,0.04
2026-07-30,sv8pt5-47,610402,Reverse Holofoil,0.16,0.01,0.2,999.0,0.1
2026-07-30,sv8pt5-59,610414,Holofoil,0.45,0.05,0.46,999.0,0.64
2026-07-30,sv8pt5-59,610414,Reverse Holofoil,0.48,0.1,0.53,999.0,
2026-07-30,sv8pt5-60,610415,Holofoil,7.13,4.47,8.73,5000.0,11.48
2026-07-30,svp-085,518861,Normal,1106.75,999.99,1244.97,6997.17,1244.97
2026-07-30,swsh11-186,284137,Holofoil,857.03,730.0,900.0,7713.27,874.98
2026-07-30,swsh12-186,451834,Holofoil,527.69,495.99,599.99,3758.95,569.98
2026-07-30,swsh12pt5gg-GG69,478100,Holofoil,371.07,309.32,395.0,1864.98,341.34
2026-07-30,swsh35-25,223018,Normal,0.19,0.04,0.2,19.98,
2026-07-30,swsh35-25,223018,Reverse Holofoil,0.19,0.1,0.29,19.98,
2026-07-30,swsh35-74,223073,Holofoil,233.41,204.99,256.99,1500.0,266.32
2026-07-30,swsh45sv-SV107,232496,Holofoil,142.91,124.45,160.1,349.95,155.86
2026-07-30,swsh7-204,246693,Holofoil,41.91,32.5,42.0,289.9,51.63
2026-07-30,swsh7-205,246696,Holofoil,416.76,321.91,420.0,1499.99,479.99
2026-07-30,swsh7-208,246755,Holofoil,37.87,35.0,40.45,270.1,44.99
2026-07-30,swsh7-209,246756,Holofoil,302.44,304.95,341.27,2275.38,322.99
2026-07-30,swsh7-211,246702,Holofoil,58.71,47.0,59.99,450.0,64.97
2026-07-30,swsh7-212,246704,Holofoil,407.01,346.0,411.75,4249.73,377.98
2026-07-30,swsh7-215,246723,Holofoil,2416.28,1998.67,2498.99,6000.0,2455.0
2026-07-30,swsh7-218,246733,Holofoil,1249.92,899.99,1349.88,3499.99,1349.75
2026-07-30,swsh7-41,246753,Holofoil,8.03,5.0,8.67,72.99,7.13
2026-07-30,swsh7-65,246690,Holofoil,12.65,9.2,15.02,500.0,11.4
2026-07-30,swsh7-75,246701,Holofoil,19.29,15.55,20.06,141.86,21.99
2026-07-30,swsh7-8,246691,Holofoil,10.62,8.51,11.47,100.0,13.97
2026-07-30,swsh8-271,253266,Holofoil,1032.78,808.69,1114.45,2749.99,1114.45
2026-07-30,swsh9-154,263873,Holofoil,335.08,275.0,348.42,1500.0,299.97
2026-07-31,base1-15,42355,Holofoil,168.68,98.0,129.99,1083.94,115.74
2026-07-31,base1-16,42356,Holofoil,55.75,28.0,39.99,127.92,34.37
2026-07-31,base1-2,42360,Holofoil,224.86,125.0,193.3,9999.0,149.99
2026-07-31,base1-4,42382,Holofoil,800.43,475.0,919.49,4590.63,612.06
2026-07-31,base1-58,42402,Normal,7.12,1.4,4.0,1000.0,4.28
2026-07-31,cel25c-4,250320,Holofoil,179.35,149.99,191.9,999.99,178.89
2026-07-31,gym2-2,83861,1st Edition Holofoil,699.99,696.69,2000.0,2099.99,
2026-07-31,gym2-2,83861,Unlimited Holofoil,594.19,437.99,734.12,1499.99,999.99
2026-07-31,neo1-9,86903,1st Edition Holofoil,1299.96,7475.75,8000.0,10000.0,
2026-07-31,neo1-9,86903,Unlimited Holofoil,518.99,498.74,997.99,1500.0,
2026-07-31,sl-151-bundle,502000,Normal,182.99,177.0,216.9,20000.0,
2026-07-31,sl-151-etb,503313,Normal,612.02,580.99,650.0,2000.0,
2026-07-31,sl-151-upc,502005,Normal,942.7,942.7,1200.0,35000.0,
2026-07-31,sl-ar-box,265519,Normal,421.9,419.99,454.99,900.0,
2026-07-31,sl-base-box,185731,Normal,,100000.0,100000.0,100000.0,
2026-07-31,sl-bs-box,256141,Normal,631.89,582.01,655.0,5000.0,
2026-07-31,sl-cel-upc,245140,Normal,1298.63,1274.99,1599.99,200000.0,
2026-07-31,sl-champ-etb,218791,Normal,211.82,210.99,250.0,650.0,
2026-07-31,sl-cz-etb,453470,Normal,330.19,329.99,400.0,1000.0,
2026-07-31,sl-dr-box,624679,Normal,528.44,470.0,629.93,8498.0,
2026-07-31,sl-evs-box,242436,Normal,2510.64,2400.0,3000.0,12000.0,
2026-07-31,sl-evs-etb,243721,Normal,1030.04,1059.89,1090.0,3200.0,
2026-07-31,sl-fs-box,247654,Normal,992.57,979.95,1200.0,6500.0,
2026-07-31,sl-hf-etb,194729,Normal,552.76,575.0,700.0,9999.98,
2026-07-31,sl-jp-151,565243,Normal,328.5,319.99,379.43,2500.0,
2026-07-31,sl-jp-terastal,603428,Normal,114.63,99.99,147.0,299.95,
2026-07-31,sl-jt-box,610931,Normal,297.86,298.0,324.95,600.0,
2026-07-31,sl-lo-box,277324,Normal,734.71,724.99,884.5,2500.0,
2026-07-31,sl-me1-box,644298,Normal,319.78,323.99,345.0,999.99,
2026-07-31,sl-obf-box,501257,Normal,380.51,364.99,424.99,1000.0,
2026-07-31,sl-pe-etb,593355,Normal,164.49,155.0,200.0,1719.5,
2026-07-31,sl-pe-spc,622770,Normal,263.01,259.99,342.44,1999.99,
2026-07-31,sl-pf-etb,528040,Normal,477.28,452.88,500.0,800.0,
2026-07-31,sl-phf-box,654137,Normal,421.21,400.0,466.57,1000.0,
2026-07-31,sl-shf-etb,228821,Normal,147.66,138.0,179.99,500.0,
2026-07-31,sl-ss-box,565606,Normal,300.36,289.95,348.24,4999.99,
2026-07-31,sl-st-box,283389,Normal,526.77,510.01,552.5,1000.0,
2026-07-31,sl-tf-box,536225,Normal,314.43,288.99,337.99,800.0,
2026-07-31,sv2-185,497557,Normal,0.28,0.03,0.31,19.7,0.28
2026-07-31,sv2-185,497557,Reverse Holofoil,0.44,0.17,0.59,15.98,0.47
2026-07-31,sv2-254,497669,Holofoil,12.27,8.0,12.5,111.9,14.69
2026-07-31,sv2-269,497689,Holofoil,61.98,55.34,68.51,563.04,71.55
2026-07-31,sv3pt5-151,516566,Holofoil,7.12,4.5,8.48,100.0,8.09
2026-07-31,sv3pt5-199,517045,Holofoil,375.94,346.18,409.35,10000.0,346.38
2026-07-31,sv3pt5-205,517051,Holofoil,28.79,22.78,32.3,218.34,36.0
2026-07-31,sv3pt5-4,502555,Normal,0.25,0.03,0.25,25.0,0.24
2026-07-31,sv3pt5-4,502555,Reverse Holofoil,0.43,0.13,0.42,18.16,0.37
2026-07-31,sv3pt5-6,502558,Holofoil,7.12,4.49,8.99,112.99,7.08
2026-07-31,sv3pt5-7,502548,Normal,0.26,0.05,0.26,1000.0,0.23
2026-07-31,sv3pt5-7,502548,Reverse Holofoil,0.37,0.1,0.4,50.0,0.46
2026-07-31,sv4pt5-234,535090,Holofoil,298.35,260.0,329.99,2726.28,283.48
2026-07-31,sv4pt5-54,534416,Holofoil,5.75,3.65,5.99,99.0,6.02
2026-07-31,sv8-57,590025,Holofoil,3.88,2.0,4.5,96.95,5.16
2026-07-31,sv8pt5-149,610504,Holofoil,302.0,253.12,324.65,2000.0,
2026-07-31,sv8pt5-155,610510,Holofoil,309.31,262.95,338.6,999.0,
2026-07-31,sv8pt5-156,610511,Holofoil,548.4,365.69,572.99,3291.21,603.24
2026-07-31,sv8pt5-161,610516,Holofoil,1504.64,1245.0,1624.95,3997.32,1699.49
2026-07-31,sv8pt5-167,610522,Holofoil,191.29,179.0,215.0,3009.8,
2026-07-31,sv8pt5-179,610534,Holofoil,62.05,56.35,72.19,999.0,
2026-07-31,sv8pt5-28,610383,Holofoil,2.47,1.39,2.72,999.0,2.72
2026-07-31,sv8pt5-47,610402,Normal,0.14,0.01,0.15,999.0,0.04
2026-07-31,sv8pt5-47,610402,Reverse Holofoil,0.16,0.01,0.19,999.0,0.1
2026-07-31,sv8pt5-59,610414,Holofoil,0.39,0.05,0.45,999.0,0.64
2026-07-31,sv8pt5-59,610414,Reverse Holofoil,0.56,0.1,0.52,999.0,0.55
2026-07-31,sv8pt5-60,610415,Holofoil,8.09,5.0,8.49,5000.0,8.62
2026-07-31,svp-085,518861,Normal,1106.75,999.99,1244.97,6997.13,1041.77
2026-07-31,swsh11-186,284137,Holofoil,845.86,730.0,911.4,7713.27,874.95
2026-07-31,swsh12-186,451834,Holofoil,528.5,495.99,600.0,3758.91,569.99
2026-07-31,swsh12pt5gg-GG69,478100,Holofoil,371.07,308.22,392.16,1864.98,341.34
2026-07-31,swsh35-25,223018,Normal,0.19,0.04,0.2,19.98,
2026-07-31,swsh35-25,223018,Reverse Holofoil,0.19,0.1,0.29,19.98,
2026-07-31,swsh35-74,223073,Holofoil,234.9,204.99,266.32,1500.0,266.32
2026-07-31,swsh45sv-SV107,232496,Holofoil,143.25,124.45,159.99,349.95,155.85
2026-07-31,swsh7-204,246693,Holofoil,41.91,32.5,42.0,289.9,51.63
2026-07-31,swsh7-205,246696,Holofoil,416.76,321.91,413.36,1499.99,479.99
2026-07-31,swsh7-208,246755,Holofoil,37.87,34.99,40.0,270.1,44.99
2026-07-31,swsh7-209,246756,Holofoil,302.44,252.82,340.15,2275.38,322.99
2026-07-31,swsh7-211,246702,Holofoil,58.71,47.0,59.99,450.0,64.98
2026-07-31,swsh7-212,246704,Holofoil,407.01,346.0,411.75,4249.73,377.98
2026-07-31,swsh7-215,246723,Holofoil,2416.28,1998.67,2498.99,6000.0,2455.0
2026-07-31,swsh7-218,246733,Holofoil,1249.92,899.99,1350.0,3499.99,1349.75
2026-07-31,swsh7-41,246753,Holofoil,7.57,5.7,8.58,72.99,7.13
2026-07-31,swsh7-65,246690,Holofoil,12.21,9.2,15.01,500.0,15.01
2026-07-31,swsh7-75,246701,Holofoil,19.14,15.55,20.0,141.86,22.18
2026-07-31,swsh7-8,246691,Holofoil,10.58,8.51,11.65,100.0,13.96
2026-07-31,swsh8-271,253266,Holofoil,1029.54,808.69,1050.0,2749.99,944.44
2026-07-31,swsh9-154,263873,Holofoil,335.08,275.0,349.99,1500.0,299.97
