date,asset_id,product_id,subtype,market,low,mid,high,direct_low
2026-01-01,base1-15,42355,Holofoil,129.4,74.0,129.58,999.98,
2026-01-01,base1-16,42356,Holofoil,38.26,20.0,33.17,9999.0,
2026-01-01,base1-2,42360,Holofoil,163.55,102.26,128.4,499.99,
2026-01-01,base1-4,42382,Holofoil,483.19,354.94,481.52,999.99,
2026-01-01,base1-58,42402,Normal,3.97,0.5,2.35,9999.0,
2026-01-01,cel25c-4,250320,Holofoil,127.37,99.22,141.39,499.99,191.17
2026-01-01,gym2-2,83861,1st Edition Holofoil,926.01,500.0,972.31,1199.99,
2026-01-01,gym2-2,83861,Unlimited Holofoil,476.04,399.0,515.55,629.48,490.3
2026-01-01,neo1-9,86903,1st Edition Holofoil,924.0,1798.75,1800.0,2700.0,
2026-01-01,neo1-9,86903,Unlimited Holofoil,409.27,349.0,395.0,498.35,
2026-01-01,sl-151-bundle,502000,Normal,101.92,92.0,112.5,999.99,
2026-01-01,sl-151-etb,503313,Normal,375.87,375.87,495.48,1000.0,
2026-01-01,sl-151-upc,502005,Normal,590.71,589.91,700.0,40000.0,
2026-01-01,sl-ar-box,265519,Normal,390.28,380.0,476.0,899.99,
2026-01-01,sl-bs-box,256141,Normal,546.12,489.99,745.0,5000.0,
2026-01-01,sl-cel-upc,245140,Normal,818.44,818.44,989.43,154722.59,
2026-01-01,sl-champ-etb,218791,Normal,160.61,160.0,192.25,500.0,
2026-01-01,sl-cz-etb,453470,Normal,214.14,225.0,258.97,785.0,
2026-01-01,sl-dr-box,624679,Normal,396.63,395.66,489.99,2185.0,
2026-01-01,sl-evs-box,242436,Normal,2191.53,2150.0,2800.0,12000.0,
2026-01-01,sl-evs-etb,243721,Normal,709.61,752.0,999.49,1999.99,
2026-01-01,sl-fs-box,247654,Normal,845.88,870.0,1100.0,2900.0,
2026-01-01,sl-hf-etb,194729,Normal,392.11,406.99,500.0,9999.98,
2026-01-01,sl-jp-151,565243,Normal,191.03,199.0,220.0,399.99,
2026-01-01,sl-jp-terastal,603428,Normal,107.01,99.99,124.99,200.0,
2026-01-01,sl-jt-box,610931,Normal,245.2,244.88,276.49,551.0,
2026-01-01,sl-lo-box,277324,Normal,677.63,749.99,953.97,2500.0,
2026-01-01,sl-me1-box,644298,Normal,251.38,250.0,298.98,500.0,
2026-01-01,sl-obf-box,501257,Normal,291.77,291.04,337.5,799.99,
2026-01-01,sl-pe-etb,593355,Normal,122.07,115.0,149.98,1115.0,
2026-01-01,sl-pe-spc,622770,Normal,240.79,230.99,301.99,999.0,
2026-01-01,sl-pf-etb,528040,Normal,260.52,250.0,296.97,775.0,
2026-01-01,sl-phf-box,654137,Normal,236.17,235.0,274.99,499.99,
2026-01-01,sl-shf-etb,228821,Normal,105.6,100.0,120.0,500.11,
2026-01-01,sl-ss-box,565606,Normal,252.39,239.99,315.99,4999.99,
2026-01-01,sl-st-box,283389,Normal,433.76,470.0,593.12,1000.0,
2026-01-01,sl-tf-box,536225,Normal,252.56,264.5,289.99,779.99,
2026-01-01,sv2-185,497557,Normal,0.38,0.05,0.45,4.99,
2026-01-01,sv2-185,497557,Reverse Holofoil,0.93,0.25,0.9,6.99,
2026-01-01,sv2-254,497669,Holofoil,13.42,12.0,15.39,52.5,13.5
2026-01-01,sv2-269,497689,Holofoil,47.37,42.71,54.29,259.99,
2026-01-01,sv3pt5-151,516566,Holofoil,7.11,5.25,8.04,100.0,
2026-01-01,sv3pt5-199,517045,Holofoil,257.74,204.33,295.0,1000.0,
2026-01-01,sv3pt5-205,517051,Holofoil,15.6,10.0,19.16,88.88,
2026-01-01,sv3pt5-4,502555,Normal,0.13,0.01,0.15,20.0,0.12
2026-01-01,sv3pt5-4,502555,Reverse Holofoil,0.2,0.07,0.25,3.99,
2026-01-01,sv3pt5-6,502558,Holofoil,5.01,3.43,5.0,300.0,
2026-01-01,sv3pt5-7,502548,Normal,0.16,0.01,0.16,1.5,
2026-01-01,sv3pt5-7,502548,Reverse Holofoil,0.23,0.01,0.25,50.0,0.23
2026-01-01,sv4pt5-234,535090,Holofoil,203.43,185.0,239.99,799.97,349.99
2026-01-01,sv4pt5-54,534416,Holofoil,3.45,2.44,3.79,60.0,
2026-01-01,sv8-57,590025,Holofoil,4.1,3.18,5.0,29.99,
2026-01-01,sv8pt5-149,610504,Holofoil,183.46,160.99,192.01,999.0,
2026-01-01,sv8pt5-155,610510,Holofoil,199.08,198.59,214.93,999.0,
2026-01-01,sv8pt5-156,610511,Holofoil,303.75,290.0,346.37,999.0,
2026-01-01,sv8pt5-161,610516,Holofoil,799.29,868.99,1060.77,5000.0,
2026-01-01,sv8pt5-167,610522,Holofoil,108.07,104.49,115.0,999.0,
2026-01-01,sv8pt5-179,610534,Holofoil,37.28,36.94,45.19,999.0,
2026-01-01,sv8pt5-28,610383,Holofoil,1.28,0.6,1.28,999.0,
2026-01-01,sv8pt5-47,610402,Normal,0.03,0.01,0.1,999.0,0.02
2026-01-01,sv8pt5-47,610402,Reverse Holofoil,0.11,0.01,0.13,999.0,0.06
2026-01-01,sv8pt5-59,610414,Holofoil,0.25,0.01,0.28,999.0,0.15
2026-01-01,sv8pt5-59,610414,Reverse Holofoil,0.32,0.01,0.37,999.0,0.25
2026-01-01,sv8pt5-60,610415,Holofoil,4.03,2.95,4.84,999.0,
2026-01-01,svp-085,518861,Normal,500.2,474.01,650.15,2500.0,699.0
2026-01-01,swsh11-186,284137,Holofoil,585.46,463.95,619.15,899.0,699.67
2026-01-01,swsh12-186,451834,Holofoil,338.7,336.99,397.75,2000.0,387.94
2026-01-01,swsh12pt5gg-GG69,478100,Holofoil,175.56,156.5,207.62,399.0,199.85
2026-01-01,swsh35-25,223018,Normal,0.1,0.03,0.16,1.82,
2026-01-01,swsh35-25,223018,Reverse Holofoil,0.29,0.09,0.29,2.0,
2026-01-01,swsh35-74,223073,Holofoil,183.49,145.0,212.34,1500.0,189.99
2026-01-01,swsh45sv-SV107,232496,Holofoil,121.71,103.67,140.83,349.95,103.67
2026-01-01,swsh7-204,246693,Holofoil,31.92,28.99,33.18,150.0,31.98
2026-01-01,swsh7-205,246696,Holofoil,344.08,289.99,383.5,541.5,363.98
2026-01-01,swsh7-208,246755,Holofoil,29.03,23.55,30.0,48.95,32.49
2026-01-01,swsh7-209,246756,Holofoil,296.84,252.35,294.57,419.79,285.53
2026-01-01,swsh7-211,246702,Holofoil,50.0,36.9,50.11,75.0,
2026-01-01,swsh7-212,246704,Holofoil,343.39,300.0,370.86,1000.0,374.96
2026-01-01,swsh7-215,246723,Holofoil,1775.17,1449.0,1979.98,4000.0,1979.92
2026-01-01,swsh7-218,246733,Holofoil,664.2,522.0,699.99,1126.38,699.93
2026-01-01,swsh7-41,246753,Holofoil,5.77,3.49,5.99,25.0,5.77
2026-01-01,swsh7-65,246690,Holofoil,10.55,7.99,11.94,500.0,
2026-01-01,swsh7-75,246701,Holofoil,13.8,10.19,14.23,70.0,7.69
2026-01-01,swsh7-8,246691,Holofoil,6.93,4.0,7.03,100.0,6.93
2026-01-01,swsh8-271,253266,Holofoil,688.47,581.73,756.71,1499.95,700.0
2026-01-01,swsh9-154,263873,Holofoil,229.68,206.0,300.0,1500.0,255.27
2026-01-02,base1-15,42355,Holofoil,129.4,74.0,126.97,999.98,
2026-01-02,base1-16,42356,Holofoil,38.62,20.8,33.17,9999.0,
2026-01-02,base1-2,42360,Holofoil,163.55,102.26,125.55,499.99,
2026-01-02,base1-4,42382,Holofoil,483.19,354.94,524.49,999.99,
2026-01-02,base1-58,42402,Normal,4.34,0.5,1.99,9999.0,
2026-01-02,cel25c-4,250320,Holofoil,128.96,98.98,144.24,499.99,191.03
2026-01-02,gym2-2,83861,1st Edition Holofoil,926.01,500.0,873.66,1199.99,
2026-01-02,gym2-2,83861,Unlimited Holofoil,476.04,399.0,515.55,629.48,490.3
2026-01-02,neo1-9,86903,1st Edition Holofoil,924.0,1798.75,1800.0,2700.0,
2026-01-02,neo1-9,86903,Unlimited Holofoil,409.27,325.0,395.0,498.35,
2026-01-02,sl-151-bundle,502000,Normal,102.81,92.5,110.0,999.99,
2026-01-02,sl-151-etb,503313,Normal,375.9,373.88,495.48,1000.0,
2026-01-02,sl-151-upc,502005,Normal,594.43,591.0,707.5,40000.0,
2026-01-02,sl-ar-box,265519,Normal,390.28,380.0,460.0,899.99,
2026-01-02,sl-bs-box,256141,Normal,547.72,489.99,710.0,5000.0,
2026-01-02,sl-cel-upc,245140,Normal,820.62,835.79,999.99,154722.59,
2026-01-02,sl-champ-etb,218791,Normal,160.81,150.0,193.63,500.0,
2026-01-02,sl-cz-etb,453470,Normal,215.74,225.0,258.97,785.0,
2026-01-02,sl-dr-box,624679,Normal,394.16,395.66,489.99,8498.0,
2026-01-02,sl-evs-box,242436,Normal,2185.81,2150.0,2900.0,12000.0,
2026-01-02,sl-evs-etb,243721,Normal,709.61,752.0,999.49,1999.99,
2026-01-02,sl-fs-box,247654,Normal,850.04,950.0,1100.0,2900.0,
2026-01-02,sl-hf-etb,194729,Normal,394.39,410.0,500.0,9999.98,
2026-01-02,sl-jp-151,565243,Normal,195.56,199.0,219.45,399.99,
2026-01-02,sl-jp-terastal,603428,Normal,107.18,99.99,124.99,200.0,
2026-01-02,sl-jt-box,610931,Normal,245.2,244.88,274.99,551.0,
2026-01-02,sl-lo-box,277324,Normal,677.63,749.99,950.0,2500.0,
2026-01-02,sl-me1-box,644298,Normal,254.35,250.0,298.95,500.0,
2026-01-02,sl-obf-box,501257,Normal,292.81,291.04,337.5,799.99,
2026-01-02,sl-pe-etb,593355,Normal,123.15,115.0,149.99,1115.0,
2026-01-02,sl-pe-spc,622770,Normal,238.42,182.0,304.0,999.0,
2026-01-02,sl-pf-etb,528040,Normal,264.1,250.0,299.47,775.0,
2026-01-02,sl-phf-box,654137,Normal,246.71,235.0,275.0,499.99,
2026-01-02,sl-shf-etb,228821,Normal,106.69,100.0,120.0,500.11,
2026-01-02,sl-ss-box,565606,Normal,252.67,239.99,314.8,4999.99,
2026-01-02,sl-st-box,283389,Normal,434.4,385.0,589.06,1000.0,
2026-01-02,sl-tf-box,536225,Normal,253.2,264.5,285.0,779.99,
2026-01-02,sv2-185,497557,Normal,0.39,0.05,0.44,4.99,0.37
2026-01-02,sv2-185,497557,Reverse Holofoil,0.85,0.25,0.86,6.99,
2026-01-02,sv2-254,497669,Holofoil,13.44,12.0,15.49,52.5,
2026-01-02,sv2-269,497689,Holofoil,47.2,42.71,54.32,259.99,47.2
2026-01-02,sv3pt5-151,516566,Holofoil,7.3,5.25,8.0,100.0,10.49
2026-01-02,sv3pt5-199,517045,Holofoil,255.14,203.02,297.87,1000.0,302.98
2026-01-02,sv3pt5-205,517051,Holofoil,15.51,14.0,19.19,88.88,17.99
2026-01-02,sv3pt5-4,502555,Normal,0.12,0.01,0.15,50.0,0.06
2026-01-02,sv3pt5-4,502555,Reverse Holofoil,0.23,0.07,0.25,3.99,0.23
2026-01-02,sv3pt5-6,502558,Holofoil,5.43,3.89,5.05,300.0,5.76
2026-01-02,sv3pt5-7,502548,Normal,0.22,0.01,0.19,1.5,0.09
2026-01-02,sv3pt5-7,502548,Reverse Holofoil,0.22,0.01,0.25,50.0,0.24
2026-01-02,sv4pt5-234,535090,Holofoil,203.66,185.0,236.28,799.97,349.99
2026-01-02,sv4pt5-54,534416,Holofoil,3.79,2.2,3.8,60.0,
2026-01-02,sv8-57,590025,Holofoil,4.05,3.18,4.99,29.99,3.83
2026-01-02,sv8pt5-149,610504,Holofoil,182.9,160.99,192.0,999.0,
2026-01-02,sv8pt5-155,610510,Holofoil,199.08,194.0,214.13,999.0,
2026-01-02,sv8pt5-156,610511,Holofoil,303.75,290.0,336.49,999.0,323.97
2026-01-02,sv8pt5-161,610516,Holofoil,813.14,868.99,1050.0,5000.0,
2026-01-02,sv8pt5-167,610522,Holofoil,108.19,104.49,115.77,999.0,
2026-01-02,sv8pt5-179,610534,Holofoil,39.05,36.85,48.22,999.0,
2026-01-02,sv8pt5-28,610383,Holofoil,1.2,0.6,1.29,999.0,
2026-01-02,sv8pt5-47,610402,Normal,0.04,0.01,0.1,999.0,0.02
2026-01-02,sv8pt5-47,610402,Reverse Holofoil,0.11,0.01,0.13,999.0,0.06
2026-01-02,sv8pt5-59,610414,Holofoil,0.35,0.01,0.29,999.0,0.15
2026-01-02,sv8pt5-59,610414,Reverse Holofoil,0.33,0.01,0.37,999.0,0.25
2026-01-02,sv8pt5-60,610415,Holofoil,4.25,2.3,4.87,999.0,4.16
2026-01-02,svp-085,518861,Normal,500.2,474.01,650.99,2500.0,699.0
2026-01-02,swsh11-186,284137,Holofoil,585.46,463.95,611.82,899.0,699.67
2026-01-02,swsh12-186,451834,Holofoil,340.54,335.0,397.74,2000.0,387.93
2026-01-02,swsh12pt5gg-GG69,478100,Holofoil,176.34,158.48,205.0,399.0,199.93
2026-01-02,swsh35-25,223018,Normal,0.1,0.03,0.16,2.1,0.04
2026-01-02,swsh35-25,223018,Reverse Holofoil,0.29,0.09,0.29,2.0,
2026-01-02,swsh35-74,223073,Holofoil,183.49,145.0,212.34,1500.0,189.99
2026-01-02,swsh45sv-SV107,232496,Holofoil,120.87,105.0,143.28,349.95,120.0
2026-01-02,swsh7-204,246693,Holofoil,31.92,28.99,34.23,150.0,31.99
2026-01-02,swsh7-205,246696,Holofoil,344.08,289.99,383.5,542.0,363.96
2026-01-02,swsh7-208,246755,Holofoil,29.03,23.55,30.0,48.95,32.49
2026-01-02,swsh7-209,246756,Holofoil,296.84,252.35,294.79,419.79,285.53
2026-01-02,swsh7-211,246702,Holofoil,50.0,36.9,50.06,75.0,
2026-01-02,swsh7-212,246704,Holofoil,341.8,275.0,370.43,1000.0,374.96
2026-01-02,swsh7-215,246723,Holofoil,1775.17,1449.0,1994.99,4000.0,1979.9
2026-01-02,swsh7-218,246733,Holofoil,664.2,522.0,699.97,950.0,699.93
2026-01-02,swsh7-41,246753,Holofoil,5.52,3.49,5.99,25.0,5.77
2026-01-02,swsh7-65,246690,Holofoil,10.6,7.99,11.99,500.0,10.8
2026-01-02,swsh7-75,246701,Holofoil,13.37,10.19,14.22,70.0,7.69
2026-01-02,swsh7-8,246691,Holofoil,7.04,5.0,7.03,100.0,10.39
2026-01-02,swsh8-271,253266,Holofoil,688.47,581.73,756.71,1499.95,756.71
2026-01-02,swsh9-154,263873,Holofoil,228.65,205.95,299.99,1500.0,255.27
2026-01-03,base1-15,42355,Holofoil,128.69,74.0,128.2,999.98,
2026-01-03,base1-16,42356,Holofoil,38.62,21.3,33.17,9999.0,
2026-01-03,base1-2,42360,Holofoil,162.95,103.74,121.17,499.99,
2026-01-03,base1-4,42382,Holofoil,483.24,354.94,531.46,1500.0,
2026-01-03,base1-58,42402,Normal,4.34,0.5,2.0,9999.0,
2026-01-03,cel25c-4,250320,Holofoil,129.2,98.98,140.4,499.99,135.41
2026-01-03,gym2-2,83861,1st Edition Holofoil,926.01,500.0,873.66,1199.99,
2026-01-03,gym2-2,83861,Unlimited Holofoil,476.04,399.0,515.55,629.48,490.3
2026-01-03,neo1-9,86903,1st Edition Holofoil,924.0,1798.75,1800.0,2700.0,
2026-01-03,neo1-9,86903,Unlimited Holofoil,409.27,325.0,395.0,498.35,
2026-01-03,sl-151-bundle,502000,Normal,102.63,92.5,110.0,999.99,
2026-01-03,sl-151-etb,503313,Normal,376.74,373.88,495.48,1000.0,
2026-01-03,sl-151-upc,502005,Normal,594.63,591.0,700.0,40000.0,
2026-01-03,sl-ar-box,265519,Normal,390.28,380.0,455.0,899.99,
2026-01-03,sl-bs-box,256141,Normal,549.76,489.99,710.0,5000.0,
2026-01-03,sl-cel-upc,245140,Normal,820.62,835.79,1000.0,154722.59,
2026-01-03,sl-champ-etb,218791,Normal,161.89,154.98,192.25,500.0,
2026-01-03,sl-cz-etb,453470,Normal,216.41,225.0,258.97,785.0,
2026-01-03,sl-dr-box,624679,Normal,397.8,394.99,489.99,8498.0,
2026-01-03,sl-evs-box,242436,Normal,2187.81,2150.0,3251.3,12000.0,
2026-01-03,sl-evs-etb,243721,Normal,709.61,752.0,999.49,1999.99,
2026-01-03,sl-fs-box,247654,Normal,846.44,949.0,1100.0,2900.0,
2026-01-03,sl-hf-etb,194729,Normal,399.39,424.71,520.94,9999.98,
2026-01-03,sl-jp-151,565243,Normal,196.63,199.0,219.45,399.99,
2026-01-03,sl-jp-terastal,603428,Normal,108.38,99.99,122.5,200.0,
2026-01-03,sl-jt-box,610931,Normal,245.2,244.88,270.0,551.0,
2026-01-03,sl-lo-box,277324,Normal,683.43,747.0,953.97,2500.0,
2026-01-03,sl-me1-box,644298,Normal,254.2,250.0,298.95,500.0,
2026-01-03,sl-obf-box,501257,Normal,293.7,291.04,340.0,799.99,
2026-01-03,sl-pe-etb,593355,Normal,125.07,119.95,149.99,1115.0,
2026-01-03,sl-pe-spc,622770,Normal,237.69,237.5,304.0,999.0,
2026-01-03,sl-pf-etb,528040,Normal,263.71,269.69,299.99,775.0,
2026-01-03,sl-phf-box,654137,Normal,219.6,212.67,274.18,599.0,
2026-01-03,sl-shf-etb,228821,Normal,107.82,100.0,124.95,500.11,
2026-01-03,sl-ss-box,565606,Normal,250.18,240.0,315.99,4999.99,
2026-01-03,sl-st-box,283389,Normal,436.8,470.0,593.12,1000.0,
2026-01-03,sl-tf-box,536225,Normal,255.59,264.5,285.0,779.99,
2026-01-03,sv2-185,497557,Normal,0.4,0.05,0.44,4.99,
2026-01-03,sv2-185,497557,Reverse Holofoil,0.8,0.25,0.84,6.99,
2026-01-03,sv2-254,497669,Holofoil,13.44,12.0,15.5,100.0,
2026-01-03,sv2-269,497689,Holofoil,46.9,43.9,53.63,259.99,
2026-01-03,sv3pt5-151,516566,Holofoil,7.9,5.25,8.11,100.0,9.41
2026-01-03,sv3pt5-199,517045,Holofoil,259.49,203.02,298.06,1000.0,
2026-01-03,sv3pt5-205,517051,Holofoil,16.01,14.0,19.15,88.88,19.81
2026-01-03,sv3pt5-4,502555,Normal,0.1,0.01,0.15,50.0,
2026-01-03,sv3pt5-4,502555,Reverse Holofoil,0.25,0.07,0.25,3.99,
2026-01-03,sv3pt5-6,502558,Holofoil,5.46,3.8,5.38,300.0,
2026-01-03,sv3pt5-7,502548,Normal,0.17,0.01,0.17,1.5,
2026-01-03,sv3pt5-7,502548,Reverse Holofoil,0.24,0.01,0.25,50.0,
2026-01-03,sv4pt5-234,535090,Holofoil,201.63,185.0,235.43,799.97,349.99
2026-01-03,sv4pt5-54,534416,Holofoil,3.57,2.78,3.82,60.0,
2026-01-03,sv8-57,590025,Holofoil,4.4,3.17,4.99,29.99,5.29
2026-01-03,sv8pt5-149,610504,Holofoil,183.68,162.0,192.01,999.0,
2026-01-03,sv8pt5-155,610510,Holofoil,199.08,189.99,214.93,999.0,
2026-01-03,sv8pt5-156,610511,Holofoil,304.31,290.0,333.97,999.0,319.53
2026-01-03,sv8pt5-161,610516,Holofoil,962.38,800.0,1050.0,5000.0,
2026-01-03,sv8pt5-167,610522,Holofoil,108.28,104.49,115.88,999.0,
2026-01-03,sv8pt5-179,610534,Holofoil,39.02,36.85,48.46,999.0,
2026-01-03,sv8pt5-28,610383,Holofoil,1.26,0.6,1.32,999.0,
2026-01-03,sv8pt5-47,610402,Normal,0.04,0.01,0.1,999.0,0.03
2026-01-03,sv8pt5-47,610402,Reverse Holofoil,0.11,0.01,0.13,999.0,0.06
2026-01-03,sv8pt5-59,610414,Holofoil,0.37,0.01,0.3,999.0,0.15
2026-01-03,sv8pt5-59,610414,Reverse Holofoil,0.28,0.01,0.36,999.0,0.24
2026-01-03,sv8pt5-60,610415,Holofoil,4.3,2.5,4.86,999.0,5.1
2026-01-03,svp-085,518861,Normal,500.2,474.01,660.0,2500.0,699.0
2026-01-03,swsh11-186,284137,Holofoil,585.46,480.0,625.0,1500.0,698.95
2026-01-03,swsh12-186,451834,Holofoil,340.54,335.0,394.5,2000.0,387.93
2026-01-03,swsh12pt5gg-GG69,478100,Holofoil,177.18,158.48,208.15,1000.0,199.93
2026-01-03,swsh35-25,223018,Normal,0.1,0.03,0.17,19.97,0.1
2026-01-03,swsh35-25,223018,Reverse Holofoil,0.29,0.09,0.29,2.0,
2026-01-03,swsh35-74,223073,Holofoil,183.49,145.0,199.99,1500.0,189.99
2026-01-03,swsh45sv-SV107,232496,Holofoil,119.98,105.0,143.77,349.95,120.0
2026-01-03,swsh7-204,246693,Holofoil,31.92,28.99,33.99,150.0,31.98
2026-01-03,swsh7-205,246696,Holofoil,336.77,289.99,377.61,531.6,353.61
2026-01-03,swsh7-208,246755,Holofoil,29.03,23.55,30.0,48.95,32.49
2026-01-03,swsh7-209,246756,Holofoil,293.48,249.5,294.52,419.79,285.52
2026-01-03,swsh7-211,246702,Holofoil,50.0,36.9,50.06,75.0,49.99
2026-01-03,swsh7-212,246704,Holofoil,341.8,300.0,370.43,1000.0,358.89
2026-01-03,swsh7-215,246723,Holofoil,1784.76,1449.99,1987.49,4000.0,1979.88
2026-01-03,swsh7-218,246733,Holofoil,661.62,522.0,699.92,950.0,694.7
2026-01-03,swsh7-41,246753,Holofoil,5.41,3.0,5.94,25.0,5.4
2026-01-03,swsh7-65,246690,Holofoil,10.64,7.99,11.99,500.0,12.27
2026-01-03,swsh7-75,246701,Holofoil,13.16,10.19,14.16,70.0,13.09
2026-01-03,swsh7-8,246691,Holofoil,6.91,5.0,7.2,100.0,10.39
2026-01-03,swsh8-271,253266,Holofoil,688.17,585.61,750.96,1499.95,741.58
2026-01-03,swsh9-154,263873,Holofoil,228.65,209.01,299.22,1500.0,240.08
2026-01-04,base1-15,42355,Holofoil,131.64,74.0,122.86,999.98,
2026-01-04,base1-16,42356,Holofoil,39.95,20.0,33.17,9999.0,
2026-01-04,base1-2,42360,Holofoil,163.11,103.74,120.84,499.99,
2026-01-04,base1-4,42382,Holofoil,483.24,351.0,474.5,1500.0,
2026-01-04,base1-58,42402,Normal,4.33,0.5,1.99,9999.0,
2026-01-04,cel25c-4,250320,Holofoil,129.2,98.75,147.12,499.99,135.41
2026-01-04,gym2-2,83861,1st Edition Holofoil,926.01,500.0,873.66,1199.99,
2026-01-04,gym2-2,83861,Unlimited Holofoil,476.04,399.0,515.55,629.48,490.3
2026-01-04,neo1-9,86903,1st Edition Holofoil,924.0,1798.75,1800.0,2700.0,
2026-01-04,neo1-9,86903,Unlimited Holofoil,409.27,325.0,395.0,498.35,
2026-01-04,sl-151-bundle,502000,Normal,102.33,92.5,119.95,999.99,
2026-01-04,sl-151-etb,503313,Normal,376.74,373.88,495.0,1000.0,
2026-01-04,sl-151-upc,502005,Normal,594.63,588.99,700.0,40000.0,
2026-01-04,sl-ar-box,265519,Normal,390.28,380.0,450.0,899.99,
2026-01-04,sl-bs-box,256141,Normal,556.74,489.99,719.99,5000.0,
2026-01-04,sl-cel-upc,245140,Normal,820.62,835.79,1000.0,154722.59,
2026-01-04,sl-champ-etb,218791,Normal,161.89,158.99,193.63,500.0,
2026-01-04,sl-cz-etb,453470,Normal,217.23,225.0,274.95,785.0,
2026-01-04,sl-dr-box,624679,Normal,401.59,394.99,489.99,8498.0,
2026-01-04,sl-evs-box,242436,Normal,2204.17,2150.0,3251.3,12000.0,
2026-01-04,sl-evs-etb,243721,Normal,709.61,752.0,999.49,1999.99,
2026-01-04,sl-fs-box,247654,Normal,850.53,930.99,1199.94,3000.0,
2026-01-04,sl-hf-etb,194729,Normal,401.5,437.99,542.74,9999.98,
2026-01-04,sl-jp-151,565243,Normal,199.34,199.0,219.99,399.99,
2026-01-04,sl-jp-terastal,603428,Normal,107.65,99.99,120.0,200.0,
2026-01-04,sl-jt-box,610931,Normal,246.86,244.88,270.0,551.0,
2026-01-04,sl-lo-box,277324,Normal,685.04,747.0,957.94,2500.0,
2026-01-04,sl-me1-box,644298,Normal,254.57,255.0,298.98,500.0,
2026-01-04,sl-obf-box,501257,Normal,293.58,285.85,332.5,799.99,
2026-01-04,sl-pe-etb,593355,Normal,124.2,113.99,146.5,1115.0,
2026-01-04,sl-pe-spc,622770,Normal,238.67,237.5,320.0,999.0,
2026-01-04,sl-pf-etb,528040,Normal,263.71,269.0,300.0,775.0,
2026-01-04,sl-phf-box,654137,Normal,238.45,234.0,270.0,599.0,
2026-01-04,sl-shf-etb,228821,Normal,108.02,100.0,124.95,500.11,
2026-01-04,sl-ss-box,565606,Normal,248.66,240.0,317.99,4999.99,
2026-01-04,sl-st-box,283389,Normal,417.77,470.0,585.0,1000.0,
2026-01-04,sl-tf-box,536225,Normal,256.43,264.5,285.0,779.99,
2026-01-04,sv2-185,497557,Normal,0.36,0.05,0.44,4.99,
2026-01-04,sv2-185,497557,Reverse Holofoil,0.78,0.25,0.86,6.99,
2026-01-04,sv2-254,497669,Holofoil,13.53,12.0,15.52,100.0,
2026-01-04,sv2-269,497689,Holofoil,46.86,43.9,54.41,259.99,
2026-01-04,sv3pt5-151,516566,Holofoil,7.84,6.3,8.08,100.0,
2026-01-04,sv3pt5-199,517045,Holofoil,253.48,200.0,295.0,1000.0,
2026-01-04,sv3pt5-205,517051,Holofoil,16.47,14.0,19.57,88.88,
2026-01-04,sv3pt5-4,502555,Normal,0.11,0.01,0.15,20.0,
2026-01-04,sv3pt5-4,502555,Reverse Holofoil,0.27,0.07,0.27,3.99,
2026-01-04,sv3pt5-6,502558,Holofoil,4.86,2.98,5.25,300.0,
2026-01-04,sv3pt5-7,502548,Normal,0.13,0.01,0.16,1.5,
2026-01-04,sv3pt5-7,502548,Reverse Holofoil,0.26,0.01,0.25,50.0,
2026-01-04,sv4pt5-234,535090,Holofoil,202.49,185.0,236.28,799.97,349.99
2026-01-04,sv4pt5-54,534416,Holofoil,3.69,2.78,3.85,60.0,
2026-01-04,sv8-57,590025,Holofoil,4.14,3.0,4.94,29.99,
2026-01-04,sv8pt5-149,610504,Holofoil,183.68,162.49,191.94,999.0,
2026-01-04,sv8pt5-155,610510,Holofoil,199.04,189.98,211.37,999.0,
2026-01-04,sv8pt5-156,610511,Holofoil,305.1,290.0,334.88,999.0,
2026-01-04,sv8pt5-161,610516,Holofoil,954.34,800.0,1050.04,5000.0,
2026-01-04,sv8pt5-167,610522,Holofoil,107.94,103.0,115.51,999.0,
2026-01-04,sv8pt5-179,610534,Holofoil,39.02,36.61,48.51,999.0,
2026-01-04,sv8pt5-28,610383,Holofoil,1.34,0.6,1.31,999.0,
2026-01-04,sv8pt5-47,610402,Normal,0.04,0.01,0.1,999.0,0.03
2026-01-04,sv8pt5-47,610402,Reverse Holofoil,0.12,0.01,0.13,999.0,0.06
2026-01-04,sv8pt5-59,610414,Holofoil,0.29,0.01,0.29,999.0,0.15
2026-01-04,sv8pt5-59,610414,Reverse Holofoil,0.27,0.01,0.35,999.0,0.24
2026-01-04,sv8pt5-60,610415,Holofoil,3.83,2.99,4.88,999.0,
2026-01-04,svp-085,518861,Normal,500.2,474.01,660.0,2500.0,699.0
2026-01-04,swsh11-186,284137,Holofoil,585.46,480.0,625.0,1500.0,698.95
2026-01-04,swsh12-186,451834,Holofoil,340.79,335.0,394.0,2000.0,387.93
2026-01-04,swsh12pt5gg-GG69,478100,Holofoil,178.38,170.0,206.99,1000.0,199.93
2026-01-04,swsh35-25,223018,Normal,0.1,0.04,0.16,2.1,
2026-01-04,swsh35-25,223018,Reverse Holofoil,0.25,0.09,0.29,2.0,
2026-01-04,swsh35-74,223073,Holofoil,181.99,145.0,224.68,1500.0,189.99
2026-01-04,swsh45sv-SV107,232496,Holofoil,121.27,105.0,144.65,349.95,120.0
2026-01-04,swsh7-204,246693,Holofoil,31.68,29.3,33.75,150.0,31.99
2026-01-04,swsh7-205,246696,Holofoil,336.77,289.99,377.61,531.2,353.6
2026-01-04,swsh7-208,246755,Holofoil,28.94,23.55,30.0,48.95,32.37
2026-01-04,swsh7-209,246756,Holofoil,293.48,249.5,294.57,419.79,202.29
2026-01-04,swsh7-211,246702,Holofoil,50.0,36.9,50.06,75.0,49.99
2026-01-04,swsh7-212,246704,Holofoil,339.02,325.0,368.84,1000.0,358.89
2026-01-04,swsh7-215,246723,Holofoil,1784.76,1449.99,1994.99,4000.0,1979.88
2026-01-04,swsh7-218,246733,Holofoil,661.62,525.0,699.93,950.0,694.7
2026-01-04,swsh7-41,246753,Holofoil,5.38,3.0,5.85,25.0,7.19
2026-01-04,swsh7-65,246690,Holofoil,10.58,7.99,12.0,500.0,
2026-01-04,swsh7-75,246701,Holofoil,12.72,10.19,14.05,70.0,13.99
2026-01-04,swsh7-8,246691,Holofoil,6.88,4.0,7.03,100.0,10.53
2026-01-04,swsh8-271,253266,Holofoil,688.17,585.61,749.0,1499.95,741.58
2026-01-04,swsh9-154,263873,Holofoil,228.65,209.01,299.99,1500.0,240.08
2026-01-05,base1-15,42355,Holofoil,131.64,72.0,122.86,999.98,
2026-01-05,base1-16,42356,Holofoil,40.38,20.0,33.5,9999.0,
2026-01-05,base1-2,42360,Holofoil,162.73,101.59,123.93,499.99,
2026-01-05,base1-4,42382,Holofoil,483.24,352.0,482.79,1500.0,
2026-01-05,base1-58,42402,Normal,4.08,0.5,2.0,9999.0,
2026-01-05,cel25c-4,250320,Holofoil,130.16,98.41,144.62,499.99,139.04
2026-01-05,gym2-2,83861,1st Edition Holofoil,926.01,500.0,775.0,1019.99,
2026-01-05,gym2-2,83861,Unlimited Holofoil,476.04,490.3,538.35,634.27,490.3
2026-01-05,neo1-9,86903,1st Edition Holofoil,924.0,1798.75,1800.0,2700.0,
2026-01-05,neo1-9,86903,Unlimited Holofoil,409.27,325.0,395.0,498.35,
2026-01-05,sl-151-bundle,502000,Normal,101.79,92.5,119.99,999.99,
2026-01-05,sl-151-etb,503313,Normal,377.7,373.88,495.48,1000.0,
2026-01-05,sl-151-upc,502005,Normal,594.23,588.99,715.0,40000.0,
2026-01-05,sl-ar-box,265519,Normal,390.28,381.98,455.0,899.99,
2026-01-05,sl-bs-box,256141,Normal,554.19,489.99,719.99,5000.0,
2026-01-05,sl-cel-upc,245140,Normal,821.74,835.79,999.99,154722.59,
2026-01-05,sl-champ-etb,218791,Normal,162.85,155.99,193.63,500.0,
2026-01-05,sl-cz-etb,453470,Normal,218.77,225.0,275.0,785.0,
2026-01-05,sl-dr-box,624679,Normal,392.02,394.99,489.99,8498.0,
2026-01-05,sl-evs-box,242436,Normal,2206.13,2150.0,3385.0,12000.0,
2026-01-05,sl-evs-etb,243721,Normal,709.61,752.0,999.98,2999.99,
2026-01-05,sl-fs-box,247654,Normal,852.77,930.99,1199.95,3000.0,
2026-01-05,sl-hf-etb,194729,Normal,404.22,440.0,550.0,9999.98,
2026-01-05,sl-jp-151,565243,Normal,201.45,199.99,220.0,399.99,
2026-01-05,sl-jp-terastal,603428,Normal,107.17,99.99,120.0,200.0,
2026-01-05,sl-jt-box,610931,Normal,247.86,231.4,270.0,551.0,
2026-01-05,sl-lo-box,277324,Normal,683.48,746.5,957.94,2500.0,
2026-01-05,sl-me1-box,644298,Normal,252.36,235.0,298.95,500.0,
2026-01-05,sl-obf-box,501257,Normal,293.58,288.85,340.0,799.99,
2026-01-05,sl-pe-etb,593355,Normal,125.58,115.01,148.73,1115.0,
2026-01-05,sl-pe-spc,622770,Normal,241.75,237.5,320.0,999.0,
2026-01-05,sl-pf-etb,528040,Normal,264.1,269.69,300.0,775.0,
2026-01-05,sl-phf-box,654137,Normal,232.76,221.57,270.0,599.0,
2026-01-05,sl-shf-etb,228821,Normal,107.34,100.0,120.0,500.11,
2026-01-05,sl-ss-box,565606,Normal,243.78,235.0,317.99,4999.99,
2026-01-05,sl-st-box,283389,Normal,433.72,470.0,596.54,9999.99,
2026-01-05,sl-tf-box,536225,Normal,256.43,264.5,285.0,779.99,
2026-01-05,sv2-185,497557,Normal,0.33,0.05,0.44,4.99,
2026-01-05,sv2-185,497557,Reverse Holofoil,0.67,0.25,0.8,6.99,
2026-01-05,sv2-254,497669,Holofoil,13.88,12.0,15.77,100.0,16.15
2026-01-05,sv2-269,497689,Holofoil,46.42,43.9,54.7,259.99,
2026-01-05,sv3pt5-151,516566,Holofoil,7.79,6.3,8.14,100.0,
2026-01-05,sv3pt5-199,517045,Holofoil,249.86,205.01,297.12,1000.0,
2026-01-05,sv3pt5-205,517051,Holofoil,15.96,14.0,19.73,88.88,
2026-01-05,sv3pt5-4,502555,Normal,0.15,0.01,0.15,20.0,
2026-01-05,sv3pt5-4,502555,Reverse Holofoil,0.31,0.07,0.28,3.0,
2026-01-05,sv3pt5-6,502558,Holofoil,4.76,2.98,5.25,300.0,
2026-01-05,sv3pt5-7,502548,Normal,0.12,0.01,0.15,1.5,
2026-01-05,sv3pt5-7,502548,Reverse Holofoil,0.2,0.01,0.25,50.0,
2026-01-05,sv4pt5-234,535090,Holofoil,203.05,184.49,237.13,799.97,349.98
2026-01-05,sv4pt5-54,534416,Holofoil,3.61,2.78,3.85,60.0,
2026-01-05,sv8-57,590025,Holofoil,4.13,3.18,4.93,29.99,4.14
2026-01-05,sv8pt5-149,610504,Holofoil,183.16,164.19,191.95,999.0,
2026-01-05,sv8pt5-155,610510,Holofoil,198.83,189.5,211.37,999.0,
2026-01-05,sv8pt5-156,610511,Holofoil,305.73,290.0,334.14,999.0,
2026-01-05,sv8pt5-161,610516,Holofoil,947.46,800.0,1050.0,5000.0,
2026-01-05,sv8pt5-167,610522,Holofoil,107.45,102.33,115.0,999.0,
2026-01-05,sv8pt5-179,610534,Holofoil,38.77,36.61,48.51,999.0,
2026-01-05,sv8pt5-28,610383,Holofoil,1.4,0.4,1.35,999.0,1.4
2026-01-05,sv8pt5-47,610402,Normal,0.04,0.01,0.1,999.0,0.03
2026-01-05,sv8pt5-47,610402,Reverse Holofoil,0.13,0.01,0.14,999.0,0.06
2026-01-05,sv8pt5-59,610414,Holofoil,0.25,0.01,0.27,999.0,0.15
2026-01-05,sv8pt5-59,610414,Reverse Holofoil,0.29,0.01,0.36,999.0,0.25
2026-01-05,sv8pt5-60,610415,Holofoil,3.79,3.14,4.81,999.0,4.81
2026-01-05,svp-085,518861,Normal,503.16,474.01,674.5,2500.0,699.0
2026-01-05,swsh11-186,284137,Holofoil,589.52,480.0,630.0,1500.0,699.67
2026-01-05,swsh12-186,451834,Holofoil,342.35,335.0,393.91,2000.0,387.93
2026-01-05,swsh12pt5gg-GG69,478100,Holofoil,180.5,170.61,204.98,1000.0,199.92
2026-01-05,swsh35-25,223018,Normal,0.11,0.04,0.16,2.1,
2026-01-05,swsh35-25,223018,Reverse Holofoil,0.24,0.09,0.27,2.0,
2026-01-05,swsh35-74,223073,Holofoil,181.99,145.0,224.68,1500.0,189.99
2026-01-05,swsh45sv-SV107,232496,Holofoil,121.07,105.0,144.32,349.95,120.0
2026-01-05,swsh7-204,246693,Holofoil,31.72,29.3,33.99,150.0,31.98
2026-01-05,swsh7-205,246696,Holofoil,334.18,289.99,376.73,528.0,363.95
2026-01-05,swsh7-208,246755,Holofoil,28.94,23.55,30.0,48.95,32.1
2026-01-05,swsh7-209,246756,Holofoil,293.48,202.29,294.57,419.79,202.29
2026-01-05,swsh7-211,246702,Holofoil,49.92,36.9,50.11,75.0,49.99
2026-01-05,swsh7-212,246704,Holofoil,339.02,299.0,369.99,1000.0,374.96
2026-01-05,swsh7-215,246723,Holofoil,1784.76,1449.99,1979.98,4000.0,1849.99
2026-01-05,swsh7-218,246733,Holofoil,661.62,525.0,699.93,1047.61,699.91
2026-01-05,swsh7-41,246753,Holofoil,4.87,2.99,5.84,25.0,7.12
2026-01-05,swsh7-65,246690,Holofoil,10.49,7.99,12.0,500.0,
2026-01-05,swsh7-75,246701,Holofoil,12.31,10.19,14.15,70.0,17.99
2026-01-05,swsh7-8,246691,Holofoil,6.69,4.0,7.03,100.0,10.53
2026-01-05,swsh8-271,253266,Holofoil,688.17,585.61,748.0,1499.95,741.58
2026-01-05,swsh9-154,263873,Holofoil,229.28,209.01,304.78,1500.0,255.27
2026-01-06,base1-15,42355,Holofoil,131.64,74.0,113.24,999.98,
2026-01-06,base1-16,42356,Holofoil,40.38,20.0,33.0,9999.0,24.0
2026-01-06,base1-2,42360,Holofoil,162.73,100.0,121.91,499.99,
2026-01-06,base1-4,42382,Holofoil,483.24,354.94,491.39,1500.0,
2026-01-06,base1-58,42402,Normal,4.23,0.5,2.0,9999.0,1.48
2026-01-06,cel25c-4,250320,Holofoil,130.59,99.95,143.67,499.99,100.94
2026-01-06,gym2-2,83861,1st Edition Holofoil,852.01,500.0,775.0,1019.99,
2026-01-06,gym2-2,83861,Unlimited Holofoil,476.04,499.99,562.03,629.48,556.69
2026-01-06,neo1-9,86903,1st Edition Holofoil,924.0,1798.75,1800.0,2700.0,
2026-01-06,neo1-9,86903,Unlimited Holofoil,409.27,324.0,395.0,498.35,
2026-01-06,sl-151-bundle,502000,Normal,101.65,92.5,119.99,999.99,
2026-01-06,sl-151-etb,503313,Normal,377.7,373.88,487.5,600.0,
2026-01-06,sl-151-upc,502005,Normal,592.35,591.0,724.84,40000.0,
2026-01-06,sl-ar-box,265519,Normal,390.28,360.99,452.5,899.99,
2026-01-06,sl-bs-box,256141,Normal,557.27,489.99,700.0,5000.0,
2026-01-06,sl-cel-upc,245140,Normal,823.18,835.79,994.99,154722.59,
2026-01-06,sl-champ-etb,218791,Normal,163.53,161.89,194.32,500.0,
2026-01-06,sl-cz-etb,453470,Normal,221.33,225.0,282.49,785.0,
2026-01-06,sl-dr-box,624679,Normal,392.39,385.0,481.0,8498.0,
2026-01-06,sl-evs-box,242436,Normal,2207.93,2300.0,3385.0,12000.0,
2026-01-06,sl-evs-etb,243721,Normal,709.61,752.0,999.98,2999.99,
2026-01-06,sl-fs-box,247654,Normal,856.73,930.99,1199.99,3000.0,
2026-01-06,sl-hf-etb,194729,Normal,406.58,440.0,542.74,9999.98,
2026-01-06,sl-jp-151,565243,Normal,202.13,199.99,220.0,399.99,
2026-01-06,sl-jp-terastal,603428,Normal,109.16,99.99,120.0,200.0,
2026-01-06,sl-jt-box,610931,Normal,247.96,231.4,270.0,551.0,
2026-01-06,sl-lo-box,277324,Normal,690.64,746.49,987.44,2500.0,
2026-01-06,sl-me1-box,644298,Normal,253.76,235.0,298.95,500.0,
2026-01-06,sl-obf-box,501257,Normal,293.58,288.84,332.5,799.99,
2026-01-06,sl-pe-etb,593355,Normal,123.44,116.0,148.0,1115.0,
2026-01-06,sl-pe-spc,622770,Normal,242.73,237.5,324.99,999.0,
2026-01-06,sl-pf-etb,528040,Normal,266.44,269.69,308.99,775.0,
2026-01-06,sl-phf-box,654137,Normal,238.15,221.57,274.18,599.0,
2026-01-06,sl-shf-etb,228821,Normal,108.04,100.0,122.48,500.11,
2026-01-06,sl-ss-box,565606,Normal,252.06,230.0,319.99,4999.99,
2026-01-06,sl-st-box,283389,Normal,436.32,470.0,593.12,9999.99,
2026-01-06,sl-tf-box,536225,Normal,262.03,264.5,285.0,779.99,
2026-01-06,sv2-185,497557,Normal,0.36,0.05,0.44,4.99,
2026-01-06,sv2-185,497557,Reverse Holofoil,0.61,0.25,0.78,6.99,0.5
2026-01-06,sv2-254,497669,Holofoil,14.0,12.0,15.64,100.0,15.99
2026-01-06,sv2-269,497689,Holofoil,46.22,44.0,54.7,259.99,46.95
2026-01-06,sv3pt5-151,516566,Holofoil,7.78,6.3,8.11,100.0,10.62
2026-01-06,sv3pt5-199,517045,Holofoil,249.86,204.74,291.95,1000.0,293.89
2026-01-06,sv3pt5-205,517051,Holofoil,16.41,14.48,19.5,88.88,19.49
2026-01-06,sv3pt5-4,502555,Normal,0.16,0.01,0.16,20.0,0.1
2026-01-06,sv3pt5-4,502555,Reverse Holofoil,0.29,0.07,0.29,3.0,0.23
2026-01-06,sv3pt5-6,502558,Holofoil,4.94,2.98,5.19,300.0,6.16
2026-01-06,sv3pt5-7,502548,Normal,0.12,0.01,0.15,1.5,0.09
2026-01-06,sv3pt5-7,502548,Reverse Holofoil,0.23,0.01,0.25,50.0,0.2
2026-01-06,sv4pt5-234,535090,Holofoil,202.84,184.49,235.43,799.97,349.98
2026-01-06,sv4pt5-54,534416,Holofoil,3.55,2.78,3.85,60.0,4.5
2026-01-06,sv8-57,590025,Holofoil,4.18,2.99,4.75,29.99,3.43
2026-01-06,sv8pt5-149,610504,Holofoil,182.38,167.13,191.97,999.0,
2026-01-06,sv8pt5-155,610510,Holofoil,198.45,195.0,214.72,999.0,
2026-01-06,sv8pt5-156,610511,Holofoil,306.92,275.0,333.8,999.0,
2026-01-06,sv8pt5-161,610516,Holofoil,949.38,909.99,1050.0,5000.0,
2026-01-06,sv8pt5-167,610522,Holofoil,107.95,103.5,115.0,999.0,112.99
2026-01-06,sv8pt5-179,610534,Holofoil,38.84,36.49,48.0,999.0,
2026-01-06,sv8pt5-28,610383,Holofoil,1.24,0.4,1.34,999.0,1.21
2026-01-06,sv8pt5-47,610402,Normal,0.03,0.01,0.1,999.0,0.03
2026-01-06,sv8pt5-47,610402,Reverse Holofoil,0.12,0.01,0.14,999.0,0.06
2026-01-06,sv8pt5-59,610414,Holofoil,0.26,0.01,0.27,999.0,0.15
2026-01-06,sv8pt5-59,610414,Reverse Holofoil,0.29,0.01,0.35,999.0,0.25
2026-01-06,sv8pt5-60,610415,Holofoil,3.84,3.0,4.75,999.0,4.02
2026-01-06,svp-085,518861,Normal,503.16,449.99,674.5,2500.0,699.0
2026-01-06,swsh11-186,284137,Holofoil,587.33,480.0,622.64,1500.0,699.67
2026-01-06,swsh12-186,451834,Holofoil,342.35,335.0,388.48,2000.0,387.93
2026-01-06,swsh12pt5gg-GG69,478100,Holofoil,181.94,170.61,206.0,1000.0,199.92
2026-01-06,swsh35-25,223018,Normal,0.11,0.04,0.16,2.1,
2026-01-06,swsh35-25,223018,Reverse Holofoil,0.25,0.09,0.26,2.0,
2026-01-06,swsh35-74,223073,Holofoil,181.99,145.0,199.99,1500.0,189.99
2026-01-06,swsh45sv-SV107,232496,Holofoil,121.07,105.0,144.65,349.95,120.0
2026-01-06,swsh7-204,246693,Holofoil,31.72,29.3,33.75,150.0,31.98
2026-01-06,swsh7-205,246696,Holofoil,334.18,289.99,375.95,528.0,314.99
2026-01-06,swsh7-208,246755,Holofoil,28.61,23.55,30.0,48.95,32.1
2026-01-06,swsh7-209,246756,Holofoil,293.48,202.29,294.52,419.79,202.29
2026-01-06,swsh7-211,246702,Holofoil,49.92,36.9,50.77,75.0,49.99
2026-01-06,swsh7-212,246704,Holofoil,339.02,299.0,369.99,1000.0,374.96
2026-01-06,swsh7-215,246723,Holofoil,1771.37,1449.99,1979.97,4000.0,1849.99
2026-01-06,swsh7-218,246733,Holofoil,661.62,525.0,699.9,950.0,699.89
2026-01-06,swsh7-41,246753,Holofoil,4.98,3.34,5.75,25.0,4.39
2026-01-06,swsh7-65,246690,Holofoil,10.32,8.7,12.0,500.0,11.03
2026-01-06,swsh7-75,246701,Holofoil,12.69,9.95,13.99,70.0,19.04
2026-01-06,swsh7-8,246691,Holofoil,6.92,4.0,7.0,100.0,16.0
2026-01-06,swsh8-271,253266,Holofoil,693.2,585.61,750.0,1499.95,741.58
2026-01-06,swsh9-154,263873,Holofoil,229.28,209.01,299.99,1500.0,259.94
2026-01-07,base1-15,42355,Holofoil,131.64,74.0,127.13,999.98,
2026-01-07,base1-16,42356,Holofoil,41.09,20.0,33.17,120.0,
2026-01-07,base1-2,42360,Holofoil,163.13,99.68,117.18,499.99,
2026-01-07,base1-4,42382,Holofoil,483.24,399.68,518.46,1500.0,
2026-01-07,base1-58,42402,Normal,4.16,0.5,2.0,9999.0,0.75
2026-01-07,cel25c-4,250320,Holofoil,129.41,99.95,143.1,499.99,103.73
2026-01-07,gym2-2,83861,1st Edition Holofoil,852.01,500.0,775.0,1019.99,
2026-01-07,gym2-2,83861,Unlimited Holofoil,476.04,499.99,562.03,629.48,556.69
2026-01-07,neo1-9,86903,1st Edition Holofoil,630.33,1798.75,1800.0,2700.0,
2026-01-07,neo1-9,86903,Unlimited Holofoil,409.27,349.0,395.0,649.99,
2026-01-07,sl-151-bundle,502000,Normal,101.75,95.59,119.99,999.99,
2026-01-07,sl-151-etb,503313,Normal,377.7,373.0,479.99,600.0,
2026-01-07,sl-151-upc,502005,Normal,592.71,595.0,737.42,40000.0,
2026-01-07,sl-ar-box,265519,Normal,389.9,388.0,452.5,899.99,
2026-01-07,sl-bs-box,256141,Normal,560.63,489.99,712.5,5000.0,
2026-01-07,sl-cel-upc,245140,Normal,822.74,835.79,1000.0,154722.59,
2026-01-07,sl-champ-etb,218791,Normal,163.53,161.89,194.66,500.0,
2026-01-07,sl-cz-etb,453470,Normal,221.33,223.0,275.0,785.0,
2026-01-07,sl-dr-box,624679,Normal,394.48,383.0,489.99,8498.0,
2026-01-07,sl-evs-box,242436,Normal,2207.54,2350.0,3389.99,12000.0,
2026-01-07,sl-evs-etb,243721,Normal,709.61,752.0,999.99,2999.99,
2026-01-07,sl-fs-box,247654,Normal,866.87,930.99,1199.99,3000.0,
2026-01-07,sl-hf-etb,194729,Normal,408.66,440.0,550.0,9999.98,
2026-01-07,sl-jp-151,565243,Normal,203.1,199.99,220.0,399.99,
2026-01-07,sl-jp-terastal,603428,Normal,107.74,99.99,120.0,200.0,
2026-01-07,sl-jt-box,610931,Normal,247.96,231.4,270.0,551.0,
2026-01-07,sl-lo-box,277324,Normal,690.64,746.49,989.87,2500.0,
2026-01-07,sl-me1-box,644298,Normal,255.24,235.0,292.47,500.0,
2026-01-07,sl-obf-box,501257,Normal,293.98,291.04,340.0,799.99,
2026-01-07,sl-pe-etb,593355,Normal,122.49,116.0,145.0,1115.0,
2026-01-07,sl-pe-spc,622770,Normal,246.66,247.5,325.0,999.0,
2026-01-07,sl-pf-etb,528040,Normal,268.39,273.0,314.49,775.0,
2026-01-07,sl-phf-box,654137,Normal,239.1,221.57,274.99,599.0,
2026-01-07,sl-shf-etb,228821,Normal,108.78,100.0,120.0,500.11,
2026-01-07,sl-ss-box,565606,Normal,251.87,230.0,319.99,4999.99,
2026-01-07,sl-st-box,283389,Normal,436.64,410.0,599.97,9999.99,
2026-01-07,sl-tf-box,536225,Normal,263.27,264.5,287.48,779.99,
2026-01-07,sv2-185,497557,Normal,0.35,0.05,0.44,4.99,
2026-01-07,sv2-185,497557,Reverse Holofoil,0.77,0.25,0.77,6.99,1.74
2026-01-07,sv2-254,497669,Holofoil,14.0,12.0,15.52,100.0,15.99
2026-01-07,sv2-269,497689,Holofoil,46.29,44.0,54.7,259.99,46.95
2026-01-07,sv3pt5-151,516566,Holofoil,9.2,6.3,8.49,118.34,11.23
2026-01-07,sv3pt5-199,517045,Holofoil,249.84,204.74,291.94,1000.0,293.88
2026-01-07,sv3pt5-205,517051,Holofoil,17.41,14.69,19.5,88.88,19.99
2026-01-07,sv3pt5-4,502555,Normal,0.15,0.01,0.17,20.0,0.15
2026-01-07,sv3pt5-4,502555,Reverse Holofoil,0.25,0.07,0.27,3.0,
2026-01-07,sv3pt5-6,502558,Holofoil,5.62,2.98,5.22,300.0,7.5
2026-01-07,sv3pt5-7,502548,Normal,0.14,0.01,0.15,1.5,
2026-01-07,sv3pt5-7,502548,Reverse Holofoil,0.25,0.01,0.25,50.0,0.18
2026-01-07,sv4pt5-234,535090,Holofoil,202.47,185.0,235.28,799.97,209.66
2026-01-07,sv4pt5-54,534416,Holofoil,3.59,2.78,3.88,60.0,4.72
2026-01-07,sv8-57,590025,Holofoil,4.51,2.95,4.75,29.99,5.2
2026-01-07,sv8pt5-149,610504,Holofoil,182.38,167.13,191.53,999.0,
2026-01-07,sv8pt5-155,610510,Holofoil,198.37,189.95,213.34,999.0,
2026-01-07,sv8pt5-156,610511,Holofoil,306.92,290.0,326.39,999.0,
2026-01-07,sv8pt5-161,610516,Holofoil,948.2,907.0,1050.0,5000.0,
2026-01-07,sv8pt5-167,610522,Holofoil,108.27,103.0,115.47,999.0,
2026-01-07,sv8pt5-179,610534,Holofoil,39.13,36.49,48.22,999.0,
2026-01-07,sv8pt5-28,610383,Holofoil,1.12,0.5,1.31,999.0,
2026-01-07,sv8pt5-47,610402,Normal,0.03,0.01,0.1,999.0,0.03
2026-01-07,sv8pt5-47,610402,Reverse Holofoil,0.13,0.01,0.14,999.0,0.06
2026-01-07,sv8pt5-59,610414,Holofoil,0.27,0.01,0.27,999.0,0.15
2026-01-07,sv8pt5-59,610414,Reverse Holofoil,0.34,0.06,0.36,999.0,0.25
2026-01-07,sv8pt5-60,610415,Holofoil,4.2,3.14,4.8,999.0,4.8
2026-01-07,svp-085,518861,Normal,502.65,399.99,669.0,2500.0,699.0
2026-01-07,swsh11-186,284137,Holofoil,587.79,419.99,623.79,1500.0,699.67
2026-01-07,swsh12-186,451834,Holofoil,344.04,333.98,389.0,2000.0,387.93
2026-01-07,swsh12pt5gg-GG69,478100,Holofoil,182.77,170.61,208.49,1000.0,199.91
2026-01-07,swsh35-25,223018,Normal,0.11,0.04,0.16,2.1,
2026-01-07,swsh35-25,223018,Reverse Holofoil,0.25,0.1,0.26,2.0,
2026-01-07,swsh35-74,223073,Holofoil,181.99,134.98,199.99,1500.0,189.99
2026-01-07,swsh45sv-SV107,232496,Holofoil,120.93,105.0,144.99,349.95,134.99
2026-01-07,swsh7-204,246693,Holofoil,31.72,29.3,33.18,150.0,31.98
2026-01-07,swsh7-205,246696,Holofoil,334.18,289.99,375.95,529.4,314.99
2026-01-07,swsh7-208,246755,Holofoil,28.71,23.55,30.0,48.95,32.36
2026-01-07,swsh7-209,246756,Holofoil,293.48,202.29,294.52,419.79,202.29
2026-01-07,swsh7-211,246702,Holofoil,49.86,36.9,54.95,75.0,49.99
2026-01-07,swsh7-212,246704,Holofoil,339.02,299.0,369.99,1000.0,374.96
2026-01-07,swsh7-215,246723,Holofoil,1771.37,1449.99,1979.92,4000.0,1849.99
2026-01-07,swsh7-218,246733,Holofoil,661.62,525.0,699.93,950.0,699.91
2026-01-07,swsh7-41,246753,Holofoil,4.91,3.34,5.78,25.0,4.39
2026-01-07,swsh7-65,246690,Holofoil,10.38,8.7,11.99,500.0,12.64
2026-01-07,swsh7-75,246701,Holofoil,12.74,9.15,13.99,70.0,13.99
2026-01-07,swsh7-8,246691,Holofoil,6.86,4.0,7.0,100.0,6.86
2026-01-07,swsh8-271,253266,Holofoil,693.49,585.61,751.92,1499.95,741.58
2026-01-07,swsh9-154,263873,Holofoil,228.23,209.01,298.45,1500.0,259.93
2026-01-08,base1-15,42355,Holofoil,132.8,74.0,125.73,999.98,
2026-01-08,base1-16,42356,Holofoil,41.09,20.0,34.27,120.0,
2026-01-08,base1-2,42360,Holofoil,163.13,99.68,120.91,499.99,
2026-01-08,base1-4,42382,Holofoil,483.24,399.99,518.46,1500.0,
2026-01-08,base1-58,42402,Normal,4.37,0.48,2.0,9999.0,0.5
2026-01-08,cel25c-4,250320,Holofoil,128.9,98.23,148.35,499.99,139.04
2026-01-08,gym2-2,83861,1st Edition Holofoil,852.01,500.0,775.0,1019.99,
2026-01-08,gym2-2,83861,Unlimited Holofoil,476.04,499.99,562.03,629.48,556.69
2026-01-08,neo1-9,86903,1st Edition Holofoil,630.33,1798.75,1800.0,2700.0,
2026-01-08,neo1-9,86903,Unlimited Holofoil,409.27,349.0,395.0,649.99,
2026-01-08,sl-151-bundle,502000,Normal,101.24,91.01,120.0,999.99,
2026-01-08,sl-151-etb,503313,Normal,380.34,364.99,495.0,600.0,
2026-01-08,sl-151-upc,502005,Normal,593.39,595.0,737.42,40000.0,
2026-01-08,sl-ar-box,265519,Normal,390.24,388.0,450.0,899.99,
2026-01-08,sl-bs-box,256141,Normal,567.42,489.99,712.5,5000.0,
2026-01-08,sl-cel-upc,245140,Normal,822.74,835.79,999.99,154722.59,
2026-01-08,sl-champ-etb,218791,Normal,163.53,157.49,194.66,500.0,
2026-01-08,sl-cz-etb,453470,Normal,221.53,223.0,274.98,785.0,
2026-01-08,sl-dr-box,624679,Normal,402.38,379.99,496.75,8498.0,
2026-01-08,sl-evs-box,242436,Normal,2231.98,2425.0,3400.0,12000.0,
2026-01-08,sl-evs-etb,243721,Normal,711.55,752.0,999.99,2999.99,
2026-01-08,sl-fs-box,247654,Normal,873.1,989.99,1199.99,3000.0,
2026-01-08,sl-hf-etb,194729,Normal,408.66,440.0,550.0,9999.98,
2026-01-08,sl-jp-151,565243,Normal,203.57,199.99,221.24,399.99,
2026-01-08,sl-jp-terastal,603428,Normal,108.58,99.99,124.99,200.0,
2026-01-08,sl-jt-box,610931,Normal,246.82,244.88,272.5,551.0,
2026-01-08,sl-lo-box,277324,Normal,690.64,746.49,989.87,2500.0,
2026-01-08,sl-me1-box,644298,Normal,253.44,246.95,296.95,500.0,
2026-01-08,sl-obf-box,501257,Normal,294.96,291.33,347.5,799.99,
2026-01-08,sl-pe-etb,593355,Normal,127.07,113.95,140.0,1115.0,
2026-01-08,sl-pe-spc,622770,Normal,249.41,260.0,340.0,999.0,
2026-01-08,sl-pf-etb,528040,Normal,269.99,273.0,319.99,775.0,
2026-01-08,sl-phf-box,654137,Normal,237.55,219.0,275.0,599.0,
2026-01-08,sl-shf-etb,228821,Normal,108.78,100.0,120.0,500.11,
2026-01-08,sl-ss-box,565606,Normal,249.51,240.0,319.99,4999.99,
2026-01-08,sl-st-box,283389,Normal,440.24,470.0,599.95,9999.99,
2026-01-08,sl-tf-box,536225,Normal,265.11,264.5,285.0,779.99,
2026-01-08,sv2-185,497557,Normal,0.35,0.05,0.44,4.99,
2026-01-08,sv2-185,497557,Reverse Holofoil,0.79,0.25,0.81,6.99,
2026-01-08,sv2-254,497669,Holofoil,14.01,11.86,15.39,100.0,15.99
2026-01-08,sv2-269,497689,Holofoil,46.52,44.0,54.7,259.99,46.95
2026-01-08,sv3pt5-151,516566,Holofoil,8.11,6.14,8.49,108.53,11.06
2026-01-08,sv3pt5-199,517045,Holofoil,251.67,204.74,293.88,1000.0,283.49
2026-01-08,sv3pt5-205,517051,Holofoil,17.56,14.69,19.59,88.88,17.99
2026-01-08,sv3pt5-4,502555,Normal,0.16,0.01,0.16,20.0,0.1
2026-01-08,sv3pt5-4,502555,Reverse Holofoil,0.26,0.07,0.27,3.99,
2026-01-08,sv3pt5-6,502558,Holofoil,5.97,2.98,5.5,300.0,5.49
2026-01-08,sv3pt5-7,502548,Normal,0.13,0.01,0.15,1.5,
2026-01-08,sv3pt5-7,502548,Reverse Holofoil,0.22,0.01,0.25,50.0,0.2
2026-01-08,sv4pt5-234,535090,Holofoil,202.62,185.0,235.28,799.97,212.8
2026-01-08,sv4pt5-54,534416,Holofoil,3.48,2.35,3.82,60.0,4.58
2026-01-08,sv8-57,590025,Holofoil,4.15,2.7,4.66,29.99,4.14
2026-01-08,sv8pt5-149,610504,Holofoil,181.77,167.75,190.0,999.0,
2026-01-08,sv8pt5-155,610510,Holofoil,198.37,189.95,211.37,999.0,
2026-01-08,sv8pt5-156,610511,Holofoil,306.58,290.0,326.48,999.0,
2026-01-08,sv8pt5-161,610516,Holofoil,948.2,907.0,1045.0,5000.0,
2026-01-08,sv8pt5-167,610522,Holofoil,108.47,103.0,115.0,999.0,
2026-01-08,sv8pt5-179,610534,Holofoil,39.63,35.49,48.44,999.0,
2026-01-08,sv8pt5-28,610383,Holofoil,1.14,0.5,1.31,999.0,
2026-01-08,sv8pt5-47,610402,Normal,0.03,0.01,0.1,999.0,0.03
2026-01-08,sv8pt5-47,610402,Reverse Holofoil,0.13,0.01,0.14,999.0,0.06
2026-01-08,sv8pt5-59,610414,Holofoil,0.27,0.01,0.27,999.0,0.15
2026-01-08,sv8pt5-59,610414,Reverse Holofoil,0.35,0.08,0.36,999.0,0.25
2026-01-08,sv8pt5-60,610415,Holofoil,4.72,3.0,4.81,999.0,
2026-01-08,svp-085,518861,Normal,502.05,449.99,674.5,2500.0,698.99
2026-01-08,swsh11-186,284137,Holofoil,587.39,422.08,622.57,1500.0,721.08
2026-01-08,swsh12-186,451834,Holofoil,344.13,309.99,388.48,2000.0,309.99
2026-01-08,swsh12pt5gg-GG69,478100,Holofoil,184.92,170.61,209.99,1000.0,199.9
2026-01-08,swsh35-25,223018,Normal,0.11,0.04,0.16,2.1,
2026-01-08,swsh35-25,223018,Reverse Holofoil,0.25,0.1,0.26,2.0,
2026-01-08,swsh35-74,223073,Holofoil,181.99,134.98,211.84,1500.0,189.99
2026-01-08,swsh45sv-SV107,232496,Holofoil,122.37,105.0,148.03,349.95,134.97
2026-01-08,swsh7-204,246693,Holofoil,31.76,29.3,33.99,150.0,34.23
2026-01-08,swsh7-205,246696,Holofoil,332.89,289.99,374.91,527.0,314.99
2026-01-08,swsh7-208,246755,Holofoil,28.71,23.55,30.0,48.95,32.36
2026-01-08,swsh7-209,246756,Holofoil,293.48,249.5,294.79,419.79,285.48
2026-01-08,swsh7-211,246702,Holofoil,49.86,36.9,50.72,75.0,49.99
2026-01-08,swsh7-212,246704,Holofoil,339.02,298.0,367.69,1000.0,374.94
2026-01-08,swsh7-215,246723,Holofoil,1755.17,1449.99,1979.97,4000.0,1849.99
2026-01-08,swsh7-218,246733,Holofoil,661.62,525.0,699.93,950.0,699.89
2026-01-08,swsh7-41,246753,Holofoil,4.84,3.5,5.76,25.0,4.33
2026-01-08,swsh7-65,246690,Holofoil,10.31,8.7,11.94,500.0,12.64
2026-01-08,swsh7-75,246701,Holofoil,12.98,9.05,13.99,70.0,19.5
2026-01-08,swsh7-8,246691,Holofoil,6.87,4.8,7.0,100.0,6.79
2026-01-08,swsh8-271,253266,Holofoil,693.49,585.61,750.0,1499.95,741.58
2026-01-08,swsh9-154,263873,Holofoil,228.23,209.01,298.44,1500.0,259.94
2026-01-09,base1-15,42355,Holofoil,132.8,74.0,128.53,999.98,
2026-01-09,base1-16,42356,Holofoil,41.09,20.0,34.27,120.0,29.97
2026-01-09,base1-2,42360,Holofoil,163.13,100.0,124.6,499.99,
2026-01-09,base1-4,42382,Holofoil,483.24,399.99,518.46,1500.0,
2026-01-09,base1-58,42402,Normal,4.41,0.5,2.0,9999.0,3.53
2026-01-09,cel25c-4,250320,Holofoil,128.91,98.07,149.99,499.99,135.34
2026-01-09,gym2-2,83861,1st Edition Holofoil,852.01,640.0,775.0,975.99,
2026-01-09,gym2-2,83861,Unlimited Holofoil,476.04,499.99,562.03,629.48,556.69
2026-01-09,neo1-9,86903,1st Edition Holofoil,921.49,1798.75,1850.0,2700.0,
2026-01-09,neo1-9,86903,Unlimited Holofoil,409.27,349.0,395.0,649.99,
2026-01-09,sl-151-bundle,502000,Normal,100.74,92.99,120.0,999.99,
2026-01-09,sl-151-etb,503313,Normal,383.53,399.0,499.0,600.0,
2026-01-09,sl-151-upc,502005,Normal,593.51,584.98,750.0,40000.0,
2026-01-09,sl-ar-box,265519,Normal,390.24,388.0,452.5,899.99,
2026-01-09,sl-bs-box,256141,Normal,567.42,489.99,700.0,5000.0,
2026-01-09,sl-cel-upc,245140,Normal,822.74,835.79,1000.0,154722.59,
2026-01-09,sl-champ-etb,218791,Normal,163.53,157.49,194.32,500.0,
2026-01-09,sl-cz-etb,453470,Normal,221.53,223.0,274.98,785.0,
2026-01-09,sl-dr-box,624679,Normal,402.2,395.66,499.98,8498.0,
2026-01-09,sl-evs-box,242436,Normal,2261.98,2449.0,3442.5,12000.0,
2026-01-09,sl-evs-etb,243721,Normal,713.71,761.99,999.99,2999.99,
2026-01-09,sl-fs-box,247654,Normal,873.1,976.99,1199.99,3000.0,
2026-01-09,sl-hf-etb,194729,Normal,408.66,434.99,499.99,9999.98,
2026-01-09,sl-jp-151,565243,Normal,203.97,199.99,220.0,399.99,
2026-01-09,sl-jp-terastal,603428,Normal,108.76,99.99,122.5,200.0,
2026-01-09,sl-jt-box,610931,Normal,247.5,244.88,272.5,551.0,
2026-01-09,sl-lo-box,277324,Normal,690.64,745.99,967.5,2500.0,
2026-01-09,sl-me1-box,644298,Normal,248.22,229.99,292.47,500.0,
2026-01-09,sl-obf-box,501257,Normal,294.8,277.99,345.0,799.99,
2026-01-09,sl-pe-etb,593355,Normal,122.36,113.95,140.0,1115.0,
2026-01-09,sl-pe-spc,622770,Normal,256.95,257.01,343.0,999.0,
2026-01-09,sl-pf-etb,528040,Normal,274.17,273.0,320.0,775.0,
2026-01-09,sl-phf-box,654137,Normal,242.46,231.99,279.99,599.0,
2026-01-09,sl-shf-etb,228821,Normal,108.46,100.0,120.0,500.11,
2026-01-09,sl-ss-box,565606,Normal,250.71,255.0,322.47,4999.99,
2026-01-09,sl-st-box,283389,Normal,442.84,460.0,599.97,9999.99,
2026-01-09,sl-tf-box,536225,Normal,265.11,264.5,285.0,779.99,
2026-01-09,sv2-185,497557,Normal,0.35,0.05,0.44,4.99,
2026-01-09,sv2-185,497557,Reverse Holofoil,0.86,0.25,0.8,6.99,1.49
2026-01-09,sv2-254,497669,Holofoil,14.08,12.0,15.61,100.0,
2026-01-09,sv2-269,497689,Holofoil,46.33,45.0,54.7,259.99,46.95
2026-01-09,sv3pt5-151,516566,Holofoil,7.72,6.25,8.24,107.67,7.7
2026-01-09,sv3pt5-199,517045,Holofoil,254.13,204.24,293.88,1000.0,244.76
2026-01-09,sv3pt5-205,517051,Holofoil,18.02,14.68,20.0,88.88,21.99
2026-01-09,sv3pt5-4,502555,Normal,0.18,0.01,0.17,20.0,0.12
2026-01-09,sv3pt5-4,502555,Reverse Holofoil,0.29,0.07,0.28,3.99,
2026-01-09,sv3pt5-6,502558,Holofoil,5.53,2.98,5.38,300.0,9.0
2026-01-09,sv3pt5-7,502548,Normal,0.13,0.01,0.15,1.5,
2026-01-09,sv3pt5-7,502548,Reverse Holofoil,0.29,0.01,0.25,50.0,
2026-01-09,sv4pt5-234,535090,Holofoil,203.06,183.99,237.56,799.97,212.75
2026-01-09,sv4pt5-54,534416,Holofoil,3.83,2.38,3.91,60.0,4.2
2026-01-09,sv8-57,590025,Holofoil,3.92,1.5,4.55,29.99,4.98
2026-01-09,sv8pt5-149,610504,Holofoil,181.84,167.75,190.94,999.0,
2026-01-09,sv8pt5-155,610510,Holofoil,198.37,189.99,209.99,999.0,
2026-01-09,sv8pt5-156,610511,Holofoil,306.56,290.0,334.13,999.0,313.99
2026-01-09,sv8pt5-161,610516,Holofoil,948.4,907.0,1039.99,1999.99,
2026-01-09,sv8pt5-167,610522,Holofoil,108.2,103.0,114.98,999.0,
2026-01-09,sv8pt5-179,610534,Holofoil,39.53,35.49,48.49,999.0,
2026-01-09,sv8pt5-28,610383,Holofoil,1.54,0.27,1.37,999.0,
2026-01-09,sv8pt5-47,610402,Normal,0.03,0.01,0.1,999.0,0.03
2026-01-09,sv8pt5-47,610402,Reverse Holofoil,0.11,0.01,0.14,999.0,0.06
2026-01-09,sv8pt5-59,610414,Holofoil,0.27,0.01,0.28,999.0,0.15
2026-01-09,sv8pt5-59,610414,Reverse Holofoil,0.38,0.08,0.38,999.0,0.25
2026-01-09,sv8pt5-60,610415,Holofoil,4.5,3.0,4.76,999.0,
2026-01-09,svp-085,518861,Normal,502.05,449.99,674.5,2500.0,698.99
2026-01-09,swsh11-186,284137,Holofoil,587.39,399.99,618.64,1500.0,721.08
2026-01-09,swsh12-186,451834,Holofoil,346.13,300.0,392.69,2000.0,309.99
2026-01-09,swsh12pt5gg-GG69,478100,Holofoil,188.68,158.62,210.46,1000.0,187.7
2026-01-09,swsh35-25,223018,Normal,0.11,0.04,0.17,2.1,
2026-01-09,swsh35-25,223018,Reverse Holofoil,0.25,0.1,0.26,2.0,
2026-01-09,swsh35-74,223073,Holofoil,181.99,134.98,199.99,1500.0,189.99
2026-01-09,swsh45sv-SV107,232496,Holofoil,123.73,105.0,151.09,349.95,136.99
2026-01-09,swsh7-204,246693,Holofoil,31.79,29.3,33.47,150.0,34.23
2026-01-09,swsh7-205,246696,Holofoil,332.89,289.99,374.91,528.8,314.99
2026-01-09,swsh7-208,246755,Holofoil,28.87,23.55,30.0,48.95,32.49
2026-01-09,swsh7-209,246756,Holofoil,290.9,247.3,295.78,419.79,285.48
2026-01-09,swsh7-211,246702,Holofoil,49.86,36.9,54.92,75.0,49.99
2026-01-09,swsh7-212,246704,Holofoil,339.02,285.62,357.97,1000.0,355.97
2026-01-09,swsh7-215,246723,Holofoil,1755.17,1449.99,1979.93,4000.0,1849.99
2026-01-09,swsh7-218,246733,Holofoil,665.8,525.0,699.93,950.0,694.7
2026-01-09,swsh7-41,246753,Holofoil,4.93,3.49,5.69,25.0,4.33
2026-01-09,swsh7-65,246690,Holofoil,10.11,8.7,11.89,500.0,15.3
2026-01-09,swsh7-75,246701,Holofoil,12.62,9.41,13.96,70.0,12.6
2026-01-09,swsh7-8,246691,Holofoil,6.63,3.6,7.0,100.0,6.79
2026-01-09,swsh8-271,253266,Holofoil,693.95,500.0,762.52,1499.95,762.52
2026-01-09,swsh9-154,263873,Holofoil,229.41,209.01,298.45,1500.0,239.64
2026-01-10,base1-15,42355,Holofoil,132.06,74.0,125.73,999.98,
2026-01-10,base1-16,42356,Holofoil,41.28,20.0,33.67,120.0,29.97
2026-01-10,base1-2,42360,Holofoil,163.13,100.0,124.6,499.99,
2026-01-10,base1-4,42382,Holofoil,461.5,382.49,461.04,1500.0,
2026-01-10,base1-58,42402,Normal,4.23,0.5,2.06,9999.0,1.49
2026-01-10,cel25c-4,250320,Holofoil,129.49,97.87,150.0,499.99,135.34
2026-01-10,gym2-2,83861,1st Edition Holofoil,852.01,640.0,775.0,975.99,
2026-01-10,gym2-2,83861,Unlimited Holofoil,476.04,449.87,540.51,629.48,540.51
2026-01-10,neo1-9,86903,1st Edition Holofoil,921.49,1798.75,1850.0,2700.0,
2026-01-10,neo1-9,86903,Unlimited Holofoil,409.27,349.0,395.0,815.0,
2026-01-10,sl-151-bundle,502000,Normal,101.38,94.0,120.0,999.99,
2026-01-10,sl-151-etb,503313,Normal,384.5,399.99,499.97,600.0,
2026-01-10,sl-151-upc,502005,Normal,593.03,584.98,750.0,40000.0,
2026-01-10,sl-ar-box,265519,Normal,390.24,375.0,450.0,899.99,
2026-01-10,sl-bs-box,256141,Normal,569.86,489.99,700.0,5000.0,
2026-01-10,sl-cel-upc,245140,Normal,824.62,835.79,999.99,154722.59,
2026-01-10,sl-champ-etb,218791,Normal,164.45,157.49,191.08,500.0,
2026-01-10,sl-cz-etb,453470,Normal,222.94,223.0,274.98,785.0,
2026-01-10,sl-dr-box,624679,Normal,404.07,395.66,499.49,8498.0,
2026-01-10,sl-evs-box,242436,Normal,2283.94,2500.0,3485.0,12000.0,
2026-01-10,sl-evs-etb,243721,Normal,719.13,761.99,999.99,2999.99,
2026-01-10,sl-fs-box,247654,Normal,879.54,989.99,1200.0,10000.0,
2026-01-10,sl-hf-etb,194729,Normal,408.66,434.99,499.99,9999.98,
2026-01-10,sl-jp-151,565243,Normal,204.36,199.99,222.0,399.99,
2026-01-10,sl-jp-terastal,603428,Normal,109.15,99.99,122.5,200.0,
2026-01-10,sl-jt-box,610931,Normal,249.11,244.88,276.47,551.0,
2026-01-10,sl-lo-box,277324,Normal,690.64,745.99,985.0,2500.0,
2026-01-10,sl-me1-box,644298,Normal,249.45,229.99,294.95,500.0,
2026-01-10,sl-obf-box,501257,Normal,295.56,291.33,349.99,799.99,
2026-01-10,sl-pe-etb,593355,Normal,121.42,115.0,140.0,1115.0,
2026-01-10,sl-pe-spc,622770,Normal,258.78,248.0,325.0,999.0,
2026-01-10,sl-pf-etb,528040,Normal,274.69,285.0,320.0,775.0,
2026-01-10,sl-phf-box,654137,Normal,243.8,235.0,279.99,599.0,
2026-01-10,sl-shf-etb,228821,Normal,108.94,103.0,124.95,500.11,
2026-01-10,sl-ss-box,565606,Normal,254.92,255.0,329.99,4999.99,
2026-01-10,sl-st-box,283389,Normal,446.04,460.0,599.97,9999.99,
2026-01-10,sl-tf-box,536225,Normal,265.85,264.5,285.0,779.99,
2026-01-10,sv2-185,497557,Normal,0.31,0.05,0.43,4.99,
2026-01-10,sv2-185,497557,Reverse Holofoil,0.89,0.25,0.85,6.99,1.49
2026-01-10,sv2-254,497669,Holofoil,13.81,12.0,15.63,100.0,16.81
2026-01-10,sv2-269,497689,Holofoil,46.35,45.0,54.7,259.99,46.95
2026-01-10,sv3pt5-151,516566,Holofoil,8.66,6.0,8.38,108.4,9.37
2026-01-10,sv3pt5-199,517045,Holofoil,256.3,204.24,293.74,1000.0,255.14
2026-01-10,sv3pt5-205,517051,Holofoil,17.71,14.99,19.99,88.88,22.99
2026-01-10,sv3pt5-4,502555,Normal,0.17,0.01,0.17,50.0,0.13
2026-01-10,sv3pt5-4,502555,Reverse Holofoil,0.28,0.07,0.28,4.01,
2026-01-10,sv3pt5-6,502558,Holofoil,5.96,2.98,5.41,300.0,14.9
2026-01-10,sv3pt5-7,502548,Normal,0.17,0.01,0.15,4.01,
2026-01-10,sv3pt5-7,502548,Reverse Holofoil,0.29,0.01,0.25,50.0,0.19
2026-01-10,sv4pt5-234,535090,Holofoil,202.58,183.99,235.13,799.97,212.75
2026-01-10,sv4pt5-54,534416,Holofoil,3.86,2.3,3.86,60.0,4.96
2026-01-10,sv8-57,590025,Holofoil,3.78,2.7,4.67,29.99,4.14
2026-01-10,sv8pt5-149,610504,Holofoil,181.84,167.11,190.01,999.0,
2026-01-10,sv8pt5-155,610510,Holofoil,198.37,191.65,208.19,999.0,
2026-01-10,sv8pt5-156,610511,Holofoil,305.71,290.0,337.22,999.0,313.99
2026-01-10,sv8pt5-161,610516,Holofoil,942.42,919.99,1050.0,1999.99,
2026-01-10,sv8pt5-167,610522,Holofoil,107.6,103.0,114.69,999.0,111.99
2026-01-10,sv8pt5-179,610534,Holofoil,39.92,37.31,48.95,999.0,
2026-01-10,sv8pt5-28,610383,Holofoil,1.21,0.48,1.39,999.0,1.2
2026-01-10,sv8pt5-47,610402,Normal,0.04,0.01,0.1,999.0,0.03
2026-01-10,sv8pt5-47,610402,Reverse Holofoil,0.09,0.01,0.13,999.0,0.06
2026-01-10,sv8pt5-59,610414,Holofoil,0.23,0.01,0.27,999.0,0.15
2026-01-10,sv8pt5-59,610414,Reverse Holofoil,0.35,0.08,0.37,999.0,0.25
2026-01-10,sv8pt5-60,610415,Holofoil,4.27,3.0,4.76,999.0,5.99
2026-01-10,svp-085,518861,Normal,502.05,449.99,674.5,2500.0,698.99
2026-01-10,swsh11-186,284137,Holofoil,591.51,464.08,618.2,1500.0,721.08
2026-01-10,swsh12-186,451834,Holofoil,346.16,300.0,393.91,2000.0,309.99
2026-01-10,swsh12pt5gg-GG69,478100,Holofoil,189.48,158.94,214.64,1000.0,189.5
2026-01-10,swsh35-25,223018,Normal,0.11,0.04,0.16,2.1,
2026-01-10,swsh35-25,223018,Reverse Holofoil,0.25,0.1,0.26,2.0,
2026-01-10,swsh35-74,223073,Holofoil,181.99,134.98,189.99,1500.0,182.62
2026-01-10,swsh45sv-SV107,232496,Holofoil,128.78,105.0,156.99,349.95,140.5
2026-01-10,swsh7-204,246693,Holofoil,31.79,29.3,33.18,150.0,34.23
2026-01-10,swsh7-205,246696,Holofoil,333.24,289.99,374.65,531.3,314.99
2026-01-10,swsh7-208,246755,Holofoil,28.87,23.55,30.0,48.95,32.49
2026-01-10,swsh7-209,246756,Holofoil,289.88,246.4,295.78,419.79,285.48
2026-01-10,swsh7-211,246702,Holofoil,49.99,36.9,54.99,75.0,54.99
2026-01-10,swsh7-212,246704,Holofoil,339.26,285.62,367.69,1000.0,374.98
2026-01-10,swsh7-215,246723,Holofoil,1776.38,1449.99,1997.49,4000.0,1979.88
2026-01-10,swsh7-218,246733,Holofoil,665.8,525.0,699.93,950.0,694.7
2026-01-10,swsh7-41,246753,Holofoil,4.94,3.49,5.58,25.0,6.26
2026-01-10,swsh7-65,246690,Holofoil,10.81,8.7,11.95,500.0,11.55
2026-01-10,swsh7-75,246701,Holofoil,12.17,9.41,13.92,70.0,12.1
2026-01-10,swsh7-8,246691,Holofoil,6.43,3.6,7.0,100.0,7.94
2026-01-10,swsh8-271,253266,Holofoil,712.51,500.0,817.36,1499.95,880.75
2026-01-10,swsh9-154,263873,Holofoil,230.44,209.01,298.22,1500.0,252.35
2026-01-11,base1-15,42355,Holofoil,132.06,74.0,127.13,999.98,
2026-01-11,base1-16,42356,Holofoil,41.53,20.0,34.27,120.0,
2026-01-11,base1-2,42360,Holofoil,163.13,100.0,125.0,499.99,
2026-01-11,base1-4,42382,Holofoil,461.5,382.49,480.52,1500.0,
2026-01-11,base1-58,42402,Normal,4.11,0.5,2.01,9999.0,
2026-01-11,cel25c-4,250320,Holofoil,128.5,97.87,148.8,499.99,135.34
2026-01-11,gym2-2,83861,1st Edition Holofoil,852.01,640.0,775.0,975.99,
2026-01-11,gym2-2,83861,Unlimited Holofoil,476.04,449.87,540.51,629.48,540.51
2026-01-11,neo1-9,86903,1st Edition Holofoil,921.49,1798.75,1850.0,2700.0,
2026-01-11,neo1-9,86903,Unlimited Holofoil,429.33,349.0,395.0,815.0,
2026-01-11,sl-151-bundle,502000,Normal,104.25,95.59,125.0,999.99,
2026-01-11,sl-151-etb,503313,Normal,387.41,383.53,499.0,600.0,
2026-01-11,sl-151-upc,502005,Normal,594.26,598.18,750.0,40000.0,
2026-01-11,sl-ar-box,265519,Normal,389.26,388.0,450.0,899.99,
2026-01-11,sl-bs-box,256141,Normal,570.1,489.99,700.0,5000.0,
2026-01-11,sl-cel-upc,245140,Normal,826.62,835.79,1000.0,154722.59,
2026-01-11,sl-champ-etb,218791,Normal,164.45,157.49,185.5,500.0,
2026-01-11,sl-cz-etb,453470,Normal,222.94,221.53,275.0,785.0,
2026-01-11,sl-dr-box,624679,Normal,405.62,395.66,499.49,8498.0,
2026-01-11,sl-evs-box,242436,Normal,2283.94,2500.0,3485.0,12000.0,
2026-01-11,sl-evs-etb,243721,Normal,719.13,761.99,999.99,2999.99,
2026-01-11,sl-fs-box,247654,Normal,879.54,989.99,1200.0,10000.0,
2026-01-11,sl-hf-etb,194729,Normal,408.66,434.99,499.99,9999.98,
2026-01-11,sl-jp-151,565243,Normal,204.89,199.99,224.95,399.99,
2026-01-11,sl-jp-terastal,603428,Normal,109.6,99.99,120.0,200.0,
2026-01-11,sl-jt-box,610931,Normal,249.45,244.88,270.0,551.0,
2026-01-11,sl-lo-box,277324,Normal,692.2,745.99,995.0,2500.0,
2026-01-11,sl-me1-box,644298,Normal,247.25,229.99,294.95,500.0,
2026-01-11,sl-obf-box,501257,Normal,296.23,288.91,347.5,799.99,
2026-01-11,sl-pe-etb,593355,Normal,122.24,105.0,140.0,1115.0,
2026-01-11,sl-pe-spc,622770,Normal,260.87,248.0,324.99,999.0,
2026-01-11,sl-pf-etb,528040,Normal,277.53,275.0,320.0,775.0,
2026-01-11,sl-phf-box,654137,Normal,246.52,235.0,279.99,599.0,
2026-01-11,sl-shf-etb,228821,Normal,109.22,103.0,122.48,500.11,
2026-01-11,sl-ss-box,565606,Normal,255.19,255.0,330.0,4999.99,
2026-01-11,sl-st-box,283389,Normal,450.2,460.0,599.95,9999.99,
2026-01-11,sl-tf-box,536225,Normal,266.99,260.0,287.5,779.99,
2026-01-11,sv2-185,497557,Normal,0.36,0.05,0.43,4.99,
2026-01-11,sv2-185,497557,Reverse Holofoil,0.9,0.25,0.86,6.99,
2026-01-11,sv2-254,497669,Holofoil,13.95,12.0,15.51,52.5,
2026-01-11,sv2-269,497689,Holofoil,47.08,45.0,54.99,259.99,46.95
2026-01-11,sv3pt5-151,516566,Holofoil,8.56,6.21,8.5,100.0,11.24
2026-01-11,sv3pt5-199,517045,Holofoil,258.99,204.24,293.88,1000.0,255.0
2026-01-11,sv3pt5-205,517051,Holofoil,17.63,14.99,19.95,88.88,22.99
2026-01-11,sv3pt5-4,502555,Normal,0.17,0.01,0.17,50.0,
2026-01-11,sv3pt5-4,502555,Reverse Holofoil,0.28,0.07,0.28,4.01,
2026-01-11,sv3pt5-6,502558,Holofoil,6.82,2.98,5.71,300.0,18.58
2026-01-11,sv3pt5-7,502548,Normal,0.17,0.01,0.17,4.01,
2026-01-11,sv3pt5-7,502548,Reverse Holofoil,0.31,0.01,0.25,50.0,
2026-01-11,sv4pt5-234,535090,Holofoil,201.89,183.99,235.06,799.97,212.75
2026-01-11,sv4pt5-54,534416,Holofoil,3.91,2.3,3.88,60.0,4.85
2026-01-11,sv8-57,590025,Holofoil,3.95,2.49,4.55,29.99,7.24
2026-01-11,sv8pt5-149,610504,Holofoil,179.58,167.11,191.54,999.0,
2026-01-11,sv8pt5-155,610510,Holofoil,198.81,195.0,209.14,999.0,
2026-01-11,sv8pt5-156,610511,Holofoil,306.5,290.0,337.22,999.0,
2026-01-11,sv8pt5-161,610516,Holofoil,938.82,900.0,1039.99,1999.99,
2026-01-11,sv8pt5-167,610522,Holofoil,108.24,102.65,114.99,999.0,
2026-01-11,sv8pt5-179,610534,Holofoil,39.79,36.31,48.51,999.0,
2026-01-11,sv8pt5-28,610383,Holofoil,1.32,0.48,1.39,999.0,
2026-01-11,sv8pt5-47,610402,Normal,0.04,0.01,0.1,999.0,0.02
2026-01-11,sv8pt5-47,610402,Reverse Holofoil,0.09,0.01,0.13,999.0,0.06
2026-01-11,sv8pt5-59,610414,Holofoil,0.22,0.01,0.27,999.0,0.15
2026-01-11,sv8pt5-59,610414,Reverse Holofoil,0.32,0.08,0.37,999.0,0.25
2026-01-11,sv8pt5-60,610415,Holofoil,4.47,3.14,4.78,999.0,
2026-01-11,svp-085,518861,Normal,502.05,449.99,674.5,2500.0,698.99
2026-01-11,swsh11-186,284137,Holofoil,591.51,482.0,621.6,1500.0,721.08
2026-01-11,swsh12-186,451834,Holofoil,347.27,300.0,391.46,2000.0,309.99
2026-01-11,swsh12pt5gg-GG69,478100,Holofoil,189.73,171.16,214.64,1000.0,189.75
2026-01-11,swsh35-25,223018,Normal,0.11,0.04,0.16,2.1,
2026-01-11,swsh35-25,223018,Reverse Holofoil,0.25,0.1,0.26,2.0,
2026-01-11,swsh35-74,223073,Holofoil,181.93,134.98,194.99,1500.0,189.99
2026-01-11,swsh45sv-SV107,232496,Holofoil,131.53,116.55,157.63,349.95,144.99
2026-01-11,swsh7-204,246693,Holofoil,31.79,29.3,33.18,150.0,34.23
2026-01-11,swsh7-205,246696,Holofoil,333.24,289.0,365.27,531.5,314.99
2026-01-11,swsh7-208,246755,Holofoil,28.87,23.55,30.0,48.95,32.49
2026-01-11,swsh7-209,246756,Holofoil,289.88,246.4,294.79,419.79,285.48
2026-01-11,swsh7-211,246702,Holofoil,49.99,36.9,54.21,75.0,54.99
2026-01-11,swsh7-212,246704,Holofoil,339.26,285.62,367.69,1000.0,374.98
2026-01-11,swsh7-215,246723,Holofoil,1776.38,1449.99,1997.49,4000.0,1979.88
2026-01-11,swsh7-218,246733,Holofoil,665.8,525.0,699.93,950.0,694.7
2026-01-11,swsh7-41,246753,Holofoil,4.91,3.45,5.58,25.0,6.26
2026-01-11,swsh7-65,246690,Holofoil,10.81,8.7,11.99,500.0,13.0
2026-01-11,swsh7-75,246701,Holofoil,11.97,9.41,13.91,70.0,14.34
2026-01-11,swsh7-8,246691,Holofoil,6.34,4.0,7.0,100.0,8.42
2026-01-11,swsh8-271,253266,Holofoil,712.51,500.0,812.28,1499.95,880.75
2026-01-11,swsh9-154,263873,Holofoil,231.2,209.01,298.44,1500.0,259.94
2026-01-12,base1-15,42355,Holofoil,132.06,74.0,125.73,999.98,
2026-01-12,base1-16,42356,Holofoil,42.67,20.0,35.68,120.0,
2026-01-12,base1-2,42360,Holofoil,163.13,100.0,125.0,499.99,
2026-01-12,base1-4,42382,Holofoil,461.5,383.43,516.51,1500.0,
2026-01-12,base1-58,42402,Normal,4.23,0.5,2.01,9999.0,1.96
2026-01-12,cel25c-4,250320,Holofoil,128.5,97.87,139.04,499.99,135.34
2026-01-12,gym2-2,83861,1st Edition Holofoil,852.01,640.0,775.0,975.99,
2026-01-12,gym2-2,83861,Unlimited Holofoil,476.04,449.87,540.51,629.48,540.51
2026-01-12,neo1-9,86903,1st Edition Holofoil,921.49,1798.75,1850.0,2700.0,
2026-01-12,neo1-9,86903,Unlimited Holofoil,429.33,349.0,394.99,815.0,
2026-01-12,sl-151-bundle,502000,Normal,103.62,98.0,125.0,999.99,
2026-01-12,sl-151-etb,503313,Normal,388.48,399.99,499.48,600.0,
2026-01-12,sl-151-upc,502005,Normal,595.26,598.18,750.0,40000.0,
2026-01-12,sl-ar-box,265519,Normal,389.26,388.0,450.0,899.99,
2026-01-12,sl-bs-box,256141,Normal,570.1,489.99,700.0,5000.0,
2026-01-12,sl-cel-upc,245140,Normal,826.62,835.79,1000.0,154722.59,
2026-01-12,sl-champ-etb,218791,Normal,164.45,157.0,184.0,500.0,
2026-01-12,sl-cz-etb,453470,Normal,223.12,248.0,289.98,785.0,
2026-01-12,sl-dr-box,624679,Normal,407.2,404.99,500.0,8498.0,
2026-01-12,sl-evs-box,242436,Normal,2293.86,2500.0,3492.49,12000.0,
2026-01-12,sl-evs-etb,243721,Normal,719.13,761.99,999.98,2999.99,
2026-01-12,sl-fs-box,247654,Normal,879.18,979.99,1200.0,10000.0,
2026-01-12,sl-hf-etb,194729,Normal,408.66,434.99,499.99,9999.98,
2026-01-12,sl-jp-151,565243,Normal,205.73,199.99,225.72,399.99,
2026-01-12,sl-jp-terastal,603428,Normal,110.32,99.99,120.0,200.0,
2026-01-12,sl-jt-box,610931,Normal,249.45,244.88,272.5,551.0,
2026-01-12,sl-lo-box,277324,Normal,692.2,745.99,992.44,2500.0,
2026-01-12,sl-me1-box,644298,Normal,236.69,229.99,292.47,500.0,
2026-01-12,sl-obf-box,501257,Normal,296.51,291.33,349.99,799.99,
2026-01-12,sl-pe-etb,593355,Normal,121.66,110.0,140.54,1115.0,
2026-01-12,sl-pe-spc,622770,Normal,255.2,249.99,330.0,999.0,
2026-01-12,sl-pf-etb,528040,Normal,278.42,275.0,320.0,775.0,
2026-01-12,sl-phf-box,654137,Normal,248.72,235.0,279.99,599.0,
2026-01-12,sl-shf-etb,228821,Normal,108.54,103.0,124.95,500.11,
2026-01-12,sl-ss-box,565606,Normal,255.66,259.99,329.99,4999.99,
2026-01-12,sl-st-box,283389,Normal,450.2,460.0,585.0,9999.99,
2026-01-12,sl-tf-box,536225,Normal,266.99,264.5,289.99,779.99,
2026-01-12,sv2-185,497557,Normal,0.36,0.05,0.43,4.99,0.32
2026-01-12,sv2-185,497557,Reverse Holofoil,0.87,0.25,0.87,6.99,0.78
2026-01-12,sv2-254,497669,Holofoil,13.88,11.8,15.49,52.5,16.81
2026-01-12,sv2-269,497689,Holofoil,47.67,45.68,54.99,259.99,46.95
2026-01-12,sv3pt5-151,516566,Holofoil,9.31,6.25,8.6,100.0,14.38
2026-01-12,sv3pt5-199,517045,Holofoil,264.63,204.24,291.17,900.0,255.0
2026-01-12,sv3pt5-205,517051,Holofoil,18.47,14.71,20.0,88.88,17.1
2026-01-12,sv3pt5-4,502555,Normal,0.15,0.01,0.17,50.0,
2026-01-12,sv3pt5-4,502555,Reverse Holofoil,0.3,0.07,0.28,4.01,
2026-01-12,sv3pt5-6,502558,Holofoil,5.65,2.98,5.9,300.0,7.06
2026-01-12,sv3pt5-7,502548,Normal,0.19,0.01,0.18,4.01,
2026-01-12,sv3pt5-7,502548,Reverse Holofoil,0.24,0.01,0.25,50.0,0.19
2026-01-12,sv4pt5-234,535090,Holofoil,201.89,175.0,234.76,799.97,212.75
2026-01-12,sv4pt5-54,534416,Holofoil,3.54,2.38,3.88,60.0,4.89
2026-01-12,sv8-57,590025,Holofoil,4.26,2.2,4.79,50.0,7.12
2026-01-12,sv8pt5-149,610504,Holofoil,179.52,167.11,190.77,999.0,
2026-01-12,sv8pt5-155,610510,Holofoil,198.88,195.0,209.99,999.0,
2026-01-12,sv8pt5-156,610511,Holofoil,306.86,284.0,337.15,999.0,
2026-01-12,sv8pt5-161,610516,Holofoil,938.82,918.49,1028.04,1499.99,
2026-01-12,sv8pt5-167,610522,Holofoil,108.24,103.0,114.99,999.0,
2026-01-12,sv8pt5-179,610534,Holofoil,39.67,34.99,47.75,999.0,
2026-01-12,sv8pt5-28,610383,Holofoil,1.05,0.5,1.32,999.0,
2026-01-12,sv8pt5-47,610402,Normal,0.05,0.01,0.1,999.0,0.03
2026-01-12,sv8pt5-47,610402,Reverse Holofoil,0.08,0.01,0.13,999.0,0.06
2026-01-12,sv8pt5-59,610414,Holofoil,0.23,0.01,0.26,999.0,0.15
2026-01-12,sv8pt5-59,610414,Reverse Holofoil,0.34,0.08,0.36,999.0,0.25
2026-01-12,sv8pt5-60,610415,Holofoil,4.24,2.66,4.72,999.0,4.99
2026-01-12,svp-085,518861,Normal,502.05,474.01,674.5,2500.0,699.94
2026-01-12,swsh11-186,284137,Holofoil,591.51,505.0,621.6,1500.0,721.08
2026-01-12,swsh12-186,451834,Holofoil,347.31,300.0,389.0,2000.0,309.99
2026-01-12,swsh12pt5gg-GG69,478100,Holofoil,191.0,171.88,215.32,1000.0,200.0
2026-01-12,swsh35-25,223018,Normal,0.11,0.04,0.15,1.82,
2026-01-12,swsh35-25,223018,Reverse Holofoil,0.25,0.1,0.26,2.0,
2026-01-12,swsh35-74,223073,Holofoil,181.93,134.98,189.99,1500.0,189.99
2026-01-12,swsh45sv-SV107,232496,Holofoil,130.43,119.0,156.93,349.95,144.99
2026-01-12,swsh7-204,246693,Holofoil,31.79,29.3,33.16,150.0,34.23
2026-01-12,swsh7-205,246696,Holofoil,333.09,289.0,363.97,533.4,314.99
2026-01-12,swsh7-208,246755,Holofoil,28.88,23.55,30.0,48.95,32.49
2026-01-12,swsh7-209,246756,Holofoil,289.88,246.4,294.57,419.79,285.47
2026-01-12,swsh7-211,246702,Holofoil,50.23,36.9,54.21,75.0,63.36
2026-01-12,swsh7-212,246704,Holofoil,339.26,285.62,359.97,1000.0,374.98
2026-01-12,swsh7-215,246723,Holofoil,1776.38,1448.99,1987.49,4000.0,1979.88
2026-01-12,swsh7-218,246733,Holofoil,665.8,525.0,699.95,950.0,694.7
2026-01-12,swsh7-41,246753,Holofoil,5.01,3.45,5.68,25.0,5.01
2026-01-12,swsh7-65,246690,Holofoil,10.78,8.0,11.88,500.0,13.0
2026-01-12,swsh7-75,246701,Holofoil,11.49,9.41,13.71,70.0,11.79
2026-01-12,swsh7-8,246691,Holofoil,5.78,4.0,7.0,100.0,6.1
2026-01-12,swsh8-271,253266,Holofoil,720.01,500.0,799.0,1499.95,880.75
2026-01-12,swsh9-154,263873,Holofoil,231.2,209.01,297.99,1500.0,259.94
2026-01-13,base1-15,42355,Holofoil,132.46,74.0,103.99,999.98,
2026-01-13,base1-16,42356,Holofoil,42.67,20.0,34.99,120.0,
2026-01-13,base1-2,42360,Holofoil,162.92,103.74,125.0,499.99,
2026-01-13,base1-4,42382,Holofoil,461.5,384.9,489.46,1500.0,
2026-01-13,base1-58,42402,Normal,3.96,0.5,2.15,9999.0,
2026-01-13,cel25c-4,250320,Holofoil,123.36,99.95,150.0,499.99,129.45
2026-01-13,gym2-2,83861,1st Edition Holofoil,852.01,640.0,775.0,975.99,
2026-01-13,gym2-2,83861,Unlimited Holofoil,476.04,449.87,556.69,629.48,540.51
2026-01-13,neo1-9,86903,1st Edition Holofoil,921.49,1798.75,1850.0,2700.0,
2026-01-13,neo1-9,86903,Unlimited Holofoil,429.33,349.0,394.4,815.0,
2026-01-13,sl-151-bundle,502000,Normal,106.35,100.0,125.0,999.99,
2026-01-13,sl-151-etb,503313,Normal,389.21,400.0,499.99,600.0,
2026-01-13,sl-151-upc,502005,Normal,596.22,598.18,750.0,40000.0,
2026-01-13,sl-ar-box,265519,Normal,391.06,388.0,450.0,899.99,
2026-01-13,sl-bs-box,256141,Normal,568.62,575.0,700.0,5000.0,
2026-01-13,sl-cel-upc,245140,Normal,828.68,835.79,989.98,154722.59,
2026-01-13,sl-champ-etb,218791,Normal,164.45,157.0,187.0,500.0,
2026-01-13,sl-cz-etb,453470,Normal,224.24,229.98,299.98,785.0,
2026-01-13,sl-dr-box,624679,Normal,408.11,404.99,500.0,8498.0,
2026-01-13,sl-evs-box,242436,Normal,2293.86,2500.0,3492.49,12000.0,
2026-01-13,sl-evs-etb,243721,Normal,719.13,761.99,999.98,2999.99,
2026-01-13,sl-fs-box,247654,Normal,879.18,979.99,1200.0,10000.0,
2026-01-13,sl-hf-etb,194729,Normal,414.82,434.99,499.99,9999.98,
2026-01-13,sl-jp-151,565243,Normal,209.17,199.99,225.72,399.99,
2026-01-13,sl-jp-terastal,603428,Normal,111.0,99.99,122.5,200.0,
2026-01-13,sl-jt-box,610931,Normal,249.3,244.88,270.0,551.0,
2026-01-13,sl-lo-box,277324,Normal,695.84,745.99,992.44,2500.0,
2026-01-13,sl-me1-box,644298,Normal,238.76,229.99,294.95,500.0,
2026-01-13,sl-obf-box,501257,Normal,299.71,283.01,342.5,799.99,
2026-01-13,sl-pe-etb,593355,Normal,123.12,115.0,144.0,1115.0,
2026-01-13,sl-pe-spc,622770,Normal,254.55,249.89,325.0,999.0,
2026-01-13,sl-pf-etb,528040,Normal,282.35,285.0,329.94,775.0,
2026-01-13,sl-phf-box,654137,Normal,244.35,235.0,279.99,599.0,
2026-01-13,sl-shf-etb,228821,Normal,108.1,103.0,125.0,500.11,
2026-01-13,sl-ss-box,565606,Normal,259.74,259.99,322.47,4999.99,
2026-01-13,sl-st-box,283389,Normal,450.8,470.0,585.0,9999.99,
2026-01-13,sl-tf-box,536225,Normal,267.18,257.5,294.99,779.99,
2026-01-13,sv2-185,497557,Normal,0.33,0.05,0.42,4.99,
2026-01-13,sv2-185,497557,Reverse Holofoil,1.06,0.29,0.87,6.99,
2026-01-13,sv2-254,497669,Holofoil,13.84,11.23,15.12,52.5,16.81
2026-01-13,sv2-269,497689,Holofoil,47.8,45.68,54.99,259.99,46.95
2026-01-13,sv3pt5-151,516566,Holofoil,8.77,6.2,8.6,100.0,14.44
2026-01-13,sv3pt5-199,517045,Holofoil,263.83,204.74,293.68,900.0,255.0
2026-01-13,sv3pt5-205,517051,Holofoil,18.84,14.71,19.99,88.88,17.51
2026-01-13,sv3pt5-4,502555,Normal,0.14,0.01,0.16,20.0,0.15
2026-01-13,sv3pt5-4,502555,Reverse Holofoil,0.31,0.07,0.29,4.01,
2026-01-13,sv3pt5-6,502558,Holofoil,5.14,2.98,5.5,300.0,6.23
2026-01-13,sv3pt5-7,502548,Normal,0.15,0.01,0.16,4.01,
2026-01-13,sv3pt5-7,502548,Reverse Holofoil,0.2,0.01,0.25,50.0,0.19
2026-01-13,sv4pt5-234,535090,Holofoil,201.89,175.0,230.99,799.97,201.89
2026-01-13,sv4pt5-54,534416,Holofoil,3.43,2.5,3.8,60.0,4.59
2026-01-13,sv8-57,590025,Holofoil,3.95,2.49,4.71,50.0,3.95
2026-01-13,sv8pt5-149,610504,Holofoil,179.52,167.11,191.54,999.0,
2026-01-13,sv8pt5-155,610510,Holofoil,198.88,191.14,209.14,999.0,
2026-01-13,sv8pt5-156,610511,Holofoil,306.25,284.0,335.11,999.0,
2026-01-13,sv8pt5-161,610516,Holofoil,937.72,918.49,1045.0,1499.99,
2026-01-13,sv8pt5-167,610522,Holofoil,108.13,103.0,113.28,999.0,
2026-01-13,sv8pt5-179,610534,Holofoil,39.79,34.48,46.98,999.0,
2026-01-13,sv8pt5-28,610383,Holofoil,1.06,0.5,1.31,999.0,
2026-01-13,sv8pt5-47,610402,Normal,0.05,0.01,0.1,999.0,0.03
2026-01-13,sv8pt5-47,610402,Reverse Holofoil,0.08,0.01,0.13,999.0,0.06
2026-01-13,sv8pt5-59,610414,Holofoil,0.24,0.01,0.26,999.0,0.15
2026-01-13,sv8pt5-59,610414,Reverse Holofoil,0.35,0.08,0.37,999.0,0.25
2026-01-13,sv8pt5-60,610415,Holofoil,4.52,3.1,4.76,999.0,
2026-01-13,svp-085,518861,Normal,502.99,474.01,669.0,2500.0,629.0
2026-01-13,swsh11-186,284137,Holofoil,591.51,505.0,625.0,1500.0,721.08
2026-01-13,swsh12-186,451834,Holofoil,348.35,300.0,391.46,2000.0,387.93
2026-01-13,swsh12pt5gg-GG69,478100,Holofoil,191.0,170.64,216.0,1000.0,200.0
2026-01-13,swsh35-25,223018,Normal,0.11,0.04,0.15,1.99,
2026-01-13,swsh35-25,223018,Reverse Holofoil,0.25,0.1,0.26,2.0,
2026-01-13,swsh35-74,223073,Holofoil,181.93,134.98,204.84,1500.0,189.99
2026-01-13,swsh45sv-SV107,232496,Holofoil,131.23,119.0,153.39,349.95,144.99
2026-01-13,swsh7-204,246693,Holofoil,31.64,26.0,33.47,150.0,34.23
2026-01-13,swsh7-205,246696,Holofoil,333.48,289.0,363.97,499.99,314.99
2026-01-13,swsh7-208,246755,Holofoil,29.12,23.55,30.0,48.95,32.49
2026-01-13,swsh7-209,246756,Holofoil,281.11,243.2,295.0,419.79,285.47
2026-01-13,swsh7-211,246702,Holofoil,50.22,36.9,52.0,74.95,63.36
2026-01-13,swsh7-212,246704,Holofoil,341.18,285.62,368.84,1000.0,374.98
2026-01-13,swsh7-215,246723,Holofoil,1783.57,1448.99,1996.5,4000.0,1979.98
2026-01-13,swsh7-218,246733,Holofoil,665.59,525.0,699.95,950.0,699.91
2026-01-13,swsh7-41,246753,Holofoil,5.06,3.45,5.63,25.0,7.48
2026-01-13,swsh7-65,246690,Holofoil,10.78,7.68,11.82,500.0,13.0
2026-01-13,swsh7-75,246701,Holofoil,11.5,8.49,13.35,70.0,17.75
2026-01-13,swsh7-8,246691,Holofoil,5.94,4.0,6.99,100.0,6.2
2026-01-13,swsh8-271,253266,Holofoil,720.85,500.0,809.96,1499.95,880.75
2026-01-13,swsh9-154,263873,Holofoil,231.16,209.01,283.76,1500.0,194.99
2026-01-14,base1-15,42355,Holofoil,132.46,74.0,106.43,999.98,
2026-01-14,base1-16,42356,Holofoil,42.67,20.0,35.68,120.0,
2026-01-14,base1-2,42360,Holofoil,163.14,103.74,127.34,499.99,
2026-01-14,base1-4,42382,Holofoil,461.5,384.9,489.46,1500.0,
2026-01-14,base1-58,42402,Normal,3.91,0.5,2.07,9999.0,
2026-01-14,cel25c-4,250320,Holofoil,127.61,99.95,157.69,499.99,190.96
2026-01-14,gym2-2,83861,1st Edition Holofoil,852.01,640.0,775.0,975.99,
2026-01-14,gym2-2,83861,Unlimited Holofoil,476.04,499.99,548.6,655.17,540.51
2026-01-14,neo1-9,86903,1st Edition Holofoil,482.24,42.99,1800.0,2700.0,
2026-01-14,neo1-9,86903,Unlimited Holofoil,429.33,349.0,394.4,815.0,
2026-01-14,sl-151-bundle,502000,Normal,109.72,100.0,125.0,999.99,
2026-01-14,sl-151-etb,503313,Normal,389.21,400.0,499.99,600.0,
2026-01-14,sl-151-upc,502005,Normal,605.06,598.18,788.88,40000.0,
2026-01-14,sl-ar-box,265519,Normal,391.06,380.0,450.0,899.99,
2026-01-14,sl-bs-box,256141,Normal,568.94,575.0,700.0,5000.0,
2026-01-14,sl-cel-upc,245140,Normal,830.88,840.0,994.99,154722.59,
2026-01-14,sl-champ-etb,218791,Normal,164.45,150.0,184.0,500.0,
2026-01-14,sl-cz-etb,453470,Normal,224.64,244.99,299.97,785.0,
2026-01-14,sl-dr-box,624679,Normal,409.55,409.0,500.0,8498.0,
2026-01-14,sl-evs-box,242436,Normal,2311.86,2599.98,3492.49,12000.0,
2026-01-14,sl-evs-etb,243721,Normal,719.13,761.99,999.98,2999.99,
2026-01-14,sl-fs-box,247654,Normal,885.42,976.98,1200.0,10000.0,
2026-01-14,sl-hf-etb,194729,Normal,413.82,414.82,499.99,9999.98,
2026-01-14,sl-jp-151,565243,Normal,210.08,199.99,234.99,325.0,
2026-01-14,sl-jp-terastal,603428,Normal,112.29,99.99,124.99,200.0,
2026-01-14,sl-jt-box,610931,Normal,249.45,244.88,270.0,551.0,
2026-01-14,sl-lo-box,277324,Normal,695.84,745.99,992.44,2500.0,
2026-01-14,sl-me1-box,644298,Normal,238.97,229.99,298.93,500.0,
2026-01-14,sl-obf-box,501257,Normal,299.43,283.01,345.0,799.99,
2026-01-14,sl-pe-etb,593355,Normal,125.06,115.0,140.0,1115.0,
2026-01-14,sl-pe-spc,622770,Normal,249.35,234.99,324.99,999.0,
2026-01-14,sl-pf-etb,528040,Normal,282.35,285.0,329.94,775.0,
2026-01-14,sl-phf-box,654137,Normal,250.1,235.0,279.99,599.0,
2026-01-14,sl-shf-etb,228821,Normal,107.78,103.0,125.0,500.11,
2026-01-14,sl-ss-box,565606,Normal,260.66,259.99,324.94,4999.99,
2026-01-14,sl-st-box,283389,Normal,450.8,470.0,560.0,9999.99,
2026-01-14,sl-tf-box,536225,Normal,267.76,257.5,294.99,779.99,
2026-01-14,sv2-185,497557,Normal,0.32,0.05,0.41,4.99,
2026-01-14,sv2-185,497557,Reverse Holofoil,1.02,0.29,0.89,6.99,2.49
2026-01-14,sv2-254,497669,Holofoil,13.55,11.0,15.13,52.5,15.52
2026-01-14,sv2-269,497689,Holofoil,47.64,44.0,55.85,259.99,46.95
2026-01-14,sv3pt5-151,516566,Holofoil,8.75,5.48,8.51,100.0,14.96
2026-01-14,sv3pt5-199,517045,Holofoil,263.38,210.0,293.88,1000.0,255.0
2026-01-14,sv3pt5-205,517051,Holofoil,18.33,14.71,19.99,88.88,17.99
2026-01-14,sv3pt5-4,502555,Normal,0.15,0.01,0.16,20.0,0.16
2026-01-14,sv3pt5-4,502555,Reverse Holofoil,0.3,0.07,0.29,4.01,
2026-01-14,sv3pt5-6,502558,Holofoil,5.16,2.98,5.49,505.1,4.58
2026-01-14,sv3pt5-7,502548,Normal,0.17,0.01,0.17,4.01,
2026-01-14,sv3pt5-7,502548,Reverse Holofoil,0.21,0.01,0.25,50.0,0.19
2026-01-14,sv4pt5-234,535090,Holofoil,201.36,175.0,230.99,799.97,215.99
2026-01-14,sv4pt5-54,534416,Holofoil,3.61,2.78,3.81,60.0,5.1
2026-01-14,sv8-57,590025,Holofoil,3.65,2.45,4.65,50.0,4.57
2026-01-14,sv8pt5-149,610504,Holofoil,179.15,167.11,190.0,999.0,
2026-01-14,sv8pt5-155,610510,Holofoil,198.88,189.99,205.02,999.0,
2026-01-14,sv8pt5-156,610511,Holofoil,303.97,284.0,334.15,999.0,
2026-01-14,sv8pt5-161,610516,Holofoil,939.92,918.49,1050.0,1499.99,
2026-01-14,sv8pt5-167,610522,Holofoil,108.02,103.0,112.67,999.0,
2026-01-14,sv8pt5-179,610534,Holofoil,39.11,34.48,47.92,999.0,
2026-01-14,sv8pt5-28,610383,Holofoil,1.24,0.67,1.32,999.0,
2026-01-14,sv8pt5-47,610402,Normal,0.05,0.01,0.1,999.0,0.03
2026-01-14,sv8pt5-47,610402,Reverse Holofoil,0.07,0.01,0.13,999.0,0.06
2026-01-14,sv8pt5-59,610414,Holofoil,0.25,0.01,0.27,999.0,0.15
2026-01-14,sv8pt5-59,610414,Reverse Holofoil,0.36,0.07,0.37,999.0,0.25
2026-01-14,sv8pt5-60,610415,Holofoil,4.0,2.99,4.58,999.0,
2026-01-14,svp-085,518861,Normal,502.99,474.01,650.99,2500.0,629.0
2026-01-14,swsh11-186,284137,Holofoil,593.71,482.0,626.0,1500.0,721.08
2026-01-14,swsh12-186,451834,Holofoil,348.35,300.0,388.48,2000.0,386.99
2026-01-14,swsh12pt5gg-GG69,478100,Holofoil,193.1,170.64,220.25,1000.0,233.84
2026-01-14,swsh35-25,223018,Normal,0.11,0.04,0.15,1.82,
2026-01-14,swsh35-25,223018,Reverse Holofoil,0.25,0.1,0.26,2.0,
2026-01-14,swsh35-74,223073,Holofoil,181.98,134.98,204.84,1500.0,189.99
2026-01-14,swsh45sv-SV107,232496,Holofoil,130.59,118.2,152.58,349.95,148.29
2026-01-14,swsh7-204,246693,Holofoil,31.88,26.0,33.13,150.0,34.23
2026-01-14,swsh7-205,246696,Holofoil,333.48,289.0,366.83,500.08,314.99
2026-01-14,swsh7-208,246755,Holofoil,29.31,23.55,30.0,48.95,32.49
2026-01-14,swsh7-209,246756,Holofoil,281.11,238.95,293.0,419.79,285.47
2026-01-14,swsh7-211,246702,Holofoil,50.22,36.9,53.13,74.95,63.36
2026-01-14,swsh7-212,246704,Holofoil,344.86,285.62,359.97,1000.0,410.09
2026-01-14,swsh7-215,246723,Holofoil,1793.37,1448.99,2000.0,4000.0,1994.99
2026-01-14,swsh7-218,246733,Holofoil,663.53,525.0,701.24,950.0,699.91
2026-01-14,swsh7-41,246753,Holofoil,5.19,3.45,5.75,25.0,7.65
2026-01-14,swsh7-65,246690,Holofoil,10.32,8.0,11.87,500.0,15.75
2026-01-14,swsh7-75,246701,Holofoil,11.73,8.5,13.45,70.0,19.69
2026-01-14,swsh7-8,246691,Holofoil,6.06,3.69,6.99,100.0,11.88
2026-01-14,swsh8-271,253266,Holofoil,729.04,500.0,850.0,1499.95,880.75
2026-01-14,swsh9-154,263873,Holofoil,232.92,194.99,287.54,1500.0,194.99
2026-01-15,base1-15,42355,Holofoil,132.23,74.0,104.86,999.98,
2026-01-15,base1-16,42356,Holofoil,42.67,20.0,34.99,120.0,
2026-01-15,base1-2,42360,Holofoil,164.07,103.77,127.34,499.99,
2026-01-15,base1-4,42382,Holofoil,461.5,384.9,475.25,1499.99,
2026-01-15,base1-58,42402,Normal,3.64,0.5,2.08,9999.0,
2026-01-15,cel25c-4,250320,Holofoil,130.53,113.74,182.05,499.99,190.95
2026-01-15,gym2-2,83861,1st Edition Holofoil,852.01,640.0,775.0,975.99,
2026-01-15,gym2-2,83861,Unlimited Holofoil,476.04,493.75,540.51,650.96,493.75
2026-01-15,neo1-9,86903,1st Edition Holofoil,482.24,1798.75,1850.0,2700.0,
2026-01-15,neo1-9,86903,Unlimited Holofoil,429.33,340.0,392.99,815.0,
2026-01-15,sl-151-bundle,502000,Normal,110.46,100.0,125.0,999.99,
2026-01-15,sl-151-etb,503313,Normal,389.21,399.0,499.48,600.0,
2026-01-15,sl-151-upc,502005,Normal,605.06,598.18,791.94,40000.0,
2026-01-15,sl-ar-box,265519,Normal,390.58,388.0,450.0,899.99,
2026-01-15,sl-bs-box,256141,Normal,569.74,575.0,700.0,5000.0,
2026-01-15,sl-cel-upc,245140,Normal,830.45,840.0,999.99,154722.59,
2026-01-15,sl-champ-etb,218791,Normal,164.01,150.0,187.0,500.0,
2026-01-15,sl-cz-etb,453470,Normal,224.64,237.99,294.97,785.0,
2026-01-15,sl-dr-box,624679,Normal,411.5,408.67,510.65,8498.0,
2026-01-15,sl-evs-box,242436,Normal,2332.86,2599.98,3442.5,12000.0,
2026-01-15,sl-evs-etb,243721,Normal,719.13,761.99,999.98,2999.99,
2026-01-15,sl-fs-box,247654,Normal,891.06,976.98,1200.0,10000.0,
2026-01-15,sl-hf-etb,194729,Normal,413.98,410.0,500.0,9999.98,
2026-01-15,sl-jp-151,565243,Normal,210.08,199.99,224.82,299.99,
2026-01-15,sl-jp-terastal,603428,Normal,112.78,99.99,124.99,200.0,
2026-01-15,sl-jt-box,610931,Normal,249.99,244.88,272.5,551.0,
2026-01-15,sl-lo-box,277324,Normal,695.84,745.99,992.44,2500.0,
2026-01-15,sl-me1-box,644298,Normal,239.39,236.72,298.95,500.0,
2026-01-15,sl-obf-box,501257,Normal,299.23,283.01,337.5,799.99,
2026-01-15,sl-pe-etb,593355,Normal,124.3,119.98,145.0,1115.0,
2026-01-15,sl-pe-spc,622770,Normal,248.12,234.99,322.99,999.0,
2026-01-15,sl-pf-etb,528040,Normal,282.35,285.0,324.97,775.0,
2026-01-15,sl-phf-box,654137,Normal,249.63,235.0,279.99,599.0,
2026-01-15,sl-shf-etb,228821,Normal,108.05,103.0,125.0,500.11,
2026-01-15,sl-ss-box,565606,Normal,263.86,259.99,330.0,4999.99,
2026-01-15,sl-st-box,283389,Normal,451.6,483.98,560.0,9999.99,
2026-01-15,sl-tf-box,536225,Normal,267.76,257.5,294.99,779.99,
2026-01-15,sv2-185,497557,Normal,0.3,0.05,0.4,501.5,0.29
2026-01-15,sv2-185,497557,Reverse Holofoil,1.35,0.29,0.9,6.99,
2026-01-15,sv2-254,497669,Holofoil,13.12,11.8,15.07,52.5,13.29
2026-01-15,sv2-269,497689,Holofoil,47.59,44.0,55.0,259.99,46.95
2026-01-15,sv3pt5-151,516566,Holofoil,8.08,6.0,8.49,100.0,9.52
2026-01-15,sv3pt5-199,517045,Holofoil,264.98,212.13,293.25,1000.0,255.0
2026-01-15,sv3pt5-205,517051,Holofoil,18.41,14.5,19.99,88.88,29.9
2026-01-15,sv3pt5-4,502555,Normal,0.15,0.01,0.17,20.0,0.16
2026-01-15,sv3pt5-4,502555,Reverse Holofoil,0.29,0.07,0.3,4.01,
2026-01-15,sv3pt5-6,502558,Holofoil,5.39,2.98,5.51,505.1,6.34
2026-01-15,sv3pt5-7,502548,Normal,0.16,0.01,0.17,4.01,
2026-01-15,sv3pt5-7,502548,Reverse Holofoil,0.23,0.01,0.25,50.0,0.17
2026-01-15,sv4pt5-234,535090,Holofoil,201.1,175.0,230.99,799.97,221.5
2026-01-15,sv4pt5-54,534416,Holofoil,3.76,2.78,3.83,60.0,4.35
2026-01-15,sv8-57,590025,Holofoil,4.16,2.49,4.75,50.0,4.4
2026-01-15,sv8pt5-149,610504,Holofoil,178.69,166.0,190.77,999.0,
2026-01-15,sv8pt5-155,610510,Holofoil,198.61,189.99,208.29,999.0,
2026-01-15,sv8pt5-156,610511,Holofoil,304.45,282.78,334.15,999.0,
2026-01-15,sv8pt5-161,610516,Holofoil,915.5,918.49,1045.0,5000.0,
2026-01-15,sv8pt5-167,610522,Holofoil,111.94,103.0,109.99,999.0,
2026-01-15,sv8pt5-179,610534,Holofoil,37.69,34.48,47.82,999.0,
2026-01-15,sv8pt5-28,610383,Holofoil,1.12,0.5,1.32,999.0,
2026-01-15,sv8pt5-47,610402,Normal,0.05,0.01,0.1,999.0,0.03
2026-01-15,sv8pt5-47,610402,Reverse Holofoil,0.07,0.01,0.13,999.0,0.06
2026-01-15,sv8pt5-59,610414,Holofoil,0.24,0.01,0.26,999.0,0.15
2026-01-15,sv8pt5-59,610414,Reverse Holofoil,0.37,0.07,0.37,999.0,0.25
2026-01-15,sv8pt5-60,610415,Holofoil,3.6,2.95,4.52,999.0,
2026-01-15,svp-085,518861,Normal,504.76,474.01,650.99,2500.0,629.0
2026-01-15,swsh11-186,284137,Holofoil,653.02,482.0,621.6,899.0,
2026-01-15,swsh12-186,451834,Holofoil,348.35,300.0,387.94,2000.0,387.93
2026-01-15,swsh12pt5gg-GG69,478100,Holofoil,192.02,170.64,225.0,671.52,233.83
2026-01-15,swsh35-25,223018,Normal,0.11,0.04,0.15,1.82,
2026-01-15,swsh35-25,223018,Reverse Holofoil,0.25,0.1,0.26,2.0,
2026-01-15,swsh35-74,223073,Holofoil,186.96,134.99,219.99,1500.0,247.69
2026-01-15,swsh45sv-SV107,232496,Holofoil,130.59,117.74,155.0,349.95,148.29
2026-01-15,swsh7-204,246693,Holofoil,31.88,26.0,33.07,150.0,34.23
2026-01-15,swsh7-205,246696,Holofoil,333.48,288.77,363.95,500.08,314.99
2026-01-15,swsh7-208,246755,Holofoil,29.52,23.55,31.07,48.95,32.49
2026-01-15,swsh7-209,246756,Holofoil,279.31,238.95,293.14,419.79,285.47
2026-01-15,swsh7-211,246702,Holofoil,50.22,36.9,52.37,74.95,55.3
2026-01-15,swsh7-212,246704,Holofoil,344.86,285.62,356.57,1000.0,410.09
2026-01-15,swsh7-215,246723,Holofoil,1795.75,1448.99,2064.09,4000.0,1994.99
2026-01-15,swsh7-218,246733,Holofoil,664.49,525.0,700.0,950.0,699.91
2026-01-15,swsh7-41,246753,Holofoil,5.1,3.45,5.93,25.0,7.47
2026-01-15,swsh7-65,246690,Holofoil,10.29,8.0,11.86,500.0,10.99
2026-01-15,swsh7-75,246701,Holofoil,11.78,8.5,13.5,70.0,19.99
2026-01-15,swsh7-8,246691,Holofoil,5.97,4.0,6.97,100.0,6.87
2026-01-15,swsh8-271,253266,Holofoil,732.64,649.99,865.38,1499.99,899.99
2026-01-15,swsh9-154,263873,Holofoil,233.84,221.5,297.99,1500.0,259.89
2026-01-16,base1-15,42355,Holofoil,132.23,74.0,99.99,999.98,
2026-01-16,base1-16,42356,Holofoil,42.67,20.0,34.99,120.0,
2026-01-16,base1-2,42360,Holofoil,164.07,103.77,131.31,499.99,
2026-01-16,base1-4,42382,Holofoil,461.5,384.9,489.46,1499.99,
2026-01-16,base1-58,42402,Normal,3.75,0.5,2.04,9999.0,
2026-01-16,cel25c-4,250320,Holofoil,141.47,113.74,187.94,499.99,148.83
2026-01-16,gym2-2,83861,1st Edition Holofoil,852.01,640.0,775.0,975.99,
2026-01-16,gym2-2,83861,Unlimited Holofoil,476.04,493.75,556.69,650.95,493.75
2026-01-16,neo1-9,86903,1st Edition Holofoil,482.24,1798.75,1800.0,2700.0,
2026-01-16,neo1-9,86903,Unlimited Holofoil,429.33,349.0,393.81,815.99,
2026-01-16,sl-151-bundle,502000,Normal,108.66,100.0,125.0,999.99,
2026-01-16,sl-151-etb,503313,Normal,389.17,400.0,499.48,600.0,
2026-01-16,sl-151-upc,502005,Normal,605.47,598.18,769.44,40000.0,
2026-01-16,sl-ar-box,265519,Normal,390.58,388.0,450.0,899.99,
2026-01-16,sl-bs-box,256141,Normal,567.74,575.0,700.0,5000.0,
2026-01-16,sl-cel-upc,245140,Normal,836.15,840.0,999.99,154722.59,
2026-01-16,sl-champ-etb,218791,Normal,163.99,157.0,190.0,500.0,
2026-01-16,sl-cz-etb,453470,Normal,225.44,231.0,289.99,785.0,
2026-01-16,sl-dr-box,624679,Normal,416.64,418.67,544.77,8498.0,
2026-01-16,sl-evs-box,242436,Normal,2332.86,2550.0,3395.0,12000.0,
2026-01-16,sl-evs-etb,243721,Normal,723.68,761.99,999.98,2999.99,
2026-01-16,sl-fs-box,247654,Normal,896.54,989.99,1200.0,10000.0,
2026-01-16,sl-hf-etb,194729,Normal,413.98,410.0,500.0,9999.98,
2026-01-16,sl-jp-151,565243,Normal,210.19,199.99,224.82,299.99,
2026-01-16,sl-jp-terastal,603428,Normal,113.37,99.99,124.99,200.0,
2026-01-16,sl-jt-box,610931,Normal,250.59,244.88,272.5,551.0,
2026-01-16,sl-lo-box,277324,Normal,698.6,745.99,995.0,2500.0,
2026-01-16,sl-me1-box,644298,Normal,240.78,236.72,298.93,500.0,
2026-01-16,sl-obf-box,501257,Normal,298.93,283.01,342.5,799.99,
2026-01-16,sl-pe-etb,593355,Normal,124.2,119.99,148.0,1115.0,
2026-01-16,sl-pe-spc,622770,Normal,247.41,234.99,320.0,999.0,
2026-01-16,sl-pf-etb,528040,Normal,282.35,285.0,324.97,775.0,
2026-01-16,sl-phf-box,654137,Normal,247.76,235.0,279.97,599.0,
2026-01-16,sl-shf-etb,228821,Normal,108.4,103.0,125.0,500.11,
2026-01-16,sl-ss-box,565606,Normal,263.86,259.99,330.0,4999.99,
2026-01-16,sl-st-box,283389,Normal,453.56,483.99,560.0,9999.99,
2026-01-16,sl-tf-box,536225,Normal,267.97,257.5,294.99,779.99,
2026-01-16,sv2-185,497557,Normal,0.29,0.05,0.4,501.5,0.28
2026-01-16,sv2-185,497557,Reverse Holofoil,1.34,0.29,0.96,6.99,0.72
2026-01-16,sv2-254,497669,Holofoil,12.93,12.0,15.0,52.5,16.99
2026-01-16,sv2-269,497689,Holofoil,47.59,44.0,55.0,259.99,52.68
2026-01-16,sv3pt5-151,516566,Holofoil,6.98,5.63,8.29,100.0,9.53
2026-01-16,sv3pt5-199,517045,Holofoil,261.2,212.13,294.44,1000.0,255.0
2026-01-16,sv3pt5-205,517051,Holofoil,18.04,15.0,20.0,88.88,23.6
2026-01-16,sv3pt5-4,502555,Normal,0.15,0.01,0.16,20.0,
2026-01-16,sv3pt5-4,502555,Reverse Holofoil,0.23,0.07,0.28,3.99,0.25
2026-01-16,sv3pt5-6,502558,Holofoil,5.21,2.98,5.49,505.1,18.58
2026-01-16,sv3pt5-7,502548,Normal,0.14,0.01,0.16,2.0,0.05
2026-01-16,sv3pt5-7,502548,Reverse Holofoil,0.26,0.01,0.25,50.0,0.24
2026-01-16,sv4pt5-234,535090,Holofoil,201.69,175.0,234.76,799.97,221.5
2026-01-16,sv4pt5-54,534416,Holofoil,3.81,2.25,3.86,60.0,4.29
2026-01-16,sv8-57,590025,Holofoil,3.75,2.49,4.66,50.0,4.4
2026-01-16,sv8pt5-149,610504,Holofoil,178.24,165.76,191.57,999.0,
2026-01-16,sv8pt5-155,610510,Holofoil,198.46,190.99,209.99,999.0,
2026-01-16,sv8pt5-156,610511,Holofoil,305.66,282.78,334.52,999.0,
2026-01-16,sv8pt5-161,610516,Holofoil,936.8,875.0,1039.99,5000.0,
2026-01-16,sv8pt5-167,610522,Holofoil,111.31,103.0,110.27,999.0,
2026-01-16,sv8pt5-179,610534,Holofoil,36.55,36.22,48.25,999.0,
2026-01-16,sv8pt5-28,610383,Holofoil,1.28,0.67,1.37,999.0,
2026-01-16,sv8pt5-47,610402,Normal,0.05,0.01,0.1,999.0,0.03
2026-01-16,sv8pt5-47,610402,Reverse Holofoil,0.07,0.01,0.13,999.0,0.05
2026-01-16,sv8pt5-59,610414,Holofoil,0.31,0.01,0.26,999.0,0.15
2026-01-16,sv8pt5-59,610414,Reverse Holofoil,0.41,0.07,0.38,999.0,0.25
2026-01-16,sv8pt5-60,610415,Holofoil,3.9,2.99,4.69,999.0,
2026-01-16,svp-085,518861,Normal,506.1,474.01,649.3,2500.0,629.0
2026-01-16,swsh11-186,284137,Holofoil,644.48,483.8,602.21,725.0,708.0
2026-01-16,swsh12-186,451834,Holofoil,348.52,300.0,391.5,2000.0,387.91
2026-01-16,swsh12pt5gg-GG69,478100,Holofoil,192.13,176.98,225.0,671.52,233.83
2026-01-16,swsh35-25,223018,Normal,0.11,0.04,0.15,1.82,
2026-01-16,swsh35-25,223018,Reverse Holofoil,0.26,0.1,0.26,2.0,
2026-01-16,swsh35-74,223073,Holofoil,186.96,134.99,220.0,1500.0,247.69
2026-01-16,swsh45sv-SV107,232496,Holofoil,130.89,117.74,158.75,349.95,148.62
2026-01-16,swsh7-204,246693,Holofoil,31.88,26.0,33.0,150.0,37.47
2026-01-16,swsh7-205,246696,Holofoil,331.84,288.77,365.4,499.99,314.99
2026-01-16,swsh7-208,246755,Holofoil,29.17,23.55,31.29,48.95,32.49
2026-01-16,swsh7-209,246756,Holofoil,279.31,237.45,291.75,419.79,279.31
2026-01-16,swsh7-211,246702,Holofoil,50.22,36.9,52.37,74.95,55.3
2026-01-16,swsh7-212,246704,Holofoil,344.18,285.62,356.57,1000.0,385.2
2026-01-16,swsh7-215,246723,Holofoil,1794.75,1449.99,2093.97,4000.0,1994.99
2026-01-16,swsh7-218,246733,Holofoil,664.49,525.0,700.0,950.0,699.91
2026-01-16,swsh7-41,246753,Holofoil,5.32,3.19,5.77,25.0,7.8
2026-01-16,swsh7-65,246690,Holofoil,9.6,7.5,11.58,500.0,13.56
2026-01-16,swsh7-75,246701,Holofoil,11.52,8.95,13.5,70.0,19.99
2026-01-16,swsh7-8,246691,Holofoil,5.97,3.88,7.0,100.0,10.53
2026-01-16,swsh8-271,253266,Holofoil,733.36,649.99,899.95,1499.99,650.0
2026-01-16,swsh9-154,263873,Holofoil,235.45,222.01,299.81,1500.0,259.94
2026-01-17,base1-15,42355,Holofoil,132.23,75.0,109.8,999.98,
2026-01-17,base1-16,42356,Holofoil,44.96,20.0,31.5,120.0,
2026-01-17,base1-2,42360,Holofoil,164.07,103.77,131.31,499.99,
2026-01-17,base1-4,42382,Holofoil,461.5,384.9,494.73,1299.99,
2026-01-17,base1-58,42402,Normal,3.82,0.5,2.0,9999.0,
2026-01-17,cel25c-4,250320,Holofoil,143.08,113.74,188.24,499.99,165.2
2026-01-17,gym2-2,83861,1st Edition Holofoil,852.01,640.0,775.0,975.99,
2026-01-17,gym2-2,83861,Unlimited Holofoil,476.04,493.75,558.66,650.96,556.69
2026-01-17,neo1-9,86903,1st Edition Holofoil,482.24,1798.75,1800.0,2700.0,
2026-01-17,neo1-9,86903,Unlimited Holofoil,429.33,349.0,392.99,815.99,
2026-01-17,sl-151-bundle,502000,Normal,106.7,100.0,125.0,999.99,
2026-01-17,sl-151-etb,503313,Normal,391.57,400.0,499.95,600.0,
2026-01-17,sl-151-upc,502005,Normal,605.07,589.99,769.44,40000.0,
2026-01-17,sl-ar-box,265519,Normal,390.58,388.0,450.0,899.99,
2026-01-17,sl-bs-box,256141,Normal,569.64,575.0,712.5,5000.0,
2026-01-17,sl-cel-upc,245140,Normal,836.75,849.99,999.99,154722.59,
2026-01-17,sl-champ-etb,218791,Normal,163.99,156.0,189.99,500.0,
2026-01-17,sl-cz-etb,453470,Normal,226.24,231.0,290.0,785.0,
2026-01-17,sl-dr-box,624679,Normal,422.11,419.67,547.48,8498.0,
2026-01-17,sl-evs-box,242436,Normal,2332.86,2550.0,3395.0,12000.0,
2026-01-17,sl-evs-etb,243721,Normal,723.68,761.99,999.98,2999.99,
2026-01-17,sl-fs-box,247654,Normal,904.34,989.99,1200.0,10000.0,
2026-01-17,sl-hf-etb,194729,Normal,413.22,410.0,500.0,9999.98,
2026-01-17,sl-jp-151,565243,Normal,211.16,199.99,224.95,299.99,
2026-01-17,sl-jp-terastal,603428,Normal,114.59,99.99,124.99,200.0,
2026-01-17,sl-jt-box,610931,Normal,251.39,244.88,274.99,551.0,
2026-01-17,sl-lo-box,277324,Normal,698.6,734.99,992.44,2500.0,
2026-01-17,sl-me1-box,644298,Normal,250.09,236.72,294.95,500.0,
2026-01-17,sl-obf-box,501257,Normal,298.93,283.01,345.0,799.99,
2026-01-17,sl-pe-etb,593355,Normal,126.07,119.99,149.93,1115.0,
2026-01-17,sl-pe-spc,622770,Normal,246.44,234.98,317.5,999.0,
2026-01-17,sl-pf-etb,528040,Normal,283.19,285.0,320.0,775.0,
2026-01-17,sl-phf-box,654137,Normal,242.73,223.99,275.0,1000.0,
2026-01-17,sl-shf-etb,228821,Normal,108.35,103.0,126.48,500.11,
2026-01-17,sl-ss-box,565606,Normal,263.39,259.99,330.0,4999.99,
2026-01-17,sl-st-box,283389,Normal,455.52,484.0,585.0,9999.99,
2026-01-17,sl-tf-box,536225,Normal,268.58,257.5,299.99,779.99,
2026-01-17,sv2-185,497557,Normal,0.29,0.05,0.4,501.5,
2026-01-17,sv2-185,497557,Reverse Holofoil,1.19,0.29,0.99,6.99,2.99
2026-01-17,sv2-254,497669,Holofoil,13.65,11.95,15.0,52.5,18.85
2026-01-17,sv2-269,497689,Holofoil,47.73,44.0,55.0,259.99,52.68
2026-01-17,sv3pt5-151,516566,Holofoil,8.44,6.0,8.33,100.0,11.85
2026-01-17,sv3pt5-199,517045,Holofoil,260.8,213.57,295.0,1000.0,255.0
2026-01-17,sv3pt5-205,517051,Holofoil,18.37,15.47,19.99,88.88,24.98
2026-01-17,sv3pt5-4,502555,Normal,0.15,0.01,0.16,20.0,
2026-01-17,sv3pt5-4,502555,Reverse Holofoil,0.23,0.07,0.27,3.99,
2026-01-17,sv3pt5-6,502558,Holofoil,8.39,2.98,5.72,505.1,14.99
2026-01-17,sv3pt5-7,502548,Normal,0.13,0.01,0.15,2.0,0.07
2026-01-17,sv3pt5-7,502548,Reverse Holofoil,0.27,0.01,0.25,50.0,0.24
2026-01-17,sv4pt5-234,535090,Holofoil,202.57,175.0,235.13,799.97,234.99
2026-01-17,sv4pt5-54,534416,Holofoil,3.68,2.78,3.83,60.0,3.83
2026-01-17,sv8-57,590025,Holofoil,4.2,2.5,4.63,50.0,5.86
2026-01-17,sv8pt5-149,610504,Holofoil,178.04,165.76,191.57,999.0,
2026-01-17,sv8pt5-155,610510,Holofoil,199.75,191.13,210.38,999.0,
2026-01-17,sv8pt5-156,610511,Holofoil,305.66,282.78,335.56,999.0,
2026-01-17,sv8pt5-161,610516,Holofoil,936.8,918.49,1039.99,5000.0,954.99
2026-01-17,sv8pt5-167,610522,Holofoil,111.35,104.49,110.72,999.0,
2026-01-17,sv8pt5-179,610534,Holofoil,37.0,36.22,47.99,999.0,
2026-01-17,sv8pt5-28,610383,Holofoil,1.34,0.5,1.35,999.0,
2026-01-17,sv8pt5-47,610402,Normal,0.05,0.01,0.1,999.0,0.03
2026-01-17,sv8pt5-47,610402,Reverse Holofoil,0.07,0.01,0.13,999.0,0.06
2026-01-17,sv8pt5-59,610414,Holofoil,0.3,0.01,0.28,999.0,0.15
2026-01-17,sv8pt5-59,610414,Reverse Holofoil,0.4,0.07,0.4,999.0,0.25
2026-01-17,sv8pt5-60,610415,Holofoil,4.09,3.0,4.72,999.0,
2026-01-17,svp-085,518861,Normal,506.1,474.01,649.3,2500.0,
2026-01-17,swsh11-186,284137,Holofoil,644.48,483.8,633.35,999.69,708.0
2026-01-17,swsh12-186,451834,Holofoil,350.86,306.99,397.63,2000.0,387.93
2026-01-17,swsh12pt5gg-GG69,478100,Holofoil,193.1,176.98,227.11,671.52,236.0
2026-01-17,swsh35-25,223018,Normal,0.12,0.04,0.17,1.55,
2026-01-17,swsh35-25,223018,Reverse Holofoil,0.26,0.1,0.27,2.0,
2026-01-17,swsh35-74,223073,Holofoil,184.01,130.0,203.48,1500.0,247.69
2026-01-17,swsh45sv-SV107,232496,Holofoil,130.89,117.74,155.0,349.95,148.62
2026-01-17,swsh7-204,246693,Holofoil,31.45,26.62,33.07,150.0,37.47
2026-01-17,swsh7-205,246696,Holofoil,331.84,288.77,364.5,499.99,314.99
2026-01-17,swsh7-208,246755,Holofoil,29.2,23.55,31.24,48.95,32.49
2026-01-17,swsh7-209,246756,Holofoil,279.31,237.45,289.88,419.79,279.31
2026-01-17,swsh7-211,246702,Holofoil,50.22,36.9,52.73,74.95,55.3
2026-01-17,swsh7-212,246704,Holofoil,344.18,285.62,363.83,1000.0,389.32
2026-01-17,swsh7-215,246723,Holofoil,1794.75,1449.99,2065.55,3999.98,1994.99
2026-01-17,swsh7-218,246733,Holofoil,662.49,525.0,699.97,950.0,699.95
2026-01-17,swsh7-41,246753,Holofoil,5.2,3.19,5.81,25.0,7.95
2026-01-17,swsh7-65,246690,Holofoil,9.38,7.5,11.25,500.0,14.18
2026-01-17,swsh7-75,246701,Holofoil,11.88,8.95,13.55,70.0,19.99
2026-01-17,swsh7-8,246691,Holofoil,6.17,3.84,6.99,100.0,11.88
2026-01-17,swsh8-271,253266,Holofoil,733.36,649.99,875.0,1499.99,650.0
2026-01-17,swsh9-154,263873,Holofoil,235.0,223.0,317.25,1500.0,259.94
2026-01-18,base1-15,42355,Holofoil,133.47,72.0,112.5,999.98,
2026-01-18,base1-16,42356,Holofoil,44.96,20.0,34.99,120.0,
2026-01-18,base1-2,42360,Holofoil,164.09,105.0,130.65,499.99,
2026-01-18,base1-4,42382,Holofoil,461.5,384.9,499.99,1299.99,
2026-01-18,base1-58,42402,Normal,3.77,0.94,2.09,9999.0,
2026-01-18,cel25c-4,250320,Holofoil,143.08,113.74,187.72,499.99,157.39
2026-01-18,gym2-2,83861,1st Edition Holofoil,852.01,640.0,775.0,975.99,
2026-01-18,gym2-2,83861,Unlimited Holofoil,476.04,366.98,522.36,629.48,493.75
2026-01-18,neo1-9,86903,1st Edition Holofoil,482.24,1798.75,1800.0,2700.0,
2026-01-18,neo1-9,86903,Unlimited Holofoil,429.33,349.0,393.99,815.99,
2026-01-18,sl-151-bundle,502000,Normal,108.49,104.0,125.0,999.99,
2026-01-18,sl-151-etb,503313,Normal,392.91,385.0,499.48,600.0,
2026-01-18,sl-151-upc,502005,Normal,604.26,589.99,750.0,40000.0,
2026-01-18,sl-ar-box,265519,Normal,390.58,388.0,450.0,899.99,
2026-01-18,sl-bs-box,256141,Normal,569.64,575.0,700.0,5000.0,
2026-01-18,sl-cel-upc,245140,Normal,838.55,850.0,1000.0,154722.59,
2026-01-18,sl-champ-etb,218791,Normal,163.12,164.99,190.0,500.0,
2026-01-18,sl-cz-etb,453470,Normal,227.28,235.0,299.95,785.0,
2026-01-18,sl-dr-box,624679,Normal,422.88,428.67,547.48,8498.0,
2026-01-18,sl-evs-box,242436,Normal,2365.26,2599.98,3442.5,12000.0,
2026-01-18,sl-evs-etb,243721,Normal,723.68,761.99,999.98,2999.99,
2026-01-18,sl-fs-box,247654,Normal,898.14,989.99,1200.0,10000.0,
2026-01-18,sl-hf-etb,194729,Normal,412.42,410.0,500.0,9999.98,
2026-01-18,sl-jp-151,565243,Normal,212.49,200.0,230.0,299.99,
2026-01-18,sl-jp-terastal,603428,Normal,114.62,99.99,125.0,200.0,
2026-01-18,sl-jt-box,610931,Normal,251.39,244.88,274.99,551.0,
2026-01-18,sl-lo-box,277324,Normal,698.6,729.99,989.87,2500.0,
2026-01-18,sl-me1-box,644298,Normal,249.06,236.72,292.47,500.0,
2026-01-18,sl-obf-box,501257,Normal,298.65,283.01,349.99,799.99,
2026-01-18,sl-pe-etb,593355,Normal,126.51,116.99,149.99,1115.0,
2026-01-18,sl-pe-spc,622770,Normal,244.73,234.99,312.49,999.0,
2026-01-18,sl-pf-etb,528040,Normal,286.06,285.0,324.97,775.0,
2026-01-18,sl-phf-box,654137,Normal,244.22,235.0,279.99,1000.0,
2026-01-18,sl-shf-etb,228821,Normal,108.11,100.0,125.0,500.11,
2026-01-18,sl-ss-box,565606,Normal,262.15,247.0,330.0,4999.99,
2026-01-18,sl-st-box,283389,Normal,455.52,484.0,585.0,9999.99,
2026-01-18,sl-tf-box,536225,Normal,268.58,257.5,294.99,779.99,
2026-01-18,sv2-185,497557,Normal,0.27,0.15,0.4,501.5,
2026-01-18,sv2-185,497557,Reverse Holofoil,1.11,0.3,1.0,6.99,
2026-01-18,sv2-254,497669,Holofoil,13.74,12.0,15.14,52.5,15.77
2026-01-18,sv2-269,497689,Holofoil,47.79,44.63,55.0,259.99,52.68
2026-01-18,sv3pt5-151,516566,Holofoil,7.15,6.0,8.31,100.0,
2026-01-18,sv3pt5-199,517045,Holofoil,260.8,218.49,293.49,1000.0,255.17
2026-01-18,sv3pt5-205,517051,Holofoil,19.35,15.47,20.0,88.88,21.29
2026-01-18,sv3pt5-4,502555,Normal,0.16,0.01,0.17,20.0,
2026-01-18,sv3pt5-4,502555,Reverse Holofoil,0.24,0.07,0.27,3.99,
2026-01-18,sv3pt5-6,502558,Holofoil,6.08,2.98,5.88,505.1,6.75
2026-01-18,sv3pt5-7,502548,Normal,0.16,0.01,0.16,2.0,
2026-01-18,sv3pt5-7,502548,Reverse Holofoil,0.37,0.01,0.25,50.0,0.24
2026-01-18,sv4pt5-234,535090,Holofoil,202.49,175.0,240.95,799.97,234.99
2026-01-18,sv4pt5-54,534416,Holofoil,3.66,2.78,3.84,60.0,
2026-01-18,sv8-57,590025,Holofoil,4.42,2.5,4.6,50.0,7.24
2026-01-18,sv8pt5-149,610504,Holofoil,177.74,165.76,191.57,999.0,
2026-01-18,sv8pt5-155,610510,Holofoil,199.74,191.12,210.77,999.0,
2026-01-18,sv8pt5-156,610511,Holofoil,304.86,282.78,336.23,999.0,
2026-01-18,sv8pt5-161,610516,Holofoil,834.45,918.49,1050.0,5000.0,
2026-01-18,sv8pt5-167,610522,Holofoil,111.35,104.49,111.31,999.0,
2026-01-18,sv8pt5-179,610534,Holofoil,37.39,36.59,48.22,999.0,
2026-01-18,sv8pt5-28,610383,Holofoil,1.37,0.67,1.39,999.0,
2026-01-18,sv8pt5-47,610402,Normal,0.05,0.01,0.1,999.0,0.03
2026-01-18,sv8pt5-47,610402,Reverse Holofoil,0.06,0.01,0.13,999.0,0.06
2026-01-18,sv8pt5-59,610414,Holofoil,0.29,0.01,0.29,999.0,0.15
2026-01-18,sv8pt5-59,610414,Reverse Holofoil,0.4,0.07,0.39,999.0,0.25
2026-01-18,sv8pt5-60,610415,Holofoil,4.33,3.1,4.75,999.0,
2026-01-18,svp-085,518861,Normal,508.02,450.0,649.3,2500.0,
2026-01-18,swsh11-186,284137,Holofoil,644.48,505.0,650.0,999.69,708.0
2026-01-18,swsh12-186,451834,Holofoil,352.79,317.14,397.75,2000.0,387.93
2026-01-18,swsh12pt5gg-GG69,478100,Holofoil,192.43,178.99,225.0,671.52,236.0
2026-01-18,swsh35-25,223018,Normal,0.11,0.04,0.17,1.49,
2026-01-18,swsh35-25,223018,Reverse Holofoil,0.26,0.14,0.27,2.0,
2026-01-18,swsh35-74,223073,Holofoil,184.01,130.0,209.99,1500.0,224.69
2026-01-18,swsh45sv-SV107,232496,Holofoil,130.55,118.2,156.69,349.95,148.23
2026-01-18,swsh7-204,246693,Holofoil,31.77,26.62,33.13,150.0,37.49
2026-01-18,swsh7-205,246696,Holofoil,332.04,288.77,365.02,499.99,314.99
2026-01-18,swsh7-208,246755,Holofoil,29.22,23.55,30.97,48.95,32.49
2026-01-18,swsh7-209,246756,Holofoil,279.72,237.8,289.97,419.79,279.31
2026-01-18,swsh7-211,246702,Holofoil,50.22,36.9,51.55,74.95,55.3
2026-01-18,swsh7-212,246704,Holofoil,344.18,285.62,353.16,1000.0,377.92
2026-01-18,swsh7-215,246723,Holofoil,1791.97,1449.99,2060.9,3999.98,1994.99
2026-01-18,swsh7-218,246733,Holofoil,662.49,525.0,698.98,950.0,699.95
2026-01-18,swsh7-41,246753,Holofoil,5.36,3.2,5.9,25.0,5.3
2026-01-18,swsh7-65,246690,Holofoil,9.41,7.5,11.0,500.0,15.75
2026-01-18,swsh7-75,246701,Holofoil,11.41,8.9,13.56,70.0,19.99
2026-01-18,swsh7-8,246691,Holofoil,5.85,3.85,6.96,100.0,11.88
2026-01-18,swsh8-271,253266,Holofoil,727.64,649.99,875.0,1499.99,899.99
2026-01-18,swsh9-154,263873,Holofoil,236.06,224.5,319.74,1500.0,259.99
2026-01-19,base1-15,42355,Holofoil,133.47,75.0,122.91,999.98,
2026-01-19,base1-16,42356,Holofoil,44.96,20.0,36.36,120.0,
2026-01-19,base1-2,42360,Holofoil,164.09,105.0,130.65,499.99,
2026-01-19,base1-4,42382,Holofoil,461.5,384.9,581.91,1299.99,
2026-01-19,base1-58,42402,Normal,3.88,0.94,2.15,9999.0,
2026-01-19,cel25c-4,250320,Holofoil,144.94,113.74,184.21,499.99,165.2
2026-01-19,gym2-2,83861,1st Edition Holofoil,852.01,640.0,775.0,975.99,
2026-01-19,gym2-2,83861,Unlimited Holofoil,476.04,366.98,522.36,629.48,493.75
2026-01-19,neo1-9,86903,1st Edition Holofoil,482.24,1798.75,1800.0,2700.0,
2026-01-19,neo1-9,86903,Unlimited Holofoil,429.33,349.0,393.99,815.99,
2026-01-19,sl-151-bundle,502000,Normal,110.35,104.0,125.0,999.99,
2026-01-19,sl-151-etb,503313,Normal,393.47,419.99,500.0,600.0,
2026-01-19,sl-151-upc,502005,Normal,607.56,605.0,788.88,40000.0,
2026-01-19,sl-ar-box,265519,Normal,390.58,388.0,450.0,899.99,
2026-01-19,sl-bs-box,256141,Normal,569.84,575.0,712.5,5000.0,
2026-01-19,sl-cel-upc,245140,Normal,840.15,840.0,1000.0,154722.59,
2026-01-19,sl-champ-etb,218791,Normal,163.28,164.99,192.5,500.0,
2026-01-19,sl-cz-etb,453470,Normal,227.28,230.0,294.98,785.0,
2026-01-19,sl-dr-box,624679,Normal,423.83,409.95,535.0,8498.0,
2026-01-19,sl-evs-box,242436,Normal,2393.27,2599.99,3442.5,12000.0,
2026-01-19,sl-evs-etb,243721,Normal,725.51,770.0,999.99,2999.99,
2026-01-19,sl-fs-box,247654,Normal,898.14,989.99,1200.0,10000.0,
2026-01-19,sl-hf-etb,194729,Normal,413.02,406.99,500.0,9999.98,
2026-01-19,sl-jp-151,565243,Normal,212.55,205.0,237.49,299.99,
2026-01-19,sl-jp-terastal,603428,Normal,114.55,99.99,125.0,200.0,
2026-01-19,sl-jt-box,610931,Normal,251.51,244.88,276.47,551.0,
2026-01-19,sl-lo-box,277324,Normal,701.07,729.99,989.87,2500.0,
2026-01-19,sl-me1-box,644298,Normal,248.33,236.72,289.99,500.0,
2026-01-19,sl-obf-box,501257,Normal,298.66,283.01,349.99,799.99,
2026-01-19,sl-pe-etb,593355,Normal,128.71,120.0,149.99,1115.0,
2026-01-19,sl-pe-spc,622770,Normal,244.52,234.99,320.0,999.0,
2026-01-19,sl-pf-etb,528040,Normal,286.52,285.0,328.85,775.0,
2026-01-19,sl-phf-box,654137,Normal,246.94,239.45,279.99,1000.0,
2026-01-19,sl-shf-etb,228821,Normal,108.55,100.0,125.0,500.11,
2026-01-19,sl-ss-box,565606,Normal,260.26,260.0,332.49,4999.99,
2026-01-19,sl-st-box,283389,Normal,456.92,484.0,592.0,9999.99,
2026-01-19,sl-tf-box,536225,Normal,268.58,257.5,294.99,779.99,
2026-01-19,sv2-185,497557,Normal,0.3,0.05,0.4,501.5,
2026-01-19,sv2-185,497557,Reverse Holofoil,1.06,0.3,1.0,6.99,
2026-01-19,sv2-254,497669,Holofoil,13.89,12.93,15.22,52.5,18.85
2026-01-19,sv2-269,497689,Holofoil,47.72,45.09,55.0,259.99,52.99
2026-01-19,sv3pt5-151,516566,Holofoil,6.93,5.5,8.1,100.0,
2026-01-19,sv3pt5-199,517045,Holofoil,257.05,230.05,294.36,1000.0,245.97
2026-01-19,sv3pt5-205,517051,Holofoil,19.99,15.0,20.0,88.88,
2026-01-19,sv3pt5-4,502555,Normal,0.12,0.01,0.16,20.0,
2026-01-19,sv3pt5-4,502555,Reverse Holofoil,0.25,0.07,0.27,3.99,
2026-01-19,sv3pt5-6,502558,Holofoil,5.56,2.98,5.9,505.1,
2026-01-19,sv3pt5-7,502548,Normal,0.13,0.01,0.16,19.99,
2026-01-19,sv3pt5-7,502548,Reverse Holofoil,0.35,0.01,0.25,50.0,0.24
2026-01-19,sv4pt5-234,535090,Holofoil,203.09,175.0,241.9,799.97,234.99
2026-01-19,sv4pt5-54,534416,Holofoil,3.57,2.0,3.83,60.0,
2026-01-19,sv8-57,590025,Holofoil,3.73,2.2,4.59,50.0,
2026-01-19,sv8pt5-149,610504,Holofoil,178.23,167.65,191.77,999.0,
2026-01-19,sv8pt5-155,610510,Holofoil,198.95,191.12,211.76,999.0,
2026-01-19,sv8pt5-156,610511,Holofoil,305.78,284.0,336.8,999.0,
2026-01-19,sv8pt5-161,610516,Holofoil,836.13,877.94,1050.0,5000.0,
2026-01-19,sv8pt5-167,610522,Holofoil,111.87,104.49,110.12,999.0,
2026-01-19,sv8pt5-179,610534,Holofoil,37.77,36.59,48.44,999.0,
2026-01-19,sv8pt5-28,610383,Holofoil,1.31,0.67,1.4,999.0,
2026-01-19,sv8pt5-47,610402,Normal,0.05,0.01,0.1,999.0,0.03
2026-01-19,sv8pt5-47,610402,Reverse Holofoil,0.06,0.01,0.13,999.0,0.05
2026-01-19,sv8pt5-59,610414,Holofoil,0.24,0.01,0.27,999.0,0.15
2026-01-19,sv8pt5-59,610414,Reverse Holofoil,0.4,0.07,0.4,999.0,0.25
2026-01-19,sv8pt5-60,610415,Holofoil,3.79,3.0,4.77,999.0,
2026-01-19,svp-085,518861,Normal,510.14,473.73,649.3,2500.0,
2026-01-19,swsh11-186,284137,Holofoil,652.8,509.99,650.0,999.69,999.69
2026-01-19,swsh12-186,451834,Holofoil,352.64,318.69,399.99,2000.0,387.93
2026-01-19,swsh12pt5gg-GG69,478100,Holofoil,191.65,178.99,224.99,671.52,236.0
2026-01-19,swsh35-25,223018,Normal,0.11,0.04,0.17,19.99,
2026-01-19,swsh35-25,223018,Reverse Holofoil,0.26,0.14,0.27,2.0,
2026-01-19,swsh35-74,223073,Holofoil,184.01,130.0,202.07,1500.0,224.69
2026-01-19,swsh45sv-SV107,232496,Holofoil,130.3,118.2,158.57,349.95,147.95
2026-01-19,swsh7-204,246693,Holofoil,31.77,26.62,33.0,150.0,37.49
2026-01-19,swsh7-205,246696,Holofoil,332.04,288.77,363.69,499.99,314.99
2026-01-19,swsh7-208,246755,Holofoil,29.22,23.55,30.49,48.95,32.49
2026-01-19,swsh7-209,246756,Holofoil,279.72,237.8,288.95,419.79,279.31
2026-01-19,swsh7-211,246702,Holofoil,50.22,36.9,52.0,74.95,55.3
2026-01-19,swsh7-212,246704,Holofoil,344.18,285.62,352.64,1000.0,377.6
2026-01-19,swsh7-215,246723,Holofoil,1791.97,1449.99,2030.45,3999.98,1994.99
2026-01-19,swsh7-218,246733,Holofoil,664.13,525.0,698.98,950.0,699.95
2026-01-19,swsh7-41,246753,Holofoil,5.44,3.2,5.97,25.0,7.27
2026-01-19,swsh7-65,246690,Holofoil,10.61,7.0,11.27,500.0,19.58
2026-01-19,swsh7-75,246701,Holofoil,12.19,8.9,13.7,70.0,19.99
2026-01-19,swsh7-8,246691,Holofoil,6.44,3.85,6.99,100.0,12.88
2026-01-19,swsh8-271,253266,Holofoil,727.64,649.99,850.0,1499.99,899.99
2026-01-19,swsh9-154,263873,Holofoil,236.06,224.5,319.74,1500.0,259.99
2026-01-20,base1-15,42355,Holofoil,133.47,75.0,131.8,999.98,
2026-01-20,base1-16,42356,Holofoil,46.53,20.0,36.61,120.0,
2026-01-20,base1-2,42360,Holofoil,164.09,105.0,129.99,499.99,
2026-01-20,base1-4,42382,Holofoil,462.35,384.9,599.99,1299.99,
2026-01-20,base1-58,42402,Normal,3.83,0.94,2.02,9999.0,
2026-01-20,cel25c-4,250320,Holofoil,143.35,135.0,199.44,499.99,164.99
2026-01-20,gym2-2,83861,1st Edition Holofoil,852.01,640.0,775.0,975.99,
2026-01-20,gym2-2,83861,Unlimited Holofoil,476.04,478.7,524.72,629.48,493.75
2026-01-20,neo1-9,86903,1st Edition Holofoil,482.24,1798.75,1800.49,2700.0,
2026-01-20,neo1-9,86903,Unlimited Holofoil,429.33,349.0,393.99,815.99,
2026-01-20,sl-151-bundle,502000,Normal,109.69,104.0,125.0,999.99,
2026-01-20,sl-151-etb,503313,Normal,399.24,445.99,500.0,600.0,
2026-01-20,sl-151-upc,502005,Normal,607.64,642.99,761.47,40000.0,
2026-01-20,sl-ar-box,265519,Normal,389.98,388.0,450.0,899.99,
2026-01-20,sl-bs-box,256141,Normal,570.24,569.84,700.0,5000.0,
2026-01-20,sl-cel-upc,245140,Normal,841.32,869.98,1000.0,154722.59,
2026-01-20,sl-champ-etb,218791,Normal,163.28,164.99,189.99,500.0,
2026-01-20,sl-cz-etb,453470,Normal,230.4,230.0,294.98,785.0,
2026-01-20,sl-dr-box,624679,Normal,427.39,429.99,547.48,8498.0,
2026-01-20,sl-evs-box,242436,Normal,2393.27,2580.0,3400.0,12000.0,
2026-01-20,sl-evs-etb,243721,Normal,725.51,770.0,999.99,2999.99,
2026-01-20,sl-fs-box,247654,Normal,906.87,989.99,1200.0,10000.0,
2026-01-20,sl-hf-etb,194729,Normal,414.21,410.0,500.0,9999.98,
2026-01-20,sl-jp-151,565243,Normal,213.21,205.0,225.74,299.99,
2026-01-20,sl-jp-terastal,603428,Normal,113.89,99.99,125.0,200.0,
2026-01-20,sl-jt-box,610931,Normal,251.51,244.88,274.99,551.0,
2026-01-20,sl-lo-box,277324,Normal,701.07,714.97,985.0,2500.0,
2026-01-20,sl-me1-box,644298,Normal,248.58,236.72,289.99,500.0,
2026-01-20,sl-obf-box,501257,Normal,299.39,292.97,350.0,799.99,
2026-01-20,sl-pe-etb,593355,Normal,130.72,120.0,150.0,1115.0,
2026-01-20,sl-pe-spc,622770,Normal,244.8,234.99,305.0,999.0,
2026-01-20,sl-pf-etb,528040,Normal,287.13,289.99,329.99,775.0,
2026-01-20,sl-phf-box,654137,Normal,252.21,246.99,279.99,1000.0,
2026-01-20,sl-shf-etb,228821,Normal,108.7,100.0,125.0,500.11,
2026-01-20,sl-ss-box,565606,Normal,259.91,259.99,330.0,4999.99,
2026-01-20,sl-st-box,283389,Normal,456.92,464.01,585.0,9999.99,
2026-01-20,sl-tf-box,536225,Normal,269.0,257.5,287.5,779.99,
2026-01-20,sv2-185,497557,Normal,0.31,0.15,0.4,501.5,
2026-01-20,sv2-185,497557,Reverse Holofoil,1.07,0.3,1.0,6.99,
2026-01-20,sv2-254,497669,Holofoil,13.89,11.98,15.07,52.5,18.85
2026-01-20,sv2-269,497689,Holofoil,48.11,45.09,55.0,259.99,52.99
2026-01-20,sv3pt5-151,516566,Holofoil,6.6,5.18,8.02,100.0,
2026-01-20,sv3pt5-199,517045,Holofoil,257.34,214.49,293.87,1000.0,251.19
2026-01-20,sv3pt5-205,517051,Holofoil,19.09,15.47,20.0,88.88,
2026-01-20,sv3pt5-4,502555,Normal,0.17,0.01,0.16,20.0,
2026-01-20,sv3pt5-4,502555,Reverse Holofoil,0.24,0.07,0.27,3.99,
2026-01-20,sv3pt5-6,502558,Holofoil,5.51,2.98,5.89,505.1,
2026-01-20,sv3pt5-7,502548,Normal,0.13,0.01,0.16,2.0,
2026-01-20,sv3pt5-7,502548,Reverse Holofoil,0.25,0.01,0.25,50.0,0.24
2026-01-20,sv4pt5-234,535090,Holofoil,202.5,175.0,246.09,799.97,234.99
2026-01-20,sv4pt5-54,534416,Holofoil,3.58,2.78,3.85,60.0,
2026-01-20,sv8-57,590025,Holofoil,3.37,2.2,4.5,50.0,
2026-01-20,sv8pt5-149,610504,Holofoil,178.23,166.0,191.54,999.0,
2026-01-20,sv8pt5-155,610510,Holofoil,198.95,179.99,209.99,999.0,
2026-01-20,sv8pt5-156,610511,Holofoil,306.26,284.0,336.98,999.0,
2026-01-20,sv8pt5-161,610516,Holofoil,822.71,875.44,1050.0,5000.0,
2026-01-20,sv8pt5-167,610522,Holofoil,111.37,104.49,113.25,999.0,
2026-01-20,sv8pt5-179,610534,Holofoil,38.1,36.59,48.97,999.0,
2026-01-20,sv8pt5-28,610383,Holofoil,1.22,0.4,1.38,999.0,
2026-01-20,sv8pt5-47,610402,Normal,0.04,0.01,0.1,999.0,0.03
2026-01-20,sv8pt5-47,610402,Reverse Holofoil,0.06,0.01,0.13,999.0,0.05
2026-01-20,sv8pt5-59,610414,Holofoil,0.21,0.01,0.26,999.0,0.15
2026-01-20,sv8pt5-59,610414,Reverse Holofoil,0.32,0.08,0.38,999.0,0.29
2026-01-20,sv8pt5-60,610415,Holofoil,3.96,3.0,4.85,999.0,
2026-01-20,svp-085,518861,Normal,510.14,400.0,649.3,2500.0,
2026-01-20,swsh11-186,284137,Holofoil,652.8,525.0,650.1,999.69,800.0
2026-01-20,swsh12-186,451834,Holofoil,352.64,318.69,397.75,2000.0,319.68
2026-01-20,swsh12pt5gg-GG69,478100,Holofoil,190.9,174.99,224.75,671.52,236.0
2026-01-20,swsh35-25,223018,Normal,0.11,0.04,0.17,1.49,
2026-01-20,swsh35-25,223018,Reverse Holofoil,0.26,0.14,0.27,2.0,
2026-01-20,swsh35-74,223073,Holofoil,184.01,130.0,215.8,1500.0,224.69
2026-01-20,swsh45sv-SV107,232496,Holofoil,130.17,119.0,164.86,349.95,142.0
2026-01-20,swsh7-204,246693,Holofoil,31.81,26.0,33.0,150.0,37.49
2026-01-20,swsh7-205,246696,Holofoil,332.04,288.76,359.97,499.99,314.99
2026-01-20,swsh7-208,246755,Holofoil,29.22,23.55,30.97,48.95,32.49
2026-01-20,swsh7-209,246756,Holofoil,279.72,237.8,288.89,419.79,279.31
2026-01-20,swsh7-211,246702,Holofoil,50.22,36.9,52.36,74.95,38.0
2026-01-20,swsh7-212,246704,Holofoil,344.18,285.62,350.0,1000.0,371.4
2026-01-20,swsh7-215,246723,Holofoil,1754.57,1449.99,2013.77,3999.98,1994.99
2026-01-20,swsh7-218,246733,Holofoil,664.13,525.0,698.0,950.0,699.95
2026-01-20,swsh7-41,246753,Holofoil,5.58,3.2,5.98,25.0,8.99
2026-01-20,swsh7-65,246690,Holofoil,11.46,7.0,11.43,500.0,15.69
2026-01-20,swsh7-75,246701,Holofoil,12.58,8.6,13.66,70.0,19.99
2026-01-20,swsh7-8,246691,Holofoil,6.56,3.85,6.99,100.0,9.9
2026-01-20,swsh8-271,253266,Holofoil,727.64,649.99,836.79,1499.99,899.99
2026-01-20,swsh9-154,263873,Holofoil,237.13,225.5,319.99,1500.0,292.49
2026-01-21,base1-15,42355,Holofoil,133.47,75.0,134.6,999.98,
2026-01-21,base1-16,42356,Holofoil,46.53,20.0,35.68,120.0,19.92
2026-01-21,base1-2,42360,Holofoil,164.09,105.05,136.49,499.99,
2026-01-21,base1-4,42382,Holofoil,462.35,384.9,599.99,1299.99,
2026-01-21,base1-58,42402,Normal,3.79,0.93,2.01,9999.0,
2026-01-21,cel25c-4,250320,Holofoil,151.57,105.95,200.0,499.99,199.98
2026-01-21,gym2-2,83861,1st Edition Holofoil,852.01,640.0,775.0,975.99,
2026-01-21,gym2-2,83861,Unlimited Holofoil,476.04,479.38,534.49,629.48,493.75
2026-01-21,neo1-9,86903,1st Edition Holofoil,1799.99,1798.75,1850.0,2700.0,
2026-01-21,neo1-9,86903,Unlimited Holofoil,429.33,349.0,393.99,815.99,
2026-01-21,sl-151-bundle,502000,Normal,113.41,104.62,126.03,999.99,
2026-01-21,sl-151-etb,503313,Normal,405.32,445.99,500.0,600.0,
2026-01-21,sl-151-upc,502005,Normal,609.64,640.0,750.0,40000.0,
2026-01-21,sl-ar-box,265519,Normal,389.58,388.0,452.5,899.99,
2026-01-21,sl-bs-box,256141,Normal,570.24,569.84,700.0,5000.0,
2026-01-21,sl-cel-upc,245140,Normal,847.84,869.98,1099.5,154722.59,
2026-01-21,sl-champ-etb,218791,Normal,163.12,164.99,190.0,500.0,
2026-01-21,sl-cz-etb,453470,Normal,233.0,230.0,299.95,785.0,
2026-01-21,sl-dr-box,624679,Normal,428.84,416.99,525.0,8498.0,
2026-01-21,sl-evs-box,242436,Normal,2393.27,2580.0,3397.49,12000.0,
2026-01-21,sl-evs-etb,243721,Normal,725.51,768.0,999.98,2999.99,
2026-01-21,sl-fs-box,247654,Normal,906.87,980.0,1200.0,10000.0,
2026-01-21,sl-hf-etb,194729,Normal,416.57,438.98,550.0,9999.98,
2026-01-21,sl-jp-151,565243,Normal,213.01,200.0,229.0,299.99,
2026-01-21,sl-jp-terastal,603428,Normal,112.14,95.0,125.0,200.0,
2026-01-21,sl-jt-box,610931,Normal,251.51,229.99,270.0,551.0,
2026-01-21,sl-lo-box,277324,Normal,701.07,714.97,987.44,2500.0,
2026-01-21,sl-me1-box,644298,Normal,247.81,236.72,289.99,500.0,
2026-01-21,sl-obf-box,501257,Normal,298.55,292.97,350.0,799.99,
2026-01-21,sl-pe-etb,593355,Normal,130.8,120.0,150.0,1115.0,
2026-01-21,sl-pe-spc,622770,Normal,245.03,234.99,304.0,999.0,
2026-01-21,sl-pf-etb,528040,Normal,287.57,289.99,329.99,775.0,
2026-01-21,sl-phf-box,654137,Normal,253.36,246.99,280.0,1000.0,
2026-01-21,sl-shf-etb,228821,Normal,108.74,103.0,125.0,500.11,
2026-01-21,sl-ss-box,565606,Normal,261.32,260.0,335.49,4999.99,
2026-01-21,sl-st-box,283389,Normal,457.96,455.01,560.0,9999.99,
2026-01-21,sl-tf-box,536225,Normal,269.41,257.5,289.99,779.99,
2026-01-21,sv2-185,497557,Normal,0.29,0.15,0.4,501.5,
2026-01-21,sv2-185,497557,Reverse Holofoil,0.86,0.3,0.99,6.99,1.47
2026-01-21,sv2-254,497669,Holofoil,14.15,11.98,15.02,52.5,19.69
2026-01-21,sv2-269,497689,Holofoil,48.55,45.09,55.0,259.99,54.49
2026-01-21,sv3pt5-151,516566,Holofoil,6.07,4.88,8.0,100.0,7.2
2026-01-21,sv3pt5-199,517045,Holofoil,256.8,214.49,295.0,1000.0,251.19
2026-01-21,sv3pt5-205,517051,Holofoil,18.89,15.47,19.99,88.88,
2026-01-21,sv3pt5-4,502555,Normal,0.19,0.01,0.18,20.0,0.18
2026-01-21,sv3pt5-4,502555,Reverse Holofoil,0.24,0.01,0.27,2.95,0.25
2026-01-21,sv3pt5-6,502558,Holofoil,5.64,2.98,5.88,505.1,
2026-01-21,sv3pt5-7,502548,Normal,0.14,0.01,0.16,2.0,0.1
2026-01-21,sv3pt5-7,502548,Reverse Holofoil,0.24,0.01,0.25,50.0,
2026-01-21,sv4pt5-234,535090,Holofoil,203.9,175.0,243.0,799.97,234.98
2026-01-21,sv4pt5-54,534416,Holofoil,3.89,2.78,3.94,60.0,
2026-01-21,sv8-57,590025,Holofoil,3.14,2.83,4.49,50.0,
2026-01-21,sv8pt5-149,610504,Holofoil,178.06,166.0,190.77,999.0,
2026-01-21,sv8pt5-155,610510,Holofoil,198.84,179.99,206.5,999.0,
2026-01-21,sv8pt5-156,610511,Holofoil,305.98,284.0,336.81,999.0,
2026-01-21,sv8pt5-161,610516,Holofoil,833.33,872.94,1050.0,5000.0,
2026-01-21,sv8pt5-167,610522,Holofoil,112.96,105.0,111.31,999.0,
2026-01-21,sv8pt5-179,610534,Holofoil,39.3,36.61,48.98,999.0,
2026-01-21,sv8pt5-28,610383,Holofoil,1.28,0.4,1.39,999.0,
2026-01-21,sv8pt5-47,610402,Normal,0.05,0.01,0.1,999.0,0.03
2026-01-21,sv8pt5-47,610402,Reverse Holofoil,0.06,0.01,0.13,999.0,0.05
2026-01-21,sv8pt5-59,610414,Holofoil,0.25,0.01,0.25,999.0,0.15
2026-01-21,sv8pt5-59,610414,Reverse Holofoil,0.35,0.08,0.38,999.0,0.28
2026-01-21,sv8pt5-60,610415,Holofoil,4.33,2.9,4.78,999.0,
2026-01-21,svp-085,518861,Normal,511.14,400.0,665.5,2500.0,
2026-01-21,swsh11-186,284137,Holofoil,652.8,525.0,650.1,999.69,800.0
2026-01-21,swsh12-186,451834,Holofoil,352.64,319.68,397.62,2000.0,319.68
2026-01-21,swsh12pt5gg-GG69,478100,Holofoil,196.69,190.9,224.99,671.52,236.0
2026-01-21,swsh35-25,223018,Normal,0.11,0.04,0.17,1.55,
2026-01-21,swsh35-25,223018,Reverse Holofoil,0.26,0.14,0.27,2.0,
2026-01-21,swsh35-74,223073,Holofoil,184.01,130.0,215.8,1500.0,224.69
2026-01-21,swsh45sv-SV107,232496,Holofoil,132.2,119.0,170.28,349.95,146.5
2026-01-21,swsh7-204,246693,Holofoil,31.56,26.0,33.0,150.0,37.49
2026-01-21,swsh7-205,246696,Holofoil,330.04,288.76,356.18,499.99,314.99
2026-01-21,swsh7-208,246755,Holofoil,29.22,23.55,31.3,61.99,32.49
2026-01-21,swsh7-209,246756,Holofoil,279.72,230.0,288.89,419.79,279.31
2026-01-21,swsh7-211,246702,Holofoil,50.41,36.9,52.73,74.95,55.3
2026-01-21,swsh7-212,246704,Holofoil,344.33,285.62,344.07,1000.0,368.29
2026-01-21,swsh7-215,246723,Holofoil,1754.57,1449.99,2055.9,3999.98,1994.99
2026-01-21,swsh7-218,246733,Holofoil,664.13,525.0,698.0,950.0,699.95
2026-01-21,swsh7-41,246753,Holofoil,5.38,3.2,5.92,25.0,8.99
2026-01-21,swsh7-65,246690,Holofoil,11.37,7.5,12.0,500.0,11.99
2026-01-21,swsh7-75,246701,Holofoil,13.32,8.6,13.93,70.0,19.99
2026-01-21,swsh7-8,246691,Holofoil,6.69,3.86,7.0,100.0,10.05
2026-01-21,swsh8-271,253266,Holofoil,727.64,649.99,843.4,1499.99,899.99
2026-01-21,swsh9-154,263873,Holofoil,239.34,229.68,321.11,1500.0,292.49
2026-01-22,base1-15,42355,Holofoil,132.65,75.95,134.6,999.98,
2026-01-22,base1-16,42356,Holofoil,47.28,20.0,36.36,120.0,23.99
2026-01-22,base1-2,42360,Holofoil,164.65,109.0,136.49,499.99,
2026-01-22,base1-4,42382,Holofoil,462.35,384.9,659.99,1500.0,
2026-01-22,base1-58,42402,Normal,4.02,0.93,2.01,9999.0,
2026-01-22,cel25c-4,250320,Holofoil,152.53,105.0,200.0,499.99,199.98
2026-01-22,gym2-2,83861,1st Edition Holofoil,852.01,640.0,775.0,975.99,
2026-01-22,gym2-2,83861,Unlimited Holofoil,476.04,493.75,556.69,650.95,493.75
2026-01-22,neo1-9,86903,1st Edition Holofoil,1799.99,1798.75,1850.0,2700.0,
2026-01-22,neo1-9,86903,Unlimited Holofoil,429.33,349.0,393.99,815.99,
2026-01-22,sl-151-bundle,502000,Normal,116.04,105.0,129.98,999.99,
2026-01-22,sl-151-etb,503313,Normal,405.32,434.99,499.99,600.0,
2026-01-22,sl-151-upc,502005,Normal,609.64,583.0,750.0,40000.0,
2026-01-22,sl-ar-box,265519,Normal,389.58,388.0,455.0,899.99,
2026-01-22,sl-bs-box,256141,Normal,570.24,569.84,700.0,1500.0,
2026-01-22,sl-cel-upc,245140,Normal,851.85,899.0,1199.5,154722.59,
2026-01-22,sl-champ-etb,218791,Normal,163.12,165.0,184.99,500.0,
2026-01-22,sl-cz-etb,453470,Normal,234.12,230.0,290.0,785.0,
2026-01-22,sl-dr-box,624679,Normal,431.4,429.99,547.48,8498.0,
2026-01-22,sl-evs-box,242436,Normal,2405.27,2580.0,3389.99,12000.0,
2026-01-22,sl-evs-etb,243721,Normal,727.53,767.0,999.49,2999.99,
2026-01-22,sl-fs-box,247654,Normal,919.03,989.99,1200.0,3000.0,
2026-01-22,sl-hf-etb,194729,Normal,419.09,438.98,525.0,9999.98,
2026-01-22,sl-jp-151,565243,Normal,212.64,205.0,232.0,299.99,
2026-01-22,sl-jp-terastal,603428,Normal,112.25,99.99,125.0,200.0,
2026-01-22,sl-jt-box,610931,Normal,251.51,249.99,274.99,551.0,
2026-01-22,sl-lo-box,277324,Normal,701.07,714.97,989.87,2500.0,
2026-01-22,sl-me1-box,644298,Normal,247.55,236.72,292.47,500.0,
2026-01-22,sl-obf-box,501257,Normal,300.39,286.0,350.0,799.99,
2026-01-22,sl-pe-etb,593355,Normal,129.72,120.0,150.0,1115.0,
2026-01-22,sl-pe-spc,622770,Normal,237.8,233.5,305.0,999.0,
2026-01-22,sl-pf-etb,528040,Normal,287.57,289.99,329.94,775.0,
2026-01-22,sl-phf-box,654137,Normal,258.48,240.0,282.5,1000.0,
2026-01-22,sl-shf-etb,228821,Normal,108.74,103.0,125.0,500.11,
2026-01-22,sl-ss-box,565606,Normal,261.84,274.99,337.87,4999.99,
2026-01-22,sl-st-box,283389,Normal,457.96,455.01,560.0,9999.99,
2026-01-22,sl-tf-box,536225,Normal,269.41,265.0,289.99,779.99,
2026-01-22,sv2-185,497557,Normal,0.3,0.15,0.4,501.5,
2026-01-22,sv2-185,497557,Reverse Holofoil,0.82,0.2,0.88,6.99,
2026-01-22,sv2-254,497669,Holofoil,13.71,11.76,15.0,52.5,
2026-01-22,sv2-269,497689,Holofoil,48.77,45.09,55.0,259.99,
2026-01-22,sv3pt5-151,516566,Holofoil,6.49,4.5,7.99,100.0,
2026-01-22,sv3pt5-199,517045,Holofoil,258.22,214.49,296.06,1000.0,264.75
2026-01-22,sv3pt5-205,517051,Holofoil,18.38,15.47,19.99,88.88,
2026-01-22,sv3pt5-4,502555,Normal,0.18,0.01,0.18,20.0,
2026-01-22,sv3pt5-4,502555,Reverse Holofoil,0.25,0.01,0.27,2.95,
2026-01-22,sv3pt5-6,502558,Holofoil,5.55,2.98,5.98,505.1,
2026-01-22,sv3pt5-7,502548,Normal,0.18,0.01,0.16,2.0,
2026-01-22,sv3pt5-7,502548,Reverse Holofoil,0.25,0.01,0.25,50.0,
2026-01-22,sv4pt5-234,535090,Holofoil,203.95,175.0,244.4,799.97,234.98
2026-01-22,sv4pt5-54,534416,Holofoil,3.76,2.75,3.93,60.0,
2026-01-22,sv8-57,590025,Holofoil,3.28,1.5,4.45,50.0,
2026-01-22,sv8pt5-149,610504,Holofoil,178.18,166.0,191.74,999.0,
2026-01-22,sv8pt5-155,610510,Holofoil,198.84,179.99,208.19,999.0,
2026-01-22,sv8pt5-156,610511,Holofoil,306.24,284.0,338.24,999.0,
2026-01-22,sv8pt5-161,610516,Holofoil,827.53,871.43,1050.04,5000.0,
2026-01-22,sv8pt5-167,610522,Holofoil,113.21,105.0,120.15,999.0,
2026-01-22,sv8pt5-179,610534,Holofoil,39.52,36.61,48.97,999.0,
2026-01-22,sv8pt5-28,610383,Holofoil,1.24,0.4,1.38,999.0,
2026-01-22,sv8pt5-47,610402,Normal,0.05,0.01,0.1,999.0,0.03
2026-01-22,sv8pt5-47,610402,Reverse Holofoil,0.08,0.01,0.13,999.0,0.06
2026-01-22,sv8pt5-59,610414,Holofoil,0.3,0.01,0.27,999.0,0.15
2026-01-22,sv8pt5-59,610414,Reverse Holofoil,0.34,0.08,0.38,999.0,0.28
2026-01-22,sv8pt5-60,610415,Holofoil,4.11,3.0,4.81,999.0,
2026-01-22,svp-085,518861,Normal,511.14,474.01,680.0,2500.0,
2026-01-22,swsh11-186,284137,Holofoil,652.8,525.0,663.45,1500.0,800.0
2026-01-22,swsh12-186,451834,Holofoil,354.56,320.62,397.69,2000.0,373.49
2026-01-22,swsh12pt5gg-GG69,478100,Holofoil,201.05,190.9,241.72,1000.0,249.99
2026-01-22,swsh35-25,223018,Normal,0.11,0.05,0.17,1.56,
2026-01-22,swsh35-25,223018,Reverse Holofoil,0.27,0.14,0.27,2.0,
2026-01-22,swsh35-74,223073,Holofoil,184.01,130.0,211.61,1500.0,224.69
2026-01-22,swsh45sv-SV107,232496,Holofoil,131.64,119.0,167.28,349.95,130.0
2026-01-22,swsh7-204,246693,Holofoil,31.56,26.0,33.13,150.0,35.99
2026-01-22,swsh7-205,246696,Holofoil,329.24,287.54,359.97,499.99,314.99
2026-01-22,swsh7-208,246755,Holofoil,29.22,23.55,31.3,61.99,32.49
2026-01-22,swsh7-209,246756,Holofoil,279.72,230.0,288.44,419.79,279.31
2026-01-22,swsh7-211,246702,Holofoil,50.54,36.9,52.73,74.95,55.3
2026-01-22,swsh7-212,246704,Holofoil,343.53,285.62,344.4,1000.0,368.51
2026-01-22,swsh7-215,246723,Holofoil,1750.57,1449.99,2006.63,3999.98,1994.99
2026-01-22,swsh7-218,246733,Holofoil,664.13,525.0,698.0,950.0,699.95
2026-01-22,swsh7-41,246753,Holofoil,5.52,3.5,5.92,25.0,8.99
2026-01-22,swsh7-65,246690,Holofoil,11.16,8.0,12.0,500.0,10.99
2026-01-22,swsh7-75,246701,Holofoil,12.83,8.95,14.05,70.0,17.06
2026-01-22,swsh7-8,246691,Holofoil,6.66,4.0,7.0,100.0,9.98
2026-01-22,swsh8-271,253266,Holofoil,728.44,649.99,843.4,1499.99,819.99
2026-01-22,swsh9-154,263873,Holofoil,240.64,229.68,320.0,1500.0,292.49
2026-01-23,base1-15,42355,Holofoil,132.65,75.95,123.77,999.98,
2026-01-23,base1-16,42356,Holofoil,47.28,20.0,37.06,120.0,18.81
2026-01-23,base1-2,42360,Holofoil,164.65,109.0,136.37,499.99,
2026-01-23,base1-4,42382,Holofoil,462.35,384.9,659.99,1500.0,
2026-01-23,base1-58,42402,Normal,3.97,0.93,2.15,9999.0,4.45
2026-01-23,cel25c-4,250320,Holofoil,151.81,144.0,200.0,499.99,199.95
2026-01-23,gym2-2,83861,1st Edition Holofoil,852.01,640.0,740.0,975.99,
2026-01-23,gym2-2,83861,Unlimited Holofoil,476.04,493.75,556.69,650.95,493.75
2026-01-23,neo1-9,86903,1st Edition Holofoil,1799.99,1798.75,1850.0,2700.0,
2026-01-23,neo1-9,86903,Unlimited Holofoil,429.33,349.0,393.99,815.99,
2026-01-23,sl-151-bundle,502000,Normal,115.27,107.05,129.98,999.99,
2026-01-23,sl-151-etb,503313,Normal,406.76,434.99,499.99,600.0,
2026-01-23,sl-151-upc,502005,Normal,601.51,580.0,750.0,40000.0,
2026-01-23,sl-ar-box,265519,Normal,389.58,384.99,452.5,899.99,
2026-01-23,sl-bs-box,256141,Normal,570.24,569.0,700.0,1500.0,
2026-01-23,sl-cel-upc,245140,Normal,852.77,903.0,1199.99,154722.59,
2026-01-23,sl-champ-etb,218791,Normal,163.27,165.0,187.49,500.0,
2026-01-23,sl-cz-etb,453470,Normal,234.12,230.0,290.0,785.0,
2026-01-23,sl-dr-box,624679,Normal,432.21,431.55,547.48,8498.0,
2026-01-23,sl-evs-box,242436,Normal,2438.27,2685.01,3397.49,12000.0,
2026-01-23,sl-evs-etb,243721,Normal,743.63,850.0,999.99,2999.99,
2026-01-23,sl-fs-box,247654,Normal,919.03,988.99,1200.0,5000.0,
2026-01-23,sl-hf-etb,194729,Normal,419.09,438.98,500.0,9999.98,
2026-01-23,sl-jp-151,565243,Normal,213.25,205.0,229.99,299.99,
2026-01-23,sl-jp-terastal,603428,Normal,111.46,99.99,125.0,200.0,
2026-01-23,sl-jt-box,610931,Normal,251.88,249.99,276.47,551.0,
2026-01-23,sl-lo-box,277324,Normal,701.07,714.97,985.0,2500.0,
2026-01-23,sl-me1-box,644298,Normal,245.75,235.0,289.99,500.0,
2026-01-23,sl-obf-box,501257,Normal,299.87,292.97,350.0,799.99,
2026-01-23,sl-pe-etb,593355,Normal,131.26,125.0,150.0,1115.0,
2026-01-23,sl-pe-spc,622770,Normal,244.68,233.5,304.0,999.0,
2026-01-23,sl-pf-etb,528040,Normal,287.57,289.99,327.47,775.0,
2026-01-23,sl-phf-box,654137,Normal,255.0,247.18,285.0,1000.0,
2026-01-23,sl-shf-etb,228821,Normal,109.02,103.0,125.0,500.11,
2026-01-23,sl-ss-box,565606,Normal,261.88,245.0,335.49,4999.99,
2026-01-23,sl-st-box,283389,Normal,457.96,455.01,572.5,9999.99,
2026-01-23,sl-tf-box,536225,Normal,269.41,265.0,294.99,779.99,
2026-01-23,sv2-185,497557,Normal,0.3,0.15,0.4,501.5,
2026-01-23,sv2-185,497557,Reverse Holofoil,0.63,0.3,0.85,6.99,0.53
2026-01-23,sv2-254,497669,Holofoil,13.55,11.7,15.0,52.5,16.7
2026-01-23,sv2-269,497689,Holofoil,48.47,45.09,55.48,259.99,
2026-01-23,sv3pt5-151,516566,Holofoil,6.85,4.82,7.99,100.0,
2026-01-23,sv3pt5-199,517045,Holofoil,260.88,214.49,295.82,1000.0,264.75
2026-01-23,sv3pt5-205,517051,Holofoil,17.93,15.47,19.99,88.88,20.2
2026-01-23,sv3pt5-4,502555,Normal,0.16,0.01,0.17,20.0,
2026-01-23,sv3pt5-4,502555,Reverse Holofoil,0.26,0.01,0.27,2.95,
2026-01-23,sv3pt5-6,502558,Holofoil,6.04,2.98,5.93,505.1,8.56
2026-01-23,sv3pt5-7,502548,Normal,0.16,0.01,0.17,19.89,
2026-01-23,sv3pt5-7,502548,Reverse Holofoil,0.26,0.01,0.25,50.0,0.24
2026-01-23,sv4pt5-234,535090,Holofoil,201.41,175.0,241.9,799.97,234.98
2026-01-23,sv4pt5-54,534416,Holofoil,3.68,2.75,3.9,60.0,
2026-01-23,sv8-57,590025,Holofoil,3.59,2.5,4.49,50.0,
2026-01-23,sv8pt5-149,610504,Holofoil,178.79,166.0,192.02,999.0,
2026-01-23,sv8pt5-155,610510,Holofoil,198.3,179.99,208.6,999.0,
2026-01-23,sv8pt5-156,610511,Holofoil,305.82,284.0,339.25,999.0,
2026-01-23,sv8pt5-161,610516,Holofoil,861.53,869.92,1039.99,5000.0,
2026-01-23,sv8pt5-167,610522,Holofoil,113.21,105.0,115.0,999.0,
2026-01-23,sv8pt5-179,610534,Holofoil,39.91,39.02,49.0,999.0,
2026-01-23,sv8pt5-28,610383,Holofoil,1.18,0.69,1.39,999.0,
2026-01-23,sv8pt5-47,610402,Normal,0.05,0.01,0.1,999.0,0.03
2026-01-23,sv8pt5-47,610402,Reverse Holofoil,0.08,0.01,0.13,999.0,0.06
2026-01-23,sv8pt5-59,610414,Holofoil,0.27,0.01,0.29,999.0,0.13
2026-01-23,sv8pt5-59,610414,Reverse Holofoil,0.32,0.08,0.37,999.0,0.27
2026-01-23,sv8pt5-60,610415,Holofoil,3.96,3.0,4.84,999.0,
2026-01-23,svp-085,518861,Normal,509.54,420.0,680.0,2500.0,
2026-01-23,swsh11-186,284137,Holofoil,659.05,523.74,676.7,1500.0,800.0
2026-01-23,swsh12-186,451834,Holofoil,354.56,320.62,397.69,2000.0,373.49
2026-01-23,swsh12pt5gg-GG69,478100,Holofoil,202.14,190.9,249.69,1000.0,249.69
2026-01-23,swsh35-25,223018,Normal,0.11,0.05,0.17,19.89,0.1
2026-01-23,swsh35-25,223018,Reverse Holofoil,0.27,0.14,0.27,2.0,0.22
2026-01-23,swsh35-74,223073,Holofoil,184.01,130.0,205.8,1500.0,224.69
2026-01-23,swsh45sv-SV107,232496,Holofoil,135.18,119.0,159.56,349.95,148.98
2026-01-23,swsh7-204,246693,Holofoil,31.56,26.0,33.07,150.0,35.99
2026-01-23,swsh7-205,246696,Holofoil,330.04,287.54,359.99,499.99,314.99
2026-01-23,swsh7-208,246755,Holofoil,29.03,23.55,31.5,61.99,32.49
2026-01-23,swsh7-209,246756,Holofoil,277.12,230.0,285.69,419.79,279.31
2026-01-23,swsh7-211,246702,Holofoil,50.54,36.9,52.0,74.95,51.99
2026-01-23,swsh7-212,246704,Holofoil,343.53,282.62,344.18,1000.0,368.29
2026-01-23,swsh7-215,246723,Holofoil,1784.17,1449.99,2025.94,3999.98,1994.99
2026-01-23,swsh7-218,246733,Holofoil,664.13,525.0,698.0,950.0,699.95
2026-01-23,swsh7-41,246753,Holofoil,5.6,3.48,5.99,25.0,4.22
2026-01-23,swsh7-65,246690,Holofoil,10.6,7.35,11.99,500.0,11.99
2026-01-23,swsh7-75,246701,Holofoil,13.01,8.44,14.0,70.0,17.62
2026-01-23,swsh7-8,246691,Holofoil,6.61,4.0,6.99,100.0,10.04
2026-01-23,swsh8-271,253266,Holofoil,728.44,649.99,875.0,1499.99,819.99
2026-01-23,swsh9-154,263873,Holofoil,243.54,229.68,320.0,1500.0,292.49
2026-01-24,base1-15,42355,Holofoil,132.65,83.25,133.8,999.98,
2026-01-24,base1-16,42356,Holofoil,47.28,21.3,36.36,120.0,18.81
2026-01-24,base1-2,42360,Holofoil,164.65,109.0,143.24,499.99,
2026-01-24,base1-4,42382,Holofoil,462.35,384.9,599.99,1500.0,
2026-01-24,base1-58,42402,Normal,4.08,0.94,2.41,9999.0,
2026-01-24,cel25c-4,250320,Holofoil,151.81,92.32,199.97,499.99,199.92
2026-01-24,gym2-2,83861,1st Edition Holofoil,852.01,640.0,740.0,975.99,
2026-01-24,gym2-2,83861,Unlimited Holofoil,476.04,493.75,558.66,650.95,493.75
2026-01-24,neo1-9,86903,1st Edition Holofoil,1799.99,1798.75,1850.0,2700.0,
2026-01-24,neo1-9,86903,Unlimited Holofoil,429.33,349.0,393.99,815.99,
2026-01-24,sl-151-bundle,502000,Normal,118.03,102.36,129.99,999.99,
2026-01-24,sl-151-etb,503313,Normal,413.65,429.99,500.0,1000.0,
2026-01-24,sl-151-upc,502005,Normal,600.51,578.99,737.5,40000.0,
2026-01-24,sl-ar-box,265519,Normal,389.58,384.99,450.0,899.99,
2026-01-24,sl-bs-box,256141,Normal,568.18,569.0,699.99,1500.0,
2026-01-24,sl-cel-upc,245140,Normal,859.32,925.0,1199.5,154722.59,
2026-01-24,sl-champ-etb,218791,Normal,163.98,165.0,184.5,500.0,
2026-01-24,sl-cz-etb,453470,Normal,234.98,230.0,294.98,785.0,
2026-01-24,sl-dr-box,624679,Normal,437.07,445.0,550.0,8498.0,
2026-01-24,sl-evs-box,242436,Normal,2438.27,2649.99,3392.49,12000.0,
2026-01-24,sl-evs-etb,243721,Normal,745.65,850.0,999.99,2999.99,
2026-01-24,sl-fs-box,247654,Normal,938.19,989.99,1200.0,5000.0,
2026-01-24,sl-hf-etb,194729,Normal,419.29,438.98,525.0,9999.98,
2026-01-24,sl-jp-151,565243,Normal,213.29,205.0,229.93,299.99,
2026-01-24,sl-jp-terastal,603428,Normal,111.06,99.99,129.99,200.0,
2026-01-24,sl-jt-box,610931,Normal,251.88,249.99,276.47,551.0,
2026-01-24,sl-lo-box,277324,Normal,702.19,714.97,995.0,2500.0,
2026-01-24,sl-me1-box,644298,Normal,245.47,236.72,296.93,500.0,
2026-01-24,sl-obf-box,501257,Normal,299.32,295.0,350.0,799.99,
2026-01-24,sl-pe-etb,593355,Normal,131.94,129.95,150.0,1115.0,
2026-01-24,sl-pe-spc,622770,Normal,244.22,234.99,309.99,880.0,
2026-01-24,sl-pf-etb,528040,Normal,289.81,289.99,325.0,775.0,
2026-01-24,sl-phf-box,654137,Normal,256.42,234.99,285.0,1000.0,
2026-01-24,sl-shf-etb,228821,Normal,109.3,103.0,125.0,500.11,
2026-01-24,sl-ss-box,565606,Normal,261.68,259.99,330.0,4999.99,
2026-01-24,sl-st-box,283389,Normal,457.96,455.01,560.0,9999.99,
2026-01-24,sl-tf-box,536225,Normal,270.63,257.5,299.99,779.99,
2026-01-24,sv2-185,497557,Normal,0.29,0.15,0.4,501.5,
2026-01-24,sv2-185,497557,Reverse Holofoil,0.51,0.27,0.8,6.99,
2026-01-24,sv2-254,497669,Holofoil,13.55,10.99,14.99,52.5,11.76
2026-01-24,sv2-269,497689,Holofoil,48.47,45.0,54.99,259.99,
2026-01-24,sv3pt5-151,516566,Holofoil,6.18,4.05,7.99,100.0,
2026-01-24,sv3pt5-199,517045,Holofoil,263.32,214.49,295.0,1000.0,264.75
2026-01-24,sv3pt5-205,517051,Holofoil,18.01,15.47,20.0,88.88,
2026-01-24,sv3pt5-4,502555,Normal,0.17,0.01,0.17,20.0,
2026-01-24,sv3pt5-4,502555,Reverse Holofoil,0.27,0.01,0.27,2.95,
2026-01-24,sv3pt5-6,502558,Holofoil,5.81,3.97,5.94,505.1,13.61
2026-01-24,sv3pt5-7,502548,Normal,0.18,0.01,0.18,19.89,
2026-01-24,sv3pt5-7,502548,Reverse Holofoil,0.28,0.01,0.25,50.0,0.24
2026-01-24,sv4pt5-234,535090,Holofoil,203.15,175.0,241.8,799.97,234.98
2026-01-24,sv4pt5-54,534416,Holofoil,3.62,2.75,3.99,60.0,
2026-01-24,sv8-57,590025,Holofoil,3.49,2.0,4.41,50.0,
2026-01-24,sv8pt5-149,610504,Holofoil,178.79,166.0,192.02,999.0,
2026-01-24,sv8pt5-155,610510,Holofoil,198.42,179.99,209.99,999.0,
2026-01-24,sv8pt5-156,610511,Holofoil,305.82,284.0,338.24,999.0,
2026-01-24,sv8pt5-161,610516,Holofoil,855.53,868.41,1039.99,5000.0,
2026-01-24,sv8pt5-167,610522,Holofoil,113.69,108.25,126.57,999.0,
2026-01-24,sv8pt5-179,610534,Holofoil,40.22,36.99,49.0,999.0,
2026-01-24,sv8pt5-28,610383,Holofoil,1.05,0.69,1.34,999.0,
2026-01-24,sv8pt5-47,610402,Normal,0.06,0.01,0.1,999.0,0.03
2026-01-24,sv8pt5-47,610402,Reverse Holofoil,0.1,0.01,0.13,999.0,0.06
2026-01-24,sv8pt5-59,610414,Holofoil,0.3,0.01,0.29,999.0,0.14
2026-01-24,sv8pt5-59,610414,Reverse Holofoil,0.43,0.08,0.38,999.0,0.26
2026-01-24,sv8pt5-60,610415,Holofoil,4.26,3.0,4.81,999.0,
2026-01-24,svp-085,518861,Normal,507.33,420.0,680.0,2500.0,
2026-01-24,swsh11-186,284137,Holofoil,659.05,523.74,663.35,1500.0,800.0
2026-01-24,swsh12-186,451834,Holofoil,356.22,328.84,397.75,2000.0,373.49
2026-01-24,swsh12pt5gg-GG69,478100,Holofoil,203.59,190.9,249.57,1000.0,249.69
2026-01-24,swsh35-25,223018,Normal,0.11,0.05,0.17,19.89,0.1
2026-01-24,swsh35-25,223018,Reverse Holofoil,0.27,0.14,0.27,2.0,0.22
2026-01-24,swsh35-74,223073,Holofoil,182.72,130.0,211.61,1500.0,224.69
2026-01-24,swsh45sv-SV107,232496,Holofoil,133.42,119.0,157.95,349.95,148.99
2026-01-24,swsh7-204,246693,Holofoil,31.56,26.51,33.75,150.0,35.99
2026-01-24,swsh7-205,246696,Holofoil,330.04,287.54,359.99,499.99,314.99
2026-01-24,swsh7-208,246755,Holofoil,29.03,23.55,31.93,61.99,32.49
2026-01-24,swsh7-209,246756,Holofoil,277.12,230.0,286.84,409.99,278.22
2026-01-24,swsh7-211,246702,Holofoil,50.54,36.9,51.41,74.95,51.99
2026-01-24,swsh7-212,246704,Holofoil,343.53,282.62,351.32,1000.0,371.4
2026-01-24,swsh7-215,246723,Holofoil,1789.97,1449.99,2058.58,3999.98,1994.99
2026-01-24,swsh7-218,246733,Holofoil,664.13,542.52,698.98,950.0,699.95
2026-01-24,swsh7-41,246753,Holofoil,5.66,3.5,5.99,25.0,4.22
2026-01-24,swsh7-65,246690,Holofoil,9.57,7.68,11.15,500.0,9.71
2026-01-24,swsh7-75,246701,Holofoil,12.48,10.49,13.96,70.0,17.62
2026-01-24,swsh7-8,246691,Holofoil,7.07,4.0,7.0,100.0,10.35
2026-01-24,swsh8-271,253266,Holofoil,730.84,649.99,850.0,1499.95,819.99
2026-01-24,swsh9-154,263873,Holofoil,243.61,229.68,322.5,1500.0,267.89
2026-01-25,base1-15,42355,Holofoil,132.65,79.0,126.9,999.98,
2026-01-25,base1-16,42356,Holofoil,47.28,21.3,37.76,120.0,
2026-01-25,base1-2,42360,Holofoil,164.65,105.0,136.37,499.99,
2026-01-25,base1-4,42382,Holofoil,462.35,384.9,599.99,1500.0,
2026-01-25,base1-58,42402,Normal,4.03,0.94,2.53,9999.0,
2026-01-25,cel25c-4,250320,Holofoil,150.76,144.0,199.92,499.99,190.18
2026-01-25,gym2-2,83861,1st Edition Holofoil,852.01,640.0,740.0,975.99,
2026-01-25,gym2-2,83861,Unlimited Holofoil,489.09,450.0,566.0,650.95,567.66
2026-01-25,neo1-9,86903,1st Edition Holofoil,1799.99,1798.75,1850.0,2700.0,
2026-01-25,neo1-9,86903,Unlimited Holofoil,429.33,349.0,393.99,815.99,
2026-01-25,sl-151-bundle,502000,Normal,116.98,107.05,130.0,999.99,
2026-01-25,sl-151-etb,503313,Normal,417.53,429.99,500.0,1000.0,
2026-01-25,sl-151-upc,502005,Normal,595.07,579.99,737.5,40000.0,
2026-01-25,sl-ar-box,265519,Normal,389.58,384.99,450.0,899.99,
2026-01-25,sl-bs-box,256141,Normal,568.18,569.84,700.0,1500.0,
2026-01-25,sl-cel-upc,245140,Normal,875.59,930.0,1199.99,154722.59,
2026-01-25,sl-champ-etb,218791,Normal,163.98,165.0,182.0,500.0,
2026-01-25,sl-cz-etb,453470,Normal,235.22,245.99,299.95,785.0,
2026-01-25,sl-dr-box,624679,Normal,442.51,445.0,550.0,8498.0,
2026-01-25,sl-evs-box,242436,Normal,2438.27,2649.99,3389.99,12000.0,
2026-01-25,sl-evs-etb,243721,Normal,745.65,849.0,999.99,2999.99,
2026-01-25,sl-fs-box,247654,Normal,942.59,989.99,1200.0,5000.0,
2026-01-25,sl-hf-etb,194729,Normal,421.09,438.98,525.0,9999.98,
2026-01-25,sl-jp-151,565243,Normal,213.0,205.0,242.25,489.59,
2026-01-25,sl-jp-terastal,603428,Normal,113.5,99.99,130.0,200.0,
2026-01-25,sl-jt-box,610931,Normal,252.67,249.99,277.94,551.0,
2026-01-25,sl-lo-box,277324,Normal,702.19,714.97,995.0,2500.0,
2026-01-25,sl-me1-box,644298,Normal,245.91,236.72,298.9,500.0,
2026-01-25,sl-obf-box,501257,Normal,297.51,295.0,350.0,799.99,
2026-01-25,sl-pe-etb,593355,Normal,135.1,129.95,150.5,1115.0,
2026-01-25,sl-pe-spc,622770,Normal,244.91,240.0,320.0,880.0,
2026-01-25,sl-pf-etb,528040,Normal,289.81,289.99,322.5,775.0,
2026-01-25,sl-phf-box,654137,Normal,263.49,254.99,289.99,1000.0,
2026-01-25,sl-shf-etb,228821,Normal,110.18,103.0,125.0,500.11,
2026-01-25,sl-ss-box,565606,Normal,263.44,259.99,330.0,4999.99,
2026-01-25,sl-st-box,283389,Normal,457.96,455.01,560.0,9999.99,
2026-01-25,sl-tf-box,536225,Normal,271.43,257.5,299.99,779.99,
2026-01-25,sv2-185,497557,Normal,0.26,0.2,0.4,4.99,
2026-01-25,sv2-185,497557,Reverse Holofoil,0.5,0.25,0.78,6.99,
2026-01-25,sv2-254,497669,Holofoil,13.34,11.7,14.99,52.5,11.76
2026-01-25,sv2-269,497689,Holofoil,47.77,45.0,55.0,259.99,
2026-01-25,sv3pt5-151,516566,Holofoil,6.26,4.53,7.87,100.0,
2026-01-25,sv3pt5-199,517045,Holofoil,263.07,209.99,295.0,1000.0,264.75
2026-01-25,sv3pt5-205,517051,Holofoil,17.98,15.47,20.0,88.88,
2026-01-25,sv3pt5-4,502555,Normal,0.15,0.01,0.17,20.0,
2026-01-25,sv3pt5-4,502555,Reverse Holofoil,0.26,0.01,0.27,2.95,
2026-01-25,sv3pt5-6,502558,Holofoil,6.56,3.97,6.08,300.0,
2026-01-25,sv3pt5-7,502548,Normal,0.15,0.01,0.17,2.0,
2026-01-25,sv3pt5-7,502548,Reverse Holofoil,0.25,0.01,0.25,50.0,
2026-01-25,sv4pt5-234,535090,Holofoil,204.22,175.0,241.9,799.97,210.0
2026-01-25,sv4pt5-54,534416,Holofoil,3.81,2.99,4.0,60.0,
2026-01-25,sv8-57,590025,Holofoil,3.11,2.0,4.39,50.0,
2026-01-25,sv8pt5-149,610504,Holofoil,178.71,166.0,192.26,999.0,
2026-01-25,sv8pt5-155,610510,Holofoil,199.0,179.99,211.44,999.0,
2026-01-25,sv8pt5-156,610511,Holofoil,305.81,284.0,347.36,999.0,
2026-01-25,sv8pt5-161,610516,Holofoil,864.44,866.9,1045.0,5000.0,
2026-01-25,sv8pt5-167,610522,Holofoil,115.09,109.23,126.0,999.0,
2026-01-25,sv8pt5-179,610534,Holofoil,40.82,39.02,49.99,999.0,
2026-01-25,sv8pt5-28,610383,Holofoil,1.09,0.69,1.32,999.0,
2026-01-25,sv8pt5-47,610402,Normal,0.06,0.01,0.1,999.0,0.03
2026-01-25,sv8pt5-47,610402,Reverse Holofoil,0.1,0.01,0.13,999.0,0.06
2026-01-25,sv8pt5-59,610414,Holofoil,0.24,0.01,0.27,999.0,0.14
2026-01-25,sv8pt5-59,610414,Reverse Holofoil,0.45,0.08,0.4,999.0,0.26
2026-01-25,sv8pt5-60,610415,Holofoil,3.98,3.14,4.83,999.0,
2026-01-25,svp-085,518861,Normal,507.33,474.01,680.0,2500.0,
2026-01-25,swsh11-186,284137,Holofoil,660.64,523.74,692.35,1500.0,789.99
2026-01-25,swsh12-186,451834,Holofoil,355.03,328.84,397.75,2000.0,373.49
2026-01-25,swsh12pt5gg-GG69,478100,Holofoil,204.06,190.9,249.57,1000.0,249.69
2026-01-25,swsh35-25,223018,Normal,0.12,0.05,0.17,19.98,0.1
2026-01-25,swsh35-25,223018,Reverse Holofoil,0.27,0.14,0.27,2.0,0.22
2026-01-25,swsh35-74,223073,Holofoil,181.92,130.0,204.6,1500.0,224.69
2026-01-25,swsh45sv-SV107,232496,Holofoil,133.29,119.76,155.46,349.95,148.99
2026-01-25,swsh7-204,246693,Holofoil,31.56,26.51,33.44,150.0,35.99
2026-01-25,swsh7-205,246696,Holofoil,330.04,287.54,359.99,500.0,314.99
2026-01-25,swsh7-208,246755,Holofoil,29.03,23.55,31.59,61.99,32.49
2026-01-25,swsh7-209,246756,Holofoil,277.12,230.0,286.84,450.0,278.22
2026-01-25,swsh7-211,246702,Holofoil,50.26,36.9,51.99,74.95,51.99
2026-01-25,swsh7-212,246704,Holofoil,342.29,282.62,344.18,1000.0,410.09
2026-01-25,swsh7-215,246723,Holofoil,1789.97,1449.99,2058.58,3999.98,1800.0
2026-01-25,swsh7-218,246733,Holofoil,664.13,525.0,681.3,950.0,699.94
2026-01-25,swsh7-41,246753,Holofoil,5.64,3.5,5.99,25.0,4.21
2026-01-25,swsh7-65,246690,Holofoil,8.7,7.86,11.03,500.0,9.32
2026-01-25,swsh7-75,246701,Holofoil,12.49,10.49,13.99,70.0,17.62
2026-01-25,swsh7-8,246691,Holofoil,6.67,4.0,7.0,100.0,13.64
2026-01-25,swsh8-271,253266,Holofoil,732.67,649.99,899.99,1499.95,819.99
2026-01-25,swsh9-154,263873,Holofoil,244.61,229.68,319.99,1500.0,292.49
2026-01-26,base1-15,42355,Holofoil,132.65,83.25,133.8,999.98,
2026-01-26,base1-16,42356,Holofoil,47.7,21.3,39.99,120.0,
2026-01-26,base1-2,42360,Holofoil,164.65,105.0,136.49,499.99,
2026-01-26,base1-4,42382,Holofoil,462.35,384.9,599.99,1500.0,
2026-01-26,base1-58,42402,Normal,4.06,0.93,2.51,9999.0,
2026-01-26,cel25c-4,250320,Holofoil,152.16,144.0,194.99,499.99,190.16
2026-01-26,gym2-2,83861,1st Edition Holofoil,852.01,640.0,740.0,975.99,
2026-01-26,gym2-2,83861,Unlimited Holofoil,489.09,450.3,560.65,638.69,555.3
2026-01-26,neo1-9,86903,1st Edition Holofoil,1799.99,1798.75,1899.98,2700.0,1899.99
2026-01-26,neo1-9,86903,Unlimited Holofoil,429.33,349.0,394.99,815.99,
2026-01-26,sl-151-bundle,502000,Normal,115.05,107.05,129.99,999.99,
2026-01-26,sl-151-etb,503313,Normal,417.53,429.99,500.0,1000.0,
2026-01-26,sl-151-upc,502005,Normal,590.95,579.99,725.0,40000.0,
2026-01-26,sl-ar-box,265519,Normal,389.58,384.99,450.0,899.99,
2026-01-26,sl-bs-box,256141,Normal,568.18,560.0,692.5,1500.0,
2026-01-26,sl-cel-upc,245140,Normal,875.59,939.99,1200.0,154722.59,
2026-01-26,sl-champ-etb,218791,Normal,163.98,164.0,180.0,500.0,
2026-01-26,sl-cz-etb,453470,Normal,236.36,243.99,290.0,785.0,
2026-01-26,sl-dr-box,624679,Normal,446.93,464.99,550.0,8498.0,
2026-01-26,sl-evs-box,242436,Normal,2438.27,2649.99,3392.49,12000.0,
2026-01-26,sl-evs-etb,243721,Normal,745.65,849.0,999.99,2999.99,
2026-01-26,sl-fs-box,247654,Normal,942.59,989.99,1200.0,5000.0,
2026-01-26,sl-hf-etb,194729,Normal,421.09,438.98,525.0,9999.98,
2026-01-26,sl-jp-151,565243,Normal,212.72,200.0,232.49,489.59,
2026-01-26,sl-jp-terastal,603428,Normal,115.8,90.0,129.99,200.0,
2026-01-26,sl-jt-box,610931,Normal,252.67,218.38,274.99,551.0,
2026-01-26,sl-lo-box,277324,Normal,704.83,714.97,987.44,2500.0,
2026-01-26,sl-me1-box,644298,Normal,244.26,236.72,296.93,500.0,
2026-01-26,sl-obf-box,501257,Normal,297.32,295.0,350.0,799.99,
2026-01-26,sl-pe-etb,593355,Normal,139.02,129.95,150.5,1115.0,
2026-01-26,sl-pe-spc,622770,Normal,246.76,240.0,315.0,999.0,
2026-01-26,sl-pf-etb,528040,Normal,291.7,289.99,322.5,775.0,
2026-01-26,sl-phf-box,654137,Normal,265.58,255.96,299.0,1000.0,
2026-01-26,sl-shf-etb,228821,Normal,110.02,103.0,125.0,500.11,
2026-01-26,sl-ss-box,565606,Normal,265.57,259.99,330.0,4999.99,
2026-01-26,sl-st-box,283389,Normal,457.96,455.01,560.0,9999.99,
2026-01-26,sl-tf-box,536225,Normal,271.63,257.5,299.99,779.99,
2026-01-26,sv2-185,497557,Normal,0.27,0.05,0.39,4.99,
2026-01-26,sv2-185,497557,Reverse Holofoil,0.48,0.24,0.77,6.99,
2026-01-26,sv2-254,497669,Holofoil,13.35,11.76,14.99,52.5,
2026-01-26,sv2-269,497689,Holofoil,47.51,45.0,54.99,259.99,
2026-01-26,sv3pt5-151,516566,Holofoil,5.94,4.95,7.82,100.0,
2026-01-26,sv3pt5-199,517045,Holofoil,263.88,209.99,295.78,1000.0,264.75
2026-01-26,sv3pt5-205,517051,Holofoil,17.93,15.47,20.0,88.88,
2026-01-26,sv3pt5-4,502555,Normal,0.16,0.01,0.17,20.0,
2026-01-26,sv3pt5-4,502555,Reverse Holofoil,0.25,0.01,0.27,2.95,
2026-01-26,sv3pt5-6,502558,Holofoil,5.32,4.0,6.0,300.0,
2026-01-26,sv3pt5-7,502548,Normal,0.14,0.01,0.16,2.0,
2026-01-26,sv3pt5-7,502548,Reverse Holofoil,0.22,0.01,0.25,50.0,
2026-01-26,sv4pt5-234,535090,Holofoil,204.22,175.0,235.12,799.97,210.0
2026-01-26,sv4pt5-54,534416,Holofoil,3.98,2.99,3.99,60.0,
2026-01-26,sv8-57,590025,Holofoil,3.43,2.5,4.38,50.0,
2026-01-26,sv8pt5-149,610504,Holofoil,157.8,62.99,192.11,999.0,
2026-01-26,sv8pt5-155,610510,Holofoil,199.0,179.99,210.11,999.0,
2026-01-26,sv8pt5-156,610511,Holofoil,305.81,284.0,340.25,999.0,
2026-01-26,sv8pt5-161,610516,Holofoil,865.0,865.39,1050.08,5000.0,
2026-01-26,sv8pt5-167,610522,Holofoil,115.09,109.32,120.25,999.0,
2026-01-26,sv8pt5-179,610534,Holofoil,40.77,39.02,49.99,999.0,
2026-01-26,sv8pt5-28,610383,Holofoil,1.1,0.69,1.31,999.0,
2026-01-26,sv8pt5-47,610402,Normal,0.06,0.01,0.1,999.0,0.03
2026-01-26,sv8pt5-47,610402,Reverse Holofoil,0.1,0.01,0.14,999.0,0.06
2026-01-26,sv8pt5-59,610414,Holofoil,0.24,0.01,0.26,999.0,0.14
2026-01-26,sv8pt5-59,610414,Reverse Holofoil,0.45,0.08,0.4,999.0,0.32
2026-01-26,sv8pt5-60,610415,Holofoil,4.38,3.14,4.88,999.0,
2026-01-26,svp-085,518861,Normal,507.33,500.0,699.0,2500.0,
2026-01-26,swsh11-186,284137,Holofoil,659.88,523.74,716.5,1500.0,789.99
2026-01-26,swsh12-186,451834,Holofoil,354.09,328.84,397.69,2000.0,373.49
2026-01-26,swsh12pt5gg-GG69,478100,Holofoil,204.06,199.99,249.44,1000.0,249.69
2026-01-26,swsh35-25,223018,Normal,0.12,0.05,0.17,19.98,0.1
2026-01-26,swsh35-25,223018,Reverse Holofoil,0.27,0.14,0.27,2.0,0.22
2026-01-26,swsh35-74,223073,Holofoil,181.92,130.0,209.21,1500.0,224.69
2026-01-26,swsh45sv-SV107,232496,Holofoil,134.87,118.98,163.07,349.95,148.99
2026-01-26,swsh7-204,246693,Holofoil,30.69,26.69,34.25,150.0,35.99
2026-01-26,swsh7-205,246696,Holofoil,330.04,287.54,359.97,500.0,314.99
2026-01-26,swsh7-208,246755,Holofoil,28.95,23.55,32.09,61.99,32.49
2026-01-26,swsh7-209,246756,Holofoil,275.93,230.0,285.69,450.0,277.62
2026-01-26,swsh7-211,246702,Holofoil,50.26,36.9,51.99,74.95,51.99
2026-01-26,swsh7-212,246704,Holofoil,342.29,282.62,351.32,1000.0,410.09
2026-01-26,swsh7-215,246723,Holofoil,1789.97,1449.99,2058.58,4000.0,1800.0
2026-01-26,swsh7-218,246733,Holofoil,664.13,525.0,698.97,950.0,699.94
2026-01-26,swsh7-41,246753,Holofoil,5.43,3.5,5.97,25.0,
2026-01-26,swsh7-65,246690,Holofoil,8.96,8.0,11.0,500.0,11.68
2026-01-26,swsh7-75,246701,Holofoil,12.32,9.54,13.96,70.0,17.62
2026-01-26,swsh7-8,246691,Holofoil,6.83,4.0,7.0,100.0,13.42
2026-01-26,swsh8-271,253266,Holofoil,734.67,649.99,899.99,1499.95,819.99
2026-01-26,swsh9-154,263873,Holofoil,244.2,229.68,319.99,1500.0,292.49
2026-01-27,base1-15,42355,Holofoil,132.65,90.99,139.28,999.98,
2026-01-27,base1-16,42356,Holofoil,47.7,21.3,41.82,120.0,
2026-01-27,base1-2,42360,Holofoil,164.65,105.0,149.99,499.99,
2026-01-27,base1-4,42382,Holofoil,461.32,384.9,599.99,1500.0,
2026-01-27,base1-58,42402,Normal,4.07,0.94,2.97,9999.0,
2026-01-27,cel25c-4,250320,Holofoil,152.96,144.0,194.99,499.99,190.16
2026-01-27,gym2-2,83861,1st Edition Holofoil,852.01,640.0,740.0,975.99,
2026-01-27,gym2-2,83861,Unlimited Holofoil,489.09,499.99,567.32,655.16,567.66
2026-01-27,neo1-9,86903,1st Edition Holofoil,1799.99,1798.75,1899.98,2700.0,1899.99
2026-01-27,neo1-9,86903,Unlimited Holofoil,429.33,349.0,394.99,815.99,
2026-01-27,sl-151-bundle,502000,Normal,116.4,107.05,129.98,999.99,
2026-01-27,sl-151-etb,503313,Normal,421.41,429.99,500.0,1000.0,
2026-01-27,sl-151-upc,502005,Normal,590.15,578.99,744.22,40000.0,
2026-01-27,sl-ar-box,265519,Normal,389.02,384.99,450.0,899.99,
2026-01-27,sl-bs-box,256141,Normal,570.38,551.95,680.0,1499.99,
2026-01-27,sl-cel-upc,245140,Normal,879.79,939.99,1225.0,154722.59,
2026-01-27,sl-champ-etb,218791,Normal,163.98,164.0,180.0,500.0,
2026-01-27,sl-cz-etb,453470,Normal,238.2,248.99,299.96,785.0,
2026-01-27,sl-dr-box,624679,Normal,461.78,479.99,570.0,8498.0,
2026-01-27,sl-evs-box,242436,Normal,2438.27,2550.0,3385.0,12000.0,
2026-01-27,sl-evs-etb,243721,Normal,745.65,849.0,999.99,2999.99,
2026-01-27,sl-fs-box,247654,Normal,942.59,989.99,1200.0,3200.0,
2026-01-27,sl-hf-etb,194729,Normal,421.09,434.99,525.0,9999.98,
2026-01-27,sl-jp-151,565243,Normal,210.77,205.0,242.25,489.59,
2026-01-27,sl-jp-terastal,603428,Normal,116.22,99.99,129.99,200.0,
2026-01-27,sl-jt-box,610931,Normal,251.21,218.86,272.5,551.0,
2026-01-27,sl-lo-box,277324,Normal,707.87,714.97,992.44,2500.0,
2026-01-27,sl-me1-box,644298,Normal,244.26,236.72,289.99,500.0,
2026-01-27,sl-obf-box,501257,Normal,297.32,292.5,350.0,799.99,
2026-01-27,sl-pe-etb,593355,Normal,139.37,129.95,154.99,1115.0,
2026-01-27,sl-pe-spc,622770,Normal,247.03,248.12,321.5,999.0,
2026-01-27,sl-pf-etb,528040,Normal,294.03,289.99,320.0,775.0,
2026-01-27,sl-phf-box,654137,Normal,269.07,265.0,299.68,1000.0,
2026-01-27,sl-shf-etb,228821,Normal,109.58,103.0,125.0,500.11,
2026-01-27,sl-ss-box,565606,Normal,265.53,259.98,330.0,4999.99,
2026-01-27,sl-st-box,283389,Normal,457.72,455.01,560.0,9999.99,
2026-01-27,sl-tf-box,536225,Normal,271.63,257.5,294.99,779.99,
2026-01-27,sv2-185,497557,Normal,0.26,0.05,0.39,4.99,
2026-01-27,sv2-185,497557,Reverse Holofoil,0.47,0.23,0.75,6.99,
2026-01-27,sv2-254,497669,Holofoil,13.39,11.76,14.99,52.5,
2026-01-27,sv2-269,497689,Holofoil,47.35,43.99,55.0,259.99,
2026-01-27,sv3pt5-151,516566,Holofoil,5.61,4.6,7.72,100.0,
2026-01-27,sv3pt5-199,517045,Holofoil,257.05,214.49,298.06,1000.0,264.75
2026-01-27,sv3pt5-205,517051,Holofoil,17.83,15.47,19.99,88.88,
2026-01-27,sv3pt5-4,502555,Normal,0.13,0.01,0.17,20.0,
2026-01-27,sv3pt5-4,502555,Reverse Holofoil,0.23,0.01,0.27,2.95,
2026-01-27,sv3pt5-6,502558,Holofoil,5.06,2.98,5.99,300.0,
2026-01-27,sv3pt5-7,502548,Normal,0.15,0.01,0.16,2.0,
2026-01-27,sv3pt5-7,502548,Reverse Holofoil,0.22,0.01,0.25,50.0,
2026-01-27,sv4pt5-234,535090,Holofoil,204.34,175.0,240.95,799.97,224.64
2026-01-27,sv4pt5-54,534416,Holofoil,3.82,2.78,4.0,60.0,
2026-01-27,sv8-57,590025,Holofoil,3.43,2.5,4.39,50.0,
2026-01-27,sv8pt5-149,610504,Holofoil,157.07,157.07,192.17,999.0,
2026-01-27,sv8pt5-155,610510,Holofoil,199.74,179.99,211.09,999.0,
2026-01-27,sv8pt5-156,610511,Holofoil,307.12,284.0,340.25,999.0,
2026-01-27,sv8pt5-161,610516,Holofoil,889.6,863.88,1050.08,5000.0,
2026-01-27,sv8pt5-167,610522,Holofoil,115.37,109.32,120.51,999.0,
2026-01-27,sv8pt5-179,610534,Holofoil,41.13,39.02,49.99,999.0,
2026-01-27,sv8pt5-28,610383,Holofoil,1.19,0.69,1.31,999.0,
2026-01-27,sv8pt5-47,610402,Normal,0.06,0.01,0.1,999.0,0.03
2026-01-27,sv8pt5-47,610402,Reverse Holofoil,0.1,0.01,0.13,999.0,0.07
2026-01-27,sv8pt5-59,610414,Holofoil,0.24,0.01,0.26,999.0,0.14
2026-01-27,sv8pt5-59,610414,Reverse Holofoil,0.46,0.01,0.41,999.0,0.32
2026-01-27,sv8pt5-60,610415,Holofoil,3.97,3.5,4.93,999.0,
2026-01-27,svp-085,518861,Normal,507.33,500.0,699.0,2500.0,
2026-01-27,swsh11-186,284137,Holofoil,659.88,511.3,700.44,1500.0,789.99
2026-01-27,swsh12-186,451834,Holofoil,354.59,328.84,397.69,2000.0,373.49
2026-01-27,swsh12pt5gg-GG69,478100,Holofoil,205.01,199.99,242.06,1000.0,249.69
2026-01-27,swsh35-25,223018,Normal,0.12,0.05,0.17,19.98,0.1
2026-01-27,swsh35-25,223018,Reverse Holofoil,0.28,0.1,0.27,2.0,0.22
2026-01-27,swsh35-74,223073,Holofoil,181.92,130.0,204.6,1500.0,224.69
2026-01-27,swsh45sv-SV107,232496,Holofoil,133.79,119.76,167.36,349.95,130.0
2026-01-27,swsh7-204,246693,Holofoil,30.73,29.79,34.5,150.0,35.99
2026-01-27,swsh7-205,246696,Holofoil,330.04,287.54,359.99,519.82,314.99
2026-01-27,swsh7-208,246755,Holofoil,28.9,23.55,31.89,61.99,32.49
2026-01-27,swsh7-209,246756,Holofoil,275.93,230.0,285.59,450.0,277.62
2026-01-27,swsh7-211,246702,Holofoil,50.26,36.9,51.99,74.95,51.99
2026-01-27,swsh7-212,246704,Holofoil,342.29,282.62,351.32,1000.0,410.09
2026-01-27,swsh7-215,246723,Holofoil,1789.97,1449.99,2029.29,4000.0,1994.99
2026-01-27,swsh7-218,246733,Holofoil,660.53,525.0,699.94,950.0,699.92
2026-01-27,swsh7-41,246753,Holofoil,5.32,3.5,5.93,24.97,
2026-01-27,swsh7-65,246690,Holofoil,9.27,8.86,11.0,500.0,11.12
2026-01-27,swsh7-75,246701,Holofoil,12.36,9.99,13.99,50.0,14.83
2026-01-27,swsh7-8,246691,Holofoil,6.89,4.0,7.0,100.0,13.42
2026-01-27,swsh8-271,253266,Holofoil,734.67,649.99,899.99,1499.95,819.99
2026-01-27,swsh9-154,263873,Holofoil,245.78,229.68,298.99,1500.0,265.5
2026-01-28,base1-15,42355,Holofoil,132.65,94.64,139.28,999.98,
2026-01-28,base1-16,42356,Holofoil,47.7,21.3,41.04,120.0,
2026-01-28,base1-2,42360,Holofoil,164.09,109.0,165.08,499.99,
2026-01-28,base1-4,42382,Holofoil,461.32,354.94,599.99,1500.0,
2026-01-28,base1-58,42402,Normal,4.03,0.88,2.99,9999.0,
2026-01-28,cel25c-4,250320,Holofoil,153.74,142.99,194.78,499.99,190.12
2026-01-28,gym2-2,83861,1st Edition Holofoil,852.01,640.0,740.0,975.99,
2026-01-28,gym2-2,83861,Unlimited Holofoil,489.09,499.99,566.98,651.7,567.66
2026-01-28,neo1-9,86903,1st Edition Holofoil,1799.99,1798.75,1899.98,2700.0,1899.99
2026-01-28,neo1-9,86903,Unlimited Holofoil,429.33,349.0,394.99,815.0,
2026-01-28,sl-151-bundle,502000,Normal,117.34,107.05,129.98,999.99,
2026-01-28,sl-151-etb,503313,Normal,424.21,425.0,500.0,1000.0,
2026-01-28,sl-151-upc,502005,Normal,588.8,575.0,750.0,40000.0,
2026-01-28,sl-ar-box,265519,Normal,388.43,384.99,450.0,899.99,
2026-01-28,sl-bs-box,256141,Normal,570.46,540.0,662.5,1499.99,
2026-01-28,sl-cel-upc,245140,Normal,879.79,975.0,1200.0,154722.59,
2026-01-28,sl-champ-etb,218791,Normal,163.98,164.0,180.0,500.0,
2026-01-28,sl-cz-etb,453470,Normal,238.2,248.99,299.96,785.0,
2026-01-28,sl-dr-box,624679,Normal,468.38,479.99,599.99,8498.0,
2026-01-28,sl-evs-box,242436,Normal,2448.27,2634.99,3389.99,12000.0,
2026-01-28,sl-evs-etb,243721,Normal,747.2,849.0,999.98,2999.99,
2026-01-28,sl-fs-box,247654,Normal,954.31,989.99,1200.0,3200.0,
2026-01-28,sl-hf-etb,194729,Normal,421.09,430.0,525.0,9999.98,
2026-01-28,sl-jp-151,565243,Normal,210.93,205.0,242.25,489.59,
2026-01-28,sl-jp-terastal,603428,Normal,116.31,99.99,130.0,200.0,
2026-01-28,sl-jt-box,610931,Normal,251.39,249.99,272.5,551.0,
2026-01-28,sl-lo-box,277324,Normal,707.87,697.01,987.44,2500.0,
2026-01-28,sl-me1-box,644298,Normal,243.63,236.72,294.95,500.0,
2026-01-28,sl-obf-box,501257,Normal,297.32,292.5,350.0,799.99,
2026-01-28,sl-pe-etb,593355,Normal,138.04,129.95,150.0,1115.0,
2026-01-28,sl-pe-spc,622770,Normal,252.14,248.12,324.0,999.0,
2026-01-28,sl-pf-etb,528040,Normal,295.42,289.99,322.5,775.0,
2026-01-28,sl-phf-box,654137,Normal,272.19,264.0,299.68,1000.0,
2026-01-28,sl-shf-etb,228821,Normal,109.58,103.0,126.48,500.11,
2026-01-28,sl-ss-box,565606,Normal,266.51,259.99,330.0,4999.99,
2026-01-28,sl-st-box,283389,Normal,459.52,470.0,560.0,9999.99,
2026-01-28,sl-tf-box,536225,Normal,271.72,261.99,289.98,779.99,
2026-01-28,sv2-185,497557,Normal,0.24,0.05,0.38,4.99,
2026-01-28,sv2-185,497557,Reverse Holofoil,0.48,0.24,0.75,6.99,0.5
2026-01-28,sv2-254,497669,Holofoil,13.35,12.07,14.95,52.5,
2026-01-28,sv2-269,497689,Holofoil,47.35,43.99,54.99,259.99,54.45
2026-01-28,sv3pt5-151,516566,Holofoil,5.87,4.36,7.56,100.0,
2026-01-28,sv3pt5-199,517045,Holofoil,262.17,214.49,298.54,1000.0,264.75
2026-01-28,sv3pt5-205,517051,Holofoil,18.15,14.99,19.99,88.88,
2026-01-28,sv3pt5-4,502555,Normal,0.12,0.01,0.17,20.0,0.12
2026-01-28,sv3pt5-4,502555,Reverse Holofoil,0.24,0.01,0.27,3.99,
2026-01-28,sv3pt5-6,502558,Holofoil,5.14,2.98,5.9,300.0,
2026-01-28,sv3pt5-7,502548,Normal,0.15,0.01,0.16,19.98,0.06
2026-01-28,sv3pt5-7,502548,Reverse Holofoil,0.21,0.01,0.25,50.0,0.19
2026-01-28,sv4pt5-234,535090,Holofoil,204.58,175.0,241.9,799.97,235.12
2026-01-28,sv4pt5-54,534416,Holofoil,3.76,2.78,4.0,4321.0,
2026-01-28,sv8-57,590025,Holofoil,3.43,2.5,4.31,50.0,4.13
2026-01-28,sv8pt5-149,610504,Holofoil,157.07,153.45,191.54,999.0,
2026-01-28,sv8pt5-155,610510,Holofoil,199.74,179.99,210.05,999.0,
2026-01-28,sv8pt5-156,610511,Holofoil,307.12,284.0,339.74,999.0,
2026-01-28,sv8pt5-161,610516,Holofoil,944.2,861.38,1050.08,5000.0,
2026-01-28,sv8pt5-167,610522,Holofoil,115.59,109.32,119.98,999.0,
2026-01-28,sv8pt5-179,610534,Holofoil,41.43,39.02,50.92,999.0,
2026-01-28,sv8pt5-28,610383,Holofoil,1.23,0.69,1.32,999.0,
2026-01-28,sv8pt5-47,610402,Normal,0.06,0.01,0.1,999.0,0.03
2026-01-28,sv8pt5-47,610402,Reverse Holofoil,0.1,0.01,0.13,999.0,0.07
2026-01-28,sv8pt5-59,610414,Holofoil,0.26,0.01,0.26,999.0,0.14
2026-01-28,sv8pt5-59,610414,Reverse Holofoil,0.34,0.01,0.39,999.0,0.31
2026-01-28,sv8pt5-60,610415,Holofoil,4.17,3.56,4.98,999.0,
2026-01-28,svp-085,518861,Normal,507.33,500.0,689.5,2500.0,
2026-01-28,swsh11-186,284137,Holofoil,659.88,511.3,650.0,1500.0,789.99
2026-01-28,swsh12-186,451834,Holofoil,354.59,328.84,397.75,2000.0,373.49
2026-01-28,swsh12pt5gg-GG69,478100,Holofoil,205.01,199.99,234.88,1000.0,249.69
2026-01-28,swsh35-25,223018,Normal,0.12,0.05,0.17,1.82,
2026-01-28,swsh35-25,223018,Reverse Holofoil,0.28,0.1,0.28,2.0,0.22
2026-01-28,swsh35-74,223073,Holofoil,181.92,130.0,204.6,1500.0,224.69
2026-01-28,swsh45sv-SV107,232496,Holofoil,133.79,119.76,159.99,349.95,149.99
2026-01-28,swsh7-204,246693,Holofoil,30.73,29.79,34.5,150.0,35.99
2026-01-28,swsh7-205,246696,Holofoil,330.04,287.54,359.98,500.0,314.99
2026-01-28,swsh7-208,246755,Holofoil,28.9,23.55,31.68,61.99,32.49
2026-01-28,swsh7-209,246756,Holofoil,275.93,230.0,285.69,450.0,276.78
2026-01-28,swsh7-211,246702,Holofoil,50.26,36.9,52.0,74.95,51.99
2026-01-28,swsh7-212,246704,Holofoil,342.29,282.62,347.09,1000.0,410.09
2026-01-28,swsh7-215,246723,Holofoil,1789.97,1449.99,2058.58,4000.0,1994.99
2026-01-28,swsh7-218,246733,Holofoil,660.53,525.0,699.92,950.0,699.92
2026-01-28,swsh7-41,246753,Holofoil,5.01,3.5,5.95,24.97,8.99
2026-01-28,swsh7-65,246690,Holofoil,9.24,7.26,11.04,500.0,9.77
2026-01-28,swsh7-75,246701,Holofoil,12.44,9.99,13.99,50.0,19.99
2026-01-28,swsh7-8,246691,Holofoil,6.79,4.0,7.0,100.0,13.42
2026-01-28,swsh8-271,253266,Holofoil,734.67,649.99,899.99,1499.95,819.99
2026-01-28,swsh9-154,263873,Holofoil,245.78,229.68,298.99,1500.0,265.5
2026-01-29,base1-15,42355,Holofoil,132.65,98.63,139.28,999.98,
2026-01-29,base1-16,42356,Holofoil,47.7,24.92,45.4,120.0,
2026-01-29,base1-2,42360,Holofoil,164.09,109.0,149.99,499.99,136.49
2026-01-29,base1-4,42382,Holofoil,461.32,354.94,599.99,1500.0,
2026-01-29,base1-58,42402,Normal,4.05,0.94,2.97,9999.0,
2026-01-29,cel25c-4,250320,Holofoil,156.2,131.38,193.66,499.99,154.75
2026-01-29,gym2-2,83861,1st Edition Holofoil,852.01,640.0,740.0,975.99,
2026-01-29,gym2-2,83861,Unlimited Holofoil,489.09,449.0,566.49,651.69,567.66
2026-01-29,neo1-9,86903,1st Edition Holofoil,1799.99,1798.75,1899.98,2700.0,1899.99
2026-01-29,neo1-9,86903,Unlimited Holofoil,429.33,349.0,394.99,815.0,
2026-01-29,sl-151-bundle,502000,Normal,118.14,107.05,129.99,999.99,
2026-01-29,sl-151-etb,503313,Normal,424.21,420.0,500.0,1000.0,
2026-01-29,sl-151-upc,502005,Normal,586.8,595.0,759.85,40000.0,
2026-01-29,sl-ar-box,265519,Normal,388.43,384.99,450.0,899.99,
2026-01-29,sl-bs-box,256141,Normal,570.86,540.0,650.0,1499.99,
2026-01-29,sl-cel-upc,245140,Normal,879.79,960.0,1199.5,154722.59,
2026-01-29,sl-champ-etb,218791,Normal,163.98,164.0,180.0,500.0,
2026-01-29,sl-cz-etb,453470,Normal,239.3,248.99,299.96,785.0,
2026-01-29,sl-dr-box,624679,Normal,484.32,479.99,639.0,8498.0,
2026-01-29,sl-evs-box,242436,Normal,2448.27,2600.0,3380.0,12000.0,
2026-01-29,sl-evs-etb,243721,Normal,747.2,849.0,999.98,2999.99,
2026-01-29,sl-fs-box,247654,Normal,954.31,999.0,1200.0,3200.0,
2026-01-29,sl-hf-etb,194729,Normal,421.09,430.0,500.0,9999.98,
2026-01-29,sl-jp-151,565243,Normal,211.65,205.0,249.5,489.59,
2026-01-29,sl-jp-terastal,603428,Normal,117.31,99.99,130.0,200.0,
2026-01-29,sl-jt-box,610931,Normal,248.1,220.97,272.5,551.0,
2026-01-29,sl-lo-box,277324,Normal,707.87,697.01,985.0,2500.0,
2026-01-29,sl-me1-box,644298,Normal,245.87,231.99,296.93,500.0,
2026-01-29,sl-obf-box,501257,Normal,297.02,297.0,350.0,799.99,
2026-01-29,sl-pe-etb,593355,Normal,139.13,129.95,150.0,1115.0,
2026-01-29,sl-pe-spc,622770,Normal,253.77,250.0,324.0,999.0,
2026-01-29,sl-pf-etb,528040,Normal,294.86,289.99,320.0,775.0,
2026-01-29,sl-phf-box,654137,Normal,214.04,268.0,299.99,1000.0,
2026-01-29,sl-shf-etb,228821,Normal,109.94,103.0,125.0,500.11,
2026-01-29,sl-ss-box,565606,Normal,264.09,245.0,327.47,4999.99,
2026-01-29,sl-st-box,283389,Normal,459.52,470.0,560.0,9999.99,
2026-01-29,sl-tf-box,536225,Normal,272.11,261.99,289.99,779.99,
2026-01-29,sv2-185,497557,Normal,0.26,0.05,0.38,4.99,
2026-01-29,sv2-185,497557,Reverse Holofoil,0.51,0.24,0.75,6.99,0.5
2026-01-29,sv2-254,497669,Holofoil,13.19,11.0,14.7,52.5,13.55
2026-01-29,sv2-269,497689,Holofoil,47.44,43.99,54.99,259.99,54.45
2026-01-29,sv3pt5-151,516566,Holofoil,5.83,4.29,7.55,100.0,5.72
2026-01-29,sv3pt5-199,517045,Holofoil,260.04,214.49,299.95,1000.0,270.24
2026-01-29,sv3pt5-205,517051,Holofoil,17.9,14.99,19.98,88.88,
2026-01-29,sv3pt5-4,502555,Normal,0.12,0.01,0.16,20.0,
2026-01-29,sv3pt5-4,502555,Reverse Holofoil,0.24,0.01,0.27,3.99,
2026-01-29,sv3pt5-6,502558,Holofoil,4.99,2.98,5.92,300.0,5.4
2026-01-29,sv3pt5-7,502548,Normal,0.16,0.01,0.16,19.98,0.14
2026-01-29,sv3pt5-7,502548,Reverse Holofoil,0.21,0.01,0.25,50.0,0.19
2026-01-29,sv4pt5-234,535090,Holofoil,204.55,175.0,240.0,799.97,235.12
2026-01-29,sv4pt5-54,534416,Holofoil,3.79,2.78,3.99,4321.0,3.77
2026-01-29,sv8-57,590025,Holofoil,3.49,2.5,4.3,50.0,4.38
2026-01-29,sv8pt5-149,610504,Holofoil,154.45,153.45,187.5,999.0,
2026-01-29,sv8pt5-155,610510,Holofoil,199.24,179.99,213.23,999.0,
2026-01-29,sv8pt5-156,610511,Holofoil,307.12,284.0,339.57,999.0,
2026-01-29,sv8pt5-161,610516,Holofoil,944.4,860.86,1050.04,5000.0,
2026-01-29,sv8pt5-167,610522,Holofoil,115.65,109.32,119.98,999.0,
2026-01-29,sv8pt5-179,610534,Holofoil,41.45,39.02,50.97,999.0,
2026-01-29,sv8pt5-28,610383,Holofoil,1.25,0.69,1.33,999.0,1.38
2026-01-29,sv8pt5-47,610402,Normal,0.06,0.01,0.1,999.0,0.03
2026-01-29,sv8pt5-47,610402,Reverse Holofoil,0.1,0.01,0.13,999.0,0.07
2026-01-29,sv8pt5-59,610414,Holofoil,0.25,0.01,0.26,999.0,0.14
2026-01-29,sv8pt5-59,610414,Reverse Holofoil,0.34,0.01,0.38,999.0,0.31
2026-01-29,sv8pt5-60,610415,Holofoil,4.38,3.56,4.99,999.0,
2026-01-29,svp-085,518861,Normal,507.33,500.0,699.0,2500.0,
2026-01-29,swsh11-186,284137,Holofoil,659.88,511.3,650.0,1500.0,789.99
2026-01-29,swsh12-186,451834,Holofoil,355.37,328.84,397.75,2000.0,373.49
2026-01-29,swsh12pt5gg-GG69,478100,Holofoil,206.75,199.99,234.0,1000.0,239.99
2026-01-29,swsh35-25,223018,Normal,0.12,0.05,0.17,1.82,
2026-01-29,swsh35-25,223018,Reverse Holofoil,0.28,0.1,0.28,2.0,0.22
2026-01-29,swsh35-74,223073,Holofoil,180.32,130.0,199.99,1500.0,224.69
2026-01-29,swsh45sv-SV107,232496,Holofoil,133.79,119.76,159.99,349.95,149.99
2026-01-29,swsh7-204,246693,Holofoil,30.73,29.79,34.49,150.0,35.98
2026-01-29,swsh7-205,246696,Holofoil,328.6,287.54,359.99,500.0,314.99
2026-01-29,swsh7-208,246755,Holofoil,28.9,27.0,31.59,61.99,30.57
2026-01-29,swsh7-209,246756,Holofoil,275.93,230.0,285.59,450.0,276.78
2026-01-29,swsh7-211,246702,Holofoil,50.07,36.9,51.7,74.95,51.99
2026-01-29,swsh7-212,246704,Holofoil,342.29,282.62,344.18,1000.0,410.09
2026-01-29,swsh7-215,246723,Holofoil,1789.97,1500.0,2058.58,4000.0,1994.99
2026-01-29,swsh7-218,246733,Holofoil,660.55,525.0,699.93,950.0,699.93
2026-01-29,swsh7-41,246753,Holofoil,5.03,3.49,5.82,24.97,8.99
2026-01-29,swsh7-65,246690,Holofoil,9.44,7.26,11.0,500.0,12.32
2026-01-29,swsh7-75,246701,Holofoil,12.46,9.99,13.92,50.0,19.99
2026-01-29,swsh7-8,246691,Holofoil,6.5,3.99,7.0,100.0,16.0
2026-01-29,swsh8-271,253266,Holofoil,734.67,649.99,875.0,1499.95,819.99
2026-01-29,swsh9-154,263873,Holofoil,245.78,229.68,298.99,1500.0,265.49
2026-01-30,base1-15,42355,Holofoil,132.65,97.77,139.28,999.98,
2026-01-30,base1-16,42356,Holofoil,48.52,24.85,44.32,120.0,
2026-01-30,base1-2,42360,Holofoil,164.09,109.0,149.99,499.99,
2026-01-30,base1-4,42382,Holofoil,461.32,354.94,599.99,1500.0,
2026-01-30,base1-58,42402,Normal,4.03,0.94,2.99,9999.0,1.91
2026-01-30,cel25c-4,250320,Holofoil,158.15,131.38,191.9,499.99,190.14
2026-01-30,gym2-2,83861,1st Edition Holofoil,852.01,640.0,694.98,975.99,
2026-01-30,gym2-2,83861,Unlimited Holofoil,484.11,449.0,544.37,638.68,549.64
2026-01-30,neo1-9,86903,1st Edition Holofoil,1799.99,1798.75,1899.98,2700.0,1899.99
2026-01-30,neo1-9,86903,Unlimited Holofoil,440.97,305.99,392.99,815.0,
2026-01-30,sl-151-bundle,502000,Normal,118.73,107.05,129.98,999.99,
2026-01-30,sl-151-etb,503313,Normal,425.67,423.0,500.0,1000.0,
2026-01-30,sl-151-upc,502005,Normal,588.37,649.99,794.42,40000.0,
2026-01-30,sl-ar-box,265519,Normal,387.83,384.99,450.0,899.99,
2026-01-30,sl-bs-box,256141,Normal,570.86,540.0,650.0,1499.99,
2026-01-30,sl-cel-upc,245140,Normal,879.79,960.0,1199.5,154722.59,
2026-01-30,sl-champ-etb,218791,Normal,163.74,164.0,180.0,500.0,
2026-01-30,sl-cz-etb,453470,Normal,240.14,248.99,299.97,785.0,
2026-01-30,sl-dr-box,624679,Normal,488.79,499.0,649.89,8498.0,
2026-01-30,sl-evs-box,242436,Normal,2460.27,2634.99,3392.49,12000.0,
2026-01-30,sl-evs-etb,243721,Normal,747.2,849.0,999.98,2999.99,
2026-01-30,sl-fs-box,247654,Normal,959.99,999.0,1200.0,3200.0,
2026-01-30,sl-hf-etb,194729,Normal,422.68,430.0,500.0,9999.98,
2026-01-30,sl-jp-151,565243,Normal,211.65,205.0,231.95,489.59,
2026-01-30,sl-jp-terastal,603428,Normal,118.11,99.99,129.99,200.0,
2026-01-30,sl-jt-box,610931,Normal,245.53,221.89,270.0,551.0,
2026-01-30,sl-lo-box,277324,Normal,707.87,697.01,989.87,2500.0,
2026-01-30,sl-me1-box,644298,Normal,246.77,236.72,298.95,500.0,
2026-01-30,sl-obf-box,501257,Normal,296.98,297.0,350.0,799.99,
2026-01-30,sl-pe-etb,593355,Normal,140.14,129.95,154.99,1115.0,
2026-01-30,sl-pe-spc,622770,Normal,253.5,234.85,320.0,880.0,
2026-01-30,sl-pf-etb,528040,Normal,294.86,289.99,320.0,775.0,
2026-01-30,sl-phf-box,654137,Normal,280.11,278.99,300.0,1000.0,
2026-01-30,sl-shf-etb,228821,Normal,109.79,103.0,125.0,500.11,
2026-01-30,sl-ss-box,565606,Normal,258.84,249.44,327.47,4999.99,
2026-01-30,sl-st-box,283389,Normal,460.96,470.0,560.0,9999.99,
2026-01-30,sl-tf-box,536225,Normal,272.21,261.99,289.99,779.99,
2026-01-30,sv2-185,497557,Normal,0.25,0.05,0.38,4.99,0.28
2026-01-30,sv2-185,497557,Reverse Holofoil,0.55,0.24,0.75,6.99,0.75
2026-01-30,sv2-254,497669,Holofoil,13.38,11.0,14.65,52.5,13.9
2026-01-30,sv2-269,497689,Holofoil,47.6,43.99,55.0,259.99,54.49
2026-01-30,sv3pt5-151,516566,Holofoil,6.27,4.0,7.7,100.0,6.71
2026-01-30,sv3pt5-199,517045,Holofoil,256.52,214.49,299.99,1000.0,270.24
2026-01-30,sv3pt5-205,517051,Holofoil,17.82,14.99,19.92,88.88,17.9
2026-01-30,sv3pt5-4,502555,Normal,0.13,0.01,0.16,20.0,0.14
2026-01-30,sv3pt5-4,502555,Reverse Holofoil,0.24,0.01,0.27,3.99,0.27
2026-01-30,sv3pt5-6,502558,Holofoil,5.34,2.98,5.9,300.0,5.5
2026-01-30,sv3pt5-7,502548,Normal,0.17,0.01,0.17,999.0,0.14
2026-01-30,sv3pt5-7,502548,Reverse Holofoil,0.23,0.01,0.25,50.0,0.19
2026-01-30,sv4pt5-234,535090,Holofoil,205.87,175.0,247.26,799.97,235.12
2026-01-30,sv4pt5-54,534416,Holofoil,3.77,2.78,3.99,4321.0,4.15
2026-01-30,sv8-57,590025,Holofoil,3.49,2.5,4.25,50.0,3.15
2026-01-30,sv8pt5-149,610504,Holofoil,153.08,153.45,191.94,999.0,
2026-01-30,sv8pt5-155,610510,Holofoil,199.25,196.25,214.91,999.0,
2026-01-30,sv8pt5-156,610511,Holofoil,306.64,284.99,339.91,999.0,
2026-01-30,sv8pt5-161,610516,Holofoil,948.16,859.35,1050.04,5000.0,
2026-01-30,sv8pt5-167,610522,Holofoil,115.65,109.0,115.65,999.0,
2026-01-30,sv8pt5-179,610534,Holofoil,41.53,39.02,50.98,999.0,
2026-01-30,sv8pt5-28,610383,Holofoil,1.39,0.69,1.39,999.0,2.0
2026-01-30,sv8pt5-47,610402,Normal,0.07,0.01,0.1,999.0,0.03
2026-01-30,sv8pt5-47,610402,Reverse Holofoil,0.1,0.01,0.13,999.0,0.07
2026-01-30,sv8pt5-59,610414,Holofoil,0.27,0.01,0.26,999.0,0.14
2026-01-30,sv8pt5-59,610414,Reverse Holofoil,0.34,0.01,0.38,999.0,0.31
2026-01-30,sv8pt5-60,610415,Holofoil,4.44,3.56,5.0,999.0,
2026-01-30,svp-085,518861,Normal,507.33,500.0,699.0,2500.0,
2026-01-30,swsh11-186,284137,Holofoil,658.44,511.3,650.0,1500.0,789.99
2026-01-30,swsh12-186,451834,Holofoil,356.95,333.0,397.75,2000.0,373.49
2026-01-30,swsh12pt5gg-GG69,478100,Holofoil,210.03,199.99,234.99,1000.0,249.69
2026-01-30,swsh35-25,223018,Normal,0.12,0.04,0.17,1.82,
2026-01-30,swsh35-25,223018,Reverse Holofoil,0.28,0.1,0.28,2.0,
2026-01-30,swsh35-74,223073,Holofoil,180.32,130.0,199.99,1500.0,224.69
2026-01-30,swsh45sv-SV107,232496,Holofoil,133.79,119.76,159.99,349.95,149.99
2026-01-30,swsh7-204,246693,Holofoil,30.73,29.49,33.44,150.0,35.99
2026-01-30,swsh7-205,246696,Holofoil,324.33,287.54,359.99,500.0,314.99
2026-01-30,swsh7-208,246755,Holofoil,28.9,27.0,31.35,61.99,30.57
2026-01-30,swsh7-209,246756,Holofoil,272.84,230.0,283.47,450.0,276.78
2026-01-30,swsh7-211,246702,Holofoil,50.07,36.9,51.99,74.95,51.99
2026-01-30,swsh7-212,246704,Holofoil,340.82,282.62,350.0,1000.0,410.09
2026-01-30,swsh7-215,246723,Holofoil,1789.97,1500.0,2076.28,4000.0,1994.99
2026-01-30,swsh7-218,246733,Holofoil,660.55,525.0,699.93,950.0,699.93
2026-01-30,swsh7-41,246753,Holofoil,4.87,3.5,5.86,24.97,8.99
2026-01-30,swsh7-65,246690,Holofoil,9.96,7.26,11.11,500.0,
2026-01-30,swsh7-75,246701,Holofoil,12.62,9.99,13.99,50.0,19.99
2026-01-30,swsh7-8,246691,Holofoil,6.23,4.0,7.0,100.0,16.0
2026-01-30,swsh8-271,253266,Holofoil,734.67,649.99,850.0,1499.95,819.99
2026-01-30,swsh9-154,263873,Holofoil,245.61,229.68,297.99,1500.0,265.49
2026-01-31,base1-15,42355,Holofoil,132.65,97.97,139.28,999.98,
2026-01-31,base1-16,42356,Holofoil,48.52,24.92,44.32,120.0,
2026-01-31,base1-2,42360,Holofoil,164.09,109.0,149.99,499.99,
2026-01-31,base1-4,42382,Holofoil,462.35,354.94,599.99,1500.0,
2026-01-31,base1-58,42402,Normal,3.75,0.85,2.75,9999.0,2.99
2026-01-31,cel25c-4,250320,Holofoil,158.28,112.23,194.99,499.99,190.14
2026-01-31,gym2-2,83861,1st Edition Holofoil,852.01,640.0,694.98,975.99,
2026-01-31,gym2-2,83861,Unlimited Holofoil,484.11,449.0,544.37,638.68,549.64
2026-01-31,neo1-9,86903,1st Edition Holofoil,1799.99,1798.75,1899.98,2700.0,1899.99
2026-01-31,neo1-9,86903,Unlimited Holofoil,440.97,305.99,392.99,815.0,
2026-01-31,sl-151-bundle,502000,Normal,117.82,107.05,129.98,999.99,
2026-01-31,sl-151-etb,503313,Normal,425.67,420.0,499.99,1000.0,
2026-01-31,sl-151-upc,502005,Normal,591.33,588.37,788.88,40000.0,
2026-01-31,sl-ar-box,265519,Normal,387.83,384.99,450.0,899.99,
2026-01-31,sl-bs-box,256141,Normal,578.74,540.0,650.0,1499.99,
2026-01-31,sl-cel-upc,245140,Normal,881.87,899.99,1199.5,154722.59,
2026-01-31,sl-champ-etb,218791,Normal,163.74,165.0,179.99,500.0,
2026-01-31,sl-cz-etb,453470,Normal,241.62,248.99,299.98,785.0,
2026-01-31,sl-dr-box,624679,Normal,505.46,529.99,660.0,8498.0,
2026-01-31,sl-evs-box,242436,Normal,2460.27,2634.99,3394.98,12000.0,
2026-01-31,sl-evs-etb,243721,Normal,747.2,849.0,999.98,2999.99,
2026-01-31,sl-fs-box,247654,Normal,959.99,999.0,1200.0,3200.0,
2026-01-31,sl-hf-etb,194729,Normal,422.68,440.0,500.0,9999.98,
2026-01-31,sl-jp-151,565243,Normal,212.79,205.0,228.9,489.59,
2026-01-31,sl-jp-terastal,603428,Normal,118.11,99.99,129.99,200.0,
2026-01-31,sl-jt-box,610931,Normal,245.53,249.99,274.99,551.0,
2026-01-31,sl-lo-box,277324,Normal,707.87,710.0,995.0,2500.0,
2026-01-31,sl-me1-box,644298,Normal,248.13,236.72,299.45,500.0,
2026-01-31,sl-obf-box,501257,Normal,297.91,297.0,350.0,799.99,
2026-01-31,sl-pe-etb,593355,Normal,139.39,129.95,157.2,1115.0,
2026-01-31,sl-pe-spc,622770,Normal,251.19,243.0,324.0,880.0,
2026-01-31,sl-pf-etb,528040,Normal,296.06,289.99,320.0,775.0,
2026-01-31,sl-phf-box,654137,Normal,282.51,275.0,299.99,1000.0,
2026-01-31,sl-shf-etb,228821,Normal,110.11,103.0,125.0,500.11,
2026-01-31,sl-ss-box,565606,Normal,250.29,259.99,330.0,4999.99,
2026-01-31,sl-st-box,283389,Normal,460.96,470.0,555.0,9999.99,
2026-01-31,sl-tf-box,536225,Normal,270.75,261.99,289.98,779.99,
2026-01-31,sv2-185,497557,Normal,0.24,0.05,0.38,501.5,0.25
2026-01-31,sv2-185,497557,Reverse Holofoil,0.57,0.24,0.75,6.99,0.74
2026-01-31,sv2-254,497669,Holofoil,13.48,11.0,14.62,52.5,13.9
2026-01-31,sv2-269,497689,Holofoil,47.74,43.0,55.0,259.99,54.49
2026-01-31,sv3pt5-151,516566,Holofoil,5.65,3.99,7.52,100.0,
2026-01-31,sv3pt5-199,517045,Holofoil,256.6,214.49,296.84,1000.0,270.24
2026-01-31,sv3pt5-205,517051,Holofoil,18.2,14.99,19.95,88.88,19.16
2026-01-31,sv3pt5-4,502555,Normal,0.12,0.01,0.16,20.0,
2026-01-31,sv3pt5-4,502555,Reverse Holofoil,0.3,0.07,0.28,3.99,0.27
2026-01-31,sv3pt5-6,502558,Holofoil,5.48,4.0,6.0,505.1,
2026-01-31,sv3pt5-7,502548,Normal,0.18,0.01,0.18,999.0,0.14
2026-01-31,sv3pt5-7,502548,Reverse Holofoil,0.24,0.01,0.25,50.0,0.23
2026-01-31,sv4pt5-234,535090,Holofoil,205.7,175.0,243.31,799.97,235.12
2026-01-31,sv4pt5-54,534416,Holofoil,4.17,2.62,4.0,4321.0,
2026-01-31,sv8-57,590025,Holofoil,3.78,2.75,4.27,50.0,5.23
2026-01-31,sv8pt5-149,610504,Holofoil,171.1,153.45,191.94,999.0,
2026-01-31,sv8pt5-155,610510,Holofoil,199.37,193.99,216.42,999.0,
2026-01-31,sv8pt5-156,610511,Holofoil,306.88,300.35,340.42,999.0,
2026-01-31,sv8pt5-161,610516,Holofoil,948.16,848.48,1050.0,5000.0,
2026-01-31,sv8pt5-167,610522,Holofoil,115.65,109.0,119.98,999.0,
2026-01-31,sv8pt5-179,610534,Holofoil,41.64,39.02,52.05,999.0,
2026-01-31,sv8pt5-28,610383,Holofoil,1.34,0.65,1.5,999.0,1.99
2026-01-31,sv8pt5-47,610402,Normal,0.06,0.01,0.1,999.0,0.03
2026-01-31,sv8pt5-47,610402,Reverse Holofoil,0.1,0.01,0.13,999.0,0.07
2026-01-31,sv8pt5-59,610414,Holofoil,0.23,0.01,0.27,999.0,0.14
2026-01-31,sv8pt5-59,610414,Reverse Holofoil,0.32,0.01,0.38,999.0,0.29
2026-01-31,sv8pt5-60,610415,Holofoil,4.49,3.56,4.99,999.0,5.0
2026-01-31,svp-085,518861,Normal,505.25,500.0,699.47,2500.0,
2026-01-31,swsh11-186,284137,Holofoil,658.24,512.3,650.0,1500.0,789.99
2026-01-31,swsh12-186,451834,Holofoil,356.4,333.98,400.0,2000.0,373.49
2026-01-31,swsh12pt5gg-GG69,478100,Holofoil,210.03,199.95,234.99,1000.0,249.69
2026-01-31,swsh35-25,223018,Normal,0.12,0.04,0.17,1.82,
2026-01-31,swsh35-25,223018,Reverse Holofoil,0.28,0.1,0.28,2.0,
2026-01-31,swsh35-74,223073,Holofoil,180.32,130.0,199.99,1500.0,224.69
2026-01-31,swsh45sv-SV107,232496,Holofoil,134.23,119.76,155.46,349.95,149.99
2026-01-31,swsh7-204,246693,Holofoil,30.74,29.49,33.44,150.0,35.99
2026-01-31,swsh7-205,246696,Holofoil,324.33,287.54,359.99,500.0,314.99
2026-01-31,swsh7-208,246755,Holofoil,28.9,27.0,31.35,61.99,30.57
2026-01-31,swsh7-209,246756,Holofoil,270.63,230.0,285.48,450.0,239.99
2026-01-31,swsh7-211,246702,Holofoil,52.07,38.12,55.0,74.95,55.29
2026-01-31,swsh7-212,246704,Holofoil,340.82,282.62,350.0,1000.0,410.09
2026-01-31,swsh7-215,246723,Holofoil,1789.97,1500.0,2029.29,4000.0,1994.99
2026-01-31,swsh7-218,246733,Holofoil,660.55,525.0,699.93,950.0,699.93
2026-01-31,swsh7-41,246753,Holofoil,4.87,3.5,5.8,24.97,8.99
2026-01-31,swsh7-65,246690,Holofoil,10.04,7.94,11.6,500.0,15.52
2026-01-31,swsh7-75,246701,Holofoil,13.06,9.99,14.05,50.0,19.99
2026-01-31,swsh7-8,246691,Holofoil,6.63,4.0,7.0,100.0,16.67
2026-01-31,swsh8-271,253266,Holofoil,735.27,649.99,875.0,1499.95,819.99
2026-01-31,swsh9-154,263873,Holofoil,244.82,225.0,309.0,1500.0,265.49
