date,asset_id,product_id,subtype,market,low,mid,high,direct_low
2026-03-01,base1-15,42355,Holofoil,133.07,89.31,140.0,999.98,
2026-03-01,base1-16,42356,Holofoil,53.23,28.0,51.0,120.0,119.99
2026-03-01,base1-2,42360,Holofoil,155.06,121.33,200.0,499.99,
2026-03-01,base1-4,42382,Holofoil,515.6,499.0,749.98,1500.0,
2026-03-01,base1-58,42402,Normal,4.74,0.5,2.99,9999.0,
2026-03-01,cel25c-4,250320,Holofoil,181.01,160.0,189.99,499.99,166.66
2026-03-01,gym2-2,83861,1st Edition Holofoil,852.01,599.99,640.0,1099.99,
2026-03-01,gym2-2,83861,Unlimited Holofoil,500.59,446.99,567.66,629.48,567.66
2026-03-01,neo1-9,86903,1st Edition Holofoil,1800.0,1299.97,1798.78,1899.99,1899.98
2026-03-01,neo1-9,86903,Unlimited Holofoil,444.81,369.99,399.0,1000.0,
2026-03-01,sl-151-bundle,502000,Normal,149.66,140.0,177.0,1000.0,
2026-03-01,sl-151-etb,503313,Normal,488.26,499.99,599.99,1507.01,
2026-03-01,sl-151-upc,502005,Normal,734.79,749.99,948.6,40000.0,
2026-03-01,sl-ar-box,265519,Normal,390.83,388.0,452.5,899.99,
2026-03-01,sl-bs-box,256141,Normal,577.71,575.91,683.0,1499.99,
2026-03-01,sl-cel-upc,245140,Normal,948.87,972.0,1199.0,154722.59,
2026-03-01,sl-champ-etb,218791,Normal,168.37,169.0,189.5,500.0,
2026-03-01,sl-cz-etb,453470,Normal,275.03,284.99,339.95,785.0,
2026-03-01,sl-dr-box,624679,Normal,519.73,490.0,599.99,2185.0,
2026-03-01,sl-evs-box,242436,Normal,2441.36,2699.0,3385.0,12000.0,
2026-03-01,sl-evs-etb,243721,Normal,763.3,970.0,999.98,2999.99,
2026-03-01,sl-fs-box,247654,Normal,1005.04,999.99,1200.0,3000.0,
2026-03-01,sl-hf-etb,194729,Normal,448.62,498.0,579.98,9999.98,
2026-03-01,sl-jp-151,565243,Normal,238.22,249.99,274.99,489.59,
2026-03-01,sl-jp-terastal,603428,Normal,122.81,113.99,130.0,200.0,
2026-03-01,sl-jt-box,610931,Normal,252.06,274.99,304.94,551.0,
2026-03-01,sl-lo-box,277324,Normal,733.59,730.0,900.0,2500.0,
2026-03-01,sl-me1-box,644298,Normal,277.46,274.0,299.97,500.0,
2026-03-01,sl-obf-box,501257,Normal,344.54,344.58,399.95,799.99,
2026-03-01,sl-pe-etb,593355,Normal,185.26,175.0,200.0,1115.0,
2026-03-01,sl-pe-spc,622770,Normal,311.9,301.98,380.0,999.0,
2026-03-01,sl-pf-etb,528040,Normal,308.6,318.0,349.99,775.0,
2026-03-01,sl-phf-box,654137,Normal,325.72,315.0,349.99,699.0,
2026-03-01,sl-shf-etb,228821,Normal,115.27,104.99,135.62,500.11,
2026-03-01,sl-ss-box,565606,Normal,262.65,250.0,300.0,4999.99,
2026-03-01,sl-st-box,283389,Normal,472.17,458.0,500.0,9999.99,
2026-03-01,sl-tf-box,536225,Normal,252.99,269.95,308.12,1500.0,
2026-03-01,sv2-185,497557,Normal,0.27,0.05,0.35,30.27,
2026-03-01,sv2-185,497557,Reverse Holofoil,1.0,0.19,0.85,10.0,4.39
2026-03-01,sv2-254,497669,Holofoil,11.93,10.0,13.93,52.5,12.48
2026-03-01,sv2-269,497689,Holofoil,49.94,48.29,55.0,259.99,50.99
2026-03-01,sv3pt5-151,516566,Holofoil,9.44,3.99,8.28,100.0,8.0
2026-03-01,sv3pt5-199,517045,Holofoil,352.44,340.0,422.93,1000.0,394.69
2026-03-01,sv3pt5-205,517051,Holofoil,21.18,15.47,23.99,88.88,19.25
2026-03-01,sv3pt5-4,502555,Normal,0.24,0.01,0.2,30.25,
2026-03-01,sv3pt5-4,502555,Reverse Holofoil,0.34,0.07,0.31,3.99,0.39
2026-03-01,sv3pt5-6,502558,Holofoil,11.51,2.98,8.99,98.96,19.97
2026-03-01,sv3pt5-7,502548,Normal,0.16,0.01,0.19,2.03,
2026-03-01,sv3pt5-7,502548,Reverse Holofoil,0.33,0.01,0.29,50.0,0.25
2026-03-01,sv4pt5-234,535090,Holofoil,221.15,197.5,265.0,799.97,204.16
2026-03-01,sv4pt5-54,534416,Holofoil,4.92,2.78,4.86,60.0,19.99
2026-03-01,sv8-57,590025,Holofoil,4.2,2.5,4.43,25.0,5.95
2026-03-01,sv8pt5-149,610504,Holofoil,171.21,159.99,192.8,999.0,
2026-03-01,sv8pt5-155,610510,Holofoil,208.49,194.99,250.0,999.0,
2026-03-01,sv8pt5-156,610511,Holofoil,306.96,290.0,330.41,999.0,294.42
2026-03-01,sv8pt5-161,610516,Holofoil,1102.7,919.99,1152.49,5000.0,
2026-03-01,sv8pt5-167,610522,Holofoil,118.66,98.99,122.0,999.0,
2026-03-01,sv8pt5-179,610534,Holofoil,48.53,46.24,59.99,999.0,
2026-03-01,sv8pt5-28,610383,Holofoil,1.56,0.9,1.54,999.0,
2026-03-01,sv8pt5-47,610402,Normal,0.06,0.01,0.1,999.0,0.03
2026-03-01,sv8pt5-47,610402,Reverse Holofoil,0.11,0.01,0.15,999.0,0.04
2026-03-01,sv8pt5-59,610414,Holofoil,0.31,0.01,0.3,999.0,
2026-03-01,sv8pt5-59,610414,Reverse Holofoil,0.36,0.08,0.38,999.0,
2026-03-01,sv8pt5-60,610415,Holofoil,4.83,3.0,5.0,999.0,
2026-03-01,svp-085,518861,Normal,594.12,629.0,799.95,2500.0,
2026-03-01,swsh11-186,284137,Holofoil,695.15,481.42,681.32,1500.0,783.89
2026-03-01,swsh12-186,451834,Holofoil,346.82,330.0,403.94,2000.0,334.54
2026-03-01,swsh12pt5gg-GG69,478100,Holofoil,216.51,209.25,234.9,1000.0,250.0
2026-03-01,swsh35-25,223018,Normal,0.16,0.04,0.17,1.82,
2026-03-01,swsh35-25,223018,Reverse Holofoil,0.27,0.1,0.28,2.0,
2026-03-01,swsh35-74,223073,Holofoil,180.8,125.0,220.0,2300.0,219.69
2026-03-01,swsh45sv-SV107,232496,Holofoil,135.11,104.0,159.99,500.0,159.99
2026-03-01,swsh7-204,246693,Holofoil,30.48,22.0,32.39,150.0,38.99
2026-03-01,swsh7-205,246696,Holofoil,323.85,289.0,351.67,600.0,299.11
2026-03-01,swsh7-208,246755,Holofoil,29.6,24.0,32.03,48.95,36.25
2026-03-01,swsh7-209,246756,Holofoil,256.3,226.26,279.52,450.0,265.9
2026-03-01,swsh7-211,246702,Holofoil,50.89,39.92,50.99,74.95,
2026-03-01,swsh7-212,246704,Holofoil,334.33,290.0,350.0,1000.0,317.37
2026-03-01,swsh7-215,246723,Holofoil,1679.22,1649.99,1999.87,4000.0,1994.68
2026-03-01,swsh7-218,246733,Holofoil,670.72,579.99,785.73,950.0,749.99
2026-03-01,swsh7-41,246753,Holofoil,5.71,4.38,6.28,24.97,5.45
2026-03-01,swsh7-65,246690,Holofoil,11.56,9.0,13.95,500.0,16.1
2026-03-01,swsh7-75,246701,Holofoil,16.29,10.49,15.62,50.0,20.3
2026-03-01,swsh7-8,246691,Holofoil,6.75,5.0,7.93,100.0,16.65
2026-03-01,swsh8-271,253266,Holofoil,735.27,618.29,947.84,1499.95,618.29
2026-03-01,swsh9-154,263873,Holofoil,235.42,224.98,289.99,1500.0,265.5
2026-03-02,base1-15,42355,Holofoil,134.71,89.31,139.38,999.98,
2026-03-02,base1-16,42356,Holofoil,53.23,28.0,51.0,120.0,119.99
2026-03-02,base1-2,42360,Holofoil,155.06,122.96,200.0,499.99,
2026-03-02,base1-4,42382,Holofoil,522.7,507.42,800.0,1500.0,
2026-03-02,base1-58,42402,Normal,4.99,0.5,2.99,9999.0,
2026-03-02,cel25c-4,250320,Holofoil,180.27,148.97,189.29,499.99,166.66
2026-03-02,gym2-2,83861,1st Edition Holofoil,852.01,599.99,640.0,1099.99,
2026-03-02,gym2-2,83861,Unlimited Holofoil,500.59,446.99,543.83,629.48,567.66
2026-03-02,neo1-9,86903,1st Edition Holofoil,1094.48,1299.97,1798.78,1899.99,1899.98
2026-03-02,neo1-9,86903,Unlimited Holofoil,444.81,369.99,399.0,1000.0,
2026-03-02,sl-151-bundle,502000,Normal,150.52,145.0,175.0,1000.0,
2026-03-02,sl-151-etb,503313,Normal,496.46,550.0,600.0,1507.01,
2026-03-02,sl-151-upc,502005,Normal,754.72,788.88,985.0,40000.0,
2026-03-02,sl-ar-box,265519,Normal,390.83,388.0,450.0,899.99,
2026-03-02,sl-bs-box,256141,Normal,578.71,579.99,683.0,5000.0,
2026-03-02,sl-cel-upc,245140,Normal,951.83,962.0,1199.99,154722.59,
2026-03-02,sl-champ-etb,218791,Normal,169.17,169.0,200.0,500.0,
2026-03-02,sl-cz-etb,453470,Normal,285.94,284.99,350.0,785.0,
2026-03-02,sl-dr-box,624679,Normal,509.55,504.0,599.99,2185.0,
2026-03-02,sl-evs-box,242436,Normal,2453.92,2699.0,3389.99,12000.0,
2026-03-02,sl-evs-etb,243721,Normal,770.1,979.99,999.99,2999.99,
2026-03-02,sl-fs-box,247654,Normal,1005.04,999.99,1199.99,3000.0,
2026-03-02,sl-hf-etb,194729,Normal,448.62,498.0,599.95,9999.98,
2026-03-02,sl-jp-151,565243,Normal,241.68,249.99,297.0,489.59,
2026-03-02,sl-jp-terastal,603428,Normal,122.81,115.0,130.0,200.0,
2026-03-02,sl-jt-box,610931,Normal,253.76,274.99,304.94,551.0,
2026-03-02,sl-lo-box,277324,Normal,733.59,725.0,942.0,2500.0,
2026-03-02,sl-me1-box,644298,Normal,277.5,274.0,299.95,500.0,
2026-03-02,sl-obf-box,501257,Normal,344.54,344.58,399.43,799.99,
2026-03-02,sl-pe-etb,593355,Normal,193.11,189.99,214.87,1115.0,
2026-03-02,sl-pe-spc,622770,Normal,315.76,301.98,389.36,544.99,
2026-03-02,sl-pf-etb,528040,Normal,313.08,320.0,400.0,775.0,
2026-03-02,sl-phf-box,654137,Normal,318.87,315.0,348.99,699.0,
2026-03-02,sl-shf-etb,228821,Normal,114.46,107.78,139.99,500.11,
2026-03-02,sl-ss-box,565606,Normal,266.64,255.96,300.0,4999.99,
2026-03-02,sl-st-box,283389,Normal,471.81,458.0,500.0,9999.99,
2026-03-02,sl-tf-box,536225,Normal,253.79,269.95,308.62,1500.0,
2026-03-02,sv2-185,497557,Normal,0.22,0.05,0.34,10.3,
2026-03-02,sv2-185,497557,Reverse Holofoil,1.24,0.19,0.99,10.0,
2026-03-02,sv2-254,497669,Holofoil,11.86,10.0,13.97,52.5,12.48
2026-03-02,sv2-269,497689,Holofoil,50.65,48.29,56.18,259.99,64.0
2026-03-02,sv3pt5-151,516566,Holofoil,7.63,5.0,8.39,100.0,11.15
2026-03-02,sv3pt5-199,517045,Holofoil,358.2,330.0,461.85,1000.0,395.69
2026-03-02,sv3pt5-205,517051,Holofoil,21.96,15.47,24.62,88.88,29.95
2026-03-02,sv3pt5-4,502555,Normal,0.2,0.01,0.2,20.0,
2026-03-02,sv3pt5-4,502555,Reverse Holofoil,0.3,0.1,0.31,3.99,
2026-03-02,sv3pt5-6,502558,Holofoil,9.76,2.98,9.64,98.96,49.99
2026-03-02,sv3pt5-7,502548,Normal,0.19,0.01,0.2,2.03,
2026-03-02,sv3pt5-7,502548,Reverse Holofoil,0.27,0.01,0.29,50.0,0.25
2026-03-02,sv4pt5-234,535090,Holofoil,221.46,198.0,268.05,799.97,204.16
2026-03-02,sv4pt5-54,534416,Holofoil,4.09,2.78,4.93,60.0,19.99
2026-03-02,sv8-57,590025,Holofoil,4.45,2.75,4.5,25.0,4.94
2026-03-02,sv8pt5-149,610504,Holofoil,171.21,159.99,192.32,999.0,
2026-03-02,sv8pt5-155,610510,Holofoil,208.49,194.99,249.99,999.0,
2026-03-02,sv8pt5-156,610511,Holofoil,306.51,290.5,329.93,999.0,
2026-03-02,sv8pt5-161,610516,Holofoil,1104.89,919.99,1249.99,5000.0,
2026-03-02,sv8pt5-167,610522,Holofoil,119.03,98.99,123.49,999.0,
2026-03-02,sv8pt5-179,610534,Holofoil,48.68,44.99,59.97,999.0,
2026-03-02,sv8pt5-28,610383,Holofoil,1.44,0.97,1.55,999.0,
2026-03-02,sv8pt5-47,610402,Normal,0.07,0.01,0.1,999.0,0.03
2026-03-02,sv8pt5-47,610402,Reverse Holofoil,0.14,0.01,0.15,999.0,0.1
2026-03-02,sv8pt5-59,610414,Holofoil,0.27,0.01,0.3,999.0,
2026-03-02,sv8pt5-59,610414,Reverse Holofoil,0.42,0.08,0.39,999.0,
2026-03-02,sv8pt5-60,610415,Holofoil,4.51,3.5,4.99,999.0,
2026-03-02,svp-085,518861,Normal,670.85,629.0,890.0,2500.0,
2026-03-02,swsh11-186,284137,Holofoil,695.15,481.42,680.35,1500.0,783.89
2026-03-02,swsh12-186,451834,Holofoil,348.34,339.99,410.74,2000.0,334.54
2026-03-02,swsh12pt5gg-GG69,478100,Holofoil,216.31,210.0,234.99,1000.0,250.0
2026-03-02,swsh35-25,223018,Normal,0.17,0.04,0.17,1.82,
2026-03-02,swsh35-25,223018,Reverse Holofoil,0.27,0.1,0.28,2.0,
2026-03-02,swsh35-74,223073,Holofoil,180.8,153.99,219.99,2300.0,219.69
2026-03-02,swsh45sv-SV107,232496,Holofoil,136.31,104.0,159.99,500.0,134.99
2026-03-02,swsh7-204,246693,Holofoil,30.66,22.0,32.0,150.0,38.99
2026-03-02,swsh7-205,246696,Holofoil,323.85,289.0,351.67,600.0,299.11
2026-03-02,swsh7-208,246755,Holofoil,29.41,24.0,32.08,48.95,29.41
2026-03-02,swsh7-209,246756,Holofoil,252.37,226.25,279.52,450.0,265.9
2026-03-02,swsh7-211,246702,Holofoil,51.07,39.92,52.03,74.95,61.99
2026-03-02,swsh7-212,246704,Holofoil,332.01,290.0,352.64,1000.0,317.37
2026-03-02,swsh7-215,246723,Holofoil,1679.22,1649.99,1998.94,4000.0,1994.68
2026-03-02,swsh7-218,246733,Holofoil,670.72,579.99,760.74,950.0,748.99
2026-03-02,swsh7-41,246753,Holofoil,5.65,4.38,6.27,24.97,5.45
2026-03-02,swsh7-65,246690,Holofoil,11.72,9.75,13.99,500.0,16.38
2026-03-02,swsh7-75,246701,Holofoil,16.3,10.49,15.91,50.0,29.98
2026-03-02,swsh7-8,246691,Holofoil,6.75,5.0,7.97,100.0,10.79
2026-03-02,swsh8-271,253266,Holofoil,735.27,618.29,947.0,1499.95,618.29
2026-03-02,swsh9-154,263873,Holofoil,235.42,224.98,291.24,1500.0,265.5
2026-03-03,base1-15,42355,Holofoil,135.51,88.58,138.76,999.98,
2026-03-03,base1-16,42356,Holofoil,53.23,27.68,51.0,120.0,119.99
2026-03-03,base1-2,42360,Holofoil,155.06,122.96,177.0,499.99,
2026-03-03,base1-4,42382,Holofoil,522.7,599.98,800.0,1500.0,
2026-03-03,base1-58,42402,Normal,5.32,0.5,2.99,9999.0,
2026-03-03,cel25c-4,250320,Holofoil,179.66,148.97,200.0,499.99,180.41
2026-03-03,gym2-2,83861,1st Edition Holofoil,852.01,599.99,640.0,1099.99,
2026-03-03,gym2-2,83861,Unlimited Holofoil,499.52,446.99,543.59,629.48,567.17
2026-03-03,neo1-9,86903,1st Edition Holofoil,1094.48,1798.75,1899.98,2700.0,1899.98
2026-03-03,neo1-9,86903,Unlimited Holofoil,444.81,375.0,399.0,1000.0,
2026-03-03,sl-151-bundle,502000,Normal,153.95,145.0,169.98,1000.0,
2026-03-03,sl-151-etb,503313,Normal,511.74,550.0,600.0,1507.01,
2026-03-03,sl-151-upc,502005,Normal,763.91,788.88,999.99,40000.0,
2026-03-03,sl-ar-box,265519,Normal,390.23,375.0,450.0,899.99,
2026-03-03,sl-bs-box,256141,Normal,581.51,579.99,675.0,5000.0,
2026-03-03,sl-cel-upc,245140,Normal,954.39,962.0,1200.0,154722.59,
2026-03-03,sl-champ-etb,218791,Normal,169.17,169.0,200.0,500.0,
2026-03-03,sl-cz-etb,453470,Normal,287.11,284.99,350.0,785.0,
2026-03-03,sl-dr-box,624679,Normal,510.94,504.0,599.99,2185.0,
2026-03-03,sl-evs-box,242436,Normal,2453.92,2690.0,3389.99,12000.0,
2026-03-03,sl-evs-etb,243721,Normal,770.1,979.99,999.99,2999.99,
2026-03-03,sl-fs-box,247654,Normal,1005.64,1000.0,1200.0,3000.0,
2026-03-03,sl-hf-etb,194729,Normal,452.58,498.0,599.95,9999.98,
2026-03-03,sl-jp-151,565243,Normal,243.28,249.99,293.48,489.59,
2026-03-03,sl-jp-terastal,603428,Normal,122.21,115.0,130.0,200.0,
2026-03-03,sl-jt-box,610931,Normal,255.36,272.98,284.94,551.0,
2026-03-03,sl-lo-box,277324,Normal,733.59,725.0,917.0,2500.0,
2026-03-03,sl-me1-box,644298,Normal,277.82,274.99,299.94,500.0,
2026-03-03,sl-obf-box,501257,Normal,345.22,344.58,399.43,799.99,
2026-03-03,sl-pe-etb,593355,Normal,190.01,174.99,204.5,1115.0,
2026-03-03,sl-pe-spc,622770,Normal,317.28,301.98,385.0,544.99,
2026-03-03,sl-pf-etb,528040,Normal,315.13,324.99,400.0,775.0,
2026-03-03,sl-phf-box,654137,Normal,318.2,315.0,348.98,699.0,
2026-03-03,sl-shf-etb,228821,Normal,114.66,107.78,140.28,500.11,
2026-03-03,sl-ss-box,565606,Normal,263.28,250.0,300.0,4999.99,
2026-03-03,sl-st-box,283389,Normal,471.45,458.0,500.0,9999.99,
2026-03-03,sl-tf-box,536225,Normal,254.59,269.95,312.0,1500.0,
2026-03-03,sv2-185,497557,Normal,0.21,0.05,0.33,10.3,
2026-03-03,sv2-185,497557,Reverse Holofoil,1.81,0.19,1.0,10.0,4.99
2026-03-03,sv2-254,497669,Holofoil,11.66,10.0,13.71,52.5,18.08
2026-03-03,sv2-269,497689,Holofoil,51.1,48.29,55.48,259.99,50.59
2026-03-03,sv3pt5-151,516566,Holofoil,8.03,5.0,8.5,100.0,18.99
2026-03-03,sv3pt5-199,517045,Holofoil,370.96,330.0,447.5,1000.0,395.69
2026-03-03,sv3pt5-205,517051,Holofoil,22.29,15.47,25.0,88.88,20.05
2026-03-03,sv3pt5-4,502555,Normal,0.17,0.01,0.19,20.0,0.16
2026-03-03,sv3pt5-4,502555,Reverse Holofoil,0.27,0.1,0.3,3.99,
2026-03-03,sv3pt5-6,502558,Holofoil,8.12,4.68,9.0,98.96,98.96
2026-03-03,sv3pt5-7,502548,Normal,0.2,0.01,0.2,2.03,
2026-03-03,sv3pt5-7,502548,Reverse Holofoil,0.25,0.01,0.26,50.0,0.25
2026-03-03,sv4pt5-234,535090,Holofoil,223.25,202.16,274.69,799.97,204.16
2026-03-03,sv4pt5-54,534416,Holofoil,4.47,2.99,4.8,60.0,18.0
2026-03-03,sv8-57,590025,Holofoil,4.25,2.75,4.43,25.0,4.86
2026-03-03,sv8pt5-149,610504,Holofoil,170.91,159.99,192.32,999.0,
2026-03-03,sv8pt5-155,610510,Holofoil,214.5,192.59,252.96,999.0,
2026-03-03,sv8pt5-156,610511,Holofoil,306.51,290.0,329.5,999.0,
2026-03-03,sv8pt5-161,610516,Holofoil,1104.89,934.71,1225.85,5000.0,
2026-03-03,sv8pt5-167,610522,Holofoil,118.99,107.69,123.49,999.0,
2026-03-03,sv8pt5-179,610534,Holofoil,48.81,43.93,56.69,999.0,
2026-03-03,sv8pt5-28,610383,Holofoil,1.39,0.31,1.52,999.0,1.71
2026-03-03,sv8pt5-47,610402,Normal,0.06,0.01,0.1,999.0,0.02
2026-03-03,sv8pt5-47,610402,Reverse Holofoil,0.14,0.01,0.15,999.0,0.1
2026-03-03,sv8pt5-59,610414,Holofoil,0.26,0.01,0.28,999.0,
2026-03-03,sv8pt5-59,610414,Reverse Holofoil,0.35,0.08,0.4,999.0,
2026-03-03,sv8pt5-60,610415,Holofoil,4.66,3.45,5.0,999.0,4.87
2026-03-03,svp-085,518861,Normal,670.85,629.0,999.99,2500.0,
2026-03-03,swsh11-186,284137,Holofoil,697.18,529.56,697.49,1500.0,783.89
2026-03-03,swsh12-186,451834,Holofoil,355.27,330.0,410.74,2000.0,334.54
2026-03-03,swsh12pt5gg-GG69,478100,Holofoil,216.95,175.67,234.99,1000.0,250.0
2026-03-03,swsh35-25,223018,Normal,0.17,0.04,0.17,1.82,
2026-03-03,swsh35-25,223018,Reverse Holofoil,0.27,0.1,0.28,2.0,
2026-03-03,swsh35-74,223073,Holofoil,178.44,160.0,220.0,2300.0,219.69
2026-03-03,swsh45sv-SV107,232496,Holofoil,136.31,100.0,158.99,500.0,158.99
2026-03-03,swsh7-204,246693,Holofoil,30.38,22.0,32.0,150.0,38.99
2026-03-03,swsh7-205,246696,Holofoil,323.68,289.0,353.34,600.0,299.11
2026-03-03,swsh7-208,246755,Holofoil,29.43,24.0,32.08,48.95,36.25
2026-03-03,swsh7-209,246756,Holofoil,252.37,226.25,279.52,450.0,265.9
2026-03-03,swsh7-211,246702,Holofoil,50.46,39.94,53.56,74.95,61.99
2026-03-03,swsh7-212,246704,Holofoil,332.01,290.0,347.69,1000.0,317.37
2026-03-03,swsh7-215,246723,Holofoil,1649.0,1500.0,1999.88,4000.0,1994.68
2026-03-03,swsh7-218,246733,Holofoil,670.72,579.99,771.49,950.0,748.99
2026-03-03,swsh7-41,246753,Holofoil,5.58,3.5,6.27,24.97,5.45
2026-03-03,swsh7-65,246690,Holofoil,11.54,7.26,13.99,500.0,18.98
2026-03-03,swsh7-75,246701,Holofoil,16.44,10.49,16.23,50.0,29.98
2026-03-03,swsh7-8,246691,Holofoil,6.75,5.0,7.95,100.0,10.79
2026-03-03,swsh8-271,253266,Holofoil,739.51,618.29,948.66,1499.95,618.29
2026-03-03,swsh9-154,263873,Holofoil,241.22,224.98,327.96,1500.0,265.5
2026-03-04,base1-15,42355,Holofoil,135.51,94.99,140.11,999.98,
2026-03-04,base1-16,42356,Holofoil,53.23,28.0,51.0,120.0,64.99
2026-03-04,base1-2,42360,Holofoil,155.06,147.5,190.0,499.99,
2026-03-04,base1-4,42382,Holofoil,522.7,599.98,800.0,1500.0,
2026-03-04,base1-58,42402,Normal,5.97,0.5,2.97,9999.0,
2026-03-04,cel25c-4,250320,Holofoil,179.66,148.97,200.0,499.99,180.4
2026-03-04,gym2-2,83861,1st Edition Holofoil,852.01,599.99,640.0,1099.99,
2026-03-04,gym2-2,83861,Unlimited Holofoil,499.52,446.99,543.59,629.48,567.17
2026-03-04,neo1-9,86903,1st Edition Holofoil,1094.48,1798.75,1899.98,2700.0,1899.98
2026-03-04,neo1-9,86903,Unlimited Holofoil,444.81,375.0,397.0,1000.0,
2026-03-04,sl-151-bundle,502000,Normal,155.83,145.0,175.0,1000.0,
2026-03-04,sl-151-etb,503313,Normal,528.46,564.99,614.97,1507.01,
2026-03-04,sl-151-upc,502005,Normal,780.54,788.88,992.5,40000.0,
2026-03-04,sl-ar-box,265519,Normal,390.23,388.0,450.0,899.99,
2026-03-04,sl-bs-box,256141,Normal,582.31,579.99,675.0,5000.0,
2026-03-04,sl-cel-upc,245140,Normal,954.39,971.0,1200.0,154722.59,
2026-03-04,sl-champ-etb,218791,Normal,170.83,172.98,200.0,500.0,
2026-03-04,sl-cz-etb,453470,Normal,296.18,284.99,350.0,785.0,
2026-03-04,sl-dr-box,624679,Normal,510.92,510.0,599.99,2185.0,
2026-03-04,sl-evs-box,242436,Normal,2453.92,2650.0,3200.0,12000.0,
2026-03-04,sl-evs-etb,243721,Normal,770.1,979.99,999.99,2999.99,
2026-03-04,sl-fs-box,247654,Normal,993.68,950.0,1199.95,3000.0,
2026-03-04,sl-hf-etb,194729,Normal,452.58,498.0,579.98,9999.98,
2026-03-04,sl-jp-151,565243,Normal,245.67,250.0,298.0,489.59,
2026-03-04,sl-jp-terastal,603428,Normal,120.54,115.0,130.0,200.0,
2026-03-04,sl-jt-box,610931,Normal,255.36,272.98,289.88,551.0,
2026-03-04,sl-lo-box,277324,Normal,733.67,720.0,892.99,2500.0,
2026-03-04,sl-me1-box,644298,Normal,277.92,274.99,298.9,500.0,
2026-03-04,sl-obf-box,501257,Normal,346.62,344.58,398.9,799.99,
2026-03-04,sl-pe-etb,593355,Normal,188.87,183.79,213.56,1115.0,
2026-03-04,sl-pe-spc,622770,Normal,319.92,335.99,394.92,544.99,
2026-03-04,sl-pf-etb,528040,Normal,318.37,324.99,400.0,775.0,
2026-03-04,sl-phf-box,654137,Normal,317.09,315.0,349.95,699.0,
2026-03-04,sl-shf-etb,228821,Normal,113.94,107.78,139.99,500.11,
2026-03-04,sl-ss-box,565606,Normal,263.34,250.0,300.0,4999.99,
2026-03-04,sl-st-box,283389,Normal,471.45,458.0,500.0,9999.99,
2026-03-04,sl-tf-box,536225,Normal,255.79,254.57,312.0,1500.0,
2026-03-04,sv2-185,497557,Normal,0.21,0.05,0.33,10.3,0.21
2026-03-04,sv2-185,497557,Reverse Holofoil,1.73,0.19,1.0,10.0,
2026-03-04,sv2-254,497669,Holofoil,12.3,10.0,13.74,52.5,18.7
2026-03-04,sv2-269,497689,Holofoil,50.89,48.29,54.99,259.99,50.32
2026-03-04,sv3pt5-151,516566,Holofoil,7.74,5.0,8.42,100.0,8.71
2026-03-04,sv3pt5-199,517045,Holofoil,398.85,380.0,500.0,1000.0,524.3
2026-03-04,sv3pt5-205,517051,Holofoil,22.51,15.47,25.0,88.88,29.95
2026-03-04,sv3pt5-4,502555,Normal,0.17,0.01,0.18,20.0,0.16
2026-03-04,sv3pt5-4,502555,Reverse Holofoil,0.29,0.1,0.3,3.99,0.4
2026-03-04,sv3pt5-6,502558,Holofoil,8.26,4.68,8.97,98.96,11.4
2026-03-04,sv3pt5-7,502548,Normal,0.21,0.01,0.2,2.03,0.05
2026-03-04,sv3pt5-7,502548,Reverse Holofoil,0.26,0.01,0.27,50.0,0.25
2026-03-04,sv4pt5-234,535090,Holofoil,223.49,202.85,276.5,799.97,204.16
2026-03-04,sv4pt5-54,534416,Holofoil,4.64,2.99,4.86,60.0,3.85
2026-03-04,sv8-57,590025,Holofoil,4.08,2.75,4.45,25.0,4.9
2026-03-04,sv8pt5-149,610504,Holofoil,171.32,159.99,192.8,999.0,
2026-03-04,sv8pt5-155,610510,Holofoil,216.22,192.59,214.72,999.0,
2026-03-04,sv8pt5-156,610511,Holofoil,305.28,290.0,332.41,999.0,
2026-03-04,sv8pt5-161,610516,Holofoil,1102.17,879.72,1249.99,5000.0,
2026-03-04,sv8pt5-167,610522,Holofoil,118.99,105.89,123.49,999.0,121.99
2026-03-04,sv8pt5-179,610534,Holofoil,48.21,44.12,59.4,999.0,
2026-03-04,sv8pt5-28,610383,Holofoil,1.58,0.8,1.55,999.0,
2026-03-04,sv8pt5-47,610402,Normal,0.04,0.01,0.1,999.0,0.01
2026-03-04,sv8pt5-47,610402,Reverse Holofoil,0.13,0.01,0.15,999.0,0.08
2026-03-04,sv8pt5-59,610414,Holofoil,0.25,0.01,0.28,999.0,0.2
2026-03-04,sv8pt5-59,610414,Reverse Holofoil,0.37,0.08,0.38,999.0,
2026-03-04,sv8pt5-60,610415,Holofoil,4.88,3.43,5.0,999.0,6.95
2026-03-04,svp-085,518861,Normal,668.44,629.0,999.99,2500.0,
2026-03-04,swsh11-186,284137,Holofoil,697.18,538.46,699.97,1500.0,783.89
2026-03-04,swsh12-186,451834,Holofoil,356.23,330.0,464.0,2000.0,334.54
2026-03-04,swsh12pt5gg-GG69,478100,Holofoil,216.95,205.61,234.9,1000.0,205.61
2026-03-04,swsh35-25,223018,Normal,0.17,0.04,0.18,1.82,
2026-03-04,swsh35-25,223018,Reverse Holofoil,0.27,0.1,0.28,2.0,
2026-03-04,swsh35-74,223073,Holofoil,178.44,160.0,222.34,2300.0,219.69
2026-03-04,swsh45sv-SV107,232496,Holofoil,134.59,104.0,156.0,500.0,134.91
2026-03-04,swsh7-204,246693,Holofoil,30.8,22.0,31.99,150.0,25.0
2026-03-04,swsh7-205,246696,Holofoil,321.97,289.0,353.34,600.0,299.11
2026-03-04,swsh7-208,246755,Holofoil,29.65,24.0,34.52,48.95,36.25
2026-03-04,swsh7-209,246756,Holofoil,252.37,230.0,279.72,450.0,265.9
2026-03-04,swsh7-211,246702,Holofoil,50.46,40.08,55.5,74.95,61.99
2026-03-04,swsh7-212,246704,Holofoil,332.01,290.0,352.64,1000.0,317.37
2026-03-04,swsh7-215,246723,Holofoil,1741.2,1649.99,1999.88,4000.0,1994.65
2026-03-04,swsh7-218,246733,Holofoil,670.72,549.0,785.73,950.0,748.99
2026-03-04,swsh7-41,246753,Holofoil,5.72,3.5,6.37,24.97,5.0
2026-03-04,swsh7-65,246690,Holofoil,11.72,7.26,13.99,500.0,18.98
2026-03-04,swsh7-75,246701,Holofoil,16.56,10.0,16.13,50.0,13.49
2026-03-04,swsh7-8,246691,Holofoil,6.92,5.01,7.99,100.0,6.5
2026-03-04,swsh8-271,253266,Holofoil,739.51,618.29,948.66,1499.95,618.29
2026-03-04,swsh9-154,263873,Holofoil,240.42,224.98,327.49,1500.0,265.5
2026-03-05,base1-15,42355,Holofoil,140.12,99.95,141.45,999.98,
2026-03-05,base1-16,42356,Holofoil,53.23,28.0,51.0,120.0,17.96
2026-03-05,base1-2,42360,Holofoil,164.69,159.95,218.71,499.99,
2026-03-05,base1-4,42382,Holofoil,522.7,599.99,800.0,1500.0,
2026-03-05,base1-58,42402,Normal,5.63,0.5,2.97,9999.0,
2026-03-05,cel25c-4,250320,Holofoil,175.31,148.97,209.49,499.99,180.4
2026-03-05,gym2-2,83861,1st Edition Holofoil,852.01,599.99,640.0,1099.99,
2026-03-05,gym2-2,83861,Unlimited Holofoil,499.52,446.99,531.79,582.5,567.17
2026-03-05,neo1-9,86903,1st Edition Holofoil,1094.48,1798.75,1899.98,2700.0,1899.98
2026-03-05,neo1-9,86903,Unlimited Holofoil,444.81,375.0,397.0,1000.0,
2026-03-05,sl-151-bundle,502000,Normal,153.57,145.0,175.0,1000.0,
2026-03-05,sl-151-etb,503313,Normal,554.43,585.0,622.49,1507.01,
2026-03-05,sl-151-upc,502005,Normal,795.14,849.99,1000.0,40000.0,
2026-03-05,sl-ar-box,265519,Normal,391.03,388.0,452.5,899.99,
2026-03-05,sl-bs-box,256141,Normal,583.31,579.99,675.0,5000.0,
2026-03-05,sl-cel-upc,245140,Normal,953.03,971.0,1200.0,154722.59,
2026-03-05,sl-champ-etb,218791,Normal,171.26,169.97,200.0,500.0,
2026-03-05,sl-cz-etb,453470,Normal,299.78,284.99,350.0,785.0,
2026-03-05,sl-dr-box,624679,Normal,510.7,510.0,599.99,2185.0,
2026-03-05,sl-evs-box,242436,Normal,2473.71,2600.0,3169.99,12000.0,
2026-03-05,sl-evs-etb,243721,Normal,770.1,979.99,999.99,2999.99,
2026-03-05,sl-fs-box,247654,Normal,993.72,1000.0,1199.97,3000.0,
2026-03-05,sl-hf-etb,194729,Normal,452.58,498.0,555.0,9999.98,
2026-03-05,sl-jp-151,565243,Normal,246.7,250.0,293.48,489.59,
2026-03-05,sl-jp-terastal,603428,Normal,120.63,115.0,130.0,200.0,
2026-03-05,sl-jt-box,610931,Normal,255.36,272.98,278.99,551.0,
2026-03-05,sl-lo-box,277324,Normal,732.51,719.0,892.99,2500.0,
2026-03-05,sl-me1-box,644298,Normal,278.28,274.99,298.45,500.0,
2026-03-05,sl-obf-box,501257,Normal,347.41,335.0,379.98,799.99,
2026-03-05,sl-pe-etb,593355,Normal,189.97,183.79,209.0,1115.0,
2026-03-05,sl-pe-spc,622770,Normal,324.28,330.88,403.67,544.99,
2026-03-05,sl-pf-etb,528040,Normal,319.93,324.99,406.79,775.0,
2026-03-05,sl-phf-box,654137,Normal,323.16,315.99,348.98,699.0,
2026-03-05,sl-shf-etb,228821,Normal,115.06,107.78,144.97,500.11,
2026-03-05,sl-ss-box,565606,Normal,257.3,242.01,300.0,4999.99,
2026-03-05,sl-st-box,283389,Normal,471.49,458.0,500.0,9999.99,
2026-03-05,sl-tf-box,536225,Normal,257.79,254.57,312.0,1500.0,
2026-03-05,sv2-185,497557,Normal,0.21,0.05,0.33,15.0,
2026-03-05,sv2-185,497557,Reverse Holofoil,1.55,0.19,1.02,10.0,
2026-03-05,sv2-254,497669,Holofoil,12.34,10.0,13.99,52.5,18.7
2026-03-05,sv2-269,497689,Holofoil,51.0,48.26,55.0,259.99,58.74
2026-03-05,sv3pt5-151,516566,Holofoil,7.19,5.0,8.21,100.0,6.98
2026-03-05,sv3pt5-199,517045,Holofoil,443.21,420.0,524.3,1000.0,524.3
2026-03-05,sv3pt5-205,517051,Holofoil,22.24,15.47,26.76,88.88,25.24
2026-03-05,sv3pt5-4,502555,Normal,0.18,0.01,0.19,20.0,0.16
2026-03-05,sv3pt5-4,502555,Reverse Holofoil,0.29,0.09,0.3,3.99,
2026-03-05,sv3pt5-6,502558,Holofoil,8.15,4.68,9.48,98.96,11.98
2026-03-05,sv3pt5-7,502548,Normal,0.21,0.01,0.2,2.19,0.09
2026-03-05,sv3pt5-7,502548,Reverse Holofoil,0.26,0.01,0.27,50.0,0.25
2026-03-05,sv4pt5-234,535090,Holofoil,224.86,202.85,278.28,799.97,204.16
2026-03-05,sv4pt5-54,534416,Holofoil,4.64,2.99,4.84,60.0,5.24
2026-03-05,sv8-57,590025,Holofoil,4.36,2.75,4.44,25.0,3.94
2026-03-05,sv8pt5-149,610504,Holofoil,172.1,159.99,194.74,999.0,
2026-03-05,sv8pt5-155,610510,Holofoil,219.44,192.59,207.48,999.0,
2026-03-05,sv8pt5-156,610511,Holofoil,303.54,290.0,328.23,999.0,
2026-03-05,sv8pt5-161,610516,Holofoil,1102.98,934.71,1250.68,5000.0,
2026-03-05,sv8pt5-167,610522,Holofoil,121.11,105.89,123.49,999.0,
2026-03-05,sv8pt5-179,610534,Holofoil,48.33,43.33,57.85,999.0,
2026-03-05,sv8pt5-28,610383,Holofoil,1.71,0.75,1.55,999.0,
2026-03-05,sv8pt5-47,610402,Normal,0.05,0.01,0.1,999.0,0.01
2026-03-05,sv8pt5-47,610402,Reverse Holofoil,0.12,0.01,0.15,999.0,0.02
2026-03-05,sv8pt5-59,610414,Holofoil,0.32,0.01,0.29,999.0,0.05
2026-03-05,sv8pt5-59,610414,Reverse Holofoil,0.3,0.08,0.37,999.0,
2026-03-05,sv8pt5-60,610415,Holofoil,4.73,3.0,5.0,999.0,5.23
2026-03-05,svp-085,518861,Normal,668.44,629.0,999.99,2500.0,
2026-03-05,swsh11-186,284137,Holofoil,696.59,538.46,699.97,1500.0,783.89
2026-03-05,swsh12-186,451834,Holofoil,356.15,330.0,464.0,2000.0,373.49
2026-03-05,swsh12pt5gg-GG69,478100,Holofoil,219.84,175.67,234.45,1000.0,250.0
2026-03-05,swsh35-25,223018,Normal,0.17,0.04,0.19,1.82,
2026-03-05,swsh35-25,223018,Reverse Holofoil,0.27,0.1,0.28,2.0,
2026-03-05,swsh35-74,223073,Holofoil,177.77,160.0,224.68,2300.0,219.69
2026-03-05,swsh45sv-SV107,232496,Holofoil,134.46,104.0,158.99,500.0,149.94
2026-03-05,swsh7-204,246693,Holofoil,30.8,22.0,32.0,150.0,25.0
2026-03-05,swsh7-205,246696,Holofoil,320.9,289.0,359.99,600.0,299.11
2026-03-05,swsh7-208,246755,Holofoil,30.02,24.0,33.15,48.95,39.96
2026-03-05,swsh7-209,246756,Holofoil,248.41,230.0,285.69,450.0,269.99
2026-03-05,swsh7-211,246702,Holofoil,50.46,39.99,55.0,76.85,61.99
2026-03-05,swsh7-212,246704,Holofoil,328.78,290.0,356.31,1000.0,317.37
2026-03-05,swsh7-215,246723,Holofoil,1743.0,1649.99,1999.92,4000.0,1994.65
2026-03-05,swsh7-218,246733,Holofoil,674.76,549.0,785.73,950.0,748.99
2026-03-05,swsh7-41,246753,Holofoil,5.69,3.69,6.27,15000.0,5.45
2026-03-05,swsh7-65,246690,Holofoil,11.69,9.0,14.3,15000.0,18.98
2026-03-05,swsh7-75,246701,Holofoil,16.85,10.0,16.48,50.0,13.49
2026-03-05,swsh7-8,246691,Holofoil,6.94,5.01,7.98,100.0,6.5
2026-03-05,swsh8-271,253266,Holofoil,739.51,618.29,947.83,1499.95,618.29
2026-03-05,swsh9-154,263873,Holofoil,244.43,224.98,330.0,1500.0,265.5
2026-03-06,base1-15,42355,Holofoil,141.67,99.95,141.45,999.98,
2026-03-06,base1-16,42356,Holofoil,51.19,28.0,50.99,120.0,45.0
2026-03-06,base1-2,42360,Holofoil,164.69,162.81,236.7,501.17,
2026-03-06,base1-4,42382,Holofoil,525.86,519.97,800.0,1500.0,
2026-03-06,base1-58,42402,Normal,5.45,0.5,2.99,9999.0,
2026-03-06,cel25c-4,250320,Holofoil,175.53,148.97,219.28,499.99,180.75
2026-03-06,gym2-2,83861,1st Edition Holofoil,852.01,599.99,640.0,1099.99,
2026-03-06,gym2-2,83861,Unlimited Holofoil,499.52,446.99,543.59,582.5,567.17
2026-03-06,neo1-9,86903,1st Edition Holofoil,1094.48,1798.78,1899.99,2700.0,1899.98
2026-03-06,neo1-9,86903,Unlimited Holofoil,444.81,375.0,399.0,1000.0,
2026-03-06,sl-151-bundle,502000,Normal,155.71,145.0,188.88,1000.0,
2026-03-06,sl-151-etb,503313,Normal,561.19,559.99,644.97,2500.0,
2026-03-06,sl-151-upc,502005,Normal,799.58,849.99,1021.56,40000.0,
2026-03-06,sl-ar-box,265519,Normal,391.03,388.0,450.0,899.99,
2026-03-06,sl-bs-box,256141,Normal,583.31,579.99,675.0,5000.0,
2026-03-06,sl-cel-upc,245140,Normal,954.87,971.0,1199.99,154722.59,
2026-03-06,sl-champ-etb,218791,Normal,171.78,161.99,200.0,500.0,
2026-03-06,sl-cz-etb,453470,Normal,300.18,284.99,350.0,785.0,
2026-03-06,sl-dr-box,624679,Normal,510.66,509.99,599.99,2185.0,
2026-03-06,sl-evs-box,242436,Normal,2473.71,2625.0,3380.0,12000.0,
2026-03-06,sl-evs-etb,243721,Normal,770.1,979.99,999.99,2999.99,
2026-03-06,sl-fs-box,247654,Normal,994.12,1075.0,1199.99,3000.0,
2026-03-06,sl-hf-etb,194729,Normal,456.3,498.0,555.0,9999.98,
2026-03-06,sl-jp-151,565243,Normal,249.3,250.0,289.95,489.59,
2026-03-06,sl-jp-terastal,603428,Normal,120.63,115.0,130.0,200.0,
2026-03-06,sl-jt-box,610931,Normal,255.36,269.0,277.99,551.0,
2026-03-06,sl-lo-box,277324,Normal,731.87,719.0,892.99,2500.0,
2026-03-06,sl-me1-box,644298,Normal,278.28,274.0,297.95,500.0,
2026-03-06,sl-obf-box,501257,Normal,347.41,335.0,375.0,799.99,
2026-03-06,sl-pe-etb,593355,Normal,191.1,183.79,204.5,1115.0,
2026-03-06,sl-pe-spc,622770,Normal,332.83,330.88,408.7,544.99,
2026-03-06,sl-pf-etb,528040,Normal,321.73,339.0,419.99,775.0,
2026-03-06,sl-phf-box,654137,Normal,322.24,309.99,349.99,699.0,
2026-03-06,sl-shf-etb,228821,Normal,115.06,104.99,139.99,500.11,
2026-03-06,sl-ss-box,565606,Normal,255.52,250.0,300.0,4999.99,
2026-03-06,sl-st-box,283389,Normal,469.81,469.48,500.0,9999.99,
2026-03-06,sl-tf-box,536225,Normal,257.99,254.57,300.0,1500.0,
2026-03-06,sv2-185,497557,Normal,0.18,0.1,0.33,10.3,
2026-03-06,sv2-185,497557,Reverse Holofoil,1.56,0.19,1.02,10.0,
2026-03-06,sv2-254,497669,Holofoil,12.75,10.0,13.99,52.5,18.7
2026-03-06,sv2-269,497689,Holofoil,50.91,41.12,54.99,259.99,58.74
2026-03-06,sv3pt5-151,516566,Holofoil,8.38,4.99,8.31,100.0,18.88
2026-03-06,sv3pt5-199,517045,Holofoil,469.67,450.0,600.0,1000.0,519.99
2026-03-06,sv3pt5-205,517051,Holofoil,23.47,15.47,29.68,88.88,29.9
2026-03-06,sv3pt5-4,502555,Normal,0.15,0.01,0.19,20.0,0.16
2026-03-06,sv3pt5-4,502555,Reverse Holofoil,0.27,0.11,0.3,3.99,
2026-03-06,sv3pt5-6,502558,Holofoil,8.45,4.5,9.5,98.96,12.23
2026-03-06,sv3pt5-7,502548,Normal,0.22,0.01,0.2,19.98,0.09
2026-03-06,sv3pt5-7,502548,Reverse Holofoil,0.27,0.01,0.27,50.0,0.25
2026-03-06,sv4pt5-234,535090,Holofoil,223.7,202.85,280.28,799.97,204.16
2026-03-06,sv4pt5-54,534416,Holofoil,4.66,2.99,4.92,60.0,5.11
2026-03-06,sv8-57,590025,Holofoil,3.41,3.0,4.44,25.0,3.94
2026-03-06,sv8pt5-149,610504,Holofoil,172.85,159.99,198.96,999.0,
2026-03-06,sv8pt5-155,610510,Holofoil,219.1,180.0,209.43,999.0,
2026-03-06,sv8pt5-156,610511,Holofoil,302.05,290.0,325.3,999.0,
2026-03-06,sv8pt5-161,610516,Holofoil,1110.21,943.7,1275.18,5000.0,
2026-03-06,sv8pt5-167,610522,Holofoil,121.09,106.95,124.98,999.0,
2026-03-06,sv8pt5-179,610534,Holofoil,48.51,42.96,58.0,999.0,
2026-03-06,sv8pt5-28,610383,Holofoil,1.62,0.8,1.62,999.0,
2026-03-06,sv8pt5-47,610402,Normal,0.06,0.01,0.1,999.0,0.01
2026-03-06,sv8pt5-47,610402,Reverse Holofoil,0.14,0.01,0.15,999.0,0.02
2026-03-06,sv8pt5-59,610414,Holofoil,0.27,0.01,0.3,999.0,
2026-03-06,sv8pt5-59,610414,Reverse Holofoil,0.33,0.08,0.37,999.0,
2026-03-06,sv8pt5-60,610415,Holofoil,4.7,3.5,5.0,999.0,4.78
2026-03-06,svp-085,518861,Normal,678.85,629.0,949.99,2500.0,
2026-03-06,swsh11-186,284137,Holofoil,696.59,538.46,696.59,1500.0,783.89
2026-03-06,swsh12-186,451834,Holofoil,355.67,325.0,464.0,2000.0,373.49
2026-03-06,swsh12pt5gg-GG69,478100,Holofoil,218.83,210.0,240.0,1000.0,250.0
2026-03-06,swsh35-25,223018,Normal,0.17,0.04,0.18,1.82,
2026-03-06,swsh35-25,223018,Reverse Holofoil,0.27,0.1,0.28,2.0,
2026-03-06,swsh35-74,223073,Holofoil,177.77,160.0,224.68,2300.0,219.69
2026-03-06,swsh45sv-SV107,232496,Holofoil,133.17,104.0,159.99,500.0,149.94
2026-03-06,swsh7-204,246693,Holofoil,30.6,22.0,32.0,150.0,25.0
2026-03-06,swsh7-205,246696,Holofoil,320.9,289.0,359.98,600.0,299.11
2026-03-06,swsh7-208,246755,Holofoil,30.43,24.0,32.14,48.95,42.7
2026-03-06,swsh7-209,246756,Holofoil,248.41,230.0,279.52,419.79,249.87
2026-03-06,swsh7-211,246702,Holofoil,50.46,39.99,55.26,74.95,55.51
2026-03-06,swsh7-212,246704,Holofoil,328.78,290.0,363.83,1000.0,317.37
2026-03-06,swsh7-215,246723,Holofoil,1743.0,1649.99,1998.0,4000.0,1994.6
2026-03-06,swsh7-218,246733,Holofoil,674.76,337.05,760.74,950.0,748.99
2026-03-06,swsh7-41,246753,Holofoil,5.81,3.69,6.2,24.97,5.45
2026-03-06,swsh7-65,246690,Holofoil,11.64,9.99,14.44,500.0,18.0
2026-03-06,swsh7-75,246701,Holofoil,16.54,10.0,16.54,50.0,16.75
2026-03-06,swsh7-8,246691,Holofoil,6.98,5.01,7.96,100.0,10.66
2026-03-06,swsh8-271,253266,Holofoil,739.51,600.0,898.5,1499.95,618.29
2026-03-06,swsh9-154,263873,Holofoil,247.4,224.98,330.0,1500.0,265.5
2026-03-07,base1-15,42355,Holofoil,140.87,100.0,142.0,999.98,
2026-03-07,base1-16,42356,Holofoil,51.95,26.46,49.99,120.0,45.0
2026-03-07,base1-2,42360,Holofoil,178.82,162.81,236.7,501.17,
2026-03-07,base1-4,42382,Holofoil,525.82,519.97,751.87,1500.0,
2026-03-07,base1-58,42402,Normal,5.58,0.5,2.95,9999.0,
2026-03-07,cel25c-4,250320,Holofoil,177.14,148.97,223.33,499.99,180.75
2026-03-07,gym2-2,83861,1st Edition Holofoil,852.01,599.99,640.0,1099.99,
2026-03-07,gym2-2,83861,Unlimited Holofoil,499.52,449.99,550.0,582.5,567.17
2026-03-07,neo1-9,86903,1st Edition Holofoil,1094.48,1798.78,1899.99,2700.0,1899.98
2026-03-07,neo1-9,86903,Unlimited Holofoil,444.81,375.0,397.0,1000.0,
2026-03-07,sl-151-bundle,502000,Normal,158.86,150.0,189.99,1000.0,
2026-03-07,sl-151-etb,503313,Normal,573.35,585.0,649.99,2500.0,
2026-03-07,sl-151-upc,502005,Normal,828.82,849.99,1000.0,40000.0,
2026-03-07,sl-ar-box,265519,Normal,391.03,388.0,452.5,899.99,
2026-03-07,sl-bs-box,256141,Normal,583.31,579.99,662.5,5000.0,
2026-03-07,sl-cel-upc,245140,Normal,954.87,971.0,1199.99,154722.59,
2026-03-07,sl-champ-etb,218791,Normal,171.66,161.99,200.0,500.0,
2026-03-07,sl-cz-etb,453470,Normal,301.86,300.0,359.94,785.0,
2026-03-07,sl-dr-box,624679,Normal,511.27,509.99,599.99,2185.0,
2026-03-07,sl-evs-box,242436,Normal,2473.71,2610.0,3290.0,12000.0,
2026-03-07,sl-evs-etb,243721,Normal,770.1,979.99,999.99,2999.99,
2026-03-07,sl-fs-box,247654,Normal,994.12,1050.0,1199.99,3000.0,
2026-03-07,sl-hf-etb,194729,Normal,460.02,499.95,599.95,9999.98,
2026-03-07,sl-jp-151,565243,Normal,249.9,250.0,293.48,489.59,
2026-03-07,sl-jp-terastal,603428,Normal,119.59,115.0,130.0,200.0,
2026-03-07,sl-jt-box,610931,Normal,259.5,272.98,277.99,551.0,
2026-03-07,sl-lo-box,277324,Normal,731.19,718.99,879.0,2500.0,
2026-03-07,sl-me1-box,644298,Normal,278.5,264.01,297.95,500.0,
2026-03-07,sl-obf-box,501257,Normal,347.45,344.58,379.98,799.99,
2026-03-07,sl-pe-etb,593355,Normal,190.89,183.79,200.0,1115.0,
2026-03-07,sl-pe-spc,622770,Normal,335.41,330.88,394.94,544.99,
2026-03-07,sl-pf-etb,528040,Normal,326.28,345.0,424.99,775.0,
2026-03-07,sl-phf-box,654137,Normal,326.59,320.0,354.25,699.0,
2026-03-07,sl-shf-etb,228821,Normal,114.98,104.99,139.99,500.11,
2026-03-07,sl-ss-box,565606,Normal,258.81,255.01,300.0,4999.99,
2026-03-07,sl-st-box,283389,Normal,470.49,469.48,500.0,9999.99,
2026-03-07,sl-tf-box,536225,Normal,258.17,254.57,300.0,1500.0,
2026-03-07,sv2-185,497557,Normal,0.2,0.1,0.33,10.3,
2026-03-07,sv2-185,497557,Reverse Holofoil,1.3,0.19,1.05,10.0,1.29
2026-03-07,sv2-254,497669,Holofoil,12.67,10.0,13.99,52.5,18.7
2026-03-07,sv2-269,497689,Holofoil,50.71,45.9,54.99,259.99,58.74
2026-03-07,sv3pt5-151,516566,Holofoil,9.48,5.0,8.5,100.0,11.36
2026-03-07,sv3pt5-199,517045,Holofoil,468.41,445.0,599.99,1000.0,539.99
2026-03-07,sv3pt5-205,517051,Holofoil,25.19,20.0,29.95,88.88,29.94
2026-03-07,sv3pt5-4,502555,Normal,0.25,0.01,0.19,20.0,0.14
2026-03-07,sv3pt5-4,502555,Reverse Holofoil,0.25,0.1,0.3,999.0,
2026-03-07,sv3pt5-6,502558,Holofoil,8.48,4.68,9.0,98.96,10.64
2026-03-07,sv3pt5-7,502548,Normal,0.23,0.01,0.21,19.98,0.09
2026-03-07,sv3pt5-7,502548,Reverse Holofoil,0.26,0.01,0.27,50.0,0.25
2026-03-07,sv4pt5-234,535090,Holofoil,224.62,208.34,288.77,799.97,204.16
2026-03-07,sv4pt5-54,534416,Holofoil,4.41,2.99,4.86,60.0,4.94
2026-03-07,sv8-57,590025,Holofoil,4.19,3.0,4.39,25.0,5.6
2026-03-07,sv8pt5-149,610504,Holofoil,173.61,165.0,205.0,999.0,
2026-03-07,sv8pt5-155,610510,Holofoil,219.1,180.0,219.22,999.0,
2026-03-07,sv8pt5-156,610511,Holofoil,302.05,290.0,325.3,999.0,
2026-03-07,sv8pt5-161,610516,Holofoil,1125.43,943.7,1299.0,5000.0,
2026-03-07,sv8pt5-167,610522,Holofoil,121.09,107.23,124.98,999.0,
2026-03-07,sv8pt5-179,610534,Holofoil,48.33,43.49,59.97,999.0,
2026-03-07,sv8pt5-28,610383,Holofoil,1.56,0.8,1.6,999.0,
2026-03-07,sv8pt5-47,610402,Normal,0.07,0.01,0.1,999.0,0.01
2026-03-07,sv8pt5-47,610402,Reverse Holofoil,0.16,0.01,0.15,999.0,0.04
2026-03-07,sv8pt5-59,610414,Holofoil,0.3,0.01,0.29,999.0,
2026-03-07,sv8pt5-59,610414,Reverse Holofoil,0.34,0.08,0.37,999.0,
2026-03-07,sv8pt5-60,610415,Holofoil,4.59,3.35,5.0,999.0,
2026-03-07,svp-085,518861,Normal,678.85,629.0,999.0,2500.0,
2026-03-07,swsh11-186,284137,Holofoil,696.59,538.46,696.59,1500.0,783.89
2026-03-07,swsh12-186,451834,Holofoil,360.59,356.15,464.88,2000.0,373.49
2026-03-07,swsh12pt5gg-GG69,478100,Holofoil,220.49,210.99,245.57,1000.0,250.0
2026-03-07,swsh35-25,223018,Normal,0.16,0.04,0.18,1.82,
2026-03-07,swsh35-25,223018,Reverse Holofoil,0.25,0.1,0.28,2.0,
2026-03-07,swsh35-74,223073,Holofoil,176.04,160.0,224.68,2300.0,219.69
2026-03-07,swsh45sv-SV107,232496,Holofoil,131.57,104.0,159.99,500.0,134.99
2026-03-07,swsh7-204,246693,Holofoil,30.27,17.0,32.0,150.0,35.99
2026-03-07,swsh7-205,246696,Holofoil,322.5,289.0,364.94,600.0,359.99
2026-03-07,swsh7-208,246755,Holofoil,30.43,24.0,33.15,48.95,42.6
2026-03-07,swsh7-209,246756,Holofoil,246.13,230.0,285.48,450.0,272.96
2026-03-07,swsh7-211,246702,Holofoil,50.6,40.06,56.0,74.95,55.51
2026-03-07,swsh7-212,246704,Holofoil,328.78,290.0,368.34,1000.0,317.37
2026-03-07,swsh7-215,246723,Holofoil,1743.0,1649.99,1998.0,4000.0,1994.6
2026-03-07,swsh7-218,246733,Holofoil,674.76,549.0,760.74,950.0,748.99
2026-03-07,swsh7-41,246753,Holofoil,5.83,3.69,6.2,24.97,5.69
2026-03-07,swsh7-65,246690,Holofoil,11.83,9.99,14.95,500.0,15.84
2026-03-07,swsh7-75,246701,Holofoil,15.65,10.0,16.3,50.0,16.58
2026-03-07,swsh7-8,246691,Holofoil,7.27,5.01,7.99,100.0,11.7
2026-03-07,swsh8-271,253266,Holofoil,739.51,600.0,947.83,1499.95,618.29
2026-03-07,swsh9-154,263873,Holofoil,247.4,224.98,330.0,1500.0,265.5
2026-03-08,base1-15,42355,Holofoil,140.87,100.0,155.33,999.98,
2026-03-08,base1-16,42356,Holofoil,51.95,24.99,49.99,120.0,119.99
2026-03-08,base1-2,42360,Holofoil,178.82,129.82,228.99,499.99,
2026-03-08,base1-4,42382,Holofoil,525.82,577.96,719.99,1299.98,
2026-03-08,base1-58,42402,Normal,5.28,0.5,4.69,9999.0,
2026-03-08,cel25c-4,250320,Holofoil,177.01,130.0,218.59,499.99,166.75
2026-03-08,gym2-2,83861,1st Edition Holofoil,852.01,599.99,640.0,1099.99,
2026-03-08,gym2-2,83861,Unlimited Holofoil,499.52,445.0,546.8,582.5,567.17
2026-03-08,neo1-9,86903,1st Edition Holofoil,1094.48,1798.78,1899.99,2700.0,1899.98
2026-03-08,neo1-9,86903,Unlimited Holofoil,444.52,392.59,433.47,1000.0,
2026-03-08,sl-151-bundle,502000,Normal,159.73,154.98,194.0,1000.0,
2026-03-08,sl-151-etb,503313,Normal,571.84,599.0,699.99,2500.0,
2026-03-08,sl-151-upc,502005,Normal,847.45,935.0,1200.0,40000.0,
2026-03-08,sl-ar-box,265519,Normal,391.03,385.0,450.0,899.99,
2026-03-08,sl-bs-box,256141,Normal,585.73,579.99,650.0,5000.0,
2026-03-08,sl-cel-upc,245140,Normal,954.87,971.0,1199.5,154722.59,
2026-03-08,sl-champ-etb,218791,Normal,172.25,161.99,200.0,500.0,
2026-03-08,sl-cz-etb,453470,Normal,301.9,309.79,359.95,785.0,
2026-03-08,sl-dr-box,624679,Normal,515.75,510.0,599.99,2185.0,
2026-03-08,sl-evs-box,242436,Normal,2473.71,2565.0,3290.0,12000.0,
2026-03-08,sl-evs-etb,243721,Normal,770.1,979.99,999.99,2999.99,
2026-03-08,sl-fs-box,247654,Normal,994.12,1050.0,1199.99,3000.0,
2026-03-08,sl-hf-etb,194729,Normal,463.81,499.99,599.97,9999.98,
2026-03-08,sl-jp-151,565243,Normal,250.76,257.56,297.5,489.59,
2026-03-08,sl-jp-terastal,603428,Normal,119.81,115.0,130.0,200.0,
2026-03-08,sl-jt-box,610931,Normal,263.87,272.98,277.99,551.0,
2026-03-08,sl-lo-box,277324,Normal,731.19,718.99,879.5,2500.0,
2026-03-08,sl-me1-box,644298,Normal,278.5,264.01,294.95,500.0,
2026-03-08,sl-obf-box,501257,Normal,347.26,345.0,399.97,1000.0,
2026-03-08,sl-pe-etb,593355,Normal,189.89,182.0,204.5,1115.0,
2026-03-08,sl-pe-spc,622770,Normal,341.72,330.88,404.35,555.55,
2026-03-08,sl-pf-etb,528040,Normal,327.96,345.0,419.99,775.0,
2026-03-08,sl-phf-box,654137,Normal,332.16,329.99,359.97,699.0,
2026-03-08,sl-shf-etb,228821,Normal,115.54,104.99,135.0,500.11,
2026-03-08,sl-ss-box,565606,Normal,260.22,239.99,300.0,4999.99,
2026-03-08,sl-st-box,283389,Normal,470.49,469.48,525.0,9999.99,
2026-03-08,sl-tf-box,536225,Normal,258.54,254.57,306.0,1500.0,
2026-03-08,sv2-185,497557,Normal,0.21,0.1,0.33,10.3,
2026-03-08,sv2-185,497557,Reverse Holofoil,1.26,0.19,1.07,123.45,
2026-03-08,sv2-254,497669,Holofoil,12.56,10.0,14.0,52.5,18.7
2026-03-08,sv2-269,497689,Holofoil,51.4,45.9,55.0,259.99,64.0
2026-03-08,sv3pt5-151,516566,Holofoil,8.17,5.0,8.85,100.0,18.98
2026-03-08,sv3pt5-199,517045,Holofoil,496.41,440.0,549.98,1000.0,521.99
2026-03-08,sv3pt5-205,517051,Holofoil,26.61,21.83,29.99,129.99,27.3
2026-03-08,sv3pt5-4,502555,Normal,0.3,0.01,0.21,20.0,0.16
2026-03-08,sv3pt5-4,502555,Reverse Holofoil,0.24,0.11,0.29,123.45,
2026-03-08,sv3pt5-6,502558,Holofoil,9.53,4.68,9.99,98.96,19.93
2026-03-08,sv3pt5-7,502548,Normal,0.2,0.01,0.2,15.98,
2026-03-08,sv3pt5-7,502548,Reverse Holofoil,0.28,0.01,0.27,50.0,0.25
2026-03-08,sv4pt5-234,535090,Holofoil,226.84,209.2,291.64,799.97,204.16
2026-03-08,sv4pt5-54,534416,Holofoil,4.44,2.99,4.71,60.0,4.18
2026-03-08,sv8-57,590025,Holofoil,4.07,2.99,4.41,25.0,3.64
2026-03-08,sv8pt5-149,610504,Holofoil,173.41,168.0,203.96,999.0,
2026-03-08,sv8pt5-155,610510,Holofoil,223.22,180.0,216.7,999.0,
2026-03-08,sv8pt5-156,610511,Holofoil,299.6,300.0,338.58,999.0,
2026-03-08,sv8pt5-161,610516,Holofoil,1121.45,943.7,1375.0,5000.0,
2026-03-08,sv8pt5-167,610522,Holofoil,121.3,110.0,128.02,999.0,
2026-03-08,sv8pt5-179,610534,Holofoil,48.3,43.5,59.96,999.0,
2026-03-08,sv8pt5-28,610383,Holofoil,1.62,0.71,1.62,999.0,
2026-03-08,sv8pt5-47,610402,Normal,0.07,0.01,0.1,999.0,0.01
2026-03-08,sv8pt5-47,610402,Reverse Holofoil,0.15,0.01,0.15,999.0,0.08
2026-03-08,sv8pt5-59,610414,Holofoil,0.32,0.01,0.3,999.0,
2026-03-08,sv8pt5-59,610414,Reverse Holofoil,0.33,0.08,0.37,999.0,
2026-03-08,sv8pt5-60,610415,Holofoil,5.01,3.69,5.0,999.0,
2026-03-08,svp-085,518861,Normal,678.85,629.0,949.5,2500.0,
2026-03-08,swsh11-186,284137,Holofoil,694.74,538.46,695.99,922.43,783.89
2026-03-08,swsh12-186,451834,Holofoil,360.59,359.99,467.29,2000.0,373.49
2026-03-08,swsh12pt5gg-GG69,478100,Holofoil,220.49,175.67,242.54,399.0,242.54
2026-03-08,swsh35-25,223018,Normal,0.16,0.04,0.18,1.82,
2026-03-08,swsh35-25,223018,Reverse Holofoil,0.25,0.1,0.28,2.0,
2026-03-08,swsh35-74,223073,Holofoil,173.45,160.0,224.95,2300.0,219.69
2026-03-08,swsh45sv-SV107,232496,Holofoil,131.57,122.0,159.49,349.95,134.99
2026-03-08,swsh7-204,246693,Holofoil,29.89,23.65,32.13,150.0,35.99
2026-03-08,swsh7-205,246696,Holofoil,322.5,289.0,359.98,500.0,324.2
2026-03-08,swsh7-208,246755,Holofoil,30.43,24.0,33.09,48.95,42.6
2026-03-08,swsh7-209,246756,Holofoil,246.13,230.0,285.59,450.0,272.96
2026-03-08,swsh7-211,246702,Holofoil,50.6,40.06,54.99,74.95,58.68
2026-03-08,swsh7-212,246704,Holofoil,328.78,290.0,359.97,1000.0,317.37
2026-03-08,swsh7-215,246723,Holofoil,1743.0,1649.99,1995.99,4000.0,1743.01
2026-03-08,swsh7-218,246733,Holofoil,674.76,549.0,760.74,950.0,748.99
2026-03-08,swsh7-41,246753,Holofoil,5.69,3.29,6.11,24.97,5.69
2026-03-08,swsh7-65,246690,Holofoil,12.22,9.73,14.98,500.0,18.98
2026-03-08,swsh7-75,246701,Holofoil,15.84,10.49,16.3,50.0,15.66
2026-03-08,swsh7-8,246691,Holofoil,7.5,5.01,7.99,100.0,11.85
2026-03-08,swsh8-271,253266,Holofoil,748.87,600.0,947.83,1499.95,618.29
2026-03-08,swsh9-154,263873,Holofoil,247.4,224.98,329.99,1500.0,265.5
2026-03-09,base1-15,42355,Holofoil,140.87,100.0,176.66,999.98,
2026-03-09,base1-16,42356,Holofoil,52.19,24.99,49.87,120.0,119.99
2026-03-09,base1-2,42360,Holofoil,178.82,164.0,252.6,501.17,
2026-03-09,base1-4,42382,Holofoil,527.92,599.99,743.94,1299.98,
2026-03-09,base1-58,42402,Normal,5.17,0.5,4.69,9999.0,
2026-03-09,cel25c-4,250320,Holofoil,178.46,136.85,215.0,499.99,180.75
2026-03-09,gym2-2,83861,1st Edition Holofoil,852.01,599.99,640.0,640.0,
2026-03-09,gym2-2,83861,Unlimited Holofoil,499.52,445.0,546.8,582.5,567.17
2026-03-09,neo1-9,86903,1st Edition Holofoil,1094.48,1798.78,1899.99,2700.0,1899.98
2026-03-09,neo1-9,86903,Unlimited Holofoil,463.82,392.98,446.5,1000.0,
2026-03-09,sl-151-bundle,502000,Normal,161.25,160.0,196.5,1000.0,
2026-03-09,sl-151-etb,503313,Normal,583.72,625.99,734.97,2500.0,
2026-03-09,sl-151-upc,502005,Normal,865.46,935.0,1200.0,40000.0,
2026-03-09,sl-ar-box,265519,Normal,388.24,385.0,452.5,899.99,
2026-03-09,sl-bs-box,256141,Normal,587.56,579.99,650.0,5000.0,
2026-03-09,sl-cel-upc,245140,Normal,954.51,970.0,1200.0,154722.59,
2026-03-09,sl-champ-etb,218791,Normal,172.25,161.99,197.5,500.0,
2026-03-09,sl-cz-etb,453470,Normal,302.66,309.79,354.97,785.0,
2026-03-09,sl-dr-box,624679,Normal,524.07,520.0,600.0,2185.0,
2026-03-09,sl-evs-box,242436,Normal,2473.71,2565.0,3290.0,12000.0,
2026-03-09,sl-evs-etb,243721,Normal,770.1,950.0,999.99,2999.99,
2026-03-09,sl-fs-box,247654,Normal,996.12,1075.0,1200.0,3000.0,
2026-03-09,sl-hf-etb,194729,Normal,463.81,475.0,599.99,9999.98,
2026-03-09,sl-jp-151,565243,Normal,252.43,260.0,298.44,489.59,
2026-03-09,sl-jp-terastal,603428,Normal,119.39,114.99,130.0,200.0,
2026-03-09,sl-jt-box,610931,Normal,267.26,264.98,277.97,551.0,
2026-03-09,sl-lo-box,277324,Normal,731.19,714.0,877.0,2500.0,
2026-03-09,sl-me1-box,644298,Normal,277.72,275.0,299.45,500.0,
2026-03-09,sl-obf-box,501257,Normal,347.26,345.0,399.98,1000.0,
2026-03-09,sl-pe-etb,593355,Normal,190.97,189.99,219.0,1115.0,
2026-03-09,sl-pe-spc,622770,Normal,344.84,330.88,410.0,674.2,
2026-03-09,sl-pf-etb,528040,Normal,329.53,349.95,425.45,775.0,
2026-03-09,sl-phf-box,654137,Normal,337.0,329.99,359.99,699.0,
2026-03-09,sl-shf-etb,228821,Normal,115.27,104.99,133.98,500.11,
2026-03-09,sl-ss-box,565606,Normal,259.76,250.0,300.0,4999.99,
2026-03-09,sl-st-box,283389,Normal,470.99,465.0,525.0,9999.99,
2026-03-09,sl-tf-box,536225,Normal,258.94,254.57,300.0,601.0,
2026-03-09,sv2-185,497557,Normal,0.2,0.05,0.33,10.3,
2026-03-09,sv2-185,497557,Reverse Holofoil,1.09,0.25,1.06,123.45,
2026-03-09,sv2-254,497669,Holofoil,12.08,10.0,13.99,52.5,18.7
2026-03-09,sv2-269,497689,Holofoil,51.34,43.38,55.0,259.99,61.99
2026-03-09,sv3pt5-151,516566,Holofoil,7.63,5.0,8.91,100.0,11.99
2026-03-09,sv3pt5-199,517045,Holofoil,493.43,429.99,542.28,1000.0,521.9
2026-03-09,sv3pt5-205,517051,Holofoil,26.5,18.61,30.33,129.99,29.99
2026-03-09,sv3pt5-4,502555,Normal,0.22,0.01,0.25,20.0,0.16
2026-03-09,sv3pt5-4,502555,Reverse Holofoil,0.31,0.11,0.3,123.45,
2026-03-09,sv3pt5-6,502558,Holofoil,9.12,4.68,9.99,98.96,15.99
2026-03-09,sv3pt5-7,502548,Normal,0.2,0.01,0.2,2.03,
2026-03-09,sv3pt5-7,502548,Reverse Holofoil,0.29,0.01,0.29,50.0,0.25
2026-03-09,sv4pt5-234,535090,Holofoil,227.78,227.23,288.0,799.97,204.16
2026-03-09,sv4pt5-54,534416,Holofoil,4.39,2.99,4.59,60.0,5.39
2026-03-09,sv8-57,590025,Holofoil,4.0,2.0,4.37,25.0,5.87
2026-03-09,sv8pt5-149,610504,Holofoil,172.96,170.09,205.0,999.0,
2026-03-09,sv8pt5-155,610510,Holofoil,222.69,193.82,207.6,999.0,
2026-03-09,sv8pt5-156,610511,Holofoil,298.75,302.97,339.5,999.0,
2026-03-09,sv8pt5-161,610516,Holofoil,1121.45,943.7,1390.65,5000.0,
2026-03-09,sv8pt5-167,610522,Holofoil,120.26,107.23,126.56,999.0,
2026-03-09,sv8pt5-179,610534,Holofoil,48.73,43.63,60.04,999.0,
2026-03-09,sv8pt5-28,610383,Holofoil,1.68,0.71,1.63,999.0,
2026-03-09,sv8pt5-47,610402,Normal,0.06,0.01,0.1,999.0,0.01
2026-03-09,sv8pt5-47,610402,Reverse Holofoil,0.14,0.01,0.15,999.0,0.04
2026-03-09,sv8pt5-59,610414,Holofoil,0.29,0.01,0.3,999.0,
2026-03-09,sv8pt5-59,610414,Reverse Holofoil,0.32,0.08,0.37,999.0,
2026-03-09,sv8pt5-60,610415,Holofoil,4.19,3.0,5.0,999.0,
2026-03-09,svp-085,518861,Normal,687.09,700.0,999.5,2500.0,
2026-03-09,swsh11-186,284137,Holofoil,694.74,494.75,695.99,922.43,680.0
2026-03-09,swsh12-186,451834,Holofoil,360.49,359.61,470.57,2000.0,373.49
2026-03-09,swsh12pt5gg-GG69,478100,Holofoil,220.89,207.0,240.0,399.0,239.99
2026-03-09,swsh35-25,223018,Normal,0.16,0.04,0.18,1.82,
2026-03-09,swsh35-25,223018,Reverse Holofoil,0.25,0.1,0.28,2.0,
2026-03-09,swsh35-74,223073,Holofoil,173.27,160.0,222.34,2300.0,219.69
2026-03-09,swsh45sv-SV107,232496,Holofoil,132.5,122.0,158.69,349.95,134.99
2026-03-09,swsh7-204,246693,Holofoil,30.13,26.96,32.82,150.0,39.95
2026-03-09,swsh7-205,246696,Holofoil,321.82,289.0,360.0,500.0,359.97
2026-03-09,swsh7-208,246755,Holofoil,30.47,24.0,35.02,48.95,42.7
2026-03-09,swsh7-209,246756,Holofoil,244.42,230.0,285.69,450.0,272.96
2026-03-09,swsh7-211,246702,Holofoil,50.6,40.06,53.56,74.95,58.19
2026-03-09,swsh7-212,246704,Holofoil,327.45,290.0,363.83,1000.0,317.37
2026-03-09,swsh7-215,246723,Holofoil,1743.0,1649.99,1995.5,4000.0,1743.01
2026-03-09,swsh7-218,246733,Holofoil,674.76,549.0,771.49,950.0,748.99
2026-03-09,swsh7-41,246753,Holofoil,5.71,3.62,6.05,24.97,6.73
2026-03-09,swsh7-65,246690,Holofoil,12.59,9.73,14.99,500.0,16.12
2026-03-09,swsh7-75,246701,Holofoil,15.55,10.49,16.29,50.0,16.25
2026-03-09,swsh7-8,246691,Holofoil,7.54,5.01,7.99,100.0,11.78
2026-03-09,swsh8-271,253266,Holofoil,750.82,600.0,948.66,1499.95,618.29
2026-03-09,swsh9-154,263873,Holofoil,249.67,224.98,330.0,1500.0,265.5
2026-03-10,base1-15,42355,Holofoil,140.87,100.0,180.19,999.98,
2026-03-10,base1-16,42356,Holofoil,52.19,22.79,49.6,120.0,119.99
2026-03-10,base1-2,42360,Holofoil,178.82,190.0,257.0,501.17,
2026-03-10,base1-4,42382,Holofoil,492.82,599.99,800.0,2000.0,
2026-03-10,base1-58,42402,Normal,5.35,0.5,4.66,9999.0,
2026-03-10,cel25c-4,250320,Holofoil,181.49,148.97,215.0,499.99,180.75
2026-03-10,gym2-2,83861,1st Edition Holofoil,852.01,599.99,640.0,640.0,
2026-03-10,gym2-2,83861,Unlimited Holofoil,499.52,445.0,531.79,582.5,567.17
2026-03-10,neo1-9,86903,1st Edition Holofoil,1094.48,1798.78,1899.99,2700.0,1899.98
2026-03-10,neo1-9,86903,Unlimited Holofoil,463.82,382.99,399.0,1000.0,
2026-03-10,sl-151-bundle,502000,Normal,169.63,166.99,199.99,1000.0,
2026-03-10,sl-151-etb,503313,Normal,588.36,609.99,749.99,2500.0,
2026-03-10,sl-151-upc,502005,Normal,871.07,934.99,1200.0,40000.0,
2026-03-10,sl-ar-box,265519,Normal,388.75,388.0,465.0,899.99,
2026-03-10,sl-bs-box,256141,Normal,587.56,579.99,650.0,5000.0,
2026-03-10,sl-cel-upc,245140,Normal,954.51,968.88,1200.0,154722.59,
2026-03-10,sl-champ-etb,218791,Normal,172.25,161.99,200.0,500.0,
2026-03-10,sl-cz-etb,453470,Normal,301.06,298.0,350.0,785.0,
2026-03-10,sl-dr-box,624679,Normal,524.31,510.0,600.0,2185.0,
2026-03-10,sl-evs-box,242436,Normal,2473.71,2500.0,3199.99,12000.0,
2026-03-10,sl-evs-etb,243721,Normal,770.1,950.0,999.99,2999.99,
2026-03-10,sl-fs-box,247654,Normal,996.12,1000.0,1200.0,3000.0,
2026-03-10,sl-hf-etb,194729,Normal,466.22,473.0,599.97,9999.98,
2026-03-10,sl-jp-151,565243,Normal,257.27,264.96,299.44,489.59,
2026-03-10,sl-jp-terastal,603428,Normal,120.2,119.0,130.0,200.0,
2026-03-10,sl-jt-box,610931,Normal,268.66,264.98,277.97,551.0,
2026-03-10,sl-lo-box,277324,Normal,731.07,714.0,875.0,2500.0,
2026-03-10,sl-me1-box,644298,Normal,279.79,275.0,299.97,500.0,
2026-03-10,sl-obf-box,501257,Normal,348.34,340.0,399.99,1000.0,
2026-03-10,sl-pe-etb,593355,Normal,192.96,189.99,210.0,1115.0,
2026-03-10,sl-pe-spc,622770,Normal,346.15,330.88,399.95,999.0,
2026-03-10,sl-pf-etb,528040,Normal,332.33,344.95,424.99,775.0,
2026-03-10,sl-phf-box,654137,Normal,338.51,319.98,359.46,699.0,
2026-03-10,sl-shf-etb,228821,Normal,114.26,107.78,133.98,500.11,
2026-03-10,sl-ss-box,565606,Normal,258.96,247.0,313.0,4999.99,
2026-03-10,sl-st-box,283389,Normal,471.03,465.0,525.0,9999.99,
2026-03-10,sl-tf-box,536225,Normal,259.52,254.57,300.0,601.0,
2026-03-10,sv2-185,497557,Normal,0.24,0.05,0.33,10.3,0.22
2026-03-10,sv2-185,497557,Reverse Holofoil,0.62,0.12,0.9,123.45,0.56
2026-03-10,sv2-254,497669,Holofoil,12.21,10.0,13.96,52.5,18.73
2026-03-10,sv2-269,497689,Holofoil,51.27,43.39,55.0,259.99,61.99
2026-03-10,sv3pt5-151,516566,Holofoil,8.16,5.0,8.78,100.0,9.95
2026-03-10,sv3pt5-199,517045,Holofoil,449.71,410.0,534.5,1000.0,521.84
2026-03-10,sv3pt5-205,517051,Holofoil,26.29,20.0,31.12,129.99,29.34
2026-03-10,sv3pt5-4,502555,Normal,0.19,0.01,0.21,20.0,
2026-03-10,sv3pt5-4,502555,Reverse Holofoil,0.28,0.12,0.3,123.45,
2026-03-10,sv3pt5-6,502558,Holofoil,9.38,3.97,9.99,98.96,14.98
2026-03-10,sv3pt5-7,502548,Normal,0.16,0.01,0.2,2.03,
2026-03-10,sv3pt5-7,502548,Reverse Holofoil,0.25,0.01,0.3,50.0,0.25
2026-03-10,sv4pt5-234,535090,Holofoil,229.11,227.23,296.28,799.97,204.16
2026-03-10,sv4pt5-54,534416,Holofoil,4.52,2.99,4.63,60.0,5.19
2026-03-10,sv8-57,590025,Holofoil,4.25,2.97,4.41,25.0,4.8
2026-03-10,sv8pt5-149,610504,Holofoil,176.43,175.0,209.47,999.0,
2026-03-10,sv8pt5-155,610510,Holofoil,224.06,193.82,220.0,999.0,
2026-03-10,sv8pt5-156,610511,Holofoil,299.55,302.97,339.42,999.0,
2026-03-10,sv8pt5-161,610516,Holofoil,1121.45,939.99,1377.77,5000.0,
2026-03-10,sv8pt5-167,610522,Holofoil,121.49,107.23,128.98,999.0,
2026-03-10,sv8pt5-179,610534,Holofoil,49.14,43.47,59.99,999.0,
2026-03-10,sv8pt5-28,610383,Holofoil,1.59,0.71,1.64,999.0,
2026-03-10,sv8pt5-47,610402,Normal,0.07,0.01,0.1,999.0,0.01
2026-03-10,sv8pt5-47,610402,Reverse Holofoil,0.14,0.01,0.15,999.0,0.04
2026-03-10,sv8pt5-59,610414,Holofoil,0.22,0.01,0.29,999.0,
2026-03-10,sv8pt5-59,610414,Reverse Holofoil,0.33,0.08,0.37,999.0,
2026-03-10,sv8pt5-60,610415,Holofoil,4.45,3.5,5.0,999.0,
2026-03-10,svp-085,518861,Normal,691.09,899.99,1400.0,2500.0,
2026-03-10,swsh11-186,284137,Holofoil,689.63,494.75,698.3,1500.0,680.0
2026-03-10,swsh12-186,451834,Holofoil,359.59,369.99,485.13,2000.0,373.49
2026-03-10,swsh12pt5gg-GG69,478100,Holofoil,221.77,175.67,240.0,1000.0,239.99
2026-03-10,swsh35-25,223018,Normal,0.16,0.04,0.18,1.82,
2026-03-10,swsh35-25,223018,Reverse Holofoil,0.25,0.1,0.27,2.0,
2026-03-10,swsh35-74,223073,Holofoil,173.27,160.0,222.34,2300.0,219.69
2026-03-10,swsh45sv-SV107,232496,Holofoil,130.27,125.0,159.34,349.95,134.99
2026-03-10,swsh7-204,246693,Holofoil,30.2,27.92,32.91,150.0,39.95
2026-03-10,swsh7-205,246696,Holofoil,322.24,289.0,364.94,500.0,359.97
2026-03-10,swsh7-208,246755,Holofoil,30.47,22.0,35.04,48.95,42.7
2026-03-10,swsh7-209,246756,Holofoil,243.51,230.0,285.69,450.0,261.77
2026-03-10,swsh7-211,246702,Holofoil,50.6,40.06,55.0,74.95,58.19
2026-03-10,swsh7-212,246704,Holofoil,324.14,290.0,367.69,1000.0,317.37
2026-03-10,swsh7-215,246723,Holofoil,1747.16,1649.99,1997.94,4000.0,1992.69
2026-03-10,swsh7-218,246733,Holofoil,674.76,549.0,771.49,950.0,748.99
2026-03-10,swsh7-41,246753,Holofoil,5.99,3.79,6.17,24.97,7.95
2026-03-10,swsh7-65,246690,Holofoil,12.42,9.73,14.99,500.0,16.12
2026-03-10,swsh7-75,246701,Holofoil,15.48,10.49,16.09,50.0,15.65
2026-03-10,swsh7-8,246691,Holofoil,7.44,5.01,7.99,100.0,11.7
2026-03-10,swsh8-271,253266,Holofoil,750.82,600.0,947.83,1499.95,618.29
2026-03-10,swsh9-154,263873,Holofoil,252.3,224.98,332.5,1500.0,265.5
2026-03-11,base1-15,42355,Holofoil,140.75,100.0,149.99,999.98,
2026-03-11,base1-16,42356,Holofoil,52.19,22.79,49.6,119.99,115.0
2026-03-11,base1-2,42360,Holofoil,178.82,139.99,233.27,501.17,
2026-03-11,base1-4,42382,Holofoil,492.82,599.99,800.0,2000.0,
2026-03-11,base1-58,42402,Normal,5.11,0.5,4.5,9999.0,3.56
2026-03-11,cel25c-4,250320,Holofoil,187.66,159.0,225.0,499.99,175.99
2026-03-11,gym2-2,83861,1st Edition Holofoil,852.01,599.99,640.0,640.0,
2026-03-11,gym2-2,83861,Unlimited Holofoil,499.52,445.0,531.79,582.5,567.17
2026-03-11,neo1-9,86903,1st Edition Holofoil,1094.48,1798.78,1899.99,2700.0,1899.98
2026-03-11,neo1-9,86903,Unlimited Holofoil,463.82,382.99,399.0,1000.0,
2026-03-11,sl-151-bundle,502000,Normal,176.98,168.5,200.0,1000.0,
2026-03-11,sl-151-etb,503313,Normal,593.04,600.0,750.0,2500.0,
2026-03-11,sl-151-upc,502005,Normal,966.95,1106.97,1499.98,40000.0,
2026-03-11,sl-ar-box,265519,Normal,388.63,388.0,469.98,899.99,
2026-03-11,sl-bs-box,256141,Normal,586.97,579.99,649.99,5000.0,
2026-03-11,sl-cel-upc,245140,Normal,954.51,968.88,1247.98,154722.59,
2026-03-11,sl-champ-etb,218791,Normal,172.25,161.99,197.5,500.0,
2026-03-11,sl-cz-etb,453470,Normal,301.47,298.0,350.0,785.0,
2026-03-11,sl-dr-box,624679,Normal,520.75,515.0,600.0,2000.0,
2026-03-11,sl-evs-box,242436,Normal,2473.71,2500.0,3200.0,12000.0,
2026-03-11,sl-evs-etb,243721,Normal,778.1,950.0,999.98,2999.99,
2026-03-11,sl-fs-box,247654,Normal,999.04,1000.0,1200.0,3000.0,
2026-03-11,sl-hf-etb,194729,Normal,466.41,473.0,599.99,9999.98,
2026-03-11,sl-jp-151,565243,Normal,258.47,244.99,298.0,489.59,
2026-03-11,sl-jp-terastal,603428,Normal,120.36,118.99,130.0,200.0,
2026-03-11,sl-jt-box,610931,Normal,269.55,250.0,277.94,551.0,
2026-03-11,sl-lo-box,277324,Normal,731.03,712.0,875.0,2500.0,
2026-03-11,sl-me1-box,644298,Normal,279.39,275.0,298.9,500.0,
2026-03-11,sl-obf-box,501257,Normal,347.94,345.0,399.99,1000.0,
2026-03-11,sl-pe-etb,593355,Normal,195.58,189.99,219.95,999.0,
2026-03-11,sl-pe-spc,622770,Normal,349.94,339.99,424.99,999.0,
2026-03-11,sl-pf-etb,528040,Normal,334.25,349.95,424.99,775.0,
2026-03-11,sl-phf-box,654137,Normal,340.63,337.68,359.97,699.0,
2026-03-11,sl-shf-etb,228821,Normal,114.47,107.78,133.98,500.11,
2026-03-11,sl-ss-box,565606,Normal,261.08,255.0,306.87,4999.99,
2026-03-11,sl-st-box,283389,Normal,471.11,465.0,549.99,9999.99,
2026-03-11,sl-tf-box,536225,Normal,260.91,254.57,306.0,601.0,
2026-03-11,sv2-185,497557,Normal,0.28,0.05,0.33,10.3,
2026-03-11,sv2-185,497557,Reverse Holofoil,0.64,0.2,0.84,10.0,
2026-03-11,sv2-254,497669,Holofoil,12.19,10.0,14.0,52.5,18.73
2026-03-11,sv2-269,497689,Holofoil,51.69,48.29,55.83,259.99,61.99
2026-03-11,sv3pt5-151,516566,Holofoil,8.26,5.0,8.8,100.0,9.97
2026-03-11,sv3pt5-199,517045,Holofoil,458.18,399.0,550.0,1000.0,410.0
2026-03-11,sv3pt5-205,517051,Holofoil,26.85,21.0,31.05,129.99,32.99
2026-03-11,sv3pt5-4,502555,Normal,0.18,0.01,0.2,20.0,0.15
2026-03-11,sv3pt5-4,502555,Reverse Holofoil,0.28,0.12,0.3,3.75,0.28
2026-03-11,sv3pt5-6,502558,Holofoil,9.53,4.68,10.0,98.96,10.79
2026-03-11,sv3pt5-7,502548,Normal,0.17,0.01,0.2,19.98,0.1
2026-03-11,sv3pt5-7,502548,Reverse Holofoil,0.25,0.01,0.27,50.0,0.25
2026-03-11,sv4pt5-234,535090,Holofoil,229.89,226.85,291.79,799.97,204.16
2026-03-11,sv4pt5-54,534416,Holofoil,4.4,2.99,4.54,60.0,7.59
2026-03-11,sv8-57,590025,Holofoil,3.56,2.99,4.39,25.0,4.64
2026-03-11,sv8pt5-149,610504,Holofoil,178.06,176.43,214.25,999.0,
2026-03-11,sv8pt5-155,610510,Holofoil,223.87,192.95,222.69,999.0,
2026-03-11,sv8pt5-156,610511,Holofoil,298.73,290.0,339.42,999.0,
2026-03-11,sv8pt5-161,610516,Holofoil,1121.45,939.99,1350.0,5000.0,
2026-03-11,sv8pt5-167,610522,Holofoil,121.0,114.99,129.75,999.0,
2026-03-11,sv8pt5-179,610534,Holofoil,49.13,41.34,59.97,999.0,51.17
2026-03-11,sv8pt5-28,610383,Holofoil,1.52,0.71,1.63,999.0,1.51
2026-03-11,sv8pt5-47,610402,Normal,0.07,0.01,0.1,999.0,0.01
2026-03-11,sv8pt5-47,610402,Reverse Holofoil,0.14,0.01,0.15,999.0,0.04
2026-03-11,sv8pt5-59,610414,Holofoil,0.27,0.01,0.28,999.0,0.13
2026-03-11,sv8pt5-59,610414,Reverse Holofoil,0.32,0.08,0.37,999.0,0.2
2026-03-11,sv8pt5-60,610415,Holofoil,4.89,3.71,5.0,999.0,4.52
2026-03-11,svp-085,518861,Normal,706.69,899.99,1334.56,2500.0,
2026-03-11,swsh11-186,284137,Holofoil,679.71,494.75,695.99,1500.0,783.88
2026-03-11,swsh12-186,451834,Holofoil,360.35,359.59,467.29,2000.0,373.49
2026-03-11,swsh12pt5gg-GG69,478100,Holofoil,222.37,210.99,238.4,1000.0,239.99
2026-03-11,swsh35-25,223018,Normal,0.17,0.04,0.18,1.82,
2026-03-11,swsh35-25,223018,Reverse Holofoil,0.26,0.1,0.27,2.0,
2026-03-11,swsh35-74,223073,Holofoil,173.27,160.0,222.0,2300.0,219.69
2026-03-11,swsh45sv-SV107,232496,Holofoil,133.3,125.0,169.74,349.95,134.99
2026-03-11,swsh7-204,246693,Holofoil,30.2,27.92,32.82,150.0,39.95
2026-03-11,swsh7-205,246696,Holofoil,322.24,289.0,362.47,500.0,359.99
2026-03-11,swsh7-208,246755,Holofoil,30.47,22.0,35.04,48.95,42.7
2026-03-11,swsh7-209,246756,Holofoil,243.89,230.0,285.69,450.0,261.77
2026-03-11,swsh7-211,246702,Holofoil,50.6,42.27,55.0,74.95,59.97
2026-03-11,swsh7-212,246704,Holofoil,321.4,314.0,369.34,1000.0,317.37
2026-03-11,swsh7-215,246723,Holofoil,1747.16,1649.99,1999.88,4000.0,1992.69
2026-03-11,swsh7-218,246733,Holofoil,674.76,549.0,750.0,950.0,748.99
2026-03-11,swsh7-41,246753,Holofoil,5.85,4.0,6.2,24.97,7.95
2026-03-11,swsh7-65,246690,Holofoil,12.7,9.99,15.0,999.0,16.12
2026-03-11,swsh7-75,246701,Holofoil,14.8,10.49,15.84,50.0,15.65
2026-03-11,swsh7-8,246691,Holofoil,7.6,5.01,8.0,100.0,11.7
2026-03-11,swsh8-271,253266,Holofoil,750.82,600.0,943.5,1499.95,618.29
2026-03-11,swsh9-154,263873,Holofoil,253.5,229.68,337.8,1500.0,279.69
2026-03-12,base1-15,42355,Holofoil,140.75,100.0,147.91,999.98,72.0
2026-03-12,base1-16,42356,Holofoil,52.53,22.79,50.36,119.99,100.0
2026-03-12,base1-2,42360,Holofoil,178.82,147.59,237.06,501.17,147.59
2026-03-12,base1-4,42382,Holofoil,492.82,541.5,843.54,2000.0,
2026-03-12,base1-58,42402,Normal,5.12,0.5,4.68,9999.0,3.97
2026-03-12,cel25c-4,250320,Holofoil,187.66,159.0,227.49,499.99,175.99
2026-03-12,gym2-2,83861,1st Edition Holofoil,852.01,599.99,640.0,640.0,
2026-03-12,gym2-2,83861,Unlimited Holofoil,499.52,444.23,519.99,582.5,567.17
2026-03-12,neo1-9,86903,1st Edition Holofoil,1094.48,1798.78,1899.99,2700.0,1899.98
2026-03-12,neo1-9,86903,Unlimited Holofoil,463.82,322.55,397.0,1000.0,
2026-03-12,sl-151-bundle,502000,Normal,178.19,170.0,200.0,1000.0,
2026-03-12,sl-151-etb,503313,Normal,594.64,609.99,800.0,3000.0,
2026-03-12,sl-151-upc,502005,Normal,979.23,1125.0,1499.97,40000.0,
2026-03-12,sl-ar-box,265519,Normal,388.63,379.0,460.0,899.99,
2026-03-12,sl-bs-box,256141,Normal,589.35,579.99,650.0,5000.0,
2026-03-12,sl-cel-upc,245140,Normal,954.51,988.88,1297.95,154722.59,
2026-03-12,sl-champ-etb,218791,Normal,171.85,161.99,195.0,500.0,
2026-03-12,sl-cz-etb,453470,Normal,303.35,306.01,350.0,785.0,
2026-03-12,sl-dr-box,624679,Normal,522.14,515.0,600.0,2000.0,
2026-03-12,sl-evs-box,242436,Normal,2473.71,2500.0,3190.05,12000.0,
2026-03-12,sl-evs-etb,243721,Normal,778.1,979.99,999.99,2999.99,
2026-03-12,sl-fs-box,247654,Normal,999.04,1000.0,1200.0,3000.0,
2026-03-12,sl-hf-etb,194729,Normal,466.41,473.0,599.99,9999.98,
2026-03-12,sl-jp-151,565243,Normal,258.91,264.96,298.0,500.0,
2026-03-12,sl-jp-terastal,603428,Normal,120.08,118.0,130.0,200.0,
2026-03-12,sl-jt-box,610931,Normal,268.95,250.0,277.99,551.0,
2026-03-12,sl-lo-box,277324,Normal,730.31,720.0,879.0,2500.0,
2026-03-12,sl-me1-box,644298,Normal,280.25,275.0,298.95,500.0,
2026-03-12,sl-obf-box,501257,Normal,348.1,345.0,399.99,1000.0,
2026-03-12,sl-pe-etb,593355,Normal,195.81,189.99,219.95,999.0,
2026-03-12,sl-pe-spc,622770,Normal,350.42,346.99,440.0,999.0,
2026-03-12,sl-pf-etb,528040,Normal,334.09,334.25,410.0,775.0,
2026-03-12,sl-phf-box,654137,Normal,340.57,337.68,359.99,699.0,
2026-03-12,sl-shf-etb,228821,Normal,114.67,107.78,133.98,500.11,
2026-03-12,sl-ss-box,565606,Normal,264.22,260.35,324.94,4999.99,
2026-03-12,sl-st-box,283389,Normal,471.11,467.9,525.0,9999.99,
2026-03-12,sl-tf-box,536225,Normal,262.25,264.99,306.0,601.0,
2026-03-12,sv2-185,497557,Normal,0.24,0.15,0.33,10.3,
2026-03-12,sv2-185,497557,Reverse Holofoil,1.01,0.2,0.93,10.0,0.64
2026-03-12,sv2-254,497669,Holofoil,12.24,9.99,13.99,52.5,18.73
2026-03-12,sv2-269,497689,Holofoil,51.69,48.29,56.01,259.99,61.99
2026-03-12,sv3pt5-151,516566,Holofoil,8.68,5.0,9.0,100.0,18.95
2026-03-12,sv3pt5-199,517045,Holofoil,464.81,399.0,529.46,1000.0,485.66
2026-03-12,sv3pt5-205,517051,Holofoil,27.01,20.99,30.41,129.99,32.64
2026-03-12,sv3pt5-4,502555,Normal,0.18,0.01,0.2,20.0,0.16
2026-03-12,sv3pt5-4,502555,Reverse Holofoil,0.31,0.12,0.3,14.99,0.28
2026-03-12,sv3pt5-6,502558,Holofoil,8.85,4.99,9.99,98.96,12.99
2026-03-12,sv3pt5-7,502548,Normal,0.19,0.01,0.2,2.03,0.12
2026-03-12,sv3pt5-7,502548,Reverse Holofoil,0.32,0.01,0.28,50.0,0.25
2026-03-12,sv4pt5-234,535090,Holofoil,231.71,229.73,299.02,799.97,204.16
2026-03-12,sv4pt5-54,534416,Holofoil,4.87,2.99,4.68,60.0,5.42
2026-03-12,sv8-57,590025,Holofoil,4.14,3.0,4.39,25.0,4.09
2026-03-12,sv8pt5-149,610504,Holofoil,178.44,178.43,219.92,999.0,
2026-03-12,sv8pt5-155,610510,Holofoil,223.62,192.46,229.99,999.0,
2026-03-12,sv8pt5-156,610511,Holofoil,298.06,290.0,350.0,999.0,337.66
2026-03-12,sv8pt5-161,610516,Holofoil,1126.29,939.99,1350.0,5000.0,1500.0
2026-03-12,sv8pt5-167,610522,Holofoil,125.21,114.99,142.24,999.0,133.74
2026-03-12,sv8pt5-179,610534,Holofoil,49.69,41.61,59.99,999.0,
2026-03-12,sv8pt5-28,610383,Holofoil,1.56,0.75,1.62,999.0,
2026-03-12,sv8pt5-47,610402,Normal,0.06,0.01,0.1,999.0,0.01
2026-03-12,sv8pt5-47,610402,Reverse Holofoil,0.15,0.01,0.15,999.0,0.04
2026-03-12,sv8pt5-59,610414,Holofoil,0.32,0.01,0.3,999.0,0.15
2026-03-12,sv8pt5-59,610414,Reverse Holofoil,0.37,0.08,0.38,999.0,0.33
2026-03-12,sv8pt5-60,610415,Holofoil,5.06,2.4,5.0,999.0,5.99
2026-03-12,svp-085,518861,Normal,706.69,800.0,1050.0,2500.0,
2026-03-12,swsh11-186,284137,Holofoil,679.71,494.75,703.99,1500.0,783.88
2026-03-12,swsh12-186,451834,Holofoil,374.81,359.59,445.0,2000.0,373.49
2026-03-12,swsh12pt5gg-GG69,478100,Holofoil,223.99,210.99,240.0,1000.0,250.0
2026-03-12,swsh35-25,223018,Normal,0.16,0.03,0.19,1.82,
2026-03-12,swsh35-25,223018,Reverse Holofoil,0.26,0.1,0.27,2.0,
2026-03-12,swsh35-74,223073,Holofoil,173.76,160.0,223.34,2300.0,219.69
2026-03-12,swsh45sv-SV107,232496,Holofoil,134.74,133.61,172.31,349.95,112.34
2026-03-12,swsh7-204,246693,Holofoil,30.2,27.92,32.0,150.0,39.95
2026-03-12,swsh7-205,246696,Holofoil,321.08,289.0,364.94,500.0,359.99
2026-03-12,swsh7-208,246755,Holofoil,30.58,22.0,35.0,48.95,29.95
2026-03-12,swsh7-209,246756,Holofoil,242.29,236.53,285.69,450.0,261.77
2026-03-12,swsh7-211,246702,Holofoil,50.95,40.06,52.82,74.95,
2026-03-12,swsh7-212,246704,Holofoil,321.4,314.0,369.34,1000.0,317.37
2026-03-12,swsh7-215,246723,Holofoil,1749.95,1399.99,1999.88,4000.0,1992.69
2026-03-12,swsh7-218,246733,Holofoil,674.76,549.0,750.0,950.0,748.99
2026-03-12,swsh7-41,246753,Holofoil,5.55,4.0,6.16,24.97,7.8
2026-03-12,swsh7-65,246690,Holofoil,13.16,10.99,15.0,500.0,17.84
2026-03-12,swsh7-75,246701,Holofoil,14.74,10.49,15.99,50.0,16.25
2026-03-12,swsh7-8,246691,Holofoil,7.48,5.01,7.99,100.0,7.6
2026-03-12,swsh8-271,253266,Holofoil,750.82,600.0,940.0,1499.95,618.29
2026-03-12,swsh9-154,263873,Holofoil,258.5,229.68,350.0,1500.0,279.99
2026-03-13,base1-15,42355,Holofoil,140.75,100.0,153.64,4321.0,72.0
2026-03-13,base1-16,42356,Holofoil,52.53,22.79,50.05,4321.0,100.0
2026-03-13,base1-2,42360,Holofoil,178.82,148.0,214.17,501.17,
2026-03-13,base1-4,42382,Holofoil,492.82,468.2,926.19,4321.0,
2026-03-13,base1-58,42402,Normal,5.28,0.5,4.6,9999.0,
2026-03-13,cel25c-4,250320,Holofoil,187.91,159.0,239.12,4321.0,175.99
2026-03-13,gym2-2,83861,1st Edition Holofoil,852.01,599.99,620.0,640.0,
2026-03-13,gym2-2,83861,Unlimited Holofoil,499.52,444.23,531.79,582.5,567.17
2026-03-13,neo1-9,86903,1st Edition Holofoil,1094.48,1798.78,1899.99,2700.0,1899.98
2026-03-13,neo1-9,86903,Unlimited Holofoil,463.82,392.99,530.5,1000.0,
2026-03-13,sl-151-bundle,502000,Normal,179.98,170.0,200.0,1000.0,
2026-03-13,sl-151-etb,503313,Normal,595.84,609.99,749.99,3000.0,
2026-03-13,sl-151-upc,502005,Normal,1008.11,1125.0,1499.98,40000.0,
2026-03-13,sl-ar-box,265519,Normal,388.67,379.0,460.0,899.99,
2026-03-13,sl-bs-box,256141,Normal,588.92,579.99,667.5,5000.0,
2026-03-13,sl-cel-upc,245140,Normal,958.22,988.88,1297.95,154722.59,
2026-03-13,sl-champ-etb,218791,Normal,171.85,161.99,197.5,500.0,
2026-03-13,sl-cz-etb,453470,Normal,303.35,306.01,350.0,785.0,
2026-03-13,sl-dr-box,624679,Normal,524.33,507.95,610.0,2000.0,
2026-03-13,sl-evs-box,242436,Normal,2500.31,2600.0,3389.99,12000.0,
2026-03-13,sl-evs-etb,243721,Normal,787.7,979.99,999.99,2999.99,
2026-03-13,sl-fs-box,247654,Normal,999.04,1000.0,1200.0,3000.0,
2026-03-13,sl-hf-etb,194729,Normal,466.41,473.0,599.99,9999.98,
2026-03-13,sl-jp-151,565243,Normal,260.35,264.96,297.0,500.0,
2026-03-13,sl-jp-terastal,603428,Normal,119.27,102.0,129.99,200.0,
2026-03-13,sl-jt-box,610931,Normal,266.47,272.98,284.94,551.0,
2026-03-13,sl-lo-box,277324,Normal,729.95,720.0,879.0,2500.0,
2026-03-13,sl-me1-box,644298,Normal,280.83,275.0,299.95,500.0,
2026-03-13,sl-obf-box,501257,Normal,348.18,340.0,399.96,1000.0,
2026-03-13,sl-pe-etb,593355,Normal,196.55,189.99,224.99,999.0,
2026-03-13,sl-pe-spc,622770,Normal,355.56,346.99,473.5,999.0,
2026-03-13,sl-pf-etb,528040,Normal,338.78,334.25,419.99,775.0,
2026-03-13,sl-phf-box,654137,Normal,345.15,337.68,359.99,699.0,
2026-03-13,sl-shf-etb,228821,Normal,114.67,107.78,131.48,500.11,
2026-03-13,sl-ss-box,565606,Normal,265.48,264.99,324.94,4999.99,
2026-03-13,sl-st-box,283389,Normal,471.48,459.41,525.0,9999.99,
2026-03-13,sl-tf-box,536225,Normal,263.41,264.99,306.0,601.0,
2026-03-13,sv2-185,497557,Normal,0.31,0.15,0.33,10.3,
2026-03-13,sv2-185,497557,Reverse Holofoil,1.06,0.24,1.0,10.0,1.14
2026-03-13,sv2-254,497669,Holofoil,12.34,9.98,13.98,52.5,18.7
2026-03-13,sv2-269,497689,Holofoil,51.67,48.29,56.0,259.99,61.99
2026-03-13,sv3pt5-151,516566,Holofoil,10.05,5.0,9.04,100.0,18.94
2026-03-13,sv3pt5-199,517045,Holofoil,456.94,385.0,549.95,1000.0,539.99
2026-03-13,sv3pt5-205,517051,Holofoil,28.44,20.99,32.01,129.99,20.99
2026-03-13,sv3pt5-4,502555,Normal,0.21,0.01,0.21,20.0,0.1
2026-03-13,sv3pt5-4,502555,Reverse Holofoil,0.32,0.1,0.31,14.99,0.33
2026-03-13,sv3pt5-6,502558,Holofoil,10.54,5.0,10.0,98.96,19.52
2026-03-13,sv3pt5-7,502548,Normal,0.19,0.01,0.2,2.03,
2026-03-13,sv3pt5-7,502548,Reverse Holofoil,0.35,0.01,0.3,50.0,
2026-03-13,sv4pt5-234,535090,Holofoil,234.61,229.73,299.7,799.97,204.16
2026-03-13,sv4pt5-54,534416,Holofoil,4.79,2.99,4.78,60.0,4.77
2026-03-13,sv8-57,590025,Holofoil,4.12,3.0,4.44,25.0,4.67
2026-03-13,sv8pt5-149,610504,Holofoil,178.78,192.02,224.95,999.0,
2026-03-13,sv8pt5-155,610510,Holofoil,223.54,192.46,227.03,999.0,
2026-03-13,sv8pt5-156,610511,Holofoil,296.96,297.26,354.99,999.0,
2026-03-13,sv8pt5-161,610516,Holofoil,1195.57,939.99,1350.0,5000.0,
2026-03-13,sv8pt5-167,610522,Holofoil,125.75,114.99,136.45,999.0,
2026-03-13,sv8pt5-179,610534,Holofoil,49.7,41.85,59.98,999.0,
2026-03-13,sv8pt5-28,610383,Holofoil,1.47,0.8,1.64,999.0,
2026-03-13,sv8pt5-47,610402,Normal,0.06,0.01,0.1,999.0,0.01
2026-03-13,sv8pt5-47,610402,Reverse Holofoil,0.15,0.01,0.16,999.0,0.04
2026-03-13,sv8pt5-59,610414,Holofoil,0.32,0.01,0.3,999.0,0.17
2026-03-13,sv8pt5-59,610414,Reverse Holofoil,0.37,0.08,0.38,999.0,0.33
2026-03-13,sv8pt5-60,610415,Holofoil,4.84,3.3,5.0,999.0,5.56
2026-03-13,svp-085,518861,Normal,706.69,750.0,999.99,2500.0,
2026-03-13,swsh11-186,284137,Holofoil,679.71,494.75,699.97,1500.0,782.99
2026-03-13,swsh12-186,451834,Holofoil,375.93,344.09,445.0,2000.0,373.49
2026-03-13,swsh12pt5gg-GG69,478100,Holofoil,223.99,175.67,240.0,1000.0,250.0
2026-03-13,swsh35-25,223018,Normal,0.16,0.02,0.19,1.82,
2026-03-13,swsh35-25,223018,Reverse Holofoil,0.26,0.1,0.28,2.0,
2026-03-13,swsh35-74,223073,Holofoil,173.76,160.0,224.68,2300.0,219.69
2026-03-13,swsh45sv-SV107,232496,Holofoil,134.74,133.05,172.31,4321.0,134.99
2026-03-13,swsh7-204,246693,Holofoil,30.2,27.92,31.91,150.0,39.95
2026-03-13,swsh7-205,246696,Holofoil,321.08,289.0,364.94,4321.0,359.97
2026-03-13,swsh7-208,246755,Holofoil,30.84,22.0,35.04,48.95,43.2
2026-03-13,swsh7-209,246756,Holofoil,242.15,241.57,287.99,4321.0,261.77
2026-03-13,swsh7-211,246702,Holofoil,50.95,40.94,52.99,74.95,58.59
2026-03-13,swsh7-212,246704,Holofoil,321.4,314.0,369.69,4321.0,317.37
2026-03-13,swsh7-215,246723,Holofoil,1749.95,1399.99,1999.92,4000.0,1992.69
2026-03-13,swsh7-218,246733,Holofoil,674.76,549.0,750.0,4321.0,748.99
2026-03-13,swsh7-41,246753,Holofoil,5.53,4.0,6.05,24.97,7.42
2026-03-13,swsh7-65,246690,Holofoil,13.29,10.99,14.99,500.0,17.76
2026-03-13,swsh7-75,246701,Holofoil,14.64,10.49,15.8,50.0,16.8
2026-03-13,swsh7-8,246691,Holofoil,7.52,5.01,7.99,100.0,7.6
2026-03-13,swsh8-271,253266,Holofoil,750.82,618.29,932.5,1499.95,618.29
2026-03-13,swsh9-154,263873,Holofoil,262.76,229.68,358.83,4321.0,292.49
2026-03-14,base1-15,42355,Holofoil,140.75,100.0,162.01,4321.0,
2026-03-14,base1-16,42356,Holofoil,52.19,22.79,49.95,4321.0,100.0
2026-03-14,base1-2,42360,Holofoil,178.82,157.58,214.17,501.17,
2026-03-14,base1-4,42382,Holofoil,501.83,425.55,768.1,4321.0,
2026-03-14,base1-58,42402,Normal,5.49,0.5,4.6,9999.0,5.99
2026-03-14,cel25c-4,250320,Holofoil,187.91,159.0,229.97,4321.0,175.99
2026-03-14,gym2-2,83861,1st Edition Holofoil,852.01,599.99,620.0,640.0,
2026-03-14,gym2-2,83861,Unlimited Holofoil,499.52,444.23,531.79,582.5,567.17
2026-03-14,neo1-9,86903,1st Edition Holofoil,1094.48,1798.78,1899.99,2700.0,1899.98
2026-03-14,neo1-9,86903,Unlimited Holofoil,463.82,392.99,530.5,1000.0,
2026-03-14,sl-151-bundle,502000,Normal,182.07,170.0,200.0,1000.0,
2026-03-14,sl-151-etb,503313,Normal,596.84,605.01,724.99,3000.0,
2026-03-14,sl-151-upc,502005,Normal,1023.31,1135.0,1499.98,40000.0,
2026-03-14,sl-ar-box,265519,Normal,388.67,379.0,455.0,899.99,
2026-03-14,sl-bs-box,256141,Normal,587.93,579.99,692.5,5000.0,
2026-03-14,sl-cel-upc,245140,Normal,961.78,988.88,1297.95,154722.59,
2026-03-14,sl-champ-etb,218791,Normal,171.45,161.99,200.0,500.0,
2026-03-14,sl-cz-etb,453470,Normal,304.1,306.01,350.0,785.0,
2026-03-14,sl-dr-box,624679,Normal,523.6,502.85,610.0,2000.0,
2026-03-14,sl-evs-box,242436,Normal,2500.31,2600.0,3389.99,12000.0,
2026-03-14,sl-evs-etb,243721,Normal,795.1,999.0,1499.97,2999.99,
2026-03-14,sl-fs-box,247654,Normal,999.04,1000.0,1200.0,3000.0,
2026-03-14,sl-hf-etb,194729,Normal,468.74,500.0,599.99,9999.98,
2026-03-14,sl-jp-151,565243,Normal,261.31,264.96,297.5,500.0,
2026-03-14,sl-jp-terastal,603428,Normal,115.7,118.0,129.99,200.0,
2026-03-14,sl-jt-box,610931,Normal,266.47,274.97,319.99,558.43,
2026-03-14,sl-lo-box,277324,Normal,730.61,720.0,879.0,2500.0,
2026-03-14,sl-me1-box,644298,Normal,281.29,275.0,299.95,500.0,
2026-03-14,sl-obf-box,501257,Normal,346.75,320.0,399.95,1000.0,
2026-03-14,sl-pe-etb,593355,Normal,196.32,189.99,224.99,999.0,
2026-03-14,sl-pe-spc,622770,Normal,359.96,382.98,499.94,999.0,
2026-03-14,sl-pf-etb,528040,Normal,340.43,334.25,424.99,775.0,
2026-03-14,sl-phf-box,654137,Normal,346.22,337.68,359.98,799.0,
2026-03-14,sl-shf-etb,228821,Normal,115.02,107.78,132.95,500.11,
2026-03-14,sl-ss-box,565606,Normal,265.98,261.98,305.12,4999.99,
2026-03-14,sl-st-box,283389,Normal,471.48,459.41,500.0,9999.99,
2026-03-14,sl-tf-box,536225,Normal,264.01,264.99,306.0,601.0,
2026-03-14,sv2-185,497557,Normal,0.34,0.05,0.34,10.3,0.2
2026-03-14,sv2-185,497557,Reverse Holofoil,1.04,0.24,1.0,10.0,1.14
2026-03-14,sv2-254,497669,Holofoil,12.07,9.98,14.0,52.5,17.98
2026-03-14,sv2-269,497689,Holofoil,51.66,48.29,56.05,259.99,61.99
2026-03-14,sv3pt5-151,516566,Holofoil,11.48,5.0,9.51,100.0,17.99
2026-03-14,sv3pt5-199,517045,Holofoil,465.0,379.99,524.84,1000.0,529.99
2026-03-14,sv3pt5-205,517051,Holofoil,28.07,21.0,32.13,129.99,34.68
2026-03-14,sv3pt5-4,502555,Normal,0.22,0.01,0.21,20.0,0.1
2026-03-14,sv3pt5-4,502555,Reverse Holofoil,0.33,0.1,0.31,14.99,0.34
2026-03-14,sv3pt5-6,502558,Holofoil,10.35,5.0,10.38,99.0,11.42
2026-03-14,sv3pt5-7,502548,Normal,0.21,0.01,0.2,2.03,
2026-03-14,sv3pt5-7,502548,Reverse Holofoil,0.5,0.01,0.3,50.0,
2026-03-14,sv4pt5-234,535090,Holofoil,237.86,230.0,300.0,799.97,204.16
2026-03-14,sv4pt5-54,534416,Holofoil,4.35,2.99,4.7,60.0,7.92
2026-03-14,sv8-57,590025,Holofoil,4.34,2.97,4.36,25.0,6.29
2026-03-14,sv8pt5-149,610504,Holofoil,179.6,192.02,234.42,999.0,
2026-03-14,sv8pt5-155,610510,Holofoil,224.52,192.46,235.29,999.0,
2026-03-14,sv8pt5-156,610511,Holofoil,296.96,290.0,354.99,999.0,
2026-03-14,sv8pt5-161,610516,Holofoil,1195.57,934.99,1350.0,5000.0,
2026-03-14,sv8pt5-167,610522,Holofoil,126.11,117.25,144.99,999.0,
2026-03-14,sv8pt5-179,610534,Holofoil,50.07,49.3,60.0,999.0,
2026-03-14,sv8pt5-28,610383,Holofoil,1.57,0.8,1.63,999.0,
2026-03-14,sv8pt5-47,610402,Normal,0.06,0.01,0.1,999.0,0.01
2026-03-14,sv8pt5-47,610402,Reverse Holofoil,0.15,0.01,0.15,999.0,0.04
2026-03-14,sv8pt5-59,610414,Holofoil,0.36,0.01,0.31,999.0,0.16
2026-03-14,sv8pt5-59,610414,Reverse Holofoil,0.37,0.08,0.38,999.0,0.33
2026-03-14,sv8pt5-60,610415,Holofoil,4.89,3.3,5.0,999.0,
2026-03-14,svp-085,518861,Normal,714.69,750.0,1000.0,2500.0,
2026-03-14,swsh11-186,284137,Holofoil,679.71,494.75,695.0,1500.0,783.98
2026-03-14,swsh12-186,451834,Holofoil,378.37,344.09,445.0,2000.0,373.49
2026-03-14,swsh12pt5gg-GG69,478100,Holofoil,226.63,200.0,238.41,1000.0,239.97
2026-03-14,swsh35-25,223018,Normal,0.16,0.02,0.19,1.82,
2026-03-14,swsh35-25,223018,Reverse Holofoil,0.26,0.1,0.28,2.0,
2026-03-14,swsh35-74,223073,Holofoil,173.76,160.0,224.95,2300.0,222.0
2026-03-14,swsh45sv-SV107,232496,Holofoil,136.1,133.05,174.07,4321.0,134.99
2026-03-14,swsh7-204,246693,Holofoil,30.73,27.92,31.81,150.0,39.99
2026-03-14,swsh7-205,246696,Holofoil,321.08,289.0,359.99,4321.0,355.0
2026-03-14,swsh7-208,246755,Holofoil,31.13,22.0,35.0,48.95,43.36
2026-03-14,swsh7-209,246756,Holofoil,244.1,240.0,288.89,4321.0,261.77
2026-03-14,swsh7-211,246702,Holofoil,50.95,40.19,52.99,74.95,58.59
2026-03-14,swsh7-212,246704,Holofoil,321.4,314.0,369.69,4321.0,317.37
2026-03-14,swsh7-215,246723,Holofoil,1743.95,1399.99,1999.99,4000.0,1614.28
2026-03-14,swsh7-218,246733,Holofoil,679.38,549.0,750.0,4321.0,748.99
2026-03-14,swsh7-41,246753,Holofoil,5.46,4.0,6.09,24.97,7.35
2026-03-14,swsh7-65,246690,Holofoil,13.05,10.0,14.98,500.0,17.6
2026-03-14,swsh7-75,246701,Holofoil,14.73,10.49,15.79,50.0,17.39
2026-03-14,swsh7-8,246691,Holofoil,7.18,5.01,7.99,100.0,7.6
2026-03-14,swsh8-271,253266,Holofoil,754.86,618.29,924.99,1499.95,618.29
2026-03-14,swsh9-154,263873,Holofoil,262.62,229.68,358.83,4321.0,289.99
2026-03-15,base1-15,42355,Holofoil,140.75,100.0,162.01,4321.0,
2026-03-15,base1-16,42356,Holofoil,52.19,24.5,50.74,4321.0,100.0
2026-03-15,base1-2,42360,Holofoil,182.42,157.58,218.67,749.99,
2026-03-15,base1-4,42382,Holofoil,501.83,424.56,710.0,4321.0,
2026-03-15,base1-58,42402,Normal,5.5,0.5,4.49,9999.0,
2026-03-15,cel25c-4,250320,Holofoil,189.88,164.99,229.97,4321.0,180.75
2026-03-15,gym2-2,83861,1st Edition Holofoil,852.01,599.99,620.0,640.0,
2026-03-15,gym2-2,83861,Unlimited Holofoil,499.52,440.0,508.5,582.5,567.17
2026-03-15,neo1-9,86903,1st Edition Holofoil,1094.48,1798.78,1899.99,2700.0,1899.98
2026-03-15,neo1-9,86903,Unlimited Holofoil,463.82,394.99,494.0,1000.0,
2026-03-15,sl-151-bundle,502000,Normal,181.8,170.0,200.0,1000.0,
2026-03-15,sl-151-etb,503313,Normal,610.28,605.01,750.0,3000.0,
2026-03-15,sl-151-upc,502005,Normal,1029.8,1120.0,1499.98,40000.0,
2026-03-15,sl-ar-box,265519,Normal,388.67,370.0,460.0,899.99,
2026-03-15,sl-bs-box,256141,Normal,587.93,570.0,685.0,5000.0,
2026-03-15,sl-cel-upc,245140,Normal,961.78,988.88,1298.97,154722.59,
2026-03-15,sl-champ-etb,218791,Normal,171.45,161.99,197.5,500.0,
2026-03-15,sl-cz-etb,453470,Normal,305.54,306.01,350.0,785.0,
2026-03-15,sl-dr-box,624679,Normal,517.97,519.99,617.0,2000.0,
2026-03-15,sl-evs-box,242436,Normal,2500.31,2599.99,3389.99,12000.0,
2026-03-15,sl-evs-etb,243721,Normal,803.7,999.0,1999.95,2999.99,
2026-03-15,sl-fs-box,247654,Normal,999.04,999.04,1200.0,3000.0,
2026-03-15,sl-hf-etb,194729,Normal,469.54,500.0,599.99,9999.98,
2026-03-15,sl-jp-151,565243,Normal,261.91,264.96,298.0,500.0,
2026-03-15,sl-jp-terastal,603428,Normal,110.1,118.0,129.99,200.0,
2026-03-15,sl-jt-box,610931,Normal,266.87,274.97,335.0,558.43,
2026-03-15,sl-lo-box,277324,Normal,730.49,720.0,877.0,2500.0,
2026-03-15,sl-me1-box,644298,Normal,281.29,275.0,299.95,500.0,
2026-03-15,sl-obf-box,501257,Normal,347.03,320.0,399.97,1000.0,
2026-03-15,sl-pe-etb,593355,Normal,197.21,189.99,225.0,999.0,
2026-03-15,sl-pe-spc,622770,Normal,364.25,389.99,499.0,999.0,
2026-03-15,sl-pf-etb,528040,Normal,342.04,349.24,424.99,775.0,
2026-03-15,sl-phf-box,654137,Normal,342.55,337.68,359.98,799.0,
2026-03-15,sl-shf-etb,228821,Normal,114.46,107.78,130.0,500.11,
2026-03-15,sl-ss-box,565606,Normal,267.33,264.99,300.12,4999.99,
2026-03-15,sl-st-box,283389,Normal,471.48,459.41,500.0,9999.99,
2026-03-15,sl-tf-box,536225,Normal,264.48,240.0,316.0,601.0,
2026-03-15,sv2-185,497557,Normal,0.32,0.15,0.35,10.3,
2026-03-15,sv2-185,497557,Reverse Holofoil,0.74,0.24,1.0,10.0,1.27
2026-03-15,sv2-254,497669,Holofoil,12.49,8.99,13.89,52.5,18.73
2026-03-15,sv2-269,497689,Holofoil,51.2,48.29,56.2,259.99,61.99
2026-03-15,sv3pt5-151,516566,Holofoil,10.94,5.0,9.99,100.0,18.94
2026-03-15,sv3pt5-199,517045,Holofoil,451.63,379.99,500.0,1000.0,539.99
2026-03-15,sv3pt5-205,517051,Holofoil,27.05,21.0,30.98,129.99,34.68
2026-03-15,sv3pt5-4,502555,Normal,0.24,0.01,0.21,20.0,0.13
2026-03-15,sv3pt5-4,502555,Reverse Holofoil,0.35,0.1,0.31,14.99,0.34
2026-03-15,sv3pt5-6,502558,Holofoil,11.21,5.0,11.16,98.96,14.99
2026-03-15,sv3pt5-7,502548,Normal,0.21,0.01,0.21,2.03,
2026-03-15,sv3pt5-7,502548,Reverse Holofoil,0.29,0.01,0.3,50.0,
2026-03-15,sv4pt5-234,535090,Holofoil,244.08,230.0,300.26,799.97,204.16
2026-03-15,sv4pt5-54,534416,Holofoil,4.65,2.99,4.69,60.0,4.44
2026-03-15,sv8-57,590025,Holofoil,4.53,2.97,4.5,25.0,5.66
2026-03-15,sv8pt5-149,610504,Holofoil,180.56,180.56,223.48,999.0,
2026-03-15,sv8pt5-155,610510,Holofoil,224.52,192.46,235.4,999.0,
2026-03-15,sv8pt5-156,610511,Holofoil,298.04,304.07,385.0,999.0,
2026-03-15,sv8pt5-161,610516,Holofoil,1195.57,934.99,1399.99,5000.0,
2026-03-15,sv8pt5-167,610522,Holofoil,124.8,126.84,216.05,999.0,
2026-03-15,sv8pt5-179,610534,Holofoil,49.7,48.8,60.02,999.0,
2026-03-15,sv8pt5-28,610383,Holofoil,1.64,0.94,1.64,999.0,
2026-03-15,sv8pt5-47,610402,Normal,0.07,0.01,0.1,999.0,0.01
2026-03-15,sv8pt5-47,610402,Reverse Holofoil,0.13,0.01,0.15,999.0,0.08
2026-03-15,sv8pt5-59,610414,Holofoil,0.34,0.01,0.31,999.0,0.25
2026-03-15,sv8pt5-59,610414,Reverse Holofoil,0.35,0.08,0.38,999.0,0.36
2026-03-15,sv8pt5-60,610415,Holofoil,4.66,3.95,5.0,999.0,
2026-03-15,svp-085,518861,Normal,714.69,700.0,999.99,2500.0,
2026-03-15,swsh11-186,284137,Holofoil,679.71,538.46,708.0,1500.0,782.98
2026-03-15,swsh12-186,451834,Holofoil,378.5,344.09,445.0,2000.0,373.49
2026-03-15,swsh12pt5gg-GG69,478100,Holofoil,224.64,175.67,240.0,1000.0,239.97
2026-03-15,swsh35-25,223018,Normal,0.16,0.02,0.19,1.54,
2026-03-15,swsh35-25,223018,Reverse Holofoil,0.26,0.1,0.28,2.0,
2026-03-15,swsh35-74,223073,Holofoil,173.76,160.0,224.68,2300.0,219.69
2026-03-15,swsh45sv-SV107,232496,Holofoil,136.5,125.0,171.66,4321.0,134.99
2026-03-15,swsh7-204,246693,Holofoil,31.02,27.92,31.81,150.0,39.99
2026-03-15,swsh7-205,246696,Holofoil,320.15,289.0,362.47,4321.0,354.98
2026-03-15,swsh7-208,246755,Holofoil,31.17,28.45,35.04,48.95,37.99
2026-03-15,swsh7-209,246756,Holofoil,244.01,240.0,289.97,4321.0,261.77
2026-03-15,swsh7-211,246702,Holofoil,51.29,40.19,52.99,74.95,
2026-03-15,swsh7-212,246704,Holofoil,321.4,325.0,375.0,4321.0,317.37
2026-03-15,swsh7-215,246723,Holofoil,1743.95,1399.99,1999.92,3000.0,1614.28
2026-03-15,swsh7-218,246733,Holofoil,679.38,549.0,760.75,4321.0,748.99
2026-03-15,swsh7-41,246753,Holofoil,5.59,4.38,6.28,24.97,7.8
2026-03-15,swsh7-65,246690,Holofoil,13.28,10.99,14.99,500.0,16.12
2026-03-15,swsh7-75,246701,Holofoil,15.13,10.49,15.91,50.0,19.69
2026-03-15,swsh7-8,246691,Holofoil,7.1,5.01,7.99,100.0,7.6
2026-03-15,swsh8-271,253266,Holofoil,754.86,618.29,942.49,1499.95,618.29
2026-03-15,swsh9-154,263873,Holofoil,263.81,229.68,367.67,4321.0,292.49
2026-03-16,base1-15,42355,Holofoil,140.75,100.0,165.97,4321.0,
2026-03-16,base1-16,42356,Holofoil,52.19,25.5,49.99,4321.0,100.0
2026-03-16,base1-2,42360,Holofoil,182.42,163.11,218.67,751.27,
2026-03-16,base1-4,42382,Holofoil,497.82,420.24,719.99,4321.0,
2026-03-16,base1-58,42402,Normal,5.77,0.5,4.49,9999.0,
2026-03-16,cel25c-4,250320,Holofoil,186.08,154.99,223.53,4321.0,180.75
2026-03-16,gym2-2,83861,1st Edition Holofoil,852.01,599.99,620.0,640.0,
2026-03-16,gym2-2,83861,Unlimited Holofoil,499.52,440.0,531.79,582.5,567.17
2026-03-16,neo1-9,86903,1st Edition Holofoil,1094.48,1798.78,1899.99,2700.0,1899.98
2026-03-16,neo1-9,86903,Unlimited Holofoil,463.82,394.99,512.25,1000.0,
2026-03-16,sl-151-bundle,502000,Normal,179.42,170.0,200.0,1000.0,
2026-03-16,sl-151-etb,503313,Normal,612.55,623.33,763.89,3000.0,
2026-03-16,sl-151-upc,502005,Normal,1052.3,1100.0,1400.0,40000.0,
2026-03-16,sl-ar-box,265519,Normal,386.88,350.0,455.0,899.99,
2026-03-16,sl-bs-box,256141,Normal,587.13,570.0,685.0,5000.0,
2026-03-16,sl-cel-upc,245140,Normal,962.23,979.99,1298.97,154722.59,
2026-03-16,sl-champ-etb,218791,Normal,171.45,161.99,195.0,500.0,
2026-03-16,sl-cz-etb,453470,Normal,307.49,306.01,350.0,785.0,
2026-03-16,sl-dr-box,624679,Normal,518.14,519.99,617.0,2000.0,
2026-03-16,sl-evs-box,242436,Normal,2508.91,2599.99,3340.0,12000.0,
2026-03-16,sl-evs-etb,243721,Normal,803.7,999.0,1999.97,3499.98,
2026-03-16,sl-fs-box,247654,Normal,999.04,980.0,1199.98,3000.0,
2026-03-16,sl-hf-etb,194729,Normal,469.54,499.95,599.99,9999.98,
2026-03-16,sl-jp-151,565243,Normal,262.52,264.96,298.0,500.0,
2026-03-16,sl-jp-terastal,603428,Normal,108.5,115.0,129.99,200.0,
2026-03-16,sl-jt-box,610931,Normal,267.27,269.95,299.99,558.43,
2026-03-16,sl-lo-box,277324,Normal,729.61,705.0,877.0,2500.0,
2026-03-16,sl-me1-box,644298,Normal,283.66,275.0,299.95,500.0,
2026-03-16,sl-obf-box,501257,Normal,345.39,315.0,399.98,1000.0,
2026-03-16,sl-pe-etb,593355,Normal,198.76,189.99,225.0,999.0,
2026-03-16,sl-pe-spc,622770,Normal,366.84,384.96,493.5,999.0,
2026-03-16,sl-pf-etb,528040,Normal,344.18,349.99,459.44,775.0,
2026-03-16,sl-phf-box,654137,Normal,344.61,337.68,359.99,799.0,
2026-03-16,sl-shf-etb,228821,Normal,113.84,105.0,131.48,500.11,
2026-03-16,sl-ss-box,565606,Normal,266.79,255.0,300.0,4999.99,
2026-03-16,sl-st-box,283389,Normal,472.07,459.41,500.0,9999.99,
2026-03-16,sl-tf-box,536225,Normal,264.48,265.0,319.99,601.0,
2026-03-16,sv2-185,497557,Normal,0.31,0.13,0.34,10.3,
2026-03-16,sv2-185,497557,Reverse Holofoil,0.66,0.24,0.85,10.0,
2026-03-16,sv2-254,497669,Holofoil,11.67,8.99,13.86,52.5,18.7
2026-03-16,sv2-269,497689,Holofoil,51.33,48.29,55.64,259.99,61.99
2026-03-16,sv3pt5-151,516566,Holofoil,10.43,5.0,10.0,100.0,18.98
2026-03-16,sv3pt5-199,517045,Holofoil,433.72,406.06,500.0,1000.0,424.69
2026-03-16,sv3pt5-205,517051,Holofoil,25.76,21.0,30.13,129.99,34.14
2026-03-16,sv3pt5-4,502555,Normal,0.21,0.01,0.22,20.0,0.17
2026-03-16,sv3pt5-4,502555,Reverse Holofoil,0.34,0.1,0.33,14.99,0.37
2026-03-16,sv3pt5-6,502558,Holofoil,11.12,5.0,11.72,98.96,19.46
2026-03-16,sv3pt5-7,502548,Normal,0.17,0.01,0.2,2.18,
2026-03-16,sv3pt5-7,502548,Reverse Holofoil,0.29,0.01,0.29,50.0,
2026-03-16,sv4pt5-234,535090,Holofoil,244.74,230.0,300.2,799.97,204.16
2026-03-16,sv4pt5-54,534416,Holofoil,4.94,2.99,4.99,60.0,7.91
2026-03-16,sv8-57,590025,Holofoil,4.19,2.97,4.5,25.0,4.37
2026-03-16,sv8pt5-149,610504,Holofoil,180.56,180.56,223.48,999.0,
2026-03-16,sv8pt5-155,610510,Holofoil,228.73,192.46,283.87,999.0,
2026-03-16,sv8pt5-156,610511,Holofoil,298.04,304.07,390.99,999.0,
2026-03-16,sv8pt5-161,610516,Holofoil,1195.57,949.99,1499.99,5000.0,
2026-03-16,sv8pt5-167,610522,Holofoil,125.18,124.85,219.99,999.0,
2026-03-16,sv8pt5-179,610534,Holofoil,49.91,48.86,60.0,999.0,
2026-03-16,sv8pt5-28,610383,Holofoil,1.36,0.97,1.94,999.0,
2026-03-16,sv8pt5-47,610402,Normal,0.05,0.01,0.1,999.0,0.01
2026-03-16,sv8pt5-47,610402,Reverse Holofoil,0.13,0.01,0.15,999.0,0.04
2026-03-16,sv8pt5-59,610414,Holofoil,0.31,0.01,0.3,999.0,0.1
2026-03-16,sv8pt5-59,610414,Reverse Holofoil,0.38,0.08,0.38,999.0,0.37
2026-03-16,sv8pt5-60,610415,Holofoil,4.8,3.99,5.0,999.0,
2026-03-16,svp-085,518861,Normal,729.86,700.0,1000.0,2500.0,
2026-03-16,swsh11-186,284137,Holofoil,679.71,538.46,703.99,1500.0,782.98
2026-03-16,swsh12-186,451834,Holofoil,381.3,338.66,449.99,2000.0,414.99
2026-03-16,swsh12pt5gg-GG69,478100,Holofoil,224.64,208.5,240.0,1000.0,239.97
2026-03-16,swsh35-25,223018,Normal,0.17,0.03,0.19,1.54,
2026-03-16,swsh35-25,223018,Reverse Holofoil,0.26,0.1,0.28,2.0,
2026-03-16,swsh35-74,223073,Holofoil,173.76,160.0,223.34,2300.0,219.69
2026-03-16,swsh45sv-SV107,232496,Holofoil,136.5,125.0,171.0,4321.0,134.99
2026-03-16,swsh7-204,246693,Holofoil,31.17,27.92,32.0,150.0,41.98
2026-03-16,swsh7-205,246696,Holofoil,320.15,289.0,364.94,4321.0,354.98
2026-03-16,swsh7-208,246755,Holofoil,32.3,28.45,39.89,48.95,43.36
2026-03-16,swsh7-209,246756,Holofoil,244.01,240.0,289.97,4321.0,261.77
2026-03-16,swsh7-211,246702,Holofoil,51.29,40.4,52.58,74.95,
2026-03-16,swsh7-212,246704,Holofoil,321.4,325.0,372.35,4321.0,317.37
2026-03-16,swsh7-215,246723,Holofoil,1803.72,1399.99,2268.8,3000.0,2999.68
2026-03-16,swsh7-218,246733,Holofoil,680.48,600.0,785.73,4321.0,748.99
2026-03-16,swsh7-41,246753,Holofoil,5.47,4.38,6.16,24.97,7.7
2026-03-16,swsh7-65,246690,Holofoil,13.54,10.99,14.99,500.0,16.12
2026-03-16,swsh7-75,246701,Holofoil,15.55,10.49,15.99,50.0,27.99
2026-03-16,swsh7-8,246691,Holofoil,7.1,5.01,7.99,100.0,7.6
2026-03-16,swsh8-271,253266,Holofoil,765.46,618.29,944.95,1499.95,618.29
2026-03-16,swsh9-154,263873,Holofoil,263.81,228.0,363.62,4321.0,292.49
2026-03-17,base1-15,42355,Holofoil,141.51,100.0,156.0,4321.0,
2026-03-17,base1-16,42356,Holofoil,52.19,27.59,51.49,4321.0,100.0
2026-03-17,base1-2,42360,Holofoil,182.42,131.53,218.67,751.27,
2026-03-17,base1-4,42382,Holofoil,497.82,624.99,751.48,4321.0,
2026-03-17,base1-58,42402,Normal,5.89,0.5,4.49,9999.0,
2026-03-17,cel25c-4,250320,Holofoil,186.58,161.5,225.0,4321.0,219.66
2026-03-17,gym2-2,83861,1st Edition Holofoil,852.01,599.99,620.0,640.0,
2026-03-17,gym2-2,83861,Unlimited Holofoil,499.52,440.0,531.79,582.5,567.17
2026-03-17,neo1-9,86903,1st Edition Holofoil,1094.48,1798.78,1899.99,2700.0,1899.98
2026-03-17,neo1-9,86903,Unlimited Holofoil,463.82,394.99,512.25,1000.0,
2026-03-17,sl-151-bundle,502000,Normal,181.54,170.0,207.76,1000.0,
2026-03-17,sl-151-etb,503313,Normal,605.89,649.0,788.89,3000.0,
2026-03-17,sl-151-upc,502005,Normal,1056.26,1005.01,1400.0,40000.0,
2026-03-17,sl-ar-box,265519,Normal,385.68,388.0,474.95,899.99,
2026-03-17,sl-bs-box,256141,Normal,586.61,570.0,700.0,5000.0,
2026-03-17,sl-cel-upc,245140,Normal,962.23,965.0,1298.97,154722.59,
2026-03-17,sl-champ-etb,218791,Normal,171.73,161.99,195.0,500.0,
2026-03-17,sl-cz-etb,453470,Normal,308.85,300.0,350.0,785.0,
2026-03-17,sl-dr-box,624679,Normal,516.03,529.98,617.0,2000.0,
2026-03-17,sl-evs-box,242436,Normal,2524.91,2599.99,3380.0,12000.0,
2026-03-17,sl-evs-etb,243721,Normal,803.7,980.0,1545.93,3499.98,
2026-03-17,sl-fs-box,247654,Normal,999.04,980.0,1200.0,3000.0,
2026-03-17,sl-hf-etb,194729,Normal,469.54,499.95,599.99,9999.98,
2026-03-17,sl-jp-151,565243,Normal,264.29,269.99,298.44,500.0,
2026-03-17,sl-jp-terastal,603428,Normal,107.33,118.0,129.99,200.0,
2026-03-17,sl-jt-box,610931,Normal,269.74,269.95,342.47,558.43,
2026-03-17,sl-lo-box,277324,Normal,729.81,705.0,879.0,2500.0,
2026-03-17,sl-me1-box,644298,Normal,285.43,275.0,299.99,500.0,
2026-03-17,sl-obf-box,501257,Normal,344.15,340.0,399.99,1000.0,
2026-03-17,sl-pe-etb,593355,Normal,199.53,193.99,229.39,999.0,
2026-03-17,sl-pe-spc,622770,Normal,369.94,379.99,445.0,999.0,
2026-03-17,sl-pf-etb,528040,Normal,346.26,349.99,488.88,775.0,
2026-03-17,sl-phf-box,654137,Normal,348.15,334.78,360.0,799.0,
2026-03-17,sl-shf-etb,228821,Normal,113.04,110.0,133.98,500.11,
2026-03-17,sl-ss-box,565606,Normal,264.49,252.0,300.0,4999.99,
2026-03-17,sl-st-box,283389,Normal,472.36,459.41,549.99,9999.99,
2026-03-17,sl-tf-box,536225,Normal,264.48,270.98,312.0,601.0,
2026-03-17,sv2-185,497557,Normal,0.25,0.14,0.33,10.3,
2026-03-17,sv2-185,497557,Reverse Holofoil,0.64,0.25,0.83,10.0,
2026-03-17,sv2-254,497669,Holofoil,11.26,7.75,13.51,52.5,14.44
2026-03-17,sv2-269,497689,Holofoil,51.37,48.29,55.87,259.99,61.99
2026-03-17,sv3pt5-151,516566,Holofoil,9.76,5.0,9.81,100.0,18.9
2026-03-17,sv3pt5-199,517045,Holofoil,435.88,406.06,500.0,1000.0,524.3
2026-03-17,sv3pt5-205,517051,Holofoil,25.33,19.99,29.99,129.99,24.91
2026-03-17,sv3pt5-4,502555,Normal,0.2,0.01,0.2,20.0,
2026-03-17,sv3pt5-4,502555,Reverse Holofoil,0.34,0.1,0.33,14.99,0.4
2026-03-17,sv3pt5-6,502558,Holofoil,9.75,5.14,11.27,98.96,11.3
2026-03-17,sv3pt5-7,502548,Normal,0.18,0.01,0.2,2.18,
2026-03-17,sv3pt5-7,502548,Reverse Holofoil,0.33,0.01,0.3,50.0,
2026-03-17,sv4pt5-234,535090,Holofoil,247.25,230.0,303.37,799.97,221.77
2026-03-17,sv4pt5-54,534416,Holofoil,4.31,2.99,4.84,60.0,7.92
2026-03-17,sv8-57,590025,Holofoil,4.32,2.68,4.49,25.0,7.24
2026-03-17,sv8pt5-149,610504,Holofoil,180.56,180.56,220.47,999.0,
2026-03-17,sv8pt5-155,610510,Holofoil,228.73,192.46,283.81,999.0,
2026-03-17,sv8pt5-156,610511,Holofoil,297.51,298.53,390.8,999.0,
2026-03-17,sv8pt5-161,610516,Holofoil,1195.57,949.99,1399.99,5000.0,
2026-03-17,sv8pt5-167,610522,Holofoil,125.18,125.18,186.05,999.0,
2026-03-17,sv8pt5-179,610534,Holofoil,50.29,48.86,61.77,999.0,
2026-03-17,sv8pt5-28,610383,Holofoil,1.49,0.97,1.8,999.0,
2026-03-17,sv8pt5-47,610402,Normal,0.05,0.01,0.1,999.0,0.01
2026-03-17,sv8pt5-47,610402,Reverse Holofoil,0.14,0.01,0.15,999.0,0.04
2026-03-17,sv8pt5-59,610414,Holofoil,0.35,0.01,0.3,999.0,0.1
2026-03-17,sv8pt5-59,610414,Reverse Holofoil,0.46,0.08,0.41,999.0,0.4
2026-03-17,sv8pt5-60,610415,Holofoil,4.89,3.99,5.0,999.0,
2026-03-17,svp-085,518861,Normal,729.86,700.0,999.99,2500.0,
2026-03-17,swsh11-186,284137,Holofoil,681.48,538.46,703.99,1500.0,782.98
2026-03-17,swsh12-186,451834,Holofoil,382.24,338.15,487.61,2000.0,414.99
2026-03-17,swsh12pt5gg-GG69,478100,Holofoil,223.5,190.79,244.5,1000.0,239.97
2026-03-17,swsh35-25,223018,Normal,0.18,0.03,0.2,1.54,
2026-03-17,swsh35-25,223018,Reverse Holofoil,0.26,0.1,0.28,2.0,
2026-03-17,swsh35-74,223073,Holofoil,173.76,175.0,224.82,2300.0,219.69
2026-03-17,swsh45sv-SV107,232496,Holofoil,137.5,125.0,172.1,4321.0,134.99
2026-03-17,swsh7-204,246693,Holofoil,31.17,27.92,32.0,150.0,41.98
2026-03-17,swsh7-205,246696,Holofoil,321.87,289.0,364.97,4321.0,354.98
2026-03-17,swsh7-208,246755,Holofoil,32.3,28.45,37.45,48.95,43.36
2026-03-17,swsh7-209,246756,Holofoil,244.01,240.0,289.97,4321.0,261.77
2026-03-17,swsh7-211,246702,Holofoil,51.24,39.66,52.11,74.95,
2026-03-17,swsh7-212,246704,Holofoil,317.39,317.39,372.35,4321.0,317.37
2026-03-17,swsh7-215,246723,Holofoil,1803.72,1399.99,2401.7,3000.0,2999.68
2026-03-17,swsh7-218,246733,Holofoil,686.84,600.0,785.72,4321.0,748.99
2026-03-17,swsh7-41,246753,Holofoil,5.8,4.38,6.12,24.97,4.54
2026-03-17,swsh7-65,246690,Holofoil,13.65,10.99,15.0,500.0,16.12
2026-03-17,swsh7-75,246701,Holofoil,15.71,10.49,15.97,50.0,21.0
2026-03-17,swsh7-8,246691,Holofoil,7.11,5.01,7.99,100.0,8.82
2026-03-17,swsh8-271,253266,Holofoil,765.46,618.3,947.0,1499.95,618.3
2026-03-17,swsh9-154,263873,Holofoil,268.69,229.99,375.27,4321.0,292.49
2026-03-18,base1-15,42355,Holofoil,141.51,100.0,156.17,4321.0,
2026-03-18,base1-16,42356,Holofoil,52.51,27.0,49.8,4321.0,100.0
2026-03-18,base1-2,42360,Holofoil,182.42,131.53,219.0,751.27,
2026-03-18,base1-4,42382,Holofoil,488.2,624.99,755.34,4321.0,
2026-03-18,base1-58,42402,Normal,5.84,0.5,4.57,9999.0,
2026-03-18,cel25c-4,250320,Holofoil,183.2,164.99,225.0,4321.0,219.66
2026-03-18,gym2-2,83861,1st Edition Holofoil,852.01,599.99,620.0,640.0,
2026-03-18,gym2-2,83861,Unlimited Holofoil,499.52,440.0,531.79,582.5,567.17
2026-03-18,neo1-9,86903,1st Edition Holofoil,1094.48,1899.98,1899.99,2700.0,1899.98
2026-03-18,neo1-9,86903,Unlimited Holofoil,457.04,399.0,530.5,1000.0,
2026-03-18,sl-151-bundle,502000,Normal,183.2,180.0,205.36,1000.0,
2026-03-18,sl-151-etb,503313,Normal,606.93,599.0,750.0,3000.0,
2026-03-18,sl-151-upc,502005,Normal,1061.26,999.0,1300.0,40000.0,
2026-03-18,sl-ar-box,265519,Normal,386.08,388.0,480.5,899.99,
2026-03-18,sl-bs-box,256141,Normal,586.22,585.0,712.5,5000.0,
2026-03-18,sl-cel-upc,245140,Normal,962.23,979.99,1348.97,154722.59,
2026-03-18,sl-champ-etb,218791,Normal,171.73,161.99,190.24,500.0,
2026-03-18,sl-cz-etb,453470,Normal,309.81,306.01,350.0,785.0,
2026-03-18,sl-dr-box,624679,Normal,523.47,534.95,617.0,2000.0,
2026-03-18,sl-evs-box,242436,Normal,2532.91,2599.99,3437.5,12000.0,
2026-03-18,sl-evs-etb,243721,Normal,795.1,999.0,1724.98,3499.98,
2026-03-18,sl-fs-box,247654,Normal,998.08,980.0,1200.0,3000.0,
2026-03-18,sl-hf-etb,194729,Normal,469.54,499.95,599.95,9999.98,
2026-03-18,sl-jp-151,565243,Normal,273.12,269.99,298.88,500.0,
2026-03-18,sl-jp-terastal,603428,Normal,108.32,118.0,129.99,200.0,
2026-03-18,sl-jt-box,610931,Normal,269.74,264.99,296.0,558.43,
2026-03-18,sl-lo-box,277324,Normal,729.81,705.0,877.0,2500.0,
2026-03-18,sl-me1-box,644298,Normal,286.78,275.0,299.99,500.0,
2026-03-18,sl-obf-box,501257,Normal,344.15,340.0,399.97,1000.0,
2026-03-18,sl-pe-etb,593355,Normal,202.91,193.99,233.45,999.0,
2026-03-18,sl-pe-spc,622770,Normal,376.61,379.99,450.0,999.0,
2026-03-18,sl-pf-etb,528040,Normal,346.26,349.99,459.44,775.0,
2026-03-18,sl-phf-box,654137,Normal,347.11,337.68,360.0,799.0,
2026-03-18,sl-shf-etb,228821,Normal,113.04,110.0,132.95,500.11,
2026-03-18,sl-ss-box,565606,Normal,263.73,250.0,300.0,4999.99,
2026-03-18,sl-st-box,283389,Normal,471.94,469.48,549.99,9999.99,
2026-03-18,sl-tf-box,536225,Normal,268.8,270.98,319.99,601.0,
2026-03-18,sv2-185,497557,Normal,0.23,0.14,0.32,10.3,
2026-03-18,sv2-185,497557,Reverse Holofoil,0.65,0.25,0.82,10.0,1.68
2026-03-18,sv2-254,497669,Holofoil,11.17,9.5,13.48,52.5,14.44
2026-03-18,sv2-269,497689,Holofoil,51.37,48.29,56.07,259.99,61.99
2026-03-18,sv3pt5-151,516566,Holofoil,10.26,5.0,10.0,100.0,8.48
2026-03-18,sv3pt5-199,517045,Holofoil,434.29,408.0,500.0,1000.0,524.3
2026-03-18,sv3pt5-205,517051,Holofoil,25.44,20.99,30.0,129.99,33.55
2026-03-18,sv3pt5-4,502555,Normal,0.2,0.01,0.2,20.0,
2026-03-18,sv3pt5-4,502555,Reverse Holofoil,0.33,0.1,0.33,14.99,0.25
2026-03-18,sv3pt5-6,502558,Holofoil,10.8,5.14,11.3,98.96,16.35
2026-03-18,sv3pt5-7,502548,Normal,0.22,0.01,0.21,2.18,
2026-03-18,sv3pt5-7,502548,Reverse Holofoil,0.29,0.01,0.3,50.0,
2026-03-18,sv4pt5-234,535090,Holofoil,247.38,229.0,300.0,799.97,221.77
2026-03-18,sv4pt5-54,534416,Holofoil,4.91,2.95,4.68,60.0,3.45
2026-03-18,sv8-57,590025,Holofoil,4.05,2.95,4.5,40.0,7.24
2026-03-18,sv8pt5-149,610504,Holofoil,183.24,170.0,224.99,999.0,
2026-03-18,sv8pt5-155,610510,Holofoil,234.53,192.46,284.84,999.0,
2026-03-18,sv8pt5-156,610511,Holofoil,301.06,304.07,399.62,999.0,354.99
2026-03-18,sv8pt5-161,610516,Holofoil,1230.74,959.99,1499.99,5000.0,
2026-03-18,sv8pt5-167,610522,Holofoil,143.67,131.05,287.69,999.0,
2026-03-18,sv8pt5-179,610534,Holofoil,52.46,49.91,63.52,999.0,
2026-03-18,sv8pt5-28,610383,Holofoil,1.72,0.97,1.88,999.0,
2026-03-18,sv8pt5-47,610402,Normal,0.05,0.01,0.1,999.0,0.01
2026-03-18,sv8pt5-47,610402,Reverse Holofoil,0.13,0.01,0.15,999.0,0.04
2026-03-18,sv8pt5-59,610414,Holofoil,0.33,0.01,0.31,999.0,0.28
2026-03-18,sv8pt5-59,610414,Reverse Holofoil,0.46,0.08,0.43,999.0,0.4
2026-03-18,sv8pt5-60,610415,Holofoil,5.21,3.5,5.25,999.0,
2026-03-18,svp-085,518861,Normal,729.86,700.0,999.99,2500.0,
2026-03-18,swsh11-186,284137,Holofoil,681.48,538.46,708.0,1500.0,782.98
2026-03-18,swsh12-186,451834,Holofoil,383.96,369.99,487.61,2000.0,414.99
2026-03-18,swsh12pt5gg-GG69,478100,Holofoil,223.5,175.67,249.0,1000.0,249.99
2026-03-18,swsh35-25,223018,Normal,0.18,0.02,0.2,1.82,
2026-03-18,swsh35-25,223018,Reverse Holofoil,0.26,0.1,0.28,2.0,
2026-03-18,swsh35-74,223073,Holofoil,173.76,175.0,224.95,2300.0,219.69
2026-03-18,swsh45sv-SV107,232496,Holofoil,138.29,125.0,175.83,4321.0,158.49
2026-03-18,swsh7-204,246693,Holofoil,31.64,27.92,32.0,150.0,41.98
2026-03-18,swsh7-205,246696,Holofoil,321.53,289.99,367.49,4321.0,354.98
2026-03-18,swsh7-208,246755,Holofoil,33.59,28.45,37.45,48.95,
2026-03-18,swsh7-209,246756,Holofoil,246.29,240.0,294.57,4321.0,264.76
2026-03-18,swsh7-211,246702,Holofoil,51.24,39.66,52.11,74.95,
2026-03-18,swsh7-212,246704,Holofoil,317.21,317.39,375.0,4321.0,317.37
2026-03-18,swsh7-215,246723,Holofoil,1799.72,1512.69,2427.27,4000.0,2241.99
2026-03-18,swsh7-218,246733,Holofoil,686.84,549.0,799.97,4321.0,748.99
2026-03-18,swsh7-41,246753,Holofoil,5.85,4.54,6.2,24.97,6.97
2026-03-18,swsh7-65,246690,Holofoil,13.9,10.99,15.0,500.0,16.12
2026-03-18,swsh7-75,246701,Holofoil,15.83,10.49,16.0,50.0,29.99
2026-03-18,swsh7-8,246691,Holofoil,7.12,5.01,7.99,100.0,8.82
2026-03-18,swsh8-271,253266,Holofoil,765.46,618.3,945.95,1499.95,618.3
2026-03-18,swsh9-154,263873,Holofoil,262.58,263.81,372.29,4321.0,292.49
2026-03-19,base1-15,42355,Holofoil,141.51,100.0,162.01,4321.0,
2026-03-19,base1-16,42356,Holofoil,52.51,27.59,51.49,4321.0,38.99
2026-03-19,base1-2,42360,Holofoil,182.42,163.11,235.24,749.99,
2026-03-19,base1-4,42382,Holofoil,488.2,624.99,719.99,4321.0,
2026-03-19,base1-58,42402,Normal,5.82,0.5,4.29,9999.0,
2026-03-19,cel25c-4,250320,Holofoil,183.2,164.99,225.0,4321.0,180.0
2026-03-19,gym2-2,83861,1st Edition Holofoil,852.01,599.99,620.0,640.0,
2026-03-19,gym2-2,83861,Unlimited Holofoil,499.52,440.0,543.59,582.5,567.17
2026-03-19,neo1-9,86903,1st Edition Holofoil,1094.48,1899.98,1899.99,2700.0,1899.98
2026-03-19,neo1-9,86903,Unlimited Holofoil,457.04,399.0,530.5,1000.0,
2026-03-19,sl-151-bundle,502000,Normal,189.92,185.0,220.0,1000.0,
2026-03-19,sl-151-etb,503313,Normal,606.85,640.0,788.89,3000.0,
2026-03-19,sl-151-upc,502005,Normal,1061.9,940.0,1316.33,40000.0,
2026-03-19,sl-ar-box,265519,Normal,386.08,388.0,475.48,899.99,
2026-03-19,sl-bs-box,256141,Normal,587.18,585.0,725.0,5000.0,
2026-03-19,sl-cel-upc,245140,Normal,964.59,989.98,1493.44,200000.0,
2026-03-19,sl-champ-etb,218791,Normal,172.94,169.97,200.0,500.0,
2026-03-19,sl-cz-etb,453470,Normal,310.76,306.01,350.0,785.0,
2026-03-19,sl-dr-box,624679,Normal,526.05,534.95,617.0,2000.0,
2026-03-19,sl-evs-box,242436,Normal,2541.47,2599.99,3389.99,12000.0,
2026-03-19,sl-evs-etb,243721,Normal,795.1,999.0,1999.95,3499.98,
2026-03-19,sl-fs-box,247654,Normal,998.08,980.0,1200.0,3000.0,
2026-03-19,sl-hf-etb,194729,Normal,469.54,499.95,599.99,9999.98,
2026-03-19,sl-jp-151,565243,Normal,278.0,269.99,321.0,500.0,
2026-03-19,sl-jp-terastal,603428,Normal,109.74,118.0,129.99,200.0,
2026-03-19,sl-jt-box,610931,Normal,269.54,259.99,296.0,558.43,
2026-03-19,sl-lo-box,277324,Normal,728.25,705.0,879.0,2500.0,
2026-03-19,sl-me1-box,644298,Normal,287.38,275.0,300.0,500.0,
2026-03-19,sl-obf-box,501257,Normal,344.35,340.0,399.99,1000.0,
2026-03-19,sl-pe-etb,593355,Normal,203.5,195.0,239.97,999.0,
2026-03-19,sl-pe-spc,622770,Normal,377.97,385.0,439.5,999.0,
2026-03-19,sl-pf-etb,528040,Normal,347.42,349.99,429.99,775.0,
2026-03-19,sl-phf-box,654137,Normal,348.44,337.68,396.98,799.0,
2026-03-19,sl-shf-etb,228821,Normal,113.27,109.99,136.23,500.11,
2026-03-19,sl-ss-box,565606,Normal,264.5,250.0,300.0,4999.99,
2026-03-19,sl-st-box,283389,Normal,471.94,469.48,549.99,9999.99,
2026-03-19,sl-tf-box,536225,Normal,268.8,270.98,319.99,601.0,
2026-03-19,sv2-185,497557,Normal,0.23,0.1,0.32,25.0,
2026-03-19,sv2-185,497557,Reverse Holofoil,0.69,0.25,0.8,10.0,1.8
2026-03-19,sv2-254,497669,Holofoil,9.96,9.99,13.48,52.5,11.43
2026-03-19,sv2-269,497689,Holofoil,51.4,45.99,55.86,259.99,61.99
2026-03-19,sv3pt5-151,516566,Holofoil,9.95,5.0,10.0,100.0,18.76
2026-03-19,sv3pt5-199,517045,Holofoil,428.63,408.0,497.52,1000.0,424.98
2026-03-19,sv3pt5-205,517051,Holofoil,29.13,20.99,32.01,129.99,47.99
2026-03-19,sv3pt5-4,502555,Normal,0.19,0.01,0.2,20.0,0.17
2026-03-19,sv3pt5-4,502555,Reverse Holofoil,0.43,0.1,0.34,14.99,0.25
2026-03-19,sv3pt5-6,502558,Holofoil,9.65,5.14,11.29,98.96,16.87
2026-03-19,sv3pt5-7,502548,Normal,0.21,0.01,0.21,1.5,
2026-03-19,sv3pt5-7,502548,Reverse Holofoil,0.3,0.01,0.3,50.0,0.29
2026-03-19,sv4pt5-234,535090,Holofoil,251.73,229.0,300.0,799.97,221.77
2026-03-19,sv4pt5-54,534416,Holofoil,4.52,2.95,4.75,60.0,4.32
2026-03-19,sv8-57,590025,Holofoil,4.7,2.96,4.57,40.0,7.24
2026-03-19,sv8pt5-149,610504,Holofoil,183.2,192.32,224.99,999.0,
2026-03-19,sv8pt5-155,610510,Holofoil,233.03,192.46,285.04,999.0,
2026-03-19,sv8pt5-156,610511,Holofoil,307.04,304.07,441.75,999.0,
2026-03-19,sv8pt5-161,610516,Holofoil,1245.78,966.66,1800.0,5000.0,
2026-03-19,sv8pt5-167,610522,Holofoil,146.55,141.21,434.99,999.0,
2026-03-19,sv8pt5-179,610534,Holofoil,53.4,49.91,65.58,999.0,
2026-03-19,sv8pt5-28,610383,Holofoil,1.88,0.97,1.88,999.0,
2026-03-19,sv8pt5-47,610402,Normal,0.06,0.01,0.1,999.0,0.01
2026-03-19,sv8pt5-47,610402,Reverse Holofoil,0.14,0.01,0.15,999.0,0.04
2026-03-19,sv8pt5-59,610414,Holofoil,0.4,0.01,0.32,999.0,0.3
2026-03-19,sv8pt5-59,610414,Reverse Holofoil,0.46,0.08,0.44,999.0,0.4
2026-03-19,sv8pt5-60,610415,Holofoil,5.19,3.81,5.25,999.0,
2026-03-19,svp-085,518861,Normal,729.86,700.0,999.99,2500.0,
2026-03-19,swsh11-186,284137,Holofoil,681.48,538.46,703.99,1500.0,782.98
2026-03-19,swsh12-186,451834,Holofoil,385.99,369.99,499.69,2000.0,419.99
2026-03-19,swsh12pt5gg-GG69,478100,Holofoil,225.04,210.99,244.5,1000.0,249.99
2026-03-19,swsh35-25,223018,Normal,0.18,0.01,0.2,1.82,
2026-03-19,swsh35-25,223018,Reverse Holofoil,0.26,0.1,0.28,2.0,
2026-03-19,swsh35-74,223073,Holofoil,173.76,175.0,225.42,2300.0,219.69
2026-03-19,swsh45sv-SV107,232496,Holofoil,138.73,125.0,177.9,4321.0,125.99
2026-03-19,swsh7-204,246693,Holofoil,31.64,28.0,32.0,150.0,41.98
2026-03-19,swsh7-205,246696,Holofoil,321.53,289.99,364.99,4321.0,354.98
2026-03-19,swsh7-208,246755,Holofoil,33.59,28.45,39.89,48.95,
2026-03-19,swsh7-209,246756,Holofoil,246.97,240.0,294.57,4321.0,246.25
2026-03-19,swsh7-211,246702,Holofoil,51.24,39.66,52.99,74.95,
2026-03-19,swsh7-212,246704,Holofoil,315.19,315.19,378.99,4321.0,317.37
2026-03-19,swsh7-215,246723,Holofoil,1822.24,1512.69,2299.0,4000.0,2241.0
2026-03-19,swsh7-218,246733,Holofoil,692.89,549.0,800.98,4321.0,766.49
2026-03-19,swsh7-41,246753,Holofoil,6.14,4.54,6.32,24.97,8.83
2026-03-19,swsh7-65,246690,Holofoil,14.28,10.99,15.08,500.0,14.03
2026-03-19,swsh7-75,246701,Holofoil,16.04,10.49,16.3,50.0,29.95
2026-03-19,swsh7-8,246691,Holofoil,7.13,5.01,8.0,100.0,8.82
2026-03-19,swsh8-271,253266,Holofoil,759.86,618.3,947.0,1499.95,618.3
2026-03-19,swsh9-154,263873,Holofoil,265.02,263.81,378.23,4321.0,292.49
2026-03-20,base1-15,42355,Holofoil,142.37,100.0,162.1,4321.0,
2026-03-20,base1-16,42356,Holofoil,52.51,27.59,49.99,4321.0,41.99
2026-03-20,base1-2,42360,Holofoil,182.42,163.11,251.4,749.99,
2026-03-20,base1-4,42382,Holofoil,488.2,599.99,719.99,4321.0,
2026-03-20,base1-58,42402,Normal,5.48,0.5,4.08,9999.0,
2026-03-20,cel25c-4,250320,Holofoil,183.61,164.99,219.66,4321.0,180.0
2026-03-20,gym2-2,83861,1st Edition Holofoil,852.01,599.99,620.0,640.0,
2026-03-20,gym2-2,83861,Unlimited Holofoil,499.52,440.0,531.79,582.5,567.17
2026-03-20,neo1-9,86903,1st Edition Holofoil,1094.48,1899.98,1899.99,2700.0,1899.98
2026-03-20,neo1-9,86903,Unlimited Holofoil,457.04,399.0,530.5,1000.0,
2026-03-20,sl-151-bundle,502000,Normal,192.64,185.0,214.0,1000.0,
2026-03-20,sl-151-etb,503313,Normal,609.33,640.0,788.89,3000.0,
2026-03-20,sl-151-upc,502005,Normal,1056.9,915.0,1316.33,40000.0,
2026-03-20,sl-ar-box,265519,Normal,386.6,388.0,469.98,899.99,
2026-03-20,sl-bs-box,256141,Normal,587.18,585.0,725.0,5000.0,
2026-03-20,sl-cel-upc,245140,Normal,964.59,989.98,1498.0,200000.0,
2026-03-20,sl-champ-etb,218791,Normal,172.3,169.97,200.0,500.0,
2026-03-20,sl-cz-etb,453470,Normal,309.17,306.01,350.0,785.0,
2026-03-20,sl-dr-box,624679,Normal,529.7,567.98,627.5,2000.0,
2026-03-20,sl-evs-box,242436,Normal,2557.47,2625.0,3485.0,12000.0,
2026-03-20,sl-evs-etb,243721,Normal,803.7,999.0,1999.97,3499.98,
2026-03-20,sl-fs-box,247654,Normal,997.64,975.0,1199.98,3000.0,
2026-03-20,sl-hf-etb,194729,Normal,471.94,499.95,599.97,9999.98,
2026-03-20,sl-jp-151,565243,Normal,279.69,297.0,349.95,500.0,
2026-03-20,sl-jp-terastal,603428,Normal,113.57,115.0,129.99,200.0,
2026-03-20,sl-jt-box,610931,Normal,269.74,269.95,296.0,558.43,
2026-03-20,sl-lo-box,277324,Normal,728.25,705.0,879.0,2500.0,
2026-03-20,sl-me1-box,644298,Normal,288.51,275.0,299.99,500.0,
2026-03-20,sl-obf-box,501257,Normal,344.35,340.0,399.99,1000.0,
2026-03-20,sl-pe-etb,593355,Normal,203.95,195.0,242.5,999.0,
2026-03-20,sl-pe-spc,622770,Normal,382.89,389.96,440.0,999.0,
2026-03-20,sl-pf-etb,528040,Normal,347.74,349.99,429.99,775.0,
2026-03-20,sl-phf-box,654137,Normal,349.73,340.0,399.0,799.0,
2026-03-20,sl-shf-etb,228821,Normal,113.03,109.99,139.99,500.11,
2026-03-20,sl-ss-box,565606,Normal,261.54,245.0,300.0,4999.99,
2026-03-20,sl-st-box,283389,Normal,473.36,469.0,500.0,9999.99,
2026-03-20,sl-tf-box,536225,Normal,270.22,270.98,320.0,601.0,
2026-03-20,sv2-185,497557,Normal,0.24,0.1,0.32,25.0,
2026-03-20,sv2-185,497557,Reverse Holofoil,0.75,0.25,0.84,10.0,1.8
2026-03-20,sv2-254,497669,Holofoil,10.07,9.77,13.35,52.5,17.74
2026-03-20,sv2-269,497689,Holofoil,51.92,46.05,56.09,259.99,61.99
2026-03-20,sv3pt5-151,516566,Holofoil,11.57,5.0,10.12,4321.0,15.55
2026-03-20,sv3pt5-199,517045,Holofoil,429.8,405.0,487.97,1000.0,521.25
2026-03-20,sv3pt5-205,517051,Holofoil,29.09,20.99,33.57,129.99,29.99
2026-03-20,sv3pt5-4,502555,Normal,0.19,0.01,0.2,20.0,0.18
2026-03-20,sv3pt5-4,502555,Reverse Holofoil,0.44,0.1,0.35,14.99,0.23
2026-03-20,sv3pt5-6,502558,Holofoil,9.92,5.14,10.9,4321.0,14.92
2026-03-20,sv3pt5-7,502548,Normal,0.19,0.01,0.2,1.5,
2026-03-20,sv3pt5-7,502548,Reverse Holofoil,0.35,0.01,0.3,50.0,0.23
2026-03-20,sv4pt5-234,535090,Holofoil,255.0,228.0,301.84,799.97,221.77
2026-03-20,sv4pt5-54,534416,Holofoil,4.38,2.95,4.7,60.0,6.99
2026-03-20,sv8-57,590025,Holofoil,4.62,2.98,4.82,40.0,7.24
2026-03-20,sv8pt5-149,610504,Holofoil,178.97,190.0,224.99,999.0,
2026-03-20,sv8pt5-155,610510,Holofoil,232.24,192.46,284.48,999.0,
2026-03-20,sv8pt5-156,610511,Holofoil,308.89,304.07,440.87,999.0,
2026-03-20,sv8pt5-161,610516,Holofoil,1255.78,966.66,1700.0,5000.0,
2026-03-20,sv8pt5-167,610522,Holofoil,146.55,249.69,550.0,999.0,249.69
2026-03-20,sv8pt5-179,610534,Holofoil,53.71,49.0,70.33,999.0,
2026-03-20,sv8pt5-28,610383,Holofoil,1.91,0.97,1.93,999.0,
2026-03-20,sv8pt5-47,610402,Normal,0.05,0.01,0.1,999.0,0.01
2026-03-20,sv8pt5-47,610402,Reverse Holofoil,0.11,0.01,0.15,999.0,0.04
2026-03-20,sv8pt5-59,610414,Holofoil,0.44,0.01,0.33,999.0,0.31
2026-03-20,sv8pt5-59,610414,Reverse Holofoil,0.49,0.08,0.44,999.0,0.4
2026-03-20,sv8pt5-60,610415,Holofoil,5.16,3.75,5.25,999.0,
2026-03-20,svp-085,518861,Normal,776.41,700.0,1000.0,2500.0,
2026-03-20,swsh11-186,284137,Holofoil,675.27,550.0,719.35,1500.0,782.98
2026-03-20,swsh12-186,451834,Holofoil,385.99,385.99,499.99,2000.0,393.97
2026-03-20,swsh12pt5gg-GG69,478100,Holofoil,226.46,210.99,241.92,1000.0,249.99
2026-03-20,swsh35-25,223018,Normal,0.18,0.02,0.2,1.82,
2026-03-20,swsh35-25,223018,Reverse Holofoil,0.26,0.1,0.28,2.0,
2026-03-20,swsh35-74,223073,Holofoil,173.76,175.0,225.42,2300.0,219.69
2026-03-20,swsh45sv-SV107,232496,Holofoil,139.67,125.0,183.13,4321.0,158.49
2026-03-20,swsh7-204,246693,Holofoil,32.31,28.0,32.32,150.0,44.66
2026-03-20,swsh7-205,246696,Holofoil,325.28,289.99,374.06,4321.0,354.98
2026-03-20,swsh7-208,246755,Holofoil,33.59,28.45,39.95,48.95,
2026-03-20,swsh7-209,246756,Holofoil,246.97,240.0,288.89,4321.0,246.25
2026-03-20,swsh7-211,246702,Holofoil,51.24,39.66,52.55,74.95,
2026-03-20,swsh7-212,246704,Holofoil,313.07,315.19,377.0,4321.0,317.37
2026-03-20,swsh7-215,246723,Holofoil,1822.24,2031.62,2476.4,4000.0,2241.0
2026-03-20,swsh7-218,246733,Holofoil,701.42,549.0,800.98,4321.0,801.99
2026-03-20,swsh7-41,246753,Holofoil,6.19,4.54,6.32,24.97,8.19
2026-03-20,swsh7-65,246690,Holofoil,14.11,10.99,15.13,500.0,18.95
2026-03-20,swsh7-75,246701,Holofoil,16.09,10.49,16.41,50.0,29.95
2026-03-20,swsh7-8,246691,Holofoil,7.43,5.01,8.0,4321.0,12.59
2026-03-20,swsh8-271,253266,Holofoil,761.86,618.3,947.69,1499.95,618.3
2026-03-20,swsh9-154,263873,Holofoil,263.22,220.67,358.83,4321.0,220.67
2026-03-21,base1-15,42355,Holofoil,142.37,100.0,162.1,4321.0,399.99
2026-03-21,base1-16,42356,Holofoil,52.72,27.59,51.49,4321.0,41.99
2026-03-21,base1-2,42360,Holofoil,182.42,163.11,262.2,749.99,
2026-03-21,base1-4,42382,Holofoil,485.57,400.0,709.99,4321.0,
2026-03-21,base1-58,42402,Normal,5.34,0.5,4.0,9999.0,
2026-03-21,cel25c-4,250320,Holofoil,182.85,164.99,229.97,4321.0,219.66
2026-03-21,gym2-2,83861,1st Edition Holofoil,852.01,599.99,620.0,640.0,
2026-03-21,gym2-2,83861,Unlimited Holofoil,499.52,440.0,543.59,582.5,567.17
2026-03-21,neo1-9,86903,1st Edition Holofoil,1094.48,1798.78,1899.99,2700.0,1899.98
2026-03-21,neo1-9,86903,Unlimited Holofoil,457.04,399.0,512.25,1000.0,
2026-03-21,sl-151-bundle,502000,Normal,187.66,182.0,213.01,1000.0,
2026-03-21,sl-151-etb,503313,Normal,610.05,640.0,788.89,3000.0,
2026-03-21,sl-151-upc,502005,Normal,1006.29,940.0,1366.32,40000.0,
2026-03-21,sl-ar-box,265519,Normal,386.6,388.0,469.98,899.99,
2026-03-21,sl-bs-box,256141,Normal,586.58,585.0,725.0,5000.0,
2026-03-21,sl-cel-upc,245140,Normal,972.43,1024.98,1499.0,200000.0,
2026-03-21,sl-champ-etb,218791,Normal,172.82,169.97,199.5,500.0,
2026-03-21,sl-cz-etb,453470,Normal,307.56,306.01,350.0,785.0,
2026-03-21,sl-dr-box,624679,Normal,544.82,570.0,675.0,2000.0,
2026-03-21,sl-evs-box,242436,Normal,2557.47,2550.0,3437.5,12000.0,
2026-03-21,sl-evs-etb,243721,Normal,803.7,999.0,1999.97,3499.98,
2026-03-21,sl-fs-box,247654,Normal,997.64,973.01,1200.0,3000.0,
2026-03-21,sl-hf-etb,194729,Normal,479.14,500.0,599.99,9999.98,
2026-03-21,sl-jp-151,565243,Normal,279.69,297.0,348.88,500.0,
2026-03-21,sl-jp-terastal,603428,Normal,115.81,115.0,129.99,200.0,
2026-03-21,sl-jt-box,610931,Normal,270.54,269.95,292.0,558.43,
2026-03-21,sl-lo-box,277324,Normal,727.25,728.0,886.0,2500.0,
2026-03-21,sl-me1-box,644298,Normal,288.72,275.0,299.99,500.0,
2026-03-21,sl-obf-box,501257,Normal,343.95,340.0,399.99,1000.0,
2026-03-21,sl-pe-etb,593355,Normal,201.9,199.98,249.44,999.0,
2026-03-21,sl-pe-spc,622770,Normal,391.41,390.0,440.0,999.0,
2026-03-21,sl-pf-etb,528040,Normal,350.42,349.99,459.44,775.0,
2026-03-21,sl-phf-box,654137,Normal,350.62,348.0,399.0,799.0,
2026-03-21,sl-shf-etb,228821,Normal,113.07,109.99,144.97,500.11,
2026-03-21,sl-ss-box,565606,Normal,259.41,245.0,300.0,4999.99,
2026-03-21,sl-st-box,283389,Normal,473.34,469.0,525.0,9999.99,
2026-03-21,sl-tf-box,536225,Normal,274.37,277.49,325.0,601.0,
2026-03-21,sv2-185,497557,Normal,0.25,0.1,0.32,10.3,0.23
2026-03-21,sv2-185,497557,Reverse Holofoil,0.78,0.25,0.83,10.0,1.8
2026-03-21,sv2-254,497669,Holofoil,10.06,9.81,13.51,52.5,17.74
2026-03-21,sv2-269,497689,Holofoil,53.29,48.29,57.93,259.99,54.13
2026-03-21,sv3pt5-151,516566,Holofoil,10.87,2.7,10.26,4321.0,8.58
2026-03-21,sv3pt5-199,517045,Holofoil,437.39,395.0,485.0,1000.0,419.99
2026-03-21,sv3pt5-205,517051,Holofoil,28.01,20.99,32.0,129.99,23.4
2026-03-21,sv3pt5-4,502555,Normal,0.19,0.01,0.2,20.0,0.18
2026-03-21,sv3pt5-4,502555,Reverse Holofoil,0.43,0.1,0.35,14.99,0.23
2026-03-21,sv3pt5-6,502558,Holofoil,12.08,5.14,11.21,4321.0,29.09
2026-03-21,sv3pt5-7,502548,Normal,0.2,0.01,0.2,1.72,
2026-03-21,sv3pt5-7,502548,Reverse Holofoil,0.4,0.01,0.32,50.0,0.32
2026-03-21,sv4pt5-234,535090,Holofoil,257.39,228.0,303.67,799.97,221.77
2026-03-21,sv4pt5-54,534416,Holofoil,4.57,2.95,4.78,60.0,3.81
2026-03-21,sv8-57,590025,Holofoil,4.69,3.0,4.6,40.0,6.38
2026-03-21,sv8pt5-149,610504,Holofoil,179.49,192.32,229.9,999.0,
2026-03-21,sv8pt5-155,610510,Holofoil,233.18,233.18,287.48,999.0,
2026-03-21,sv8pt5-156,610511,Holofoil,317.91,304.07,475.99,999.0,
2026-03-21,sv8pt5-161,610516,Holofoil,1280.58,966.66,1725.0,5000.0,1986.68
2026-03-21,sv8pt5-167,610522,Holofoil,156.72,249.65,524.85,999.0,549.69
2026-03-21,sv8pt5-179,610534,Holofoil,52.83,60.0,75.0,999.0,
2026-03-21,sv8pt5-28,610383,Holofoil,1.7,0.97,1.93,999.0,
2026-03-21,sv8pt5-47,610402,Normal,0.04,0.01,0.1,999.0,0.01
2026-03-21,sv8pt5-47,610402,Reverse Holofoil,0.09,0.01,0.15,999.0,0.04
2026-03-21,sv8pt5-59,610414,Holofoil,0.27,0.01,0.33,999.0,0.36
2026-03-21,sv8pt5-59,610414,Reverse Holofoil,0.43,0.08,0.44,999.0,0.4
2026-03-21,sv8pt5-60,610415,Holofoil,4.71,3.8,5.09,999.0,
2026-03-21,svp-085,518861,Normal,776.41,700.0,999.99,2500.0,
2026-03-21,swsh11-186,284137,Holofoil,675.27,605.0,719.35,1500.0,782.98
2026-03-21,swsh12-186,451834,Holofoil,388.55,387.0,523.32,2000.0,499.69
2026-03-21,swsh12pt5gg-GG69,478100,Holofoil,229.41,210.99,249.49,1000.0,266.96
2026-03-21,swsh35-25,223018,Normal,0.19,0.02,0.2,1.82,
2026-03-21,swsh35-25,223018,Reverse Holofoil,0.26,0.1,0.28,2.0,
2026-03-21,swsh35-74,223073,Holofoil,172.09,150.0,224.82,2300.0,219.69
2026-03-21,swsh45sv-SV107,232496,Holofoil,140.55,121.8,173.45,4321.0,158.49
2026-03-21,swsh7-204,246693,Holofoil,32.42,28.0,32.63,150.0,44.66
2026-03-21,swsh7-205,246696,Holofoil,324.22,309.02,395.0,4321.0,354.98
2026-03-21,swsh7-208,246755,Holofoil,33.42,28.45,41.37,48.95,45.47
2026-03-21,swsh7-209,246756,Holofoil,246.97,240.0,288.89,4321.0,246.25
2026-03-21,swsh7-211,246702,Holofoil,51.26,39.66,52.55,74.95,
2026-03-21,swsh7-212,246704,Holofoil,322.77,338.01,399.85,4321.0,317.37
2026-03-21,swsh7-215,246723,Holofoil,1822.24,2090.0,2900.0,4000.0,2900.0
2026-03-21,swsh7-218,246733,Holofoil,712.38,549.0,850.0,4321.0,801.99
2026-03-21,swsh7-41,246753,Holofoil,6.26,4.54,6.5,24.97,8.4
2026-03-21,swsh7-65,246690,Holofoil,14.34,10.99,15.39,1325.0,18.08
2026-03-21,swsh7-75,246701,Holofoil,16.43,10.49,16.51,50.0,29.99
2026-03-21,swsh7-8,246691,Holofoil,7.48,5.01,8.02,4321.0,12.59
2026-03-21,swsh8-271,253266,Holofoil,780.5,618.3,947.69,1499.95,618.3
2026-03-21,swsh9-154,263873,Holofoil,265.54,220.67,368.92,4321.0,220.67
2026-03-22,base1-15,42355,Holofoil,142.37,100.0,163.41,4321.0,399.99
2026-03-22,base1-16,42356,Holofoil,52.54,27.59,50.8,4321.0,41.99
2026-03-22,base1-2,42360,Holofoil,182.42,161.52,268.3,749.99,
2026-03-22,base1-4,42382,Holofoil,483.0,400.0,709.99,4321.0,
2026-03-22,base1-58,42402,Normal,5.12,0.5,4.04,9999.0,
2026-03-22,cel25c-4,250320,Holofoil,182.31,164.99,229.97,4321.0,219.66
2026-03-22,gym2-2,83861,1st Edition Holofoil,852.01,599.99,620.0,640.0,
2026-03-22,gym2-2,83861,Unlimited Holofoil,499.52,440.0,543.59,582.5,567.17
2026-03-22,neo1-9,86903,1st Edition Holofoil,1094.48,1798.78,1899.99,2700.0,1899.98
2026-03-22,neo1-9,86903,Unlimited Holofoil,457.04,399.0,494.0,1000.0,
2026-03-22,sl-151-bundle,502000,Normal,188.86,185.0,214.99,1000.0,
2026-03-22,sl-151-etb,503313,Normal,610.05,639.0,777.77,3000.0,
2026-03-22,sl-151-upc,502005,Normal,1010.61,940.0,1300.0,40000.0,
2026-03-22,sl-ar-box,265519,Normal,386.72,389.99,474.95,899.99,
2026-03-22,sl-bs-box,256141,Normal,586.58,585.0,735.0,5000.0,
2026-03-22,sl-cel-upc,245140,Normal,975.83,1049.99,1500.0,200000.0,
2026-03-22,sl-champ-etb,218791,Normal,172.86,165.0,200.0,500.0,
2026-03-22,sl-cz-etb,453470,Normal,309.33,300.0,350.0,785.0,
2026-03-22,sl-dr-box,624679,Normal,550.86,569.99,650.0,2000.0,
2026-03-22,sl-evs-box,242436,Normal,2557.47,2550.0,3485.0,12000.0,
2026-03-22,sl-evs-etb,243721,Normal,803.7,999.0,1999.97,3499.98,
2026-03-22,sl-fs-box,247654,Normal,996.88,973.01,1200.0,3000.0,
2026-03-22,sl-hf-etb,194729,Normal,479.14,500.0,599.99,9999.98,
2026-03-22,sl-jp-151,565243,Normal,284.05,297.0,349.42,500.0,
2026-03-22,sl-jp-terastal,603428,Normal,119.33,105.0,130.0,200.0,
2026-03-22,sl-jt-box,610931,Normal,270.26,269.95,319.99,558.43,
2026-03-22,sl-lo-box,277324,Normal,727.25,728.0,886.0,2500.0,
2026-03-22,sl-me1-box,644298,Normal,288.54,275.0,299.99,500.0,
2026-03-22,sl-obf-box,501257,Normal,343.95,340.0,399.99,1000.0,
2026-03-22,sl-pe-etb,593355,Normal,208.53,209.98,249.99,999.0,
2026-03-22,sl-pe-spc,622770,Normal,391.3,381.99,439.5,999.0,
2026-03-22,sl-pf-etb,528040,Normal,350.42,374.99,499.99,775.0,
2026-03-22,sl-phf-box,654137,Normal,353.5,349.99,400.0,799.0,
2026-03-22,sl-shf-etb,228821,Normal,112.67,109.99,139.99,500.11,
2026-03-22,sl-ss-box,565606,Normal,259.25,245.0,300.0,4999.99,
2026-03-22,sl-st-box,283389,Normal,473.34,469.0,539.99,9999.99,
2026-03-22,sl-tf-box,536225,Normal,275.39,277.49,325.0,601.0,
2026-03-22,sv2-185,497557,Normal,0.33,0.1,0.34,10.3,0.28
2026-03-22,sv2-185,497557,Reverse Holofoil,0.86,0.25,0.89,10.0,0.66
2026-03-22,sv2-254,497669,Holofoil,10.48,9.91,13.44,52.5,13.0
2026-03-22,sv2-269,497689,Holofoil,53.64,48.29,57.93,259.99,54.13
2026-03-22,sv3pt5-151,516566,Holofoil,8.85,5.0,10.0,4321.0,8.67
2026-03-22,sv3pt5-199,517045,Holofoil,434.83,380.0,486.2,1000.0,549.99
2026-03-22,sv3pt5-205,517051,Holofoil,26.53,20.99,30.0,129.99,27.0
2026-03-22,sv3pt5-4,502555,Normal,0.22,0.01,0.22,20.0,
2026-03-22,sv3pt5-4,502555,Reverse Holofoil,0.4,0.1,0.36,14.99,0.25
2026-03-22,sv3pt5-6,502558,Holofoil,10.15,5.14,11.46,4321.0,7.0
2026-03-22,sv3pt5-7,502548,Normal,0.2,0.01,0.2,1.97,
2026-03-22,sv3pt5-7,502548,Reverse Holofoil,0.4,0.01,0.33,50.0,0.35
2026-03-22,sv4pt5-234,535090,Holofoil,257.39,228.0,303.67,799.97,221.77
2026-03-22,sv4pt5-54,534416,Holofoil,4.57,2.99,4.7,60.0,6.0
2026-03-22,sv8-57,590025,Holofoil,4.79,2.99,4.77,40.0,7.24
2026-03-22,sv8pt5-149,610504,Holofoil,184.03,190.0,234.58,999.0,
2026-03-22,sv8pt5-155,610510,Holofoil,231.54,243.32,284.93,999.0,
2026-03-22,sv8pt5-156,610511,Holofoil,319.48,305.38,479.99,999.0,
2026-03-22,sv8pt5-161,610516,Holofoil,1289.88,1499.99,1899.0,5000.0,1979.68
2026-03-22,sv8pt5-167,610522,Holofoil,159.39,159.0,500.0,999.0,
2026-03-22,sv8pt5-179,610534,Holofoil,52.87,52.83,74.99,999.0,
2026-03-22,sv8pt5-28,610383,Holofoil,1.66,0.97,1.93,999.0,
2026-03-22,sv8pt5-47,610402,Normal,0.04,0.01,0.1,999.0,0.01
2026-03-22,sv8pt5-47,610402,Reverse Holofoil,0.09,0.01,0.15,999.0,0.04
2026-03-22,sv8pt5-59,610414,Holofoil,0.32,0.01,0.31,999.0,0.35
2026-03-22,sv8pt5-59,610414,Reverse Holofoil,0.41,0.08,0.42,999.0,0.42
2026-03-22,sv8pt5-60,610415,Holofoil,4.66,3.8,5.08,999.0,
2026-03-22,svp-085,518861,Normal,776.41,700.0,999.99,2500.0,
2026-03-22,swsh11-186,284137,Holofoil,675.27,607.74,725.0,1500.0,782.99
2026-03-22,swsh12-186,451834,Holofoil,388.55,400.0,510.99,2000.0,499.69
2026-03-22,swsh12pt5gg-GG69,478100,Holofoil,229.22,210.99,249.49,1000.0,266.43
2026-03-22,swsh35-25,223018,Normal,0.16,0.02,0.19,1.82,
2026-03-22,swsh35-25,223018,Reverse Holofoil,0.26,0.1,0.28,2.0,
2026-03-22,swsh35-74,223073,Holofoil,170.69,172.09,224.2,2300.0,219.69
2026-03-22,swsh45sv-SV107,232496,Holofoil,140.55,121.8,175.69,4321.0,158.49
2026-03-22,swsh7-204,246693,Holofoil,32.42,28.0,32.63,150.0,47.05
2026-03-22,swsh7-205,246696,Holofoil,324.22,308.94,383.5,4321.0,359.97
2026-03-22,swsh7-208,246755,Holofoil,34.09,28.45,37.5,48.95,
2026-03-22,swsh7-209,246756,Holofoil,246.97,240.0,289.43,4321.0,264.76
2026-03-22,swsh7-211,246702,Holofoil,51.14,39.66,52.99,74.95,
2026-03-22,swsh7-212,246704,Holofoil,322.77,338.01,399.85,4321.0,317.37
2026-03-22,swsh7-215,246723,Holofoil,1822.24,2090.0,2749.83,4000.0,2999.68
2026-03-22,swsh7-218,246733,Holofoil,706.85,549.0,850.0,4321.0,898.69
2026-03-22,swsh7-41,246753,Holofoil,6.17,4.54,6.52,24.97,6.47
2026-03-22,swsh7-65,246690,Holofoil,14.3,10.99,15.5,1325.0,18.32
2026-03-22,swsh7-75,246701,Holofoil,16.34,10.49,16.44,50.0,14.6
2026-03-22,swsh7-8,246691,Holofoil,7.45,5.01,8.0,4321.0,7.45
2026-03-22,swsh8-271,253266,Holofoil,777.7,618.3,948.34,1499.95,618.3
2026-03-22,swsh9-154,263873,Holofoil,265.54,243.74,371.31,4321.0,324.98
2026-03-23,base1-15,42355,Holofoil,143.2,100.0,171.36,4321.0,399.99
2026-03-23,base1-16,42356,Holofoil,52.54,27.59,51.97,4321.0,28.76
2026-03-23,base1-2,42360,Holofoil,183.48,142.9,281.36,749.99,
2026-03-23,base1-4,42382,Holofoil,484.26,649.99,744.51,4321.0,
2026-03-23,base1-58,42402,Normal,4.95,0.5,4.0,9999.0,
2026-03-23,cel25c-4,250320,Holofoil,181.57,164.99,225.0,4321.0,181.57
2026-03-23,gym2-2,83861,Unlimited Holofoil,499.52,440.0,543.59,699.99,400.0
2026-03-23,neo1-9,86903,1st Edition Holofoil,1798.78,1899.98,1899.99,2700.0,1899.98
2026-03-23,neo1-9,86903,Unlimited Holofoil,457.04,399.0,494.0,1000.0,
2026-03-23,sl-151-bundle,502000,Normal,189.65,184.0,213.01,1000.0,
2026-03-23,sl-151-etb,503313,Normal,611.37,610.45,725.0,3000.0,
2026-03-23,sl-151-upc,502005,Normal,1002.21,900.0,1224.99,40000.0,
2026-03-23,sl-ar-box,265519,Normal,386.72,389.99,469.98,899.99,
2026-03-23,sl-bs-box,256141,Normal,587.18,585.0,725.0,5000.0,
2026-03-23,sl-cel-upc,245140,Normal,975.83,1049.99,1500.0,200000.0,
2026-03-23,sl-champ-etb,218791,Normal,172.46,165.0,200.0,500.0,
2026-03-23,sl-cz-etb,453470,Normal,312.23,300.0,350.0,785.0,
2026-03-23,sl-dr-box,624679,Normal,562.28,570.0,699.99,2000.0,
2026-03-23,sl-evs-box,242436,Normal,2557.47,2550.0,3485.0,12000.0,
2026-03-23,sl-evs-etb,243721,Normal,803.7,999.0,1999.95,3499.98,
2026-03-23,sl-fs-box,247654,Normal,990.28,973.01,1199.95,3000.0,
2026-03-23,sl-hf-etb,194729,Normal,479.14,500.0,599.99,9999.98,
2026-03-23,sl-jp-151,565243,Normal,285.33,297.0,348.88,500.0,
2026-03-23,sl-jp-terastal,603428,Normal,119.43,105.0,130.0,200.0,
2026-03-23,sl-jt-box,610931,Normal,270.49,269.95,335.0,558.43,
2026-03-23,sl-lo-box,277324,Normal,726.21,725.0,879.0,2500.0,
2026-03-23,sl-me1-box,644298,Normal,288.56,275.0,299.99,500.0,
2026-03-23,sl-obf-box,501257,Normal,344.79,340.0,399.99,1000.0,
2026-03-23,sl-pe-etb,593355,Normal,212.83,200.01,249.87,999.0,
2026-03-23,sl-pe-spc,622770,Normal,390.65,370.0,402.95,999.0,
2026-03-23,sl-pf-etb,528040,Normal,350.42,350.42,494.44,775.0,
2026-03-23,sl-phf-box,654137,Normal,355.74,367.49,400.0,799.0,
2026-03-23,sl-shf-etb,228821,Normal,112.55,109.99,139.99,500.11,
2026-03-23,sl-ss-box,565606,Normal,259.35,251.0,300.0,4999.99,
2026-03-23,sl-st-box,283389,Normal,473.34,469.0,529.99,9999.99,
2026-03-23,sl-tf-box,536225,Normal,275.95,275.0,319.99,601.0,
2026-03-23,sv2-185,497557,Normal,0.29,0.1,0.33,10.3,
2026-03-23,sv2-185,497557,Reverse Holofoil,0.93,0.25,0.95,10.0,1.8
2026-03-23,sv2-254,497669,Holofoil,10.86,9.0,13.35,52.5,13.0
2026-03-23,sv2-269,497689,Holofoil,53.85,47.0,58.26,259.99,61.99
2026-03-23,sv3pt5-151,516566,Holofoil,9.7,5.0,9.98,4321.0,18.74
2026-03-23,sv3pt5-199,517045,Holofoil,427.73,395.0,490.08,1000.0,549.99
2026-03-23,sv3pt5-205,517051,Holofoil,26.66,19.9,30.0,129.99,22.66
2026-03-23,sv3pt5-4,502555,Normal,0.21,0.01,0.21,20.0,
2026-03-23,sv3pt5-4,502555,Reverse Holofoil,0.47,0.1,0.37,14.99,0.25
2026-03-23,sv3pt5-6,502558,Holofoil,9.99,7.0,11.11,4321.0,49.69
2026-03-23,sv3pt5-7,502548,Normal,0.2,0.01,0.2,1.5,
2026-03-23,sv3pt5-7,502548,Reverse Holofoil,0.48,0.01,0.33,50.0,
2026-03-23,sv4pt5-234,535090,Holofoil,257.39,206.0,300.0,799.97,221.77
2026-03-23,sv4pt5-54,534416,Holofoil,4.58,2.99,4.69,60.0,3.82
2026-03-23,sv8-57,590025,Holofoil,4.7,2.99,4.76,40.0,4.23
2026-03-23,sv8pt5-149,610504,Holofoil,187.73,178.79,248.08,999.0,
2026-03-23,sv8pt5-155,610510,Holofoil,235.43,243.32,290.09,999.0,
2026-03-23,sv8pt5-156,610511,Holofoil,319.67,305.38,477.63,999.0,
2026-03-23,sv8pt5-161,610516,Holofoil,1289.88,1499.99,1750.0,5000.0,1699.99
2026-03-23,sv8pt5-167,610522,Holofoil,159.91,210.0,299.99,999.0,
2026-03-23,sv8pt5-179,610534,Holofoil,53.77,52.41,74.99,999.0,
2026-03-23,sv8pt5-28,610383,Holofoil,1.71,0.74,1.93,999.0,
2026-03-23,sv8pt5-47,610402,Normal,0.04,0.01,0.1,999.0,0.01
2026-03-23,sv8pt5-47,610402,Reverse Holofoil,0.1,0.01,0.15,999.0,0.04
2026-03-23,sv8pt5-59,610414,Holofoil,0.35,0.01,0.33,999.0,
2026-03-23,sv8pt5-59,610414,Reverse Holofoil,0.4,0.08,0.41,999.0,0.42
2026-03-23,sv8pt5-60,610415,Holofoil,4.38,3.5,5.0,999.0,
2026-03-23,svp-085,518861,Normal,776.41,700.0,999.99,2500.0,
2026-03-23,swsh11-186,284137,Holofoil,639.51,607.74,713.7,1500.0,782.99
2026-03-23,swsh12-186,451834,Holofoil,388.55,399.99,499.98,2000.0,499.69
2026-03-23,swsh12pt5gg-GG69,478100,Holofoil,229.71,210.99,249.99,1000.0,266.95
2026-03-23,swsh35-25,223018,Normal,0.15,0.01,0.19,1.53,
2026-03-23,swsh35-25,223018,Reverse Holofoil,0.26,0.1,0.28,2.0,
2026-03-23,swsh35-74,223073,Holofoil,168.77,168.77,220.0,2300.0,219.69
2026-03-23,swsh45sv-SV107,232496,Holofoil,140.97,105.0,171.0,4321.0,158.49
2026-03-23,swsh7-204,246693,Holofoil,32.1,28.0,32.82,150.0,69.69
2026-03-23,swsh7-205,246696,Holofoil,321.98,322.99,374.06,4321.0,359.97
2026-03-23,swsh7-208,246755,Holofoil,34.09,25.96,35.0,48.95,
2026-03-23,swsh7-209,246756,Holofoil,246.97,240.0,289.43,4321.0,264.76
2026-03-23,swsh7-211,246702,Holofoil,51.14,39.66,52.99,74.95,
2026-03-23,swsh7-212,246704,Holofoil,322.77,315.3,399.69,4321.0,317.37
2026-03-23,swsh7-215,246723,Holofoil,1878.2,2090.0,2463.26,3457.9,2999.68
2026-03-23,swsh7-218,246733,Holofoil,706.28,549.0,898.69,4321.0,898.69
2026-03-23,swsh7-41,246753,Holofoil,6.26,4.45,6.53,24.97,8.88
2026-03-23,swsh7-65,246690,Holofoil,14.09,10.99,15.08,1325.0,18.32
2026-03-23,swsh7-75,246701,Holofoil,16.01,10.49,16.4,50.0,29.99
2026-03-23,swsh7-8,246691,Holofoil,7.49,5.01,8.01,4321.0,8.14
2026-03-23,swsh8-271,253266,Holofoil,786.23,618.3,949.34,1499.95,747.29
2026-03-23,swsh9-154,263873,Holofoil,266.54,263.81,371.76,4321.0,320.0
2026-03-24,base1-15,42355,Holofoil,143.2,105.77,163.41,999.98,399.99
2026-03-24,base1-16,42356,Holofoil,52.51,27.59,49.9,119.99,79.99
2026-03-24,base1-2,42360,Holofoil,183.48,141.68,269.7,749.99,
2026-03-24,base1-4,42382,Holofoil,486.82,649.99,719.99,2000.0,
2026-03-24,base1-58,42402,Normal,4.99,0.5,3.99,9999.0,3.24
2026-03-24,cel25c-4,250320,Holofoil,177.49,189.99,232.85,999.99,189.99
2026-03-24,gym2-2,83861,Unlimited Holofoil,499.52,439.77,531.79,699.99,400.0
2026-03-24,neo1-9,86903,1st Edition Holofoil,1798.78,1899.98,2300.0,2950.0,1899.98
2026-03-24,neo1-9,86903,Unlimited Holofoil,457.03,399.0,512.25,1000.0,
2026-03-24,sl-151-bundle,502000,Normal,190.49,178.96,200.0,1000.0,
2026-03-24,sl-151-etb,503313,Normal,609.17,640.0,800.0,3000.0,
2026-03-24,sl-151-upc,502005,Normal,978.81,940.0,1200.0,40000.0,
2026-03-24,sl-ar-box,265519,Normal,388.72,389.99,476.0,899.99,
2026-03-24,sl-bs-box,256141,Normal,587.18,585.0,712.5,5000.0,
2026-03-24,sl-cel-upc,245140,Normal,975.83,1049.99,1500.0,200000.0,
2026-03-24,sl-champ-etb,218791,Normal,172.5,165.0,200.0,500.0,
2026-03-24,sl-cz-etb,453470,Normal,312.03,300.0,350.0,785.0,
2026-03-24,sl-dr-box,624679,Normal,567.28,590.0,704.09,2185.0,
2026-03-24,sl-evs-box,242436,Normal,2567.47,2535.01,3499.98,12000.0,
2026-03-24,sl-evs-etb,243721,Normal,803.7,999.0,1724.98,3499.98,
2026-03-24,sl-fs-box,247654,Normal,990.28,973.01,1192.0,3000.0,
2026-03-24,sl-hf-etb,194729,Normal,481.54,500.0,599.99,9999.98,
2026-03-24,sl-jp-151,565243,Normal,285.33,297.0,354.43,500.0,
2026-03-24,sl-jp-terastal,603428,Normal,119.43,115.0,130.0,200.0,
2026-03-24,sl-jt-box,610931,Normal,270.56,269.95,357.48,558.43,
2026-03-24,sl-lo-box,277324,Normal,726.21,718.22,877.0,2500.0,
2026-03-24,sl-me1-box,644298,Normal,288.84,275.0,299.99,500.0,
2026-03-24,sl-obf-box,501257,Normal,344.79,340.0,399.99,1000.0,
2026-03-24,sl-pe-etb,593355,Normal,211.02,203.74,244.23,1115.0,
2026-03-24,sl-pe-spc,622770,Normal,389.22,370.0,400.0,999.0,
2026-03-24,sl-pf-etb,528040,Normal,351.44,374.99,494.44,775.0,
2026-03-24,sl-phf-box,654137,Normal,363.43,354.99,399.95,799.0,
2026-03-24,sl-shf-etb,228821,Normal,112.63,113.04,144.97,500.11,
2026-03-24,sl-ss-box,565606,Normal,262.88,255.0,300.0,4999.99,
2026-03-24,sl-st-box,283389,Normal,473.34,469.0,549.99,9999.99,
2026-03-24,sl-tf-box,536225,Normal,276.57,275.0,312.0,601.0,
2026-03-24,sv2-185,497557,Normal,0.26,0.1,0.33,10.3,0.27
2026-03-24,sv2-185,497557,Reverse Holofoil,0.89,0.25,0.9,10.0,1.8
2026-03-24,sv2-254,497669,Holofoil,11.77,9.65,13.29,52.5,17.74
2026-03-24,sv2-269,497689,Holofoil,53.77,48.29,58.21,259.99,61.99
2026-03-24,sv3pt5-151,516566,Holofoil,8.01,5.0,9.85,100.0,18.72
2026-03-24,sv3pt5-199,517045,Holofoil,430.51,399.32,488.46,1000.0,480.0
2026-03-24,sv3pt5-205,517051,Holofoil,27.37,21.17,30.31,129.99,29.7
2026-03-24,sv3pt5-4,502555,Normal,0.17,0.01,0.2,20.0,0.16
2026-03-24,sv3pt5-4,502555,Reverse Holofoil,0.44,0.1,0.4,14.99,0.25
2026-03-24,sv3pt5-6,502558,Holofoil,9.45,7.0,10.95,49.99,48.69
2026-03-24,sv3pt5-7,502548,Normal,0.17,0.01,0.2,19.5,0.2
2026-03-24,sv3pt5-7,502548,Reverse Holofoil,0.41,0.01,0.35,50.0,0.35
2026-03-24,sv4pt5-234,535090,Holofoil,258.98,230.0,304.33,799.97,221.77
2026-03-24,sv4pt5-54,534416,Holofoil,4.4,2.99,4.67,60.0,3.81
2026-03-24,sv8-57,590025,Holofoil,3.76,2.86,4.64,40.0,4.86
2026-03-24,sv8pt5-149,610504,Holofoil,187.68,200.0,249.95,999.0,
2026-03-24,sv8pt5-155,610510,Holofoil,235.43,243.32,289.99,999.0,
2026-03-24,sv8pt5-156,610511,Holofoil,322.44,305.38,479.51,999.0,
2026-03-24,sv8pt5-161,610516,Holofoil,1289.88,1359.99,1699.99,5000.0,1699.99
2026-03-24,sv8pt5-167,610522,Holofoil,162.86,199.0,300.0,999.0,
2026-03-24,sv8pt5-179,610534,Holofoil,54.78,55.39,74.94,999.0,
2026-03-24,sv8pt5-28,610383,Holofoil,1.69,0.97,1.93,999.0,
2026-03-24,sv8pt5-47,610402,Normal,0.04,0.01,0.1,999.0,0.01
2026-03-24,sv8pt5-47,610402,Reverse Holofoil,0.1,0.01,0.15,999.0,0.04
2026-03-24,sv8pt5-59,610414,Holofoil,0.31,0.01,0.33,999.0,
2026-03-24,sv8pt5-59,610414,Reverse Holofoil,0.37,0.08,0.41,999.0,0.45
2026-03-24,sv8pt5-60,610415,Holofoil,4.42,3.4,5.0,999.0,6.24
2026-03-24,svp-085,518861,Normal,776.41,700.0,999.99,2500.0,
2026-03-24,swsh11-186,284137,Holofoil,675.27,612.74,717.02,1500.0,782.99
2026-03-24,swsh12-186,451834,Holofoil,390.27,400.0,499.99,2000.0,499.69
2026-03-24,swsh12pt5gg-GG69,478100,Holofoil,229.98,210.99,249.97,1000.0,266.95
2026-03-24,swsh35-25,223018,Normal,0.15,0.01,0.19,1.53,
2026-03-24,swsh35-25,223018,Reverse Holofoil,0.26,0.08,0.28,2.0,
2026-03-24,swsh35-74,223073,Holofoil,168.77,145.15,219.99,2300.0,219.69
2026-03-24,swsh45sv-SV107,232496,Holofoil,142.33,105.0,174.46,349.95,158.48
2026-03-24,swsh7-204,246693,Holofoil,32.16,28.0,32.91,150.0,69.69
2026-03-24,swsh7-205,246696,Holofoil,323.02,322.99,371.36,500.0,329.97
2026-03-24,swsh7-208,246755,Holofoil,34.09,25.96,37.5,48.95,
2026-03-24,swsh7-209,246756,Holofoil,247.96,239.83,288.87,450.0,264.76
2026-03-24,swsh7-211,246702,Holofoil,51.14,40.48,53.53,74.95,
2026-03-24,swsh7-212,246704,Holofoil,323.85,315.3,398.54,1000.0,317.37
2026-03-24,swsh7-215,246723,Holofoil,1824.6,2090.0,2469.46,3457.9,2999.68
2026-03-24,swsh7-218,246733,Holofoil,706.28,549.0,898.69,950.0,898.69
2026-03-24,swsh7-41,246753,Holofoil,6.53,4.45,6.61,24.97,6.23
2026-03-24,swsh7-65,246690,Holofoil,14.19,10.99,16.47,1325.0,18.16
2026-03-24,swsh7-75,246701,Holofoil,14.24,12.99,16.3,50.0,14.47
2026-03-24,swsh7-8,246691,Holofoil,7.51,5.01,7.99,100.0,7.41
2026-03-24,swsh8-271,253266,Holofoil,786.23,664.99,974.34,1499.95,747.29
2026-03-24,swsh9-154,263873,Holofoil,270.03,263.81,369.58,1500.0,319.99
2026-03-25,base1-15,42355,Holofoil,143.73,108.76,167.04,999.98,399.99
2026-03-25,base1-16,42356,Holofoil,52.51,27.59,49.99,119.99,79.99
2026-03-25,base1-2,42360,Holofoil,183.48,182.42,279.75,749.99,
2026-03-25,base1-4,42382,Holofoil,494.23,630.0,719.99,2000.0,1499.99
2026-03-25,base1-58,42402,Normal,4.83,0.5,3.61,9999.0,
2026-03-25,cel25c-4,250320,Holofoil,178.6,170.0,227.49,999.99,189.99
2026-03-25,gym2-2,83861,Unlimited Holofoil,499.52,439.77,531.79,699.99,332.5
2026-03-25,neo1-9,86903,1st Edition Holofoil,1299.96,1899.98,2300.0,2950.0,1899.98
2026-03-25,neo1-9,86903,Unlimited Holofoil,457.03,399.0,512.25,1000.0,
2026-03-25,sl-151-bundle,502000,Normal,186.95,173.0,200.0,2999.99,
2026-03-25,sl-151-etb,503313,Normal,609.81,650.0,812.37,3000.0,
2026-03-25,sl-151-upc,502005,Normal,972.41,945.0,1200.0,40000.0,
2026-03-25,sl-ar-box,265519,Normal,388.72,389.99,476.0,899.99,
2026-03-25,sl-bs-box,256141,Normal,588.37,585.0,725.0,5000.0,
2026-03-25,sl-cel-upc,245140,Normal,976.51,1049.99,1500.0,200000.0,
2026-03-25,sl-champ-etb,218791,Normal,172.9,159.99,199.5,500.0,
2026-03-25,sl-cz-etb,453470,Normal,313.83,300.0,350.0,785.0,
2026-03-25,sl-dr-box,624679,Normal,575.59,590.0,700.0,2185.0,
2026-03-25,sl-evs-box,242436,Normal,2567.47,2535.01,3492.49,12000.0,
2026-03-25,sl-evs-etb,243721,Normal,803.7,999.0,1999.95,3499.98,
2026-03-25,sl-fs-box,247654,Normal,990.28,973.01,1199.48,3000.0,
2026-03-25,sl-hf-etb,194729,Normal,484.34,481.54,599.99,9999.98,
2026-03-25,sl-jp-151,565243,Normal,288.25,297.0,359.98,500.0,
2026-03-25,sl-jp-terastal,603428,Normal,119.35,115.0,130.0,200.0,
2026-03-25,sl-jt-box,610931,Normal,271.34,268.64,335.0,558.43,
2026-03-25,sl-lo-box,277324,Normal,724.86,718.22,879.0,2500.0,
2026-03-25,sl-me1-box,644298,Normal,288.84,275.0,299.99,500.0,
2026-03-25,sl-obf-box,501257,Normal,345.31,348.0,400.0,1000.0,
2026-03-25,sl-pe-etb,593355,Normal,207.73,200.8,247.5,1115.0,
2026-03-25,sl-pe-spc,622770,Normal,386.58,370.0,399.99,999.0,
2026-03-25,sl-pf-etb,528040,Normal,350.12,374.99,499.5,775.0,
2026-03-25,sl-phf-box,654137,Normal,367.08,365.66,398.99,799.0,
2026-03-25,sl-shf-etb,228821,Normal,111.8,112.63,139.99,500.11,
2026-03-25,sl-ss-box,565606,Normal,262.34,254.9,300.0,4999.99,
2026-03-25,sl-st-box,283389,Normal,473.44,469.0,549.99,9999.99,
2026-03-25,sl-tf-box,536225,Normal,277.71,290.0,325.0,500.0,
2026-03-25,sv2-185,497557,Normal,0.28,0.1,0.33,10.3,0.32
2026-03-25,sv2-185,497557,Reverse Holofoil,0.94,0.25,0.94,10.0,1.03
2026-03-25,sv2-254,497669,Holofoil,11.75,9.0,13.37,52.5,17.74
2026-03-25,sv2-269,497689,Holofoil,53.36,48.29,57.75,259.99,55.54
2026-03-25,sv3pt5-151,516566,Holofoil,8.62,5.0,9.69,100.0,10.38
2026-03-25,sv3pt5-199,517045,Holofoil,444.78,399.32,500.0,1000.0,476.99
2026-03-25,sv3pt5-205,517051,Holofoil,28.3,21.17,30.99,129.99,34.68
2026-03-25,sv3pt5-4,502555,Normal,0.18,0.01,0.2,20.0,
2026-03-25,sv3pt5-4,502555,Reverse Holofoil,0.35,0.1,0.36,14.99,0.29
2026-03-25,sv3pt5-6,502558,Holofoil,9.56,7.0,10.59,49.99,8.25
2026-03-25,sv3pt5-7,502548,Normal,0.19,0.01,0.2,19.5,0.17
2026-03-25,sv3pt5-7,502548,Reverse Holofoil,0.35,0.01,0.32,50.0,0.35
2026-03-25,sv4pt5-234,535090,Holofoil,258.88,236.56,318.14,600.0,221.77
2026-03-25,sv4pt5-54,534416,Holofoil,3.97,2.99,4.65,60.0,3.88
2026-03-25,sv8-57,590025,Holofoil,4.06,2.91,4.57,25.0,4.22
2026-03-25,sv8pt5-149,610504,Holofoil,195.1,200.0,261.0,999.0,
2026-03-25,sv8pt5-155,610510,Holofoil,235.43,243.32,289.99,999.0,
2026-03-25,sv8pt5-156,610511,Holofoil,324.04,305.38,477.69,999.0,390.0
2026-03-25,sv8pt5-161,610516,Holofoil,1356.29,1499.99,1675.0,5000.0,
2026-03-25,sv8pt5-167,610522,Holofoil,170.68,225.0,330.0,999.0,
2026-03-25,sv8pt5-179,610534,Holofoil,55.29,49.67,74.99,999.0,
2026-03-25,sv8pt5-28,610383,Holofoil,1.72,0.97,1.99,999.0,
2026-03-25,sv8pt5-47,610402,Normal,0.04,0.01,0.1,999.0,0.01
2026-03-25,sv8pt5-47,610402,Reverse Holofoil,0.09,0.01,0.15,999.0,0.04
2026-03-25,sv8pt5-59,610414,Holofoil,0.39,0.01,0.33,999.0,0.4
2026-03-25,sv8pt5-59,610414,Reverse Holofoil,0.43,0.08,0.41,999.0,
2026-03-25,sv8pt5-60,610415,Holofoil,4.73,3.4,5.0,999.0,4.48
2026-03-25,svp-085,518861,Normal,811.77,700.0,1000.0,2500.0,
2026-03-25,swsh11-186,284137,Holofoil,670.63,612.74,725.0,1500.0,783.99
2026-03-25,swsh12-186,451834,Holofoil,393.35,399.99,499.98,2000.0,499.69
2026-03-25,swsh12pt5gg-GG69,478100,Holofoil,227.02,183.57,249.99,1000.0,266.95
2026-03-25,swsh35-25,223018,Normal,0.15,0.02,0.19,1.53,
2026-03-25,swsh35-25,223018,Reverse Holofoil,0.26,0.08,0.28,2.0,
2026-03-25,swsh35-74,223073,Holofoil,168.77,145.15,219.99,2300.0,219.69
2026-03-25,swsh45sv-SV107,232496,Holofoil,145.89,105.0,179.99,349.95,158.49
2026-03-25,swsh7-204,246693,Holofoil,31.76,28.0,32.99,150.0,30.28
2026-03-25,swsh7-205,246696,Holofoil,323.02,289.75,374.06,500.0,329.89
2026-03-25,swsh7-208,246755,Holofoil,34.09,25.96,37.24,48.95,45.84
2026-03-25,swsh7-209,246756,Holofoil,248.9,239.83,288.87,450.0,264.76
2026-03-25,swsh7-211,246702,Holofoil,51.14,40.48,53.35,74.95,
2026-03-25,swsh7-212,246704,Holofoil,323.85,315.3,389.27,1000.0,317.37
2026-03-25,swsh7-215,246723,Holofoil,1878.2,2090.0,2705.91,3457.9,2999.68
2026-03-25,swsh7-218,246733,Holofoil,706.28,750.0,898.69,1199.99,898.69
2026-03-25,swsh7-41,246753,Holofoil,6.27,4.5,6.69,24.97,6.23
2026-03-25,swsh7-65,246690,Holofoil,14.17,10.99,16.36,1325.0,15.87
2026-03-25,swsh7-75,246701,Holofoil,14.25,12.99,16.3,50.0,14.47
2026-03-25,swsh7-8,246691,Holofoil,7.57,5.01,7.99,100.0,7.14
2026-03-25,swsh8-271,253266,Holofoil,786.23,664.99,949.68,1499.95,699.99
2026-03-25,swsh9-154,263873,Holofoil,271.45,263.81,358.83,1500.0,292.49
2026-03-26,base1-15,42355,Holofoil,143.73,108.76,171.08,999.98,399.99
2026-03-26,base1-16,42356,Holofoil,52.51,27.59,49.95,119.99,31.12
2026-03-26,base1-2,42360,Holofoil,183.48,182.42,322.6,749.99,
2026-03-26,base1-4,42382,Holofoil,494.23,630.0,719.99,2000.0,1499.99
2026-03-26,base1-58,42402,Normal,4.93,0.5,3.99,9999.0,
2026-03-26,cel25c-4,250320,Holofoil,180.78,170.0,227.49,999.99,189.99
2026-03-26,gym2-2,83861,Unlimited Holofoil,499.52,439.77,531.79,699.99,332.5
2026-03-26,neo1-9,86903,1st Edition Holofoil,1299.96,1899.98,2300.0,2950.0,1899.98
2026-03-26,neo1-9,86903,Unlimited Holofoil,457.03,399.0,512.25,1000.0,
2026-03-26,sl-151-bundle,502000,Normal,183.81,173.0,200.0,2999.99,
2026-03-26,sl-151-etb,503313,Normal,611.01,650.0,788.89,3000.0,
2026-03-26,sl-151-upc,502005,Normal,967.09,945.0,1150.0,40000.0,
2026-03-26,sl-ar-box,265519,Normal,388.72,379.98,455.0,899.99,
2026-03-26,sl-bs-box,256141,Normal,588.37,585.0,712.5,5000.0,
2026-03-26,sl-cel-upc,245140,Normal,976.51,1048.88,1493.44,200000.0,
2026-03-26,sl-champ-etb,218791,Normal,172.94,159.99,199.5,500.0,
2026-03-26,sl-cz-etb,453470,Normal,313.4,300.0,350.0,785.0,
2026-03-26,sl-dr-box,624679,Normal,580.87,590.0,702.05,2185.0,
2026-03-26,sl-evs-box,242436,Normal,2567.47,2535.01,3492.49,12000.0,
2026-03-26,sl-evs-etb,243721,Normal,803.7,999.0,1724.98,3499.98,
2026-03-26,sl-fs-box,247654,Normal,990.28,973.01,1199.48,3000.0,
2026-03-26,sl-hf-etb,194729,Normal,484.34,481.54,599.99,9999.98,
2026-03-26,sl-jp-151,565243,Normal,288.25,289.01,346.94,500.0,
2026-03-26,sl-jp-terastal,603428,Normal,118.95,116.0,130.0,200.0,
2026-03-26,sl-jt-box,610931,Normal,272.15,264.66,364.95,558.43,
2026-03-26,sl-lo-box,277324,Normal,724.86,706.21,875.0,2500.0,
2026-03-26,sl-me1-box,644298,Normal,288.84,275.0,298.45,500.0,
2026-03-26,sl-obf-box,501257,Normal,345.31,348.0,399.99,1000.0,
2026-03-26,sl-pe-etb,593355,Normal,203.16,189.98,227.9,1115.0,
2026-03-26,sl-pe-spc,622770,Normal,383.7,369.99,399.99,999.0,
2026-03-26,sl-pf-etb,528040,Normal,350.12,349.99,499.5,775.0,
2026-03-26,sl-phf-box,654137,Normal,368.17,365.66,395.0,799.0,
2026-03-26,sl-shf-etb,228821,Normal,112.2,112.63,144.97,500.11,
2026-03-26,sl-ss-box,565606,Normal,262.46,250.0,300.0,4999.99,
2026-03-26,sl-st-box,283389,Normal,473.44,454.5,559.99,9999.99,
2026-03-26,sl-tf-box,536225,Normal,281.41,290.99,332.5,500.0,
2026-03-26,sv2-185,497557,Normal,0.31,0.1,0.33,10.3,0.31
2026-03-26,sv2-185,497557,Reverse Holofoil,0.93,0.25,0.93,10.0,0.94
2026-03-26,sv2-254,497669,Holofoil,12.02,8.5,13.35,52.5,17.74
2026-03-26,sv2-269,497689,Holofoil,53.97,48.29,59.36,259.99,61.99
2026-03-26,sv3pt5-151,516566,Holofoil,8.37,5.0,9.61,100.0,13.12
2026-03-26,sv3pt5-199,517045,Holofoil,444.62,399.32,499.99,1000.0,476.99
2026-03-26,sv3pt5-205,517051,Holofoil,28.1,21.17,30.37,129.99,41.32
2026-03-26,sv3pt5-4,502555,Normal,0.18,0.01,0.2,20.0,0.17
2026-03-26,sv3pt5-4,502555,Reverse Holofoil,0.33,0.1,0.35,14.99,0.35
2026-03-26,sv3pt5-6,502558,Holofoil,9.91,7.0,10.67,49.99,8.25
2026-03-26,sv3pt5-7,502548,Normal,0.23,0.01,0.22,19.5,0.17
2026-03-26,sv3pt5-7,502548,Reverse Holofoil,0.36,0.01,0.34,50.0,0.3
2026-03-26,sv4pt5-234,535090,Holofoil,258.26,244.67,322.82,600.0,221.77
2026-03-26,sv4pt5-54,534416,Holofoil,4.03,2.99,4.57,60.0,5.0
2026-03-26,sv8-57,590025,Holofoil,4.22,2.91,4.57,25.0,4.85
2026-03-26,sv8pt5-149,610504,Holofoil,199.97,199.8,251.99,999.0,
2026-03-26,sv8pt5-155,610510,Holofoil,235.43,243.32,290.0,999.0,
2026-03-26,sv8pt5-156,610511,Holofoil,327.14,305.38,477.45,999.0,390.0
2026-03-26,sv8pt5-161,610516,Holofoil,1356.29,1499.99,1650.0,5000.0,
2026-03-26,sv8pt5-167,610522,Holofoil,170.68,225.0,300.0,999.0,225.0
2026-03-26,sv8pt5-179,610534,Holofoil,55.49,55.16,78.75,999.0,66.13
2026-03-26,sv8pt5-28,610383,Holofoil,1.79,0.97,1.99,999.0,2.0
2026-03-26,sv8pt5-47,610402,Normal,0.04,0.01,0.1,999.0,0.01
2026-03-26,sv8pt5-47,610402,Reverse Holofoil,0.1,0.01,0.15,999.0,0.04
2026-03-26,sv8pt5-59,610414,Holofoil,0.4,0.01,0.34,999.0,
2026-03-26,sv8pt5-59,610414,Reverse Holofoil,0.46,0.03,0.44,999.0,
2026-03-26,sv8pt5-60,610415,Holofoil,4.44,3.8,5.0,999.0,
2026-03-26,svp-085,518861,Normal,810.77,700.0,1000.0,2500.0,
2026-03-26,swsh11-186,284137,Holofoil,662.13,612.74,717.02,1500.0,783.99
2026-03-26,swsh12-186,451834,Holofoil,394.53,374.99,499.98,2000.0,499.69
2026-03-26,swsh12pt5gg-GG69,478100,Holofoil,229.66,183.57,249.97,1000.0,266.95
2026-03-26,swsh35-25,223018,Normal,0.16,0.02,0.19,1.53,
2026-03-26,swsh35-25,223018,Reverse Holofoil,0.26,0.08,0.28,2.0,
2026-03-26,swsh35-74,223073,Holofoil,168.77,145.15,219.84,2300.0,209.99
2026-03-26,swsh45sv-SV107,232496,Holofoil,145.89,105.32,175.65,349.95,158.49
2026-03-26,swsh7-204,246693,Holofoil,32.1,28.0,33.77,150.0,69.69
2026-03-26,swsh7-205,246696,Holofoil,323.02,289.75,374.06,500.0,329.87
2026-03-26,swsh7-208,246755,Holofoil,34.09,25.96,37.24,48.95,45.84
2026-03-26,swsh7-209,246756,Holofoil,248.33,239.83,288.87,450.0,264.76
2026-03-26,swsh7-211,246702,Holofoil,51.14,45.0,53.53,74.95,
2026-03-26,swsh7-212,246704,Holofoil,323.85,315.3,389.27,1000.0,317.37
2026-03-26,swsh7-215,246723,Holofoil,1878.2,2088.5,2999.68,3500.0,2999.68
2026-03-26,swsh7-218,246733,Holofoil,706.28,725.0,898.69,1199.99,898.69
2026-03-26,swsh7-41,246753,Holofoil,6.19,4.54,6.82,24.97,7.35
2026-03-26,swsh7-65,246690,Holofoil,14.31,10.99,16.3,1325.0,15.87
2026-03-26,swsh7-75,246701,Holofoil,14.58,12.99,16.13,50.0,29.99
2026-03-26,swsh7-8,246691,Holofoil,7.55,5.01,7.99,100.0,6.88
2026-03-26,swsh8-271,253266,Holofoil,786.23,664.99,944.88,1499.95,747.29
2026-03-26,swsh9-154,263873,Holofoil,280.09,225.09,350.0,1500.0,292.49
2026-03-27,base1-15,42355,Holofoil,143.73,108.76,163.41,999.98,369.99
2026-03-27,base1-16,42356,Holofoil,52.51,27.59,52.5,119.99,38.89
2026-03-27,base1-2,42360,Holofoil,183.48,145.99,275.99,749.99,
2026-03-27,base1-4,42382,Holofoil,495.82,630.0,744.51,2000.0,1499.99
2026-03-27,base1-58,42402,Normal,4.35,0.5,3.99,9999.0,
2026-03-27,cel25c-4,250320,Holofoil,180.78,189.99,227.49,999.99,189.99
2026-03-27,gym2-2,83861,Unlimited Holofoil,499.52,439.77,543.59,699.99,332.5
2026-03-27,neo1-9,86903,1st Edition Holofoil,1299.96,1798.78,1899.99,2950.0,1899.98
2026-03-27,neo1-9,86903,Unlimited Holofoil,457.03,399.0,512.25,1000.0,
2026-03-27,sl-151-bundle,502000,Normal,183.51,173.0,199.99,2999.99,
2026-03-27,sl-151-etb,503313,Normal,611.01,649.97,788.89,3000.0,
2026-03-27,sl-151-upc,502005,Normal,967.09,945.0,1200.0,40000.0,
2026-03-27,sl-ar-box,265519,Normal,388.72,370.0,455.0,899.99,
2026-03-27,sl-bs-box,256141,Normal,588.37,585.0,700.0,5000.0,
2026-03-27,sl-cel-upc,245140,Normal,974.51,1048.88,1488.88,200000.0,
2026-03-27,sl-champ-etb,218791,Normal,172.34,159.99,199.5,500.0,
2026-03-27,sl-cz-etb,453470,Normal,313.4,300.0,350.0,785.0,
2026-03-27,sl-dr-box,624679,Normal,574.11,590.0,714.54,2185.0,
2026-03-27,sl-evs-box,242436,Normal,2567.47,2535.01,3485.0,12000.0,
2026-03-27,sl-evs-etb,243721,Normal,803.7,1019.99,1999.95,3499.98,
2026-03-27,sl-fs-box,247654,Normal,990.28,988.0,1199.95,3000.0,
2026-03-27,sl-hf-etb,194729,Normal,484.34,481.54,599.99,9999.98,
2026-03-27,sl-jp-151,565243,Normal,291.29,289.01,345.0,500.0,
2026-03-27,sl-jp-terastal,603428,Normal,116.83,118.0,130.0,200.0,
2026-03-27,sl-jt-box,610931,Normal,262.3,269.95,364.95,558.43,
2026-03-27,sl-lo-box,277324,Normal,724.86,690.0,879.0,2500.0,
2026-03-27,sl-me1-box,644298,Normal,280.84,275.0,297.95,500.0,
2026-03-27,sl-obf-box,501257,Normal,344.9,348.0,399.99,1000.0,
2026-03-27,sl-pe-etb,593355,Normal,185.72,178.8,214.5,1115.0,
2026-03-27,sl-pe-spc,622770,Normal,381.7,345.0,399.97,999.0,
2026-03-27,sl-pf-etb,528040,Normal,352.32,349.99,499.5,775.0,
2026-03-27,sl-phf-box,654137,Normal,369.44,363.14,395.0,799.0,
2026-03-27,sl-shf-etb,228821,Normal,114.68,112.63,149.98,500.11,
2026-03-27,sl-ss-box,565606,Normal,259.31,247.0,300.0,4999.99,
2026-03-27,sl-st-box,283389,Normal,473.44,440.0,559.99,9999.99,
2026-03-27,sl-tf-box,536225,Normal,281.41,279.99,325.0,500.0,
2026-03-27,sv2-185,497557,Normal,0.32,0.1,0.34,10.3,0.31
2026-03-27,sv2-185,497557,Reverse Holofoil,0.93,0.25,0.93,10.0,0.94
2026-03-27,sv2-254,497669,Holofoil,10.74,9.75,13.51,52.5,17.74
2026-03-27,sv2-269,497689,Holofoil,54.29,48.29,59.16,259.99,55.54
2026-03-27,sv3pt5-151,516566,Holofoil,8.82,5.0,9.52,100.0,10.47
2026-03-27,sv3pt5-199,517045,Holofoil,418.48,397.0,498.99,1000.0,480.0
2026-03-27,sv3pt5-205,517051,Holofoil,29.03,21.49,30.35,129.99,44.99
2026-03-27,sv3pt5-4,502555,Normal,0.16,0.01,0.2,20.0,0.02
2026-03-27,sv3pt5-4,502555,Reverse Holofoil,0.33,0.1,0.35,14.99,0.43
2026-03-27,sv3pt5-6,502558,Holofoil,9.63,7.0,11.0,49.99,11.98
2026-03-27,sv3pt5-7,502548,Normal,0.22,0.01,0.22,2.5,0.08
2026-03-27,sv3pt5-7,502548,Reverse Holofoil,0.34,0.01,0.33,50.0,0.35
2026-03-27,sv4pt5-234,535090,Holofoil,261.33,244.67,318.14,600.0,221.77
2026-03-27,sv4pt5-54,534416,Holofoil,3.8,2.89,4.57,60.0,5.25
2026-03-27,sv8-57,590025,Holofoil,4.21,2.0,4.5,25.0,6.22
2026-03-27,sv8pt5-149,610504,Holofoil,199.97,199.97,250.84,999.0,
2026-03-27,sv8pt5-155,610510,Holofoil,238.43,234.1,290.0,999.0,
2026-03-27,sv8pt5-156,610511,Holofoil,331.14,385.0,476.84,999.0,
2026-03-27,sv8pt5-161,610516,Holofoil,1373.27,1300.0,1644.99,2399.99,
2026-03-27,sv8pt5-167,610522,Holofoil,170.68,225.0,274.99,999.0,236.99
2026-03-27,sv8pt5-179,610534,Holofoil,56.19,47.97,71.62,999.0,
2026-03-27,sv8pt5-28,610383,Holofoil,1.68,0.94,1.95,999.0,
2026-03-27,sv8pt5-47,610402,Normal,0.05,0.01,0.1,999.0,0.01
2026-03-27,sv8pt5-47,610402,Reverse Holofoil,0.1,0.01,0.15,999.0,0.04
2026-03-27,sv8pt5-59,610414,Holofoil,0.29,0.01,0.33,999.0,
2026-03-27,sv8pt5-59,610414,Reverse Holofoil,0.46,0.08,0.45,999.0,
2026-03-27,sv8pt5-60,610415,Holofoil,4.6,3.78,5.0,999.0,
2026-03-27,svp-085,518861,Normal,810.77,700.0,1000.0,2500.0,
2026-03-27,swsh11-186,284137,Holofoil,662.13,612.74,717.02,1500.0,783.99
2026-03-27,swsh12-186,451834,Holofoil,397.33,374.89,499.98,2000.0,499.68
2026-03-27,swsh12pt5gg-GG69,478100,Holofoil,230.21,183.57,251.5,1000.0,252.64
2026-03-27,swsh35-25,223018,Normal,0.16,0.02,0.19,1.53,
2026-03-27,swsh35-25,223018,Reverse Holofoil,0.26,0.08,0.27,2.0,
2026-03-27,swsh35-74,223073,Holofoil,161.94,139.3,219.99,2300.0,209.99
2026-03-27,swsh45sv-SV107,232496,Holofoil,147.63,104.51,173.52,349.95,182.79
2026-03-27,swsh7-204,246693,Holofoil,32.47,28.0,33.75,150.0,31.0
2026-03-27,swsh7-205,246696,Holofoil,326.39,309.98,379.25,500.0,329.83
2026-03-27,swsh7-208,246755,Holofoil,34.09,25.96,35.0,48.95,45.84
2026-03-27,swsh7-209,246756,Holofoil,248.33,239.83,288.42,450.0,264.76
2026-03-27,swsh7-211,246702,Holofoil,51.14,45.0,53.17,74.95,
2026-03-27,swsh7-212,246704,Holofoil,327.81,315.3,399.27,1000.0,317.37
2026-03-27,swsh7-215,246723,Holofoil,1878.2,2088.5,2999.68,6000.0,2999.67
2026-03-27,swsh7-218,246733,Holofoil,715.81,725.0,900.0,1199.99,950.0
2026-03-27,swsh7-41,246753,Holofoil,6.13,4.7,6.69,24.97,7.35
2026-03-27,swsh7-65,246690,Holofoil,14.12,10.99,16.28,1325.0,13.03
2026-03-27,swsh7-75,246701,Holofoil,14.78,12.5,16.3,50.0,19.69
2026-03-27,swsh7-8,246691,Holofoil,7.52,5.01,7.99,100.0,6.72
2026-03-27,swsh8-271,253266,Holofoil,786.23,664.99,946.94,1499.95,747.29
2026-03-27,swsh9-154,263873,Holofoil,277.86,225.09,349.99,1500.0,292.49
2026-03-28,base1-15,42355,Holofoil,143.73,108.75,163.41,999.98,349.99
2026-03-28,base1-16,42356,Holofoil,52.51,27.59,52.5,119.99,41.06
2026-03-28,base1-2,42360,Holofoil,184.35,182.42,305.59,749.99,91.55
2026-03-28,base1-4,42382,Holofoil,495.82,499.87,719.99,2000.0,1499.99
2026-03-28,base1-58,42402,Normal,4.62,0.5,3.68,9999.0,
2026-03-28,cel25c-4,250320,Holofoil,182.1,165.0,224.99,999.99,189.99
2026-03-28,gym2-2,83861,Unlimited Holofoil,499.52,439.77,543.59,699.99,332.5
2026-03-28,neo1-9,86903,1st Edition Holofoil,1299.96,1798.78,1899.99,2950.0,1899.98
2026-03-28,neo1-9,86903,Unlimited Holofoil,457.03,399.0,512.25,1000.0,
2026-03-28,sl-151-bundle,502000,Normal,183.83,173.0,199.99,2999.99,
2026-03-28,sl-151-etb,503313,Normal,607.62,649.97,812.37,3000.0,
2026-03-28,sl-151-upc,502005,Normal,952.03,945.0,1200.0,40000.0,
2026-03-28,sl-ar-box,265519,Normal,388.72,370.0,465.0,899.99,
2026-03-28,sl-bs-box,256141,Normal,588.96,585.0,700.0,5000.0,
2026-03-28,sl-cel-upc,245140,Normal,974.51,1048.88,1488.88,200000.0,
2026-03-28,sl-champ-etb,218791,Normal,172.34,157.26,199.0,500.0,
2026-03-28,sl-cz-etb,453470,Normal,313.96,300.0,350.0,785.0,
2026-03-28,sl-dr-box,624679,Normal,575.47,590.0,699.99,2185.0,
2026-03-28,sl-evs-box,242436,Normal,2573.07,2535.01,3499.98,12000.0,
2026-03-28,sl-evs-etb,243721,Normal,817.18,1249.99,1999.99,3499.98,
2026-03-28,sl-fs-box,247654,Normal,989.92,988.0,1199.98,3000.0,
2026-03-28,sl-hf-etb,194729,Normal,484.34,480.0,599.99,9999.98,
2026-03-28,sl-jp-151,565243,Normal,295.72,299.99,359.98,500.0,
2026-03-28,sl-jp-terastal,603428,Normal,116.26,118.0,130.0,200.0,
2026-03-28,sl-jt-box,610931,Normal,262.3,258.59,319.99,558.43,
2026-03-28,sl-lo-box,277324,Normal,724.86,690.0,875.0,2500.0,
2026-03-28,sl-me1-box,644298,Normal,281.23,275.0,298.45,500.0,
2026-03-28,sl-obf-box,501257,Normal,345.73,348.34,399.99,1000.0,
2026-03-28,sl-pe-etb,593355,Normal,171.94,162.99,213.99,1115.0,
2026-03-28,sl-pe-spc,622770,Normal,368.48,315.0,399.95,999.0,
2026-03-28,sl-pf-etb,528040,Normal,352.52,374.99,499.5,775.0,
2026-03-28,sl-phf-box,654137,Normal,371.32,365.66,397.99,799.0,
2026-03-28,sl-shf-etb,228821,Normal,115.01,112.63,149.98,500.11,
2026-03-28,sl-ss-box,565606,Normal,254.5,244.01,300.0,4999.99,
2026-03-28,sl-st-box,283389,Normal,473.44,440.0,569.99,9999.99,
2026-03-28,sl-tf-box,536225,Normal,282.73,279.99,325.0,500.0,
2026-03-28,sv2-185,497557,Normal,0.31,0.05,0.34,4.99,0.31
2026-03-28,sv2-185,497557,Reverse Holofoil,0.89,0.25,0.92,123.45,0.94
2026-03-28,sv2-254,497669,Holofoil,10.93,9.75,13.44,52.5,17.74
2026-03-28,sv2-269,497689,Holofoil,54.33,48.29,59.34,259.99,62.99
2026-03-28,sv3pt5-151,516566,Holofoil,8.78,5.0,9.6,100.0,13.28
2026-03-28,sv3pt5-199,517045,Holofoil,410.14,397.0,499.99,1000.0,509.22
2026-03-28,sv3pt5-205,517051,Holofoil,28.25,21.49,30.99,129.99,31.86
2026-03-28,sv3pt5-4,502555,Normal,0.19,0.01,0.2,20.0,0.02
2026-03-28,sv3pt5-4,502555,Reverse Holofoil,0.37,0.06,0.35,123.45,0.5
2026-03-28,sv3pt5-6,502558,Holofoil,12.55,7.0,12.0,49.99,14.16
2026-03-28,sv3pt5-7,502548,Normal,0.21,0.01,0.21,3.57,0.13
2026-03-28,sv3pt5-7,502548,Reverse Holofoil,0.35,0.01,0.34,50.0,0.38
2026-03-28,sv4pt5-234,535090,Holofoil,266.59,261.24,321.57,600.0,221.77
2026-03-28,sv4pt5-54,534416,Holofoil,3.84,2.65,4.53,60.0,5.25
2026-03-28,sv8-57,590025,Holofoil,4.0,2.99,4.5,25.0,4.95
2026-03-28,sv8pt5-149,610504,Holofoil,201.48,199.97,261.0,999.0,
2026-03-28,sv8pt5-155,610510,Holofoil,241.37,287.9,295.19,999.0,
2026-03-28,sv8pt5-156,610511,Holofoil,337.32,385.0,479.42,999.0,
2026-03-28,sv8pt5-161,610516,Holofoil,1420.39,1499.99,1649.99,5000.0,
2026-03-28,sv8pt5-167,610522,Holofoil,178.78,199.99,300.0,999.0,249.99
2026-03-28,sv8pt5-179,610534,Holofoil,57.29,47.97,74.88,999.0,
2026-03-28,sv8pt5-28,610383,Holofoil,1.64,1.0,1.88,999.0,
2026-03-28,sv8pt5-47,610402,Normal,0.05,0.01,0.1,999.0,0.01
2026-03-28,sv8pt5-47,610402,Reverse Holofoil,0.11,0.01,0.15,999.0,0.01
2026-03-28,sv8pt5-59,610414,Holofoil,0.29,0.01,0.32,999.0,0.4
2026-03-28,sv8pt5-59,610414,Reverse Holofoil,0.44,0.08,0.44,999.0,0.47
2026-03-28,sv8pt5-60,610415,Holofoil,4.77,3.95,5.0,999.0,3.95
2026-03-28,svp-085,518861,Normal,818.77,700.0,999.99,2500.0,
2026-03-28,swsh11-186,284137,Holofoil,662.32,612.74,717.02,1500.0,783.99
2026-03-28,swsh12-186,451834,Holofoil,397.33,374.89,499.84,2000.0,499.68
2026-03-28,swsh12pt5gg-GG69,478100,Holofoil,230.13,183.57,250.99,1000.0,266.93
2026-03-28,swsh35-25,223018,Normal,0.16,0.02,0.19,1.53,
2026-03-28,swsh35-25,223018,Reverse Holofoil,0.26,0.08,0.27,2.0,
2026-03-28,swsh35-74,223073,Holofoil,161.94,139.3,219.99,2300.0,209.99
2026-03-28,swsh45sv-SV107,232496,Holofoil,149.38,104.5,167.5,349.95,180.09
2026-03-28,swsh7-204,246693,Holofoil,32.76,28.0,33.76,150.0,47.3
2026-03-28,swsh7-205,246696,Holofoil,326.39,309.98,383.5,500.0,329.8
2026-03-28,swsh7-208,246755,Holofoil,34.09,25.0,32.42,48.95,45.84
2026-03-28,swsh7-209,246756,Holofoil,249.08,239.83,288.87,450.0,264.76
2026-03-28,swsh7-211,246702,Holofoil,51.14,45.0,52.99,74.95,52.18
2026-03-28,swsh7-212,246704,Holofoil,327.81,315.3,400.0,1000.0,317.37
2026-03-28,swsh7-215,246723,Holofoil,1878.2,2088.5,2999.68,6000.0,2999.67
2026-03-28,swsh7-218,246733,Holofoil,715.81,725.0,900.0,1199.99,950.0
2026-03-28,swsh7-41,246753,Holofoil,6.22,4.7,6.69,24.97,7.35
2026-03-28,swsh7-65,246690,Holofoil,14.27,10.77,15.99,1325.0,13.03
2026-03-28,swsh7-75,246701,Holofoil,14.8,11.0,16.29,50.0,14.84
2026-03-28,swsh7-8,246691,Holofoil,7.57,5.01,7.99,100.0,6.7
2026-03-28,swsh8-271,253266,Holofoil,786.23,664.99,949.34,1499.95,747.29
2026-03-28,swsh9-154,263873,Holofoil,279.46,225.09,349.99,1500.0,292.49
2026-03-29,base1-15,42355,Holofoil,143.73,108.76,163.41,1087.5,161.99
2026-03-29,base1-16,42356,Holofoil,52.45,27.59,52.68,119.99,55.53
2026-03-29,base1-2,42360,Holofoil,184.35,157.58,389.23,2199.89,99.99
2026-03-29,base1-4,42382,Holofoil,495.82,499.87,750.0,2000.0,1499.98
2026-03-29,base1-58,42402,Normal,4.67,0.5,3.97,9999.0,
2026-03-29,cel25c-4,250320,Holofoil,181.95,138.46,220.0,999.99,177.66
2026-03-29,gym2-2,83861,Unlimited Holofoil,499.52,439.77,543.59,699.99,332.5
2026-03-29,neo1-9,86903,1st Edition Holofoil,1299.96,1798.78,1899.99,2950.0,1899.98
2026-03-29,neo1-9,86903,Unlimited Holofoil,457.03,399.0,512.25,1000.0,
2026-03-29,sl-151-bundle,502000,Normal,178.1,173.0,199.99,2999.99,
2026-03-29,sl-151-etb,503313,Normal,607.96,591.0,812.37,3000.0,
2026-03-29,sl-151-upc,502005,Normal,942.7,933.0,1200.0,40000.0,
2026-03-29,sl-ar-box,265519,Normal,387.72,385.0,470.5,899.99,
2026-03-29,sl-bs-box,256141,Normal,588.96,585.0,712.5,5000.0,
2026-03-29,sl-cel-upc,245140,Normal,973.51,998.88,1488.88,200000.0,
2026-03-29,sl-champ-etb,218791,Normal,171.47,165.0,200.0,500.0,
2026-03-29,sl-cz-etb,453470,Normal,314.48,300.0,350.0,785.0,
2026-03-29,sl-dr-box,624679,Normal,577.23,590.0,674.99,2185.0,
2026-03-29,sl-evs-box,242436,Normal,2584.47,2537.01,3485.0,12000.0,
2026-03-29,sl-evs-etb,243721,Normal,817.18,1249.99,1999.99,3499.98,
2026-03-29,sl-fs-box,247654,Normal,989.92,988.0,1199.95,3000.0,
2026-03-29,sl-hf-etb,194729,Normal,484.34,480.0,600.0,9999.98,
2026-03-29,sl-jp-151,565243,Normal,296.6,299.99,360.49,500.0,
2026-03-29,sl-jp-terastal,603428,Normal,116.3,118.0,130.0,200.0,
2026-03-29,sl-jt-box,610931,Normal,261.87,258.59,319.99,558.43,
2026-03-29,sl-lo-box,277324,Normal,721.86,690.0,875.0,2500.0,
2026-03-29,sl-me1-box,644298,Normal,281.23,275.0,299.99,500.0,
2026-03-29,sl-obf-box,501257,Normal,345.73,330.99,399.99,1000.0,
2026-03-29,sl-pe-etb,593355,Normal,173.02,171.59,211.0,1115.0,
2026-03-29,sl-pe-spc,622770,Normal,356.47,325.0,393.5,999.0,
2026-03-29,sl-pf-etb,528040,Normal,353.6,374.99,469.44,775.0,
2026-03-29,sl-phf-box,654137,Normal,375.19,365.66,399.0,999.0,
2026-03-29,sl-shf-etb,228821,Normal,116.25,113.04,150.0,500.11,
2026-03-29,sl-ss-box,565606,Normal,248.72,244.01,300.0,4999.99,
2026-03-29,sl-st-box,283389,Normal,473.44,440.0,569.99,9999.99,
2026-03-29,sl-tf-box,536225,Normal,283.98,290.99,327.5,500.0,
2026-03-29,sv2-185,497557,Normal,0.29,0.05,0.33,19.98,
2026-03-29,sv2-185,497557,Reverse Holofoil,0.86,0.25,0.88,123.45,0.94
2026-03-29,sv2-254,497669,Holofoil,11.28,9.75,13.5,112.5,11.99
2026-03-29,sv2-269,497689,Holofoil,52.53,48.29,58.83,527.8,62.99
2026-03-29,sv3pt5-151,516566,Holofoil,9.19,5.0,9.62,96.95,15.24
2026-03-29,sv3pt5-199,517045,Holofoil,403.18,397.0,499.99,1000.0,509.22
2026-03-29,sv3pt5-205,517051,Holofoil,28.69,22.0,32.51,129.99,43.12
2026-03-29,sv3pt5-4,502555,Normal,0.21,0.01,0.21,19.98,0.02
2026-03-29,sv3pt5-4,502555,Reverse Holofoil,0.36,0.06,0.35,123.45,0.5
2026-03-29,sv3pt5-6,502558,Holofoil,12.63,7.0,12.39,87.4,18.24
2026-03-29,sv3pt5-7,502548,Normal,0.2,0.01,0.21,19.98,
2026-03-29,sv3pt5-7,502548,Reverse Holofoil,0.33,0.01,0.33,50.0,
2026-03-29,sv4pt5-234,535090,Holofoil,266.59,266.59,318.14,600.0,204.16
2026-03-29,sv4pt5-54,534416,Holofoil,4.13,2.33,4.5,43.2,6.8
2026-03-29,sv8-57,590025,Holofoil,3.68,2.99,4.45,25.0,4.95
2026-03-29,sv8pt5-149,610504,Holofoil,204.48,200.0,279.99,2019.8,
2026-03-29,sv8pt5-155,610510,Holofoil,241.37,275.0,295.19,2854.5,
2026-03-29,sv8pt5-156,610511,Holofoil,337.32,385.0,479.42,3850.0,
2026-03-29,sv8pt5-161,610516,Holofoil,1420.39,1499.0,1649.99,5000.0,
2026-03-29,sv8pt5-167,610522,Holofoil,178.78,200.0,300.0,3009.8,225.0
2026-03-29,sv8pt5-179,610534,Holofoil,57.35,53.0,70.31,999.0,
2026-03-29,sv8pt5-28,610383,Holofoil,1.68,1.0,1.92,999.0,
2026-03-29,sv8pt5-47,610402,Normal,0.05,0.01,0.1,999.0,0.01
2026-03-29,sv8pt5-47,610402,Reverse Holofoil,0.12,0.01,0.15,999.0,0.01
2026-03-29,sv8pt5-59,610414,Holofoil,0.32,0.01,0.31,999.0,
2026-03-29,sv8pt5-59,610414,Reverse Holofoil,0.44,0.03,0.44,999.0,0.47
2026-03-29,sv8pt5-60,610415,Holofoil,4.84,3.99,5.02,999.0,6.76
2026-03-29,svp-085,518861,Normal,822.77,700.0,1050.0,6999.99,6999.98
2026-03-29,swsh11-186,284137,Holofoil,666.86,612.74,725.0,1500.0,783.99
2026-03-29,swsh12-186,451834,Holofoil,397.73,374.89,499.99,3761.99,499.68
2026-03-29,swsh12pt5gg-GG69,478100,Holofoil,229.38,183.57,250.0,1865.7,266.95
2026-03-29,swsh35-25,223018,Normal,0.16,0.02,0.19,19.98,
2026-03-29,swsh35-25,223018,Reverse Holofoil,0.27,0.08,0.27,19.98,
2026-03-29,swsh35-74,223073,Holofoil,161.94,139.3,219.99,2300.0,209.99
2026-03-29,swsh45sv-SV107,232496,Holofoil,149.38,99.0,170.5,349.95,179.01
2026-03-29,swsh7-204,246693,Holofoil,32.76,28.0,33.89,289.9,47.3
2026-03-29,swsh7-205,246696,Holofoil,326.39,294.23,374.53,500.0,329.79
2026-03-29,swsh7-208,246755,Holofoil,34.76,25.0,32.53,270.1,269.88
2026-03-29,swsh7-209,246756,Holofoil,249.08,242.1,288.87,450.0,264.76
2026-03-29,swsh7-211,246702,Holofoil,51.14,45.0,52.99,450.0,52.18
2026-03-29,swsh7-212,246704,Holofoil,329.26,367.69,405.05,4249.79,317.37
2026-03-29,swsh7-215,246723,Holofoil,1878.2,2088.5,2999.67,6000.0,2999.67
2026-03-29,swsh7-218,246733,Holofoil,715.81,725.0,929.88,1199.99,929.88
2026-03-29,swsh7-41,246753,Holofoil,6.13,4.7,6.71,24.97,7.35
2026-03-29,swsh7-65,246690,Holofoil,14.24,10.77,16.05,1325.0,14.98
2026-03-29,swsh7-75,246701,Holofoil,14.83,12.49,16.32,141.9,15.99
2026-03-29,swsh7-8,246691,Holofoil,7.55,5.01,7.99,100.0,6.68
2026-03-29,swsh8-271,253266,Holofoil,798.07,664.99,946.94,1499.95,944.86
2026-03-29,swsh9-154,263873,Holofoil,279.46,225.09,360.21,1500.0,292.49
2026-03-30,base1-15,42355,Holofoil,145.41,98.68,162.54,1087.5,161.99
2026-03-30,base1-16,42356,Holofoil,52.45,27.59,52.9,119.99,55.71
2026-03-30,base1-2,42360,Holofoil,184.35,157.58,379.99,2199.86,100.0
2026-03-30,base1-4,42382,Holofoil,495.82,450.0,750.0,2000.0,1499.67
2026-03-30,base1-58,42402,Normal,4.92,0.5,3.98,9999.0,
2026-03-30,cel25c-4,250320,Holofoil,181.95,135.0,219.83,999.99,178.52
2026-03-30,gym2-2,83861,Unlimited Holofoil,499.52,439.77,567.17,899.99,332.5
2026-03-30,neo1-9,86903,1st Edition Holofoil,1299.96,1798.78,1899.99,2950.0,1899.98
2026-03-30,neo1-9,86903,Unlimited Holofoil,457.03,399.0,530.5,1000.0,
2026-03-30,sl-151-bundle,502000,Normal,179.83,173.97,199.99,2999.99,
2026-03-30,sl-151-etb,503313,Normal,622.04,614.56,800.0,3000.0,
2026-03-30,sl-151-upc,502005,Normal,938.53,933.0,1174.99,40000.0,
2026-03-30,sl-ar-box,265519,Normal,387.72,385.0,470.5,899.99,
2026-03-30,sl-bs-box,256141,Normal,588.95,599.99,745.0,5000.0,
2026-03-30,sl-cel-upc,245140,Normal,973.51,998.88,1399.99,154722.59,
2026-03-30,sl-champ-etb,218791,Normal,171.47,165.0,200.0,500.0,
2026-03-30,sl-cz-etb,453470,Normal,313.78,300.0,350.0,785.0,
2026-03-30,sl-dr-box,624679,Normal,578.74,598.0,674.99,2185.0,
2026-03-30,sl-evs-box,242436,Normal,2575.11,2537.01,3435.0,12000.0,
2026-03-30,sl-evs-etb,243721,Normal,817.18,999.0,1999.95,3499.98,
2026-03-30,sl-fs-box,247654,Normal,989.92,980.0,1199.48,3000.0,
2026-03-30,sl-hf-etb,194729,Normal,484.34,480.0,599.99,9999.98,
2026-03-30,sl-jp-151,565243,Normal,296.64,299.99,359.98,500.0,
2026-03-30,sl-jp-terastal,603428,Normal,117.54,118.0,130.0,200.0,
2026-03-30,sl-jt-box,610931,Normal,262.36,258.59,309.99,558.43,
2026-03-30,sl-lo-box,277324,Normal,717.98,675.0,879.0,2500.0,
2026-03-30,sl-me1-box,644298,Normal,281.82,275.0,299.99,500.0,
2026-03-30,sl-obf-box,501257,Normal,345.04,330.99,399.99,1000.0,
2026-03-30,sl-pe-etb,593355,Normal,180.08,178.95,210.5,1115.0,
2026-03-30,sl-pe-spc,622770,Normal,353.67,325.0,390.0,999.0,
2026-03-30,sl-pf-etb,528040,Normal,355.94,382.0,449.99,775.0,
2026-03-30,sl-phf-box,654137,Normal,374.94,365.66,399.98,999.0,
2026-03-30,sl-shf-etb,228821,Normal,117.14,113.04,150.0,500.11,
2026-03-30,sl-ss-box,565606,Normal,249.56,240.0,300.0,4999.99,
2026-03-30,sl-st-box,283389,Normal,472.04,430.0,569.99,9999.99,
2026-03-30,sl-tf-box,536225,Normal,284.98,290.99,325.0,500.0,
2026-03-30,sv2-185,497557,Normal,0.25,0.03,0.33,19.98,
2026-03-30,sv2-185,497557,Reverse Holofoil,0.74,0.25,0.87,19.98,0.81
2026-03-30,sv2-254,497669,Holofoil,11.19,10.0,13.39,112.5,11.99
2026-03-30,sv2-269,497689,Holofoil,53.07,48.29,58.92,527.8,62.99
2026-03-30,sv3pt5-151,516566,Holofoil,9.38,5.0,9.8,96.95,14.49
2026-03-30,sv3pt5-199,517045,Holofoil,402.1,389.99,499.99,1000.0,465.99
2026-03-30,sv3pt5-205,517051,Holofoil,29.53,24.0,33.0,129.99,39.52
2026-03-30,sv3pt5-4,502555,Normal,0.23,0.01,0.22,19.98,0.1
2026-03-30,sv3pt5-4,502555,Reverse Holofoil,0.38,0.06,0.37,19.98,0.5
2026-03-30,sv3pt5-6,502558,Holofoil,10.18,7.75,11.88,87.4,16.2
2026-03-30,sv3pt5-7,502548,Normal,0.15,0.01,0.2,19.98,
2026-03-30,sv3pt5-7,502548,Reverse Holofoil,0.28,0.01,0.31,50.0,
2026-03-30,sv4pt5-234,535090,Holofoil,267.63,245.66,321.57,600.0,204.16
2026-03-30,sv4pt5-54,534416,Holofoil,3.85,2.33,4.5,43.2,6.08
2026-03-30,sv8-57,590025,Holofoil,3.84,2.96,4.37,25.0,5.7
2026-03-30,sv8pt5-149,610504,Holofoil,211.5,194.24,279.99,2019.8,
2026-03-30,sv8pt5-155,610510,Holofoil,255.27,235.0,299.69,2854.5,
2026-03-30,sv8pt5-156,610511,Holofoil,346.41,335.0,485.98,3850.0,
2026-03-30,sv8pt5-161,610516,Holofoil,1420.39,910.28,1649.99,5000.0,
2026-03-30,sv8pt5-167,610522,Holofoil,188.09,195.0,299.99,3009.8,
2026-03-30,sv8pt5-179,610534,Holofoil,59.19,55.39,75.0,999.0,
2026-03-30,sv8pt5-28,610383,Holofoil,1.63,1.0,1.9,999.0,
2026-03-30,sv8pt5-47,610402,Normal,0.04,0.01,0.1,999.0,0.01
2026-03-30,sv8pt5-47,610402,Reverse Holofoil,0.12,0.01,0.15,999.0,0.03
2026-03-30,sv8pt5-59,610414,Holofoil,0.28,0.01,0.31,999.0,
2026-03-30,sv8pt5-59,610414,Reverse Holofoil,0.41,0.03,0.43,999.0,
2026-03-30,sv8pt5-60,610415,Holofoil,5.0,3.99,5.04,999.0,
2026-03-30,svp-085,518861,Normal,822.77,700.0,1100.0,6999.96,6999.96
2026-03-30,swsh11-186,284137,Holofoil,666.86,612.74,737.48,1500.0,783.99
2026-03-30,swsh12-186,451834,Holofoil,399.01,374.89,527.67,3761.96,499.68
2026-03-30,swsh12pt5gg-GG69,478100,Holofoil,229.76,183.57,250.0,1865.7,229.85
2026-03-30,swsh35-25,223018,Normal,0.14,0.02,0.19,19.98,
2026-03-30,swsh35-25,223018,Reverse Holofoil,0.27,0.1,0.28,19.98,
2026-03-30,swsh35-74,223073,Holofoil,161.94,139.3,220.0,2300.0,209.99
2026-03-30,swsh45sv-SV107,232496,Holofoil,149.38,99.0,170.5,349.95,176.4
2026-03-30,swsh7-204,246693,Holofoil,32.76,28.0,34.4,289.9,47.3
2026-03-30,swsh7-205,246696,Holofoil,326.39,294.23,374.99,500.0,329.79
2026-03-30,swsh7-208,246755,Holofoil,34.84,25.0,37.99,270.1,43.92
2026-03-30,swsh7-209,246756,Holofoil,249.58,242.1,288.89,450.0,264.76
2026-03-30,swsh7-211,246702,Holofoil,51.14,45.0,53.17,450.0,52.17
2026-03-30,swsh7-212,246704,Holofoil,329.26,329.99,400.0,4249.76,317.37
2026-03-30,swsh7-215,246723,Holofoil,1878.2,2088.5,2999.67,6000.0,2999.67
2026-03-30,swsh7-218,246733,Holofoil,715.81,725.0,939.94,1199.99,929.88
2026-03-30,swsh7-41,246753,Holofoil,5.79,4.75,6.52,24.97,7.6
2026-03-30,swsh7-65,246690,Holofoil,14.24,10.99,16.07,500.0,16.05
2026-03-30,swsh7-75,246701,Holofoil,15.07,12.49,16.5,141.9,19.69
2026-03-30,swsh7-8,246691,Holofoil,7.57,5.01,7.99,100.0,6.66
2026-03-30,swsh8-271,253266,Holofoil,786.23,664.99,944.88,1499.95,944.86
2026-03-30,swsh9-154,263873,Holofoil,283.25,225.09,358.0,1500.0,292.49
2026-03-31,base1-15,42355,Holofoil,146.49,98.68,189.0,1087.5,349.99
2026-03-31,base1-16,42356,Holofoil,52.45,40.0,54.23,119.99,17.81
2026-03-31,base1-2,42360,Holofoil,186.67,157.58,341.38,2199.86,99.99
2026-03-31,base1-4,42382,Holofoil,495.82,450.0,719.99,2000.0,1499.67
2026-03-31,base1-58,42402,Normal,4.53,0.5,3.99,9999.0,6.99
2026-03-31,cel25c-4,250320,Holofoil,182.93,165.0,219.66,999.99,189.99
2026-03-31,gym2-2,83861,Unlimited Holofoil,519.57,439.77,555.38,899.99,332.5
2026-03-31,neo1-9,86903,1st Edition Holofoil,1299.96,1798.78,1899.99,2950.0,1899.98
2026-03-31,neo1-9,86903,Unlimited Holofoil,457.03,399.0,530.5,1000.0,
2026-03-31,sl-151-bundle,502000,Normal,181.47,180.0,199.99,2999.99,
2026-03-31,sl-151-etb,503313,Normal,620.72,639.0,788.89,3000.0,
2026-03-31,sl-151-upc,502005,Normal,938.77,933.0,1199.99,40000.0,
2026-03-31,sl-ar-box,265519,Normal,388.6,385.0,485.0,899.99,
2026-03-31,sl-bs-box,256141,Normal,588.95,599.99,700.0,5000.0,
2026-03-31,sl-cel-upc,245140,Normal,975.87,998.88,1296.95,154722.59,
2026-03-31,sl-champ-etb,218791,Normal,171.47,165.0,200.0,500.0,
2026-03-31,sl-cz-etb,453470,Normal,314.3,300.0,350.0,785.0,
2026-03-31,sl-dr-box,624679,Normal,579.46,599.0,675.0,2185.0,
2026-03-31,sl-evs-box,242436,Normal,2575.11,2549.98,3435.0,12000.0,
2026-03-31,sl-evs-etb,243721,Normal,829.82,999.0,1999.95,3499.98,
2026-03-31,sl-fs-box,247654,Normal,989.92,980.0,1199.48,3000.0,
2026-03-31,sl-hf-etb,194729,Normal,484.34,480.0,599.98,9999.98,
2026-03-31,sl-jp-151,565243,Normal,296.64,299.99,359.98,500.0,
2026-03-31,sl-jp-terastal,603428,Normal,117.18,118.0,130.0,200.0,
2026-03-31,sl-jt-box,610931,Normal,261.78,258.59,309.99,558.43,
2026-03-31,sl-lo-box,277324,Normal,718.42,675.0,879.0,2500.0,
2026-03-31,sl-me1-box,644298,Normal,282.25,275.0,299.99,500.0,
2026-03-31,sl-obf-box,501257,Normal,345.48,349.89,399.99,1000.0,
2026-03-31,sl-pe-etb,593355,Normal,181.26,174.0,209.95,1115.0,
2026-03-31,sl-pe-spc,622770,Normal,339.26,310.0,391.3,999.0,
2026-03-31,sl-pf-etb,528040,Normal,357.93,398.94,449.99,775.0,
2026-03-31,sl-phf-box,654137,Normal,376.43,355.0,412.5,999.0,
2026-03-31,sl-shf-etb,228821,Normal,116.54,113.04,150.0,500.11,
2026-03-31,sl-ss-box,565606,Normal,252.95,238.8,300.0,4999.99,
2026-03-31,sl-st-box,283389,Normal,472.04,469.0,577.5,9999.99,
2026-03-31,sl-tf-box,536225,Normal,285.83,290.99,327.5,500.0,
2026-03-31,sv2-185,497557,Normal,0.26,0.03,0.32,19.98,0.27
2026-03-31,sv2-185,497557,Reverse Holofoil,0.65,0.25,0.82,19.98,0.6
2026-03-31,sv2-254,497669,Holofoil,11.47,10.0,13.35,112.5,12.49
2026-03-31,sv2-269,497689,Holofoil,53.8,45.0,59.0,527.8,69.9
2026-03-31,sv3pt5-151,516566,Holofoil,7.86,5.0,9.5,96.95,12.07
2026-03-31,sv3pt5-199,517045,Holofoil,402.8,389.99,497.98,1000.0,449.99
2026-03-31,sv3pt5-205,517051,Holofoil,30.16,22.25,34.12,129.99,25.41
2026-03-31,sv3pt5-4,502555,Normal,0.22,0.01,0.22,19.98,0.13
2026-03-31,sv3pt5-4,502555,Reverse Holofoil,0.34,0.06,0.37,19.98,0.42
2026-03-31,sv3pt5-6,502558,Holofoil,9.49,6.72,11.12,87.4,9.55
2026-03-31,sv3pt5-7,502548,Normal,0.2,0.01,0.2,19.98,0.12
2026-03-31,sv3pt5-7,502548,Reverse Holofoil,0.25,0.01,0.3,50.0,0.26
2026-03-31,sv4pt5-234,535090,Holofoil,270.16,245.66,321.57,600.0,204.16
2026-03-31,sv4pt5-54,534416,Holofoil,3.82,2.33,4.49,43.2,5.25
2026-03-31,sv8-57,590025,Holofoil,3.68,2.95,4.35,96.95,4.08
2026-03-31,sv8pt5-149,610504,Holofoil,210.47,200.0,282.0,2019.8,
2026-03-31,sv8pt5-155,610510,Holofoil,255.71,280.0,336.9,2854.5,
2026-03-31,sv8pt5-156,610511,Holofoil,347.3,335.0,479.42,3850.0,
2026-03-31,sv8pt5-161,610516,Holofoil,1420.39,1420.69,1622.49,5000.0,1491.5
2026-03-31,sv8pt5-167,610522,Holofoil,188.09,200.0,269.99,3009.8,
2026-03-31,sv8pt5-179,610534,Holofoil,59.07,45.38,74.94,999.0,
2026-03-31,sv8pt5-28,610383,Holofoil,1.87,1.0,1.92,999.0,2.89
2026-03-31,sv8pt5-47,610402,Normal,0.03,0.01,0.1,999.0,0.01
2026-03-31,sv8pt5-47,610402,Reverse Holofoil,0.13,0.01,0.15,999.0,0.01
2026-03-31,sv8pt5-59,610414,Holofoil,0.27,0.01,0.3,999.0,0.26
2026-03-31,sv8pt5-59,610414,Reverse Holofoil,0.41,0.03,0.43,999.0,
2026-03-31,sv8pt5-60,610415,Holofoil,5.1,3.99,5.04,999.0,6.87
2026-03-31,svp-085,518861,Normal,822.77,700.0,1100.0,6999.96,6999.96
2026-03-31,swsh11-186,284137,Holofoil,666.86,612.74,737.48,1500.0,783.99
2026-03-31,swsh12-186,451834,Holofoil,399.58,374.89,527.67,3761.96,499.68
2026-03-31,swsh12pt5gg-GG69,478100,Holofoil,230.05,183.57,250.99,1865.7,224.69
2026-03-31,swsh35-25,223018,Normal,0.15,0.02,0.18,19.98,
2026-03-31,swsh35-25,223018,Reverse Holofoil,0.27,0.1,0.28,19.98,
2026-03-31,swsh35-74,223073,Holofoil,161.94,139.3,220.0,2300.0,209.99
2026-03-31,swsh45sv-SV107,232496,Holofoil,149.48,99.0,170.0,349.95,179.01
2026-03-31,swsh7-204,246693,Holofoil,32.88,28.0,35.0,289.9,47.3
2026-03-31,swsh7-205,246696,Holofoil,327.39,294.23,374.99,500.0,329.79
2026-03-31,swsh7-208,246755,Holofoil,35.2,25.0,35.27,270.1,43.92
2026-03-31,swsh7-209,246756,Holofoil,249.98,242.1,291.73,450.0,264.76
2026-03-31,swsh7-211,246702,Holofoil,51.08,45.0,52.99,450.0,52.17
2026-03-31,swsh7-212,246704,Holofoil,332.63,364.96,400.0,4249.76,317.37
2026-03-31,swsh7-215,246723,Holofoil,1878.2,2087.0,2999.67,6000.0,2900.0
2026-03-31,swsh7-218,246733,Holofoil,715.81,725.0,939.94,1199.99,929.88
2026-03-31,swsh7-41,246753,Holofoil,5.98,4.71,6.52,24.97,7.52
2026-03-31,swsh7-65,246690,Holofoil,14.25,10.99,15.99,500.0,16.05
2026-03-31,swsh7-75,246701,Holofoil,15.02,12.49,16.4,141.9,19.69
2026-03-31,swsh7-8,246691,Holofoil,7.54,5.01,7.99,100.0,6.64
2026-03-31,swsh8-271,253266,Holofoil,786.23,664.99,944.87,1499.95,844.99
2026-03-31,swsh9-154,263873,Holofoil,287.35,225.09,377.93,1500.0,292.49
