date,asset_id,product_id,subtype,market,low,mid,high,direct_low
2026-05-01,base1-15,42355,Holofoil,151.01,99.7,157.97,1086.2,155.52
2026-05-01,base1-16,42356,Holofoil,54.05,33.86,54.5,139.99,119.99
2026-05-01,base1-2,42360,Holofoil,206.42,150.0,218.34,1585.1,199.97
2026-05-01,base1-4,42382,Holofoil,555.88,499.0,699.99,1499.65,
2026-05-01,base1-58,42402,Normal,6.46,1.25,3.97,9999.0,10.97
2026-05-01,cel25c-4,250320,Holofoil,194.18,176.98,220.47,4321.0,199.74
2026-05-01,gym2-2,83861,1st Edition Holofoil,894.61,1070.99,1605.5,2140.0,
2026-05-01,gym2-2,83861,Unlimited Holofoil,472.97,438.75,538.47,1499.99,536.98
2026-05-01,neo1-9,86903,1st Edition Holofoil,1299.96,1899.99,2425.0,2950.0,1899.99
2026-05-01,neo1-9,86903,Unlimited Holofoil,479.18,461.46,500.0,584.0,
2026-05-01,sl-151-bundle,502000,Normal,202.25,189.95,223.48,2999.99,
2026-05-01,sl-151-etb,503313,Normal,606.52,620.0,699.98,1299.99,
2026-05-01,sl-151-upc,502005,Normal,962.94,970.94,1192.5,40000.0,
2026-05-01,sl-ar-box,265519,Normal,370.28,380.0,475.0,899.99,
2026-05-01,sl-bs-box,256141,Normal,597.06,599.99,700.0,5000.0,
2026-05-01,sl-cel-upc,245140,Normal,1171.81,1241.99,2000.0,200000.0,
2026-05-01,sl-champ-etb,218791,Normal,168.76,169.96,200.0,500.0,
2026-05-01,sl-cz-etb,453470,Normal,295.26,315.0,350.0,785.0,
2026-05-01,sl-dr-box,624679,Normal,593.97,585.0,630.0,2185.0,
2026-05-01,sl-evs-box,242436,Normal,2624.5,2636.51,3482.5,12000.0,
2026-05-01,sl-evs-etb,243721,Normal,835.62,1099.97,1200.0,3499.98,
2026-05-01,sl-fs-box,247654,Normal,992.42,985.0,1103.99,3000.0,
2026-05-01,sl-hf-etb,194729,Normal,532.48,534.98,654.98,9999.98,
2026-05-01,sl-jp-151,565243,Normal,349.08,349.99,429.89,599.99,
2026-05-01,sl-jp-terastal,603428,Normal,127.72,99.99,145.0,250.0,
2026-05-01,sl-jt-box,610931,Normal,286.84,275.0,329.95,558.43,
2026-05-01,sl-lo-box,277324,Normal,727.98,718.01,896.49,2500.0,
2026-05-01,sl-me1-box,644298,Normal,319.32,329.99,367.99,499.99,
2026-05-01,sl-obf-box,501257,Normal,367.44,342.0,399.99,1000.0,
2026-05-01,sl-pe-etb,593355,Normal,177.72,160.0,200.0,2000.0,
2026-05-01,sl-pe-spc,622770,Normal,293.98,299.99,390.0,1500.0,
2026-05-01,sl-pf-etb,528040,Normal,418.22,409.94,467.5,800.0,
2026-05-01,sl-phf-box,654137,Normal,400.92,391.99,450.0,1200.0,
2026-05-01,sl-shf-etb,228821,Normal,130.54,124.91,150.0,500.11,
2026-05-01,sl-ss-box,565606,Normal,265.81,259.16,322.47,4999.99,
2026-05-01,sl-st-box,283389,Normal,455.55,449.99,549.99,1000.0,
2026-05-01,sl-tf-box,536225,Normal,304.11,304.01,334.98,500.0,
2026-05-01,sv2-185,497557,Normal,0.28,0.1,0.31,4321.0,0.13
2026-05-01,sv2-185,497557,Reverse Holofoil,0.73,0.17,0.81,18.78,1.53
2026-05-01,sv2-254,497669,Holofoil,10.11,9.0,12.5,4321.0,12.38
2026-05-01,sv2-269,497689,Holofoil,57.57,52.99,69.99,527.48,67.99
2026-05-01,sv3pt5-151,516566,Holofoil,8.53,5.88,8.71,9999.0,8.47
2026-05-01,sv3pt5-199,517045,Holofoil,429.06,379.36,465.0,900.0,399.0
2026-05-01,sv3pt5-205,517051,Holofoil,29.94,25.23,34.2,4321.0,30.52
2026-05-01,sv3pt5-4,502555,Normal,0.15,0.01,0.21,20.0,0.1
2026-05-01,sv3pt5-4,502555,Reverse Holofoil,0.33,0.15,0.35,19.48,0.31
2026-05-01,sv3pt5-6,502558,Holofoil,8.67,4.98,9.99,9999.0,25.97
2026-05-01,sv3pt5-7,502548,Normal,0.25,0.01,0.25,19.99,0.16
2026-05-01,sv3pt5-7,502548,Reverse Holofoil,0.41,0.04,0.37,50.0,0.36
2026-05-01,sv4pt5-234,535090,Holofoil,320.76,270.0,394.0,1587.15,379.0
2026-05-01,sv4pt5-54,534416,Holofoil,4.46,3.0,4.99,60.0,6.33
2026-05-01,sv8-57,590025,Holofoil,4.46,3.0,4.7,4321.0,6.55
2026-05-01,sv8pt5-149,610504,Holofoil,256.0,198.07,392.0,2000.0,
2026-05-01,sv8pt5-155,610510,Holofoil,279.23,290.0,349.99,999.0,
2026-05-01,sv8pt5-156,610511,Holofoil,397.34,309.96,494.38,999.0,499.9
2026-05-01,sv8pt5-161,610516,Holofoil,1455.69,1350.0,1725.0,5000.0,
2026-05-01,sv8pt5-167,610522,Holofoil,182.25,155.0,220.0,3009.8,201.99
2026-05-01,sv8pt5-179,610534,Holofoil,63.57,57.38,76.12,999.0,
2026-05-01,sv8pt5-28,610383,Holofoil,1.74,1.11,2.05,999.0,
2026-05-01,sv8pt5-47,610402,Normal,0.06,0.01,0.11,999.0,0.01
2026-05-01,sv8pt5-47,610402,Reverse Holofoil,0.13,0.01,0.17,999.0,0.01
2026-05-01,sv8pt5-59,610414,Holofoil,0.34,0.01,0.35,999.0,0.35
2026-05-01,sv8pt5-59,610414,Reverse Holofoil,0.53,0.1,0.49,999.0,0.41
2026-05-01,sv8pt5-60,610415,Holofoil,5.49,4.0,6.49,999.0,6.37
2026-05-01,svp-085,518861,Normal,949.92,945.0,1200.0,6999.93,6999.93
2026-05-01,swsh11-186,284137,Holofoil,672.02,625.0,784.0,899.99,799.97
2026-05-01,swsh12-186,451834,Holofoil,448.62,400.0,529.37,3761.87,476.99
2026-05-01,swsh12pt5gg-GG69,478100,Holofoil,245.37,215.61,258.29,1865.06,272.73
2026-05-01,swsh35-25,223018,Normal,0.18,0.01,0.2,19.99,
2026-05-01,swsh35-25,223018,Reverse Holofoil,0.32,0.1,0.32,19.98,
2026-05-01,swsh35-74,223073,Holofoil,185.34,158.98,240.94,2300.0,209.97
2026-05-01,swsh45sv-SV107,232496,Holofoil,160.25,119.83,200.0,4321.0,199.99
2026-05-01,swsh7-204,246693,Holofoil,32.82,28.99,35.55,289.9,37.74
2026-05-01,swsh7-205,246696,Holofoil,348.73,314.56,399.99,522.9,340.0
2026-05-01,swsh7-208,246755,Holofoil,35.18,35.0,45.7,270.1,45.82
2026-05-01,swsh7-209,246756,Holofoil,273.76,242.01,359.0,499.69,242.01
2026-05-01,swsh7-211,246702,Holofoil,52.68,55.0,63.22,450.0,
2026-05-01,swsh7-212,246704,Holofoil,381.44,397.79,499.83,4249.73,499.69
2026-05-01,swsh7-215,246723,Holofoil,2136.24,2195.0,2632.01,26000.0,2799.0
2026-05-01,swsh7-218,246733,Holofoil,787.94,899.0,1199.67,2067.0,1199.63
2026-05-01,swsh7-41,246753,Holofoil,7.34,5.17,7.95,38.99,14.99
2026-05-01,swsh7-65,246690,Holofoil,16.07,12.08,16.82,512.01,18.9
2026-05-01,swsh7-75,246701,Holofoil,17.6,12.5,19.0,141.86,24.44
2026-05-01,swsh7-8,246691,Holofoil,8.47,5.01,8.82,507.17,8.82
2026-05-01,swsh8-271,253266,Holofoil,901.53,845.69,999.0,1799.0,944.86
2026-05-01,swsh9-154,263873,Holofoil,337.56,346.38,479.52,1500.0,359.99
2026-05-02,base1-15,42355,Holofoil,148.29,109.3,157.97,1086.2,155.52
2026-05-02,base1-16,42356,Holofoil,53.85,34.85,54.0,139.99,
2026-05-02,base1-2,42360,Holofoil,206.15,150.0,216.0,1585.1,199.97
2026-05-02,base1-4,42382,Holofoil,555.88,499.0,651.3,999.0,
2026-05-02,base1-58,42402,Normal,6.48,1.0,3.97,9999.0,9.99
2026-05-02,cel25c-4,250320,Holofoil,193.58,176.98,218.99,499.99,199.73
2026-05-02,gym2-2,83861,1st Edition Holofoil,894.61,2140.0,2140.0,2140.0,
2026-05-02,gym2-2,83861,Unlimited Holofoil,469.77,438.75,533.4,1499.99,533.4
2026-05-02,neo1-9,86903,1st Edition Holofoil,1299.96,1899.99,2425.0,2950.0,1899.99
2026-05-02,neo1-9,86903,Unlimited Holofoil,485.62,461.46,500.0,650.0,
2026-05-02,sl-151-bundle,502000,Normal,213.57,194.0,227.5,2999.99,
2026-05-02,sl-151-etb,503313,Normal,608.84,620.0,699.0,1299.99,
2026-05-02,sl-151-upc,502005,Normal,967.58,970.94,1199.99,40000.0,
2026-05-02,sl-ar-box,265519,Normal,369.48,380.0,475.0,899.99,
2026-05-02,sl-bs-box,256141,Normal,597.06,599.99,699.99,5000.0,
2026-05-02,sl-cel-upc,245140,Normal,1171.81,1241.99,2000.0,200000.0,
2026-05-02,sl-champ-etb,218791,Normal,169.36,169.96,200.0,500.0,
2026-05-02,sl-cz-etb,453470,Normal,294.75,295.26,350.0,1000.0,
2026-05-02,sl-dr-box,624679,Normal,595.28,579.01,625.0,2185.0,
2026-05-02,sl-evs-box,242436,Normal,2624.5,2636.51,3482.5,12000.0,
2026-05-02,sl-evs-etb,243721,Normal,835.62,1099.97,1200.0,3499.98,
2026-05-02,sl-fs-box,247654,Normal,992.42,985.0,1102.0,3000.0,
2026-05-02,sl-hf-etb,194729,Normal,532.48,534.98,654.98,9999.98,
2026-05-02,sl-jp-151,565243,Normal,350.28,374.99,439.78,599.99,
2026-05-02,sl-jp-terastal,603428,Normal,125.68,99.99,145.0,250.0,
2026-05-02,sl-jt-box,610931,Normal,287.97,275.0,339.98,558.43,
2026-05-02,sl-lo-box,277324,Normal,727.98,700.0,886.0,2500.0,
2026-05-02,sl-me1-box,644298,Normal,320.04,329.99,360.97,499.99,
2026-05-02,sl-obf-box,501257,Normal,366.63,366.0,400.0,1000.0,
2026-05-02,sl-pe-etb,593355,Normal,171.37,165.0,200.0,2000.0,
2026-05-02,sl-pe-spc,622770,Normal,306.53,313.34,399.97,1500.0,
2026-05-02,sl-pf-etb,528040,Normal,418.22,409.94,457.5,800.0,
2026-05-02,sl-phf-box,654137,Normal,397.48,400.0,475.0,1200.0,
2026-05-02,sl-shf-etb,228821,Normal,131.45,130.0,150.0,500.11,
2026-05-02,sl-ss-box,565606,Normal,251.29,259.16,320.0,4999.99,
2026-05-02,sl-st-box,283389,Normal,456.39,449.99,549.99,1000.0,
2026-05-02,sl-tf-box,536225,Normal,305.15,304.01,336.25,500.0,
2026-05-02,sv2-185,497557,Normal,0.27,0.09,0.31,501.5,0.13
2026-05-02,sv2-185,497557,Reverse Holofoil,0.71,0.17,0.8,18.78,1.53
2026-05-02,sv2-254,497669,Holofoil,10.14,9.0,12.26,4321.0,12.37
2026-05-02,sv2-269,497689,Holofoil,57.81,52.99,69.99,527.48,67.99
2026-05-02,sv3pt5-151,516566,Holofoil,7.64,5.0,8.57,9999.0,8.53
2026-05-02,sv3pt5-199,517045,Holofoil,425.47,379.36,463.27,900.0,401.51
2026-05-02,sv3pt5-205,517051,Holofoil,30.26,17.23,34.01,150.2,29.75
2026-05-02,sv3pt5-4,502555,Normal,0.17,0.01,0.2,20.0,0.12
2026-05-02,sv3pt5-4,502555,Reverse Holofoil,0.36,0.15,0.36,19.48,0.31
2026-05-02,sv3pt5-6,502558,Holofoil,9.2,4.98,10.1,9999.0,10.99
2026-05-02,sv3pt5-7,502548,Normal,0.24,0.01,0.25,19.99,
2026-05-02,sv3pt5-7,502548,Reverse Holofoil,0.35,0.04,0.36,1000.39,0.41
2026-05-02,sv4pt5-234,535090,Holofoil,325.78,270.0,407.5,1623.65,379.0
2026-05-02,sv4pt5-54,534416,Holofoil,4.32,3.35,5.0,4321.0,6.68
2026-05-02,sv8-57,590025,Holofoil,4.45,2.97,4.61,25.0,5.22
2026-05-02,sv8pt5-149,610504,Holofoil,256.0,270.0,409.23,2000.0,
2026-05-02,sv8pt5-155,610510,Holofoil,279.23,290.0,349.99,999.0,
2026-05-02,sv8pt5-156,610511,Holofoil,397.34,309.96,494.38,999.0,499.9
2026-05-02,sv8pt5-161,610516,Holofoil,1455.69,1350.0,1650.0,5000.0,1799.99
2026-05-02,sv8pt5-167,610522,Holofoil,182.24,155.0,219.99,3009.8,202.0
2026-05-02,sv8pt5-179,610534,Holofoil,63.76,57.5,76.4,999.0,
2026-05-02,sv8pt5-28,610383,Holofoil,1.86,1.0,2.04,999.0,
2026-05-02,sv8pt5-47,610402,Normal,0.06,0.01,0.11,999.0,0.01
2026-05-02,sv8pt5-47,610402,Reverse Holofoil,0.15,0.01,0.18,999.0,0.01
2026-05-02,sv8pt5-59,610414,Holofoil,0.32,0.01,0.35,999.0,0.4
2026-05-02,sv8pt5-59,610414,Reverse Holofoil,0.54,0.1,0.5,999.0,0.41
2026-05-02,sv8pt5-60,610415,Holofoil,5.84,4.0,6.5,4321.0,
2026-05-02,svp-085,518861,Normal,955.74,945.0,1123.0,6999.93,6999.93
2026-05-02,swsh11-186,284137,Holofoil,723.63,625.0,723.37,899.99,899.69
2026-05-02,swsh12-186,451834,Holofoil,448.62,400.0,529.37,3761.65,476.99
2026-05-02,swsh12pt5gg-GG69,478100,Holofoil,245.87,215.61,257.81,1865.06,245.87
2026-05-02,swsh35-25,223018,Normal,0.18,0.01,0.2,19.99,
2026-05-02,swsh35-25,223018,Reverse Holofoil,0.31,0.1,0.32,19.98,
2026-05-02,swsh35-74,223073,Holofoil,185.34,160.0,235.47,2300.0,209.97
2026-05-02,swsh45sv-SV107,232496,Holofoil,160.25,140.0,199.99,349.95,199.98
2026-05-02,swsh7-204,246693,Holofoil,33.04,28.99,34.75,289.9,48.99
2026-05-02,swsh7-205,246696,Holofoil,348.73,314.56,399.99,522.9,340.0
2026-05-02,swsh7-208,246755,Holofoil,35.44,35.0,45.7,270.1,45.81
2026-05-02,swsh7-209,246756,Holofoil,273.76,279.72,369.0,499.69,287.99
2026-05-02,swsh7-211,246702,Holofoil,52.68,47.5,61.45,450.0,
2026-05-02,swsh7-212,246704,Holofoil,381.44,397.79,450.0,4249.73,420.0
2026-05-02,swsh7-215,246723,Holofoil,2136.24,2013.16,2499.5,26000.0,2799.0
2026-05-02,swsh7-218,246733,Holofoil,787.94,899.0,1199.65,2067.0,1199.59
2026-05-02,swsh7-41,246753,Holofoil,7.39,5.17,7.97,45.99,14.99
2026-05-02,swsh7-65,246690,Holofoil,15.98,11.48,17.0,512.01,18.99
2026-05-02,swsh7-75,246701,Holofoil,17.05,12.63,18.75,141.86,24.44
2026-05-02,swsh7-8,246691,Holofoil,8.11,5.01,8.8,507.17,8.82
2026-05-02,swsh8-271,253266,Holofoil,901.53,845.69,974.5,1799.0,944.69
2026-05-02,swsh9-154,263873,Holofoil,337.56,325.0,456.73,1500.0,359.99
2026-05-03,base1-15,42355,Holofoil,148.29,108.0,157.97,1086.2,108.0
2026-05-03,base1-16,42356,Holofoil,53.85,34.85,49.0,119.99,119.99
2026-05-03,base1-2,42360,Holofoil,200.61,150.0,218.34,1585.1,199.97
2026-05-03,base1-4,42382,Holofoil,555.88,499.0,675.65,1499.65,
2026-05-03,base1-58,42402,Normal,6.7,1.0,3.99,9999.0,91.12
2026-05-03,cel25c-4,250320,Holofoil,193.42,173.71,217.98,999.99,173.71
2026-05-03,gym2-2,83861,1st Edition Holofoil,894.61,1070.99,1605.5,2140.0,
2026-05-03,gym2-2,83861,Unlimited Holofoil,469.77,438.75,533.4,1499.99,530.0
2026-05-03,neo1-9,86903,1st Edition Holofoil,1299.96,1899.99,2425.0,2950.0,1899.99
2026-05-03,neo1-9,86903,Unlimited Holofoil,491.21,500.0,553.82,650.0,
2026-05-03,sl-151-bundle,502000,Normal,222.68,199.0,247.75,2999.99,
2026-05-03,sl-151-etb,503313,Normal,614.48,620.0,699.98,1500.0,
2026-05-03,sl-151-upc,502005,Normal,968.78,970.0,1199.99,40000.0,
2026-05-03,sl-ar-box,265519,Normal,369.48,380.0,475.5,899.99,
2026-05-03,sl-bs-box,256141,Normal,596.66,599.99,692.5,5000.0,
2026-05-03,sl-cel-upc,245140,Normal,1178.69,1200.0,2000.0,200000.0,
2026-05-03,sl-champ-etb,218791,Normal,170.01,172.98,200.0,500.0,
2026-05-03,sl-cz-etb,453470,Normal,297.76,315.0,350.0,1000.0,
2026-05-03,sl-dr-box,624679,Normal,593.11,587.5,643.94,2185.0,
2026-05-03,sl-evs-box,242436,Normal,2624.5,2636.51,3485.0,12000.0,
2026-05-03,sl-evs-etb,243721,Normal,835.62,1099.97,1249.99,3499.98,
2026-05-03,sl-fs-box,247654,Normal,992.98,985.0,1100.0,3000.0,
2026-05-03,sl-hf-etb,194729,Normal,532.48,534.98,659.95,9999.98,
2026-05-03,sl-jp-151,565243,Normal,353.08,374.99,429.75,599.99,
2026-05-03,sl-jp-terastal,603428,Normal,123.6,99.99,145.0,250.0,
2026-05-03,sl-jt-box,610931,Normal,288.82,292.0,350.0,558.43,
2026-05-03,sl-lo-box,277324,Normal,727.18,700.0,879.0,2500.0,
2026-05-03,sl-me1-box,644298,Normal,322.41,300.0,375.0,499.99,
2026-05-03,sl-obf-box,501257,Normal,365.31,366.0,400.0,1000.0,
2026-05-03,sl-pe-etb,593355,Normal,178.45,169.08,202.26,2000.0,
2026-05-03,sl-pe-spc,622770,Normal,314.36,314.0,395.0,1500.0,
2026-05-03,sl-pf-etb,528040,Normal,418.38,409.94,467.5,800.0,
2026-05-03,sl-phf-box,654137,Normal,398.31,400.0,462.5,1200.0,
2026-05-03,sl-shf-etb,228821,Normal,132.41,130.0,150.0,500.11,
2026-05-03,sl-ss-box,565606,Normal,257.44,259.16,322.47,4999.99,
2026-05-03,sl-st-box,283389,Normal,456.39,449.99,500.0,1000.0,
2026-05-03,sl-tf-box,536225,Normal,307.51,304.01,339.99,500.0,
2026-05-03,sv2-185,497557,Normal,0.31,0.09,0.32,501.5,0.13
2026-05-03,sv2-185,497557,Reverse Holofoil,0.75,0.17,0.83,18.78,1.53
2026-05-03,sv2-254,497669,Holofoil,10.13,9.0,12.32,112.4,12.32
2026-05-03,sv2-269,497689,Holofoil,58.49,52.99,70.19,527.48,67.99
2026-05-03,sv3pt5-151,516566,Holofoil,7.69,5.88,8.5,9999.0,7.79
2026-05-03,sv3pt5-199,517045,Holofoil,425.07,379.36,469.99,900.0,401.51
2026-05-03,sv3pt5-205,517051,Holofoil,29.29,25.23,33.33,149.6,33.07
2026-05-03,sv3pt5-4,502555,Normal,0.16,0.01,0.21,20.0,0.12
2026-05-03,sv3pt5-4,502555,Reverse Holofoil,0.34,0.15,0.36,19.48,0.4
2026-05-03,sv3pt5-6,502558,Holofoil,10.27,4.98,10.0,9999.0,25.96
2026-05-03,sv3pt5-7,502548,Normal,0.21,0.01,0.25,19.99,
2026-05-03,sv3pt5-7,502548,Reverse Holofoil,0.29,0.04,0.34,50.0,0.35
2026-05-03,sv4pt5-234,535090,Holofoil,329.26,270.0,416.99,1642.7,379.0
2026-05-03,sv4pt5-54,534416,Holofoil,4.81,3.35,5.0,60.0,6.85
2026-05-03,sv8-57,590025,Holofoil,4.65,2.79,4.65,96.95,4.04
2026-05-03,sv8pt5-149,610504,Holofoil,256.0,256.0,383.99,2000.0,
2026-05-03,sv8pt5-155,610510,Holofoil,280.39,275.0,349.04,999.0,
2026-05-03,sv8pt5-156,610511,Holofoil,400.7,362.99,494.38,999.0,499.9
2026-05-03,sv8pt5-161,610516,Holofoil,1470.79,1350.0,1650.0,5000.0,
2026-05-03,sv8pt5-167,610522,Holofoil,183.92,155.0,215.0,3009.8,202.0
2026-05-03,sv8pt5-179,610534,Holofoil,63.92,57.5,76.63,999.0,
2026-05-03,sv8pt5-28,610383,Holofoil,1.9,1.0,2.09,999.0,
2026-05-03,sv8pt5-47,610402,Normal,0.07,0.01,0.11,999.0,0.01
2026-05-03,sv8pt5-47,610402,Reverse Holofoil,0.15,0.01,0.18,999.0,0.05
2026-05-03,sv8pt5-59,610414,Holofoil,0.31,0.01,0.35,999.0,0.43
2026-05-03,sv8pt5-59,610414,Reverse Holofoil,0.46,0.1,0.5,999.0,
2026-05-03,sv8pt5-60,610415,Holofoil,6.05,4.0,6.52,999.0,
2026-05-03,svp-085,518861,Normal,955.74,945.0,1173.45,6999.93,6999.93
2026-05-03,swsh11-186,284137,Holofoil,723.63,629.99,758.52,1000.0,899.69
2026-05-03,swsh12-186,451834,Holofoil,460.11,400.0,529.69,3761.87,475.0
2026-05-03,swsh12pt5gg-GG69,478100,Holofoil,245.53,224.98,280.22,1865.06,309.68
2026-05-03,swsh35-25,223018,Normal,0.2,0.01,0.2,19.99,
2026-05-03,swsh35-25,223018,Reverse Holofoil,0.31,0.1,0.32,19.98,
2026-05-03,swsh35-74,223073,Holofoil,183.62,156.99,229.99,2300.0,209.97
2026-05-03,swsh45sv-SV107,232496,Holofoil,160.25,140.0,199.99,349.95,199.98
2026-05-03,swsh7-204,246693,Holofoil,32.69,31.0,35.59,289.9,48.99
2026-05-03,swsh7-205,246696,Holofoil,348.73,314.56,399.99,522.9,340.0
2026-05-03,swsh7-208,246755,Holofoil,35.54,35.0,45.7,270.1,45.82
2026-05-03,swsh7-209,246756,Holofoil,273.76,279.72,373.58,499.69,287.99
2026-05-03,swsh7-211,246702,Holofoil,52.93,55.0,63.52,450.0,
2026-05-03,swsh7-212,246704,Holofoil,381.44,397.79,499.69,4249.73,420.0
2026-05-03,swsh7-215,246723,Holofoil,2136.24,2012.0,2799.0,26000.0,2799.0
2026-05-03,swsh7-218,246733,Holofoil,821.44,899.0,1199.65,2067.0,1199.58
2026-05-03,swsh7-41,246753,Holofoil,7.7,5.17,7.91,45.99,15.99
2026-05-03,swsh7-65,246690,Holofoil,16.15,12.08,16.93,512.01,19.99
2026-05-03,swsh7-75,246701,Holofoil,16.42,12.63,18.35,141.86,24.44
2026-05-03,swsh7-8,246691,Holofoil,8.36,5.01,8.78,507.17,14.99
2026-05-03,swsh8-271,253266,Holofoil,901.71,845.69,999.0,1799.0,948.99
2026-05-03,swsh9-154,263873,Holofoil,337.56,325.0,414.95,1500.0,359.99
2026-05-04,base1-15,42355,Holofoil,150.51,109.3,158.04,1086.2,155.52
2026-05-04,base1-16,42356,Holofoil,55.17,34.85,53.32,139.99,119.99
2026-05-04,base1-2,42360,Holofoil,200.61,150.0,219.95,1585.1,999.51
2026-05-04,base1-4,42382,Holofoil,555.88,499.0,675.65,1499.65,
2026-05-04,base1-58,42402,Normal,10.13,1.0,3.99,9999.0,
2026-05-04,cel25c-4,250320,Holofoil,193.78,174.99,218.99,999.99,175.04
2026-05-04,gym2-2,83861,1st Edition Holofoil,894.61,1070.99,1605.5,2140.0,
2026-05-04,gym2-2,83861,Unlimited Holofoil,474.04,438.75,539.09,1499.99,530.0
2026-05-04,neo1-9,86903,1st Edition Holofoil,1299.96,1899.99,2425.0,2950.0,1899.99
2026-05-04,neo1-9,86903,Unlimited Holofoil,491.21,500.0,557.0,650.0,
2026-05-04,sl-151-bundle,502000,Normal,220.72,199.0,249.99,2999.99,
2026-05-04,sl-151-etb,503313,Normal,638.68,620.0,699.98,1500.0,
2026-05-04,sl-151-upc,502005,Normal,982.73,989.95,1249.98,40000.0,
2026-05-04,sl-ar-box,265519,Normal,368.88,379.99,475.5,899.99,
2026-05-04,sl-bs-box,256141,Normal,596.27,599.99,700.0,5000.0,
2026-05-04,sl-cel-upc,245140,Normal,1178.69,1200.0,2000.0,200000.0,
2026-05-04,sl-champ-etb,218791,Normal,170.01,172.98,200.0,500.0,
2026-05-04,sl-cz-etb,453470,Normal,304.75,315.99,350.0,1000.0,
2026-05-04,sl-dr-box,624679,Normal,590.12,587.5,648.88,2185.0,
2026-05-04,sl-evs-box,242436,Normal,2628.3,2636.51,3498.99,12000.0,
2026-05-04,sl-evs-etb,243721,Normal,835.62,1099.97,1350.0,3499.98,
2026-05-04,sl-fs-box,247654,Normal,993.22,985.0,1100.0,3000.0,
2026-05-04,sl-hf-etb,194729,Normal,532.48,534.98,659.95,9999.98,
2026-05-04,sl-jp-151,565243,Normal,353.08,320.0,429.75,599.99,
2026-05-04,sl-jp-terastal,603428,Normal,124.69,99.99,150.0,250.0,
2026-05-04,sl-jt-box,610931,Normal,288.82,292.0,350.0,558.43,
2026-05-04,sl-lo-box,277324,Normal,727.21,724.0,896.49,2500.0,
2026-05-04,sl-me1-box,644298,Normal,322.5,339.49,349.99,499.99,
2026-05-04,sl-obf-box,501257,Normal,364.91,366.0,400.0,1000.0,
2026-05-04,sl-pe-etb,593355,Normal,188.16,169.08,200.0,2000.0,
2026-05-04,sl-pe-spc,622770,Normal,314.07,317.03,396.5,1500.0,
2026-05-04,sl-pf-etb,528040,Normal,437.75,409.94,499.99,800.0,
2026-05-04,sl-phf-box,654137,Normal,433.78,400.0,484.37,1200.0,
2026-05-04,sl-shf-etb,228821,Normal,132.49,130.74,162.5,500.11,
2026-05-04,sl-ss-box,565606,Normal,272.41,259.0,320.0,4999.99,
2026-05-04,sl-st-box,283389,Normal,456.79,469.0,519.99,1000.0,
2026-05-04,sl-tf-box,536225,Normal,307.71,295.0,339.99,500.0,
2026-05-04,sv2-185,497557,Normal,0.32,0.09,0.32,501.5,0.13
2026-05-04,sv2-185,497557,Reverse Holofoil,0.72,0.17,0.82,18.78,0.9
2026-05-04,sv2-254,497669,Holofoil,10.3,9.0,12.4,112.4,13.88
2026-05-04,sv2-269,497689,Holofoil,58.56,52.99,74.84,527.48,67.99
2026-05-04,sv3pt5-151,516566,Holofoil,8.2,5.88,8.53,9999.0,12.49
2026-05-04,sv3pt5-199,517045,Holofoil,427.4,379.69,475.0,1000.0,401.51
2026-05-04,sv3pt5-205,517051,Holofoil,31.1,25.23,34.11,149.6,40.57
2026-05-04,sv3pt5-4,502555,Normal,0.21,0.01,0.21,20.0,0.12
2026-05-04,sv3pt5-4,502555,Reverse Holofoil,0.35,0.15,0.35,19.48,0.4
2026-05-04,sv3pt5-6,502558,Holofoil,11.87,4.98,10.79,9999.0,25.96
2026-05-04,sv3pt5-7,502548,Normal,0.2,0.01,0.24,19.99,
2026-05-04,sv3pt5-7,502548,Reverse Holofoil,0.31,0.04,0.34,50.0,0.39
2026-05-04,sv4pt5-234,535090,Holofoil,332.41,270.0,398.0,1642.7,377.99
2026-05-04,sv4pt5-54,534416,Holofoil,5.31,3.35,5.16,60.0,6.99
2026-05-04,sv8-57,590025,Holofoil,4.28,2.5,4.65,96.95,5.6
2026-05-04,sv8pt5-149,610504,Holofoil,256.0,256.0,411.04,2000.0,
2026-05-04,sv8pt5-155,610510,Holofoil,282.27,275.0,357.25,999.0,
2026-05-04,sv8pt5-156,610511,Holofoil,406.73,362.99,479.99,999.0,499.95
2026-05-04,sv8pt5-161,610516,Holofoil,1470.79,1482.22,1650.0,5000.0,
2026-05-04,sv8pt5-167,610522,Holofoil,183.36,155.0,215.0,3009.8,200.0
2026-05-04,sv8pt5-179,610534,Holofoil,63.26,57.5,76.54,999.0,
2026-05-04,sv8pt5-28,610383,Holofoil,2.47,0.9,2.6,999.0,
2026-05-04,sv8pt5-47,610402,Normal,0.09,0.01,0.11,999.0,0.01
2026-05-04,sv8pt5-47,610402,Reverse Holofoil,0.15,0.01,0.18,999.0,0.04
2026-05-04,sv8pt5-59,610414,Holofoil,0.46,0.01,0.36,999.0,0.45
2026-05-04,sv8pt5-59,610414,Reverse Holofoil,0.39,0.1,0.45,999.0,
2026-05-04,sv8pt5-60,610415,Holofoil,5.58,3.93,6.48,5000.0,
2026-05-04,svp-085,518861,Normal,955.74,943.0,1267.28,6999.93,4499.44
2026-05-04,swsh11-186,284137,Holofoil,729.99,629.99,875.0,917.52,899.69
2026-05-04,swsh12-186,451834,Holofoil,460.11,400.0,529.69,3761.87,475.0
2026-05-04,swsh12pt5gg-GG69,478100,Holofoil,248.12,246.4,282.08,1865.06,349.69
2026-05-04,swsh35-25,223018,Normal,0.2,0.01,0.2,19.99,
2026-05-04,swsh35-25,223018,Reverse Holofoil,0.31,0.1,0.32,19.98,
2026-05-04,swsh35-74,223073,Holofoil,183.62,155.0,229.99,2300.0,170.0
2026-05-04,swsh45sv-SV107,232496,Holofoil,160.65,140.0,199.98,349.95,149.0
2026-05-04,swsh7-204,246693,Holofoil,33.42,31.0,35.48,289.9,48.99
2026-05-04,swsh7-205,246696,Holofoil,348.73,314.56,399.99,522.9,340.0
2026-05-04,swsh7-208,246755,Holofoil,35.54,33.99,45.35,270.1,45.84
2026-05-04,swsh7-209,246756,Holofoil,273.76,279.72,369.0,499.69,287.99
2026-05-04,swsh7-211,246702,Holofoil,53.48,53.0,59.67,450.0,
2026-05-04,swsh7-212,246704,Holofoil,366.14,397.79,499.83,4249.73,499.69
2026-05-04,swsh7-215,246723,Holofoil,2136.24,2012.0,2213.2,6000.0,2213.2
2026-05-04,swsh7-218,246733,Holofoil,821.44,899.0,1199.65,1749.0,1199.58
2026-05-04,swsh7-41,246753,Holofoil,7.61,5.17,8.0,45.99,15.99
2026-05-04,swsh7-65,246690,Holofoil,16.41,12.08,17.05,512.01,19.99
2026-05-04,swsh7-75,246701,Holofoil,16.87,12.63,18.41,141.86,26.99
2026-05-04,swsh7-8,246691,Holofoil,8.47,5.01,8.95,507.17,14.99
2026-05-04,swsh8-271,253266,Holofoil,901.71,845.69,999.0,1799.0,948.98
2026-05-04,swsh9-154,263873,Holofoil,337.56,300.0,413.99,1500.0,359.99
2026-05-05,base1-15,42355,Holofoil,150.51,109.3,152.02,1086.2,137.84
2026-05-05,base1-16,42356,Holofoil,55.17,39.7,48.84,139.99,119.99
2026-05-05,base1-2,42360,Holofoil,200.61,140.45,219.95,1585.1,999.51
2026-05-05,base1-4,42382,Holofoil,561.49,499.0,651.3,1499.65,1499.65
2026-05-05,base1-58,42402,Normal,10.0,1.0,3.99,9999.0,
2026-05-05,cel25c-4,250320,Holofoil,193.78,174.99,216.12,999.99,175.04
2026-05-05,gym2-2,83861,1st Edition Holofoil,894.61,1070.99,1605.5,2140.0,
2026-05-05,gym2-2,83861,Unlimited Holofoil,474.04,438.75,539.09,1499.99,530.0
2026-05-05,neo1-9,86903,1st Edition Holofoil,1299.96,1899.99,2425.0,2950.0,1899.99
2026-05-05,neo1-9,86903,Unlimited Holofoil,491.21,495.0,557.0,650.0,
2026-05-05,sl-151-bundle,502000,Normal,223.41,192.35,250.0,2999.99,
2026-05-05,sl-151-etb,503313,Normal,637.12,620.0,699.98,1500.0,
2026-05-05,sl-151-upc,502005,Normal,1000.59,1010.0,1385.0,40000.0,
2026-05-05,sl-ar-box,265519,Normal,369.32,380.0,476.0,899.99,
2026-05-05,sl-bs-box,256141,Normal,598.0,600.0,700.0,5000.0,
2026-05-05,sl-cel-upc,245140,Normal,1178.69,1199.99,1999.0,200000.0,
2026-05-05,sl-champ-etb,218791,Normal,170.17,170.17,200.0,500.0,
2026-05-05,sl-cz-etb,453470,Normal,322.16,323.99,399.98,1000.0,
2026-05-05,sl-dr-box,624679,Normal,599.7,599.0,649.99,2185.0,
2026-05-05,sl-evs-box,242436,Normal,2628.3,2636.51,3492.0,12000.0,
2026-05-05,sl-evs-etb,243721,Normal,835.62,1099.96,1274.49,3499.98,
2026-05-05,sl-fs-box,247654,Normal,992.06,990.0,1102.0,3000.0,
2026-05-05,sl-hf-etb,194729,Normal,532.48,534.98,650.0,9999.98,
2026-05-05,sl-jp-151,565243,Normal,363.2,320.0,429.75,599.99,
2026-05-05,sl-jp-terastal,603428,Normal,129.45,99.99,146.0,250.0,
2026-05-05,sl-jt-box,610931,Normal,288.82,292.0,329.95,558.43,
2026-05-05,sl-lo-box,277324,Normal,729.93,743.99,899.99,2500.0,
2026-05-05,sl-me1-box,644298,Normal,328.76,339.49,349.98,499.99,
2026-05-05,sl-obf-box,501257,Normal,364.91,366.0,399.99,1000.0,
2026-05-05,sl-pe-etb,593355,Normal,184.4,169.08,200.0,2000.0,
2026-05-05,sl-pe-spc,622770,Normal,303.55,304.95,389.98,1500.0,
2026-05-05,sl-pf-etb,528040,Normal,522.58,569.99,689.89,800.0,
2026-05-05,sl-phf-box,654137,Normal,452.02,400.0,552.25,1200.0,
2026-05-05,sl-shf-etb,228821,Normal,133.17,130.74,162.5,500.11,
2026-05-05,sl-ss-box,565606,Normal,272.51,259.16,329.99,4999.99,
2026-05-05,sl-st-box,283389,Normal,463.83,469.0,545.22,1000.0,
2026-05-05,sl-tf-box,536225,Normal,307.71,295.0,340.0,500.0,
2026-05-05,sv2-185,497557,Normal,0.33,0.09,0.33,501.5,0.13
2026-05-05,sv2-185,497557,Reverse Holofoil,0.72,0.17,0.79,18.78,0.88
2026-05-05,sv2-254,497669,Holofoil,10.79,9.0,12.26,112.4,13.88
2026-05-05,sv2-269,497689,Holofoil,59.11,52.99,72.89,527.48,67.99
2026-05-05,sv3pt5-151,516566,Holofoil,8.02,5.5,8.51,9999.0,10.56
2026-05-05,sv3pt5-199,517045,Holofoil,426.8,380.0,472.49,1000.0,405.0
2026-05-05,sv3pt5-205,517051,Holofoil,32.31,24.0,34.53,151.2,41.99
2026-05-05,sv3pt5-4,502555,Normal,0.19,0.01,0.21,20.0,0.12
2026-05-05,sv3pt5-4,502555,Reverse Holofoil,0.31,0.15,0.35,19.48,0.4
2026-05-05,sv3pt5-6,502558,Holofoil,9.3,4.98,10.71,9999.0,8.64
2026-05-05,sv3pt5-7,502548,Normal,0.17,0.01,0.24,19.99,0.06
2026-05-05,sv3pt5-7,502548,Reverse Holofoil,0.34,0.04,0.35,50.0,0.36
2026-05-05,sv4pt5-234,535090,Holofoil,332.99,270.0,398.0,1662.05,377.99
2026-05-05,sv4pt5-54,534416,Holofoil,5.01,3.5,5.23,9999.0,6.99
2026-05-05,sv8-57,590025,Holofoil,4.06,2.5,4.62,96.95,5.12
2026-05-05,sv8pt5-149,610504,Holofoil,256.06,275.0,405.0,2000.0,
2026-05-05,sv8pt5-155,610510,Holofoil,281.87,275.0,358.21,999.0,
2026-05-05,sv8pt5-156,610511,Holofoil,408.69,362.99,483.22,999.0,499.95
2026-05-05,sv8pt5-161,610516,Holofoil,1470.79,1482.22,1650.0,5000.0,
2026-05-05,sv8pt5-167,610522,Holofoil,183.97,155.0,202.0,3009.8,202.0
2026-05-05,sv8pt5-179,610534,Holofoil,62.76,55.88,75.91,999.0,
2026-05-05,sv8pt5-28,610383,Holofoil,2.79,0.9,2.71,999.0,
2026-05-05,sv8pt5-47,610402,Normal,0.1,0.01,0.12,999.0,0.01
2026-05-05,sv8pt5-47,610402,Reverse Holofoil,0.16,0.01,0.18,999.0,0.04
2026-05-05,sv8pt5-59,610414,Holofoil,0.34,0.01,0.36,999.0,0.49
2026-05-05,sv8pt5-59,610414,Reverse Holofoil,0.36,0.1,0.44,999.0,0.36
2026-05-05,sv8pt5-60,610415,Holofoil,5.94,3.93,6.5,5000.0,9.99
2026-05-05,svp-085,518861,Normal,961.14,943.0,1367.28,6999.93,4499.1
2026-05-05,swsh11-186,284137,Holofoil,756.05,629.99,875.0,917.04,899.99
2026-05-05,swsh12-186,451834,Holofoil,459.31,400.0,535.84,3761.87,475.0
2026-05-05,swsh12pt5gg-GG69,478100,Holofoil,248.7,246.4,309.49,1865.06,349.69
2026-05-05,swsh35-25,223018,Normal,0.21,0.01,0.2,19.99,
2026-05-05,swsh35-25,223018,Reverse Holofoil,0.31,0.1,0.32,19.98,
2026-05-05,swsh35-74,223073,Holofoil,185.34,155.0,229.99,2300.0,170.0
2026-05-05,swsh45sv-SV107,232496,Holofoil,161.06,140.0,199.99,349.95,199.98
2026-05-05,swsh7-204,246693,Holofoil,33.47,31.6,36.82,289.9,48.99
2026-05-05,swsh7-205,246696,Holofoil,348.73,340.0,405.75,522.9,340.0
2026-05-05,swsh7-208,246755,Holofoil,35.54,32.95,45.35,270.1,45.84
2026-05-05,swsh7-209,246756,Holofoil,273.76,279.72,373.58,499.69,287.99
2026-05-05,swsh7-211,246702,Holofoil,53.48,53.0,59.67,450.0,
2026-05-05,swsh7-212,246704,Holofoil,368.94,368.94,499.83,4249.73,499.69
2026-05-05,swsh7-215,246723,Holofoil,2136.24,2012.0,2799.0,6000.0,2213.2
2026-05-05,swsh7-218,246733,Holofoil,821.44,899.0,1199.65,1749.0,1199.58
2026-05-05,swsh7-41,246753,Holofoil,7.52,5.67,8.14,45.99,9.99
2026-05-05,swsh7-65,246690,Holofoil,15.96,12.08,17.0,512.01,19.99
2026-05-05,swsh7-75,246701,Holofoil,16.66,12.79,18.37,141.86,26.98
2026-05-05,swsh7-8,246691,Holofoil,8.73,5.01,9.1,507.17,9.99
2026-05-05,swsh8-271,253266,Holofoil,868.83,845.69,999.0,1799.0,948.98
2026-05-05,swsh9-154,263873,Holofoil,337.56,300.0,409.79,1500.0,359.99
2026-05-06,base1-15,42355,Holofoil,151.28,109.3,152.79,1086.16,137.84
2026-05-06,base1-16,42356,Holofoil,55.17,39.7,46.84,139.99,119.99
2026-05-06,base1-2,42360,Holofoil,200.61,150.0,226.96,1585.1,999.51
2026-05-06,base1-4,42382,Holofoil,561.18,499.0,699.99,1499.65,1499.65
2026-05-06,base1-58,42402,Normal,10.38,1.24,3.99,9999.0,3.89
2026-05-06,cel25c-4,250320,Holofoil,191.19,174.99,214.95,999.99,175.04
2026-05-06,gym2-2,83861,1st Edition Holofoil,894.61,2140.0,2140.0,2140.0,
2026-05-06,gym2-2,83861,Unlimited Holofoil,520.74,438.75,568.32,1499.99,530.0
2026-05-06,neo1-9,86903,1st Edition Holofoil,1299.96,1899.99,2425.0,2950.0,1899.99
2026-05-06,neo1-9,86903,Unlimited Holofoil,491.21,495.0,554.35,650.0,
2026-05-06,sl-151-bundle,502000,Normal,212.38,192.35,249.99,2999.99,
2026-05-06,sl-151-etb,503313,Normal,646.29,620.0,699.49,1500.0,
2026-05-06,sl-151-upc,502005,Normal,1085.86,1199.99,1500.0,40000.0,
2026-05-06,sl-ar-box,265519,Normal,371.12,390.0,483.12,900.0,
2026-05-06,sl-bs-box,256141,Normal,598.68,600.0,735.0,5000.0,
2026-05-06,sl-cel-upc,245140,Normal,1185.77,1200.0,1999.0,200000.0,
2026-05-06,sl-champ-etb,218791,Normal,173.49,170.17,200.0,500.0,
2026-05-06,sl-cz-etb,453470,Normal,322.12,329.0,399.99,1000.0,
2026-05-06,sl-dr-box,624679,Normal,604.75,599.0,650.0,2185.0,
2026-05-06,sl-evs-box,242436,Normal,2646.34,2305.0,3492.0,12000.0,
2026-05-06,sl-evs-etb,243721,Normal,835.62,1099.96,1274.49,3499.98,
2026-05-06,sl-fs-box,247654,Normal,1048.66,1000.0,1247.99,3000.0,
2026-05-06,sl-hf-etb,194729,Normal,532.48,534.98,650.0,9999.98,
2026-05-06,sl-jp-151,565243,Normal,363.85,315.99,410.0,599.99,
2026-05-06,sl-jp-terastal,603428,Normal,134.4,99.99,145.0,250.0,
2026-05-06,sl-jt-box,610931,Normal,289.81,292.99,339.98,558.43,
2026-05-06,sl-lo-box,277324,Normal,754.37,750.0,934.0,2500.0,
2026-05-06,sl-me1-box,644298,Normal,330.56,339.49,349.98,499.99,
2026-05-06,sl-obf-box,501257,Normal,363.74,360.0,400.0,1000.0,
2026-05-06,sl-pe-etb,593355,Normal,177.48,169.08,200.0,2000.0,
2026-05-06,sl-pe-spc,622770,Normal,293.38,295.05,384.3,1500.0,
2026-05-06,sl-pf-etb,528040,Normal,549.86,560.0,598.94,800.0,
2026-05-06,sl-phf-box,654137,Normal,461.64,400.0,547.84,1200.0,
2026-05-06,sl-shf-etb,228821,Normal,135.88,130.74,167.48,500.11,
2026-05-06,sl-ss-box,565606,Normal,264.5,248.0,329.99,4999.99,
2026-05-06,sl-st-box,283389,Normal,464.03,469.0,550.0,1000.0,
2026-05-06,sl-tf-box,536225,Normal,309.23,309.0,349.0,500.0,
2026-05-06,sv2-185,497557,Normal,0.32,0.09,0.33,501.5,0.13
2026-05-06,sv2-185,497557,Reverse Holofoil,0.72,0.17,0.79,18.74,0.86
2026-05-06,sv2-254,497669,Holofoil,11.13,8.75,12.34,112.4,14.83
2026-05-06,sv2-269,497689,Holofoil,59.29,52.99,75.78,527.48,68.0
2026-05-06,sv3pt5-151,516566,Holofoil,8.51,5.88,8.75,9999.0,7.28
2026-05-06,sv3pt5-199,517045,Holofoil,428.75,384.11,472.49,1000.0,479.99
2026-05-06,sv3pt5-205,517051,Holofoil,31.24,25.36,34.61,157.95,38.81
2026-05-06,sv3pt5-4,502555,Normal,0.18,0.01,0.22,20.0,0.12
2026-05-06,sv3pt5-4,502555,Reverse Holofoil,0.37,0.15,0.36,19.48,0.5
2026-05-06,sv3pt5-6,502558,Holofoil,9.87,4.98,10.25,9999.0,18.0
2026-05-06,sv3pt5-7,502548,Normal,0.17,0.01,0.23,19.99,0.05
2026-05-06,sv3pt5-7,502548,Reverse Holofoil,0.34,0.04,0.35,50.0,0.38
2026-05-06,sv4pt5-234,535090,Holofoil,330.87,345.0,400.0,1654.35,377.99
2026-05-06,sv4pt5-54,534416,Holofoil,5.24,3.49,5.16,9999.0,6.98
2026-05-06,sv8-57,590025,Holofoil,4.68,3.0,4.63,96.95,6.48
2026-05-06,sv8pt5-149,610504,Holofoil,258.07,275.0,412.5,2000.0,
2026-05-06,sv8pt5-155,610510,Holofoil,282.57,275.0,349.99,999.0,
2026-05-06,sv8pt5-156,610511,Holofoil,412.49,362.99,479.99,999.0,
2026-05-06,sv8pt5-161,610516,Holofoil,1473.51,1499.0,1725.0,5000.0,
2026-05-06,sv8pt5-167,610522,Holofoil,183.9,155.0,215.0,3009.8,202.0
2026-05-06,sv8pt5-179,610534,Holofoil,63.71,55.88,76.44,999.0,
2026-05-06,sv8pt5-28,610383,Holofoil,3.07,1.4,2.99,999.0,
2026-05-06,sv8pt5-47,610402,Normal,0.1,0.01,0.12,999.0,0.01
2026-05-06,sv8pt5-47,610402,Reverse Holofoil,0.16,0.01,0.18,999.0,0.04
2026-05-06,sv8pt5-59,610414,Holofoil,0.3,0.01,0.35,999.0,0.33
2026-05-06,sv8pt5-59,610414,Reverse Holofoil,0.37,0.1,0.44,999.0,0.4
2026-05-06,sv8pt5-60,610415,Holofoil,6.11,3.93,6.69,5000.0,19.9
2026-05-06,svp-085,518861,Normal,966.34,940.0,1367.28,6999.89,4497.99
2026-05-06,swsh11-186,284137,Holofoil,754.94,620.0,845.0,899.99,899.99
2026-05-06,swsh12-186,451834,Holofoil,460.31,400.0,536.43,3761.87,476.99
2026-05-06,swsh12pt5gg-GG69,478100,Holofoil,248.8,240.0,318.98,1865.06,349.69
2026-05-06,swsh35-25,223018,Normal,0.21,0.01,0.2,19.99,
2026-05-06,swsh35-25,223018,Reverse Holofoil,0.32,0.1,0.32,19.98,
2026-05-06,swsh35-74,223073,Holofoil,181.3,155.0,229.99,2300.0,170.0
2026-05-06,swsh45sv-SV107,232496,Holofoil,161.06,140.0,199.97,349.95,179.6
2026-05-06,swsh7-204,246693,Holofoil,33.54,31.6,39.25,289.9,48.9
2026-05-06,swsh7-205,246696,Holofoil,348.73,340.0,405.75,522.9,340.0
2026-05-06,swsh7-208,246755,Holofoil,35.63,35.0,45.7,270.1,45.84
2026-05-06,swsh7-209,246756,Holofoil,273.76,246.25,373.58,499.69,287.99
2026-05-06,swsh7-211,246702,Holofoil,53.48,53.0,59.67,450.0,
2026-05-06,swsh7-212,246704,Holofoil,368.94,387.39,499.83,4249.73,499.69
2026-05-06,swsh7-215,246723,Holofoil,2137.65,1600.0,2524.5,6000.0,2799.0
2026-05-06,swsh7-218,246733,Holofoil,843.51,899.0,1199.67,1749.0,1199.58
2026-05-06,swsh7-41,246753,Holofoil,7.55,5.67,8.37,45.99,9.99
2026-05-06,swsh7-65,246690,Holofoil,16.01,12.08,16.97,512.01,19.99
2026-05-06,swsh7-75,246701,Holofoil,16.79,13.46,18.56,141.86,26.9
2026-05-06,swsh7-8,246691,Holofoil,8.79,5.01,9.05,507.17,14.99
2026-05-06,swsh8-271,253266,Holofoil,886.86,845.69,999.0,1799.0,948.98
2026-05-06,swsh9-154,263873,Holofoil,337.56,300.0,402.79,1500.0,359.99
2026-05-07,base1-15,42355,Holofoil,151.39,109.3,158.04,1086.12,155.04
2026-05-07,base1-16,42356,Holofoil,55.17,38.05,45.0,139.99,24.15
2026-05-07,base1-2,42360,Holofoil,206.23,160.0,274.94,1585.1,999.51
2026-05-07,base1-4,42382,Holofoil,561.18,499.0,699.99,1499.65,1499.65
2026-05-07,base1-58,42402,Normal,9.91,1.24,3.99,9999.0,2.57
2026-05-07,cel25c-4,250320,Holofoil,190.63,173.69,217.97,999.99,173.69
2026-05-07,gym2-2,83861,1st Edition Holofoil,894.61,2140.0,2140.0,2140.0,
2026-05-07,gym2-2,83861,Unlimited Holofoil,520.74,438.75,568.32,1499.99,530.0
2026-05-07,neo1-9,86903,1st Edition Holofoil,1299.96,1899.99,5950.0,10000.0,1899.99
2026-05-07,neo1-9,86903,Unlimited Holofoil,503.43,359.5,406.35,584.0,
2026-05-07,sl-151-bundle,502000,Normal,212.76,200.0,249.99,2999.99,
2026-05-07,sl-151-etb,503313,Normal,674.87,620.0,700.0,1500.0,
2026-05-07,sl-151-upc,502005,Normal,1141.94,1199.99,1500.0,40000.0,
2026-05-07,sl-ar-box,265519,Normal,372.52,390.0,483.12,900.0,
2026-05-07,sl-bs-box,256141,Normal,598.68,600.0,725.0,5000.0,
2026-05-07,sl-cel-upc,245140,Normal,1185.77,1200.0,1998.0,200000.0,
2026-05-07,sl-champ-etb,218791,Normal,175.26,170.17,200.0,500.0,
2026-05-07,sl-cz-etb,453470,Normal,327.74,327.74,399.99,1000.0,
2026-05-07,sl-dr-box,624679,Normal,599.38,599.0,699.98,2185.0,
2026-05-07,sl-evs-box,242436,Normal,2646.34,2636.51,3485.0,12000.0,
2026-05-07,sl-evs-etb,243721,Normal,835.62,1099.96,1399.99,3499.98,
2026-05-07,sl-fs-box,247654,Normal,1056.42,1060.0,1254.98,3000.0,
2026-05-07,sl-hf-etb,194729,Normal,534.64,534.98,699.95,9999.98,
2026-05-07,sl-jp-151,565243,Normal,362.22,378.99,420.0,599.99,
2026-05-07,sl-jp-terastal,603428,Normal,134.8,99.99,146.0,250.0,
2026-05-07,sl-jt-box,610931,Normal,290.33,292.99,339.98,558.43,
2026-05-07,sl-lo-box,277324,Normal,775.6,760.0,999.0,2500.0,
2026-05-07,sl-me1-box,644298,Normal,331.52,337.5,349.98,499.99,
2026-05-07,sl-obf-box,501257,Normal,367.57,360.0,400.0,1000.0,
2026-05-07,sl-pe-etb,593355,Normal,171.75,169.08,200.0,2000.0,
2026-05-07,sl-pe-spc,622770,Normal,300.43,292.0,377.5,1500.0,
2026-05-07,sl-pf-etb,528040,Normal,565.74,545.0,598.98,800.0,
2026-05-07,sl-phf-box,654137,Normal,453.02,400.0,595.68,1200.0,
2026-05-07,sl-shf-etb,228821,Normal,135.44,130.74,172.48,500.11,
2026-05-07,sl-ss-box,565606,Normal,261.16,259.16,324.94,4999.99,
2026-05-07,sl-st-box,283389,Normal,467.19,471.94,585.0,1000.0,
2026-05-07,sl-tf-box,536225,Normal,309.07,309.9,349.0,500.0,
2026-05-07,sv2-185,497557,Normal,0.33,0.09,0.32,501.5,
2026-05-07,sv2-185,497557,Reverse Holofoil,0.74,0.17,0.79,18.7,0.93
2026-05-07,sv2-254,497669,Holofoil,10.96,9.0,12.66,112.4,14.83
2026-05-07,sv2-269,497689,Holofoil,59.68,51.56,72.99,527.48,62.41
2026-05-07,sv3pt5-151,516566,Holofoil,7.47,5.88,8.51,9999.0,6.33
2026-05-07,sv3pt5-199,517045,Holofoil,433.61,384.61,460.77,1000.0,487.0
2026-05-07,sv3pt5-205,517051,Holofoil,33.14,25.83,34.99,155.75,37.79
2026-05-07,sv3pt5-4,502555,Normal,0.19,0.01,0.22,20.0,0.12
2026-05-07,sv3pt5-4,502555,Reverse Holofoil,0.42,0.15,0.38,19.48,0.51
2026-05-07,sv3pt5-6,502558,Holofoil,10.0,4.98,10.25,9999.0,16.99
2026-05-07,sv3pt5-7,502548,Normal,0.23,0.01,0.24,19.64,0.17
2026-05-07,sv3pt5-7,502548,Reverse Holofoil,0.37,0.04,0.36,50.0,0.39
2026-05-07,sv4pt5-234,535090,Holofoil,330.87,280.0,394.0,1654.35,377.99
2026-05-07,sv4pt5-54,534416,Holofoil,5.27,3.48,5.29,9999.0,5.36
2026-05-07,sv8-57,590025,Holofoil,4.35,3.0,4.75,96.95,4.35
2026-05-07,sv8pt5-149,610504,Holofoil,258.99,275.0,401.41,2000.0,
2026-05-07,sv8pt5-155,610510,Holofoil,291.47,290.0,359.99,999.0,
2026-05-07,sv8pt5-156,610511,Holofoil,412.99,362.99,472.5,999.0,560.99
2026-05-07,sv8pt5-161,610516,Holofoil,1473.51,1499.0,1725.0,5000.0,
2026-05-07,sv8pt5-167,610522,Holofoil,183.9,150.0,201.11,3009.8,202.0
2026-05-07,sv8pt5-179,610534,Holofoil,65.14,63.99,84.47,999.0,
2026-05-07,sv8pt5-28,610383,Holofoil,2.57,1.4,2.99,999.0,2.75
2026-05-07,sv8pt5-47,610402,Normal,0.09,0.01,0.11,999.0,0.01
2026-05-07,sv8pt5-47,610402,Reverse Holofoil,0.18,0.01,0.18,999.0,0.04
2026-05-07,sv8pt5-59,610414,Holofoil,0.28,0.02,0.34,999.0,0.27
2026-05-07,sv8pt5-59,610414,Reverse Holofoil,0.41,0.1,0.44,999.0,0.41
2026-05-07,sv8pt5-60,610415,Holofoil,6.68,3.93,6.75,5000.0,6.74
2026-05-07,svp-085,518861,Normal,966.34,940.0,1367.28,6999.85,4497.94
2026-05-07,swsh11-186,284137,Holofoil,761.85,620.0,887.0,1749.99,899.99
2026-05-07,swsh12-186,451834,Holofoil,460.31,400.0,529.69,3761.87,420.24
2026-05-07,swsh12pt5gg-GG69,478100,Holofoil,248.44,215.0,323.44,1865.06,349.69
2026-05-07,swsh35-25,223018,Normal,0.21,0.01,0.2,19.98,
2026-05-07,swsh35-25,223018,Reverse Holofoil,0.31,0.1,0.32,19.98,
2026-05-07,swsh35-74,223073,Holofoil,175.76,156.99,226.58,2300.0,209.98
2026-05-07,swsh45sv-SV107,232496,Holofoil,161.06,140.0,196.65,349.95,179.6
2026-05-07,swsh7-204,246693,Holofoil,33.54,31.6,38.57,289.9,48.89
2026-05-07,swsh7-205,246696,Holofoil,348.73,340.0,405.75,522.9,340.0
2026-05-07,swsh7-208,246755,Holofoil,35.63,35.0,45.0,270.1,45.84
2026-05-07,swsh7-209,246756,Holofoil,273.76,258.56,364.0,499.69,287.99
2026-05-07,swsh7-211,246702,Holofoil,53.48,53.0,59.67,450.0,
2026-05-07,swsh7-212,246704,Holofoil,368.94,387.39,499.83,4249.73,499.69
2026-05-07,swsh7-215,246723,Holofoil,2160.77,1950.0,2499.5,6000.0,2799.0
2026-05-07,swsh7-218,246733,Holofoil,843.51,899.0,1199.62,1749.0,1199.58
2026-05-07,swsh7-41,246753,Holofoil,7.2,5.99,8.3,45.99,8.26
2026-05-07,swsh7-65,246690,Holofoil,15.91,12.08,16.49,512.01,13.49
2026-05-07,swsh7-75,246701,Holofoil,16.89,13.46,18.53,141.86,26.9
2026-05-07,swsh7-8,246691,Holofoil,8.48,5.01,9.27,507.17,11.4
2026-05-07,swsh8-271,253266,Holofoil,886.86,845.69,999.99,2499.99,999.99
2026-05-07,swsh9-154,263873,Holofoil,337.52,300.0,402.79,1500.0,359.99
2026-05-08,base1-15,42355,Holofoil,151.28,109.3,155.02,1086.08,140.0
2026-05-08,base1-16,42356,Holofoil,55.17,37.05,45.0,139.99,42.87
2026-05-08,base1-2,42360,Holofoil,208.7,160.0,280.6,1585.1,999.51
2026-05-08,base1-4,42382,Holofoil,561.49,499.0,675.65,1499.65,1499.65
2026-05-08,base1-58,42402,Normal,9.24,1.25,4.49,9999.0,11.97
2026-05-08,cel25c-4,250320,Holofoil,199.75,173.69,217.98,999.99,173.69
2026-05-08,gym2-2,83861,1st Edition Holofoil,894.61,2140.0,2140.0,2140.0,
2026-05-08,gym2-2,83861,Unlimited Holofoil,520.74,438.75,699.99,1499.99,530.0
2026-05-08,neo1-9,86903,1st Edition Holofoil,1299.96,1899.99,5950.0,10000.0,1899.99
2026-05-08,neo1-9,86903,Unlimited Holofoil,503.43,359.5,411.45,584.0,
2026-05-08,sl-151-bundle,502000,Normal,215.86,206.99,250.0,2999.99,
2026-05-08,sl-151-etb,503313,Normal,685.06,620.0,777.77,1500.0,
2026-05-08,sl-151-upc,502005,Normal,1204.78,990.0,1500.0,40000.0,
2026-05-08,sl-ar-box,265519,Normal,380.16,389.99,481.24,900.0,
2026-05-08,sl-bs-box,256141,Normal,600.87,600.0,745.0,5000.0,
2026-05-08,sl-cel-upc,245140,Normal,1185.77,1200.0,1998.0,200000.0,
2026-05-08,sl-champ-etb,218791,Normal,183.95,170.17,214.5,500.0,
2026-05-08,sl-cz-etb,453470,Normal,334.34,327.74,399.99,1000.0,
2026-05-08,sl-dr-box,624679,Normal,606.72,599.99,724.99,2185.0,
2026-05-08,sl-evs-box,242436,Normal,2651.78,2636.51,3492.0,12000.0,
2026-05-08,sl-evs-etb,243721,Normal,835.62,1140.0,1349.49,3499.98,
2026-05-08,sl-fs-box,247654,Normal,1096.03,1199.95,1599.99,3000.0,
2026-05-08,sl-hf-etb,194729,Normal,534.64,534.98,674.98,9999.98,
2026-05-08,sl-jp-151,565243,Normal,365.26,378.99,410.0,599.99,
2026-05-08,sl-jp-terastal,603428,Normal,136.5,99.99,146.0,250.0,
2026-05-08,sl-jt-box,610931,Normal,290.85,292.99,339.98,558.43,
2026-05-08,sl-lo-box,277324,Normal,835.67,825.0,1000.0,2500.0,
2026-05-08,sl-me1-box,644298,Normal,335.23,339.49,359.98,499.99,
2026-05-08,sl-obf-box,501257,Normal,367.22,360.0,400.0,1000.0,
2026-05-08,sl-pe-etb,593355,Normal,177.71,163.95,200.0,2000.0,
2026-05-08,sl-pe-spc,622770,Normal,359.23,319.99,400.0,1500.0,
2026-05-08,sl-pf-etb,528040,Normal,568.94,545.0,598.99,800.0,
2026-05-08,sl-phf-box,654137,Normal,466.73,400.0,595.68,1200.0,
2026-05-08,sl-shf-etb,228821,Normal,136.4,125.0,167.48,500.11,
2026-05-08,sl-ss-box,565606,Normal,270.31,249.98,324.94,4999.99,
2026-05-08,sl-st-box,283389,Normal,479.75,492.44,599.95,1000.0,
2026-05-08,sl-tf-box,536225,Normal,309.22,309.99,349.5,500.0,
2026-05-08,sv2-185,497557,Normal,0.31,0.09,0.33,501.5,
2026-05-08,sv2-185,497557,Reverse Holofoil,0.8,0.17,0.81,18.66,1.53
2026-05-08,sv2-254,497669,Holofoil,11.18,9.0,12.7,112.36,14.83
2026-05-08,sv2-269,497689,Holofoil,59.72,51.56,74.0,527.48,68.0
2026-05-08,sv3pt5-151,516566,Holofoil,8.31,5.99,8.52,9999.0,11.84
2026-05-08,sv3pt5-199,517045,Holofoil,443.76,384.75,488.39,1000.0,475.0
2026-05-08,sv3pt5-205,517051,Holofoil,33.61,26.08,34.99,167.45,44.99
2026-05-08,sv3pt5-4,502555,Normal,0.19,0.01,0.22,20.0,0.15
2026-05-08,sv3pt5-4,502555,Reverse Holofoil,0.43,0.15,0.4,19.48,0.51
2026-05-08,sv3pt5-6,502558,Holofoil,9.55,4.98,10.23,9999.0,8.51
2026-05-08,sv3pt5-7,502548,Normal,0.27,0.01,0.25,19.64,
2026-05-08,sv3pt5-7,502548,Reverse Holofoil,0.39,0.04,0.37,50.0,0.38
2026-05-08,sv4pt5-234,535090,Holofoil,332.49,345.0,389.99,1654.35,377.99
2026-05-08,sv4pt5-54,534416,Holofoil,5.13,3.49,5.26,9999.0,6.96
2026-05-08,sv8-57,590025,Holofoil,4.7,3.0,4.88,96.95,6.5
2026-05-08,sv8pt5-149,610504,Holofoil,261.55,275.0,433.12,2000.0,
2026-05-08,sv8pt5-155,610510,Holofoil,291.21,292.48,349.99,999.0,
2026-05-08,sv8pt5-156,610511,Holofoil,411.71,362.99,483.22,999.0,560.99
2026-05-08,sv8pt5-161,610516,Holofoil,1474.1,1499.0,1725.0,5000.0,
2026-05-08,sv8pt5-167,610522,Holofoil,183.3,174.99,201.11,3009.8,181.99
2026-05-08,sv8pt5-179,610534,Holofoil,66.38,65.18,96.96,999.0,
2026-05-08,sv8pt5-28,610383,Holofoil,2.62,1.4,2.99,999.0,3.06
2026-05-08,sv8pt5-47,610402,Normal,0.08,0.01,0.11,999.0,0.01
2026-05-08,sv8pt5-47,610402,Reverse Holofoil,0.18,0.01,0.19,999.0,0.04
2026-05-08,sv8pt5-59,610414,Holofoil,0.36,0.02,0.35,999.0,0.42
2026-05-08,sv8pt5-59,610414,Reverse Holofoil,0.39,0.1,0.44,999.0,
2026-05-08,sv8pt5-60,610415,Holofoil,6.41,3.93,6.99,5000.0,9.98
2026-05-08,svp-085,518861,Normal,966.34,940.0,1367.28,6999.81,4497.9
2026-05-08,swsh11-186,284137,Holofoil,761.85,766.49,899.0,1749.99,899.99
2026-05-08,swsh12-186,451834,Holofoil,461.27,400.0,542.23,3761.57,499.99
2026-05-08,swsh12pt5gg-GG69,478100,Holofoil,251.36,246.4,378.75,1865.06,349.69
2026-05-08,swsh35-25,223018,Normal,0.2,0.01,0.2,19.98,
2026-05-08,swsh35-25,223018,Reverse Holofoil,0.31,0.1,0.32,19.98,
2026-05-08,swsh35-74,223073,Holofoil,176.74,156.99,249.99,2300.0,209.98
2026-05-08,swsh45sv-SV107,232496,Holofoil,157.27,140.0,199.97,349.95,179.6
2026-05-08,swsh7-204,246693,Holofoil,33.54,31.6,37.73,289.9,48.89
2026-05-08,swsh7-205,246696,Holofoil,351.93,340.0,407.42,527.73,340.0
2026-05-08,swsh7-208,246755,Holofoil,35.2,35.0,45.35,270.1,45.84
2026-05-08,swsh7-209,246756,Holofoil,273.76,266.96,359.0,499.69,287.99
2026-05-08,swsh7-211,246702,Holofoil,53.48,53.0,59.67,450.0,
2026-05-08,swsh7-212,246704,Holofoil,368.94,387.39,499.83,4249.73,499.69
2026-05-08,swsh7-215,246723,Holofoil,2160.77,1950.0,2899.84,6000.0,2799.0
2026-05-08,swsh7-218,246733,Holofoil,843.51,899.0,1199.59,1749.0,1199.58
2026-05-08,swsh7-41,246753,Holofoil,7.32,5.99,8.14,45.99,8.36
2026-05-08,swsh7-65,246690,Holofoil,15.7,12.08,16.64,512.01,19.99
2026-05-08,swsh7-75,246701,Holofoil,16.83,14.0,18.54,141.86,26.9
2026-05-08,swsh7-8,246691,Holofoil,8.48,5.01,9.47,507.17,9.28
2026-05-08,swsh8-271,253266,Holofoil,886.86,839.69,999.99,2499.99,999.99
2026-05-08,swsh9-154,263873,Holofoil,339.31,300.0,405.58,1500.0,359.99
2026-05-09,base1-15,42355,Holofoil,151.28,109.3,151.64,1086.08,140.0
2026-05-09,base1-16,42356,Holofoil,57.17,39.04,45.0,139.99,45.0
2026-05-09,base1-2,42360,Holofoil,208.7,160.0,267.99,1585.1,999.51
2026-05-09,base1-4,42382,Holofoil,561.49,499.0,699.99,1500.0,1499.65
2026-05-09,base1-58,42402,Normal,9.3,1.25,4.88,9999.0,11.97
2026-05-09,cel25c-4,250320,Holofoil,199.67,173.68,219.67,999.99,173.68
2026-05-09,gym2-2,83861,1st Edition Holofoil,894.61,2140.0,2140.0,2140.0,
2026-05-09,gym2-2,83861,Unlimited Holofoil,521.82,438.75,699.99,1499.99,530.0
2026-05-09,neo1-9,86903,1st Edition Holofoil,1299.96,1899.99,5950.0,10000.0,1899.99
2026-05-09,neo1-9,86903,Unlimited Holofoil,503.43,359.5,411.45,584.0,
2026-05-09,sl-151-bundle,502000,Normal,225.11,195.0,250.0,2999.99,
2026-05-09,sl-151-etb,503313,Normal,671.23,620.0,769.0,1500.0,
2026-05-09,sl-151-upc,502005,Normal,1223.55,900.22,1500.0,40000.0,
2026-05-09,sl-ar-box,265519,Normal,380.37,389.99,484.99,900.0,
2026-05-09,sl-bs-box,256141,Normal,600.92,600.0,750.0,5000.0,
2026-05-09,sl-cel-upc,245140,Normal,1185.77,1200.0,1998.0,200000.0,
2026-05-09,sl-champ-etb,218791,Normal,183.7,170.17,229.95,500.0,
2026-05-09,sl-cz-etb,453470,Normal,334.77,329.99,449.99,1000.0,
2026-05-09,sl-dr-box,624679,Normal,617.9,649.97,849.0,2185.0,
2026-05-09,sl-evs-box,242436,Normal,2651.78,2636.51,3485.0,12000.0,
2026-05-09,sl-evs-etb,243721,Normal,835.62,1140.0,1349.49,3499.98,
2026-05-09,sl-fs-box,247654,Normal,1123.03,1199.95,1599.5,3000.0,
2026-05-09,sl-hf-etb,194729,Normal,534.64,534.98,699.95,9999.98,
2026-05-09,sl-jp-151,565243,Normal,365.26,320.0,400.0,599.99,
2026-05-09,sl-jp-terastal,603428,Normal,138.11,99.99,149.5,250.0,
2026-05-09,sl-jt-box,610931,Normal,290.93,290.93,320.0,558.43,
2026-05-09,sl-lo-box,277324,Normal,816.91,845.99,1000.0,2500.0,
2026-05-09,sl-me1-box,644298,Normal,335.23,339.49,349.99,499.99,
2026-05-09,sl-obf-box,501257,Normal,367.01,367.9,400.0,1000.0,
2026-05-09,sl-pe-etb,593355,Normal,174.33,169.08,200.0,1719.5,
2026-05-09,sl-pe-spc,622770,Normal,311.66,309.99,400.0,1500.0,
2026-05-09,sl-pf-etb,528040,Normal,568.94,540.0,598.99,800.0,
2026-05-09,sl-phf-box,654137,Normal,463.9,400.0,597.34,1200.0,
2026-05-09,sl-shf-etb,228821,Normal,137.68,130.89,169.95,500.11,
2026-05-09,sl-ss-box,565606,Normal,266.98,259.16,322.47,4999.99,
2026-05-09,sl-st-box,283389,Normal,490.13,456.39,599.97,1000.0,
2026-05-09,sl-tf-box,536225,Normal,309.98,310.0,349.99,500.0,
2026-05-09,sv2-185,497557,Normal,0.27,0.09,0.32,501.5,0.14
2026-05-09,sv2-185,497557,Reverse Holofoil,0.8,0.17,0.83,18.66,1.53
2026-05-09,sv2-254,497669,Holofoil,11.25,9.0,12.76,112.36,14.83
2026-05-09,sv2-269,497689,Holofoil,59.78,51.56,72.41,527.48,68.0
2026-05-09,sv3pt5-151,516566,Holofoil,8.93,5.99,8.84,9999.0,10.78
2026-05-09,sv3pt5-199,517045,Holofoil,445.92,384.75,497.53,1000.0,420.0
2026-05-09,sv3pt5-205,517051,Holofoil,33.5,26.44,35.55,168.3,44.0
2026-05-09,sv3pt5-4,502555,Normal,0.2,0.01,0.22,20.0,0.15
2026-05-09,sv3pt5-4,502555,Reverse Holofoil,0.38,0.15,0.4,19.48,0.51
2026-05-09,sv3pt5-6,502558,Holofoil,9.42,4.98,10.12,9999.0,17.95
2026-05-09,sv3pt5-7,502548,Normal,0.25,0.01,0.25,19.64,
2026-05-09,sv3pt5-7,502548,Reverse Holofoil,0.36,0.04,0.36,50.0,
2026-05-09,sv4pt5-234,535090,Holofoil,332.81,332.49,389.99,1662.45,377.99
2026-05-09,sv4pt5-54,534416,Holofoil,5.38,3.5,5.29,9999.0,5.76
2026-05-09,sv8-57,590025,Holofoil,4.9,3.0,4.94,96.95,6.5
2026-05-09,sv8pt5-149,610504,Holofoil,260.59,259.0,410.24,2000.0,
2026-05-09,sv8pt5-155,610510,Holofoil,291.21,292.48,349.99,999.0,
2026-05-09,sv8pt5-156,610511,Holofoil,418.9,362.99,472.5,999.0,
2026-05-09,sv8pt5-161,610516,Holofoil,1422.4,1499.0,1674.99,5000.0,
2026-05-09,sv8pt5-167,610522,Holofoil,180.96,174.99,208.5,3009.8,202.0
2026-05-09,sv8pt5-179,610534,Holofoil,66.95,59.99,83.86,999.0,
2026-05-09,sv8pt5-28,610383,Holofoil,2.87,1.4,2.99,999.0,3.49
2026-05-09,sv8pt5-47,610402,Normal,0.08,0.01,0.11,999.0,0.01
2026-05-09,sv8pt5-47,610402,Reverse Holofoil,0.17,0.01,0.18,999.0,0.04
2026-05-09,sv8pt5-59,610414,Holofoil,0.36,0.02,0.36,999.0,
2026-05-09,sv8pt5-59,610414,Reverse Holofoil,0.4,0.1,0.44,999.0,
2026-05-09,sv8pt5-60,610415,Holofoil,6.59,5.0,6.91,5000.0,8.99
2026-05-09,svp-085,518861,Normal,966.34,940.0,1367.28,6999.81,4495.0
2026-05-09,swsh11-186,284137,Holofoil,767.02,766.49,899.95,1749.99,899.99
2026-05-09,swsh12-186,451834,Holofoil,465.47,400.0,565.1,3761.57,580.21
2026-05-09,swsh12pt5gg-GG69,478100,Holofoil,252.1,246.4,417.24,1865.06,378.0
2026-05-09,swsh35-25,223018,Normal,0.2,0.01,0.2,19.98,
2026-05-09,swsh35-25,223018,Reverse Holofoil,0.31,0.1,0.32,19.98,
2026-05-09,swsh35-74,223073,Holofoil,176.95,175.0,255.48,2300.0,224.66
2026-05-09,swsh45sv-SV107,232496,Holofoil,156.54,147.44,198.28,349.95,196.59
2026-05-09,swsh7-204,246693,Holofoil,33.75,31.6,37.13,289.9,47.3
2026-05-09,swsh7-205,246696,Holofoil,351.93,340.0,407.42,527.73,340.0
2026-05-09,swsh7-208,246755,Holofoil,35.2,33.0,45.0,270.1,45.84
2026-05-09,swsh7-209,246756,Holofoil,273.76,266.96,356.06,479.0,287.99
2026-05-09,swsh7-211,246702,Holofoil,53.48,53.0,59.67,450.0,
2026-05-09,swsh7-212,246704,Holofoil,368.94,387.39,479.99,4249.73,460.0
2026-05-09,swsh7-215,246723,Holofoil,2160.77,2199.99,2899.99,6000.0,2799.0
2026-05-09,swsh7-218,246733,Holofoil,843.51,879.97,1199.49,1749.0,1199.49
2026-05-09,swsh7-41,246753,Holofoil,7.47,5.96,8.29,45.99,8.99
2026-05-09,swsh7-65,246690,Holofoil,15.78,12.08,16.3,512.01,19.99
2026-05-09,swsh7-75,246701,Holofoil,16.79,14.0,18.52,141.86,26.9
2026-05-09,swsh7-8,246691,Holofoil,8.52,5.01,9.15,507.17,8.69
2026-05-09,swsh8-271,253266,Holofoil,885.98,839.69,999.99,2499.99,999.99
2026-05-09,swsh9-154,263873,Holofoil,341.31,300.0,400.0,1500.0,359.99
2026-05-10,base1-15,42355,Holofoil,153.94,109.3,151.99,1086.08,140.0
2026-05-10,base1-16,42356,Holofoil,57.57,39.7,45.0,139.99,45.0
2026-05-10,base1-2,42360,Holofoil,208.7,160.0,258.99,1585.1,999.51
2026-05-10,base1-4,42382,Holofoil,561.49,499.0,675.65,1500.0,1499.65
2026-05-10,base1-58,42402,Normal,9.84,1.06,4.99,9999.0,
2026-05-10,cel25c-4,250320,Holofoil,199.77,173.68,219.39,999.99,173.68
2026-05-10,gym2-2,83861,1st Edition Holofoil,894.61,2140.0,2140.0,2140.0,
2026-05-10,gym2-2,83861,Unlimited Holofoil,521.82,438.75,699.99,1499.99,530.0
2026-05-10,neo1-9,86903,1st Edition Holofoil,1299.96,1899.99,5950.0,10000.0,1899.99
2026-05-10,neo1-9,86903,Unlimited Holofoil,503.43,359.5,411.45,584.0,
2026-05-10,sl-151-bundle,502000,Normal,227.91,202.99,250.0,2999.99,
2026-05-10,sl-151-etb,503313,Normal,665.94,620.0,888.01,1500.0,
2026-05-10,sl-151-upc,502005,Normal,1297.19,900.0,1599.95,40000.0,
2026-05-10,sl-ar-box,265519,Normal,383.77,389.99,499.99,900.0,
2026-05-10,sl-bs-box,256141,Normal,600.92,600.0,749.99,5000.0,
2026-05-10,sl-cel-upc,245140,Normal,1195.23,1200.0,1999.0,200000.0,
2026-05-10,sl-champ-etb,218791,Normal,187.79,180.0,234.99,500.0,
2026-05-10,sl-cz-etb,453470,Normal,334.77,315.0,406.98,1000.0,
2026-05-10,sl-dr-box,624679,Normal,632.3,649.97,889.0,2185.0,
2026-05-10,sl-evs-box,242436,Normal,2653.78,2636.51,3485.0,12000.0,
2026-05-10,sl-evs-etb,243721,Normal,891.46,1298.98,1599.97,3499.98,
2026-05-10,sl-fs-box,247654,Normal,1132.52,901.0,1549.5,3000.0,
2026-05-10,sl-hf-etb,194729,Normal,537.64,524.99,650.0,9999.98,
2026-05-10,sl-jp-151,565243,Normal,365.26,320.0,405.0,599.99,
2026-05-10,sl-jp-terastal,603428,Normal,138.11,99.99,149.5,250.0,
2026-05-10,sl-jt-box,610931,Normal,292.2,297.0,347.45,558.43,
2026-05-10,sl-lo-box,277324,Normal,822.75,845.99,1000.0,2500.0,
2026-05-10,sl-me1-box,644298,Normal,337.94,339.49,349.98,499.99,
2026-05-10,sl-obf-box,501257,Normal,367.01,367.01,400.0,1000.0,
2026-05-10,sl-pe-etb,593355,Normal,174.78,150.0,200.0,1719.5,
2026-05-10,sl-pe-spc,622770,Normal,306.74,299.0,399.99,1500.0,
2026-05-10,sl-pf-etb,528040,Normal,569.21,535.0,598.99,800.0,
2026-05-10,sl-phf-box,654137,Normal,461.55,400.0,597.34,1200.0,
2026-05-10,sl-shf-etb,228821,Normal,140.07,130.89,175.0,500.11,
2026-05-10,sl-ss-box,565606,Normal,267.75,260.45,320.0,4999.99,
2026-05-10,sl-st-box,283389,Normal,490.28,499.0,620.98,1000.0,
2026-05-10,sl-tf-box,536225,Normal,309.98,302.0,349.0,500.0,
2026-05-10,sv2-185,497557,Normal,0.26,0.09,0.31,501.5,0.14
2026-05-10,sv2-185,497557,Reverse Holofoil,0.83,0.17,0.84,18.66,1.48
2026-05-10,sv2-254,497669,Holofoil,11.32,9.0,12.76,112.36,14.84
2026-05-10,sv2-269,497689,Holofoil,61.11,51.56,72.61,527.48,69.99
2026-05-10,sv3pt5-151,516566,Holofoil,8.83,5.95,9.04,9999.0,9.0
2026-05-10,sv3pt5-199,517045,Holofoil,447.26,383.0,499.25,1000.0,420.0
2026-05-10,sv3pt5-205,517051,Holofoil,33.52,26.44,35.97,169.85,42.0
2026-05-10,sv3pt5-4,502555,Normal,0.22,0.01,0.22,20.0,0.15
2026-05-10,sv3pt5-4,502555,Reverse Holofoil,0.38,0.15,0.37,19.48,0.51
2026-05-10,sv3pt5-6,502558,Holofoil,10.87,4.98,10.6,9999.0,16.0
2026-05-10,sv3pt5-7,502548,Normal,0.17,0.01,0.24,19.64,
2026-05-10,sv3pt5-7,502548,Reverse Holofoil,0.39,0.04,0.35,50.0,
2026-05-10,sv4pt5-234,535090,Holofoil,332.81,325.84,387.5,1664.05,377.99
2026-05-10,sv4pt5-54,534416,Holofoil,5.62,3.0,5.38,9999.0,5.0
2026-05-10,sv8-57,590025,Holofoil,5.7,3.0,4.99,96.95,7.49
2026-05-10,sv8pt5-149,610504,Holofoil,261.43,259.0,389.85,2000.0,
2026-05-10,sv8pt5-155,610510,Holofoil,291.21,292.48,361.99,999.0,
2026-05-10,sv8pt5-156,610511,Holofoil,418.9,360.0,472.5,999.0,
2026-05-10,sv8pt5-161,610516,Holofoil,1422.4,1499.0,1799.99,5000.0,
2026-05-10,sv8pt5-167,610522,Holofoil,180.74,174.99,219.99,3009.8,202.0
2026-05-10,sv8pt5-179,610534,Holofoil,67.52,60.0,92.47,999.0,
2026-05-10,sv8pt5-28,610383,Holofoil,3.04,1.4,3.0,999.0,2.99
2026-05-10,sv8pt5-47,610402,Normal,0.09,0.01,0.11,999.0,0.01
2026-05-10,sv8pt5-47,610402,Reverse Holofoil,0.16,0.01,0.18,999.0,0.04
2026-05-10,sv8pt5-59,610414,Holofoil,0.35,0.02,0.35,999.0,
2026-05-10,sv8pt5-59,610414,Reverse Holofoil,0.38,0.1,0.43,999.0,
2026-05-10,sv8pt5-60,610415,Holofoil,7.23,4.5,7.0,5000.0,19.9
2026-05-10,svp-085,518861,Normal,966.34,940.0,1367.28,6999.81,4495.0
2026-05-10,swsh11-186,284137,Holofoil,790.5,766.49,899.89,1749.99,899.99
2026-05-10,swsh12-186,451834,Holofoil,470.27,400.0,552.46,3761.57,470.27
2026-05-10,swsh12pt5gg-GG69,478100,Holofoil,251.62,235.0,385.03,1865.06,349.69
2026-05-10,swsh35-25,223018,Normal,0.21,0.01,0.2,19.98,
2026-05-10,swsh35-25,223018,Reverse Holofoil,0.32,0.1,0.32,19.98,
2026-05-10,swsh35-74,223073,Holofoil,176.95,175.0,249.99,2300.0,209.98
2026-05-10,swsh45sv-SV107,232496,Holofoil,156.54,147.44,196.59,349.95,196.59
2026-05-10,swsh7-204,246693,Holofoil,33.75,31.6,39.41,289.9,47.3
2026-05-10,swsh7-205,246696,Holofoil,353.06,340.0,412.02,529.41,340.0
2026-05-10,swsh7-208,246755,Holofoil,35.2,33.0,45.0,270.1,43.4
2026-05-10,swsh7-209,246756,Holofoil,273.76,266.96,359.0,499.69,287.99
2026-05-10,swsh7-211,246702,Holofoil,53.48,53.0,57.91,450.0,
2026-05-10,swsh7-212,246704,Holofoil,368.94,387.39,485.47,4249.73,460.0
2026-05-10,swsh7-215,246723,Holofoil,2160.77,1950.0,2799.99,6000.0,2799.0
2026-05-10,swsh7-218,246733,Holofoil,843.51,879.97,1199.58,1749.0,1199.49
2026-05-10,swsh7-41,246753,Holofoil,7.57,5.96,8.34,45.99,17.59
2026-05-10,swsh7-65,246690,Holofoil,15.82,12.08,16.84,512.01,19.99
2026-05-10,swsh7-75,246701,Holofoil,16.95,14.0,18.65,141.86,26.9
2026-05-10,swsh7-8,246691,Holofoil,8.45,5.01,9.05,507.17,11.4
2026-05-10,swsh8-271,253266,Holofoil,885.98,839.69,1029.14,2499.99,999.99
2026-05-10,swsh9-154,263873,Holofoil,341.88,283.6,400.0,1500.0,359.99
2026-05-11,base1-15,42355,Holofoil,155.22,108.0,154.54,1086.06,140.0
2026-05-11,base1-16,42356,Holofoil,57.05,27.32,45.0,139.99,37.27
2026-05-11,base1-2,42360,Holofoil,208.7,153.15,249.99,1585.1,999.51
2026-05-11,base1-4,42382,Holofoil,561.49,498.69,651.3,1500.0,1499.65
2026-05-11,base1-58,42402,Normal,9.81,1.44,5.0,9999.0,
2026-05-11,cel25c-4,250320,Holofoil,198.41,173.68,217.98,999.99,173.68
2026-05-11,gym2-2,83861,1st Edition Holofoil,894.61,2140.0,2140.0,2140.0,
2026-05-11,gym2-2,83861,Unlimited Holofoil,521.82,422.42,568.93,1499.99,499.99
2026-05-11,neo1-9,86903,1st Edition Holofoil,165.5,1899.99,5950.0,10000.0,1899.99
2026-05-11,neo1-9,86903,Unlimited Holofoil,503.43,359.5,422.9,584.0,
2026-05-11,sl-151-bundle,502000,Normal,222.97,202.99,249.99,2999.99,
2026-05-11,sl-151-etb,503313,Normal,672.78,620.0,832.89,1500.0,
2026-05-11,sl-151-upc,502005,Normal,1270.47,900.0,1500.0,40000.0,
2026-05-11,sl-ar-box,265519,Normal,383.77,395.0,487.0,900.0,
2026-05-11,sl-bs-box,256141,Normal,600.92,600.0,745.0,5000.0,
2026-05-11,sl-cel-upc,245140,Normal,1195.23,1200.0,1998.0,200000.0,
2026-05-11,sl-champ-etb,218791,Normal,195.95,180.0,232.49,500.0,
2026-05-11,sl-cz-etb,453470,Normal,335.85,324.99,400.0,1000.0,
2026-05-11,sl-dr-box,624679,Normal,636.74,610.0,737.48,2185.0,
2026-05-11,sl-evs-box,242436,Normal,2653.78,2636.51,3480.0,12000.0,
2026-05-11,sl-evs-etb,243721,Normal,891.46,1270.0,1399.99,3499.98,
2026-05-11,sl-fs-box,247654,Normal,1137.07,1199.95,1599.0,3000.0,
2026-05-11,sl-hf-etb,194729,Normal,534.64,524.99,625.0,9999.98,
2026-05-11,sl-jp-151,565243,Normal,357.61,336.5,407.5,599.99,
2026-05-11,sl-jp-terastal,603428,Normal,136.93,99.99,150.0,250.0,
2026-05-11,sl-jt-box,610931,Normal,293.14,289.98,347.45,558.43,
2026-05-11,sl-lo-box,277324,Normal,816.51,845.99,1000.0,2500.0,
2026-05-11,sl-me1-box,644298,Normal,340.68,339.49,349.97,999.99,
2026-05-11,sl-obf-box,501257,Normal,367.6,367.01,401.01,1000.0,
2026-05-11,sl-pe-etb,593355,Normal,173.57,169.08,200.0,1719.5,
2026-05-11,sl-pe-spc,622770,Normal,300.38,290.0,399.95,1500.0,
2026-05-11,sl-pf-etb,528040,Normal,567.01,535.0,599.0,800.0,
2026-05-11,sl-phf-box,654137,Normal,473.06,400.0,599.0,1200.0,
2026-05-11,sl-shf-etb,228821,Normal,140.11,130.89,180.0,500.11,
2026-05-11,sl-ss-box,565606,Normal,267.53,260.45,319.99,4999.99,
2026-05-11,sl-st-box,283389,Normal,490.28,499.0,610.49,1000.0,
2026-05-11,sl-tf-box,536225,Normal,309.62,309.99,349.0,500.0,
2026-05-11,sv2-185,497557,Normal,0.25,0.03,0.3,501.5,
2026-05-11,sv2-185,497557,Reverse Holofoil,0.72,0.17,0.83,18.64,1.47
2026-05-11,sv2-254,497669,Holofoil,11.47,9.0,12.96,112.36,14.84
2026-05-11,sv2-269,497689,Holofoil,61.57,51.56,75.0,527.48,69.99
2026-05-11,sv3pt5-151,516566,Holofoil,8.17,5.95,9.0,100.0,13.64
2026-05-11,sv3pt5-199,517045,Holofoil,449.55,383.0,498.0,1000.0,420.0
2026-05-11,sv3pt5-205,517051,Holofoil,33.93,24.0,37.1,168.45,42.0
2026-05-11,sv3pt5-4,502555,Normal,0.23,0.01,0.24,20.0,0.15
2026-05-11,sv3pt5-4,502555,Reverse Holofoil,0.33,0.15,0.37,19.48,0.42
2026-05-11,sv3pt5-6,502558,Holofoil,10.2,4.98,10.81,87.18,13.52
2026-05-11,sv3pt5-7,502548,Normal,0.18,0.04,0.24,19.64,
2026-05-11,sv3pt5-7,502548,Reverse Holofoil,0.35,0.04,0.37,50.0,
2026-05-11,sv4pt5-234,535090,Holofoil,337.7,345.0,400.0,1664.05,377.99
2026-05-11,sv4pt5-54,534416,Holofoil,5.35,3.0,5.38,60.0,5.76
2026-05-11,sv8-57,590025,Holofoil,4.75,3.0,5.0,96.95,7.48
2026-05-11,sv8pt5-149,610504,Holofoil,264.17,276.49,429.93,2000.0,
2026-05-11,sv8pt5-155,610510,Holofoil,297.75,301.99,374.8,999.0,
2026-05-11,sv8pt5-156,610511,Holofoil,417.9,362.99,465.0,999.0,
2026-05-11,sv8pt5-161,610516,Holofoil,1369.04,1493.52,1799.99,5000.0,
2026-05-11,sv8pt5-167,610522,Holofoil,180.74,174.99,217.5,3009.8,202.0
2026-05-11,sv8pt5-179,610534,Holofoil,67.43,60.0,95.96,999.0,
2026-05-11,sv8pt5-28,610383,Holofoil,2.78,1.4,2.99,999.0,2.99
2026-05-11,sv8pt5-47,610402,Normal,0.08,0.01,0.11,999.0,0.01
2026-05-11,sv8pt5-47,610402,Reverse Holofoil,0.16,0.01,0.18,999.0,0.04
2026-05-11,sv8pt5-59,610414,Holofoil,0.37,0.02,0.36,999.0,
2026-05-11,sv8pt5-59,610414,Reverse Holofoil,0.38,0.1,0.42,999.0,
2026-05-11,sv8pt5-60,610415,Holofoil,7.21,5.0,7.0,5000.0,
2026-05-11,svp-085,518861,Normal,966.34,939.43,1250.0,6999.79,4493.49
2026-05-11,swsh11-186,284137,Holofoil,809.62,841.58,899.89,1749.99,1749.99
2026-05-11,swsh12-186,451834,Holofoil,468.51,450.0,551.42,3761.57,529.69
2026-05-11,swsh12pt5gg-GG69,478100,Holofoil,260.62,246.4,449.44,1865.06,384.44
2026-05-11,swsh35-25,223018,Normal,0.22,0.01,0.21,19.98,
2026-05-11,swsh35-25,223018,Reverse Holofoil,0.32,0.1,0.32,19.98,
2026-05-11,swsh35-74,223073,Holofoil,187.5,175.0,249.99,2300.0,209.98
2026-05-11,swsh45sv-SV107,232496,Holofoil,155.93,147.44,199.97,349.95,196.25
2026-05-11,swsh7-204,246693,Holofoil,33.14,32.0,40.0,289.9,46.4
2026-05-11,swsh7-205,246696,Holofoil,353.06,340.0,407.42,529.41,340.0
2026-05-11,swsh7-208,246755,Holofoil,35.36,33.0,45.0,270.1,43.57
2026-05-11,swsh7-209,246756,Holofoil,273.76,266.96,359.0,499.69,287.99
2026-05-11,swsh7-211,246702,Holofoil,53.48,53.0,57.91,450.0,72.8
2026-05-11,swsh7-212,246704,Holofoil,372.59,315.0,485.47,4249.73,499.69
2026-05-11,swsh7-215,246723,Holofoil,2087.55,1950.0,2899.99,6000.0,2799.0
2026-05-11,swsh7-218,246733,Holofoil,831.11,879.97,1199.58,1749.0,1199.49
2026-05-11,swsh7-41,246753,Holofoil,7.66,5.96,8.31,45.99,19.95
2026-05-11,swsh7-65,246690,Holofoil,15.52,12.0,16.3,512.01,19.99
2026-05-11,swsh7-75,246701,Holofoil,16.67,14.0,19.0,141.86,26.9
2026-05-11,swsh7-8,246691,Holofoil,8.37,5.01,9.32,507.17,11.4
2026-05-11,swsh8-271,253266,Holofoil,836.44,839.69,999.99,2749.99,999.99
2026-05-11,swsh9-154,263873,Holofoil,344.74,290.32,417.6,1500.0,374.99
2026-05-12,base1-15,42355,Holofoil,151.58,108.0,151.58,1086.06,249.99
2026-05-12,base1-16,42356,Holofoil,57.05,27.59,45.0,139.99,45.0
2026-05-12,base1-2,42360,Holofoil,208.7,153.15,220.0,1585.1,999.51
2026-05-12,base1-4,42382,Holofoil,570.03,498.69,645.23,1500.0,1499.65
2026-05-12,base1-58,42402,Normal,6.51,1.44,5.0,9999.0,1.41
2026-05-12,cel25c-4,250320,Holofoil,198.41,170.0,217.1,999.99,170.0
2026-05-12,gym2-2,83861,1st Edition Holofoil,894.61,2140.0,2140.0,2140.0,
2026-05-12,gym2-2,83861,Unlimited Holofoil,521.82,422.42,568.93,1499.99,499.99
2026-05-12,neo1-9,86903,1st Edition Holofoil,1299.96,1899.99,5950.0,10000.0,1899.99
2026-05-12,neo1-9,86903,Unlimited Holofoil,491.21,359.5,433.4,584.0,
2026-05-12,sl-151-bundle,502000,Normal,222.96,202.99,249.99,2999.99,
2026-05-12,sl-151-etb,503313,Normal,662.78,620.0,888.01,1500.0,
2026-05-12,sl-151-upc,502005,Normal,1226.66,1125.0,1500.0,40000.0,
2026-05-12,sl-ar-box,265519,Normal,388.9,395.0,487.0,900.0,
2026-05-12,sl-bs-box,256141,Normal,601.0,600.0,747.5,5000.0,
2026-05-12,sl-cel-upc,245140,Normal,1195.23,1200.0,1998.0,200000.0,
2026-05-12,sl-champ-etb,218791,Normal,200.84,200.0,240.0,500.0,
2026-05-12,sl-cz-etb,453470,Normal,338.06,329.99,400.0,1000.0,
2026-05-12,sl-dr-box,624679,Normal,647.82,649.95,799.98,2185.0,
2026-05-12,sl-evs-box,242436,Normal,2653.78,2636.51,3440.0,12000.0,
2026-05-12,sl-evs-etb,243721,Normal,891.46,1270.0,1399.99,3499.98,
2026-05-12,sl-fs-box,247654,Normal,1137.07,1199.94,1549.5,3000.0,
2026-05-12,sl-hf-etb,194729,Normal,540.24,524.99,699.95,9999.98,
2026-05-12,sl-jp-151,565243,Normal,356.07,369.0,407.5,599.99,
2026-05-12,sl-jp-terastal,603428,Normal,136.53,99.99,149.75,250.0,
2026-05-12,sl-jt-box,610931,Normal,292.93,297.0,329.95,558.43,
2026-05-12,sl-lo-box,277324,Normal,841.15,845.99,1000.0,2500.0,
2026-05-12,sl-me1-box,644298,Normal,342.88,339.49,349.98,999.99,
2026-05-12,sl-obf-box,501257,Normal,368.48,356.96,413.5,1000.0,
2026-05-12,sl-pe-etb,593355,Normal,170.94,160.0,199.99,1719.5,
2026-05-12,sl-pe-spc,622770,Normal,295.55,290.0,395.0,1500.0,
2026-05-12,sl-pf-etb,528040,Normal,570.31,535.0,599.0,999.0,
2026-05-12,sl-phf-box,654137,Normal,464.46,400.0,550.0,1000.0,
2026-05-12,sl-shf-etb,228821,Normal,140.7,130.89,180.0,500.11,
2026-05-12,sl-ss-box,565606,Normal,267.75,260.45,319.99,4999.99,
2026-05-12,sl-st-box,283389,Normal,499.0,499.99,650.0,1000.0,
2026-05-12,sl-tf-box,536225,Normal,310.66,310.0,349.0,500.0,
2026-05-12,sv2-185,497557,Normal,0.25,0.03,0.3,501.5,0.14
2026-05-12,sv2-185,497557,Reverse Holofoil,0.76,0.17,0.79,18.64,0.4
2026-05-12,sv2-254,497669,Holofoil,11.82,9.0,12.98,112.36,14.79
2026-05-12,sv2-269,497689,Holofoil,61.97,51.56,74.36,527.48,69.99
2026-05-12,sv3pt5-151,516566,Holofoil,8.53,5.95,8.99,100.0,13.64
2026-05-12,sv3pt5-199,517045,Holofoil,455.68,383.0,499.0,1000.0,420.0
2026-05-12,sv3pt5-205,517051,Holofoil,33.39,26.44,36.63,166.5,42.0
2026-05-12,sv3pt5-4,502555,Normal,0.23,0.01,0.23,20.0,0.1
2026-05-12,sv3pt5-4,502555,Reverse Holofoil,0.36,0.15,0.37,19.48,0.4
2026-05-12,sv3pt5-6,502558,Holofoil,10.11,4.98,10.56,87.18,13.43
2026-05-12,sv3pt5-7,502548,Normal,0.21,0.04,0.25,19.64,
2026-05-12,sv3pt5-7,502548,Reverse Holofoil,0.33,0.04,0.35,50.0,0.4
2026-05-12,sv4pt5-234,535090,Holofoil,337.7,290.0,389.99,1688.5,377.99
2026-05-12,sv4pt5-54,534416,Holofoil,5.15,3.0,5.3,60.0,5.5
2026-05-12,sv8-57,590025,Holofoil,4.78,3.0,5.0,96.95,7.49
2026-05-12,sv8pt5-149,610504,Holofoil,268.75,299.99,472.5,2000.0,
2026-05-12,sv8pt5-155,610510,Holofoil,298.4,301.99,370.69,999.0,
2026-05-12,sv8pt5-156,610511,Holofoil,421.4,362.99,460.8,999.0,
2026-05-12,sv8pt5-161,610516,Holofoil,1456.65,1422.4,1899.0,5000.0,
2026-05-12,sv8pt5-167,610522,Holofoil,180.74,174.99,206.0,3009.8,202.0
2026-05-12,sv8pt5-179,610534,Holofoil,67.08,57.89,87.52,999.0,
2026-05-12,sv8pt5-28,610383,Holofoil,2.61,1.4,2.99,999.0,
2026-05-12,sv8pt5-47,610402,Normal,0.07,0.01,0.11,999.0,0.01
2026-05-12,sv8pt5-47,610402,Reverse Holofoil,0.17,0.01,0.18,999.0,0.04
2026-05-12,sv8pt5-59,610414,Holofoil,0.41,0.02,0.37,999.0,0.5
2026-05-12,sv8pt5-59,610414,Reverse Holofoil,0.45,0.1,0.44,999.0,
2026-05-12,sv8pt5-60,610415,Holofoil,5.45,4.69,7.0,5000.0,19.97
2026-05-12,svp-085,518861,Normal,971.34,939.43,1299.99,6999.79,4493.49
2026-05-12,swsh11-186,284137,Holofoil,809.62,841.58,915.59,1949.99,1949.99
2026-05-12,swsh12-186,451834,Holofoil,468.51,450.0,549.99,3761.57,489.99
2026-05-12,swsh12pt5gg-GG69,478100,Holofoil,261.79,243.93,385.03,1865.06,385.03
2026-05-12,swsh35-25,223018,Normal,0.22,0.01,0.22,19.98,
2026-05-12,swsh35-25,223018,Reverse Holofoil,0.32,0.1,0.32,19.98,
2026-05-12,swsh35-74,223073,Holofoil,187.5,175.0,249.98,2300.0,209.98
2026-05-12,swsh45sv-SV107,232496,Holofoil,157.82,147.44,194.98,349.95,199.97
2026-05-12,swsh7-204,246693,Holofoil,33.28,30.0,39.94,289.9,46.6
2026-05-12,swsh7-205,246696,Holofoil,355.06,340.0,407.42,532.42,340.0
2026-05-12,swsh7-208,246755,Holofoil,35.36,32.0,45.0,270.1,43.57
2026-05-12,swsh7-209,246756,Holofoil,273.76,266.96,338.17,499.69,287.99
2026-05-12,swsh7-211,246702,Holofoil,53.48,53.0,57.35,450.0,72.8
2026-05-12,swsh7-212,246704,Holofoil,372.59,315.0,449.98,4249.73,499.69
2026-05-12,swsh7-215,246723,Holofoil,2191.23,2199.99,3499.99,6000.0,2799.0
2026-05-12,swsh7-218,246733,Holofoil,831.11,879.97,1199.67,1749.0,1199.58
2026-05-12,swsh7-41,246753,Holofoil,7.61,5.96,8.2,45.99,19.95
2026-05-12,swsh7-65,246690,Holofoil,15.5,12.0,16.25,512.01,19.99
2026-05-12,swsh7-75,246701,Holofoil,16.68,14.0,19.0,141.86,26.89
2026-05-12,swsh7-8,246691,Holofoil,9.04,5.01,9.2,507.17,8.38
2026-05-12,swsh8-271,253266,Holofoil,869.78,839.69,1005.56,2749.99,999.99
2026-05-12,swsh9-154,263873,Holofoil,344.74,300.0,424.8,1500.0,374.99
2026-05-13,base1-15,42355,Holofoil,150.84,108.0,162.27,1086.06,249.99
2026-05-13,base1-16,42356,Holofoil,56.53,27.0,45.0,139.99,45.0
2026-05-13,base1-2,42360,Holofoil,205.51,36.11,220.0,1585.1,999.51
2026-05-13,base1-4,42382,Holofoil,570.03,498.69,645.23,1500.0,1499.65
2026-05-13,base1-58,42402,Normal,6.62,1.44,5.0,9999.0,8.74
2026-05-13,cel25c-4,250320,Holofoil,193.34,169.99,217.36,999.99,178.49
2026-05-13,gym2-2,83861,1st Edition Holofoil,894.61,2140.0,2140.0,2140.0,
2026-05-13,gym2-2,83861,Unlimited Holofoil,521.82,415.0,539.95,1499.99,499.99
2026-05-13,neo1-9,86903,1st Edition Holofoil,1299.96,1899.99,5950.0,10000.0,1899.99
2026-05-13,neo1-9,86903,Unlimited Holofoil,491.21,365.0,466.8,584.0,
2026-05-13,sl-151-bundle,502000,Normal,206.95,200.0,248.5,2999.99,
2026-05-13,sl-151-etb,503313,Normal,660.98,620.0,879.0,1500.0,
2026-05-13,sl-151-upc,502005,Normal,1199.98,1172.01,1500.0,40000.0,
2026-05-13,sl-ar-box,265519,Normal,387.13,395.0,487.0,900.0,
2026-05-13,sl-bs-box,256141,Normal,601.43,600.0,749.99,5000.0,
2026-05-13,sl-cel-upc,245140,Normal,1201.55,1200.0,1997.99,200000.0,
2026-05-13,sl-champ-etb,218791,Normal,200.24,226.0,244.99,500.0,
2026-05-13,sl-cz-etb,453470,Normal,341.52,329.99,400.0,1000.0,
2026-05-13,sl-dr-box,624679,Normal,629.67,641.27,712.49,2185.0,
2026-05-13,sl-evs-box,242436,Normal,2653.78,2550.0,3350.0,12000.0,
2026-05-13,sl-evs-etb,243721,Normal,891.46,1269.99,1374.5,3499.98,
2026-05-13,sl-fs-box,247654,Normal,1137.07,1199.94,1549.5,3000.0,
2026-05-13,sl-hf-etb,194729,Normal,544.91,574.99,699.97,9999.98,
2026-05-13,sl-jp-151,565243,Normal,359.43,369.0,410.0,599.99,
2026-05-13,sl-jp-terastal,603428,Normal,135.73,99.99,149.75,250.0,
2026-05-13,sl-jt-box,610931,Normal,293.53,293.53,329.95,558.43,
2026-05-13,sl-lo-box,277324,Normal,822.75,845.99,1000.0,2500.0,
2026-05-13,sl-me1-box,644298,Normal,342.88,339.49,349.98,999.99,
2026-05-13,sl-obf-box,501257,Normal,370.39,356.96,425.0,1000.0,
2026-05-13,sl-pe-etb,593355,Normal,162.31,150.0,199.69,1719.5,
2026-05-13,sl-pe-spc,622770,Normal,286.16,279.99,390.0,1500.0,
2026-05-13,sl-pf-etb,528040,Normal,568.68,520.0,598.98,800.0,
2026-05-13,sl-phf-box,654137,Normal,454.55,400.0,550.0,1000.0,
2026-05-13,sl-shf-etb,228821,Normal,146.75,134.74,199.99,500.11,
2026-05-13,sl-ss-box,565606,Normal,258.91,260.45,320.0,4999.99,
2026-05-13,sl-st-box,283389,Normal,504.4,499.99,650.0,1000.0,
2026-05-13,sl-tf-box,536225,Normal,311.27,320.0,349.99,500.0,
2026-05-13,sv2-185,497557,Normal,0.24,0.02,0.3,501.5,0.14
2026-05-13,sv2-185,497557,Reverse Holofoil,0.76,0.17,0.8,18.64,0.4
2026-05-13,sv2-254,497669,Holofoil,11.72,9.0,12.94,112.36,14.84
2026-05-13,sv2-269,497689,Holofoil,61.79,51.56,74.15,527.48,69.99
2026-05-13,sv3pt5-151,516566,Holofoil,8.91,5.95,9.0,100.0,12.23
2026-05-13,sv3pt5-199,517045,Holofoil,455.52,380.0,487.0,1000.0,380.0
2026-05-13,sv3pt5-205,517051,Holofoil,32.24,23.44,35.46,162.9,33.49
2026-05-13,sv3pt5-4,502555,Normal,0.22,0.01,0.22,20.0,0.15
2026-05-13,sv3pt5-4,502555,Reverse Holofoil,0.47,0.1,0.4,19.48,0.4
2026-05-13,sv3pt5-6,502558,Holofoil,10.3,4.98,10.57,87.18,14.56
2026-05-13,sv3pt5-7,502548,Normal,0.18,0.04,0.24,19.64,
2026-05-13,sv3pt5-7,502548,Reverse Holofoil,0.33,0.04,0.35,50.0,0.4
2026-05-13,sv4pt5-234,535090,Holofoil,334.14,290.0,387.5,1688.5,377.99
2026-05-13,sv4pt5-54,534416,Holofoil,4.93,3.0,5.34,60.0,4.93
2026-05-13,sv8-57,590025,Holofoil,4.49,3.0,4.99,96.95,7.49
2026-05-13,sv8pt5-149,610504,Holofoil,271.93,275.0,433.12,2000.0,
2026-05-13,sv8pt5-155,610510,Holofoil,298.4,301.99,374.8,999.0,
2026-05-13,sv8pt5-156,610511,Holofoil,423.32,362.98,470.4,999.0,
2026-05-13,sv8pt5-161,610516,Holofoil,1456.65,1400.0,1799.99,5000.0,
2026-05-13,sv8pt5-167,610522,Holofoil,180.74,174.99,200.49,3009.8,202.0
2026-05-13,sv8pt5-179,610534,Holofoil,65.17,60.0,82.73,999.0,
2026-05-13,sv8pt5-28,610383,Holofoil,2.63,1.4,2.95,999.0,
2026-05-13,sv8pt5-47,610402,Normal,0.06,0.01,0.11,999.0,0.01
2026-05-13,sv8pt5-47,610402,Reverse Holofoil,0.16,0.01,0.18,999.0,0.04
2026-05-13,sv8pt5-59,610414,Holofoil,0.4,0.02,0.38,999.0,0.5
2026-05-13,sv8pt5-59,610414,Reverse Holofoil,0.49,0.1,0.48,999.0,
2026-05-13,sv8pt5-60,610415,Holofoil,7.19,3.98,7.0,5000.0,19.97
2026-05-13,svp-085,518861,Normal,973.34,935.0,1334.56,6999.79,4493.49
2026-05-13,swsh11-186,284137,Holofoil,816.71,841.58,949.89,1949.95,1699.95
2026-05-13,swsh12-186,451834,Holofoil,471.4,475.0,551.64,3761.57,489.99
2026-05-13,swsh12pt5gg-GG69,478100,Holofoil,261.55,246.4,384.99,1865.06,384.95
2026-05-13,swsh35-25,223018,Normal,0.22,0.05,0.22,19.98,
2026-05-13,swsh35-25,223018,Reverse Holofoil,0.32,0.1,0.32,19.98,
2026-05-13,swsh35-74,223073,Holofoil,187.5,175.0,243.75,2300.0,224.48
2026-05-13,swsh45sv-SV107,232496,Holofoil,157.82,121.75,189.48,349.95,165.49
2026-05-13,swsh7-204,246693,Holofoil,33.28,30.0,39.11,289.9,46.6
2026-05-13,swsh7-205,246696,Holofoil,355.06,340.0,417.6,599.69,417.6
2026-05-13,swsh7-208,246755,Holofoil,35.36,32.0,44.99,270.1,43.57
2026-05-13,swsh7-209,246756,Holofoil,273.76,266.96,353.12,499.69,287.99
2026-05-13,swsh7-211,246702,Holofoil,53.48,53.0,56.69,450.0,72.8
2026-05-13,swsh7-212,246704,Holofoil,372.25,315.0,450.0,4249.73,599.69
2026-05-13,swsh7-215,246723,Holofoil,2148.32,2199.99,3000.0,6000.0,2799.0
2026-05-13,swsh7-218,246733,Holofoil,843.98,879.97,1199.69,1749.0,1199.58
2026-05-13,swsh7-41,246753,Holofoil,7.84,5.64,8.15,45.99,18.99
2026-05-13,swsh7-65,246690,Holofoil,15.13,10.49,16.19,512.01,19.98
2026-05-13,swsh7-75,246701,Holofoil,17.06,14.0,19.0,141.86,19.49
2026-05-13,swsh7-8,246691,Holofoil,9.02,5.01,9.46,507.17,14.95
2026-05-13,swsh8-271,253266,Holofoil,869.78,839.69,999.99,2749.99,999.98
2026-05-13,swsh9-154,263873,Holofoil,347.76,300.0,424.8,1500.0,374.99
2026-05-14,base1-15,42355,Holofoil,150.84,103.0,151.28,1086.06,139.99
2026-05-14,base1-16,42356,Holofoil,56.53,27.0,45.0,139.99,45.0
2026-05-14,base1-2,42360,Holofoil,199.57,160.0,249.99,1585.1,974.99
2026-05-14,base1-4,42382,Holofoil,579.25,498.69,672.59,1500.0,1499.4
2026-05-14,base1-58,42402,Normal,6.62,1.44,5.0,9999.0,3.99
2026-05-14,cel25c-4,250320,Holofoil,192.84,169.99,218.49,999.99,187.4
2026-05-14,gym2-2,83861,1st Edition Holofoil,894.61,1499.99,1820.0,2140.0,
2026-05-14,gym2-2,83861,Unlimited Holofoil,521.82,415.0,568.93,1499.99,499.99
2026-05-14,neo1-9,86903,1st Edition Holofoil,1299.96,1899.99,5950.0,10000.0,1899.99
2026-05-14,neo1-9,86903,Unlimited Holofoil,491.21,482.04,510.96,584.0,
2026-05-14,sl-151-bundle,502000,Normal,205.66,200.0,247.99,2999.99,
2026-05-14,sl-151-etb,503313,Normal,657.78,649.99,929.94,1500.0,
2026-05-14,sl-151-upc,502005,Normal,1212.46,1145.0,1500.0,40000.0,
2026-05-14,sl-ar-box,265519,Normal,392.66,439.99,484.99,750.0,
2026-05-14,sl-bs-box,256141,Normal,601.43,600.0,745.0,5000.0,
2026-05-14,sl-cel-upc,245140,Normal,1206.15,1200.0,1998.0,200000.0,
2026-05-14,sl-champ-etb,218791,Normal,200.24,226.0,249.98,500.0,
2026-05-14,sl-cz-etb,453470,Normal,342.64,329.99,400.0,1000.0,
2026-05-14,sl-dr-box,624679,Normal,627.67,641.27,699.99,2185.0,
2026-05-14,sl-evs-box,242436,Normal,2653.78,2550.0,3350.0,12000.0,
2026-05-14,sl-evs-etb,243721,Normal,913.46,1270.0,1399.99,3499.98,
2026-05-14,sl-fs-box,247654,Normal,1125.43,1174.99,1500.0,3000.0,
2026-05-14,sl-hf-etb,194729,Normal,544.91,574.99,699.97,9999.98,
2026-05-14,sl-jp-151,565243,Normal,359.79,378.99,415.0,599.99,
2026-05-14,sl-jp-terastal,603428,Normal,135.64,99.99,150.0,250.0,
2026-05-14,sl-jt-box,610931,Normal,293.53,289.19,320.0,558.43,
2026-05-14,sl-lo-box,277324,Normal,827.35,845.0,999.99,2500.0,
2026-05-14,sl-me1-box,644298,Normal,342.88,339.49,349.96,999.99,
2026-05-14,sl-obf-box,501257,Normal,372.17,370.0,429.99,1000.0,
2026-05-14,sl-pe-etb,593355,Normal,159.22,157.6,199.97,1719.5,
2026-05-14,sl-pe-spc,622770,Normal,289.68,290.0,399.99,1500.0,
2026-05-14,sl-pf-etb,528040,Normal,568.68,527.0,598.99,800.0,
2026-05-14,sl-phf-box,654137,Normal,463.61,400.0,550.0,1000.0,
2026-05-14,sl-shf-etb,228821,Normal,149.32,134.74,200.0,500.11,
2026-05-14,sl-ss-box,565606,Normal,265.52,260.45,320.0,4999.99,
2026-05-14,sl-st-box,283389,Normal,505.64,499.99,650.0,1000.0,
2026-05-14,sl-tf-box,536225,Normal,312.67,330.0,350.0,500.0,
2026-05-14,sv2-185,497557,Normal,0.25,0.02,0.3,501.5,0.14
2026-05-14,sv2-185,497557,Reverse Holofoil,0.66,0.25,0.77,18.64,0.69
2026-05-14,sv2-254,497669,Holofoil,11.57,9.0,12.94,112.36,14.84
2026-05-14,sv2-269,497689,Holofoil,61.82,51.56,74.09,527.48,69.99
2026-05-14,sv3pt5-151,516566,Holofoil,8.7,5.95,9.0,100.0,12.17
2026-05-14,sv3pt5-199,517045,Holofoil,456.32,380.0,485.99,1000.0,400.0
2026-05-14,sv3pt5-205,517051,Holofoil,44.5,26.0,32.12,161.85,70.38
2026-05-14,sv3pt5-4,502555,Normal,0.24,0.01,0.24,20.0,0.15
2026-05-14,sv3pt5-4,502555,Reverse Holofoil,0.47,0.1,0.4,19.48,0.44
2026-05-14,sv3pt5-6,502558,Holofoil,10.31,7.0,10.55,87.18,14.94
2026-05-14,sv3pt5-7,502548,Normal,0.2,0.04,0.24,19.64,
2026-05-14,sv3pt5-7,502548,Reverse Holofoil,0.35,0.04,0.35,50.0,
2026-05-14,sv4pt5-234,535090,Holofoil,333.1,290.0,393.99,1670.7,377.99
2026-05-14,sv4pt5-54,534416,Holofoil,4.89,3.0,5.22,60.0,6.29
2026-05-14,sv8-57,590025,Holofoil,4.39,3.0,4.99,96.95,4.94
2026-05-14,sv8pt5-149,610504,Holofoil,277.05,298.68,429.93,2000.0,
2026-05-14,sv8pt5-155,610510,Holofoil,309.84,300.0,380.35,999.0,
2026-05-14,sv8pt5-156,610511,Holofoil,429.75,362.98,479.99,999.0,799.69
2026-05-14,sv8pt5-161,610516,Holofoil,1529.42,1349.99,1799.99,5000.0,1799.99
2026-05-14,sv8pt5-167,610522,Holofoil,183.02,114.76,201.5,9999.0,202.0
2026-05-14,sv8pt5-179,610534,Holofoil,64.43,55.07,80.39,999.0,
2026-05-14,sv8pt5-28,610383,Holofoil,2.75,1.4,2.89,999.0,
2026-05-14,sv8pt5-47,610402,Normal,0.06,0.01,0.12,999.0,0.01
2026-05-14,sv8pt5-47,610402,Reverse Holofoil,0.16,0.01,0.18,999.0,0.04
2026-05-14,sv8pt5-59,610414,Holofoil,0.38,0.02,0.38,999.0,
2026-05-14,sv8pt5-59,610414,Reverse Holofoil,0.51,0.1,0.49,999.0,
2026-05-14,sv8pt5-60,610415,Holofoil,6.04,4.79,7.19,5000.0,12.99
2026-05-14,svp-085,518861,Normal,973.34,940.98,1299.99,6999.79,4493.0
2026-05-14,swsh11-186,284137,Holofoil,816.71,839.98,936.94,1699.99,1699.94
2026-05-14,swsh12-186,451834,Holofoil,471.28,475.0,549.99,3761.57,489.99
2026-05-14,swsh12pt5gg-GG69,478100,Holofoil,262.85,246.4,384.99,1865.06,384.95
2026-05-14,swsh35-25,223018,Normal,0.22,0.05,0.22,19.98,
2026-05-14,swsh35-25,223018,Reverse Holofoil,0.33,0.1,0.32,19.98,
2026-05-14,swsh35-74,223073,Holofoil,189.3,175.0,249.98,2300.0,224.48
2026-05-14,swsh45sv-SV107,232496,Holofoil,157.56,149.95,189.5,349.95,165.49
2026-05-14,swsh7-204,246693,Holofoil,33.47,30.0,40.26,289.9,46.59
2026-05-14,swsh7-205,246696,Holofoil,355.06,301.0,408.79,599.69,417.59
2026-05-14,swsh7-208,246755,Holofoil,35.0,35.36,45.0,270.1,43.57
2026-05-14,swsh7-209,246756,Holofoil,274.03,273.76,356.06,499.69,287.99
2026-05-14,swsh7-211,246702,Holofoil,53.48,53.0,56.69,450.0,72.8
2026-05-14,swsh7-212,246704,Holofoil,373.18,315.0,545.53,4249.73,599.68
2026-05-14,swsh7-215,246723,Holofoil,2219.39,2199.99,3000.0,6000.0,2499.99
2026-05-14,swsh7-218,246733,Holofoil,843.98,879.97,1199.84,1749.0,1199.58
2026-05-14,swsh7-41,246753,Holofoil,7.67,5.99,8.31,25.0,18.99
2026-05-14,swsh7-65,246690,Holofoil,15.33,12.08,16.4,512.01,15.33
2026-05-14,swsh7-75,246701,Holofoil,17.04,14.0,19.0,141.86,19.49
2026-05-14,swsh7-8,246691,Holofoil,8.71,5.01,9.69,507.17,14.95
2026-05-14,swsh8-271,253266,Holofoil,869.78,838.69,999.99,2749.99,999.98
2026-05-14,swsh9-154,263873,Holofoil,344.74,300.0,410.0,1500.0,374.99
2026-05-15,base1-15,42355,Holofoil,150.84,102.76,151.63,1086.05,139.99
2026-05-15,base1-16,42356,Holofoil,56.53,27.01,45.0,139.99,49.99
2026-05-15,base1-2,42360,Holofoil,199.57,153.99,219.17,1585.1,974.99
2026-05-15,base1-4,42382,Holofoil,579.25,405.5,645.11,1500.0,1499.18
2026-05-15,base1-58,42402,Normal,6.61,1.73,5.0,9999.0,4.88
2026-05-15,cel25c-4,250320,Holofoil,192.84,169.98,219.67,999.99,169.98
2026-05-15,gym2-2,83861,1st Edition Holofoil,894.61,1499.99,1820.0,2140.0,
2026-05-15,gym2-2,83861,Unlimited Holofoil,521.82,415.0,568.93,1499.99,499.99
2026-05-15,neo1-9,86903,1st Edition Holofoil,1299.96,1899.99,5950.0,10000.0,1899.99
2026-05-15,neo1-9,86903,Unlimited Holofoil,496.04,347.25,482.14,584.0,
2026-05-15,sl-151-bundle,502000,Normal,209.29,200.99,249.99,2999.99,
2026-05-15,sl-151-etb,503313,Normal,657.78,649.99,777.77,1500.0,
2026-05-15,sl-151-upc,502005,Normal,1214.34,1145.0,1500.0,40000.0,
2026-05-15,sl-ar-box,265519,Normal,392.66,425.0,476.0,750.0,
2026-05-15,sl-bs-box,256141,Normal,602.16,600.0,745.0,5000.0,
2026-05-15,sl-cel-upc,245140,Normal,1216.39,1300.0,1998.0,200000.0,
2026-05-15,sl-champ-etb,218791,Normal,203.52,229.95,249.98,500.0,
2026-05-15,sl-cz-etb,453470,Normal,344.02,329.99,406.98,1000.0,
2026-05-15,sl-dr-box,624679,Normal,625.6,649.99,699.99,2185.0,
2026-05-15,sl-evs-box,242436,Normal,2652.38,2550.0,3350.0,12000.0,
2026-05-15,sl-evs-etb,243721,Normal,913.46,1270.0,1399.99,3499.98,
2026-05-15,sl-fs-box,247654,Normal,1125.43,1174.98,1500.0,3000.0,
2026-05-15,sl-hf-etb,194729,Normal,544.91,574.99,674.98,1000.0,
2026-05-15,sl-jp-151,565243,Normal,359.55,394.99,415.0,599.99,
2026-05-15,sl-jp-terastal,603428,Normal,135.56,99.99,154.98,250.0,
2026-05-15,sl-jt-box,610931,Normal,294.26,289.19,322.48,558.43,
2026-05-15,sl-lo-box,277324,Normal,827.35,838.0,999.99,2500.0,
2026-05-15,sl-me1-box,644298,Normal,343.32,329.0,347.47,999.99,
2026-05-15,sl-obf-box,501257,Normal,371.73,375.0,429.99,1000.0,
2026-05-15,sl-pe-etb,593355,Normal,164.23,165.0,199.99,1719.5,
2026-05-15,sl-pe-spc,622770,Normal,279.23,290.0,390.0,1500.0,
2026-05-15,sl-pf-etb,528040,Normal,568.68,527.0,598.88,800.0,
2026-05-15,sl-phf-box,654137,Normal,468.05,400.0,549.98,1000.0,
2026-05-15,sl-shf-etb,228821,Normal,158.62,134.74,220.59,500.11,
2026-05-15,sl-ss-box,565606,Normal,268.85,268.55,320.0,4999.99,
2026-05-15,sl-st-box,283389,Normal,505.64,495.0,600.0,1000.0,
2026-05-15,sl-tf-box,536225,Normal,314.07,320.0,349.99,500.0,
2026-05-15,sv2-185,497557,Normal,0.29,0.02,0.3,501.5,0.14
2026-05-15,sv2-185,497557,Reverse Holofoil,0.72,0.25,0.78,18.56,1.41
2026-05-15,sv2-254,497669,Holofoil,11.35,9.0,12.79,112.36,14.84
2026-05-15,sv2-269,497689,Holofoil,60.99,51.56,73.68,527.48,69.99
2026-05-15,sv3pt5-151,516566,Holofoil,8.52,5.99,9.0,100.0,8.52
2026-05-15,sv3pt5-199,517045,Holofoil,452.34,379.95,479.99,1000.0,390.0
2026-05-15,sv3pt5-205,517051,Holofoil,44.0,26.61,39.0,222.65,34.13
2026-05-15,sv3pt5-4,502555,Normal,0.23,0.01,0.24,20.0,0.15
2026-05-15,sv3pt5-4,502555,Reverse Holofoil,0.48,0.1,0.41,19.48,0.44
2026-05-15,sv3pt5-6,502558,Holofoil,9.52,4.98,10.55,87.18,11.68
2026-05-15,sv3pt5-7,502548,Normal,0.23,0.04,0.25,19.62,0.16
2026-05-15,sv3pt5-7,502548,Reverse Holofoil,0.39,0.04,0.37,50.0,0.39
2026-05-15,sv4pt5-234,535090,Holofoil,336.13,290.0,398.0,1665.5,377.99
2026-05-15,sv4pt5-54,534416,Holofoil,4.67,1.0,5.23,60.0,5.39
2026-05-15,sv8-57,590025,Holofoil,4.68,3.5,4.99,96.95,6.29
2026-05-15,sv8pt5-149,610504,Holofoil,279.42,296.0,460.86,2000.0,
2026-05-15,sv8pt5-155,610510,Holofoil,312.0,300.0,390.0,999.0,
2026-05-15,sv8pt5-156,610511,Holofoil,429.84,362.98,483.22,999.0,799.69
2026-05-15,sv8pt5-161,610516,Holofoil,1518.33,1340.0,1799.99,5000.0,1780.0
2026-05-15,sv8pt5-167,610522,Holofoil,183.54,145.0,200.99,9999.0,219.99
2026-05-15,sv8pt5-179,610534,Holofoil,65.06,60.0,86.49,999.0,
2026-05-15,sv8pt5-28,610383,Holofoil,2.57,1.35,2.91,999.0,
2026-05-15,sv8pt5-47,610402,Normal,0.06,0.01,0.12,999.0,0.01
2026-05-15,sv8pt5-47,610402,Reverse Holofoil,0.15,0.01,0.18,999.0,0.04
2026-05-15,sv8pt5-59,610414,Holofoil,0.34,0.02,0.37,999.0,0.5
2026-05-15,sv8pt5-59,610414,Reverse Holofoil,0.5,0.1,0.49,999.0,0.44
2026-05-15,sv8pt5-60,610415,Holofoil,6.65,5.2,7.19,5000.0,7.75
2026-05-15,svp-085,518861,Normal,977.78,985.0,1449.99,6999.71,4493.0
2026-05-15,swsh11-186,284137,Holofoil,816.71,839.98,982.47,1699.99,999.99
2026-05-15,swsh12-186,451834,Holofoil,470.68,467.61,549.99,3761.57,489.99
2026-05-15,swsh12pt5gg-GG69,478100,Holofoil,264.47,249.95,384.99,1865.06,384.95
2026-05-15,swsh35-25,223018,Normal,0.21,0.05,0.22,19.98,
2026-05-15,swsh35-25,223018,Reverse Holofoil,0.33,0.1,0.33,19.98,
2026-05-15,swsh35-74,223073,Holofoil,189.3,175.0,249.99,1500.0,224.48
2026-05-15,swsh45sv-SV107,232496,Holofoil,157.56,128.84,187.53,349.95,128.84
2026-05-15,swsh7-204,246693,Holofoil,33.47,30.0,40.51,289.9,46.59
2026-05-15,swsh7-205,246696,Holofoil,355.06,301.54,399.99,599.69,417.59
2026-05-15,swsh7-208,246755,Holofoil,35.0,34.5,44.99,270.1,43.57
2026-05-15,swsh7-209,246756,Holofoil,274.03,273.76,359.0,499.69,287.99
2026-05-15,swsh7-211,246702,Holofoil,53.55,53.48,57.35,450.0,72.8
2026-05-15,swsh7-212,246704,Holofoil,372.72,397.79,599.68,4249.73,599.68
2026-05-15,swsh7-215,246723,Holofoil,2219.39,2199.99,3000.0,6000.0,2499.99
2026-05-15,swsh7-218,246733,Holofoil,843.98,879.97,1199.54,1749.0,1199.49
2026-05-15,swsh7-41,246753,Holofoil,7.96,5.99,8.44,25.0,19.93
2026-05-15,swsh7-65,246690,Holofoil,15.42,12.08,16.48,512.01,18.25
2026-05-15,swsh7-75,246701,Holofoil,17.34,15.0,19.01,141.86,22.15
2026-05-15,swsh7-8,246691,Holofoil,8.78,5.01,10.0,507.17,11.13
2026-05-15,swsh8-271,253266,Holofoil,869.78,838.69,999.99,2749.99,999.98
2026-05-15,swsh9-154,263873,Holofoil,345.12,289.75,412.0,1500.0,289.75
2026-05-16,base1-15,42355,Holofoil,150.84,101.0,151.63,1085.98,249.99
2026-05-16,base1-16,42356,Holofoil,56.53,27.01,44.37,139.99,49.99
2026-05-16,base1-2,42360,Holofoil,205.77,160.0,220.0,1585.1,974.99
2026-05-16,base1-4,42382,Holofoil,579.25,498.69,645.23,1500.0,1499.1
2026-05-16,base1-58,42402,Normal,6.61,1.5,5.0,9999.0,4.88
2026-05-16,cel25c-4,250320,Holofoil,192.04,168.67,217.98,999.99,169.99
2026-05-16,gym2-2,83861,1st Edition Holofoil,894.61,1499.99,1820.0,2140.0,
2026-05-16,gym2-2,83861,Unlimited Holofoil,521.82,415.0,568.93,1499.99,499.99
2026-05-16,neo1-9,86903,1st Edition Holofoil,1299.96,1899.99,5950.0,10000.0,1899.99
2026-05-16,neo1-9,86903,Unlimited Holofoil,496.04,347.25,394.65,584.0,
2026-05-16,sl-151-bundle,502000,Normal,198.09,200.99,249.0,2999.99,
2026-05-16,sl-151-etb,503313,Normal,665.82,649.99,869.99,1500.0,
2026-05-16,sl-151-upc,502005,Normal,1208.14,1165.0,1499.99,40000.0,
2026-05-16,sl-ar-box,265519,Normal,396.22,425.0,475.5,750.0,
2026-05-16,sl-bs-box,256141,Normal,602.16,600.0,747.5,5000.0,
2026-05-16,sl-cel-upc,245140,Normal,1228.0,1300.0,1998.0,200000.0,
2026-05-16,sl-champ-etb,218791,Normal,226.77,231.99,261.85,500.0,
2026-05-16,sl-cz-etb,453470,Normal,345.01,329.99,449.99,1000.0,
2026-05-16,sl-dr-box,624679,Normal,634.48,649.99,699.99,2185.0,
2026-05-16,sl-evs-box,242436,Normal,2652.38,2550.0,3268.8,12000.0,
2026-05-16,sl-evs-etb,243721,Normal,913.46,1270.0,1399.99,3499.98,
2026-05-16,sl-fs-box,247654,Normal,1125.43,1174.98,1500.0,3000.0,
2026-05-16,sl-hf-etb,194729,Normal,544.91,550.0,674.98,1000.0,
2026-05-16,sl-jp-151,565243,Normal,362.11,389.99,415.0,599.99,
2026-05-16,sl-jp-terastal,603428,Normal,134.31,99.99,150.0,250.0,
2026-05-16,sl-jt-box,610931,Normal,293.83,284.89,322.48,558.43,
2026-05-16,sl-lo-box,277324,Normal,827.35,838.0,999.5,2500.0,
2026-05-16,sl-me1-box,644298,Normal,343.12,325.0,347.45,999.99,
2026-05-16,sl-obf-box,501257,Normal,372.49,360.0,425.0,1000.0,
2026-05-16,sl-pe-etb,593355,Normal,162.36,160.0,199.99,1719.5,
2026-05-16,sl-pe-spc,622770,Normal,278.45,290.0,390.0,1500.0,
2026-05-16,sl-pf-etb,528040,Normal,568.68,503.0,598.93,800.0,
2026-05-16,sl-phf-box,654137,Normal,478.93,400.0,549.98,1000.0,
2026-05-16,sl-shf-etb,228821,Normal,158.62,134.74,200.0,500.11,
2026-05-16,sl-ss-box,565606,Normal,277.22,255.75,317.44,4999.99,
2026-05-16,sl-st-box,283389,Normal,508.96,495.0,635.49,1000.0,
2026-05-16,sl-tf-box,536225,Normal,315.27,320.0,349.99,500.0,
2026-05-16,sv2-185,497557,Normal,0.31,0.02,0.32,501.5,0.14
2026-05-16,sv2-185,497557,Reverse Holofoil,0.6,0.2,0.76,18.54,1.35
2026-05-16,sv2-254,497669,Holofoil,11.35,9.0,12.74,112.36,14.84
2026-05-16,sv2-269,497689,Holofoil,61.48,51.56,75.0,527.48,75.0
2026-05-16,sv3pt5-151,516566,Holofoil,8.5,5.99,8.99,100.0,11.25
2026-05-16,sv3pt5-199,517045,Holofoil,452.04,379.95,479.99,1000.0,395.0
2026-05-16,sv3pt5-205,517051,Holofoil,44.16,26.61,39.99,220.8,34.13
2026-05-16,sv3pt5-4,502555,Normal,0.19,0.01,0.22,20.0,0.15
2026-05-16,sv3pt5-4,502555,Reverse Holofoil,0.47,0.1,0.42,19.48,0.6
2026-05-16,sv3pt5-6,502558,Holofoil,9.45,4.98,10.39,87.18,11.99
2026-05-16,sv3pt5-7,502548,Normal,0.26,0.04,0.25,19.62,
2026-05-16,sv3pt5-7,502548,Reverse Holofoil,0.37,0.04,0.36,1000.36,0.41
2026-05-16,sv4pt5-234,535090,Holofoil,336.13,271.05,393.99,1680.65,377.99
2026-05-16,sv4pt5-54,534416,Holofoil,4.52,3.68,5.13,60.0,4.99
2026-05-16,sv8-57,590025,Holofoil,4.81,1.5,4.99,96.95,4.65
2026-05-16,sv8pt5-149,610504,Holofoil,280.59,289.89,456.06,2000.0,
2026-05-16,sv8pt5-155,610510,Holofoil,313.23,300.0,389.99,999.0,
2026-05-16,sv8pt5-156,610511,Holofoil,425.96,362.98,483.22,999.0,799.69
2026-05-16,sv8pt5-161,610516,Holofoil,1533.83,1425.0,1799.99,5000.0,1778.0
2026-05-16,sv8pt5-167,610522,Holofoil,184.5,157.45,201.77,9999.0,219.99
2026-05-16,sv8pt5-179,610534,Holofoil,65.69,60.0,82.99,999.0,
2026-05-16,sv8pt5-28,610383,Holofoil,2.61,1.24,2.87,999.0,
2026-05-16,sv8pt5-47,610402,Normal,0.07,0.01,0.12,999.0,0.01
2026-05-16,sv8pt5-47,610402,Reverse Holofoil,0.15,0.01,0.18,999.0,0.04
2026-05-16,sv8pt5-59,610414,Holofoil,0.46,0.02,0.36,999.0,0.5
2026-05-16,sv8pt5-59,610414,Reverse Holofoil,0.52,0.1,0.49,999.0,
2026-05-16,sv8pt5-60,610415,Holofoil,6.67,5.2,7.19,5000.0,12.93
2026-05-16,svp-085,518861,Normal,976.78,969.69,1400.0,6999.69,4293.0
2026-05-16,swsh11-186,284137,Holofoil,816.71,820.0,999.98,1699.99,999.99
2026-05-16,swsh12-186,451834,Holofoil,470.68,467.61,537.32,3761.57,489.99
2026-05-16,swsh12pt5gg-GG69,478100,Holofoil,264.47,289.99,390.79,1865.06,299.99
2026-05-16,swsh35-25,223018,Normal,0.23,0.04,0.21,19.98,
2026-05-16,swsh35-25,223018,Reverse Holofoil,0.33,0.1,0.33,19.98,
2026-05-16,swsh35-74,223073,Holofoil,186.7,175.0,249.99,2300.0,224.48
2026-05-16,swsh45sv-SV107,232496,Holofoil,158.39,128.84,189.6,349.95,128.84
2026-05-16,swsh7-204,246693,Holofoil,34.02,30.0,40.0,289.9,47.7
2026-05-16,swsh7-205,246696,Holofoil,355.06,301.54,399.99,599.69,417.59
2026-05-16,swsh7-208,246755,Holofoil,35.4,34.5,44.99,270.1,43.12
2026-05-16,swsh7-209,246756,Holofoil,274.03,265.97,356.23,499.69,287.99
2026-05-16,swsh7-211,246702,Holofoil,53.55,53.48,56.46,450.0,72.88
2026-05-16,swsh7-212,246704,Holofoil,372.72,325.0,506.25,4249.73,599.68
2026-05-16,swsh7-215,246723,Holofoil,2219.39,2199.99,3000.0,6000.0,2499.99
2026-05-16,swsh7-218,246733,Holofoil,843.98,879.97,1199.54,1749.0,1199.58
2026-05-16,swsh7-41,246753,Holofoil,8.39,5.99,8.45,25.0,19.94
2026-05-16,swsh7-65,246690,Holofoil,15.32,12.08,16.33,512.01,18.25
2026-05-16,swsh7-75,246701,Holofoil,17.37,15.55,19.11,141.86,26.1
2026-05-16,swsh7-8,246691,Holofoil,8.8,5.01,10.0,507.17,11.13
2026-05-16,swsh8-271,253266,Holofoil,872.48,838.69,999.98,2749.99,999.98
2026-05-16,swsh9-154,263873,Holofoil,345.12,289.75,405.0,1500.0,289.75
2026-05-17,base1-15,42355,Holofoil,150.34,102.76,151.97,1085.98,249.99
2026-05-17,base1-16,42356,Holofoil,56.53,27.01,44.37,139.99,119.99
2026-05-17,base1-2,42360,Holofoil,195.78,160.0,253.96,1585.1,974.99
2026-05-17,base1-4,42382,Holofoil,579.25,498.69,645.23,1500.0,1499.1
2026-05-17,base1-58,42402,Normal,7.05,1.73,5.0,9999.0,11.97
2026-05-17,cel25c-4,250320,Holofoil,192.04,168.67,218.49,999.99,178.49
2026-05-17,gym2-2,83861,1st Edition Holofoil,894.61,1499.99,1820.0,2140.0,
2026-05-17,gym2-2,83861,Unlimited Holofoil,521.82,438.75,568.93,1201.29,499.99
2026-05-17,neo1-9,86903,1st Edition Holofoil,1299.96,1899.99,5950.0,10000.0,1899.99
2026-05-17,neo1-9,86903,Unlimited Holofoil,496.04,347.25,394.65,584.0,
2026-05-17,sl-151-bundle,502000,Normal,206.46,195.99,247.99,2999.99,
2026-05-17,sl-151-etb,503313,Normal,665.82,649.99,800.0,1500.0,
2026-05-17,sl-151-upc,502005,Normal,1208.14,1000.0,1499.98,40000.0,
2026-05-17,sl-ar-box,265519,Normal,396.22,425.0,475.5,750.0,
2026-05-17,sl-bs-box,256141,Normal,602.16,600.0,750.0,5000.0,
2026-05-17,sl-cel-upc,245140,Normal,1228.0,1300.0,1997.99,200000.0,
2026-05-17,sl-champ-etb,218791,Normal,245.76,231.99,485.0,650.0,
2026-05-17,sl-cz-etb,453470,Normal,349.17,329.99,450.0,1000.0,
2026-05-17,sl-dr-box,624679,Normal,644.91,649.99,699.99,2185.0,
2026-05-17,sl-evs-box,242436,Normal,2628.38,2550.0,3237.6,12000.0,
2026-05-17,sl-evs-etb,243721,Normal,913.46,1270.0,1399.99,3499.98,
2026-05-17,sl-fs-box,247654,Normal,1125.43,1174.98,1500.0,3000.0,
2026-05-17,sl-hf-etb,194729,Normal,544.91,550.0,650.0,1000.0,
2026-05-17,sl-jp-151,565243,Normal,363.23,389.0,415.0,599.99,
2026-05-17,sl-jp-terastal,603428,Normal,134.4,99.99,150.0,250.0,
2026-05-17,sl-jt-box,610931,Normal,293.39,284.89,322.48,558.43,
2026-05-17,sl-lo-box,277324,Normal,829.15,830.0,999.5,2500.0,
2026-05-17,sl-me1-box,644298,Normal,342.88,325.0,347.45,999.99,
2026-05-17,sl-obf-box,501257,Normal,372.8,360.0,427.5,1000.0,
2026-05-17,sl-pe-etb,593355,Normal,166.23,162.1,199.99,1719.5,
2026-05-17,sl-pe-spc,622770,Normal,280.37,290.0,390.0,1500.0,
2026-05-17,sl-pf-etb,528040,Normal,562.48,503.0,598.99,800.0,
2026-05-17,sl-phf-box,654137,Normal,477.69,400.0,550.0,1000.0,
2026-05-17,sl-shf-etb,228821,Normal,159.23,134.74,200.0,500.11,
2026-05-17,sl-ss-box,565606,Normal,283.87,255.75,313.0,4999.99,
2026-05-17,sl-st-box,283389,Normal,509.44,495.0,650.0,1000.0,
2026-05-17,sl-tf-box,536225,Normal,317.51,320.0,359.5,500.0,
2026-05-17,sv2-185,497557,Normal,0.32,0.01,0.32,501.5,0.14
2026-05-17,sv2-185,497557,Reverse Holofoil,0.58,0.2,0.75,18.52,1.32
2026-05-17,sv2-254,497669,Holofoil,11.14,9.0,12.81,112.36,14.84
2026-05-17,sv2-269,497689,Holofoil,61.92,50.0,76.29,527.48,56.99
2026-05-17,sv3pt5-151,516566,Holofoil,9.02,5.99,9.0,100.0,13.46
2026-05-17,sv3pt5-199,517045,Holofoil,451.77,379.95,485.99,1000.0,389.88
2026-05-17,sv3pt5-205,517051,Holofoil,43.37,26.0,42.69,216.85,33.37
2026-05-17,sv3pt5-4,502555,Normal,0.17,0.01,0.22,20.0,0.15
2026-05-17,sv3pt5-4,502555,Reverse Holofoil,0.39,0.1,0.43,19.48,0.6
2026-05-17,sv3pt5-6,502558,Holofoil,11.31,4.98,10.55,87.18,14.95
2026-05-17,sv3pt5-7,502548,Normal,0.25,0.04,0.25,19.62,
2026-05-17,sv3pt5-7,502548,Reverse Holofoil,0.35,0.04,0.36,1000.36,0.41
2026-05-17,sv4pt5-234,535090,Holofoil,334.76,271.05,397.99,1680.65,377.99
2026-05-17,sv4pt5-54,534416,Holofoil,5.17,3.68,5.19,60.0,5.39
2026-05-17,sv8-57,590025,Holofoil,4.86,1.5,4.99,96.95,7.48
2026-05-17,sv8pt5-149,610504,Holofoil,280.59,282.91,410.0,2000.0,
2026-05-17,sv8pt5-155,610510,Holofoil,313.23,300.0,370.34,999.0,
2026-05-17,sv8pt5-156,610511,Holofoil,431.36,362.98,486.44,999.0,799.69
2026-05-17,sv8pt5-161,610516,Holofoil,1481.27,1409.99,1789.99,5000.0,1777.99
2026-05-17,sv8pt5-167,610522,Holofoil,184.94,157.45,202.25,9999.0,219.99
2026-05-17,sv8pt5-179,610534,Holofoil,63.58,60.0,89.99,999.0,
2026-05-17,sv8pt5-28,610383,Holofoil,2.64,1.24,2.86,999.0,
2026-05-17,sv8pt5-47,610402,Normal,0.07,0.01,0.12,999.0,0.01
2026-05-17,sv8pt5-47,610402,Reverse Holofoil,0.15,0.01,0.17,999.0,0.04
2026-05-17,sv8pt5-59,610414,Holofoil,0.38,0.02,0.39,999.0,0.5
2026-05-17,sv8pt5-59,610414,Reverse Holofoil,0.46,0.1,0.49,999.0,
2026-05-17,sv8pt5-60,610415,Holofoil,6.21,5.2,7.19,5000.0,7.5
2026-05-17,svp-085,518861,Normal,976.78,969.69,1400.0,6999.67,4293.0
2026-05-17,swsh11-186,284137,Holofoil,816.71,820.0,999.98,1699.99,999.99
2026-05-17,swsh12-186,451834,Holofoil,470.39,475.0,549.99,3761.57,489.99
2026-05-17,swsh12pt5gg-GG69,478100,Holofoil,266.46,279.95,377.47,1865.06,299.99
2026-05-17,swsh35-25,223018,Normal,0.24,0.04,0.23,19.98,
2026-05-17,swsh35-25,223018,Reverse Holofoil,0.33,0.1,0.33,19.98,
2026-05-17,swsh35-74,223073,Holofoil,185.49,175.0,249.99,2300.0,224.48
2026-05-17,swsh45sv-SV107,232496,Holofoil,157.64,128.84,190.0,349.95,199.97
2026-05-17,swsh7-204,246693,Holofoil,34.23,30.0,40.0,289.9,48.0
2026-05-17,swsh7-205,246696,Holofoil,355.06,301.54,399.99,599.69,417.59
2026-05-17,swsh7-208,246755,Holofoil,35.05,33.5,44.99,270.1,43.62
2026-05-17,swsh7-209,246756,Holofoil,274.03,265.97,364.0,499.69,287.99
2026-05-17,swsh7-211,246702,Holofoil,53.65,53.48,56.69,450.0,72.88
2026-05-17,swsh7-212,246704,Holofoil,372.72,397.79,599.69,4249.73,599.68
2026-05-17,swsh7-215,246723,Holofoil,2145.0,2199.99,3000.0,6000.0,2499.99
2026-05-17,swsh7-218,246733,Holofoil,843.98,879.97,1199.65,1749.0,1199.58
2026-05-17,swsh7-41,246753,Holofoil,8.04,5.99,8.62,25.0,10.95
2026-05-17,swsh7-65,246690,Holofoil,15.32,12.08,16.5,512.01,16.5
2026-05-17,swsh7-75,246701,Holofoil,17.39,15.55,19.11,141.86,26.89
2026-05-17,swsh7-8,246691,Holofoil,8.62,5.01,9.99,507.17,11.86
2026-05-17,swsh8-271,253266,Holofoil,872.48,838.69,999.98,2749.99,999.98
2026-05-17,swsh9-154,263873,Holofoil,345.12,289.75,410.0,1500.0,289.75
2026-05-18,base1-15,42355,Holofoil,150.34,103.0,154.92,1085.98,249.99
2026-05-18,base1-16,42356,Holofoil,57.01,26.25,44.51,139.99,119.99
2026-05-18,base1-2,42360,Holofoil,195.78,170.0,277.21,1585.1,974.99
2026-05-18,base1-4,42382,Holofoil,595.18,498.69,676.49,1500.0,1499.1
2026-05-18,base1-58,42402,Normal,7.49,1.72,5.0,9999.0,
2026-05-18,cel25c-4,250320,Holofoil,192.04,160.28,219.49,2999.99,214.95
2026-05-18,gym2-2,83861,1st Edition Holofoil,894.61,1499.99,1820.0,2140.0,
2026-05-18,gym2-2,83861,Unlimited Holofoil,521.82,438.75,568.93,1201.29,499.99
2026-05-18,neo1-9,86903,1st Edition Holofoil,1299.96,1899.99,5950.0,10000.0,1899.99
2026-05-18,neo1-9,86903,Unlimited Holofoil,496.04,367.26,457.08,584.0,
2026-05-18,sl-151-bundle,502000,Normal,209.65,199.99,248.5,2999.99,
2026-05-18,sl-151-etb,503313,Normal,666.62,649.99,835.0,1500.0,
2026-05-18,sl-151-upc,502005,Normal,1236.18,1125.0,1486.74,40000.0,
2026-05-18,sl-ar-box,265519,Normal,399.86,430.0,478.62,900.0,
2026-05-18,sl-bs-box,256141,Normal,602.16,600.0,747.5,5000.0,
2026-05-18,sl-cel-upc,245140,Normal,1228.0,1300.0,1969.69,200000.0,
2026-05-18,sl-champ-etb,218791,Normal,232.21,230.0,273.69,650.0,
2026-05-18,sl-cz-etb,453470,Normal,324.13,317.0,450.0,1000.0,
2026-05-18,sl-dr-box,624679,Normal,640.0,642.0,699.99,2185.0,
2026-05-18,sl-evs-box,242436,Normal,2634.38,2550.0,3268.8,12000.0,
2026-05-18,sl-evs-etb,243721,Normal,913.46,1270.0,1499.98,3499.98,
2026-05-18,sl-fs-box,247654,Normal,1125.43,1150.0,1500.0,3000.0,
2026-05-18,sl-hf-etb,194729,Normal,544.91,520.0,674.98,1000.0,
2026-05-18,sl-jp-151,565243,Normal,365.16,395.99,439.49,599.99,
2026-05-18,sl-jp-terastal,603428,Normal,134.78,99.99,150.0,250.0,
2026-05-18,sl-jt-box,610931,Normal,293.7,284.89,322.48,558.43,
2026-05-18,sl-lo-box,277324,Normal,829.15,825.0,999.0,2500.0,
2026-05-18,sl-me1-box,644298,Normal,342.28,300.0,340.99,999.99,
2026-05-18,sl-obf-box,501257,Normal,372.8,360.0,429.99,1000.0,
2026-05-18,sl-pe-etb,593355,Normal,170.8,160.0,199.99,1719.5,
2026-05-18,sl-pe-spc,622770,Normal,286.31,290.0,390.0,1500.0,
2026-05-18,sl-pf-etb,528040,Normal,561.04,503.0,598.98,800.0,
2026-05-18,sl-phf-box,654137,Normal,464.78,440.0,511.5,1000.0,
2026-05-18,sl-shf-etb,228821,Normal,161.34,134.74,200.0,500.11,
2026-05-18,sl-ss-box,565606,Normal,278.1,255.75,319.97,4999.99,
2026-05-18,sl-st-box,283389,Normal,509.28,499.99,635.49,1000.0,
2026-05-18,sl-tf-box,536225,Normal,319.71,320.0,369.01,500.0,
2026-05-18,sv2-185,497557,Normal,0.31,0.01,0.32,501.5,0.11
2026-05-18,sv2-185,497557,Reverse Holofoil,0.58,0.2,0.75,18.52,1.32
2026-05-18,sv2-254,497669,Holofoil,11.1,8.9,12.88,112.36,14.84
2026-05-18,sv2-269,497689,Holofoil,61.94,50.0,74.99,527.48,79.9
2026-05-18,sv3pt5-151,516566,Holofoil,10.38,5.99,9.5,100.0,14.23
2026-05-18,sv3pt5-199,517045,Holofoil,449.01,379.95,487.0,1000.0,389.88
2026-05-18,sv3pt5-205,517051,Holofoil,43.13,26.0,43.37,217.55,33.37
2026-05-18,sv3pt5-4,502555,Normal,0.19,0.01,0.22,20.0,0.15
2026-05-18,sv3pt5-4,502555,Reverse Holofoil,0.37,0.1,0.39,19.97,0.54
2026-05-18,sv3pt5-6,502558,Holofoil,11.39,4.98,11.07,87.18,14.95
2026-05-18,sv3pt5-7,502548,Normal,0.2,0.03,0.25,19.62,
2026-05-18,sv3pt5-7,502548,Reverse Holofoil,0.39,0.04,0.36,1000.36,
2026-05-18,sv4pt5-234,535090,Holofoil,335.64,271.05,398.0,1677.85,377.99
2026-05-18,sv4pt5-54,534416,Holofoil,4.59,3.69,5.19,60.0,6.75
2026-05-18,sv8-57,590025,Holofoil,4.9,1.5,5.0,96.95,7.49
2026-05-18,sv8pt5-149,610504,Holofoil,279.91,279.0,419.97,2000.0,
2026-05-18,sv8pt5-155,610510,Holofoil,313.23,257.33,370.34,999.0,
2026-05-18,sv8pt5-156,610511,Holofoil,431.36,362.98,537.75,999.0,799.5
2026-05-18,sv8pt5-161,610516,Holofoil,1481.27,1308.24,1776.39,5000.0,1775.0
2026-05-18,sv8pt5-167,610522,Holofoil,184.94,157.45,202.46,9999.0,219.98
2026-05-18,sv8pt5-179,610534,Holofoil,64.9,60.0,92.47,999.0,
2026-05-18,sv8pt5-28,610383,Holofoil,2.49,1.24,2.79,999.0,
2026-05-18,sv8pt5-47,610402,Normal,0.08,0.01,0.12,999.0,0.01
2026-05-18,sv8pt5-47,610402,Reverse Holofoil,0.15,0.01,0.18,999.0,0.04
2026-05-18,sv8pt5-59,610414,Holofoil,0.58,0.02,0.4,999.0,0.75
2026-05-18,sv8pt5-59,610414,Reverse Holofoil,0.44,0.1,0.46,999.0,
2026-05-18,sv8pt5-60,610415,Holofoil,6.64,4.69,7.1,5000.0,8.51
2026-05-18,svp-085,518861,Normal,976.78,959.99,1350.0,6999.67,3999.99
2026-05-18,swsh11-186,284137,Holofoil,823.75,820.0,999.99,1699.99,999.99
2026-05-18,swsh12-186,451834,Holofoil,470.76,475.0,576.0,3761.57,489.99
2026-05-18,swsh12pt5gg-GG69,478100,Holofoil,266.46,279.95,369.99,1865.06,299.99
2026-05-18,swsh35-25,223018,Normal,0.23,0.04,0.23,19.98,
2026-05-18,swsh35-25,223018,Reverse Holofoil,0.33,0.1,0.33,19.98,
2026-05-18,swsh35-74,223073,Holofoil,185.49,175.0,249.98,2300.0,224.48
2026-05-18,swsh45sv-SV107,232496,Holofoil,157.64,144.99,189.17,349.95,157.64
2026-05-18,swsh7-204,246693,Holofoil,34.13,30.0,41.65,289.9,48.0
2026-05-18,swsh7-205,246696,Holofoil,356.25,299.71,400.0,599.69,417.59
2026-05-18,swsh7-208,246755,Holofoil,36.6,38.0,45.7,270.1,45.84
2026-05-18,swsh7-209,246756,Holofoil,274.03,261.77,364.0,499.69,261.77
2026-05-18,swsh7-211,246702,Holofoil,53.65,53.48,56.33,450.0,72.96
2026-05-18,swsh7-212,246704,Holofoil,371.69,397.79,599.69,4249.73,599.68
2026-05-18,swsh7-215,246723,Holofoil,2080.84,2199.99,3000.0,6000.0,2499.99
2026-05-18,swsh7-218,246733,Holofoil,843.98,879.97,1199.58,1749.0,1199.58
2026-05-18,swsh7-41,246753,Holofoil,8.14,5.99,8.76,25.0,10.95
2026-05-18,swsh7-65,246690,Holofoil,15.67,12.08,16.44,512.01,18.25
2026-05-18,swsh7-75,246701,Holofoil,17.75,15.55,19.53,141.86,25.55
2026-05-18,swsh7-8,246691,Holofoil,8.57,5.01,9.89,507.17,11.88
2026-05-18,swsh8-271,253266,Holofoil,872.48,837.69,999.98,2749.99,899.99
2026-05-18,swsh9-154,263873,Holofoil,348.28,289.75,400.26,1500.0,289.75
2026-05-19,base1-15,42355,Holofoil,151.99,100.0,151.97,1085.98,249.99
2026-05-19,base1-16,42356,Holofoil,54.61,37.0,46.39,139.99,119.99
2026-05-19,base1-2,42360,Holofoil,195.78,170.0,284.62,1585.1,974.99
2026-05-19,base1-4,42382,Holofoil,595.18,475.0,653.03,1500.0,1499.1
2026-05-19,base1-58,42402,Normal,7.38,1.95,5.0,9999.0,3.96
2026-05-19,cel25c-4,250320,Holofoil,192.04,168.67,217.98,2999.99,214.94
2026-05-19,gym2-2,83861,1st Edition Holofoil,894.61,969.69,1499.99,2140.0,
2026-05-19,gym2-2,83861,Unlimited Holofoil,521.82,440.0,568.93,1201.29,499.99
2026-05-19,neo1-9,86903,1st Edition Holofoil,1299.96,1899.99,5950.0,10000.0,1899.99
2026-05-19,neo1-9,86903,Unlimited Holofoil,491.32,367.26,442.25,584.0,
2026-05-19,sl-151-bundle,502000,Normal,203.73,189.0,247.5,2999.99,
2026-05-19,sl-151-etb,503313,Normal,675.1,649.99,869.99,1500.0,
2026-05-19,sl-151-upc,502005,Normal,1259.82,1142.03,1439.0,40000.0,
2026-05-19,sl-ar-box,265519,Normal,399.86,430.0,483.12,900.0,
2026-05-19,sl-bs-box,256141,Normal,602.16,600.0,745.0,5000.0,
2026-05-19,sl-cel-upc,245140,Normal,1232.64,1379.97,1983.84,200000.0,
2026-05-19,sl-champ-etb,218791,Normal,232.81,232.81,286.84,650.0,
2026-05-19,sl-cz-etb,453470,Normal,325.34,329.99,450.0,1000.0,
2026-05-19,sl-dr-box,624679,Normal,637.88,644.0,699.0,2185.0,
2026-05-19,sl-evs-box,242436,Normal,2662.28,2550.0,3399.99,12000.0,
2026-05-19,sl-evs-etb,243721,Normal,913.46,1270.0,1499.98,3499.98,
2026-05-19,sl-fs-box,247654,Normal,1125.43,1150.0,1499.99,3000.0,
2026-05-19,sl-hf-etb,194729,Normal,544.91,520.0,649.95,1000.0,
2026-05-19,sl-jp-151,565243,Normal,365.16,395.99,439.49,599.99,
2026-05-19,sl-jp-terastal,603428,Normal,132.78,99.99,150.0,250.0,
2026-05-19,sl-jt-box,610931,Normal,294.17,293.53,324.95,558.43,
2026-05-19,sl-lo-box,277324,Normal,829.15,825.0,999.0,2500.0,
2026-05-19,sl-me1-box,644298,Normal,342.28,300.0,340.0,999.99,
2026-05-19,sl-obf-box,501257,Normal,372.8,360.0,427.5,1000.0,
2026-05-19,sl-pe-etb,593355,Normal,167.7,155.01,199.99,1719.5,
2026-05-19,sl-pe-spc,622770,Normal,294.71,290.0,380.0,1500.0,
2026-05-19,sl-pf-etb,528040,Normal,557.96,503.0,598.88,800.0,
2026-05-19,sl-phf-box,654137,Normal,468.63,440.0,549.97,1000.0,
2026-05-19,sl-shf-etb,228821,Normal,162.54,134.74,216.19,500.11,
2026-05-19,sl-ss-box,565606,Normal,278.35,255.75,324.94,4999.99,
2026-05-19,sl-st-box,283389,Normal,511.76,499.99,650.0,1000.0,
2026-05-19,sl-tf-box,536225,Normal,319.71,318.0,349.99,500.0,
2026-05-19,sv2-185,497557,Normal,0.29,0.01,0.32,501.5,0.14
2026-05-19,sv2-185,497557,Reverse Holofoil,0.58,0.2,0.75,18.5,1.32
2026-05-19,sv2-254,497669,Holofoil,11.14,8.9,12.84,112.36,11.1
2026-05-19,sv2-269,497689,Holofoil,61.35,50.0,78.46,527.48,79.9
2026-05-19,sv3pt5-151,516566,Holofoil,10.13,5.99,9.77,100.0,14.23
2026-05-19,sv3pt5-199,517045,Holofoil,451.09,379.95,486.5,1000.0,389.88
2026-05-19,sv3pt5-205,517051,Holofoil,41.7,26.0,43.39,215.45,33.37
2026-05-19,sv3pt5-4,502555,Normal,0.25,0.01,0.24,20.0,0.1
2026-05-19,sv3pt5-4,502555,Reverse Holofoil,0.4,0.1,0.4,19.97,0.38
2026-05-19,sv3pt5-6,502558,Holofoil,11.37,4.98,11.2,87.18,17.1
2026-05-19,sv3pt5-7,502548,Normal,0.24,0.03,0.25,19.62,0.2
2026-05-19,sv3pt5-7,502548,Reverse Holofoil,0.38,0.09,0.37,1000.36,0.25
2026-05-19,sv4pt5-234,535090,Holofoil,335.64,271.05,390.0,1678.2,377.99
2026-05-19,sv4pt5-54,534416,Holofoil,4.62,3.68,5.17,60.0,4.67
2026-05-19,sv8-57,590025,Holofoil,4.48,1.5,4.99,96.95,5.6
2026-05-19,sv8pt5-149,610504,Holofoil,281.11,278.99,410.0,2000.0,
2026-05-19,sv8pt5-155,610510,Holofoil,321.24,250.0,349.99,999.0,
2026-05-19,sv8pt5-156,610511,Holofoil,428.3,362.98,537.75,999.0,799.5
2026-05-19,sv8pt5-161,610516,Holofoil,1477.64,1308.24,1776.39,5000.0,1775.0
2026-05-19,sv8pt5-167,610522,Holofoil,185.86,137.25,202.76,9999.0,219.98
2026-05-19,sv8pt5-179,610534,Holofoil,66.6,60.0,89.99,999.0,
2026-05-19,sv8pt5-28,610383,Holofoil,2.27,1.35,2.75,999.0,
2026-05-19,sv8pt5-47,610402,Normal,0.08,0.01,0.12,999.0,0.01
2026-05-19,sv8pt5-47,610402,Reverse Holofoil,0.14,0.01,0.17,999.0,0.04
2026-05-19,sv8pt5-59,610414,Holofoil,0.4,0.02,0.4,99999.99,0.61
2026-05-19,sv8pt5-59,610414,Reverse Holofoil,0.41,0.1,0.47,999.0,
2026-05-19,sv8pt5-60,610415,Holofoil,6.56,5.0,7.0,5000.0,19.97
2026-05-19,svp-085,518861,Normal,976.78,959.99,1400.0,6999.65,3999.99
2026-05-19,swsh11-186,284137,Holofoil,823.75,820.99,1205.68,4118.75,999.99
2026-05-19,swsh12-186,451834,Holofoil,474.88,449.95,561.99,3761.57,489.99
2026-05-19,swsh12pt5gg-GG69,478100,Holofoil,268.82,279.94,354.75,1865.06,299.99
2026-05-19,swsh35-25,223018,Normal,0.23,0.04,0.23,19.98,
2026-05-19,swsh35-25,223018,Reverse Holofoil,0.33,0.1,0.33,19.98,
2026-05-19,swsh35-74,223073,Holofoil,187.68,175.0,249.99,2300.0,224.49
2026-05-19,swsh45sv-SV107,232496,Holofoil,156.96,144.99,189.3,349.95,199.97
2026-05-19,swsh7-204,246693,Holofoil,34.41,30.0,43.87,289.9,48.2
2026-05-19,swsh7-205,246696,Holofoil,366.46,299.71,399.99,599.69,417.59
2026-05-19,swsh7-208,246755,Holofoil,36.6,30.0,45.7,270.1,45.84
2026-05-19,swsh7-209,246756,Holofoil,277.79,265.97,360.0,499.69,287.99
2026-05-19,swsh7-211,246702,Holofoil,53.8,53.48,55.95,450.0,73.2
2026-05-19,swsh7-212,246704,Holofoil,371.69,397.79,599.67,4249.73,599.67
2026-05-19,swsh7-215,246723,Holofoil,2005.12,2199.99,2899.0,6000.0,2499.99
2026-05-19,swsh7-218,246733,Holofoil,856.0,899.99,1199.65,1749.0,1199.58
2026-05-19,swsh7-41,246753,Holofoil,8.52,5.99,8.99,25.0,10.25
2026-05-19,swsh7-65,246690,Holofoil,15.64,12.08,16.15,512.01,18.25
2026-05-19,swsh7-75,246701,Holofoil,17.87,15.0,19.99,141.86,25.55
2026-05-19,swsh7-8,246691,Holofoil,8.89,5.01,9.96,507.17,9.48
2026-05-19,swsh8-271,253266,Holofoil,872.48,800.0,999.98,2749.99,899.99
2026-05-19,swsh9-154,263873,Holofoil,352.64,289.75,400.0,1500.0,289.75
2026-05-20,base1-15,42355,Holofoil,147.28,100.0,157.86,1085.96,249.98
2026-05-20,base1-16,42356,Holofoil,54.55,26.0,45.34,129.99,119.99
2026-05-20,base1-2,42360,Holofoil,213.91,171.29,314.5,1585.1,974.99
2026-05-20,base1-4,42382,Holofoil,595.18,499.0,699.95,1500.0,1499.1
2026-05-20,base1-58,42402,Normal,6.99,1.44,5.0,9999.0,19.97
2026-05-20,cel25c-4,250320,Holofoil,192.04,168.67,216.62,2999.99,194.0
2026-05-20,gym2-2,83861,1st Edition Holofoil,894.61,969.69,1499.99,2140.0,
2026-05-20,gym2-2,83861,Unlimited Holofoil,521.82,440.0,568.93,1201.29,499.99
2026-05-20,neo1-9,86903,1st Edition Holofoil,1299.96,1899.99,5950.0,10000.0,1899.99
2026-05-20,neo1-9,86903,Unlimited Holofoil,496.14,367.26,453.08,619.04,
2026-05-20,sl-151-bundle,502000,Normal,199.06,190.0,247.5,2999.99,
2026-05-20,sl-151-etb,503313,Normal,668.9,680.0,869.99,1500.0,
2026-05-20,sl-151-upc,502005,Normal,1259.82,1000.0,1456.25,40000.0,
2026-05-20,sl-ar-box,265519,Normal,399.86,425.0,478.62,900.0,
2026-05-20,sl-bs-box,256141,Normal,602.16,600.0,742.5,5000.0,
2026-05-20,sl-cel-upc,245140,Normal,1232.64,1379.97,1983.84,200000.0,
2026-05-20,sl-champ-etb,218791,Normal,236.76,234.99,384.84,650.0,
2026-05-20,sl-cz-etb,453470,Normal,328.65,317.0,450.0,1000.0,
2026-05-20,sl-dr-box,624679,Normal,634.0,645.0,699.5,2185.0,
2026-05-20,sl-evs-box,242436,Normal,2656.22,2550.0,3350.0,12000.0,
2026-05-20,sl-evs-etb,243721,Normal,913.46,1270.0,1499.98,3499.98,
2026-05-20,sl-fs-box,247654,Normal,1125.43,1100.0,1399.0,3000.0,
2026-05-20,sl-hf-etb,194729,Normal,544.91,514.98,649.95,1000.0,
2026-05-20,sl-jp-151,565243,Normal,364.17,340.0,420.0,599.99,
2026-05-20,sl-jp-terastal,603428,Normal,133.8,99.99,150.0,250.0,
2026-05-20,sl-jt-box,610931,Normal,294.57,293.53,322.48,558.43,
2026-05-20,sl-lo-box,277324,Normal,825.55,820.0,999.0,2500.0,
2026-05-20,sl-me1-box,644298,Normal,342.28,315.0,339.99,999.99,
2026-05-20,sl-obf-box,501257,Normal,373.72,360.0,427.5,1000.0,
2026-05-20,sl-pe-etb,593355,Normal,166.49,155.01,199.99,1719.5,
2026-05-20,sl-pe-spc,622770,Normal,279.99,284.55,382.5,1500.0,
2026-05-20,sl-pf-etb,528040,Normal,557.96,503.0,594.44,800.0,
2026-05-20,sl-phf-box,654137,Normal,463.79,454.0,550.0,1000.0,
2026-05-20,sl-shf-etb,228821,Normal,162.15,134.74,208.1,500.11,
2026-05-20,sl-ss-box,565606,Normal,270.1,255.75,322.47,4999.99,
2026-05-20,sl-st-box,283389,Normal,512.36,499.99,635.49,1000.0,
2026-05-20,sl-tf-box,536225,Normal,320.75,320.0,359.5,500.0,
2026-05-20,sv2-185,497557,Normal,0.28,0.01,0.31,501.5,0.14
2026-05-20,sv2-185,497557,Reverse Holofoil,0.55,0.25,0.75,18.48,1.3
2026-05-20,sv2-254,497669,Holofoil,10.9,8.9,12.76,112.34,10.19
2026-05-20,sv2-269,497689,Holofoil,61.03,50.0,79.92,527.46,79.9
2026-05-20,sv3pt5-151,516566,Holofoil,9.32,5.99,9.5,100.0,9.42
2026-05-20,sv3pt5-199,517045,Holofoil,454.29,379.69,479.99,1000.0,420.0
2026-05-20,sv3pt5-205,517051,Holofoil,38.58,26.0,40.18,205.2,33.37
2026-05-20,sv3pt5-4,502555,Normal,0.22,0.01,0.24,99999.99,0.1
2026-05-20,sv3pt5-4,502555,Reverse Holofoil,0.44,0.1,0.42,99999.99,0.32
2026-05-20,sv3pt5-6,502558,Holofoil,10.85,4.98,11.12,87.18,11.02
2026-05-20,sv3pt5-7,502548,Normal,0.25,0.03,0.25,19.62,
2026-05-20,sv3pt5-7,502548,Reverse Holofoil,0.39,0.08,0.38,1000.36,0.24
2026-05-20,sv4pt5-234,535090,Holofoil,334.84,271.05,387.5,1678.2,377.99
2026-05-20,sv4pt5-54,534416,Holofoil,4.98,3.67,5.2,60.0,5.02
2026-05-20,sv8-57,590025,Holofoil,5.01,1.5,5.0,96.95,6.49
2026-05-20,sv8pt5-149,610504,Holofoil,280.27,279.0,410.0,2000.0,
2026-05-20,sv8pt5-155,610510,Holofoil,321.24,250.0,387.5,999.0,
2026-05-20,sv8pt5-156,610511,Holofoil,430.1,362.98,540.0,999.0,798.69
2026-05-20,sv8pt5-161,610516,Holofoil,1429.68,1308.24,1777.77,5000.0,1775.0
2026-05-20,sv8pt5-167,610522,Holofoil,181.44,135.53,202.76,9999.0,218.99
2026-05-20,sv8pt5-179,610534,Holofoil,68.1,60.0,89.99,999.0,
2026-05-20,sv8pt5-28,610383,Holofoil,2.35,1.35,2.75,999.0,
2026-05-20,sv8pt5-47,610402,Normal,0.05,0.01,0.12,999.0,0.01
2026-05-20,sv8pt5-47,610402,Reverse Holofoil,0.13,0.01,0.17,999.0,0.04
2026-05-20,sv8pt5-59,610414,Holofoil,0.4,0.02,0.4,99999.99,0.21
2026-05-20,sv8pt5-59,610414,Reverse Holofoil,0.4,0.1,0.45,999.0,0.41
2026-05-20,sv8pt5-60,610415,Holofoil,6.76,4.67,7.19,5000.0,19.99
2026-05-20,svp-085,518861,Normal,975.78,959.99,1449.99,6999.63,1999.99
2026-05-20,swsh11-186,284137,Holofoil,823.75,820.99,1386.93,4118.75,999.99
2026-05-20,swsh12-186,451834,Holofoil,477.6,449.46,561.99,3761.57,489.99
2026-05-20,swsh12pt5gg-GG69,478100,Holofoil,278.14,259.94,362.48,1865.06,269.99
2026-05-20,swsh35-25,223018,Normal,0.23,0.04,0.23,19.98,
2026-05-20,swsh35-25,223018,Reverse Holofoil,0.33,0.1,0.33,19.98,
2026-05-20,swsh35-74,223073,Holofoil,186.07,175.0,249.99,2300.0,224.49
2026-05-20,swsh45sv-SV107,232496,Holofoil,156.96,144.99,188.65,349.95,199.97
2026-05-20,swsh7-204,246693,Holofoil,34.41,30.0,40.0,289.9,39.74
2026-05-20,swsh7-205,246696,Holofoil,366.46,299.71,397.61,599.69,375.24
2026-05-20,swsh7-208,246755,Holofoil,36.6,30.0,45.7,270.1,45.84
2026-05-20,swsh7-209,246756,Holofoil,277.79,265.97,360.0,499.69,287.99
2026-05-20,swsh7-211,246702,Holofoil,54.09,47.5,56.43,450.0,73.44
2026-05-20,swsh7-212,246704,Holofoil,371.69,397.79,599.67,4249.73,420.99
2026-05-20,swsh7-215,246723,Holofoil,2086.96,2199.99,2849.5,6000.0,2499.99
2026-05-20,swsh7-218,246733,Holofoil,869.58,899.99,1199.67,1749.0,1199.58
2026-05-20,swsh7-41,246753,Holofoil,8.55,5.99,9.12,25.0,8.31
2026-05-20,swsh7-65,246690,Holofoil,15.23,11.48,16.07,999.0,18.25
2026-05-20,swsh7-75,246701,Holofoil,17.32,15.0,19.99,999.0,25.55
2026-05-20,swsh7-8,246691,Holofoil,9.05,5.01,10.25,507.17,13.99
2026-05-20,swsh8-271,253266,Holofoil,893.78,750.0,999.49,2749.99,899.99
2026-05-20,swsh9-154,263873,Holofoil,352.68,289.75,400.0,1500.0,289.75
2026-05-21,base1-15,42355,Holofoil,147.28,100.0,157.86,1085.92,189.99
2026-05-21,base1-16,42356,Holofoil,54.32,26.0,45.67,129.99,69.99
2026-05-21,base1-2,42360,Holofoil,213.91,149.99,307.5,1585.1,974.99
2026-05-21,base1-4,42382,Holofoil,595.18,505.55,699.97,1500.0,1499.1
2026-05-21,base1-58,42402,Normal,7.2,1.44,5.0,9999.0,10.78
2026-05-21,cel25c-4,250320,Holofoil,192.04,160.28,212.03,2999.99,160.28
2026-05-21,gym2-2,83861,1st Edition Holofoil,894.61,969.69,1499.99,2140.0,
2026-05-21,gym2-2,83861,Unlimited Holofoil,521.82,440.0,597.91,1499.99,499.99
2026-05-21,neo1-9,86903,1st Edition Holofoil,1299.96,1899.99,5950.0,10000.0,1899.99
2026-05-21,neo1-9,86903,Unlimited Holofoil,496.14,389.3,491.87,618.76,
2026-05-21,sl-151-bundle,502000,Normal,196.22,185.0,247.75,2999.99,
2026-05-21,sl-151-etb,503313,Normal,675.62,648.99,788.89,1500.0,
2026-05-21,sl-151-upc,502005,Normal,1263.82,1125.99,1473.5,35000.0,
2026-05-21,sl-ar-box,265519,Normal,399.86,420.0,476.0,900.0,
2026-05-21,sl-bs-box,256141,Normal,602.2,600.0,740.0,5000.0,
2026-05-21,sl-cel-upc,245140,Normal,1239.88,1300.0,1969.69,200000.0,
2026-05-21,sl-champ-etb,218791,Normal,240.56,240.56,469.69,650.0,
2026-05-21,sl-cz-etb,453470,Normal,329.13,329.99,445.0,1000.0,
2026-05-21,sl-dr-box,624679,Normal,639.16,620.0,699.0,2185.0,
2026-05-21,sl-evs-box,242436,Normal,2674.18,2550.0,3399.99,12000.0,
2026-05-21,sl-evs-etb,243721,Normal,913.46,1270.0,1499.98,3499.98,
2026-05-21,sl-fs-box,247654,Normal,1133.76,1100.0,1425.0,3000.0,
2026-05-21,sl-hf-etb,194729,Normal,544.51,520.0,649.98,1000.0,
2026-05-21,sl-jp-151,565243,Normal,365.89,332.99,400.0,599.99,
2026-05-21,sl-jp-terastal,603428,Normal,134.04,99.99,150.0,250.0,
2026-05-21,sl-jt-box,610931,Normal,297.91,293.53,329.98,558.43,
2026-05-21,sl-lo-box,277324,Normal,826.75,814.0,999.0,2500.0,
2026-05-21,sl-me1-box,644298,Normal,343.8,315.0,340.0,999.99,
2026-05-21,sl-obf-box,501257,Normal,374.92,360.0,429.99,1000.0,
2026-05-21,sl-pe-etb,593355,Normal,164.82,148.0,199.99,1719.5,
2026-05-21,sl-pe-spc,622770,Normal,296.77,284.55,387.49,1500.0,
2026-05-21,sl-pf-etb,528040,Normal,555.48,503.0,598.88,800.0,
2026-05-21,sl-phf-box,654137,Normal,463.14,400.0,500.05,1000.0,
2026-05-21,sl-shf-etb,228821,Normal,162.75,134.74,200.0,500.11,
2026-05-21,sl-ss-box,565606,Normal,273.09,268.55,320.0,4999.99,
2026-05-21,sl-st-box,283389,Normal,519.36,519.36,675.0,1000.0,
2026-05-21,sl-tf-box,536225,Normal,320.75,320.0,359.5,500.0,
2026-05-21,sv2-185,497557,Normal,0.26,0.01,0.31,501.5,0.15
2026-05-21,sv2-185,497557,Reverse Holofoil,0.56,0.25,0.75,18.44,0.96
2026-05-21,sv2-254,497669,Holofoil,10.54,9.0,12.64,112.3,10.19
2026-05-21,sv2-269,497689,Holofoil,60.63,50.0,79.92,527.42,65.2
2026-05-21,sv3pt5-151,516566,Holofoil,9.01,5.99,9.53,100.0,9.08
2026-05-21,sv3pt5-199,517045,Holofoil,456.12,379.69,477.5,1000.0,390.49
2026-05-21,sv3pt5-205,517051,Holofoil,38.09,26.61,40.0,189.75,34.13
2026-05-21,sv3pt5-4,502555,Normal,0.16,0.01,0.22,20.0,0.16
2026-05-21,sv3pt5-4,502555,Reverse Holofoil,0.45,0.1,0.42,19.97,0.69
2026-05-21,sv3pt5-6,502558,Holofoil,9.98,4.98,11.0,87.18,13.54
2026-05-21,sv3pt5-7,502548,Normal,0.24,0.03,0.25,19.58,0.14
2026-05-21,sv3pt5-7,502548,Reverse Holofoil,0.32,0.08,0.36,1000.36,0.25
2026-05-21,sv4pt5-234,535090,Holofoil,334.99,271.0,384.3,1674.95,377.99
2026-05-21,sv4pt5-54,534416,Holofoil,4.87,3.49,5.2,60.0,5.02
2026-05-21,sv8-57,590025,Holofoil,4.87,1.5,5.0,96.95,6.21
2026-05-21,sv8pt5-149,610504,Holofoil,280.27,278.0,410.0,2000.0,
2026-05-21,sv8pt5-155,610510,Holofoil,325.28,251.0,371.1,999.0,
2026-05-21,sv8pt5-156,610511,Holofoil,430.1,362.98,540.25,999.0,798.69
2026-05-21,sv8pt5-161,610516,Holofoil,1444.56,1555.33,1849.49,5000.0,1775.0
2026-05-21,sv8pt5-167,610522,Holofoil,181.44,157.45,205.49,3009.8,217.99
2026-05-21,sv8pt5-179,610534,Holofoil,69.12,60.0,94.95,999.0,
2026-05-21,sv8pt5-28,610383,Holofoil,2.53,1.4,2.75,999.0,
2026-05-21,sv8pt5-47,610402,Normal,0.05,0.01,0.12,999.0,0.01
2026-05-21,sv8pt5-47,610402,Reverse Holofoil,0.13,0.01,0.17,999.0,0.04
2026-05-21,sv8pt5-59,610414,Holofoil,0.32,0.02,0.4,999.0,0.18
2026-05-21,sv8pt5-59,610414,Reverse Holofoil,0.58,0.1,0.47,999.0,0.47
2026-05-21,sv8pt5-60,610415,Holofoil,7.52,5.0,7.45,5000.0,20.0
2026-05-21,svp-085,518861,Normal,975.78,989.99,1449.99,6999.59,1999.95
2026-05-21,swsh11-186,284137,Holofoil,823.75,820.99,1350.0,4118.75,999.99
2026-05-21,swsh12-186,451834,Holofoil,477.6,449.95,594.0,3761.57,489.99
2026-05-21,swsh12pt5gg-GG69,478100,Holofoil,300.82,297.0,441.41,1865.06,384.95
2026-05-21,swsh35-25,223018,Normal,0.23,0.04,0.23,19.98,
2026-05-21,swsh35-25,223018,Reverse Holofoil,0.32,0.1,0.33,19.98,
2026-05-21,swsh35-74,223073,Holofoil,186.07,175.0,245.94,2300.0,224.49
2026-05-21,swsh45sv-SV107,232496,Holofoil,156.96,144.99,188.35,349.95,160.01
2026-05-21,swsh7-204,246693,Holofoil,34.8,30.0,40.0,289.9,48.8
2026-05-21,swsh7-205,246696,Holofoil,371.78,339.99,400.0,599.69,550.69
2026-05-21,swsh7-208,246755,Holofoil,36.6,30.0,45.7,270.1,45.83
2026-05-21,swsh7-209,246756,Holofoil,282.92,265.97,373.58,499.69,287.99
2026-05-21,swsh7-211,246702,Holofoil,54.96,53.55,66.08,450.0,110.89
2026-05-21,swsh7-212,246704,Holofoil,371.69,397.79,599.67,4249.73,420.99
2026-05-21,swsh7-215,246723,Holofoil,2145.0,2010.48,2799.5,6000.0,2499.99
2026-05-21,swsh7-218,246733,Holofoil,869.58,899.99,1199.62,1749.0,1199.58
2026-05-21,swsh7-41,246753,Holofoil,8.22,5.99,9.38,25.0,10.25
2026-05-21,swsh7-65,246690,Holofoil,15.35,12.08,16.13,999.0,17.65
2026-05-21,swsh7-75,246701,Holofoil,17.76,15.0,19.92,999.0,26.98
2026-05-21,swsh7-8,246691,Holofoil,9.11,5.01,10.49,507.17,14.95
2026-05-21,swsh8-271,253266,Holofoil,888.48,837.69,999.98,2749.99,899.99
2026-05-21,swsh9-154,263873,Holofoil,352.68,289.75,400.0,1500.0,289.75
2026-05-22,base1-15,42355,Holofoil,147.28,101.25,154.92,1085.9,249.98
2026-05-22,base1-16,42356,Holofoil,54.32,26.0,45.0,129.99,119.99
2026-05-22,base1-2,42360,Holofoil,218.65,149.99,235.0,1585.1,974.99
2026-05-22,base1-4,42382,Holofoil,595.18,505.55,699.97,1500.0,1499.1
2026-05-22,base1-58,42402,Normal,7.39,1.44,5.0,99999.99,3.96
2026-05-22,cel25c-4,250320,Holofoil,192.04,165.25,211.31,2999.99,176.31
2026-05-22,gym2-2,83861,1st Edition Holofoil,894.61,1499.99,1820.0,2140.0,
2026-05-22,gym2-2,83861,Unlimited Holofoil,521.82,440.0,597.91,1499.99,499.99
2026-05-22,neo1-9,86903,1st Edition Holofoil,1299.96,1899.99,5950.0,10000.0,1899.99
2026-05-22,neo1-9,86903,Unlimited Holofoil,496.14,389.3,491.87,618.76,
2026-05-22,sl-151-bundle,502000,Normal,195.33,185.99,248.41,2999.99,
2026-05-22,sl-151-etb,503313,Normal,673.78,629.99,763.89,1500.0,
2026-05-22,sl-151-upc,502005,Normal,1263.82,1111.11,1473.5,35000.0,
2026-05-22,sl-ar-box,265519,Normal,402.82,424.0,478.62,900.0,
2026-05-22,sl-bs-box,256141,Normal,602.2,600.0,740.0,5000.0,
2026-05-22,sl-cel-upc,245140,Normal,1247.71,1300.0,1969.69,200000.0,
2026-05-22,sl-champ-etb,218791,Normal,240.63,250.0,434.84,650.0,
2026-05-22,sl-cz-etb,453470,Normal,331.38,308.99,445.0,1000.0,
2026-05-22,sl-dr-box,624679,Normal,646.12,620.0,698.99,2185.0,
2026-05-22,sl-evs-box,242436,Normal,2674.18,2549.99,3300.0,12000.0,
2026-05-22,sl-evs-etb,243721,Normal,913.46,1270.0,1499.98,3499.98,
2026-05-22,sl-fs-box,247654,Normal,1119.72,1100.0,1462.5,3000.0,
2026-05-22,sl-hf-etb,194729,Normal,548.66,520.0,649.98,1000.0,
2026-05-22,sl-jp-151,565243,Normal,364.6,340.0,400.0,599.99,
2026-05-22,sl-jp-terastal,603428,Normal,134.24,99.99,149.75,250.0,
2026-05-22,sl-jt-box,610931,Normal,298.15,293.53,335.0,558.43,
2026-05-22,sl-lo-box,277324,Normal,826.75,814.0,999.0,2500.0,
2026-05-22,sl-me1-box,644298,Normal,343.8,315.0,341.97,999.99,
2026-05-22,sl-obf-box,501257,Normal,375.41,352.68,449.99,1000.0,
2026-05-22,sl-pe-etb,593355,Normal,164.02,159.0,199.99,1719.5,
2026-05-22,sl-pe-spc,622770,Normal,297.13,285.99,389.99,1500.0,
2026-05-22,sl-pf-etb,528040,Normal,555.48,499.99,589.62,800.0,
2026-05-22,sl-phf-box,654137,Normal,464.13,400.0,500.0,1000.0,
2026-05-22,sl-shf-etb,228821,Normal,163.15,134.74,208.1,500.11,
2026-05-22,sl-ss-box,565606,Normal,268.66,260.0,320.0,4999.99,
2026-05-22,sl-st-box,283389,Normal,519.36,549.99,699.99,1000.0,
2026-05-22,sl-tf-box,536225,Normal,323.63,320.0,359.5,500.0,
2026-05-22,sv2-185,497557,Normal,0.25,0.01,0.3,501.5,0.15
2026-05-22,sv2-185,497557,Reverse Holofoil,0.56,0.25,0.75,18.42,0.86
2026-05-22,sv2-254,497669,Holofoil,10.67,8.9,12.59,112.28,10.19
2026-05-22,sv2-269,497689,Holofoil,61.01,50.0,80.25,527.4,79.9
2026-05-22,sv3pt5-151,516566,Holofoil,8.36,5.99,9.23,100.0,11.2
2026-05-22,sv3pt5-199,517045,Holofoil,488.66,379.69,475.0,1000.0,390.49
2026-05-22,sv3pt5-205,517051,Holofoil,36.79,26.61,40.12,189.05,29.74
2026-05-22,sv3pt5-4,502555,Normal,0.14,0.01,0.21,99999.99,0.03
2026-05-22,sv3pt5-4,502555,Reverse Holofoil,0.41,0.1,0.4,99999.99,0.68
2026-05-22,sv3pt5-6,502558,Holofoil,10.13,4.98,10.99,87.18,13.54
2026-05-22,sv3pt5-7,502548,Normal,0.21,0.03,0.25,19.56,0.14
2026-05-22,sv3pt5-7,502548,Reverse Holofoil,0.28,0.08,0.35,1000.36,0.25
2026-05-22,sv4pt5-234,535090,Holofoil,334.99,271.0,382.72,1674.95,358.0
2026-05-22,sv4pt5-54,534416,Holofoil,4.69,3.5,5.19,60.0,4.89
2026-05-22,sv8-57,590025,Holofoil,4.7,3.5,5.0,96.95,4.65
2026-05-22,sv8pt5-149,610504,Holofoil,280.27,278.0,410.0,2000.0,
2026-05-22,sv8pt5-155,610510,Holofoil,325.28,300.0,349.99,999.0,
2026-05-22,sv8pt5-156,610511,Holofoil,436.4,362.98,540.49,999.0,798.69
2026-05-22,sv8pt5-161,610516,Holofoil,1494.52,1555.33,1849.49,5000.0,1775.0
2026-05-22,sv8pt5-167,610522,Holofoil,183.72,157.45,200.99,3009.8,217.99
2026-05-22,sv8pt5-179,610534,Holofoil,69.05,60.0,86.71,999.0,74.49
2026-05-22,sv8pt5-28,610383,Holofoil,2.46,1.4,2.79,999.0,
2026-05-22,sv8pt5-47,610402,Normal,0.04,0.01,0.12,999.0,0.01
2026-05-22,sv8pt5-47,610402,Reverse Holofoil,0.14,0.01,0.17,999.0,0.04
2026-05-22,sv8pt5-59,610414,Holofoil,0.28,0.02,0.38,99999.99,0.17
2026-05-22,sv8pt5-59,610414,Reverse Holofoil,0.6,0.1,0.5,999.0,0.5
2026-05-22,sv8pt5-60,610415,Holofoil,6.7,5.0,7.5,5000.0,7.99
2026-05-22,svp-085,518861,Normal,975.78,971.25,1400.0,6999.57,1999.95
2026-05-22,swsh11-186,284137,Holofoil,823.75,820.99,1285.69,4118.75,999.99
2026-05-22,swsh12-186,451834,Holofoil,480.32,449.95,561.99,3761.57,489.99
2026-05-22,swsh12pt5gg-GG69,478100,Holofoil,307.76,349.0,449.44,1865.06,384.95
2026-05-22,swsh35-25,223018,Normal,0.23,0.04,0.23,19.98,
2026-05-22,swsh35-25,223018,Reverse Holofoil,0.28,0.1,0.31,19.98,
2026-05-22,swsh35-74,223073,Holofoil,189.78,175.0,249.69,2300.0,224.66
2026-05-22,swsh45sv-SV107,232496,Holofoil,160.48,144.99,187.2,349.95,160.01
2026-05-22,swsh7-204,246693,Holofoil,34.8,30.0,40.01,289.9,48.8
2026-05-22,swsh7-205,246696,Holofoil,371.78,339.99,400.0,599.69,557.48
2026-05-22,swsh7-208,246755,Holofoil,36.6,30.0,45.7,270.1,45.83
2026-05-22,swsh7-209,246756,Holofoil,283.7,265.97,378.16,499.69,287.99
2026-05-22,swsh7-211,246702,Holofoil,54.96,53.55,59.67,450.0,110.89
2026-05-22,swsh7-212,246704,Holofoil,375.91,397.79,599.67,4249.73,599.67
2026-05-22,swsh7-215,246723,Holofoil,2171.0,2099.28,2799.0,6000.0,2799.0
2026-05-22,swsh7-218,246733,Holofoil,945.36,899.99,1199.65,1749.0,1199.65
2026-05-22,swsh7-41,246753,Holofoil,7.9,5.96,8.99,25.0,10.25
2026-05-22,swsh7-65,246690,Holofoil,15.29,12.08,16.23,512.01,17.65
2026-05-22,swsh7-75,246701,Holofoil,18.16,14.58,19.95,141.86,18.0
2026-05-22,swsh7-8,246691,Holofoil,9.15,5.01,10.18,507.17,14.95
2026-05-22,swsh8-271,253266,Holofoil,888.48,837.69,999.98,2749.99,899.99
2026-05-22,swsh9-154,263873,Holofoil,352.68,289.75,400.0,1500.0,289.75
2026-05-23,base1-15,42355,Holofoil,147.28,101.25,157.86,1085.88,249.98
2026-05-23,base1-16,42356,Holofoil,53.95,26.0,45.02,376.0,79.99
2026-05-23,base1-2,42360,Holofoil,220.81,156.8,249.99,1585.1,974.99
2026-05-23,base1-4,42382,Holofoil,595.18,505.0,699.97,1500.0,1499.1
2026-05-23,base1-58,42402,Normal,7.35,1.44,5.0,9999.0,
2026-05-23,cel25c-4,250320,Holofoil,192.04,164.26,214.35,2999.99,192.04
2026-05-23,gym2-2,83861,1st Edition Holofoil,894.61,1499.99,1820.0,2140.0,
2026-05-23,gym2-2,83861,Unlimited Holofoil,521.82,440.0,598.96,1499.99,499.99
2026-05-23,neo1-9,86903,1st Edition Holofoil,1299.96,1899.99,5950.0,10000.0,1899.99
2026-05-23,neo1-9,86903,Unlimited Holofoil,496.14,389.3,491.87,618.76,
2026-05-23,sl-151-bundle,502000,Normal,195.85,187.0,245.0,2999.99,
2026-05-23,sl-151-etb,503313,Normal,672.82,629.99,763.89,1500.0,
2026-05-23,sl-151-upc,502005,Normal,1263.82,1100.98,1439.0,35000.0,
2026-05-23,sl-ar-box,265519,Normal,402.82,420.0,478.62,900.0,
2026-05-23,sl-bs-box,256141,Normal,602.2,600.0,740.0,5000.0,
2026-05-23,sl-cel-upc,245140,Normal,1252.72,1300.0,1969.69,200000.0,
2026-05-23,sl-champ-etb,218791,Normal,240.79,250.0,339.97,650.0,
2026-05-23,sl-cz-etb,453470,Normal,330.18,308.99,445.0,1000.0,
2026-05-23,sl-dr-box,624679,Normal,644.4,620.0,676.53,2185.0,
2026-05-23,sl-evs-box,242436,Normal,2674.18,2550.0,3199.5,12000.0,
2026-05-23,sl-evs-etb,243721,Normal,913.46,1270.0,1499.98,3499.98,
2026-05-23,sl-fs-box,247654,Normal,1119.72,1100.0,1425.0,3000.0,
2026-05-23,sl-hf-etb,194729,Normal,548.66,535.0,649.95,1000.0,
2026-05-23,sl-jp-151,565243,Normal,362.8,340.0,400.0,599.99,
2026-05-23,sl-jp-terastal,603428,Normal,133.13,99.99,148.25,250.0,
2026-05-23,sl-jt-box,610931,Normal,298.95,293.53,349.98,558.43,
2026-05-23,sl-lo-box,277324,Normal,770.19,810.0,999.0,2500.0,
2026-05-23,sl-me1-box,644298,Normal,343.8,315.0,341.97,999.99,
2026-05-23,sl-obf-box,501257,Normal,376.03,352.68,449.98,1000.0,
2026-05-23,sl-pe-etb,593355,Normal,162.46,158.0,200.0,1719.5,
2026-05-23,sl-pe-spc,622770,Normal,292.16,289.95,390.0,1500.0,
2026-05-23,sl-pf-etb,528040,Normal,552.96,499.99,589.81,800.0,
2026-05-23,sl-phf-box,654137,Normal,466.47,400.0,499.99,1000.0,
2026-05-23,sl-shf-etb,228821,Normal,162.95,134.74,200.0,500.11,
2026-05-23,sl-ss-box,565606,Normal,274.39,259.99,319.99,4999.99,
2026-05-23,sl-st-box,283389,Normal,521.66,549.99,699.99,1000.0,
2026-05-23,sl-tf-box,536225,Normal,325.95,320.0,359.5,500.0,
2026-05-23,sv2-185,497557,Normal,0.26,0.01,0.3,501.5,
2026-05-23,sv2-185,497557,Reverse Holofoil,0.61,0.25,0.75,18.4,0.96
2026-05-23,sv2-254,497669,Holofoil,10.74,8.9,12.58,112.26,9.24
2026-05-23,sv2-269,497689,Holofoil,61.06,50.0,80.52,937.1,79.9
2026-05-23,sv3pt5-151,516566,Holofoil,8.55,5.0,9.19,143.7,7.83
2026-05-23,sv3pt5-199,517045,Holofoil,500.42,375.0,475.0,1000.0,408.36
2026-05-23,sv3pt5-205,517051,Holofoil,37.47,26.61,40.0,184.2,29.32
2026-05-23,sv3pt5-4,502555,Normal,0.15,0.01,0.21,99999.99,0.03
2026-05-23,sv3pt5-4,502555,Reverse Holofoil,0.42,0.1,0.41,99999.99,0.69
2026-05-23,sv3pt5-6,502558,Holofoil,11.32,4.98,11.0,87.18,17.24
2026-05-23,sv3pt5-7,502548,Normal,0.24,0.03,0.25,19.56,
2026-05-23,sv3pt5-7,502548,Reverse Holofoil,0.3,0.08,0.35,1000.36,0.25
2026-05-23,sv4pt5-234,535090,Holofoil,335.68,271.0,380.0,1671.75,377.99
2026-05-23,sv4pt5-54,534416,Holofoil,4.83,3.5,5.18,60.0,5.39
2026-05-23,sv8-57,590025,Holofoil,4.65,3.0,5.0,96.95,5.24
2026-05-23,sv8pt5-149,610504,Holofoil,281.47,278.0,419.97,2000.0,
2026-05-23,sv8pt5-155,610510,Holofoil,326.28,300.0,344.79,999.0,
2026-05-23,sv8pt5-156,610511,Holofoil,436.4,460.8,609.21,999.0,798.69
2026-05-23,sv8pt5-161,610516,Holofoil,1504.52,1555.33,1899.0,5000.0,1775.0
2026-05-23,sv8pt5-167,610522,Holofoil,183.07,157.45,205.49,3009.8,217.99
2026-05-23,sv8pt5-179,610534,Holofoil,67.51,60.0,82.99,999.0,74.49
2026-05-23,sv8pt5-28,610383,Holofoil,2.46,1.4,2.75,999.0,3.24
2026-05-23,sv8pt5-47,610402,Normal,0.05,0.01,0.12,999.0,0.01
2026-05-23,sv8pt5-47,610402,Reverse Holofoil,0.15,0.01,0.17,999.0,0.04
2026-05-23,sv8pt5-59,610414,Holofoil,0.38,0.02,0.38,99999.99,0.5
2026-05-23,sv8pt5-59,610414,Reverse Holofoil,0.76,0.1,0.51,999.0,0.5
2026-05-23,sv8pt5-60,610415,Holofoil,7.13,4.99,7.5,5000.0,6.33
2026-05-23,svp-085,518861,Normal,977.38,971.25,1400.0,6999.55,1999.95
2026-05-23,swsh11-186,284137,Holofoil,823.75,820.99,1264.85,4118.75,999.99
2026-05-23,swsh12-186,451834,Holofoil,480.32,449.95,561.99,3761.57,489.99
2026-05-23,swsh12pt5gg-GG69,478100,Holofoil,317.41,384.94,532.35,1865.06,424.5
2026-05-23,swsh35-25,223018,Normal,0.23,0.04,0.23,19.98,
2026-05-23,swsh35-25,223018,Reverse Holofoil,0.26,0.1,0.31,19.98,
2026-05-23,swsh35-74,223073,Holofoil,190.78,219.99,255.48,2300.0,224.66
2026-05-23,swsh45sv-SV107,232496,Holofoil,158.04,148.98,187.44,349.95,160.01
2026-05-23,swsh7-204,246693,Holofoil,34.87,32.0,41.0,289.9,39.86
2026-05-23,swsh7-205,246696,Holofoil,370.18,315.5,400.0,599.69,339.99
2026-05-23,swsh7-208,246755,Holofoil,36.6,30.0,45.7,589.7,45.83
2026-05-23,swsh7-209,246756,Holofoil,283.7,265.97,369.0,499.69,287.99
2026-05-23,swsh7-211,246702,Holofoil,54.96,53.55,59.67,450.0,110.89
2026-05-23,swsh7-212,246704,Holofoil,378.1,449.98,799.85,4249.73,599.67
2026-05-23,swsh7-215,246723,Holofoil,2171.0,2100.0,2729.5,6000.0,2659.0
2026-05-23,swsh7-218,246733,Holofoil,945.36,899.99,1269.43,1749.0,1199.65
2026-05-23,swsh7-41,246753,Holofoil,8.16,5.96,8.99,133.9,12.05
2026-05-23,swsh7-65,246690,Holofoil,15.4,12.08,16.0,512.01,15.64
2026-05-23,swsh7-75,246701,Holofoil,18.14,15.0,19.95,327.6,23.61
2026-05-23,swsh7-8,246691,Holofoil,9.14,5.01,10.16,507.17,13.48
2026-05-23,swsh8-271,253266,Holofoil,887.02,837.69,999.0,2749.99,899.99
2026-05-23,swsh9-154,263873,Holofoil,351.37,289.75,404.08,1500.0,289.75
2026-05-24,base1-15,42355,Holofoil,147.55,101.25,157.86,1085.86,249.98
2026-05-24,base1-16,42356,Holofoil,53.95,26.0,45.0,376.0,79.99
2026-05-24,base1-2,42360,Holofoil,207.41,157.24,249.99,1585.1,974.99
2026-05-24,base1-4,42382,Holofoil,595.18,505.0,699.97,1500.0,1499.1
2026-05-24,base1-58,42402,Normal,7.33,1.44,5.0,9999.0,
2026-05-24,cel25c-4,250320,Holofoil,191.98,164.26,213.66,2999.99,192.04
2026-05-24,gym2-2,83861,1st Edition Holofoil,894.61,969.69,1499.99,2140.0,
2026-05-24,gym2-2,83861,Unlimited Holofoil,521.82,440.0,598.96,1499.99,499.99
2026-05-24,neo1-9,86903,1st Edition Holofoil,1299.96,1899.99,5950.0,10000.0,1899.99
2026-05-24,neo1-9,86903,Unlimited Holofoil,496.14,389.3,399.99,618.76,
2026-05-24,sl-151-bundle,502000,Normal,194.28,187.0,245.0,2999.99,
2026-05-24,sl-151-etb,503313,Normal,672.82,627.99,750.0,1500.0,
2026-05-24,sl-151-upc,502005,Normal,1263.82,1098.98,1400.0,35000.0,
2026-05-24,sl-ar-box,265519,Normal,402.82,420.0,481.24,900.0,
2026-05-24,sl-bs-box,256141,Normal,602.2,600.0,732.5,5000.0,
2026-05-24,sl-cel-upc,245140,Normal,1252.72,1300.0,1969.69,200000.0,
2026-05-24,sl-champ-etb,218791,Normal,240.79,250.0,279.95,650.0,
2026-05-24,sl-cz-etb,453470,Normal,328.54,329.99,450.0,1000.0,
2026-05-24,sl-dr-box,624679,Normal,644.15,620.0,678.26,2185.0,
2026-05-24,sl-evs-box,242436,Normal,2674.18,2550.0,3199.5,12000.0,
2026-05-24,sl-evs-etb,243721,Normal,913.46,1198.99,1399.99,3499.98,
2026-05-24,sl-fs-box,247654,Normal,1119.72,1100.0,1384.36,3000.0,
2026-05-24,sl-hf-etb,194729,Normal,548.66,535.0,649.95,1000.0,
2026-05-24,sl-jp-151,565243,Normal,362.48,330.99,400.0,599.99,
2026-05-24,sl-jp-terastal,603428,Normal,131.3,99.99,149.5,250.0,
2026-05-24,sl-jt-box,610931,Normal,298.95,293.53,349.98,558.43,
2026-05-24,sl-lo-box,277324,Normal,770.19,810.0,999.0,2500.0,
2026-05-24,sl-me1-box,644298,Normal,342.8,315.0,343.8,999.99,
2026-05-24,sl-obf-box,501257,Normal,376.83,352.68,449.99,1000.0,
2026-05-24,sl-pe-etb,593355,Normal,162.23,160.6,200.0,1719.5,
2026-05-24,sl-pe-spc,622770,Normal,290.59,288.0,385.99,1500.0,
2026-05-24,sl-pf-etb,528040,Normal,550.16,499.99,590.0,800.0,
2026-05-24,sl-phf-box,654137,Normal,464.63,400.0,500.0,1000.0,
2026-05-24,sl-shf-etb,228821,Normal,162.95,134.74,200.0,500.11,
2026-05-24,sl-ss-box,565606,Normal,271.99,268.55,310.0,4999.99,
2026-05-24,sl-st-box,283389,Normal,534.1,619.98,755.0,1000.0,
2026-05-24,sl-tf-box,536225,Normal,326.95,320.0,349.99,500.0,
2026-05-24,sv2-185,497557,Normal,0.26,0.01,0.3,501.5,
2026-05-24,sv2-185,497557,Reverse Holofoil,0.63,0.25,0.75,18.38,0.37
2026-05-24,sv2-254,497669,Holofoil,10.75,8.9,12.63,112.24,11.1
2026-05-24,sv2-269,497689,Holofoil,62.29,57.69,83.58,527.36,84.34
2026-05-24,sv3pt5-151,516566,Holofoil,8.27,5.99,9.05,100.0,12.6
2026-05-24,sv3pt5-199,517045,Holofoil,495.54,379.95,496.3,1000.0,408.36
2026-05-24,sv3pt5-205,517051,Holofoil,37.24,27.49,40.0,186.2,29.32
2026-05-24,sv3pt5-4,502555,Normal,0.2,0.01,0.21,99999.99,0.05
2026-05-24,sv3pt5-4,502555,Reverse Holofoil,0.37,0.1,0.4,99999.99,0.69
2026-05-24,sv3pt5-6,502558,Holofoil,11.44,4.98,11.37,87.18,25.96
2026-05-24,sv3pt5-7,502548,Normal,0.27,0.04,0.25,19.56,
2026-05-24,sv3pt5-7,502548,Reverse Holofoil,0.34,0.08,0.35,1000.36,0.46
2026-05-24,sv4pt5-234,535090,Holofoil,336.88,324.56,384.65,1684.4,377.99
2026-05-24,sv4pt5-54,534416,Holofoil,5.01,3.69,5.17,60.0,7.75
2026-05-24,sv8-57,590025,Holofoil,4.86,2.5,5.0,96.95,7.06
2026-05-24,sv8pt5-149,610504,Holofoil,281.47,278.0,408.0,2000.0,
2026-05-24,sv8pt5-155,610510,Holofoil,326.28,300.0,344.79,999.0,
2026-05-24,sv8pt5-156,610511,Holofoil,433.7,460.8,606.83,999.0,798.69
2026-05-24,sv8pt5-161,610516,Holofoil,1504.52,1555.33,1899.0,5000.0,1775.0
2026-05-24,sv8pt5-167,610522,Holofoil,183.75,157.45,209.99,3009.8,217.99
2026-05-24,sv8pt5-179,610534,Holofoil,67.25,60.0,83.53,999.0,
2026-05-24,sv8pt5-28,610383,Holofoil,2.39,1.4,2.79,999.0,3.23
2026-05-24,sv8pt5-47,610402,Normal,0.06,0.01,0.12,999.0,0.01
2026-05-24,sv8pt5-47,610402,Reverse Holofoil,0.17,0.01,0.18,999.0,0.04
2026-05-24,sv8pt5-59,610414,Holofoil,0.41,0.02,0.4,99999.99,0.39
2026-05-24,sv8pt5-59,610414,Reverse Holofoil,0.74,0.1,0.52,999.0,0.5
2026-05-24,sv8pt5-60,610415,Holofoil,6.78,5.0,7.69,5000.0,13.0
2026-05-24,svp-085,518861,Normal,977.38,971.25,1399.99,6999.53,1999.95
2026-05-24,swsh11-186,284137,Holofoil,823.75,795.0,1200.0,4118.75,999.99
2026-05-24,swsh12-186,451834,Holofoil,480.12,477.6,590.0,3761.57,561.99
2026-05-24,swsh12pt5gg-GG69,478100,Holofoil,317.41,379.99,449.44,1865.06,424.5
2026-05-24,swsh35-25,223018,Normal,0.23,0.04,0.23,19.98,
2026-05-24,swsh35-25,223018,Reverse Holofoil,0.24,0.1,0.3,19.98,
2026-05-24,swsh35-74,223073,Holofoil,190.38,219.99,255.48,2300.0,224.66
2026-05-24,swsh45sv-SV107,232496,Holofoil,158.04,148.98,186.5,349.95,159.99
2026-05-24,swsh7-204,246693,Holofoil,34.87,32.0,43.47,289.9,40.1
2026-05-24,swsh7-205,246696,Holofoil,370.18,315.5,400.0,599.69,339.99
2026-05-24,swsh7-208,246755,Holofoil,37.35,30.0,45.0,270.1,44.99
2026-05-24,swsh7-209,246756,Holofoil,283.7,265.97,369.0,499.69,287.99
2026-05-24,swsh7-211,246702,Holofoil,54.96,53.55,59.67,450.0,110.89
2026-05-24,swsh7-212,246704,Holofoil,378.1,291.42,599.69,4249.73,599.67
2026-05-24,swsh7-215,246723,Holofoil,2171.0,2100.0,2679.49,6000.0,2659.99
2026-05-24,swsh7-218,246733,Holofoil,945.36,899.99,1269.43,1749.0,1199.65
2026-05-24,swsh7-41,246753,Holofoil,8.29,5.96,9.0,25.0,12.04
2026-05-24,swsh7-65,246690,Holofoil,15.42,12.08,16.07,512.01,14.99
2026-05-24,swsh7-75,246701,Holofoil,18.53,15.0,19.99,141.86,26.98
2026-05-24,swsh7-8,246691,Holofoil,9.21,5.01,10.17,507.17,13.48
2026-05-24,swsh8-271,253266,Holofoil,887.02,837.69,999.0,2749.99,899.99
2026-05-24,swsh9-154,263873,Holofoil,351.37,275.0,400.0,1500.0,289.75
2026-05-25,base1-15,42355,Holofoil,147.55,100.0,154.93,1085.84,249.98
2026-05-25,base1-16,42356,Holofoil,53.95,32.0,44.3,376.0,79.99
2026-05-25,base1-2,42360,Holofoil,207.41,156.92,222.5,1585.1,974.99
2026-05-25,base1-4,42382,Holofoil,556.84,505.0,699.99,1500.0,1499.1
2026-05-25,base1-58,42402,Normal,7.49,1.44,5.0,9999.0,
2026-05-25,cel25c-4,250320,Holofoil,191.79,160.03,209.04,2999.99,180.69
2026-05-25,gym2-2,83861,1st Edition Holofoil,894.61,969.69,1499.99,2140.0,
2026-05-25,gym2-2,83861,Unlimited Holofoil,521.82,440.0,598.96,1499.99,499.99
2026-05-25,neo1-9,86903,1st Edition Holofoil,1299.96,1899.99,5950.0,10000.0,1899.99
2026-05-25,neo1-9,86903,Unlimited Holofoil,496.14,389.3,491.87,618.76,
2026-05-25,sl-151-bundle,502000,Normal,191.54,179.99,238.56,2999.99,
2026-05-25,sl-151-etb,503313,Normal,667.14,629.99,750.0,1500.0,
2026-05-25,sl-151-upc,502005,Normal,1245.34,1091.97,1473.5,35000.0,
2026-05-25,sl-ar-box,265519,Normal,402.82,420.0,478.62,900.0,
2026-05-25,sl-bs-box,256141,Normal,602.24,609.99,732.5,5000.0,
2026-05-25,sl-cel-upc,245140,Normal,1261.11,1300.0,1999.0,200000.0,
2026-05-25,sl-champ-etb,218791,Normal,241.43,250.0,279.95,650.0,
2026-05-25,sl-cz-etb,453470,Normal,325.17,329.99,450.29,1000.0,
2026-05-25,sl-dr-box,624679,Normal,631.67,615.0,676.53,2185.0,
2026-05-25,sl-evs-box,242436,Normal,2682.18,2750.0,3300.0,12000.0,
2026-05-25,sl-evs-etb,243721,Normal,913.46,1198.99,1399.99,3499.98,
2026-05-25,sl-fs-box,247654,Normal,1119.72,1100.0,1412.0,3000.0,
2026-05-25,sl-hf-etb,194729,Normal,547.26,535.0,649.95,1000.0,
2026-05-25,sl-jp-151,565243,Normal,362.52,332.99,400.0,599.99,
2026-05-25,sl-jp-terastal,603428,Normal,131.62,99.99,150.0,250.0,
2026-05-25,sl-jt-box,610931,Normal,300.15,293.53,349.98,558.43,
2026-05-25,sl-lo-box,277324,Normal,771.75,810.0,999.0,2500.0,
2026-05-25,sl-me1-box,644298,Normal,342.8,315.0,340.0,999.99,
2026-05-25,sl-obf-box,501257,Normal,377.26,352.68,449.99,1000.0,
2026-05-25,sl-pe-etb,593355,Normal,162.35,160.6,200.0,2000.0,
2026-05-25,sl-pe-spc,622770,Normal,284.75,273.0,382.45,1500.0,
2026-05-25,sl-pf-etb,528040,Normal,547.88,499.99,589.81,800.0,
2026-05-25,sl-phf-box,654137,Normal,456.62,400.0,500.0,1000.0,
2026-05-25,sl-shf-etb,228821,Normal,162.95,134.74,200.0,500.11,
2026-05-25,sl-ss-box,565606,Normal,265.26,250.0,310.0,4999.99,
2026-05-25,sl-st-box,283389,Normal,534.1,599.89,712.99,1000.0,
2026-05-25,sl-tf-box,536225,Normal,326.95,320.0,359.5,500.0,
2026-05-25,sv2-185,497557,Normal,0.28,0.01,0.31,501.5,
2026-05-25,sv2-185,497557,Reverse Holofoil,0.64,0.25,0.75,18.36,0.39
2026-05-25,sv2-254,497669,Holofoil,10.92,8.9,12.67,112.24,11.84
2026-05-25,sv2-269,497689,Holofoil,61.74,62.0,84.09,527.34,84.34
2026-05-25,sv3pt5-151,516566,Holofoil,8.63,5.99,9.11,108.47,12.37
2026-05-25,sv3pt5-199,517045,Holofoil,493.96,379.95,499.99,1000.0,408.36
2026-05-25,sv3pt5-205,517051,Holofoil,36.6,27.49,40.0,182.2,34.99
2026-05-25,sv3pt5-4,502555,Normal,0.19,0.01,0.22,99999.99,0.03
2026-05-25,sv3pt5-4,502555,Reverse Holofoil,0.38,0.15,0.39,99999.99,
2026-05-25,sv3pt5-6,502558,Holofoil,10.55,4.98,11.31,87.18,25.94
2026-05-25,sv3pt5-7,502548,Normal,0.22,0.03,0.25,19.56,
2026-05-25,sv3pt5-7,502548,Reverse Holofoil,0.37,0.08,0.37,1000.36,
2026-05-25,sv4pt5-234,535090,Holofoil,335.91,324.56,383.76,1679.55,377.99
2026-05-25,sv4pt5-54,534416,Holofoil,4.98,3.64,5.19,60.0,7.75
2026-05-25,sv8-57,590025,Holofoil,4.65,3.35,4.99,96.95,4.84
2026-05-25,sv8pt5-149,610504,Holofoil,282.83,278.0,409.0,2000.0,
2026-05-25,sv8pt5-155,610510,Holofoil,326.28,300.0,344.47,999.0,
2026-05-25,sv8pt5-156,610511,Holofoil,433.32,429.99,573.26,999.0,798.68
2026-05-25,sv8pt5-161,610516,Holofoil,1463.56,1579.75,1899.0,5000.0,1775.0
2026-05-25,sv8pt5-167,610522,Holofoil,183.63,157.45,213.07,3009.8,217.98
2026-05-25,sv8pt5-179,610534,Holofoil,67.31,60.0,82.65,999.0,
2026-05-25,sv8pt5-28,610383,Holofoil,2.23,1.4,2.75,999.0,
2026-05-25,sv8pt5-47,610402,Normal,0.08,0.01,0.12,999.0,0.01
2026-05-25,sv8pt5-47,610402,Reverse Holofoil,0.15,0.01,0.18,999.0,0.04
2026-05-25,sv8pt5-59,610414,Holofoil,0.35,0.02,0.4,99999.99,0.39
2026-05-25,sv8pt5-59,610414,Reverse Holofoil,0.57,0.1,0.54,999.0,0.33
2026-05-25,sv8pt5-60,610415,Holofoil,6.61,5.0,7.5,5000.0,23.28
2026-05-25,svp-085,518861,Normal,977.38,971.25,1300.0,6999.51,1999.95
2026-05-25,swsh11-186,284137,Holofoil,823.75,820.99,1200.0,4118.75,999.99
2026-05-25,swsh12-186,451834,Holofoil,486.75,499.99,607.79,3761.57,597.99
2026-05-25,swsh12pt5gg-GG69,478100,Holofoil,333.25,376.0,460.2,1865.06,460.0
2026-05-25,swsh35-25,223018,Normal,0.24,0.04,0.23,19.98,
2026-05-25,swsh35-25,223018,Reverse Holofoil,0.21,0.1,0.29,19.98,
2026-05-25,swsh35-74,223073,Holofoil,190.38,219.99,265.48,2300.0,248.98
2026-05-25,swsh45sv-SV107,232496,Holofoil,158.53,142.68,186.0,349.95,186.99
2026-05-25,swsh7-204,246693,Holofoil,34.99,32.47,44.95,289.9,40.24
2026-05-25,swsh7-205,246696,Holofoil,370.18,315.5,415.0,599.69,339.99
2026-05-25,swsh7-208,246755,Holofoil,37.35,30.0,45.0,270.1,44.99
2026-05-25,swsh7-209,246756,Holofoil,282.78,287.77,369.0,499.69,287.99
2026-05-25,swsh7-211,246702,Holofoil,54.96,53.55,59.83,450.0,110.89
2026-05-25,swsh7-212,246704,Holofoil,378.1,291.42,599.69,4249.73,599.67
2026-05-25,swsh7-215,246723,Holofoil,2015.76,2000.0,2679.49,6000.0,2659.99
2026-05-25,swsh7-218,246733,Holofoil,945.36,899.99,1269.43,1749.0,1199.65
2026-05-25,swsh7-41,246753,Holofoil,8.51,5.96,9.06,25.0,19.94
2026-05-25,swsh7-65,246690,Holofoil,15.3,12.08,16.15,512.01,17.65
2026-05-25,swsh7-75,246701,Holofoil,19.03,14.6,20.0,141.86,26.98
2026-05-25,swsh7-8,246691,Holofoil,9.89,5.01,10.22,507.17,13.48
2026-05-25,swsh8-271,253266,Holofoil,887.02,837.69,999.98,2749.99,899.99
2026-05-25,swsh9-154,263873,Holofoil,351.37,275.0,400.0,1500.0,289.75
2026-05-26,base1-15,42355,Holofoil,147.55,100.0,150.83,1085.82,249.98
2026-05-26,base1-16,42356,Holofoil,53.95,32.0,44.65,376.0,79.99
2026-05-26,base1-2,42360,Holofoil,224.15,156.92,220.0,1585.1,974.99
2026-05-26,base1-4,42382,Holofoil,556.84,499.0,699.97,1500.0,1499.1
2026-05-26,base1-58,42402,Normal,7.04,1.44,5.0,9999.0,
2026-05-26,cel25c-4,250320,Holofoil,188.84,160.03,205.0,9999.0,164.26
2026-05-26,gym2-2,83861,1st Edition Holofoil,894.61,969.69,1499.99,2140.0,
2026-05-26,gym2-2,83861,Unlimited Holofoil,521.82,440.0,598.96,1499.99,499.99
2026-05-26,neo1-9,86903,1st Edition Holofoil,1299.96,1899.99,5950.0,10000.0,1899.99
2026-05-26,neo1-9,86903,Unlimited Holofoil,496.14,389.3,491.87,618.76,
2026-05-26,sl-151-bundle,502000,Normal,187.9,187.0,229.98,2999.99,
2026-05-26,sl-151-etb,503313,Normal,663.99,629.99,750.0,1500.0,
2026-05-26,sl-151-upc,502005,Normal,1237.42,1091.97,1399.99,35000.0,
2026-05-26,sl-ar-box,265519,Normal,404.06,415.0,478.62,900.0,
2026-05-26,sl-bs-box,256141,Normal,602.24,600.99,725.0,5000.0,
2026-05-26,sl-cel-upc,245140,Normal,1261.11,1299.99,1984.85,200000.0,
2026-05-26,sl-champ-etb,218791,Normal,241.43,250.0,299.99,650.0,
2026-05-26,sl-cz-etb,453470,Normal,320.57,329.99,450.0,1000.0,
2026-05-26,sl-dr-box,624679,Normal,637.87,615.0,663.97,2185.0,
2026-05-26,sl-evs-box,242436,Normal,2682.18,2750.0,3199.0,12000.0,
2026-05-26,sl-evs-etb,243721,Normal,913.46,1198.99,1399.99,3499.98,
2026-05-26,sl-fs-box,247654,Normal,1119.72,1099.0,1369.72,3000.0,
2026-05-26,sl-hf-etb,194729,Normal,548.26,535.0,649.95,1000.0,
2026-05-26,sl-jp-151,565243,Normal,364.58,340.0,400.0,599.99,
2026-05-26,sl-jp-terastal,603428,Normal,131.54,99.99,146.0,250.0,
2026-05-26,sl-jt-box,610931,Normal,300.43,293.53,349.98,558.43,
2026-05-26,sl-lo-box,277324,Normal,771.75,800.99,999.0,2500.0,
2026-05-26,sl-me1-box,644298,Normal,342.8,300.0,340.0,999.99,
2026-05-26,sl-obf-box,501257,Normal,377.26,377.26,449.98,1000.0,
2026-05-26,sl-pe-etb,593355,Normal,164.18,158.99,200.0,2000.0,
2026-05-26,sl-pe-spc,622770,Normal,272.55,270.0,382.45,1500.0,
2026-05-26,sl-pf-etb,528040,Normal,545.6,499.99,579.98,800.0,
2026-05-26,sl-phf-box,654137,Normal,423.32,400.0,500.0,1000.0,
2026-05-26,sl-shf-etb,228821,Normal,163.64,134.74,200.0,500.11,
2026-05-26,sl-ss-box,565606,Normal,266.48,253.66,310.0,4999.99,
2026-05-26,sl-st-box,283389,Normal,536.7,619.97,755.0,1000.0,
2026-05-26,sl-tf-box,536225,Normal,329.07,320.0,359.5,500.0,
2026-05-26,sv2-185,497557,Normal,0.28,0.01,0.31,501.5,
2026-05-26,sv2-185,497557,Reverse Holofoil,0.61,0.25,0.75,18.34,0.87
2026-05-26,sv2-254,497669,Holofoil,10.89,8.9,12.74,9999.0,11.8
2026-05-26,sv2-269,497689,Holofoil,61.99,58.02,84.34,527.32,84.34
2026-05-26,sv3pt5-151,516566,Holofoil,8.9,5.99,9.12,108.77,11.99
2026-05-26,sv3pt5-199,517045,Holofoil,493.25,379.95,499.99,1000.0,408.36
2026-05-26,sv3pt5-205,517051,Holofoil,36.78,27.49,39.99,182.4,38.5
2026-05-26,sv3pt5-4,502555,Normal,0.21,0.01,0.22,20.0,
2026-05-26,sv3pt5-4,502555,Reverse Holofoil,0.37,0.15,0.38,19.97,
2026-05-26,sv3pt5-6,502558,Holofoil,9.75,4.98,10.97,87.18,9.62
2026-05-26,sv3pt5-7,502548,Normal,0.22,0.03,0.25,19.56,
2026-05-26,sv3pt5-7,502548,Reverse Holofoil,0.34,0.08,0.35,1000.36,
2026-05-26,sv4pt5-234,535090,Holofoil,335.91,324.55,380.0,1679.55,377.99
2026-05-26,sv4pt5-54,534416,Holofoil,5.02,3.64,5.19,999.0,4.76
2026-05-26,sv8-57,590025,Holofoil,4.64,3.0,4.99,96.95,7.28
2026-05-26,sv8pt5-149,610504,Holofoil,282.83,278.0,409.0,2000.0,
2026-05-26,sv8pt5-155,610510,Holofoil,326.28,279.99,340.25,999.0,
2026-05-26,sv8pt5-156,610511,Holofoil,433.32,429.99,540.0,999.0,798.66
2026-05-26,sv8pt5-161,610516,Holofoil,1568.88,1578.0,1849.49,5000.0,1774.99
2026-05-26,sv8pt5-167,610522,Holofoil,185.07,174.99,200.29,3009.8,217.98
2026-05-26,sv8pt5-179,610534,Holofoil,67.43,60.04,80.0,999.0,
2026-05-26,sv8pt5-28,610383,Holofoil,2.43,1.4,2.75,999.0,
2026-05-26,sv8pt5-47,610402,Normal,0.08,0.01,0.12,999.0,0.01
2026-05-26,sv8pt5-47,610402,Reverse Holofoil,0.15,0.01,0.17,999.0,0.04
2026-05-26,sv8pt5-59,610414,Holofoil,0.32,0.01,0.38,999.0,0.3
2026-05-26,sv8pt5-59,610414,Reverse Holofoil,0.53,0.1,0.5,999.0,0.31
2026-05-26,sv8pt5-60,610415,Holofoil,7.86,5.0,8.1,5000.0,7.3
2026-05-26,svp-085,518861,Normal,977.38,971.25,1200.0,6999.49,1999.95
2026-05-26,swsh11-186,284137,Holofoil,823.75,820.99,1200.0,4118.75,999.99
2026-05-26,swsh12-186,451834,Holofoil,485.87,502.0,607.79,3761.57,549.98
2026-05-26,swsh12pt5gg-GG69,478100,Holofoil,337.78,378.0,460.2,1865.06,460.0
2026-05-26,swsh35-25,223018,Normal,0.24,0.04,0.23,19.98,
2026-05-26,swsh35-25,223018,Reverse Holofoil,0.21,0.1,0.3,19.98,
2026-05-26,swsh35-74,223073,Holofoil,190.38,219.99,260.96,2300.0,248.98
2026-05-26,swsh45sv-SV107,232496,Holofoil,156.98,142.68,185.99,349.95,186.99
2026-05-26,swsh7-204,246693,Holofoil,34.99,32.47,45.4,289.9,40.24
2026-05-26,swsh7-205,246696,Holofoil,373.17,315.5,415.0,599.69,339.99
2026-05-26,swsh7-208,246755,Holofoil,37.35,36.6,45.0,270.1,42.98
2026-05-26,swsh7-209,246756,Holofoil,282.78,282.0,359.0,499.69,287.99
2026-05-26,swsh7-211,246702,Holofoil,54.96,53.55,59.67,450.0,64.98
2026-05-26,swsh7-212,246704,Holofoil,375.42,291.42,599.68,4249.73,499.98
2026-05-26,swsh7-215,246723,Holofoil,2022.33,1950.12,2593.95,6000.0,2527.91
2026-05-26,swsh7-218,246733,Holofoil,945.36,899.99,1234.56,1749.0,1199.65
2026-05-26,swsh7-41,246753,Holofoil,8.47,5.96,8.99,25.0,10.42
2026-05-26,swsh7-65,246690,Holofoil,15.71,12.08,16.15,512.01,17.65
2026-05-26,swsh7-75,246701,Holofoil,18.92,14.0,20.0,141.86,23.35
2026-05-26,swsh7-8,246691,Holofoil,9.88,5.01,10.08,507.17,13.48
2026-05-26,swsh8-271,253266,Holofoil,887.02,837.69,999.98,2749.99,899.99
2026-05-26,swsh9-154,263873,Holofoil,351.78,275.0,399.99,1500.0,289.75
2026-05-27,base1-15,42355,Holofoil,147.55,100.0,146.62,1085.8,249.98
2026-05-27,base1-16,42356,Holofoil,53.95,34.87,48.45,129.99,79.99
2026-05-27,base1-2,42360,Holofoil,229.23,156.92,225.0,1585.1,974.99
2026-05-27,base1-4,42382,Holofoil,556.84,499.0,695.95,1500.0,1499.1
2026-05-27,base1-58,42402,Normal,6.87,1.44,5.0,9999.0,
2026-05-27,cel25c-4,250320,Holofoil,188.84,159.99,204.94,9999.0,164.26
2026-05-27,gym2-2,83861,1st Edition Holofoil,894.61,969.69,1499.99,2140.0,
2026-05-27,gym2-2,83861,Unlimited Holofoil,521.82,440.0,600.0,1499.99,499.99
2026-05-27,neo1-9,86903,1st Edition Holofoil,1299.96,1899.99,5950.0,10000.0,1899.99
2026-05-27,neo1-9,86903,Unlimited Holofoil,496.14,388.99,399.99,618.76,
2026-05-27,sl-151-bundle,502000,Normal,179.79,175.0,226.25,2999.99,
2026-05-27,sl-151-etb,503313,Normal,662.87,629.99,750.0,1500.0,
2026-05-27,sl-151-upc,502005,Normal,1213.97,1090.0,1299.99,35000.0,
2026-05-27,sl-ar-box,265519,Normal,404.06,400.0,481.24,900.0,
2026-05-27,sl-bs-box,256141,Normal,602.24,600.99,732.5,5000.0,
2026-05-27,sl-cel-upc,245140,Normal,1261.11,1299.99,1969.69,200000.0,
2026-05-27,sl-champ-etb,218791,Normal,241.43,250.0,289.97,650.0,
2026-05-27,sl-cz-etb,453470,Normal,326.89,329.99,450.0,1000.0,
2026-05-27,sl-dr-box,624679,Normal,637.87,609.99,663.97,9999.0,
2026-05-27,sl-evs-box,242436,Normal,2682.18,2750.0,3299.5,12000.0,
2026-05-27,sl-evs-etb,243721,Normal,913.46,1198.99,1349.49,3499.98,
2026-05-27,sl-fs-box,247654,Normal,1127.28,1099.0,1412.0,3000.0,
2026-05-27,sl-hf-etb,194729,Normal,547.26,535.0,649.95,1000.0,
2026-05-27,sl-jp-151,565243,Normal,364.58,340.0,400.0,599.99,
2026-05-27,sl-jp-terastal,603428,Normal,129.41,99.99,147.0,250.0,
2026-05-27,sl-jt-box,610931,Normal,300.43,293.53,349.98,558.43,
2026-05-27,sl-lo-box,277324,Normal,773.75,825.0,999.0,2500.0,
2026-05-27,sl-me1-box,644298,Normal,341.8,300.0,340.0,999.99,
2026-05-27,sl-obf-box,501257,Normal,377.26,377.26,449.98,1000.0,
2026-05-27,sl-pe-etb,593355,Normal,163.98,155.0,200.0,2000.0,
2026-05-27,sl-pe-spc,622770,Normal,288.51,289.95,389.98,1500.0,
2026-05-27,sl-pf-etb,528040,Normal,542.12,499.99,574.99,800.0,
2026-05-27,sl-phf-box,654137,Normal,440.14,400.0,532.5,1000.0,
2026-05-27,sl-shf-etb,228821,Normal,163.64,134.74,199.99,500.0,
2026-05-27,sl-ss-box,565606,Normal,262.19,234.99,310.0,4999.99,
2026-05-27,sl-st-box,283389,Normal,538.5,570.0,703.62,1000.0,
2026-05-27,sl-tf-box,536225,Normal,329.07,320.0,349.99,500.0,
2026-05-27,sv2-185,497557,Normal,0.34,0.01,0.32,501.5,0.25
2026-05-27,sv2-185,497557,Reverse Holofoil,0.63,0.25,0.75,18.32,0.92
2026-05-27,sv2-254,497669,Holofoil,10.97,8.9,12.61,9999.0,12.08
2026-05-27,sv2-269,497689,Holofoil,62.17,57.57,84.14,527.3,71.5
2026-05-27,sv3pt5-151,516566,Holofoil,8.32,5.99,9.19,108.65,10.94
2026-05-27,sv3pt5-199,517045,Holofoil,496.0,379.95,499.99,9999.0,407.0
2026-05-27,sv3pt5-205,517051,Holofoil,35.71,27.49,39.99,182.6,32.46
2026-05-27,sv3pt5-4,502555,Normal,0.17,0.01,0.21,20.0,
2026-05-27,sv3pt5-4,502555,Reverse Holofoil,0.38,0.15,0.38,19.97,0.58
2026-05-27,sv3pt5-6,502558,Holofoil,10.02,4.98,10.98,87.16,9.61
2026-05-27,sv3pt5-7,502548,Normal,0.21,0.02,0.25,19.56,
2026-05-27,sv3pt5-7,502548,Reverse Holofoil,0.38,0.08,0.36,1000.36,0.43
2026-05-27,sv4pt5-234,535090,Holofoil,336.2,324.53,384.3,1679.55,377.99
2026-05-27,sv4pt5-54,534416,Holofoil,4.84,3.5,5.19,999.0,5.39
2026-05-27,sv8-57,590025,Holofoil,4.55,2.0,4.99,96.95,6.24
2026-05-27,sv8pt5-149,610504,Holofoil,282.83,274.0,384.84,2000.0,
2026-05-27,sv8pt5-155,610510,Holofoil,326.95,279.99,345.18,999.0,
2026-05-27,sv8pt5-156,610511,Holofoil,436.55,410.0,540.49,999.0,775.0
2026-05-27,sv8pt5-161,610516,Holofoil,1583.92,1563.88,1837.0,5000.0,1774.99
2026-05-27,sv8pt5-167,610522,Holofoil,185.73,174.99,206.22,3009.8,217.98
2026-05-27,sv8pt5-179,610534,Holofoil,67.99,58.73,78.4,9999.0,
2026-05-27,sv8pt5-28,610383,Holofoil,2.46,1.4,2.79,4321.0,
2026-05-27,sv8pt5-47,610402,Normal,0.08,0.01,0.12,999.0,0.02
2026-05-27,sv8pt5-47,610402,Reverse Holofoil,0.16,0.01,0.18,999.0,0.04
2026-05-27,sv8pt5-59,610414,Holofoil,0.31,0.01,0.38,4321.0,0.39
2026-05-27,sv8pt5-59,610414,Reverse Holofoil,0.54,0.1,0.53,999.0,0.59
2026-05-27,sv8pt5-60,610415,Holofoil,7.69,5.0,8.0,5000.0,9.52
2026-05-27,svp-085,518861,Normal,977.38,971.25,1300.0,6999.47,1999.95
2026-05-27,swsh11-186,284137,Holofoil,827.7,820.99,1149.95,4118.75,999.99
2026-05-27,swsh12-186,451834,Holofoil,485.87,475.0,598.84,3761.57,549.98
2026-05-27,swsh12pt5gg-GG69,478100,Holofoil,337.58,378.0,516.22,1865.06,459.99
2026-05-27,swsh35-25,223018,Normal,0.21,0.04,0.22,19.98,
2026-05-27,swsh35-25,223018,Reverse Holofoil,0.2,0.08,0.29,19.98,
2026-05-27,swsh35-74,223073,Holofoil,190.38,219.99,260.96,2300.0,248.98
2026-05-27,swsh45sv-SV107,232496,Holofoil,156.98,144.66,186.5,349.95,186.0
2026-05-27,swsh7-204,246693,Holofoil,34.99,33.13,45.84,289.9,40.24
2026-05-27,swsh7-205,246696,Holofoil,373.17,315.0,395.0,599.69,339.99
2026-05-27,swsh7-208,246755,Holofoil,37.41,30.0,44.99,270.1,42.98
2026-05-27,swsh7-209,246756,Holofoil,284.15,282.0,359.5,499.69,287.99
2026-05-27,swsh7-211,246702,Holofoil,55.2,53.55,62.32,450.0,64.97
2026-05-27,swsh7-212,246704,Holofoil,375.42,400.0,599.67,4249.73,499.98
2026-05-27,swsh7-215,246723,Holofoil,2089.84,2000.0,2593.95,6000.0,2527.91
2026-05-27,swsh7-218,246733,Holofoil,945.36,899.99,1199.69,1749.0,1199.65
2026-05-27,swsh7-41,246753,Holofoil,8.36,5.96,8.99,25.0,19.94
2026-05-27,swsh7-65,246690,Holofoil,15.85,11.21,16.1,512.01,19.38
2026-05-27,swsh7-75,246701,Holofoil,19.33,15.0,20.0,141.86,20.0
2026-05-27,swsh7-8,246691,Holofoil,9.93,5.01,10.38,507.17,12.1
2026-05-27,swsh8-271,253266,Holofoil,887.02,837.69,999.99,2749.99,999.95
2026-05-27,swsh9-154,263873,Holofoil,351.78,275.0,400.0,1500.0,289.75
2026-05-28,base1-15,42355,Holofoil,147.55,95.0,139.95,1085.78,249.98
2026-05-28,base1-16,42356,Holofoil,53.95,33.0,47.8,129.99,79.99
2026-05-28,base1-2,42360,Holofoil,229.23,156.0,222.5,1585.1,974.99
2026-05-28,base1-4,42382,Holofoil,556.84,499.0,653.47,1500.0,1499.1
2026-05-28,base1-58,42402,Normal,7.16,1.44,5.0,9999.0,3.06
2026-05-28,cel25c-4,250320,Holofoil,182.91,155.99,205.75,9999.0,164.26
2026-05-28,gym2-2,83861,1st Edition Holofoil,894.61,969.69,1499.99,2140.0,
2026-05-28,gym2-2,83861,Unlimited Holofoil,521.82,440.0,599.0,1499.99,499.99
2026-05-28,neo1-9,86903,1st Edition Holofoil,1299.96,1899.99,5950.0,10000.0,1899.99
2026-05-28,neo1-9,86903,Unlimited Holofoil,511.14,388.99,502.87,652.68,
2026-05-28,sl-151-bundle,502000,Normal,176.85,177.99,224.99,2999.99,
2026-05-28,sl-151-etb,503313,Normal,662.87,629.99,750.0,1500.0,
2026-05-28,sl-151-upc,502005,Normal,1205.57,1075.0,1264.98,35000.0,
2026-05-28,sl-ar-box,265519,Normal,404.06,400.0,478.12,900.0,
2026-05-28,sl-base-box,185731,Normal,,100000.0,100000.0,100000.0,
2026-05-28,sl-bs-box,256141,Normal,602.24,600.99,712.5,5000.0,
2026-05-28,sl-cel-upc,245140,Normal,1261.11,1299.99,1969.68,200000.0,
2026-05-28,sl-champ-etb,218791,Normal,243.8,250.0,299.95,650.0,
2026-05-28,sl-cz-etb,453470,Normal,335.45,329.99,450.0,1000.0,
2026-05-28,sl-dr-box,624679,Normal,635.63,608.9,661.98,9999.0,
2026-05-28,sl-evs-box,242436,Normal,2702.54,2899.0,3376.3,12000.0,
2026-05-28,sl-evs-etb,243721,Normal,913.46,1198.99,1349.49,3499.98,
2026-05-28,sl-fs-box,247654,Normal,1127.28,1089.99,1412.0,3000.0,
2026-05-28,sl-hf-etb,194729,Normal,547.74,535.0,675.0,1000.0,
2026-05-28,sl-jp-151,565243,Normal,361.52,340.0,400.0,599.99,
2026-05-28,sl-jp-terastal,603428,Normal,127.35,99.99,147.0,250.0,
2026-05-28,sl-jt-box,610931,Normal,300.43,293.53,349.98,558.43,
2026-05-28,sl-lo-box,277324,Normal,773.75,825.0,999.0,2500.0,
2026-05-28,sl-me1-box,644298,Normal,339.81,319.99,340.0,999.99,
2026-05-28,sl-obf-box,501257,Normal,371.71,377.26,449.98,1000.0,
2026-05-28,sl-pe-etb,593355,Normal,161.82,154.99,200.0,2000.0,
2026-05-28,sl-pe-spc,622770,Normal,278.87,285.0,390.0,1500.0,
2026-05-28,sl-pf-etb,528040,Normal,542.12,489.99,568.0,800.0,
2026-05-28,sl-phf-box,654137,Normal,436.94,400.0,499.99,1000.0,
2026-05-28,sl-shf-etb,228821,Normal,162.44,134.74,199.99,500.0,
2026-05-28,sl-ss-box,565606,Normal,263.68,255.0,310.0,4999.99,
2026-05-28,sl-st-box,283389,Normal,538.5,570.0,661.37,1000.0,
2026-05-28,sl-tf-box,536225,Normal,329.07,320.0,349.99,500.0,
2026-05-28,sv2-185,497557,Normal,0.33,0.01,0.32,501.5,0.25
2026-05-28,sv2-185,497557,Reverse Holofoil,0.66,0.25,0.75,18.3,0.4
2026-05-28,sv2-254,497669,Holofoil,11.02,8.9,12.47,9999.0,12.12
2026-05-28,sv2-269,497689,Holofoil,62.88,65.68,82.54,527.28,71.5
2026-05-28,sv3pt5-151,516566,Holofoil,8.82,5.49,9.01,108.18,12.92
2026-05-28,sv3pt5-199,517045,Holofoil,475.77,379.95,500.0,9999.0,405.98
2026-05-28,sv3pt5-205,517051,Holofoil,35.68,27.49,38.72,179.35,32.36
2026-05-28,sv3pt5-4,502555,Normal,0.17,0.01,0.21,20.0,
2026-05-28,sv3pt5-4,502555,Reverse Holofoil,0.41,0.15,0.4,19.97,
2026-05-28,sv3pt5-6,502558,Holofoil,10.03,4.98,10.96,87.14,8.51
2026-05-28,sv3pt5-7,502548,Normal,0.26,0.02,0.25,19.56,
2026-05-28,sv3pt5-7,502548,Reverse Holofoil,0.39,0.08,0.37,1000.36,
2026-05-28,sv4pt5-234,535090,Holofoil,335.8,324.55,384.3,1679.55,457.99
2026-05-28,sv4pt5-54,534416,Holofoil,4.88,3.5,5.33,60.0,4.88
2026-05-28,sv8-57,590025,Holofoil,4.18,2.0,4.98,96.95,6.73
2026-05-28,sv8pt5-149,610504,Holofoil,284.18,274.0,369.69,2000.0,341.99
2026-05-28,sv8pt5-155,610510,Holofoil,326.95,259.99,326.95,999.0,
2026-05-28,sv8pt5-156,610511,Holofoil,437.55,429.99,548.06,999.0,798.66
2026-05-28,sv8pt5-161,610516,Holofoil,1586.47,1566.88,1899.0,5000.0,1774.99
2026-05-28,sv8pt5-167,610522,Holofoil,183.98,174.99,215.0,3009.8,217.98
2026-05-28,sv8pt5-179,610534,Holofoil,67.64,58.73,85.08,9999.0,
2026-05-28,sv8pt5-28,610383,Holofoil,2.44,1.4,2.75,4321.0,
2026-05-28,sv8pt5-47,610402,Normal,0.09,0.01,0.12,999.0,0.03
2026-05-28,sv8pt5-47,610402,Reverse Holofoil,0.18,0.01,0.18,999.0,0.04
2026-05-28,sv8pt5-59,610414,Holofoil,0.34,0.01,0.36,4321.0,0.4
2026-05-28,sv8pt5-59,610414,Reverse Holofoil,0.58,0.1,0.54,999.0,0.65
2026-05-28,sv8pt5-60,610415,Holofoil,7.46,5.0,8.19,5000.0,10.24
2026-05-28,svp-085,518861,Normal,977.38,971.25,1399.99,6999.45,989.96
2026-05-28,swsh11-186,284137,Holofoil,827.7,820.99,1149.95,4138.5,999.99
2026-05-28,swsh12-186,451834,Holofoil,485.87,502.0,597.84,3761.57,549.98
2026-05-28,swsh12pt5gg-GG69,478100,Holofoil,345.81,378.0,476.18,1865.06,459.95
2026-05-28,swsh35-25,223018,Normal,0.18,0.04,0.21,19.98,
2026-05-28,swsh35-25,223018,Reverse Holofoil,0.18,0.08,0.28,19.98,
2026-05-28,swsh35-74,223073,Holofoil,190.38,219.99,269.99,2300.0,248.49
2026-05-28,swsh45sv-SV107,232496,Holofoil,156.98,137.8,186.1,349.95,165.49
2026-05-28,swsh7-204,246693,Holofoil,34.99,33.13,45.4,289.9,40.24
2026-05-28,swsh7-205,246696,Holofoil,373.17,315.5,395.0,599.69,339.99
2026-05-28,swsh7-208,246755,Holofoil,37.28,30.0,44.99,270.1,40.0
2026-05-28,swsh7-209,246756,Holofoil,285.75,246.24,359.5,499.69,349.98
2026-05-28,swsh7-211,246702,Holofoil,55.37,53.55,64.97,450.0,64.97
2026-05-28,swsh7-212,246704,Holofoil,377.7,349.99,599.67,4249.73,499.98
2026-05-28,swsh7-215,246723,Holofoil,2005.2,2000.0,2593.95,6000.0,2527.91
2026-05-28,swsh7-218,246733,Holofoil,945.36,999.99,1229.66,1749.0,1199.65
2026-05-28,swsh7-41,246753,Holofoil,8.88,5.0,8.99,25.0,8.88
2026-05-28,swsh7-65,246690,Holofoil,15.95,13.06,16.23,512.01,17.74
2026-05-28,swsh7-75,246701,Holofoil,18.52,15.0,20.0,141.86,20.0
2026-05-28,swsh7-8,246691,Holofoil,9.79,5.01,10.19,507.17,12.1
2026-05-28,swsh8-271,253266,Holofoil,887.02,837.69,999.99,2749.99,999.95
2026-05-28,swsh9-154,263873,Holofoil,352.03,275.0,400.0,1500.0,289.75
2026-05-29,base1-15,42355,Holofoil,147.55,95.0,142.41,1085.76,249.98
2026-05-29,base1-16,42356,Holofoil,54.92,33.0,48.3,129.99,79.99
2026-05-29,base1-2,42360,Holofoil,229.23,156.4,234.86,1585.1,974.99
2026-05-29,base1-4,42382,Holofoil,572.51,499.0,676.44,1500.0,1499.1
2026-05-29,base1-58,42402,Normal,7.16,1.44,5.0,9999.0,3.08
2026-05-29,cel25c-4,250320,Holofoil,183.92,159.98,210.0,2999.99,164.26
2026-05-29,gym2-2,83861,1st Edition Holofoil,894.61,1499.99,1820.0,2140.0,
2026-05-29,gym2-2,83861,Unlimited Holofoil,521.82,440.0,598.75,1499.99,499.99
2026-05-29,neo1-9,86903,1st Edition Holofoil,1299.96,1899.99,8000.0,10000.0,1899.99
2026-05-29,neo1-9,86903,Unlimited Holofoil,511.14,328.59,399.99,654.0,
2026-05-29,sl-151-bundle,502000,Normal,185.98,175.01,222.01,2999.99,
2026-05-29,sl-151-etb,503313,Normal,660.06,620.0,702.5,1787.01,
2026-05-29,sl-151-upc,502005,Normal,1181.34,1050.0,1250.0,35000.0,
2026-05-29,sl-ar-box,265519,Normal,405.86,398.99,450.5,900.0,
2026-05-29,sl-base-box,185731,Normal,,100000.0,100000.0,100000.0,
2026-05-29,sl-bs-box,256141,Normal,604.64,610.0,700.0,5000.0,
2026-05-29,sl-cel-upc,245140,Normal,1261.11,1295.0,1926.84,200000.0,
2026-05-29,sl-champ-etb,218791,Normal,244.34,235.0,260.0,650.0,
2026-05-29,sl-cz-etb,453470,Normal,334.62,329.99,425.0,1000.0,
2026-05-29,sl-dr-box,624679,Normal,615.08,604.97,650.0,2185.0,
2026-05-29,sl-evs-box,242436,Normal,2702.54,2800.0,3199.0,12000.0,
2026-05-29,sl-evs-etb,243721,Normal,913.46,1198.99,1284.49,3499.98,
2026-05-29,sl-fs-box,247654,Normal,1128.88,1083.99,1339.97,3000.0,
2026-05-29,sl-hf-etb,194729,Normal,551.94,535.0,650.0,1000.0,
2026-05-29,sl-jp-151,565243,Normal,354.44,369.99,399.0,599.99,
2026-05-29,sl-jp-terastal,603428,Normal,125.83,99.99,147.0,250.0,
2026-05-29,sl-jt-box,610931,Normal,300.55,293.53,342.5,558.43,
2026-05-29,sl-lo-box,277324,Normal,779.03,824.0,994.44,2500.0,
2026-05-29,sl-me1-box,644298,Normal,333.79,319.99,340.0,999.99,
2026-05-29,sl-obf-box,501257,Normal,373.28,377.26,425.0,1000.0,
2026-05-29,sl-pe-etb,593355,Normal,163.24,160.5,199.99,2000.0,
2026-05-29,sl-pe-spc,622770,Normal,301.15,295.0,390.0,1500.0,
2026-05-29,sl-pf-etb,528040,Normal,537.92,500.0,561.5,800.0,
2026-05-29,sl-phf-box,654137,Normal,443.72,400.0,499.99,1000.0,
2026-05-29,sl-shf-etb,228821,Normal,160.2,134.74,195.0,500.0,
2026-05-29,sl-ss-box,565606,Normal,277.01,268.55,320.0,4999.99,
2026-05-29,sl-st-box,283389,Normal,544.7,577.95,649.99,1000.0,
2026-05-29,sl-tf-box,536225,Normal,332.86,320.0,349.99,599.99,
2026-05-29,sv2-185,497557,Normal,0.3,0.01,0.32,501.5,0.25
2026-05-29,sv2-185,497557,Reverse Holofoil,0.66,0.01,0.75,18.28,0.7
2026-05-29,sv2-254,497669,Holofoil,11.04,8.5,12.5,112.24,12.12
2026-05-29,sv2-269,497689,Holofoil,64.37,65.0,80.0,527.26,71.5
2026-05-29,sv3pt5-151,516566,Holofoil,8.26,5.99,9.11,108.8,10.74
2026-05-29,sv3pt5-199,517045,Holofoil,458.47,384.75,500.0,1000.0,405.98
2026-05-29,sv3pt5-205,517051,Holofoil,35.87,26.89,38.58,179.6,31.92
2026-05-29,sv3pt5-4,502555,Normal,0.16,0.01,0.21,20.0,
2026-05-29,sv3pt5-4,502555,Reverse Holofoil,0.33,0.01,0.4,19.97,0.43
2026-05-29,sv3pt5-6,502558,Holofoil,9.81,4.98,10.99,87.12,12.75
2026-05-29,sv3pt5-7,502548,Normal,0.24,0.02,0.25,19.56,
2026-05-29,sv3pt5-7,502548,Reverse Holofoil,0.36,0.01,0.38,1000.36,
2026-05-29,sv4pt5-234,535090,Holofoil,333.81,324.55,384.65,1679.0,450.0
2026-05-29,sv4pt5-54,534416,Holofoil,4.55,3.45,5.3,60.0,5.91
2026-05-29,sv8-57,590025,Holofoil,4.79,3.0,4.94,96.95,5.75
2026-05-29,sv8pt5-149,610504,Holofoil,284.91,274.0,369.69,2000.0,341.97
2026-05-29,sv8pt5-155,610510,Holofoil,328.97,259.99,338.54,999.0,
2026-05-29,sv8pt5-156,610511,Holofoil,443.47,437.99,548.44,999.0,797.69
2026-05-29,sv8pt5-161,610516,Holofoil,1566.05,1549.0,1939.49,5000.0,1774.99
2026-05-29,sv8pt5-167,610522,Holofoil,181.65,174.99,219.99,3009.8,217.99
2026-05-29,sv8pt5-179,610534,Holofoil,68.4,60.0,82.99,999.0,
2026-05-29,sv8pt5-28,610383,Holofoil,2.52,1.4,2.79,4321.0,
2026-05-29,sv8pt5-47,610402,Normal,0.08,0.01,0.13,999.0,0.02
2026-05-29,sv8pt5-47,610402,Reverse Holofoil,0.17,0.01,0.18,999.0,0.04
2026-05-29,sv8pt5-59,610414,Holofoil,0.39,0.01,0.38,4321.0,0.3
2026-05-29,sv8pt5-59,610414,Reverse Holofoil,0.5,0.03,0.53,999.0,0.37
2026-05-29,sv8pt5-60,610415,Holofoil,7.3,5.0,8.19,5000.0,9.49
2026-05-29,svp-085,518861,Normal,977.38,971.25,1250.0,6999.43,989.96
2026-05-29,swsh11-186,284137,Holofoil,827.7,820.99,1049.94,4138.5,999.99
2026-05-29,swsh12-186,451834,Holofoil,485.62,489.99,597.84,3761.57,549.98
2026-05-29,swsh12pt5gg-GG69,478100,Holofoil,359.77,396.69,458.0,1865.06,457.9
2026-05-29,swsh35-25,223018,Normal,0.18,0.04,0.2,19.98,
2026-05-29,swsh35-25,223018,Reverse Holofoil,0.16,0.08,0.28,19.98,
2026-05-29,swsh35-74,223073,Holofoil,190.38,219.99,269.99,2300.0,248.47
2026-05-29,swsh45sv-SV107,232496,Holofoil,156.62,122.24,185.98,349.95,140.0
2026-05-29,swsh7-204,246693,Holofoil,34.93,33.11,43.74,289.9,40.24
2026-05-29,swsh7-205,246696,Holofoil,373.17,339.99,396.09,599.69,339.99
2026-05-29,swsh7-208,246755,Holofoil,37.28,26.2,44.97,270.1,40.0
2026-05-29,swsh7-209,246756,Holofoil,289.24,261.58,364.5,499.69,349.89
2026-05-29,swsh7-211,246702,Holofoil,55.37,52.79,63.0,450.0,64.97
2026-05-29,swsh7-212,246704,Holofoil,377.7,349.99,599.67,4249.73,499.98
2026-05-29,swsh7-215,246723,Holofoil,2005.2,2000.0,2550.0,6000.0,2499.99
2026-05-29,swsh7-218,246733,Holofoil,982.89,999.99,1348.37,1749.0,1249.63
2026-05-29,swsh7-41,246753,Holofoil,8.91,5.0,8.99,25.0,11.59
2026-05-29,swsh7-65,246690,Holofoil,15.72,13.06,16.18,512.01,17.74
2026-05-29,swsh7-75,246701,Holofoil,17.68,15.0,20.25,141.86,21.0
2026-05-29,swsh7-8,246691,Holofoil,9.6,5.01,10.22,507.17,8.72
2026-05-29,swsh8-271,253266,Holofoil,887.02,837.69,999.99,2749.99,999.95
2026-05-29,swsh9-154,263873,Holofoil,351.89,275.0,400.0,1500.0,289.75
2026-05-30,base1-15,42355,Holofoil,151.46,94.0,144.22,1085.72,249.98
2026-05-30,base1-16,42356,Holofoil,54.9,33.0,46.65,129.99,129.98
2026-05-30,base1-2,42360,Holofoil,229.23,156.4,249.99,1585.1,974.98
2026-05-30,base1-4,42382,Holofoil,572.03,499.0,695.95,1500.0,1499.09
2026-05-30,base1-58,42402,Normal,6.91,1.44,5.64,9999.0,6.49
2026-05-30,cel25c-4,250320,Holofoil,187.03,158.67,215.87,2999.99,164.26
2026-05-30,gym2-2,83861,1st Edition Holofoil,894.61,1499.99,1820.0,2140.0,
2026-05-30,gym2-2,83861,Unlimited Holofoil,521.82,440.0,599.0,1499.99,499.99
2026-05-30,neo1-9,86903,1st Edition Holofoil,1299.96,1899.99,8000.0,10000.0,1899.99
2026-05-30,neo1-9,86903,Unlimited Holofoil,511.14,328.59,394.65,654.0,
2026-05-30,sl-151-bundle,502000,Normal,192.0,177.99,225.0,2999.99,
2026-05-30,sl-151-etb,503313,Normal,659.29,610.0,705.0,1500.0,
2026-05-30,sl-151-upc,502005,Normal,1174.39,1048.0,1250.0,35000.0,
2026-05-30,sl-ar-box,265519,Normal,407.26,398.99,457.5,900.0,
2026-05-30,sl-base-box,185731,Normal,,100000.0,100000.0,100000.0,
2026-05-30,sl-bs-box,256141,Normal,609.28,635.99,732.5,5000.0,
2026-05-30,sl-cel-upc,245140,Normal,1269.52,1300.0,1969.69,200000.0,
2026-05-30,sl-champ-etb,218791,Normal,244.34,230.0,259.0,650.0,
2026-05-30,sl-cz-etb,453470,Normal,334.9,325.98,420.0,1000.0,
2026-05-30,sl-dr-box,624679,Normal,605.13,604.98,657.99,2185.0,
2026-05-30,sl-evs-box,242436,Normal,2702.54,2800.0,3199.0,12000.0,
2026-05-30,sl-evs-etb,243721,Normal,913.46,1198.99,1284.49,3499.98,
2026-05-30,sl-fs-box,247654,Normal,1134.67,1083.7,1344.93,3000.0,
2026-05-30,sl-hf-etb,194729,Normal,551.34,540.0,700.0,9999.98,
2026-05-30,sl-jp-151,565243,Normal,352.6,335.0,399.0,599.99,
2026-05-30,sl-jp-terastal,603428,Normal,124.15,99.99,145.0,250.0,
2026-05-30,sl-jt-box,610931,Normal,300.87,289.05,342.5,558.43,
2026-05-30,sl-lo-box,277324,Normal,779.03,812.99,949.88,2500.0,
2026-05-30,sl-me1-box,644298,Normal,330.01,307.0,340.0,999.99,
2026-05-30,sl-obf-box,501257,Normal,374.82,377.26,425.0,1000.0,
2026-05-30,sl-pe-etb,593355,Normal,175.32,163.04,200.0,2000.0,
2026-05-30,sl-pe-spc,622770,Normal,309.85,297.0,390.0,1500.0,
2026-05-30,sl-pf-etb,528040,Normal,537.92,494.98,562.99,800.0,
2026-05-30,sl-phf-box,654137,Normal,455.19,400.0,499.0,1000.0,
2026-05-30,sl-shf-etb,228821,Normal,158.26,134.74,195.0,500.0,
2026-05-30,sl-ss-box,565606,Normal,283.67,268.55,320.0,4999.99,
2026-05-30,sl-st-box,283389,Normal,547.5,584.92,661.33,1000.0,
2026-05-30,sl-tf-box,536225,Normal,332.86,320.0,350.0,599.99,
2026-05-30,sv2-185,497557,Normal,0.26,0.01,0.3,501.5,0.25
2026-05-30,sv2-185,497557,Reverse Holofoil,0.67,0.01,0.75,18.24,0.7
2026-05-30,sv2-254,497669,Holofoil,11.37,9.0,12.74,112.24,12.49
2026-05-30,sv2-269,497689,Holofoil,65.52,64.57,81.15,527.22,71.03
2026-05-30,sv3pt5-151,516566,Holofoil,8.96,5.99,9.24,108.94,12.91
2026-05-30,sv3pt5-199,517045,Holofoil,443.51,389.01,498.51,1000.0,405.98
2026-05-30,sv3pt5-205,517051,Holofoil,35.92,26.89,38.19,180.35,32.6
2026-05-30,sv3pt5-4,502555,Normal,0.13,0.01,0.21,20.0,0.11
2026-05-30,sv3pt5-4,502555,Reverse Holofoil,0.32,0.01,0.37,19.97,0.45
2026-05-30,sv3pt5-6,502558,Holofoil,10.47,4.98,11.0,87.12,12.75
2026-05-30,sv3pt5-7,502548,Normal,0.24,0.03,0.25,19.52,
2026-05-30,sv3pt5-7,502548,Reverse Holofoil,0.36,0.01,0.37,1000.36,0.4
2026-05-30,sv4pt5-234,535090,Holofoil,333.99,340.0,399.39,1669.95,449.94
2026-05-30,sv4pt5-54,534416,Holofoil,4.8,3.25,5.35,60.0,5.15
2026-05-30,sv8-57,590025,Holofoil,4.49,3.0,4.99,96.95,6.73
2026-05-30,sv8pt5-149,610504,Holofoil,287.29,276.0,374.85,2000.0,
2026-05-30,sv8pt5-155,610510,Holofoil,327.98,296.01,350.35,999.0,
2026-05-30,sv8pt5-156,610511,Holofoil,452.52,463.48,699.13,1998.96,797.67
2026-05-30,sv8pt5-161,610516,Holofoil,1570.01,1419.96,1849.5,5000.0,1570.0
2026-05-30,sv8pt5-167,610522,Holofoil,182.93,176.0,222.24,3009.8,224.48
2026-05-30,sv8pt5-179,610534,Holofoil,68.51,64.68,83.11,999.0,
2026-05-30,sv8pt5-28,610383,Holofoil,2.5,1.4,2.79,4321.0,3.72
2026-05-30,sv8pt5-47,610402,Normal,0.06,0.01,0.13,999.0,0.02
2026-05-30,sv8pt5-47,610402,Reverse Holofoil,0.17,0.01,0.19,999.0,0.04
2026-05-30,sv8pt5-59,610414,Holofoil,0.39,0.01,0.39,4321.0,
2026-05-30,sv8pt5-59,610414,Reverse Holofoil,0.48,0.03,0.5,999.0,0.54
2026-05-30,sv8pt5-60,610415,Holofoil,8.22,5.0,8.35,5000.0,19.96
2026-05-30,svp-085,518861,Normal,983.63,971.25,1400.0,6999.39,1999.9
2026-05-30,swsh11-186,284137,Holofoil,827.7,819.69,999.89,4138.5,999.99
2026-05-30,swsh12-186,451834,Holofoil,486.27,483.99,590.0,3761.57,549.98
2026-05-30,swsh12pt5gg-GG69,478100,Holofoil,372.88,372.88,457.9,1865.06,457.8
2026-05-30,swsh35-25,223018,Normal,0.2,0.05,0.2,19.98,
2026-05-30,swsh35-25,223018,Reverse Holofoil,0.13,0.1,0.28,19.98,
2026-05-30,swsh35-74,223073,Holofoil,192.38,219.99,265.48,2300.0,248.47
2026-05-30,swsh45sv-SV107,232496,Holofoil,156.62,134.82,185.1,349.95,157.53
2026-05-30,swsh7-204,246693,Holofoil,34.93,33.11,43.66,289.9,40.24
2026-05-30,swsh7-205,246696,Holofoil,376.97,340.0,453.11,599.69,539.99
2026-05-30,swsh7-208,246755,Holofoil,37.6,39.98,44.95,270.1,40.0
2026-05-30,swsh7-209,246756,Holofoil,288.28,298.84,373.58,499.69,349.89
2026-05-30,swsh7-211,246702,Holofoil,55.37,52.79,61.34,450.0,64.97
2026-05-30,swsh7-212,246704,Holofoil,379.63,349.99,599.67,4249.73,499.98
2026-05-30,swsh7-215,246723,Holofoil,2005.2,1999.43,2520.0,6000.0,2499.99
2026-05-30,swsh7-218,246733,Holofoil,982.89,999.99,1465.9,1749.0,1494.69
2026-05-30,swsh7-41,246753,Holofoil,8.82,5.0,9.19,25.0,11.59
2026-05-30,swsh7-65,246690,Holofoil,15.73,13.06,16.21,512.01,17.19
2026-05-30,swsh7-75,246701,Holofoil,18.07,15.0,20.0,141.86,26.98
2026-05-30,swsh7-8,246691,Holofoil,9.51,5.01,10.53,507.17,13.47
2026-05-30,swsh8-271,253266,Holofoil,891.81,829.69,1000.0,2749.99,999.95
2026-05-30,swsh9-154,263873,Holofoil,351.89,289.5,400.0,1500.0,289.75
2026-05-31,base1-15,42355,Holofoil,150.81,94.0,140.73,1085.7,249.98
2026-05-31,base1-16,42356,Holofoil,55.99,33.0,48.0,129.99,129.98
2026-05-31,base1-2,42360,Holofoil,229.23,156.4,236.78,1585.1,974.98
2026-05-31,base1-4,42382,Holofoil,535.22,499.0,666.3,1500.0,1499.09
2026-05-31,base1-58,42402,Normal,7.26,1.44,5.88,9999.0,19.98
2026-05-31,cel25c-4,250320,Holofoil,186.62,158.66,216.08,2999.99,164.26
2026-05-31,gym2-2,83861,1st Edition Holofoil,894.61,969.69,1499.99,2140.0,
2026-05-31,gym2-2,83861,Unlimited Holofoil,521.82,499.99,599.5,1499.99,499.99
2026-05-31,neo1-9,86903,1st Edition Holofoil,1299.96,1899.99,8000.0,10000.0,1899.99
2026-05-31,neo1-9,86903,Unlimited Holofoil,511.14,300.0,389.3,654.0,
2026-05-31,sl-151-bundle,502000,Normal,191.86,184.0,224.99,2999.99,
2026-05-31,sl-151-etb,503313,Normal,657.93,600.0,716.09,1500.0,
2026-05-31,sl-151-upc,502005,Normal,1174.39,1042.0,1243.71,10000.0,
2026-05-31,sl-ar-box,265519,Normal,407.87,398.99,460.0,900.0,
2026-05-31,sl-base-box,185731,Normal,,100000.0,100000.0,100000.0,
2026-05-31,sl-bs-box,256141,Normal,609.28,645.0,740.0,5000.0,
2026-05-31,sl-cel-upc,245140,Normal,1269.52,1300.0,1926.84,200000.0,
2026-05-31,sl-champ-etb,218791,Normal,244.5,230.0,250.0,650.0,
2026-05-31,sl-cz-etb,453470,Normal,334.82,346.99,430.48,1000.0,
2026-05-31,sl-dr-box,624679,Normal,605.01,599.99,661.98,2185.0,
2026-05-31,sl-evs-box,242436,Normal,2702.54,2800.0,3199.0,12000.0,
2026-05-31,sl-evs-etb,243721,Normal,913.46,1198.99,1284.49,3499.98,
2026-05-31,sl-fs-box,247654,Normal,1134.67,1083.7,1344.93,3000.0,
2026-05-31,sl-hf-etb,194729,Normal,553.14,540.0,700.0,9999.98,
2026-05-31,sl-jp-151,565243,Normal,348.16,366.98,399.0,599.99,
2026-05-31,sl-jp-terastal,603428,Normal,123.72,117.7,148.5,250.0,
2026-05-31,sl-jt-box,610931,Normal,300.48,293.53,350.0,558.43,
2026-05-31,sl-lo-box,277324,Normal,779.03,812.99,985.0,2500.0,
2026-05-31,sl-me1-box,644298,Normal,330.77,318.0,346.24,999.99,
2026-05-31,sl-obf-box,501257,Normal,377.54,377.26,425.0,1000.0,
2026-05-31,sl-pe-etb,593355,Normal,173.86,1.0,200.0,2000.0,
2026-05-31,sl-pe-spc,622770,Normal,302.11,290.0,385.0,1500.0,
2026-05-31,sl-pf-etb,528040,Normal,537.92,475.0,561.5,800.0,
2026-05-31,sl-phf-box,654137,Normal,452.19,400.0,499.99,1000.0,
2026-05-31,sl-shf-etb,228821,Normal,158.26,134.74,199.97,500.0,
2026-05-31,sl-ss-box,565606,Normal,287.07,250.0,329.99,4999.99,
2026-05-31,sl-st-box,283389,Normal,547.5,582.97,649.97,1000.0,
2026-05-31,sl-tf-box,536225,Normal,333.3,320.0,359.51,599.99,
2026-05-31,sv2-185,497557,Normal,0.28,0.01,0.31,501.5,0.25
2026-05-31,sv2-185,497557,Reverse Holofoil,0.67,0.01,0.75,18.22,0.7
2026-05-31,sv2-254,497669,Holofoil,11.48,9.0,12.76,112.24,15.08
2026-05-31,sv2-269,497689,Holofoil,65.46,64.57,81.53,527.2,71.03
2026-05-31,sv3pt5-151,516566,Holofoil,8.48,5.99,9.02,108.2,12.92
2026-05-31,sv3pt5-199,517045,Holofoil,444.37,389.01,499.99,1000.0,407.0
2026-05-31,sv3pt5-205,517051,Holofoil,36.32,26.89,38.38,179.75,32.61
2026-05-31,sv3pt5-4,502555,Normal,0.14,0.01,0.21,20.0,
2026-05-31,sv3pt5-4,502555,Reverse Holofoil,0.36,0.01,0.38,19.97,0.25
2026-05-31,sv3pt5-6,502558,Holofoil,10.02,4.98,11.0,87.12,10.99
2026-05-31,sv3pt5-7,502548,Normal,0.25,0.03,0.25,19.52,
2026-05-31,sv3pt5-7,502548,Reverse Holofoil,0.4,0.01,0.38,1000.36,
2026-05-31,sv4pt5-234,535090,Holofoil,333.99,340.0,394.0,1669.95,449.94
2026-05-31,sv4pt5-54,534416,Holofoil,4.74,3.69,5.29,41.62,6.15
2026-05-31,sv8-57,590025,Holofoil,5.04,3.0,5.0,96.95,6.74
2026-05-31,sv8pt5-149,610504,Holofoil,287.29,275.99,372.35,2000.0,
2026-05-31,sv8pt5-155,610510,Holofoil,330.44,296.01,359.25,999.0,
2026-05-31,sv8pt5-156,610511,Holofoil,452.52,463.48,677.46,1998.94,633.6
2026-05-31,sv8pt5-161,610516,Holofoil,1570.01,1419.96,1787.5,5000.0,1774.95
2026-05-31,sv8pt5-167,610522,Holofoil,182.93,176.0,222.24,3009.8,224.48
2026-05-31,sv8pt5-179,610534,Holofoil,68.53,57.96,83.26,999.0,
2026-05-31,sv8pt5-28,610383,Holofoil,2.38,1.4,2.79,4321.0,
2026-05-31,sv8pt5-47,610402,Normal,0.05,0.01,0.13,999.0,0.01
2026-05-31,sv8pt5-47,610402,Reverse Holofoil,0.17,0.01,0.19,999.0,0.04
2026-05-31,sv8pt5-59,610414,Holofoil,0.36,0.01,0.39,4321.0,
2026-05-31,sv8pt5-59,610414,Reverse Holofoil,0.47,0.03,0.5,999.0,0.61
2026-05-31,sv8pt5-60,610415,Holofoil,8.45,5.0,8.86,5000.0,19.97
2026-05-31,svp-085,518861,Normal,983.63,971.25,1399.99,6999.37,1999.9
2026-05-31,swsh11-186,284137,Holofoil,827.7,819.69,999.99,4138.5,999.99
2026-05-31,swsh12-186,451834,Holofoil,490.44,486.27,597.84,3761.57,549.98
2026-05-31,swsh12pt5gg-GG69,478100,Holofoil,373.4,345.0,457.75,1865.06,457.75
2026-05-31,swsh35-25,223018,Normal,0.2,0.05,0.2,19.98,
2026-05-31,swsh35-25,223018,Reverse Holofoil,0.13,0.1,0.28,19.98,
2026-05-31,swsh35-74,223073,Holofoil,192.38,219.99,265.48,2300.0,248.47
2026-05-31,swsh45sv-SV107,232496,Holofoil,156.98,144.67,181.3,349.95,157.53
2026-05-31,swsh7-204,246693,Holofoil,34.93,33.11,43.66,289.9,40.24
2026-05-31,swsh7-205,246696,Holofoil,376.97,340.0,453.11,599.69,539.99
2026-05-31,swsh7-208,246755,Holofoil,37.6,38.98,44.88,270.1,40.0
2026-05-31,swsh7-209,246756,Holofoil,288.28,298.84,373.58,499.69,349.89
2026-05-31,swsh7-211,246702,Holofoil,55.37,52.79,61.34,450.0,64.97
2026-05-31,swsh7-212,246704,Holofoil,379.63,400.0,599.67,4249.73,499.98
2026-05-31,swsh7-215,246723,Holofoil,1954.94,1999.43,2523.96,6000.0,2527.91
2026-05-31,swsh7-218,246733,Holofoil,982.89,999.99,1461.35,1749.0,1494.69
2026-05-31,swsh7-41,246753,Holofoil,9.18,5.0,9.99,25.0,11.59
2026-05-31,swsh7-65,246690,Holofoil,15.05,12.69,16.22,512.01,18.05
2026-05-31,swsh7-75,246701,Holofoil,18.01,15.0,20.0,141.86,26.98
2026-05-31,swsh7-8,246691,Holofoil,9.47,5.01,10.86,507.17,13.47
2026-05-31,swsh8-271,253266,Holofoil,891.81,829.69,1007.55,2749.99,999.95
2026-05-31,swsh9-154,263873,Holofoil,351.89,289.5,399.97,1500.0,289.75
