date,asset_id,product_id,subtype,market,low,mid,high,direct_low
2026-02-01,base1-15,42355,Holofoil,132.65,97.97,139.28,999.98,
2026-02-01,base1-16,42356,Holofoil,49.4,24.92,41.76,120.0,
2026-02-01,base1-2,42360,Holofoil,164.09,109.0,149.99,499.99,
2026-02-01,base1-4,42382,Holofoil,462.35,354.94,659.99,1500.0,
2026-02-01,base1-58,42402,Normal,3.78,0.85,2.5,9999.0,
2026-02-01,cel25c-4,250320,Holofoil,158.37,159.77,198.91,499.99,158.37
2026-02-01,gym2-2,83861,1st Edition Holofoil,852.01,640.0,694.98,975.99,
2026-02-01,gym2-2,83861,Unlimited Holofoil,484.11,491.29,557.82,638.68,549.63
2026-02-01,neo1-9,86903,1st Edition Holofoil,1799.99,1798.75,1899.98,2700.0,1899.99
2026-02-01,neo1-9,86903,Unlimited Holofoil,440.97,349.0,394.99,815.0,
2026-02-01,sl-151-bundle,502000,Normal,117.75,107.05,129.99,999.99,
2026-02-01,sl-151-etb,503313,Normal,426.34,424.0,500.0,1000.0,
2026-02-01,sl-151-upc,502005,Normal,593.53,644.99,799.97,40000.0,
2026-02-01,sl-ar-box,265519,Normal,387.63,384.99,450.0,899.99,
2026-02-01,sl-bs-box,256141,Normal,576.14,530.0,650.0,1499.99,
2026-02-01,sl-cel-upc,245140,Normal,881.87,960.0,1200.0,154722.59,
2026-02-01,sl-champ-etb,218791,Normal,163.82,165.0,179.95,500.0,
2026-02-01,sl-cz-etb,453470,Normal,242.26,240.01,299.98,785.0,
2026-02-01,sl-dr-box,624679,Normal,529.58,549.99,654.99,6666.69,
2026-02-01,sl-evs-box,242436,Normal,2460.27,2633.99,3392.49,12000.0,
2026-02-01,sl-evs-etb,243721,Normal,747.2,849.0,999.98,2999.99,
2026-02-01,sl-fs-box,247654,Normal,966.07,990.99,1200.0,3200.0,
2026-02-01,sl-hf-etb,194729,Normal,426.44,440.0,525.0,9999.98,
2026-02-01,sl-jp-151,565243,Normal,212.83,213.01,239.2,489.59,
2026-02-01,sl-jp-terastal,603428,Normal,118.0,99.99,129.99,200.0,
2026-02-01,sl-jt-box,610931,Normal,245.59,249.99,276.47,551.0,
2026-02-01,sl-lo-box,277324,Normal,707.87,710.0,989.87,2500.0,
2026-02-01,sl-me1-box,644298,Normal,249.89,236.72,299.45,500.0,
2026-02-01,sl-obf-box,501257,Normal,297.9,305.0,360.0,799.99,
2026-02-01,sl-pe-etb,593355,Normal,138.36,129.95,157.2,1115.0,
2026-02-01,sl-pe-spc,622770,Normal,246.24,238.0,322.99,880.0,
2026-02-01,sl-pf-etb,528040,Normal,296.06,289.99,319.99,775.0,
2026-02-01,sl-phf-box,654137,Normal,282.81,275.0,300.0,1000.0,
2026-02-01,sl-shf-etb,228821,Normal,109.06,103.0,125.0,500.11,
2026-02-01,sl-ss-box,565606,Normal,255.27,259.99,330.0,4999.99,
2026-02-01,sl-st-box,283389,Normal,462.38,470.0,560.0,9999.99,
2026-02-01,sl-tf-box,536225,Normal,270.75,257.5,299.99,779.99,
2026-02-01,sv2-185,497557,Normal,0.31,0.05,0.39,501.5,
2026-02-01,sv2-185,497557,Reverse Holofoil,0.6,0.24,0.75,6.99,
2026-02-01,sv2-254,497669,Holofoil,13.68,11.0,14.81,52.5,
2026-02-01,sv2-269,497689,Holofoil,48.36,43.99,55.41,259.99,
2026-02-01,sv3pt5-151,516566,Holofoil,5.49,3.99,7.5,100.0,
2026-02-01,sv3pt5-199,517045,Holofoil,259.09,214.49,298.25,1000.0,270.24
2026-02-01,sv3pt5-205,517051,Holofoil,17.57,14.99,20.0,88.88,
2026-02-01,sv3pt5-4,502555,Normal,0.13,0.01,0.16,20.0,
2026-02-01,sv3pt5-4,502555,Reverse Holofoil,0.31,0.07,0.3,3.99,
2026-02-01,sv3pt5-6,502558,Holofoil,5.14,2.98,5.99,505.1,
2026-02-01,sv3pt5-7,502548,Normal,0.17,0.01,0.17,1.5,0.17
2026-02-01,sv3pt5-7,502548,Reverse Holofoil,0.28,0.01,0.25,50.0,0.23
2026-02-01,sv4pt5-234,535090,Holofoil,205.7,175.0,240.95,799.97,235.12
2026-02-01,sv4pt5-54,534416,Holofoil,3.75,2.62,4.0,60.0,
2026-02-01,sv8-57,590025,Holofoil,3.55,2.75,4.26,50.0,
2026-02-01,sv8pt5-149,610504,Holofoil,170.62,153.45,192.32,999.0,
2026-02-01,sv8pt5-155,610510,Holofoil,199.58,193.99,217.3,999.0,
2026-02-01,sv8pt5-156,610511,Holofoil,306.88,300.35,340.42,999.0,
2026-02-01,sv8pt5-161,610516,Holofoil,864.4,861.38,1050.08,5000.0,
2026-02-01,sv8pt5-167,610522,Holofoil,115.65,109.0,119.98,999.0,
2026-02-01,sv8pt5-179,610534,Holofoil,41.97,39.02,52.03,999.0,
2026-02-01,sv8pt5-28,610383,Holofoil,1.14,0.65,1.41,999.0,
2026-02-01,sv8pt5-47,610402,Normal,0.06,0.01,0.1,999.0,0.03
2026-02-01,sv8pt5-47,610402,Reverse Holofoil,0.11,0.01,0.14,999.0,0.07
2026-02-01,sv8pt5-59,610414,Holofoil,0.26,0.01,0.27,999.0,0.14
2026-02-01,sv8pt5-59,610414,Reverse Holofoil,0.3,0.01,0.37,999.0,0.27
2026-02-01,sv8pt5-60,610415,Holofoil,4.61,3.56,4.99,999.0,
2026-02-01,svp-085,518861,Normal,503.66,500.0,699.94,2500.0,
2026-02-01,swsh11-186,284137,Holofoil,658.24,512.3,649.99,1500.0,789.99
2026-02-01,swsh12-186,451834,Holofoil,356.4,333.98,398.88,2000.0,373.49
2026-02-01,swsh12pt5gg-GG69,478100,Holofoil,210.36,198.99,238.26,1000.0,249.99
2026-02-01,swsh35-25,223018,Normal,0.12,0.04,0.17,1.82,
2026-02-01,swsh35-25,223018,Reverse Holofoil,0.28,0.1,0.28,2.0,
2026-02-01,swsh35-74,223073,Holofoil,180.32,130.0,199.99,1500.0,224.68
2026-02-01,swsh45sv-SV107,232496,Holofoil,134.23,112.64,157.73,500.0,149.99
2026-02-01,swsh7-204,246693,Holofoil,30.84,29.49,33.07,150.0,35.99
2026-02-01,swsh7-205,246696,Holofoil,324.33,287.54,359.97,600.0,314.99
2026-02-01,swsh7-208,246755,Holofoil,28.9,27.0,31.35,61.99,30.57
2026-02-01,swsh7-209,246756,Holofoil,270.63,230.0,280.0,450.0,239.98
2026-02-01,swsh7-211,246702,Holofoil,52.07,38.12,55.15,74.95,55.29
2026-02-01,swsh7-212,246704,Holofoil,340.82,282.62,347.09,1000.0,410.09
2026-02-01,swsh7-215,246723,Holofoil,1789.97,1500.0,2000.0,4000.0,1994.99
2026-02-01,swsh7-218,246733,Holofoil,660.55,525.0,680.24,950.0,699.93
2026-02-01,swsh7-41,246753,Holofoil,5.06,3.5,5.86,19.99,8.99
2026-02-01,swsh7-65,246690,Holofoil,10.23,9.0,11.88,500.0,
2026-02-01,swsh7-75,246701,Holofoil,13.17,9.99,14.09,50.0,19.99
2026-02-01,swsh7-8,246691,Holofoil,6.73,4.01,7.01,100.0,13.26
2026-02-01,swsh8-271,253266,Holofoil,735.27,649.99,849.99,1499.95,819.99
2026-02-01,swsh9-154,263873,Holofoil,244.82,224.98,320.0,1500.0,265.49
2026-02-02,base1-15,42355,Holofoil,132.65,95.97,139.02,999.98,
2026-02-02,base1-16,42356,Holofoil,49.4,25.95,48.2,120.0,
2026-02-02,base1-2,42360,Holofoil,163.86,109.0,149.99,499.99,
2026-02-02,base1-4,42382,Holofoil,462.35,354.94,659.99,1500.0,
2026-02-02,base1-58,42402,Normal,3.82,0.85,2.5,9999.0,
2026-02-02,cel25c-4,250320,Holofoil,158.19,164.76,196.0,499.99,190.13
2026-02-02,gym2-2,83861,1st Edition Holofoil,852.01,599.99,640.0,975.99,
2026-02-02,gym2-2,83861,Unlimited Holofoil,484.11,499.98,566.83,651.68,567.66
2026-02-02,neo1-9,86903,1st Edition Holofoil,1799.99,1798.75,1899.98,2700.0,1899.99
2026-02-02,neo1-9,86903,Unlimited Holofoil,438.14,349.0,393.99,815.0,
2026-02-02,sl-151-bundle,502000,Normal,117.78,107.05,130.0,999.99,
2026-02-02,sl-151-etb,503313,Normal,432.94,420.0,500.0,1000.0,
2026-02-02,sl-151-upc,502005,Normal,603.33,644.99,799.97,40000.0,
2026-02-02,sl-ar-box,265519,Normal,388.03,380.0,450.0,899.99,
2026-02-02,sl-bs-box,256141,Normal,573.84,530.0,650.0,1499.99,
2026-02-02,sl-cel-upc,245140,Normal,886.97,960.0,1141.47,154722.59,
2026-02-02,sl-champ-etb,218791,Normal,163.62,165.0,179.98,500.0,
2026-02-02,sl-cz-etb,453470,Normal,244.22,248.99,299.99,785.0,
2026-02-02,sl-dr-box,624679,Normal,548.45,549.99,650.0,6666.69,
2026-02-02,sl-evs-box,242436,Normal,2460.27,2630.0,3389.99,12000.0,
2026-02-02,sl-evs-etb,243721,Normal,744.85,849.0,999.98,2999.99,
2026-02-02,sl-fs-box,247654,Normal,966.07,990.99,1200.0,3200.0,
2026-02-02,sl-hf-etb,194729,Normal,426.44,440.0,525.0,9999.98,
2026-02-02,sl-jp-151,565243,Normal,215.85,217.5,249.5,489.59,
2026-02-02,sl-jp-terastal,603428,Normal,117.72,99.99,129.99,200.0,
2026-02-02,sl-jt-box,610931,Normal,245.59,249.99,272.5,551.0,
2026-02-02,sl-lo-box,277324,Normal,707.87,710.0,967.5,2500.0,
2026-02-02,sl-me1-box,644298,Normal,253.22,236.72,298.9,500.0,
2026-02-02,sl-obf-box,501257,Normal,298.82,305.0,360.0,799.99,
2026-02-02,sl-pe-etb,593355,Normal,137.72,130.0,155.55,1115.0,
2026-02-02,sl-pe-spc,622770,Normal,243.23,243.23,324.0,880.0,
2026-02-02,sl-pf-etb,528040,Normal,296.22,289.99,319.99,775.0,
2026-02-02,sl-phf-box,654137,Normal,278.48,275.0,300.0,1000.0,
2026-02-02,sl-shf-etb,228821,Normal,109.46,100.0,125.0,500.11,
2026-02-02,sl-ss-box,565606,Normal,259.35,263.22,327.47,4999.99,
2026-02-02,sl-st-box,283389,Normal,462.38,470.0,560.0,9999.99,
2026-02-02,sl-tf-box,536225,Normal,270.75,257.5,289.99,779.99,
2026-02-02,sv2-185,497557,Normal,0.24,0.15,0.38,501.5,
2026-02-02,sv2-185,497557,Reverse Holofoil,0.59,0.2,0.75,10.0,
2026-02-02,sv2-254,497669,Holofoil,13.65,11.0,14.78,52.5,
2026-02-02,sv2-269,497689,Holofoil,48.4,44.49,55.7,259.99,
2026-02-02,sv3pt5-151,516566,Holofoil,5.37,3.99,7.5,100.0,
2026-02-02,sv3pt5-199,517045,Holofoil,258.8,218.17,299.99,1000.0,
2026-02-02,sv3pt5-205,517051,Holofoil,17.26,14.99,20.0,88.88,
2026-02-02,sv3pt5-4,502555,Normal,0.14,0.01,0.16,20.0,
2026-02-02,sv3pt5-4,502555,Reverse Holofoil,0.35,0.07,0.3,3.99,
2026-02-02,sv3pt5-6,502558,Holofoil,5.57,2.98,5.99,505.1,
2026-02-02,sv3pt5-7,502548,Normal,0.16,0.01,0.17,2.0,
2026-02-02,sv3pt5-7,502548,Reverse Holofoil,0.26,0.01,0.25,50.0,0.25
2026-02-02,sv4pt5-234,535090,Holofoil,202.76,175.0,241.9,799.97,235.12
2026-02-02,sv4pt5-54,534416,Holofoil,3.45,2.62,3.99,60.0,
2026-02-02,sv8-57,590025,Holofoil,3.89,1.56,4.3,25.0,
2026-02-02,sv8pt5-149,610504,Holofoil,170.37,153.45,192.46,999.0,
2026-02-02,sv8pt5-155,610510,Holofoil,199.82,195.99,217.58,999.0,
2026-02-02,sv8pt5-156,610511,Holofoil,306.88,299.04,340.42,999.0,
2026-02-02,sv8pt5-161,610516,Holofoil,839.67,796.1,1045.0,5000.0,
2026-02-02,sv8pt5-167,610522,Holofoil,115.99,104.97,120.25,999.0,
2026-02-02,sv8pt5-179,610534,Holofoil,42.36,39.02,52.39,999.0,
2026-02-02,sv8pt5-28,610383,Holofoil,1.61,0.69,1.5,999.0,
2026-02-02,sv8pt5-47,610402,Normal,0.06,0.01,0.1,999.0,0.03
2026-02-02,sv8pt5-47,610402,Reverse Holofoil,0.1,0.01,0.14,999.0,0.07
2026-02-02,sv8pt5-59,610414,Holofoil,0.26,0.01,0.27,999.0,0.14
2026-02-02,sv8pt5-59,610414,Reverse Holofoil,0.32,0.01,0.38,999.0,0.3
2026-02-02,sv8pt5-60,610415,Holofoil,4.82,3.56,5.0,999.0,
2026-02-02,svp-085,518861,Normal,503.66,500.0,699.94,2500.0,
2026-02-02,swsh11-186,284137,Holofoil,658.24,510.84,649.99,1500.0,789.99
2026-02-02,swsh12-186,451834,Holofoil,356.4,333.98,397.69,2000.0,343.95
2026-02-02,swsh12pt5gg-GG69,478100,Holofoil,211.05,198.99,234.0,1000.0,220.24
2026-02-02,swsh35-25,223018,Normal,0.12,0.04,0.17,1.82,
2026-02-02,swsh35-25,223018,Reverse Holofoil,0.28,0.1,0.28,2.0,
2026-02-02,swsh35-74,223073,Holofoil,180.32,130.0,199.99,1500.0,224.68
2026-02-02,swsh45sv-SV107,232496,Holofoil,133.29,108.65,159.99,500.0,149.99
2026-02-02,swsh7-204,246693,Holofoil,30.74,29.49,33.0,150.0,35.99
2026-02-02,swsh7-205,246696,Holofoil,324.33,287.54,359.97,600.0,314.99
2026-02-02,swsh7-208,246755,Holofoil,28.9,27.0,31.43,61.99,30.57
2026-02-02,swsh7-209,246756,Holofoil,270.63,230.05,280.59,450.0,239.98
2026-02-02,swsh7-211,246702,Holofoil,52.07,38.12,54.71,74.95,55.29
2026-02-02,swsh7-212,246704,Holofoil,340.82,282.62,351.32,1000.0,410.09
2026-02-02,swsh7-215,246723,Holofoil,1789.97,1500.0,2000.0,4000.0,1994.99
2026-02-02,swsh7-218,246733,Holofoil,660.55,525.0,699.93,950.0,699.93
2026-02-02,swsh7-41,246753,Holofoil,5.36,3.5,6.0,19.99,9.99
2026-02-02,swsh7-65,246690,Holofoil,10.18,9.0,11.91,500.0,
2026-02-02,swsh7-75,246701,Holofoil,13.14,9.99,14.27,50.0,19.99
2026-02-02,swsh7-8,246691,Holofoil,6.83,4.69,7.01,100.0,16.67
2026-02-02,swsh8-271,253266,Holofoil,735.27,649.99,849.99,1499.95,819.99
2026-02-02,swsh9-154,263873,Holofoil,244.82,224.98,296.5,1500.0,265.49
2026-02-03,base1-15,42355,Holofoil,132.65,85.41,138.76,999.98,
2026-02-03,base1-16,42356,Holofoil,49.4,25.95,49.37,120.0,120.0
2026-02-03,base1-2,42360,Holofoil,163.86,109.0,143.75,499.99,
2026-02-03,base1-4,42382,Holofoil,462.35,354.94,599.99,1500.0,
2026-02-03,base1-58,42402,Normal,3.78,0.85,2.5,9999.0,
2026-02-03,cel25c-4,250320,Holofoil,170.43,164.76,200.39,499.99,180.75
2026-02-03,gym2-2,83861,1st Edition Holofoil,852.01,599.99,640.0,975.99,
2026-02-03,gym2-2,83861,Unlimited Holofoil,484.11,499.98,566.83,651.66,567.66
2026-02-03,neo1-9,86903,1st Edition Holofoil,1799.99,1798.75,1899.98,2700.0,1899.99
2026-02-03,neo1-9,86903,Unlimited Holofoil,438.14,349.0,394.99,815.0,
2026-02-03,sl-151-bundle,502000,Normal,117.8,107.05,130.0,999.99,
2026-02-03,sl-151-etb,503313,Normal,436.74,420.0,499.99,1000.0,
2026-02-03,sl-151-upc,502005,Normal,603.33,644.99,799.97,40000.0,
2026-02-03,sl-ar-box,265519,Normal,388.27,380.0,450.0,899.99,
2026-02-03,sl-bs-box,256141,Normal,573.84,530.0,675.0,1499.99,
2026-02-03,sl-cel-upc,245140,Normal,891.37,960.0,1182.95,154722.59,
2026-02-03,sl-champ-etb,218791,Normal,163.62,165.0,179.0,500.0,
2026-02-03,sl-cz-etb,453470,Normal,246.3,245.99,299.99,785.0,
2026-02-03,sl-dr-box,624679,Normal,577.46,549.99,648.99,2185.0,
2026-02-03,sl-evs-box,242436,Normal,2460.27,2630.0,3389.99,12000.0,
2026-02-03,sl-evs-etb,243721,Normal,744.85,849.0,999.49,2999.99,
2026-02-03,sl-fs-box,247654,Normal,966.07,990.99,1200.0,3200.0,
2026-02-03,sl-hf-etb,194729,Normal,425.64,440.0,500.0,9999.98,
2026-02-03,sl-jp-151,565243,Normal,215.52,195.0,232.25,489.59,
2026-02-03,sl-jp-terastal,603428,Normal,117.45,99.99,129.99,200.0,
2026-02-03,sl-jt-box,610931,Normal,245.57,249.99,272.5,551.0,
2026-02-03,sl-lo-box,277324,Normal,707.87,710.0,942.0,2500.0,
2026-02-03,sl-me1-box,644298,Normal,252.47,239.9,298.9,500.0,
2026-02-03,sl-obf-box,501257,Normal,298.82,305.0,355.0,799.99,
2026-02-03,sl-pe-etb,593355,Normal,137.31,130.0,158.15,1115.0,
2026-02-03,sl-pe-spc,622770,Normal,248.54,259.99,330.0,880.0,
2026-02-03,sl-pf-etb,528040,Normal,297.34,289.99,319.99,775.0,
2026-02-03,sl-phf-box,654137,Normal,284.42,283.6,300.0,1000.0,
2026-02-03,sl-shf-etb,228821,Normal,109.58,100.0,125.0,500.11,
2026-02-03,sl-ss-box,565606,Normal,268.06,262.01,336.0,4999.99,
2026-02-03,sl-st-box,283389,Normal,466.65,470.0,560.0,9999.99,
2026-02-03,sl-tf-box,536225,Normal,270.27,257.5,289.99,779.99,
2026-02-03,sv2-185,497557,Normal,0.23,0.14,0.37,501.5,0.28
2026-02-03,sv2-185,497557,Reverse Holofoil,0.58,0.19,0.75,10.0,1.38
2026-02-03,sv2-254,497669,Holofoil,13.75,11.0,14.81,52.5,15.1
2026-02-03,sv2-269,497689,Holofoil,48.29,44.0,55.1,259.99,
2026-02-03,sv3pt5-151,516566,Holofoil,5.87,4.96,7.5,100.0,5.19
2026-02-03,sv3pt5-199,517045,Holofoil,258.59,218.17,299.95,1000.0,270.24
2026-02-03,sv3pt5-205,517051,Holofoil,17.46,14.99,20.0,88.88,20.2
2026-02-03,sv3pt5-4,502555,Normal,0.13,0.01,0.16,20.0,0.14
2026-02-03,sv3pt5-4,502555,Reverse Holofoil,0.36,0.07,0.3,3.99,
2026-02-03,sv3pt5-6,502558,Holofoil,5.66,2.98,5.99,505.1,6.91
2026-02-03,sv3pt5-7,502548,Normal,0.17,0.01,0.18,2.0,0.17
2026-02-03,sv3pt5-7,502548,Reverse Holofoil,0.27,0.01,0.25,50.0,0.25
2026-02-03,sv4pt5-234,535090,Holofoil,203.13,173.99,241.9,799.97,235.12
2026-02-03,sv4pt5-54,534416,Holofoil,3.79,2.62,3.98,60.0,4.05
2026-02-03,sv8-57,590025,Holofoil,3.83,2.74,4.25,25.0,5.22
2026-02-03,sv8pt5-149,610504,Holofoil,170.37,153.76,192.17,999.0,
2026-02-03,sv8pt5-155,610510,Holofoil,199.78,195.99,219.5,999.0,
2026-02-03,sv8pt5-156,610511,Holofoil,307.47,299.04,340.42,999.0,334.15
2026-02-03,sv8pt5-161,610516,Holofoil,845.06,802.9,1100.0,5000.0,1118.13
2026-02-03,sv8pt5-167,610522,Holofoil,115.99,108.89,120.23,999.0,
2026-02-03,sv8pt5-179,610534,Holofoil,42.4,40.0,52.41,999.0,
2026-02-03,sv8pt5-28,610383,Holofoil,1.55,0.69,1.5,999.0,
2026-02-03,sv8pt5-47,610402,Normal,0.06,0.01,0.1,999.0,0.03
2026-02-03,sv8pt5-47,610402,Reverse Holofoil,0.13,0.01,0.15,999.0,0.07
2026-02-03,sv8pt5-59,610414,Holofoil,0.23,0.01,0.26,999.0,0.19
2026-02-03,sv8pt5-59,610414,Reverse Holofoil,0.32,0.01,0.37,999.0,0.29
2026-02-03,sv8pt5-60,610415,Holofoil,4.4,3.28,4.99,999.0,5.32
2026-02-03,svp-085,518861,Normal,501.88,500.0,699.95,2500.0,
2026-02-03,swsh11-186,284137,Holofoil,658.24,510.84,650.0,1500.0,699.99
2026-02-03,swsh12-186,451834,Holofoil,356.4,333.98,397.62,2000.0,343.95
2026-02-03,swsh12pt5gg-GG69,478100,Holofoil,211.01,204.06,232.0,1000.0,220.23
2026-02-03,swsh35-25,223018,Normal,0.12,0.04,0.17,1.82,
2026-02-03,swsh35-25,223018,Reverse Holofoil,0.28,0.1,0.28,2.0,
2026-02-03,swsh35-74,223073,Holofoil,179.71,130.0,199.99,1500.0,218.3
2026-02-03,swsh45sv-SV107,232496,Holofoil,134.32,108.65,159.99,500.0,149.99
2026-02-03,swsh7-204,246693,Holofoil,30.74,29.49,32.99,150.0,39.95
2026-02-03,swsh7-205,246696,Holofoil,324.33,287.54,350.0,600.0,314.99
2026-02-03,swsh7-208,246755,Holofoil,28.9,26.99,31.02,61.99,29.77
2026-02-03,swsh7-209,246756,Holofoil,270.63,230.05,279.72,450.0,239.98
2026-02-03,swsh7-211,246702,Holofoil,51.87,38.12,52.75,74.95,55.3
2026-02-03,swsh7-212,246704,Holofoil,340.82,282.62,350.0,1000.0,410.09
2026-02-03,swsh7-215,246723,Holofoil,1784.53,1500.0,2026.15,4000.0,1994.99
2026-02-03,swsh7-218,246733,Holofoil,660.55,525.0,680.24,950.0,699.93
2026-02-03,swsh7-41,246753,Holofoil,5.55,3.0,5.99,24.97,5.16
2026-02-03,swsh7-65,246690,Holofoil,11.24,8.74,12.0,500.0,10.46
2026-02-03,swsh7-75,246701,Holofoil,13.32,9.99,14.42,50.0,12.76
2026-02-03,swsh7-8,246691,Holofoil,6.99,4.92,7.18,100.0,16.98
2026-02-03,swsh8-271,253266,Holofoil,735.27,649.99,839.14,1499.95,819.99
2026-02-03,swsh9-154,263873,Holofoil,244.82,224.98,293.78,1500.0,265.49
2026-02-04,base1-15,42355,Holofoil,132.61,85.4,133.0,999.98,
2026-02-04,base1-16,42356,Holofoil,49.98,26.34,49.65,120.0,120.0
2026-02-04,base1-2,42360,Holofoil,165.46,109.0,152.84,499.99,85.0
2026-02-04,base1-4,42382,Holofoil,468.35,354.94,599.99,1500.0,
2026-02-04,base1-58,42402,Normal,4.2,0.85,2.14,9999.0,9.97
2026-02-04,cel25c-4,250320,Holofoil,173.63,164.76,200.0,499.99,180.75
2026-02-04,gym2-2,83861,1st Edition Holofoil,852.01,599.99,640.0,975.99,
2026-02-04,gym2-2,83861,Unlimited Holofoil,484.11,499.98,566.83,651.66,567.66
2026-02-04,neo1-9,86903,1st Edition Holofoil,1799.99,1798.75,1899.98,2700.0,1899.99
2026-02-04,neo1-9,86903,Unlimited Holofoil,438.14,349.0,394.99,815.0,
2026-02-04,sl-151-bundle,502000,Normal,118.27,107.05,130.0,999.99,
2026-02-04,sl-151-etb,503313,Normal,440.1,420.0,499.99,1000.0,
2026-02-04,sl-151-upc,502005,Normal,605.73,644.99,799.97,40000.0,
2026-02-04,sl-ar-box,265519,Normal,388.27,380.0,450.0,899.99,
2026-02-04,sl-bs-box,256141,Normal,570.48,540.0,675.0,1499.99,
2026-02-04,sl-cel-upc,245140,Normal,891.37,960.0,1099.99,154722.59,
2026-02-04,sl-champ-etb,218791,Normal,163.62,165.0,178.5,500.0,
2026-02-04,sl-cz-etb,453470,Normal,248.78,248.99,299.99,785.0,
2026-02-04,sl-dr-box,624679,Normal,585.01,549.99,648.99,2185.0,
2026-02-04,sl-evs-box,242436,Normal,2460.27,2630.0,3385.0,12000.0,
2026-02-04,sl-evs-etb,243721,Normal,744.85,849.0,999.49,2999.99,
2026-02-04,sl-fs-box,247654,Normal,966.07,990.99,1200.0,3200.0,
2026-02-04,sl-hf-etb,194729,Normal,426.44,448.0,525.0,9999.98,
2026-02-04,sl-jp-151,565243,Normal,215.33,217.5,235.0,489.59,
2026-02-04,sl-jp-terastal,603428,Normal,117.45,99.99,129.99,200.0,
2026-02-04,sl-jt-box,610931,Normal,247.41,249.99,276.47,551.0,
2026-02-04,sl-lo-box,277324,Normal,707.87,710.0,934.0,2500.0,
2026-02-04,sl-me1-box,644298,Normal,252.01,252.0,298.93,500.0,
2026-02-04,sl-obf-box,501257,Normal,298.46,305.0,367.69,799.99,
2026-02-04,sl-pe-etb,593355,Normal,138.11,129.99,155.55,1115.0,
2026-02-04,sl-pe-spc,622770,Normal,255.3,259.99,327.5,880.0,
2026-02-04,sl-pf-etb,528040,Normal,297.5,289.99,320.0,775.0,
2026-02-04,sl-phf-box,654137,Normal,292.07,283.6,300.0,1000.0,
2026-02-04,sl-shf-etb,228821,Normal,109.26,100.0,125.0,500.11,
2026-02-04,sl-ss-box,565606,Normal,270.74,262.01,334.98,4999.99,
2026-02-04,sl-st-box,283389,Normal,466.65,458.0,560.0,9999.99,
2026-02-04,sl-tf-box,536225,Normal,270.35,257.5,294.99,779.99,
2026-02-04,sv2-185,497557,Normal,0.23,0.05,0.37,501.5,0.28
2026-02-04,sv2-185,497557,Reverse Holofoil,0.63,0.19,0.75,10.0,0.99
2026-02-04,sv2-254,497669,Holofoil,13.51,11.0,14.82,52.5,15.1
2026-02-04,sv2-269,497689,Holofoil,48.29,44.0,55.0,259.99,55.2
2026-02-04,sv3pt5-151,516566,Holofoil,5.95,4.5,7.49,100.0,6.71
2026-02-04,sv3pt5-199,517045,Holofoil,258.19,218.17,299.99,1000.0,270.24
2026-02-04,sv3pt5-205,517051,Holofoil,17.16,14.76,19.99,88.88,24.4
2026-02-04,sv3pt5-4,502555,Normal,0.14,0.01,0.16,20.0,0.13
2026-02-04,sv3pt5-4,502555,Reverse Holofoil,0.34,0.07,0.3,2.95,0.24
2026-02-04,sv3pt5-6,502558,Holofoil,5.49,2.98,5.99,505.1,5.84
2026-02-04,sv3pt5-7,502548,Normal,0.16,0.01,0.17,2.0,0.17
2026-02-04,sv3pt5-7,502548,Reverse Holofoil,0.29,0.01,0.26,50.0,0.22
2026-02-04,sv4pt5-234,535090,Holofoil,204.67,175.0,241.9,799.97,235.12
2026-02-04,sv4pt5-54,534416,Holofoil,3.87,2.6,3.98,60.0,4.39
2026-02-04,sv8-57,590025,Holofoil,3.9,2.69,4.25,25.0,5.62
2026-02-04,sv8pt5-149,610504,Holofoil,169.57,153.76,191.98,999.0,
2026-02-04,sv8pt5-155,610510,Holofoil,199.86,196.25,219.95,999.0,
2026-02-04,sv8pt5-156,610511,Holofoil,307.87,299.04,340.42,999.0,334.15
2026-02-04,sv8pt5-161,610516,Holofoil,845.06,802.9,1065.04,5000.0,1118.1
2026-02-04,sv8pt5-167,610522,Holofoil,115.76,98.99,120.23,999.0,
2026-02-04,sv8pt5-179,610534,Holofoil,42.35,42.43,53.7,999.0,
2026-02-04,sv8pt5-28,610383,Holofoil,1.45,0.69,1.5,999.0,2.09
2026-02-04,sv8pt5-47,610402,Normal,0.07,0.01,0.1,999.0,0.03
2026-02-04,sv8pt5-47,610402,Reverse Holofoil,0.09,0.01,0.14,999.0,0.07
2026-02-04,sv8pt5-59,610414,Holofoil,0.25,0.01,0.26,999.0,0.19
2026-02-04,sv8pt5-59,610414,Reverse Holofoil,0.31,0.07,0.37,999.0,0.28
2026-02-04,sv8pt5-60,610415,Holofoil,4.25,3.56,4.99,999.0,
2026-02-04,svp-085,518861,Normal,501.88,500.0,699.95,2500.0,
2026-02-04,swsh11-186,284137,Holofoil,658.24,510.84,650.0,1500.0,699.99
2026-02-04,swsh12-186,451834,Holofoil,356.15,333.98,399.99,2000.0,373.49
2026-02-04,swsh12pt5gg-GG69,478100,Holofoil,211.42,204.06,228.58,1000.0,220.23
2026-02-04,swsh35-25,223018,Normal,0.13,0.04,0.17,1.82,
2026-02-04,swsh35-25,223018,Reverse Holofoil,0.29,0.1,0.29,2.0,
2026-02-04,swsh35-74,223073,Holofoil,179.71,130.0,212.49,1500.0,218.3
2026-02-04,swsh45sv-SV107,232496,Holofoil,133.93,108.65,159.99,500.0,149.99
2026-02-04,swsh7-204,246693,Holofoil,30.64,25.19,32.99,150.0,39.95
2026-02-04,swsh7-205,246696,Holofoil,324.33,287.54,356.18,600.0,363.97
2026-02-04,swsh7-208,246755,Holofoil,28.92,26.99,31.11,61.99,29.78
2026-02-04,swsh7-209,246756,Holofoil,272.23,231.4,283.47,450.0,239.99
2026-02-04,swsh7-211,246702,Holofoil,52.03,38.12,52.91,74.95,55.3
2026-02-04,swsh7-212,246704,Holofoil,339.74,282.62,350.0,1000.0,410.09
2026-02-04,swsh7-215,246723,Holofoil,1784.53,1500.0,2052.3,4000.0,1994.99
2026-02-04,swsh7-218,246733,Holofoil,660.55,510.0,660.0,950.0,659.99
2026-02-04,swsh7-41,246753,Holofoil,5.57,3.0,5.99,24.97,5.16
2026-02-04,swsh7-65,246690,Holofoil,11.26,8.74,12.0,500.0,16.42
2026-02-04,swsh7-75,246701,Holofoil,13.45,9.99,14.6,50.0,19.89
2026-02-04,swsh7-8,246691,Holofoil,6.99,4.9,7.09,100.0,15.99
2026-02-04,swsh8-271,253266,Holofoil,735.27,649.99,839.14,1499.95,819.99
2026-02-04,swsh9-154,263873,Holofoil,244.82,224.98,295.0,1500.0,265.49
2026-02-05,base1-15,42355,Holofoil,132.61,85.85,133.35,999.98,
2026-02-05,base1-16,42356,Holofoil,50.52,26.34,49.34,120.0,28.34
2026-02-05,base1-2,42360,Holofoil,165.46,100.0,149.99,499.99,85.0
2026-02-05,base1-4,42382,Holofoil,468.35,330.0,599.99,1500.0,
2026-02-05,base1-58,42402,Normal,4.2,0.85,2.29,9999.0,4.84
2026-02-05,cel25c-4,250320,Holofoil,175.07,129.98,200.0,499.99,180.75
2026-02-05,gym2-2,83861,1st Edition Holofoil,852.01,599.99,640.0,975.99,
2026-02-05,gym2-2,83861,Unlimited Holofoil,484.11,490.0,566.0,638.7,556.36
2026-02-05,neo1-9,86903,1st Edition Holofoil,1799.99,1798.75,1899.98,2700.0,1899.99
2026-02-05,neo1-9,86903,Unlimited Holofoil,438.14,349.0,393.99,815.0,
2026-02-05,sl-151-bundle,502000,Normal,117.67,107.05,130.0,999.99,
2026-02-05,sl-151-etb,503313,Normal,440.1,420.0,499.99,1000.0,
2026-02-05,sl-151-upc,502005,Normal,611.13,644.99,799.99,40000.0,
2026-02-05,sl-ar-box,265519,Normal,388.27,380.0,450.0,899.99,
2026-02-05,sl-bs-box,256141,Normal,571.08,540.0,675.0,1499.99,
2026-02-05,sl-cel-upc,245140,Normal,891.37,960.0,1141.47,154722.59,
2026-02-05,sl-champ-etb,218791,Normal,163.62,165.0,178.5,500.0,
2026-02-05,sl-cz-etb,453470,Normal,248.78,240.78,299.99,785.0,
2026-02-05,sl-dr-box,624679,Normal,577.32,549.99,630.0,2185.0,
2026-02-05,sl-evs-box,242436,Normal,2473.63,2620.0,3389.99,12000.0,
2026-02-05,sl-evs-etb,243721,Normal,744.85,848.99,999.49,2999.99,
2026-02-05,sl-fs-box,247654,Normal,966.07,990.99,1200.0,3200.0,
2026-02-05,sl-hf-etb,194729,Normal,427.56,450.0,555.0,9999.98,
2026-02-05,sl-jp-151,565243,Normal,215.88,219.5,235.0,489.59,
2026-02-05,sl-jp-terastal,603428,Normal,118.04,99.99,130.0,200.0,
2026-02-05,sl-jt-box,610931,Normal,247.81,249.99,274.99,551.0,
2026-02-05,sl-lo-box,277324,Normal,709.03,710.0,950.0,2500.0,
2026-02-05,sl-me1-box,644298,Normal,252.14,253.0,298.93,500.0,
2026-02-05,sl-obf-box,501257,Normal,299.26,305.0,363.85,799.99,
2026-02-05,sl-pe-etb,593355,Normal,139.11,132.0,159.0,1115.0,
2026-02-05,sl-pe-spc,622770,Normal,257.11,259.99,330.0,880.0,
2026-02-05,sl-pf-etb,528040,Normal,297.58,289.99,320.0,775.0,
2026-02-05,sl-phf-box,654137,Normal,292.74,283.6,300.0,1000.0,
2026-02-05,sl-shf-etb,228821,Normal,108.62,102.0,125.0,500.11,
2026-02-05,sl-ss-box,565606,Normal,273.4,275.0,335.49,4999.99,
2026-02-05,sl-st-box,283389,Normal,466.49,458.0,550.0,9999.99,
2026-02-05,sl-tf-box,536225,Normal,269.88,257.5,299.99,779.99,
2026-02-05,sv2-185,497557,Normal,0.31,0.05,0.38,501.5,0.31
2026-02-05,sv2-185,497557,Reverse Holofoil,0.62,0.19,0.75,10.0,0.68
2026-02-05,sv2-254,497669,Holofoil,13.51,11.0,14.62,52.5,15.1
2026-02-05,sv2-269,497689,Holofoil,48.29,44.77,55.0,259.99,55.2
2026-02-05,sv3pt5-151,516566,Holofoil,6.1,4.49,7.5,100.0,6.77
2026-02-05,sv3pt5-199,517045,Holofoil,258.12,218.17,300.86,1000.0,268.6
2026-02-05,sv3pt5-205,517051,Holofoil,17.36,14.76,19.99,88.88,19.86
2026-02-05,sv3pt5-4,502555,Normal,0.12,0.01,0.16,20.0,0.13
2026-02-05,sv3pt5-4,502555,Reverse Holofoil,0.3,0.07,0.3,2.95,0.2
2026-02-05,sv3pt5-6,502558,Holofoil,6.79,2.98,6.02,505.1,5.55
2026-02-05,sv3pt5-7,502548,Normal,0.16,0.01,0.17,2.0,0.17
2026-02-05,sv3pt5-7,502548,Reverse Holofoil,0.3,0.01,0.26,50.0,0.22
2026-02-05,sv4pt5-234,535090,Holofoil,205.03,175.0,243.75,799.97,225.27
2026-02-05,sv4pt5-54,534416,Holofoil,3.67,2.5,3.88,60.0,3.48
2026-02-05,sv8-57,590025,Holofoil,3.69,2.59,4.25,25.0,4.64
2026-02-05,sv8pt5-149,610504,Holofoil,169.27,130.0,192.17,999.0,
2026-02-05,sv8pt5-155,610510,Holofoil,199.06,196.25,221.81,999.0,
2026-02-05,sv8pt5-156,610511,Holofoil,307.87,299.0,340.42,999.0,334.15
2026-02-05,sv8pt5-161,610516,Holofoil,967.79,856.85,1079.99,5000.0,1118.1
2026-02-05,sv8pt5-167,610522,Holofoil,115.76,98.99,120.48,999.0,
2026-02-05,sv8pt5-179,610534,Holofoil,43.81,40.0,55.12,999.0,47.99
2026-02-05,sv8pt5-28,610383,Holofoil,1.27,0.69,1.5,999.0,2.09
2026-02-05,sv8pt5-47,610402,Normal,0.06,0.01,0.1,999.0,0.03
2026-02-05,sv8pt5-47,610402,Reverse Holofoil,0.09,0.01,0.14,999.0,0.07
2026-02-05,sv8pt5-59,610414,Holofoil,0.32,0.01,0.26,999.0,0.2
2026-02-05,sv8pt5-59,610414,Reverse Holofoil,0.33,0.07,0.37,999.0,0.28
2026-02-05,sv8pt5-60,610415,Holofoil,4.43,3.56,4.99,999.0,4.99
2026-02-05,svp-085,518861,Normal,500.92,500.0,699.95,2500.0,
2026-02-05,swsh11-186,284137,Holofoil,665.45,510.84,649.98,1500.0,789.99
2026-02-05,swsh12-186,451834,Holofoil,356.15,333.98,399.99,2000.0,373.49
2026-02-05,swsh12pt5gg-GG69,478100,Holofoil,211.42,204.06,228.64,1000.0,220.23
2026-02-05,swsh35-25,223018,Normal,0.13,0.04,0.17,1.82,
2026-02-05,swsh35-25,223018,Reverse Holofoil,0.29,0.1,0.29,2.0,
2026-02-05,swsh35-74,223073,Holofoil,179.71,130.0,212.49,1500.0,218.3
2026-02-05,swsh45sv-SV107,232496,Holofoil,134.33,108.65,159.99,500.0,149.99
2026-02-05,swsh7-204,246693,Holofoil,30.31,29.49,32.99,150.0,39.95
2026-02-05,swsh7-205,246696,Holofoil,324.33,289.0,359.99,600.0,363.97
2026-02-05,swsh7-208,246755,Holofoil,29.17,26.99,31.43,61.99,34.89
2026-02-05,swsh7-209,246756,Holofoil,272.23,231.4,283.47,450.0,239.98
2026-02-05,swsh7-211,246702,Holofoil,51.82,38.12,52.51,74.95,55.3
2026-02-05,swsh7-212,246704,Holofoil,337.03,282.62,357.86,1000.0,410.09
2026-02-05,swsh7-215,246723,Holofoil,1784.53,1500.0,2052.3,4000.0,1994.98
2026-02-05,swsh7-218,246733,Holofoil,660.55,525.0,660.0,950.0,699.93
2026-02-05,swsh7-41,246753,Holofoil,5.92,3.0,6.0,24.97,4.98
2026-02-05,swsh7-65,246690,Holofoil,10.97,8.69,12.07,500.0,16.42
2026-02-05,swsh7-75,246701,Holofoil,13.42,10.49,14.66,50.0,12.76
2026-02-05,swsh7-8,246691,Holofoil,7.95,4.9,7.39,100.0,6.98
2026-02-05,swsh8-271,253266,Holofoil,740.07,649.99,846.86,1499.95,899.99
2026-02-05,swsh9-154,263873,Holofoil,244.88,224.98,296.5,1500.0,265.49
2026-02-06,base1-15,42355,Holofoil,132.61,84.12,133.35,999.98,300.0
2026-02-06,base1-16,42356,Holofoil,50.52,25.81,49.67,120.0,23.99
2026-02-06,base1-2,42360,Holofoil,165.46,100.0,155.68,499.99,
2026-02-06,base1-4,42382,Holofoil,468.35,330.0,599.99,1500.0,1299.98
2026-02-06,base1-58,42402,Normal,4.63,0.85,2.35,9999.0,1.7
2026-02-06,cel25c-4,250320,Holofoil,174.47,119.06,200.0,499.99,180.75
2026-02-06,gym2-2,83861,1st Edition Holofoil,852.01,599.99,640.0,975.99,
2026-02-06,gym2-2,83861,Unlimited Holofoil,484.11,490.0,566.98,638.69,556.36
2026-02-06,neo1-9,86903,1st Edition Holofoil,1799.99,1798.75,1899.98,2700.0,1899.99
2026-02-06,neo1-9,86903,Unlimited Holofoil,438.14,349.0,394.99,815.0,
2026-02-06,sl-151-bundle,502000,Normal,117.79,107.05,129.98,999.99,
2026-02-06,sl-151-etb,503313,Normal,441.01,420.0,499.99,1000.0,
2026-02-06,sl-151-upc,502005,Normal,631.49,644.99,799.99,40000.0,
2026-02-06,sl-ar-box,265519,Normal,388.27,380.0,450.0,899.99,
2026-02-06,sl-bs-box,256141,Normal,569.49,540.0,685.0,1499.99,
2026-02-06,sl-cel-upc,245140,Normal,891.37,959.0,1099.99,154722.59,
2026-02-06,sl-champ-etb,218791,Normal,164.18,165.0,178.5,500.0,
2026-02-06,sl-cz-etb,453470,Normal,248.78,240.78,299.97,785.0,
2026-02-06,sl-dr-box,624679,Normal,570.61,534.01,614.0,2185.0,
2026-02-06,sl-evs-box,242436,Normal,2492.03,2609.99,3389.99,12000.0,
2026-02-06,sl-evs-etb,243721,Normal,744.85,848.99,999.49,2999.99,
2026-02-06,sl-fs-box,247654,Normal,972.07,990.99,1200.0,3200.0,
2026-02-06,sl-hf-etb,194729,Normal,430.68,450.0,555.0,9999.98,
2026-02-06,sl-jp-151,565243,Normal,216.79,219.5,235.0,489.59,
2026-02-06,sl-jp-terastal,603428,Normal,119.62,99.99,130.0,200.0,
2026-02-06,sl-jt-box,610931,Normal,247.81,249.99,273.97,551.0,
2026-02-06,sl-lo-box,277324,Normal,711.79,710.0,967.5,2500.0,
2026-02-06,sl-me1-box,644298,Normal,252.4,253.0,298.95,500.0,
2026-02-06,sl-obf-box,501257,Normal,301.6,305.0,379.98,799.99,
2026-02-06,sl-pe-etb,593355,Normal,140.55,134.0,159.48,1115.0,
2026-02-06,sl-pe-spc,622770,Normal,262.47,260.0,346.5,999.0,
2026-02-06,sl-pf-etb,528040,Normal,298.26,299.99,329.94,775.0,
2026-02-06,sl-phf-box,654137,Normal,280.64,283.6,300.0,1000.0,
2026-02-06,sl-shf-etb,228821,Normal,108.12,105.0,126.48,500.11,
2026-02-06,sl-ss-box,565606,Normal,274.32,275.0,330.0,4999.99,
2026-02-06,sl-st-box,283389,Normal,465.89,458.0,560.0,9999.99,
2026-02-06,sl-tf-box,536225,Normal,269.88,257.5,289.99,779.99,
2026-02-06,sv2-185,497557,Normal,0.27,0.05,0.38,501.5,0.3
2026-02-06,sv2-185,497557,Reverse Holofoil,0.58,0.19,0.75,10.0,0.68
2026-02-06,sv2-254,497669,Holofoil,13.2,11.0,14.48,52.5,11.69
2026-02-06,sv2-269,497689,Holofoil,47.73,44.77,55.0,259.99,55.2
2026-02-06,sv3pt5-151,516566,Holofoil,6.55,4.35,7.5,100.0,6.91
2026-02-06,sv3pt5-199,517045,Holofoil,260.85,217.49,301.71,1000.0,270.24
2026-02-06,sv3pt5-205,517051,Holofoil,17.49,14.75,19.99,88.88,19.99
2026-02-06,sv3pt5-4,502555,Normal,0.13,0.01,0.16,20.0,0.14
2026-02-06,sv3pt5-4,502555,Reverse Holofoil,0.32,0.07,0.3,29.0,0.24
2026-02-06,sv3pt5-6,502558,Holofoil,6.77,2.98,6.21,505.1,5.84
2026-02-06,sv3pt5-7,502548,Normal,0.17,0.01,0.17,2.0,
2026-02-06,sv3pt5-7,502548,Reverse Holofoil,0.29,0.01,0.26,50.0,0.22
2026-02-06,sv4pt5-234,535090,Holofoil,206.0,180.0,249.0,799.97,197.5
2026-02-06,sv4pt5-54,534416,Holofoil,3.83,2.59,3.99,60.0,4.75
2026-02-06,sv8-57,590025,Holofoil,3.69,2.25,4.19,25.0,3.83
2026-02-06,sv8pt5-149,610504,Holofoil,169.27,130.0,192.02,999.0,
2026-02-06,sv8pt5-155,610510,Holofoil,199.06,196.25,219.62,999.0,
2026-02-06,sv8pt5-156,610511,Holofoil,308.99,299.0,340.42,999.0,334.15
2026-02-06,sv8pt5-161,610516,Holofoil,972.51,856.85,1079.99,5000.0,
2026-02-06,sv8pt5-167,610522,Holofoil,115.72,98.98,124.4,999.0,144.56
2026-02-06,sv8pt5-179,610534,Holofoil,44.15,40.0,55.0,999.0,
2026-02-06,sv8pt5-28,610383,Holofoil,1.26,0.7,1.44,999.0,
2026-02-06,sv8pt5-47,610402,Normal,0.06,0.01,0.1,999.0,0.03
2026-02-06,sv8pt5-47,610402,Reverse Holofoil,0.09,0.01,0.14,999.0,0.07
2026-02-06,sv8pt5-59,610414,Holofoil,0.36,0.01,0.29,999.0,0.21
2026-02-06,sv8pt5-59,610414,Reverse Holofoil,0.36,0.07,0.37,999.0,0.3
2026-02-06,sv8pt5-60,610415,Holofoil,5.02,3.46,4.99,999.0,4.99
2026-02-06,svp-085,518861,Normal,500.92,500.0,699.99,2500.0,699.94
2026-02-06,swsh11-186,284137,Holofoil,665.45,500.0,649.99,1500.0,789.99
2026-02-06,swsh12-186,451834,Holofoil,354.83,333.98,400.0,2000.0,373.49
2026-02-06,swsh12pt5gg-GG69,478100,Holofoil,211.38,204.06,226.94,1000.0,220.23
2026-02-06,swsh35-25,223018,Normal,0.13,0.04,0.17,1.82,0.05
2026-02-06,swsh35-25,223018,Reverse Holofoil,0.29,0.1,0.29,2.0,
2026-02-06,swsh35-74,223073,Holofoil,179.71,130.0,203.33,1500.0,224.68
2026-02-06,swsh45sv-SV107,232496,Holofoil,134.6,108.65,156.0,500.0,149.98
2026-02-06,swsh7-204,246693,Holofoil,30.31,29.0,32.99,150.0,39.95
2026-02-06,swsh7-205,246696,Holofoil,323.34,289.0,359.99,600.0,299.04
2026-02-06,swsh7-208,246755,Holofoil,29.17,26.65,31.24,61.99,34.89
2026-02-06,swsh7-209,246756,Holofoil,269.74,231.4,280.59,450.0,239.99
2026-02-06,swsh7-211,246702,Holofoil,51.64,38.12,53.77,74.95,49.1
2026-02-06,swsh7-212,246704,Holofoil,337.03,282.62,351.32,1000.0,410.09
2026-02-06,swsh7-215,246723,Holofoil,1784.53,1500.0,2000.0,4000.0,1994.98
2026-02-06,swsh7-218,246733,Holofoil,660.55,525.0,660.55,950.0,605.0
2026-02-06,swsh7-41,246753,Holofoil,5.46,3.0,5.99,24.97,5.29
2026-02-06,swsh7-65,246690,Holofoil,10.96,8.98,12.0,500.0,16.42
2026-02-06,swsh7-75,246701,Holofoil,13.51,10.49,14.74,50.0,14.99
2026-02-06,swsh7-8,246691,Holofoil,8.41,4.9,7.59,100.0,4.91
2026-02-06,swsh8-271,253266,Holofoil,741.59,649.99,843.72,1499.95,899.99
2026-02-06,swsh9-154,263873,Holofoil,244.28,224.98,293.86,1500.0,265.49
2026-02-07,base1-15,42355,Holofoil,132.61,85.0,132.85,999.98,300.0
2026-02-07,base1-16,42356,Holofoil,50.52,25.81,49.99,120.0,23.99
2026-02-07,base1-2,42360,Holofoil,165.46,104.0,171.05,499.99,
2026-02-07,base1-4,42382,Holofoil,468.35,354.94,599.99,1500.0,1299.98
2026-02-07,base1-58,42402,Normal,4.68,0.85,2.24,9999.0,1.7
2026-02-07,cel25c-4,250320,Holofoil,178.17,123.22,204.91,499.99,180.75
2026-02-07,gym2-2,83861,1st Edition Holofoil,852.01,599.99,640.0,975.99,
2026-02-07,gym2-2,83861,Unlimited Holofoil,484.11,490.0,566.0,629.48,556.36
2026-02-07,neo1-9,86903,1st Edition Holofoil,1799.99,1798.75,1899.98,2700.0,1899.99
2026-02-07,neo1-9,86903,Unlimited Holofoil,438.14,349.0,394.99,815.0,
2026-02-07,sl-151-bundle,502000,Normal,114.13,104.99,125.0,999.99,
2026-02-07,sl-151-etb,503313,Normal,439.85,420.0,499.99,1000.0,
2026-02-07,sl-151-upc,502005,Normal,636.09,644.99,799.99,40000.0,
2026-02-07,sl-ar-box,265519,Normal,388.39,380.0,450.0,899.99,
2026-02-07,sl-bs-box,256141,Normal,572.25,569.99,700.0,1499.99,
2026-02-07,sl-cel-upc,245140,Normal,895.73,942.0,1050.0,154722.59,
2026-02-07,sl-champ-etb,218791,Normal,164.18,165.0,179.0,500.0,
2026-02-07,sl-cz-etb,453470,Normal,249.64,244.98,299.98,785.0,
2026-02-07,sl-dr-box,624679,Normal,560.08,549.99,625.0,2185.0,
2026-02-07,sl-evs-box,242436,Normal,2500.43,2200.0,3385.0,12000.0,
2026-02-07,sl-evs-etb,243721,Normal,744.85,848.99,999.49,2999.99,
2026-02-07,sl-fs-box,247654,Normal,975.71,1000.0,1200.0,3200.0,
2026-02-07,sl-hf-etb,194729,Normal,433.48,450.0,555.0,9999.98,
2026-02-07,sl-jp-151,565243,Normal,216.95,219.5,235.0,489.59,
2026-02-07,sl-jp-terastal,603428,Normal,120.52,99.99,130.0,200.0,
2026-02-07,sl-jt-box,610931,Normal,248.21,249.99,273.97,551.0,
2026-02-07,sl-lo-box,277324,Normal,714.95,710.0,987.44,2500.0,
2026-02-07,sl-me1-box,644298,Normal,254.72,259.88,299.45,500.0,
2026-02-07,sl-obf-box,501257,Normal,302.76,305.0,379.98,799.99,
2026-02-07,sl-pe-etb,593355,Normal,143.04,134.0,159.0,1115.0,
2026-02-07,sl-pe-spc,622770,Normal,269.85,267.5,349.99,999.0,
2026-02-07,sl-pf-etb,528040,Normal,298.26,299.99,329.94,775.0,
2026-02-07,sl-phf-box,654137,Normal,284.16,283.6,305.99,1000.0,
2026-02-07,sl-shf-etb,228821,Normal,107.2,104.0,125.0,500.11,
2026-02-07,sl-ss-box,565606,Normal,279.16,270.0,330.0,4999.99,
2026-02-07,sl-st-box,283389,Normal,465.89,458.0,550.0,9999.99,
2026-02-07,sl-tf-box,536225,Normal,269.67,257.5,289.99,779.99,
2026-02-07,sv2-185,497557,Normal,0.27,0.05,0.37,501.5,
2026-02-07,sv2-185,497557,Reverse Holofoil,0.61,0.19,0.75,10.0,0.68
2026-02-07,sv2-254,497669,Holofoil,13.29,11.0,14.43,52.5,15.31
2026-02-07,sv2-269,497689,Holofoil,47.78,43.99,54.99,259.99,43.99
2026-02-07,sv3pt5-151,516566,Holofoil,6.09,3.69,7.5,100.0,6.1
2026-02-07,sv3pt5-199,517045,Holofoil,262.34,217.49,301.99,1000.0,270.24
2026-02-07,sv3pt5-205,517051,Holofoil,17.49,14.0,19.99,88.88,14.0
2026-02-07,sv3pt5-4,502555,Normal,0.14,0.01,0.16,20.0,0.16
2026-02-07,sv3pt5-4,502555,Reverse Holofoil,0.3,0.07,0.3,29.0,0.32
2026-02-07,sv3pt5-6,502558,Holofoil,6.85,2.98,6.49,505.1,5.84
2026-02-07,sv3pt5-7,502548,Normal,0.17,0.01,0.17,2.0,
2026-02-07,sv3pt5-7,502548,Reverse Holofoil,0.26,0.01,0.25,50.0,0.25
2026-02-07,sv4pt5-234,535090,Holofoil,205.88,180.0,247.2,799.97,197.5
2026-02-07,sv4pt5-54,534416,Holofoil,3.41,2.25,3.89,60.0,5.32
2026-02-07,sv8-57,590025,Holofoil,3.57,2.25,4.15,25.0,5.07
2026-02-07,sv8pt5-149,610504,Holofoil,168.99,130.0,191.98,999.0,
2026-02-07,sv8pt5-155,610510,Holofoil,199.46,196.25,219.43,999.0,
2026-02-07,sv8pt5-156,610511,Holofoil,308.99,299.0,340.42,999.0,321.36
2026-02-07,sv8pt5-161,610516,Holofoil,976.53,856.85,1079.99,5000.0,1139.6
2026-02-07,sv8pt5-167,610522,Holofoil,115.72,98.98,124.4,999.0,143.99
2026-02-07,sv8pt5-179,610534,Holofoil,45.37,37.95,54.97,999.0,
2026-02-07,sv8pt5-28,610383,Holofoil,1.34,0.75,1.46,999.0,
2026-02-07,sv8pt5-47,610402,Normal,0.07,0.01,0.1,999.0,0.03
2026-02-07,sv8pt5-47,610402,Reverse Holofoil,0.09,0.01,0.14,999.0,0.07
2026-02-07,sv8pt5-59,610414,Holofoil,0.27,0.01,0.29,999.0,0.21
2026-02-07,sv8pt5-59,610414,Reverse Holofoil,0.35,0.07,0.38,999.0,0.31
2026-02-07,sv8pt5-60,610415,Holofoil,4.98,3.5,5.0,999.0,5.75
2026-02-07,svp-085,518861,Normal,504.17,500.0,700.0,2500.0,699.94
2026-02-07,swsh11-186,284137,Holofoil,665.45,500.0,650.0,1500.0,789.99
2026-02-07,swsh12-186,451834,Holofoil,354.52,333.98,399.99,2000.0,359.99
2026-02-07,swsh12pt5gg-GG69,478100,Holofoil,211.55,195.0,227.17,1000.0,211.38
2026-02-07,swsh35-25,223018,Normal,0.13,0.04,0.17,1.82,
2026-02-07,swsh35-25,223018,Reverse Holofoil,0.29,0.1,0.29,2.0,
2026-02-07,swsh35-74,223073,Holofoil,179.71,130.0,213.33,1500.0,224.68
2026-02-07,swsh45sv-SV107,232496,Holofoil,133.07,108.65,159.99,500.0,149.98
2026-02-07,swsh7-204,246693,Holofoil,30.51,25.0,32.99,150.0,39.95
2026-02-07,swsh7-205,246696,Holofoil,327.34,289.0,358.08,600.0,299.04
2026-02-07,swsh7-208,246755,Holofoil,29.17,26.65,31.24,61.99,34.89
2026-02-07,swsh7-209,246756,Holofoil,269.74,228.51,281.45,450.0,239.99
2026-02-07,swsh7-211,246702,Holofoil,51.64,38.12,52.54,74.95,49.1
2026-02-07,swsh7-212,246704,Holofoil,337.03,282.62,355.25,1000.0,410.09
2026-02-07,swsh7-215,246723,Holofoil,1784.53,1500.0,2000.0,4000.0,1994.98
2026-02-07,swsh7-218,246733,Holofoil,660.55,563.43,660.55,950.0,605.0
2026-02-07,swsh7-41,246753,Holofoil,5.28,3.0,5.97,24.97,7.12
2026-02-07,swsh7-65,246690,Holofoil,11.09,9.0,12.13,500.0,12.52
2026-02-07,swsh7-75,246701,Holofoil,13.31,10.49,14.67,50.0,16.81
2026-02-07,swsh7-8,246691,Holofoil,8.44,4.9,7.99,100.0,6.49
2026-02-07,swsh8-271,253266,Holofoil,741.59,648.87,815.81,1499.95,899.99
2026-02-07,swsh9-154,263873,Holofoil,244.28,224.98,293.14,1500.0,265.49
2026-02-08,base1-15,42355,Holofoil,132.93,84.99,126.77,999.98,300.0
2026-02-08,base1-16,42356,Holofoil,50.86,24.81,49.67,120.0,69.95
2026-02-08,base1-2,42360,Holofoil,164.61,100.0,152.84,499.99,
2026-02-08,base1-4,42382,Holofoil,468.87,350.0,599.99,1500.0,1299.98
2026-02-08,base1-58,42402,Normal,5.05,0.85,2.5,9999.0,
2026-02-08,cel25c-4,250320,Holofoil,180.1,123.22,211.41,499.99,180.75
2026-02-08,gym2-2,83861,1st Edition Holofoil,852.01,599.99,640.0,975.99,
2026-02-08,gym2-2,83861,Unlimited Holofoil,493.32,491.3,563.06,629.48,289.81
2026-02-08,neo1-9,86903,1st Edition Holofoil,1799.99,1798.75,1899.98,2700.0,1899.99
2026-02-08,neo1-9,86903,Unlimited Holofoil,438.14,349.0,394.99,815.0,
2026-02-08,sl-151-bundle,502000,Normal,116.18,107.05,130.0,999.99,
2026-02-08,sl-151-etb,503313,Normal,441.45,420.0,500.0,1000.0,
2026-02-08,sl-151-upc,502005,Normal,636.09,644.99,799.99,40000.0,
2026-02-08,sl-ar-box,265519,Normal,388.39,380.0,452.5,1000.0,
2026-02-08,sl-bs-box,256141,Normal,572.25,569.99,700.0,1499.99,
2026-02-08,sl-cel-upc,245140,Normal,895.73,942.0,1000.0,154722.59,
2026-02-08,sl-champ-etb,218791,Normal,164.18,163.94,179.95,500.0,
2026-02-08,sl-cz-etb,453470,Normal,251.16,244.98,299.97,785.0,
2026-02-08,sl-dr-box,624679,Normal,561.08,549.99,625.0,2185.0,
2026-02-08,sl-evs-box,242436,Normal,2506.43,2545.0,3392.49,12000.0,
2026-02-08,sl-evs-etb,243721,Normal,744.85,848.99,999.49,2999.99,
2026-02-08,sl-fs-box,247654,Normal,979.91,1000.0,1200.0,3200.0,
2026-02-08,sl-hf-etb,194729,Normal,433.48,450.0,555.0,9999.98,
2026-02-08,sl-jp-151,565243,Normal,217.18,219.5,235.0,489.59,
2026-02-08,sl-jp-terastal,603428,Normal,121.83,99.99,130.0,200.0,
2026-02-08,sl-jt-box,610931,Normal,248.69,249.99,273.97,551.0,
2026-02-08,sl-lo-box,277324,Normal,714.95,725.0,992.44,2500.0,
2026-02-08,sl-me1-box,644298,Normal,254.05,259.88,298.95,500.0,
2026-02-08,sl-obf-box,501257,Normal,304.24,299.99,379.98,799.99,
2026-02-08,sl-pe-etb,593355,Normal,144.29,134.0,158.88,1115.0,
2026-02-08,sl-pe-spc,622770,Normal,275.65,275.0,350.0,999.0,
2026-02-08,sl-pf-etb,528040,Normal,298.95,299.99,329.94,775.0,
2026-02-08,sl-phf-box,654137,Normal,290.16,283.6,312.49,1000.0,
2026-02-08,sl-shf-etb,228821,Normal,107.09,99.0,125.0,500.11,
2026-02-08,sl-ss-box,565606,Normal,281.67,270.0,330.0,4999.99,
2026-02-08,sl-st-box,283389,Normal,465.89,458.0,550.0,9999.99,
2026-02-08,sl-tf-box,536225,Normal,269.27,262.0,289.99,779.99,
2026-02-08,sv2-185,497557,Normal,0.27,0.05,0.37,501.5,
2026-02-08,sv2-185,497557,Reverse Holofoil,0.6,0.19,0.75,10.0,2.99
2026-02-08,sv2-254,497669,Holofoil,13.19,11.0,14.39,52.5,15.74
2026-02-08,sv2-269,497689,Holofoil,47.06,44.97,56.03,259.99,54.12
2026-02-08,sv3pt5-151,516566,Holofoil,6.45,3.82,7.48,100.0,9.35
2026-02-08,sv3pt5-199,517045,Holofoil,265.41,217.49,309.95,1000.0,270.24
2026-02-08,sv3pt5-205,517051,Holofoil,17.31,14.75,19.82,88.88,16.58
2026-02-08,sv3pt5-4,502555,Normal,0.14,0.01,0.15,20.0,
2026-02-08,sv3pt5-4,502555,Reverse Holofoil,0.3,0.07,0.3,3.99,
2026-02-08,sv3pt5-6,502558,Holofoil,5.83,2.98,6.28,505.1,98.99
2026-02-08,sv3pt5-7,502548,Normal,0.15,0.01,0.17,2.0,
2026-02-08,sv3pt5-7,502548,Reverse Holofoil,0.3,0.01,0.26,50.0,0.25
2026-02-08,sv4pt5-234,535090,Holofoil,205.93,180.0,248.11,799.97,197.5
2026-02-08,sv4pt5-54,534416,Holofoil,3.4,2.32,3.89,60.0,4.2
2026-02-08,sv8-57,590025,Holofoil,3.69,2.31,4.15,50.0,5.6
2026-02-08,sv8pt5-149,610504,Holofoil,168.99,130.0,191.94,999.0,
2026-02-08,sv8pt5-155,610510,Holofoil,199.46,196.25,219.41,999.0,
2026-02-08,sv8pt5-156,610511,Holofoil,308.99,299.0,340.08,999.0,321.36
2026-02-08,sv8pt5-161,610516,Holofoil,995.22,856.85,1097.49,5000.0,1155.6
2026-02-08,sv8pt5-167,610522,Holofoil,115.75,98.99,125.0,999.0,127.33
2026-02-08,sv8pt5-179,610534,Holofoil,45.76,37.95,55.24,999.0,
2026-02-08,sv8pt5-28,610383,Holofoil,1.28,0.94,1.46,999.0,
2026-02-08,sv8pt5-47,610402,Normal,0.05,0.01,0.1,999.0,0.03
2026-02-08,sv8pt5-47,610402,Reverse Holofoil,0.09,0.01,0.14,999.0,0.09
2026-02-08,sv8pt5-59,610414,Holofoil,0.28,0.01,0.26,999.0,0.21
2026-02-08,sv8pt5-59,610414,Reverse Holofoil,0.39,0.07,0.38,999.0,0.32
2026-02-08,sv8pt5-60,610415,Holofoil,6.33,3.56,5.0,999.0,
2026-02-08,svp-085,518861,Normal,500.97,549.99,699.99,2500.0,699.94
2026-02-08,swsh11-186,284137,Holofoil,665.45,540.0,654.09,1500.0,789.99
2026-02-08,swsh12-186,451834,Holofoil,353.91,335.0,400.0,2000.0,373.49
2026-02-08,swsh12pt5gg-GG69,478100,Holofoil,211.84,195.0,227.31,1000.0,220.23
2026-02-08,swsh35-25,223018,Normal,0.13,0.04,0.17,1.82,
2026-02-08,swsh35-25,223018,Reverse Holofoil,0.29,0.1,0.29,2.0,
2026-02-08,swsh35-74,223073,Holofoil,179.71,155.0,220.0,1500.0,218.3
2026-02-08,swsh45sv-SV107,232496,Holofoil,133.07,108.65,155.0,500.0,149.95
2026-02-08,swsh7-204,246693,Holofoil,30.22,25.0,32.99,150.0,39.95
2026-02-08,swsh7-205,246696,Holofoil,327.34,289.0,355.93,600.0,299.04
2026-02-08,swsh7-208,246755,Holofoil,29.18,26.65,31.3,61.99,36.54
2026-02-08,swsh7-209,246756,Holofoil,268.35,228.1,281.61,450.0,239.99
2026-02-08,swsh7-211,246702,Holofoil,51.64,45.0,53.77,74.95,49.1
2026-02-08,swsh7-212,246704,Holofoil,337.03,282.62,351.32,1000.0,410.09
2026-02-08,swsh7-215,246723,Holofoil,1784.53,1700.0,2000.0,4000.0,1994.98
2026-02-08,swsh7-218,246733,Holofoil,660.55,575.0,699.93,950.0,605.0
2026-02-08,swsh7-41,246753,Holofoil,5.29,3.0,5.99,24.97,7.12
2026-02-08,swsh7-65,246690,Holofoil,11.07,9.0,12.27,500.0,11.64
2026-02-08,swsh7-75,246701,Holofoil,13.35,10.49,14.54,50.0,19.89
2026-02-08,swsh7-8,246691,Holofoil,8.25,4.9,7.99,100.0,7.18
2026-02-08,swsh8-271,253266,Holofoil,743.19,648.87,847.32,1499.95,899.99
2026-02-08,swsh9-154,263873,Holofoil,244.28,224.98,291.25,1500.0,265.49
2026-02-09,base1-15,42355,Holofoil,133.09,80.0,119.99,999.98,300.0
2026-02-09,base1-16,42356,Holofoil,51.58,24.81,49.67,120.0,69.95
2026-02-09,base1-2,42360,Holofoil,164.61,95.0,143.75,499.99,
2026-02-09,base1-4,42382,Holofoil,468.87,350.0,599.99,1500.0,1299.98
2026-02-09,base1-58,42402,Normal,5.0,0.85,2.53,9999.0,
2026-02-09,cel25c-4,250320,Holofoil,180.1,123.22,199.99,499.99,180.74
2026-02-09,gym2-2,83861,1st Edition Holofoil,852.01,374.99,640.0,649.95,
2026-02-09,gym2-2,83861,Unlimited Holofoil,493.32,499.99,566.83,629.48,289.81
2026-02-09,neo1-9,86903,1st Edition Holofoil,1799.99,1798.75,1899.98,2700.0,1899.99
2026-02-09,neo1-9,86903,Unlimited Holofoil,438.14,305.0,394.99,815.0,
2026-02-09,sl-151-bundle,502000,Normal,118.64,110.0,130.0,999.99,
2026-02-09,sl-151-etb,503313,Normal,442.65,424.0,500.0,1000.0,
2026-02-09,sl-151-upc,502005,Normal,636.09,644.99,794.44,40000.0,
2026-02-09,sl-ar-box,265519,Normal,388.59,380.0,455.0,1000.0,
2026-02-09,sl-bs-box,256141,Normal,572.25,565.0,692.5,1499.99,
2026-02-09,sl-cel-upc,245140,Normal,895.73,925.0,1000.0,154722.59,
2026-02-09,sl-champ-etb,218791,Normal,164.86,163.94,178.97,500.0,
2026-02-09,sl-cz-etb,453470,Normal,251.16,244.98,299.97,785.0,
2026-02-09,sl-dr-box,624679,Normal,561.08,549.99,614.0,2185.0,
2026-02-09,sl-evs-box,242436,Normal,2431.23,2500.0,3380.0,12000.0,
2026-02-09,sl-evs-etb,243721,Normal,744.85,848.99,999.49,2999.99,
2026-02-09,sl-fs-box,247654,Normal,979.91,1000.0,1200.0,3200.0,
2026-02-09,sl-hf-etb,194729,Normal,433.48,450.0,599.95,9999.98,
2026-02-09,sl-jp-151,565243,Normal,217.46,215.0,235.0,489.59,
2026-02-09,sl-jp-terastal,603428,Normal,121.23,99.99,130.0,200.0,
2026-02-09,sl-jt-box,610931,Normal,248.69,249.99,273.97,551.0,
2026-02-09,sl-lo-box,277324,Normal,714.95,724.0,987.44,2500.0,
2026-02-09,sl-me1-box,644298,Normal,258.51,259.88,299.95,500.0,
2026-02-09,sl-obf-box,501257,Normal,305.3,299.99,377.49,799.99,
2026-02-09,sl-pe-etb,593355,Normal,143.16,134.99,159.95,1115.0,
2026-02-09,sl-pe-spc,622770,Normal,276.25,275.0,350.0,999.0,
2026-02-09,sl-pf-etb,528040,Normal,298.95,299.99,349.95,775.0,
2026-02-09,sl-phf-box,654137,Normal,293.92,289.69,314.99,1000.0,
2026-02-09,sl-shf-etb,228821,Normal,107.29,99.0,126.48,500.11,
2026-02-09,sl-ss-box,565606,Normal,275.79,249.99,324.94,4999.99,
2026-02-09,sl-st-box,283389,Normal,469.29,458.0,560.0,9999.99,
2026-02-09,sl-tf-box,536225,Normal,269.27,258.0,287.48,779.99,
2026-02-09,sv2-185,497557,Normal,0.28,0.05,0.37,501.5,
2026-02-09,sv2-185,497557,Reverse Holofoil,1.0,0.19,0.8,10.0,2.75
2026-02-09,sv2-254,497669,Holofoil,13.12,11.0,14.43,52.5,15.74
2026-02-09,sv2-269,497689,Holofoil,47.43,45.07,56.11,259.99,54.54
2026-02-09,sv3pt5-151,516566,Holofoil,6.62,4.58,7.5,100.0,11.15
2026-02-09,sv3pt5-199,517045,Holofoil,271.5,230.0,305.68,1000.0,270.24
2026-02-09,sv3pt5-205,517051,Holofoil,17.48,14.0,19.92,88.88,17.75
2026-02-09,sv3pt5-4,502555,Normal,0.14,0.01,0.16,20.0,0.11
2026-02-09,sv3pt5-4,502555,Reverse Holofoil,0.31,0.06,0.3,29.0,
2026-02-09,sv3pt5-6,502558,Holofoil,6.0,2.98,6.08,505.1,6.97
2026-02-09,sv3pt5-7,502548,Normal,0.15,0.01,0.17,2.0,
2026-02-09,sv3pt5-7,502548,Reverse Holofoil,0.35,0.01,0.26,50.0,0.28
2026-02-09,sv4pt5-234,535090,Holofoil,206.16,180.0,250.0,799.97,197.5
2026-02-09,sv4pt5-54,534416,Holofoil,3.63,2.32,3.88,60.0,3.14
2026-02-09,sv8-57,590025,Holofoil,3.87,2.31,4.24,50.0,5.58
2026-02-09,sv8pt5-149,610504,Holofoil,168.7,130.0,192.32,999.0,
2026-02-09,sv8pt5-155,610510,Holofoil,199.42,196.25,219.54,999.0,
2026-02-09,sv8pt5-156,610511,Holofoil,308.99,299.0,340.08,999.0,321.36
2026-02-09,sv8pt5-161,610516,Holofoil,995.22,856.85,1079.99,5000.0,1174.32
2026-02-09,sv8pt5-167,610522,Holofoil,115.75,98.99,124.72,999.0,143.97
2026-02-09,sv8pt5-179,610534,Holofoil,45.92,40.0,55.24,999.0,
2026-02-09,sv8pt5-28,610383,Holofoil,1.33,0.94,1.44,999.0,
2026-02-09,sv8pt5-47,610402,Normal,0.05,0.01,0.1,999.0,0.03
2026-02-09,sv8pt5-47,610402,Reverse Holofoil,0.09,0.01,0.14,999.0,0.09
2026-02-09,sv8pt5-59,610414,Holofoil,0.3,0.01,0.28,999.0,0.21
2026-02-09,sv8pt5-59,610414,Reverse Holofoil,0.37,0.07,0.38,999.0,0.32
2026-02-09,sv8pt5-60,610415,Holofoil,4.3,3.56,5.03,999.0,
2026-02-09,svp-085,518861,Normal,500.97,549.99,699.99,2500.0,699.94
2026-02-09,swsh11-186,284137,Holofoil,668.64,540.0,668.91,1500.0,789.99
2026-02-09,swsh12-186,451834,Holofoil,353.91,335.0,400.0,2000.0,373.49
2026-02-09,swsh12pt5gg-GG69,478100,Holofoil,211.84,195.0,227.73,1000.0,220.23
2026-02-09,swsh35-25,223018,Normal,0.13,0.04,0.17,1.82,
2026-02-09,swsh35-25,223018,Reverse Holofoil,0.29,0.1,0.29,2.0,
2026-02-09,swsh35-74,223073,Holofoil,180.31,145.01,213.68,1500.0,224.68
2026-02-09,swsh45sv-SV107,232496,Holofoil,133.47,104.99,155.0,500.0,149.98
2026-02-09,swsh7-204,246693,Holofoil,30.22,25.0,32.99,150.0,39.95
2026-02-09,swsh7-205,246696,Holofoil,325.74,289.0,358.08,600.0,299.04
2026-02-09,swsh7-208,246755,Holofoil,29.14,26.65,31.49,61.99,36.9
2026-02-09,swsh7-209,246756,Holofoil,263.7,224.15,283.47,450.0,239.99
2026-02-09,swsh7-211,246702,Holofoil,51.59,45.0,53.77,74.95,49.1
2026-02-09,swsh7-212,246704,Holofoil,337.03,310.0,355.25,1000.0,410.09
2026-02-09,swsh7-215,246723,Holofoil,1784.53,1700.0,2026.15,4000.0,1994.98
2026-02-09,swsh7-218,246733,Holofoil,660.55,575.0,698.94,950.0,605.0
2026-02-09,swsh7-41,246753,Holofoil,5.23,3.0,5.99,24.97,7.22
2026-02-09,swsh7-65,246690,Holofoil,10.95,8.19,12.08,500.0,16.42
2026-02-09,swsh7-75,246701,Holofoil,13.6,10.49,14.6,50.0,19.89
2026-02-09,swsh7-8,246691,Holofoil,7.83,4.9,8.05,100.0,10.52
2026-02-09,swsh8-271,253266,Holofoil,743.19,648.87,843.64,1499.95,899.99
2026-02-09,swsh9-154,263873,Holofoil,244.28,224.98,291.25,1500.0,265.49
2026-02-10,base1-15,42355,Holofoil,133.09,80.0,129.6,999.98,300.0
2026-02-10,base1-16,42356,Holofoil,52.42,26.57,49.99,120.0,69.95
2026-02-10,base1-2,42360,Holofoil,164.61,95.0,143.75,499.99,
2026-02-10,base1-4,42382,Holofoil,467.81,350.0,659.99,1500.0,1299.98
2026-02-10,base1-58,42402,Normal,5.07,0.85,2.48,9999.0,
2026-02-10,cel25c-4,250320,Holofoil,174.7,162.09,199.99,499.99,180.74
2026-02-10,gym2-2,83861,1st Edition Holofoil,852.01,374.99,640.0,649.95,
2026-02-10,gym2-2,83861,Unlimited Holofoil,493.32,499.99,566.83,629.48,477.99
2026-02-10,neo1-9,86903,1st Edition Holofoil,1799.99,1798.75,1849.99,1899.99,1899.99
2026-02-10,neo1-9,86903,Unlimited Holofoil,438.14,305.0,399.0,815.0,
2026-02-10,sl-151-bundle,502000,Normal,114.71,105.0,129.98,999.99,
2026-02-10,sl-151-etb,503313,Normal,443.17,424.0,500.0,1000.0,
2026-02-10,sl-151-upc,502005,Normal,638.69,636.09,798.36,40000.0,
2026-02-10,sl-ar-box,265519,Normal,388.59,380.0,452.5,1000.0,
2026-02-10,sl-bs-box,256141,Normal,572.25,565.0,685.0,1499.99,
2026-02-10,sl-cel-upc,245140,Normal,901.85,925.0,1000.0,154722.59,
2026-02-10,sl-champ-etb,218791,Normal,164.86,163.94,178.97,500.0,
2026-02-10,sl-cz-etb,453470,Normal,251.16,230.0,299.95,785.0,
2026-02-10,sl-dr-box,624679,Normal,560.0,544.49,600.0,2185.0,
2026-02-10,sl-evs-box,242436,Normal,2514.43,2500.0,3199.99,12000.0,
2026-02-10,sl-evs-etb,243721,Normal,744.85,848.99,999.98,2999.99,
2026-02-10,sl-fs-box,247654,Normal,979.91,1000.0,1200.0,3200.0,
2026-02-10,sl-hf-etb,194729,Normal,433.48,433.48,579.98,9999.98,
2026-02-10,sl-jp-151,565243,Normal,217.18,215.0,235.0,489.59,
2026-02-10,sl-jp-terastal,603428,Normal,120.6,99.99,129.99,200.0,
2026-02-10,sl-jt-box,610931,Normal,248.97,249.99,273.97,551.0,
2026-02-10,sl-lo-box,277324,Normal,714.95,724.0,987.44,2500.0,
2026-02-10,sl-me1-box,644298,Normal,259.67,259.88,299.99,500.0,
2026-02-10,sl-obf-box,501257,Normal,307.14,305.0,375.0,799.99,
2026-02-10,sl-pe-etb,593355,Normal,144.01,134.99,159.99,1115.0,
2026-02-10,sl-pe-spc,622770,Normal,278.96,275.0,350.0,999.0,
2026-02-10,sl-pf-etb,528040,Normal,298.95,299.99,349.95,775.0,
2026-02-10,sl-phf-box,654137,Normal,288.58,289.99,314.99,1000.0,
2026-02-10,sl-shf-etb,228821,Normal,107.56,107.78,128.98,500.11,
2026-02-10,sl-ss-box,565606,Normal,273.66,255.0,312.4,4999.99,
2026-02-10,sl-st-box,283389,Normal,469.29,458.0,560.0,9999.99,
2026-02-10,sl-tf-box,536225,Normal,268.67,258.0,289.99,779.99,
2026-02-10,sv2-185,497557,Normal,0.31,0.05,0.36,501.5,
2026-02-10,sv2-185,497557,Reverse Holofoil,1.33,0.19,0.86,10.0,2.75
2026-02-10,sv2-254,497669,Holofoil,12.79,11.0,14.33,52.5,15.74
2026-02-10,sv2-269,497689,Holofoil,47.83,45.95,57.19,259.99,55.2
2026-02-10,sv3pt5-151,516566,Holofoil,8.08,4.59,7.73,100.0,13.99
2026-02-10,sv3pt5-199,517045,Holofoil,271.91,230.0,309.99,1000.0,295.06
2026-02-10,sv3pt5-205,517051,Holofoil,19.28,15.47,20.03,88.88,19.98
2026-02-10,sv3pt5-4,502555,Normal,0.14,0.01,0.15,20.0,0.11
2026-02-10,sv3pt5-4,502555,Reverse Holofoil,0.3,0.04,0.3,29.0,
2026-02-10,sv3pt5-6,502558,Holofoil,6.02,2.98,6.0,505.1,7.97
2026-02-10,sv3pt5-7,502548,Normal,0.16,0.01,0.17,2.0,0.15
2026-02-10,sv3pt5-7,502548,Reverse Holofoil,0.32,0.01,0.27,50.0,0.25
2026-02-10,sv4pt5-234,535090,Holofoil,206.16,180.0,249.5,799.97,214.45
2026-02-10,sv4pt5-54,534416,Holofoil,3.73,2.0,3.9,60.0,5.49
2026-02-10,sv8-57,590025,Holofoil,4.12,2.06,4.25,50.0,5.73
2026-02-10,sv8pt5-149,610504,Holofoil,170.89,130.0,192.32,999.0,
2026-02-10,sv8pt5-155,610510,Holofoil,199.22,196.25,219.84,999.0,
2026-02-10,sv8pt5-156,610511,Holofoil,308.99,295.35,340.25,999.0,321.36
2026-02-10,sv8pt5-161,610516,Holofoil,1006.08,856.85,1117.14,5000.0,
2026-02-10,sv8pt5-167,610522,Holofoil,115.75,98.99,120.03,999.0,143.99
2026-02-10,sv8pt5-179,610534,Holofoil,45.72,40.0,58.31,999.0,
2026-02-10,sv8pt5-28,610383,Holofoil,1.38,0.95,1.46,999.0,
2026-02-10,sv8pt5-47,610402,Normal,0.05,0.01,0.1,999.0,0.03
2026-02-10,sv8pt5-47,610402,Reverse Holofoil,0.09,0.01,0.14,999.0,0.09
2026-02-10,sv8pt5-59,610414,Holofoil,0.24,0.01,0.28,999.0,0.21
2026-02-10,sv8pt5-59,610414,Reverse Holofoil,0.33,0.01,0.37,999.0,0.3
2026-02-10,sv8pt5-60,610415,Holofoil,4.51,3.56,5.0,999.0,5.27
2026-02-10,svp-085,518861,Normal,500.97,549.99,700.0,2500.0,699.94
2026-02-10,swsh11-186,284137,Holofoil,668.64,540.0,667.13,1500.0,785.0
2026-02-10,swsh12-186,451834,Holofoil,353.91,335.0,400.0,2000.0,373.49
2026-02-10,swsh12pt5gg-GG69,478100,Holofoil,211.61,195.0,228.58,1000.0,220.23
2026-02-10,swsh35-25,223018,Normal,0.14,0.04,0.17,1.82,
2026-02-10,swsh35-25,223018,Reverse Holofoil,0.29,0.1,0.29,2.0,
2026-02-10,swsh35-74,223073,Holofoil,180.55,145.01,220.0,1500.0,224.68
2026-02-10,swsh45sv-SV107,232496,Holofoil,133.47,104.99,153.27,500.0,149.98
2026-02-10,swsh7-204,246693,Holofoil,30.22,25.0,32.99,150.0,39.95
2026-02-10,swsh7-205,246696,Holofoil,325.74,289.0,356.18,600.0,299.04
2026-02-10,swsh7-208,246755,Holofoil,29.18,26.5,30.18,61.99,29.18
2026-02-10,swsh7-209,246756,Holofoil,265.6,225.8,279.3,450.0,239.98
2026-02-10,swsh7-211,246702,Holofoil,51.59,45.0,53.74,74.95,49.1
2026-02-10,swsh7-212,246704,Holofoil,337.03,310.0,353.26,1000.0,369.69
2026-02-10,swsh7-215,246723,Holofoil,1784.53,1700.0,2000.0,4000.0,1994.98
2026-02-10,swsh7-218,246733,Holofoil,659.76,575.0,698.95,950.0,605.0
2026-02-10,swsh7-41,246753,Holofoil,5.49,3.5,5.99,24.97,9.68
2026-02-10,swsh7-65,246690,Holofoil,10.91,8.19,12.1,500.0,11.05
2026-02-10,swsh7-75,246701,Holofoil,14.17,10.49,14.88,50.0,12.99
2026-02-10,swsh7-8,246691,Holofoil,8.53,4.9,8.08,100.0,16.67
2026-02-10,swsh8-271,253266,Holofoil,743.19,648.87,839.95,1499.95,899.99
2026-02-10,swsh9-154,263873,Holofoil,245.22,224.98,293.21,1500.0,265.49
2026-02-11,base1-15,42355,Holofoil,133.09,84.0,126.5,999.98,300.0
2026-02-11,base1-16,42356,Holofoil,52.42,24.21,50.52,120.0,69.95
2026-02-11,base1-2,42360,Holofoil,164.61,100.0,186.93,499.99,
2026-02-11,base1-4,42382,Holofoil,467.81,384.9,760.0,1500.0,1299.98
2026-02-11,base1-58,42402,Normal,5.09,0.84,2.5,9999.0,2.99
2026-02-11,cel25c-4,250320,Holofoil,174.7,120.0,196.89,499.99,180.74
2026-02-11,gym2-2,83861,1st Edition Holofoil,852.01,599.99,640.0,894.61,
2026-02-11,gym2-2,83861,Unlimited Holofoil,493.32,449.0,540.05,629.48,560.11
2026-02-11,neo1-9,86903,1st Edition Holofoil,1799.99,1798.75,1849.99,1899.99,1899.99
2026-02-11,neo1-9,86903,Unlimited Holofoil,438.14,349.0,409.85,815.0,
2026-02-11,sl-151-bundle,502000,Normal,115.18,110.0,129.99,999.99,
2026-02-11,sl-151-etb,503313,Normal,442.73,424.0,500.0,1000.0,
2026-02-11,sl-151-upc,502005,Normal,638.69,636.09,798.36,40000.0,
2026-02-11,sl-ar-box,265519,Normal,389.23,380.0,455.0,1000.0,
2026-02-11,sl-bs-box,256141,Normal,572.25,565.0,685.0,1499.99,
2026-02-11,sl-cel-upc,245140,Normal,901.85,940.01,1042.0,154722.59,
2026-02-11,sl-champ-etb,218791,Normal,164.86,163.94,178.97,500.0,
2026-02-11,sl-cz-etb,453470,Normal,251.38,230.0,299.98,785.0,
2026-02-11,sl-dr-box,624679,Normal,556.24,535.0,600.0,2185.0,
2026-02-11,sl-evs-box,242436,Normal,2514.43,2455.0,3045.8,12000.0,
2026-02-11,sl-evs-etb,243721,Normal,744.85,848.99,999.98,2999.99,
2026-02-11,sl-fs-box,247654,Normal,979.91,1000.0,1200.0,3200.0,
2026-02-11,sl-hf-etb,194729,Normal,433.48,433.48,560.0,9999.98,
2026-02-11,sl-jp-151,565243,Normal,217.18,208.39,235.0,489.59,
2026-02-11,sl-jp-terastal,603428,Normal,121.08,99.99,129.99,200.0,
2026-02-11,sl-jt-box,610931,Normal,248.97,249.99,274.0,551.0,
2026-02-11,sl-lo-box,277324,Normal,714.95,724.0,987.44,2500.0,
2026-02-11,sl-me1-box,644298,Normal,262.78,249.0,299.95,500.0,
2026-02-11,sl-obf-box,501257,Normal,308.29,305.0,379.98,799.99,
2026-02-11,sl-pe-etb,593355,Normal,144.89,133.48,159.99,1115.0,
2026-02-11,sl-pe-spc,622770,Normal,289.67,275.0,350.0,999.0,
2026-02-11,sl-pf-etb,528040,Normal,298.95,299.99,349.95,775.0,
2026-02-11,sl-phf-box,654137,Normal,283.39,250.0,314.98,1000.0,
2026-02-11,sl-shf-etb,228821,Normal,108.32,107.78,130.0,500.11,
2026-02-11,sl-ss-box,565606,Normal,273.94,252.95,310.0,4999.99,
2026-02-11,sl-st-box,283389,Normal,469.29,458.0,560.0,9999.99,
2026-02-11,sl-tf-box,536225,Normal,271.87,258.0,289.99,779.99,
2026-02-11,sv2-185,497557,Normal,0.29,0.05,0.36,501.5,
2026-02-11,sv2-185,497557,Reverse Holofoil,1.59,0.19,0.9,10.0,3.49
2026-02-11,sv2-254,497669,Holofoil,13.32,11.0,14.23,52.5,16.53
2026-02-11,sv2-269,497689,Holofoil,48.31,45.94,57.36,259.99,55.95
2026-02-11,sv3pt5-151,516566,Holofoil,6.68,4.0,7.7,100.0,13.99
2026-02-11,sv3pt5-199,517045,Holofoil,277.36,229.99,312.93,1000.0,273.77
2026-02-11,sv3pt5-205,517051,Holofoil,18.64,15.47,20.0,88.88,22.0
2026-02-11,sv3pt5-4,502555,Normal,0.14,0.01,0.15,20.0,0.11
2026-02-11,sv3pt5-4,502555,Reverse Holofoil,0.27,0.07,0.3,29.0,0.24
2026-02-11,sv3pt5-6,502558,Holofoil,5.93,2.98,6.04,505.1,98.99
2026-02-11,sv3pt5-7,502548,Normal,0.17,0.01,0.18,2.0,0.17
2026-02-11,sv3pt5-7,502548,Reverse Holofoil,0.31,0.01,0.28,50.0,0.25
2026-02-11,sv4pt5-234,535090,Holofoil,208.79,180.0,250.0,799.97,227.23
2026-02-11,sv4pt5-54,534416,Holofoil,3.58,1.85,3.92,60.0,5.32
2026-02-11,sv8-57,590025,Holofoil,3.79,1.99,4.28,50.0,5.99
2026-02-11,sv8pt5-149,610504,Holofoil,170.83,130.0,192.02,999.0,
2026-02-11,sv8pt5-155,610510,Holofoil,199.18,196.25,219.86,999.0,
2026-02-11,sv8pt5-156,610511,Holofoil,308.99,295.35,339.89,999.0,321.36
2026-02-11,sv8pt5-161,610516,Holofoil,991.48,890.0,1050.0,1999.99,
2026-02-11,sv8pt5-167,610522,Holofoil,115.75,98.99,120.01,999.0,143.99
2026-02-11,sv8pt5-179,610534,Holofoil,45.87,39.02,56.75,999.0,
2026-02-11,sv8pt5-28,610383,Holofoil,1.44,0.77,1.5,999.0,2.4
2026-02-11,sv8pt5-47,610402,Normal,0.07,0.01,0.1,999.0,0.03
2026-02-11,sv8pt5-47,610402,Reverse Holofoil,0.1,0.01,0.15,999.0,0.09
2026-02-11,sv8pt5-59,610414,Holofoil,0.21,0.01,0.25,999.0,0.19
2026-02-11,sv8pt5-59,610414,Reverse Holofoil,0.29,0.01,0.37,999.0,0.26
2026-02-11,sv8pt5-60,610415,Holofoil,4.76,3.68,5.0,999.0,5.45
2026-02-11,svp-085,518861,Normal,512.71,549.99,715.5,2500.0,699.94
2026-02-11,swsh11-186,284137,Holofoil,668.64,534.6,667.13,1500.0,784.99
2026-02-11,swsh12-186,451834,Holofoil,353.91,335.0,400.0,2000.0,373.49
2026-02-11,swsh12pt5gg-GG69,478100,Holofoil,211.61,195.0,227.48,1000.0,220.23
2026-02-11,swsh35-25,223018,Normal,0.14,0.04,0.17,1.82,
2026-02-11,swsh35-25,223018,Reverse Holofoil,0.29,0.09,0.29,2.0,
2026-02-11,swsh35-74,223073,Holofoil,180.55,145.01,213.81,1500.0,224.68
2026-02-11,swsh45sv-SV107,232496,Holofoil,133.79,104.99,151.54,500.0,150.0
2026-02-11,swsh7-204,246693,Holofoil,30.54,25.0,32.99,150.0,39.95
2026-02-11,swsh7-205,246696,Holofoil,325.74,289.0,355.77,600.0,299.04
2026-02-11,swsh7-208,246755,Holofoil,29.18,26.26,29.47,61.99,29.18
2026-02-11,swsh7-209,246756,Holofoil,265.6,229.0,279.31,450.0,239.98
2026-02-11,swsh7-211,246702,Holofoil,51.59,32.01,52.3,74.95,49.1
2026-02-11,swsh7-212,246704,Holofoil,337.03,290.0,346.37,1000.0,369.69
2026-02-11,swsh7-215,246723,Holofoil,1784.53,1700.0,2000.0,4000.0,1994.98
2026-02-11,swsh7-218,246733,Holofoil,658.98,575.0,698.93,950.0,605.0
2026-02-11,swsh7-41,246753,Holofoil,5.65,3.22,6.0,24.97,10.24
2026-02-11,swsh7-65,246690,Holofoil,10.82,8.19,12.0,500.0,11.05
2026-02-11,swsh7-75,246701,Holofoil,14.3,10.49,15.0,50.0,19.89
2026-02-11,swsh7-8,246691,Holofoil,8.54,4.9,8.08,100.0,16.67
2026-02-11,swsh8-271,253266,Holofoil,743.19,648.87,843.66,1499.95,899.99
2026-02-11,swsh9-154,263873,Holofoil,245.22,224.98,292.49,1500.0,265.49
2026-02-12,base1-15,42355,Holofoil,133.09,84.0,129.6,999.98,300.0
2026-02-12,base1-16,42356,Holofoil,52.42,24.21,50.26,120.0,69.95
2026-02-12,base1-2,42360,Holofoil,164.61,104.0,157.3,499.99,
2026-02-12,base1-4,42382,Holofoil,467.81,384.9,599.99,1500.0,1299.98
2026-02-12,base1-58,42402,Normal,4.94,0.83,2.48,9999.0,9.97
2026-02-12,cel25c-4,250320,Holofoil,178.81,120.0,195.0,499.99,180.74
2026-02-12,gym2-2,83861,1st Edition Holofoil,852.01,599.99,640.0,894.61,
2026-02-12,gym2-2,83861,Unlimited Holofoil,493.32,449.99,563.06,629.48,560.11
2026-02-12,neo1-9,86903,1st Edition Holofoil,1799.99,889.0,1800.0,1899.99,1899.99
2026-02-12,neo1-9,86903,Unlimited Holofoil,438.14,349.0,409.85,815.0,
2026-02-12,sl-151-bundle,502000,Normal,119.16,110.0,130.0,999.99,
2026-02-12,sl-151-etb,503313,Normal,442.73,439.0,500.0,1000.0,
2026-02-12,sl-151-upc,502005,Normal,642.41,636.09,799.99,40000.0,
2026-02-12,sl-ar-box,265519,Normal,389.23,380.0,450.0,899.99,
2026-02-12,sl-bs-box,256141,Normal,572.25,565.0,685.0,1499.99,
2026-02-12,sl-cel-upc,245140,Normal,905.25,940.01,1084.0,154722.59,
2026-02-12,sl-champ-etb,218791,Normal,165.34,163.94,177.49,500.0,
2026-02-12,sl-cz-etb,453470,Normal,251.58,230.0,299.97,785.0,
2026-02-12,sl-dr-box,624679,Normal,555.88,535.0,600.0,2185.0,
2026-02-12,sl-evs-box,242436,Normal,2516.43,2480.0,3084.0,12000.0,
2026-02-12,sl-evs-etb,243721,Normal,751.62,848.99,999.98,2999.99,
2026-02-12,sl-fs-box,247654,Normal,979.91,1000.0,1200.0,3200.0,
2026-02-12,sl-hf-etb,194729,Normal,434.08,433.48,579.98,9999.98,
2026-02-12,sl-jp-151,565243,Normal,217.18,208.39,235.0,489.59,
2026-02-12,sl-jp-terastal,603428,Normal,121.11,99.99,130.0,200.0,
2026-02-12,sl-jt-box,610931,Normal,249.3,249.99,269.88,551.0,
2026-02-12,sl-lo-box,277324,Normal,714.95,720.0,967.5,2500.0,
2026-02-12,sl-me1-box,644298,Normal,263.86,254.99,299.99,500.0,
2026-02-12,sl-obf-box,501257,Normal,309.72,314.99,378.0,799.99,
2026-02-12,sl-pe-etb,593355,Normal,146.66,134.99,159.99,1115.0,
2026-02-12,sl-pe-spc,622770,Normal,289.54,259.99,349.99,999.0,
2026-02-12,sl-pf-etb,528040,Normal,299.11,299.99,349.95,775.0,
2026-02-12,sl-phf-box,654137,Normal,275.25,265.0,309.99,1000.0,
2026-02-12,sl-shf-etb,228821,Normal,108.95,107.78,134.99,500.11,
2026-02-12,sl-ss-box,565606,Normal,274.3,251.62,299.99,4999.99,
2026-02-12,sl-st-box,283389,Normal,469.29,458.0,550.0,9999.99,
2026-02-12,sl-tf-box,536225,Normal,271.87,258.0,289.99,779.99,
2026-02-12,sv2-185,497557,Normal,0.27,0.05,0.36,501.5,
2026-02-12,sv2-185,497557,Reverse Holofoil,1.56,0.19,0.99,10.0,3.49
2026-02-12,sv2-254,497669,Holofoil,12.98,11.0,14.3,52.5,17.99
2026-02-12,sv2-269,497689,Holofoil,48.27,45.95,55.95,259.99,55.95
2026-02-12,sv3pt5-151,516566,Holofoil,6.65,4.0,7.5,100.0,11.97
2026-02-12,sv3pt5-199,517045,Holofoil,277.36,229.99,308.38,1000.0,245.99
2026-02-12,sv3pt5-205,517051,Holofoil,18.99,15.47,20.0,99.0,28.99
2026-02-12,sv3pt5-4,502555,Normal,0.18,0.01,0.17,20.0,0.11
2026-02-12,sv3pt5-4,502555,Reverse Holofoil,0.3,0.07,0.3,29.0,0.23
2026-02-12,sv3pt5-6,502558,Holofoil,6.19,2.98,6.16,505.1,98.98
2026-02-12,sv3pt5-7,502548,Normal,0.18,0.01,0.18,5.1,0.17
2026-02-12,sv3pt5-7,502548,Reverse Holofoil,0.3,0.01,0.28,50.0,0.27
2026-02-12,sv4pt5-234,535090,Holofoil,207.82,180.0,250.0,799.97,227.23
2026-02-12,sv4pt5-54,534416,Holofoil,4.23,1.85,3.99,60.0,4.73
2026-02-12,sv8-57,590025,Holofoil,3.47,1.99,4.12,50.0,7.24
2026-02-12,sv8pt5-149,610504,Holofoil,170.3,130.0,192.02,999.0,
2026-02-12,sv8pt5-155,610510,Holofoil,199.24,196.25,219.95,999.0,
2026-02-12,sv8pt5-156,610511,Holofoil,308.81,295.35,339.69,999.0,334.15
2026-02-12,sv8pt5-161,610516,Holofoil,995.21,890.0,1050.0,1999.99,
2026-02-12,sv8pt5-167,610522,Holofoil,115.54,98.99,120.68,999.0,143.99
2026-02-12,sv8pt5-179,610534,Holofoil,46.06,39.02,56.65,999.0,
2026-02-12,sv8pt5-28,610383,Holofoil,1.12,0.75,1.47,999.0,2.49
2026-02-12,sv8pt5-47,610402,Normal,0.07,0.01,0.1,999.0,0.03
2026-02-12,sv8pt5-47,610402,Reverse Holofoil,0.1,0.01,0.15,999.0,0.09
2026-02-12,sv8pt5-59,610414,Holofoil,0.3,0.01,0.27,999.0,0.21
2026-02-12,sv8pt5-59,610414,Reverse Holofoil,0.28,0.01,0.36,999.0,0.25
2026-02-12,sv8pt5-60,610415,Holofoil,4.66,3.69,5.0,999.0,8.99
2026-02-12,svp-085,518861,Normal,512.71,549.99,715.5,2500.0,699.94
2026-02-12,swsh11-186,284137,Holofoil,668.64,534.6,667.13,1500.0,784.99
2026-02-12,swsh12-186,451834,Holofoil,354.31,335.0,400.0,2000.0,373.49
2026-02-12,swsh12pt5gg-GG69,478100,Holofoil,211.6,195.0,227.47,1000.0,220.23
2026-02-12,swsh35-25,223018,Normal,0.14,0.04,0.17,4.26,
2026-02-12,swsh35-25,223018,Reverse Holofoil,0.29,0.09,0.29,2.0,
2026-02-12,swsh35-74,223073,Holofoil,180.55,145.01,220.0,1500.0,224.68
2026-02-12,swsh45sv-SV107,232496,Holofoil,130.49,104.99,150.0,500.0,148.9
2026-02-12,swsh7-204,246693,Holofoil,30.54,24.99,32.93,150.0,39.95
2026-02-12,swsh7-205,246696,Holofoil,325.74,289.0,354.75,600.0,299.04
2026-02-12,swsh7-208,246755,Holofoil,29.18,26.26,30.09,73.55,29.18
2026-02-12,swsh7-209,246756,Holofoil,265.6,228.99,279.1,450.0,239.98
2026-02-12,swsh7-211,246702,Holofoil,50.86,35.0,52.03,130.81,48.4
2026-02-12,swsh7-212,246704,Holofoil,336.23,290.0,350.0,1000.0,321.05
2026-02-12,swsh7-215,246723,Holofoil,1784.53,1700.0,2000.0,4000.0,1994.97
2026-02-12,swsh7-218,246733,Holofoil,658.98,575.0,698.94,950.0,605.0
2026-02-12,swsh7-41,246753,Holofoil,5.85,3.5,6.0,24.97,10.24
2026-02-12,swsh7-65,246690,Holofoil,10.67,8.19,11.99,500.0,11.05
2026-02-12,swsh7-75,246701,Holofoil,14.38,10.49,14.99,50.0,19.89
2026-02-12,swsh7-8,246691,Holofoil,7.37,4.98,8.07,100.0,9.99
2026-02-12,swsh8-271,253266,Holofoil,742.73,648.87,843.36,1499.95,732.86
2026-02-12,swsh9-154,263873,Holofoil,243.59,201.42,290.0,1500.0,265.49
2026-02-13,base1-15,42355,Holofoil,133.09,84.0,129.59,999.98,300.0
2026-02-13,base1-16,42356,Holofoil,52.6,28.0,51.49,120.0,119.99
2026-02-13,base1-2,42360,Holofoil,164.61,109.0,164.61,499.99,
2026-02-13,base1-4,42382,Holofoil,467.81,384.9,599.99,1500.0,1299.98
2026-02-13,base1-58,42402,Normal,4.94,0.83,2.46,9999.0,9.97
2026-02-13,cel25c-4,250320,Holofoil,178.23,120.8,198.77,499.99,180.74
2026-02-13,gym2-2,83861,1st Edition Holofoil,852.01,599.99,640.0,894.61,
2026-02-13,gym2-2,83861,Unlimited Holofoil,493.32,449.99,563.06,629.48,560.11
2026-02-13,neo1-9,86903,1st Edition Holofoil,1799.99,889.0,1799.39,1899.99,1899.99
2026-02-13,neo1-9,86903,Unlimited Holofoil,438.14,349.0,409.85,815.0,
2026-02-13,sl-151-bundle,502000,Normal,122.06,110.0,130.0,999.99,
2026-02-13,sl-151-etb,503313,Normal,443.21,439.0,500.0,1000.0,
2026-02-13,sl-151-upc,502005,Normal,654.75,636.09,800.0,40000.0,
2026-02-13,sl-ar-box,265519,Normal,389.23,380.0,450.0,899.99,
2026-02-13,sl-bs-box,256141,Normal,572.85,565.0,675.0,1499.99,
2026-02-13,sl-cel-upc,245140,Normal,905.25,940.0,1000.0,154722.59,
2026-02-13,sl-champ-etb,218791,Normal,165.42,163.94,177.99,500.0,
2026-02-13,sl-cz-etb,453470,Normal,248.58,244.98,299.99,785.0,
2026-02-13,sl-dr-box,624679,Normal,550.23,549.99,600.0,2185.0,
2026-02-13,sl-evs-box,242436,Normal,2521.63,2490.0,3084.0,12000.0,
2026-02-13,sl-evs-etb,243721,Normal,751.62,848.99,999.98,2999.99,
2026-02-13,sl-fs-box,247654,Normal,979.91,999.0,1200.0,3200.0,
2026-02-13,sl-hf-etb,194729,Normal,434.08,434.08,599.97,9999.98,
2026-02-13,sl-jp-151,565243,Normal,217.63,208.39,242.25,489.59,
2026-02-13,sl-jp-terastal,603428,Normal,121.19,99.99,129.99,200.0,
2026-02-13,sl-jt-box,610931,Normal,249.93,249.99,277.99,551.0,
2026-02-13,sl-lo-box,277324,Normal,714.95,714.95,967.5,2500.0,
2026-02-13,sl-me1-box,644298,Normal,262.96,260.0,300.0,500.0,
2026-02-13,sl-obf-box,501257,Normal,312.88,319.99,378.0,799.99,
2026-02-13,sl-pe-etb,593355,Normal,146.04,134.99,162.12,1115.0,
2026-02-13,sl-pe-spc,622770,Normal,288.53,259.99,349.99,999.0,
2026-02-13,sl-pf-etb,528040,Normal,299.11,299.99,349.95,775.0,
2026-02-13,sl-phf-box,654137,Normal,278.72,280.0,309.99,1000.0,
2026-02-13,sl-shf-etb,228821,Normal,109.19,105.0,134.99,500.11,
2026-02-13,sl-ss-box,565606,Normal,268.57,251.62,299.99,4999.99,
2026-02-13,sl-st-box,283389,Normal,469.29,458.0,524.99,9999.99,
2026-02-13,sl-tf-box,536225,Normal,270.47,253.0,289.96,779.99,
2026-02-13,sv2-185,497557,Normal,0.29,0.05,0.35,501.5,
2026-02-13,sv2-185,497557,Reverse Holofoil,2.16,0.19,0.99,10.0,0.62
2026-02-13,sv2-254,497669,Holofoil,13.38,11.52,14.25,52.5,19.29
2026-02-13,sv2-269,497689,Holofoil,49.19,45.95,56.88,259.99,55.95
2026-02-13,sv3pt5-151,516566,Holofoil,6.86,4.0,7.5,100.0,14.99
2026-02-13,sv3pt5-199,517045,Holofoil,277.45,228.99,308.38,1000.0,245.99
2026-02-13,sv3pt5-205,517051,Holofoil,19.06,15.47,20.0,88.88,20.0
2026-02-13,sv3pt5-4,502555,Normal,0.17,0.01,0.17,20.0,0.11
2026-02-13,sv3pt5-4,502555,Reverse Holofoil,0.28,0.07,0.29,29.0,0.23
2026-02-13,sv3pt5-6,502558,Holofoil,6.19,2.98,6.48,505.1,98.97
2026-02-13,sv3pt5-7,502548,Normal,0.18,0.01,0.18,2.0,0.17
2026-02-13,sv3pt5-7,502548,Reverse Holofoil,0.27,0.01,0.27,50.0,0.26
2026-02-13,sv4pt5-234,535090,Holofoil,208.77,180.0,250.0,799.97,241.9
2026-02-13,sv4pt5-54,534416,Holofoil,4.4,2.0,4.1,60.0,6.47
2026-02-13,sv8-57,590025,Holofoil,3.88,1.99,4.13,50.0,7.24
2026-02-13,sv8pt5-149,610504,Holofoil,169.92,130.0,195.42,999.0,
2026-02-13,sv8pt5-155,610510,Holofoil,199.26,196.25,223.13,999.0,
2026-02-13,sv8pt5-156,610511,Holofoil,308.81,298.99,339.69,999.0,334.15
2026-02-13,sv8pt5-161,610516,Holofoil,998.77,889.32,1065.0,5000.0,1385.95
2026-02-13,sv8pt5-167,610522,Holofoil,115.54,98.99,119.98,999.0,143.99
2026-02-13,sv8pt5-179,610534,Holofoil,46.52,39.02,59.98,999.0,
2026-02-13,sv8pt5-28,610383,Holofoil,1.37,0.95,1.5,999.0,
2026-02-13,sv8pt5-47,610402,Normal,0.07,0.01,0.1,999.0,0.03
2026-02-13,sv8pt5-47,610402,Reverse Holofoil,0.1,0.01,0.15,999.0,0.09
2026-02-13,sv8pt5-59,610414,Holofoil,0.32,0.01,0.29,999.0,0.21
2026-02-13,sv8pt5-59,610414,Reverse Holofoil,0.27,0.01,0.36,999.0,0.24
2026-02-13,sv8pt5-60,610415,Holofoil,4.51,3.7,4.99,999.0,14.99
2026-02-13,svp-085,518861,Normal,526.19,629.0,700.0,2500.0,699.94
2026-02-13,swsh11-186,284137,Holofoil,667.67,534.6,676.12,1500.0,784.98
2026-02-13,swsh12-186,451834,Holofoil,354.31,335.0,394.0,2000.0,373.49
2026-02-13,swsh12pt5gg-GG69,478100,Holofoil,209.79,195.0,229.99,1000.0,195.0
2026-02-13,swsh35-25,223018,Normal,0.14,0.04,0.17,7.15,
2026-02-13,swsh35-25,223018,Reverse Holofoil,0.29,0.09,0.29,2.0,
2026-02-13,swsh35-74,223073,Holofoil,180.55,145.01,220.0,1500.0,224.68
2026-02-13,swsh45sv-SV107,232496,Holofoil,131.41,104.99,155.0,500.0,149.07
2026-02-13,swsh7-204,246693,Holofoil,30.54,24.99,32.99,150.0,39.95
2026-02-13,swsh7-205,246696,Holofoil,325.74,289.0,354.75,600.0,299.04
2026-02-13,swsh7-208,246755,Holofoil,29.18,26.26,30.18,61.99,35.1
2026-02-13,swsh7-209,246756,Holofoil,265.6,228.99,271.89,450.0,239.98
2026-02-13,swsh7-211,246702,Holofoil,50.13,39.27,52.03,77.45,48.4
2026-02-13,swsh7-212,246704,Holofoil,336.23,290.0,350.0,1000.0,321.05
2026-02-13,swsh7-215,246723,Holofoil,1730.93,1699.99,1999.99,4000.0,1994.97
2026-02-13,swsh7-218,246733,Holofoil,658.98,575.0,698.89,950.0,605.0
2026-02-13,swsh7-41,246753,Holofoil,5.91,3.5,6.24,24.97,6.58
2026-02-13,swsh7-65,246690,Holofoil,10.47,8.19,11.99,500.0,16.5
2026-02-13,swsh7-75,246701,Holofoil,14.58,10.49,15.0,50.0,14.99
2026-02-13,swsh7-8,246691,Holofoil,7.29,4.98,8.04,100.0,8.61
2026-02-13,swsh8-271,253266,Holofoil,742.73,648.87,840.0,1499.95,732.86
2026-02-13,swsh9-154,263873,Holofoil,243.59,224.98,290.0,1500.0,265.49
2026-02-14,base1-15,42355,Holofoil,133.09,83.65,126.5,999.98,300.0
2026-02-14,base1-16,42356,Holofoil,52.6,28.0,51.49,120.0,119.99
2026-02-14,base1-2,42360,Holofoil,162.41,109.0,157.3,499.99,
2026-02-14,base1-4,42382,Holofoil,473.56,384.9,719.99,1500.0,1299.98
2026-02-14,base1-58,42402,Normal,4.79,0.83,2.45,9999.0,
2026-02-14,cel25c-4,250320,Holofoil,177.75,119.81,198.77,499.99,180.74
2026-02-14,gym2-2,83861,1st Edition Holofoil,852.01,599.99,640.0,894.61,
2026-02-14,gym2-2,83861,Unlimited Holofoil,493.32,449.99,566.0,629.48,475.0
2026-02-14,neo1-9,86903,1st Edition Holofoil,1799.99,889.0,1799.39,1899.99,1899.99
2026-02-14,neo1-9,86903,Unlimited Holofoil,438.14,305.0,397.0,815.0,
2026-02-14,sl-151-bundle,502000,Normal,122.96,110.0,130.0,999.99,
2026-02-14,sl-151-etb,503313,Normal,443.45,450.0,500.0,1000.0,
2026-02-14,sl-151-upc,502005,Normal,656.39,698.0,800.0,40000.0,
2026-02-14,sl-ar-box,265519,Normal,389.75,380.0,452.5,899.99,
2026-02-14,sl-bs-box,256141,Normal,570.52,569.99,692.5,1499.99,
2026-02-14,sl-cel-upc,245140,Normal,911.54,948.0,1092.0,154722.59,
2026-02-14,sl-champ-etb,218791,Normal,165.42,163.94,176.99,500.0,
2026-02-14,sl-cz-etb,453470,Normal,248.62,244.98,299.99,785.0,
2026-02-14,sl-dr-box,624679,Normal,550.23,549.99,607.0,2185.0,
2026-02-14,sl-evs-box,242436,Normal,2517.39,2475.0,3084.0,12000.0,
2026-02-14,sl-evs-etb,243721,Normal,751.62,848.99,999.49,2999.99,
2026-02-14,sl-fs-box,247654,Normal,979.91,999.0,1200.0,3000.0,
2026-02-14,sl-hf-etb,194729,Normal,434.08,434.08,599.97,9999.98,
2026-02-14,sl-jp-151,565243,Normal,216.81,219.99,249.9,489.59,
2026-02-14,sl-jp-terastal,603428,Normal,121.46,99.99,129.99,200.0,
2026-02-14,sl-jt-box,610931,Normal,249.93,249.93,277.99,551.0,
2026-02-14,sl-lo-box,277324,Normal,717.91,714.95,950.0,2500.0,
2026-02-14,sl-me1-box,644298,Normal,267.08,269.99,300.0,500.0,
2026-02-14,sl-obf-box,501257,Normal,314.28,319.99,377.49,799.99,
2026-02-14,sl-pe-etb,593355,Normal,146.27,136.72,169.94,1115.0,
2026-02-14,sl-pe-spc,622770,Normal,285.86,259.99,349.99,999.0,
2026-02-14,sl-pf-etb,528040,Normal,299.11,299.99,329.94,775.0,
2026-02-14,sl-phf-box,654137,Normal,287.03,290.0,309.99,1000.0,
2026-02-14,sl-shf-etb,228821,Normal,109.39,105.0,132.5,500.11,
2026-02-14,sl-ss-box,565606,Normal,266.89,248.01,299.0,4999.99,
2026-02-14,sl-st-box,283389,Normal,472.61,458.0,524.99,9999.99,
2026-02-14,sl-tf-box,536225,Normal,270.27,253.0,289.98,779.99,
2026-02-14,sv2-185,497557,Normal,0.3,0.05,0.36,501.5,
2026-02-14,sv2-185,497557,Reverse Holofoil,2.12,0.19,0.99,10.0,4.97
2026-02-14,sv2-254,497669,Holofoil,13.81,11.52,14.26,52.5,19.74
2026-02-14,sv2-269,497689,Holofoil,49.57,46.36,55.74,259.99,57.81
2026-02-14,sv3pt5-151,516566,Holofoil,7.56,4.0,7.89,100.0,14.89
2026-02-14,sv3pt5-199,517045,Holofoil,278.84,228.97,306.8,1000.0,245.99
2026-02-14,sv3pt5-205,517051,Holofoil,19.32,15.47,20.57,88.88,28.99
2026-02-14,sv3pt5-4,502555,Normal,0.17,0.01,0.18,20.0,0.11
2026-02-14,sv3pt5-4,502555,Reverse Holofoil,0.28,0.07,0.29,29.0,0.22
2026-02-14,sv3pt5-6,502558,Holofoil,6.19,2.98,6.35,505.1,29.68
2026-02-14,sv3pt5-7,502548,Normal,0.19,0.01,0.18,2.0,0.18
2026-02-14,sv3pt5-7,502548,Reverse Holofoil,0.27,0.01,0.27,50.0,0.27
2026-02-14,sv4pt5-234,535090,Holofoil,209.61,180.0,250.0,799.97,241.9
2026-02-14,sv4pt5-54,534416,Holofoil,3.96,2.0,4.12,60.0,6.01
2026-02-14,sv8-57,590025,Holofoil,3.54,2.87,4.33,50.0,3.21
2026-02-14,sv8pt5-149,610504,Holofoil,169.04,165.39,195.0,999.0,
2026-02-14,sv8pt5-155,610510,Holofoil,199.26,196.25,221.35,999.0,
2026-02-14,sv8pt5-156,610511,Holofoil,308.98,296.84,339.69,999.0,315.67
2026-02-14,sv8pt5-161,610516,Holofoil,998.77,900.0,1079.99,5000.0,1385.95
2026-02-14,sv8pt5-167,610522,Holofoil,115.54,98.99,119.98,999.0,143.99
2026-02-14,sv8pt5-179,610534,Holofoil,46.24,39.02,59.99,999.0,
2026-02-14,sv8pt5-28,610383,Holofoil,1.3,0.5,1.5,999.0,
2026-02-14,sv8pt5-47,610402,Normal,0.08,0.01,0.1,999.0,0.03
2026-02-14,sv8pt5-47,610402,Reverse Holofoil,0.1,0.01,0.15,999.0,0.09
2026-02-14,sv8pt5-59,610414,Holofoil,0.29,0.01,0.29,999.0,0.18
2026-02-14,sv8pt5-59,610414,Reverse Holofoil,0.3,0.01,0.36,999.0,0.18
2026-02-14,sv8pt5-60,610415,Holofoil,5.0,3.78,5.0,999.0,
2026-02-14,svp-085,518861,Normal,526.19,629.0,700.0,2500.0,699.94
2026-02-14,swsh11-186,284137,Holofoil,671.94,534.6,690.0,1500.0,784.97
2026-02-14,swsh12-186,451834,Holofoil,354.75,335.0,391.87,2000.0,370.0
2026-02-14,swsh12pt5gg-GG69,478100,Holofoil,209.79,195.0,232.0,1000.0,195.0
2026-02-14,swsh35-25,223018,Normal,0.14,0.04,0.17,7.15,
2026-02-14,swsh35-25,223018,Reverse Holofoil,0.29,0.09,0.29,2.0,
2026-02-14,swsh35-74,223073,Holofoil,180.55,145.01,219.99,1500.0,224.68
2026-02-14,swsh45sv-SV107,232496,Holofoil,131.41,104.99,154.99,500.0,149.24
2026-02-14,swsh7-204,246693,Holofoil,30.54,25.0,32.99,150.0,39.95
2026-02-14,swsh7-205,246696,Holofoil,325.74,289.0,353.67,600.0,299.04
2026-02-14,swsh7-208,246755,Holofoil,29.02,26.26,31.08,61.99,35.37
2026-02-14,swsh7-209,246756,Holofoil,261.48,229.01,279.31,450.0,239.98
2026-02-14,swsh7-211,246702,Holofoil,50.13,39.27,52.03,74.95,47.7
2026-02-14,swsh7-212,246704,Holofoil,336.23,290.0,350.0,1000.0,321.05
2026-02-14,swsh7-215,246723,Holofoil,1730.93,1699.99,1999.0,4000.0,1994.97
2026-02-14,swsh7-218,246733,Holofoil,658.98,575.0,675.5,950.0,605.0
2026-02-14,swsh7-41,246753,Holofoil,6.12,3.5,6.12,24.97,7.35
2026-02-14,swsh7-65,246690,Holofoil,10.7,9.0,12.0,500.0,12.99
2026-02-14,swsh7-75,246701,Holofoil,14.46,10.49,15.0,50.0,16.05
2026-02-14,swsh7-8,246691,Holofoil,6.65,4.98,7.99,100.0,9.99
2026-02-14,swsh8-271,253266,Holofoil,750.01,648.87,840.0,1499.95,747.32
2026-02-14,swsh9-154,263873,Holofoil,243.59,224.98,280.0,1500.0,265.49
2026-02-15,base1-15,42355,Holofoil,133.09,84.0,129.59,999.98,300.0
2026-02-15,base1-16,42356,Holofoil,52.6,28.0,52.0,120.0,119.99
2026-02-15,base1-2,42360,Holofoil,162.95,109.0,156.13,499.99,
2026-02-15,base1-4,42382,Holofoil,473.56,384.9,719.99,1500.0,1299.98
2026-02-15,base1-58,42402,Normal,4.79,0.83,2.4,9999.0,
2026-02-15,cel25c-4,250320,Holofoil,177.0,119.81,199.38,499.99,179.29
2026-02-15,gym2-2,83861,1st Edition Holofoil,852.01,599.99,640.0,894.61,
2026-02-15,gym2-2,83861,Unlimited Holofoil,493.32,446.99,563.06,629.48,475.0
2026-02-15,neo1-9,86903,1st Edition Holofoil,1799.99,889.0,1799.39,1899.99,1899.99
2026-02-15,neo1-9,86903,Unlimited Holofoil,438.14,305.0,397.0,815.0,
2026-02-15,sl-151-bundle,502000,Normal,121.28,110.0,133.5,999.99,
2026-02-15,sl-151-etb,503313,Normal,443.45,471.44,500.0,1000.0,
2026-02-15,sl-151-upc,502005,Normal,660.97,600.0,800.0,40000.0,
2026-02-15,sl-ar-box,265519,Normal,389.75,380.0,450.0,899.99,
2026-02-15,sl-bs-box,256141,Normal,570.52,569.99,699.99,1499.99,
2026-02-15,sl-cel-upc,245140,Normal,911.54,960.0,1141.47,154722.59,
2026-02-15,sl-champ-etb,218791,Normal,166.78,159.96,176.99,500.0,
2026-02-15,sl-cz-etb,453470,Normal,248.02,244.98,299.99,785.0,
2026-02-15,sl-dr-box,624679,Normal,552.62,549.99,600.0,2185.0,
2026-02-15,sl-evs-box,242436,Normal,2517.39,2474.0,3142.0,12000.0,
2026-02-15,sl-evs-etb,243721,Normal,751.62,848.99,999.0,2999.99,
2026-02-15,sl-fs-box,247654,Normal,992.01,999.0,1200.0,3000.0,
2026-02-15,sl-hf-etb,194729,Normal,434.46,434.08,599.97,9999.98,
2026-02-15,sl-jp-151,565243,Normal,217.22,219.99,249.95,489.59,
2026-02-15,sl-jp-terastal,603428,Normal,122.14,124.99,129.99,200.0,
2026-02-15,sl-jt-box,610931,Normal,249.54,249.99,278.99,551.0,
2026-02-15,sl-lo-box,277324,Normal,717.91,714.95,950.0,2500.0,
2026-02-15,sl-me1-box,644298,Normal,269.6,269.99,300.0,500.0,
2026-02-15,sl-obf-box,501257,Normal,317.86,324.99,377.49,799.99,
2026-02-15,sl-pe-etb,593355,Normal,146.29,136.72,169.99,1115.0,
2026-02-15,sl-pe-spc,622770,Normal,283.79,283.47,349.0,999.0,
2026-02-15,sl-pf-etb,528040,Normal,299.35,289.0,329.97,775.0,
2026-02-15,sl-phf-box,654137,Normal,290.94,288.75,314.98,1000.0,
2026-02-15,sl-shf-etb,228821,Normal,109.39,105.0,134.99,500.11,
2026-02-15,sl-ss-box,565606,Normal,264.31,245.0,299.99,4999.99,
2026-02-15,sl-st-box,283389,Normal,472.61,458.0,512.5,9999.99,
2026-02-15,sl-tf-box,536225,Normal,270.48,255.0,294.99,779.99,
2026-02-15,sv2-185,497557,Normal,0.27,0.05,0.36,501.5,
2026-02-15,sv2-185,497557,Reverse Holofoil,2.54,0.19,0.99,10.0,4.97
2026-02-15,sv2-254,497669,Holofoil,14.16,12.0,14.34,52.5,19.74
2026-02-15,sv2-269,497689,Holofoil,50.7,43.0,55.97,259.99,
2026-02-15,sv3pt5-151,516566,Holofoil,7.61,4.0,7.72,100.0,14.99
2026-02-15,sv3pt5-199,517045,Holofoil,278.62,228.97,308.38,1000.0,229.95
2026-02-15,sv3pt5-205,517051,Holofoil,18.9,15.4,20.28,88.88,29.99
2026-02-15,sv3pt5-4,502555,Normal,0.15,0.01,0.18,20.0,
2026-02-15,sv3pt5-4,502555,Reverse Holofoil,0.27,0.07,0.29,29.0,0.23
2026-02-15,sv3pt5-6,502558,Holofoil,6.43,2.98,6.47,505.1,98.96
2026-02-15,sv3pt5-7,502548,Normal,0.21,0.01,0.19,2.0,0.18
2026-02-15,sv3pt5-7,502548,Reverse Holofoil,0.29,0.01,0.26,50.0,0.28
2026-02-15,sv4pt5-234,535090,Holofoil,210.45,180.0,250.0,799.97,241.9
2026-02-15,sv4pt5-54,534416,Holofoil,3.93,2.32,4.0,60.0,6.47
2026-02-15,sv8-57,590025,Holofoil,3.58,2.4,4.24,50.0,5.55
2026-02-15,sv8pt5-149,610504,Holofoil,169.16,163.0,194.4,999.0,
2026-02-15,sv8pt5-155,610510,Holofoil,199.91,194.99,219.95,999.0,
2026-02-15,sv8pt5-156,610511,Holofoil,308.98,290.0,339.69,999.0,315.67
2026-02-15,sv8pt5-161,610516,Holofoil,998.77,900.0,1079.99,5000.0,1385.95
2026-02-15,sv8pt5-167,610522,Holofoil,115.54,98.99,120.68,999.0,143.99
2026-02-15,sv8pt5-179,610534,Holofoil,46.03,39.02,59.98,999.0,
2026-02-15,sv8pt5-28,610383,Holofoil,1.25,0.5,1.5,999.0,
2026-02-15,sv8pt5-47,610402,Normal,0.08,0.01,0.1,999.0,0.03
2026-02-15,sv8pt5-47,610402,Reverse Holofoil,0.11,0.01,0.15,999.0,0.09
2026-02-15,sv8pt5-59,610414,Holofoil,0.27,0.01,0.28,999.0,0.17
2026-02-15,sv8pt5-59,610414,Reverse Holofoil,0.29,0.01,0.36,999.0,0.25
2026-02-15,sv8pt5-60,610415,Holofoil,4.68,3.8,5.0,999.0,
2026-02-15,svp-085,518861,Normal,532.55,629.0,700.0,2500.0,699.94
2026-02-15,swsh11-186,284137,Holofoil,671.94,538.46,690.0,1500.0,784.88
2026-02-15,swsh12-186,451834,Holofoil,356.12,335.0,394.0,2000.0,373.49
2026-02-15,swsh12pt5gg-GG69,478100,Holofoil,210.68,195.0,229.99,1000.0,195.0
2026-02-15,swsh35-25,223018,Normal,0.14,0.04,0.17,7.15,
2026-02-15,swsh35-25,223018,Reverse Holofoil,0.28,0.09,0.29,2.0,
2026-02-15,swsh35-74,223073,Holofoil,179.15,145.01,219.99,1500.0,224.68
2026-02-15,swsh45sv-SV107,232496,Holofoil,131.75,104.99,152.5,500.0,149.24
2026-02-15,swsh7-204,246693,Holofoil,30.48,25.0,32.99,150.0,39.95
2026-02-15,swsh7-205,246696,Holofoil,325.74,289.0,353.99,600.0,299.04
2026-02-15,swsh7-208,246755,Holofoil,28.9,26.26,31.5,61.99,36.45
2026-02-15,swsh7-209,246756,Holofoil,261.48,229.01,279.52,450.0,239.98
2026-02-15,swsh7-211,246702,Holofoil,50.13,39.27,50.99,74.95,47.7
2026-02-15,swsh7-212,246704,Holofoil,336.23,290.0,346.37,1000.0,321.05
2026-02-15,swsh7-215,246723,Holofoil,1730.93,1699.99,1999.0,4000.0,1994.97
2026-02-15,swsh7-218,246733,Holofoil,658.98,575.0,675.5,950.0,605.0
2026-02-15,swsh7-41,246753,Holofoil,6.2,3.5,6.23,24.97,7.5
2026-02-15,swsh7-65,246690,Holofoil,11.35,9.0,12.06,500.0,19.95
2026-02-15,swsh7-75,246701,Holofoil,14.33,10.0,14.99,50.0,19.89
2026-02-15,swsh7-8,246691,Holofoil,6.67,4.98,7.88,100.0,16.67
2026-02-15,swsh8-271,253266,Holofoil,740.35,648.87,842.04,1499.95,747.32
2026-02-15,swsh9-154,263873,Holofoil,243.59,224.98,280.0,1500.0,265.49
2026-02-16,base1-15,42355,Holofoil,133.65,84.0,133.99,999.98,300.0
2026-02-16,base1-16,42356,Holofoil,51.9,28.0,52.0,120.0,119.99
2026-02-16,base1-2,42360,Holofoil,163.47,109.99,174.67,499.99,
2026-02-16,base1-4,42382,Holofoil,473.56,384.9,702.49,1500.0,1299.98
2026-02-16,base1-58,42402,Normal,4.7,0.83,2.39,9999.0,
2026-02-16,cel25c-4,250320,Holofoil,181.07,119.81,195.0,499.99,179.29
2026-02-16,gym2-2,83861,1st Edition Holofoil,852.01,599.99,640.0,894.61,
2026-02-16,gym2-2,83861,Unlimited Holofoil,493.32,446.99,566.0,629.48,475.0
2026-02-16,neo1-9,86903,1st Edition Holofoil,1799.99,889.0,1799.39,1899.99,1899.99
2026-02-16,neo1-9,86903,Unlimited Holofoil,438.14,305.0,397.0,815.0,
2026-02-16,sl-151-bundle,502000,Normal,121.69,115.0,135.99,999.99,
2026-02-16,sl-151-etb,503313,Normal,443.45,449.99,500.0,1000.0,
2026-02-16,sl-151-upc,502005,Normal,659.17,695.99,800.0,40000.0,
2026-02-16,sl-ar-box,265519,Normal,389.75,380.0,450.0,899.99,
2026-02-16,sl-bs-box,256141,Normal,570.52,569.99,685.0,1499.99,
2026-02-16,sl-cel-upc,245140,Normal,915.62,960.0,1182.95,154722.59,
2026-02-16,sl-champ-etb,218791,Normal,166.78,163.94,179.98,500.0,
2026-02-16,sl-cz-etb,453470,Normal,247.72,248.99,300.0,785.0,
2026-02-16,sl-dr-box,624679,Normal,555.85,549.99,600.0,2185.0,
2026-02-16,sl-evs-box,242436,Normal,2513.19,2474.0,3142.0,12000.0,
2026-02-16,sl-evs-etb,243721,Normal,751.62,848.99,989.5,2999.99,
2026-02-16,sl-fs-box,247654,Normal,992.01,999.0,1200.0,3000.0,
2026-02-16,sl-hf-etb,194729,Normal,438.9,479.99,599.95,9999.98,
2026-02-16,sl-jp-151,565243,Normal,217.02,220.0,249.99,489.59,
2026-02-16,sl-jp-terastal,603428,Normal,121.92,124.99,129.99,200.0,
2026-02-16,sl-jt-box,610931,Normal,248.37,220.27,277.99,551.0,
2026-02-16,sl-lo-box,277324,Normal,723.83,714.95,950.0,2500.0,
2026-02-16,sl-me1-box,644298,Normal,269.67,269.99,300.0,500.0,
2026-02-16,sl-obf-box,501257,Normal,320.3,324.99,379.98,799.99,
2026-02-16,sl-pe-etb,593355,Normal,148.42,140.0,175.0,1115.0,
2026-02-16,sl-pe-spc,622770,Normal,283.46,284.67,350.0,999.0,
2026-02-16,sl-pf-etb,528040,Normal,298.91,281.0,329.97,775.0,
2026-02-16,sl-phf-box,654137,Normal,295.77,290.0,314.99,1000.0,
2026-02-16,sl-shf-etb,228821,Normal,110.43,104.99,134.99,500.11,
2026-02-16,sl-ss-box,565606,Normal,258.24,248.98,300.0,4999.99,
2026-02-16,sl-st-box,283389,Normal,472.41,458.0,500.0,9999.99,
2026-02-16,sl-tf-box,536225,Normal,269.48,260.0,299.99,779.99,
2026-02-16,sv2-185,497557,Normal,0.27,0.05,0.35,501.5,
2026-02-16,sv2-185,497557,Reverse Holofoil,2.22,0.19,1.0,20.69,4.99
2026-02-16,sv2-254,497669,Holofoil,13.49,12.0,14.34,52.5,12.81
2026-02-16,sv2-269,497689,Holofoil,50.7,45.69,55.65,259.99,
2026-02-16,sv3pt5-151,516566,Holofoil,7.76,4.0,8.0,100.0,7.25
2026-02-16,sv3pt5-199,517045,Holofoil,282.12,228.97,315.0,1000.0,305.99
2026-02-16,sv3pt5-205,517051,Holofoil,19.47,15.47,20.54,88.88,29.95
2026-02-16,sv3pt5-4,502555,Normal,0.12,0.01,0.17,20.0,
2026-02-16,sv3pt5-4,502555,Reverse Holofoil,0.27,0.07,0.29,29.0,0.26
2026-02-16,sv3pt5-6,502558,Holofoil,6.78,2.98,6.53,505.1,13.99
2026-02-16,sv3pt5-7,502548,Normal,0.19,0.01,0.2,2.0,0.18
2026-02-16,sv3pt5-7,502548,Reverse Holofoil,0.26,0.01,0.28,50.0,0.28
2026-02-16,sv4pt5-234,535090,Holofoil,210.68,180.99,250.0,799.97,241.85
2026-02-16,sv4pt5-54,534416,Holofoil,4.11,2.0,4.11,60.0,6.47
2026-02-16,sv8-57,590025,Holofoil,3.88,2.4,4.25,50.0,7.24
2026-02-16,sv8pt5-149,610504,Holofoil,169.16,168.0,195.75,999.0,
2026-02-16,sv8pt5-155,610510,Holofoil,204.98,188.67,226.52,999.0,
2026-02-16,sv8pt5-156,610511,Holofoil,308.98,290.0,339.6,999.0,315.67
2026-02-16,sv8pt5-161,610516,Holofoil,998.77,900.0,1079.99,5000.0,1385.95
2026-02-16,sv8pt5-167,610522,Holofoil,115.49,98.99,120.65,999.0,109.71
2026-02-16,sv8pt5-179,610534,Holofoil,46.23,39.72,59.99,999.0,
2026-02-16,sv8pt5-28,610383,Holofoil,1.11,0.35,1.5,999.0,
2026-02-16,sv8pt5-47,610402,Normal,0.08,0.01,0.1,999.0,0.03
2026-02-16,sv8pt5-47,610402,Reverse Holofoil,0.11,0.01,0.15,999.0,0.09
2026-02-16,sv8pt5-59,610414,Holofoil,0.28,0.01,0.27,999.0,0.19
2026-02-16,sv8pt5-59,610414,Reverse Holofoil,0.27,0.01,0.36,999.0,0.26
2026-02-16,sv8pt5-60,610415,Holofoil,4.58,3.88,5.0,999.0,
2026-02-16,svp-085,518861,Normal,532.55,629.0,700.0,2500.0,699.94
2026-02-16,swsh11-186,284137,Holofoil,671.94,484.63,685.97,1500.0,784.88
2026-02-16,swsh12-186,451834,Holofoil,356.12,335.0,394.0,2000.0,373.49
2026-02-16,swsh12pt5gg-GG69,478100,Holofoil,210.68,195.0,228.58,1000.0,220.23
2026-02-16,swsh35-25,223018,Normal,0.14,0.04,0.17,7.15,
2026-02-16,swsh35-25,223018,Reverse Holofoil,0.28,0.09,0.29,2.0,
2026-02-16,swsh35-74,223073,Holofoil,180.35,145.01,220.0,1500.0,224.68
2026-02-16,swsh45sv-SV107,232496,Holofoil,131.62,100.0,150.0,500.0,149.46
2026-02-16,swsh7-204,246693,Holofoil,30.48,25.0,32.99,150.0,39.95
2026-02-16,swsh7-205,246696,Holofoil,325.54,289.0,356.04,600.0,299.04
2026-02-16,swsh7-208,246755,Holofoil,29.18,26.26,32.24,61.99,36.25
2026-02-16,swsh7-209,246756,Holofoil,261.08,232.81,279.72,450.0,239.99
2026-02-16,swsh7-211,246702,Holofoil,50.13,39.27,52.03,74.95,47.7
2026-02-16,swsh7-212,246704,Holofoil,334.07,290.0,350.0,1000.0,321.05
2026-02-16,swsh7-215,246723,Holofoil,1730.93,1699.99,1999.0,4000.0,1994.97
2026-02-16,swsh7-218,246733,Holofoil,661.12,575.0,689.72,950.0,605.0
2026-02-16,swsh7-41,246753,Holofoil,6.2,3.5,6.25,24.97,7.5
2026-02-16,swsh7-65,246690,Holofoil,11.68,9.0,12.23,500.0,11.05
2026-02-16,swsh7-75,246701,Holofoil,14.05,10.0,14.99,50.0,19.89
2026-02-16,swsh7-8,246691,Holofoil,6.67,4.98,7.95,100.0,14.99
2026-02-16,swsh8-271,253266,Holofoil,740.35,651.98,847.04,1499.95,747.32
2026-02-16,swsh9-154,263873,Holofoil,243.59,224.98,279.89,1500.0,249.85
2026-02-17,base1-15,42355,Holofoil,133.22,84.0,130.3,999.98,
2026-02-17,base1-16,42356,Holofoil,51.9,28.0,51.89,120.0,28.46
2026-02-17,base1-2,42360,Holofoil,163.47,113.49,184.6,499.99,
2026-02-17,base1-4,42382,Holofoil,473.56,384.9,702.49,1500.0,1299.98
2026-02-17,base1-58,42402,Normal,4.63,0.85,2.42,9999.0,5.86
2026-02-17,cel25c-4,250320,Holofoil,180.06,119.81,197.49,499.99,175.32
2026-02-17,gym2-2,83861,1st Edition Holofoil,852.01,599.99,640.0,894.61,
2026-02-17,gym2-2,83861,Unlimited Holofoil,493.32,446.99,560.11,629.48,475.0
2026-02-17,neo1-9,86903,1st Edition Holofoil,1799.99,1798.75,1800.0,1899.99,1899.99
2026-02-17,neo1-9,86903,Unlimited Holofoil,444.81,305.0,394.99,815.0,
2026-02-17,sl-151-bundle,502000,Normal,123.48,118.73,148.97,999.99,
2026-02-17,sl-151-etb,503313,Normal,447.01,459.99,500.0,1000.0,
2026-02-17,sl-151-upc,502005,Normal,662.82,695.99,800.0,40000.0,
2026-02-17,sl-ar-box,265519,Normal,389.95,380.0,465.0,899.99,
2026-02-17,sl-bs-box,256141,Normal,570.52,569.99,699.99,1499.99,
2026-02-17,sl-cel-upc,245140,Normal,915.62,955.0,1141.47,154722.59,
2026-02-17,sl-champ-etb,218791,Normal,166.78,163.94,180.0,500.0,
2026-02-17,sl-cz-etb,453470,Normal,248.16,248.99,300.0,785.0,
2026-02-17,sl-dr-box,624679,Normal,556.41,545.99,600.0,2185.0,
2026-02-17,sl-evs-box,242436,Normal,2513.19,2474.0,3199.99,12000.0,
2026-02-17,sl-evs-etb,243721,Normal,751.62,848.99,999.0,2999.99,
2026-02-17,sl-fs-box,247654,Normal,996.93,1000.0,1200.0,3000.0,
2026-02-17,sl-hf-etb,194729,Normal,438.9,479.99,599.97,9999.98,
2026-02-17,sl-jp-151,565243,Normal,217.51,216.98,250.0,489.59,
2026-02-17,sl-jp-terastal,603428,Normal,121.96,124.99,130.0,200.0,
2026-02-17,sl-jt-box,610931,Normal,245.41,220.27,277.97,551.0,
2026-02-17,sl-lo-box,277324,Normal,726.59,714.95,985.0,2500.0,
2026-02-17,sl-me1-box,644298,Normal,269.67,269.99,299.95,500.0,
2026-02-17,sl-obf-box,501257,Normal,324.31,324.99,386.4,799.99,
2026-02-17,sl-pe-etb,593355,Normal,148.66,140.0,174.99,1115.0,
2026-02-17,sl-pe-spc,622770,Normal,283.48,284.67,349.99,999.0,
2026-02-17,sl-pf-etb,528040,Normal,298.99,281.0,329.97,775.0,
2026-02-17,sl-phf-box,654137,Normal,291.43,290.0,316.49,1000.0,
2026-02-17,sl-shf-etb,228821,Normal,111.47,104.99,132.95,500.11,
2026-02-17,sl-ss-box,565606,Normal,259.23,248.98,300.0,4999.99,
2026-02-17,sl-st-box,283389,Normal,471.61,458.0,500.0,9999.99,
2026-02-17,sl-tf-box,536225,Normal,269.16,263.0,299.99,779.99,
2026-02-17,sv2-185,497557,Normal,0.27,0.05,0.35,501.5,
2026-02-17,sv2-185,497557,Reverse Holofoil,2.15,0.19,1.0,10.0,0.74
2026-02-17,sv2-254,497669,Holofoil,14.2,11.27,14.82,52.5,14.29
2026-02-17,sv2-269,497689,Holofoil,50.7,45.69,55.26,259.99,
2026-02-17,sv3pt5-151,516566,Holofoil,7.38,4.0,7.99,100.0,14.99
2026-02-17,sv3pt5-199,517045,Holofoil,283.93,228.97,323.64,1000.0,305.99
2026-02-17,sv3pt5-205,517051,Holofoil,19.8,15.0,20.95,88.88,29.94
2026-02-17,sv3pt5-4,502555,Normal,0.1,0.01,0.16,20.0,0.1
2026-02-17,sv3pt5-4,502555,Reverse Holofoil,0.28,0.07,0.29,29.0,0.28
2026-02-17,sv3pt5-6,502558,Holofoil,6.71,2.98,6.81,505.1,9.24
2026-02-17,sv3pt5-7,502548,Normal,0.17,0.01,0.19,2.0,0.11
2026-02-17,sv3pt5-7,502548,Reverse Holofoil,0.29,0.01,0.26,50.0,0.24
2026-02-17,sv4pt5-234,535090,Holofoil,213.98,180.99,255.42,799.97,241.85
2026-02-17,sv4pt5-54,534416,Holofoil,4.3,2.43,4.14,60.0,
2026-02-17,sv8-57,590025,Holofoil,4.02,2.4,4.35,50.0,7.23
2026-02-17,sv8pt5-149,610504,Holofoil,169.64,163.0,192.6,999.0,
2026-02-17,sv8pt5-155,610510,Holofoil,206.16,188.67,239.3,999.0,
2026-02-17,sv8pt5-156,610511,Holofoil,308.78,290.0,339.6,999.0,315.67
2026-02-17,sv8pt5-161,610516,Holofoil,998.77,914.18,1065.0,5000.0,1385.94
2026-02-17,sv8pt5-167,610522,Holofoil,115.17,98.99,120.0,999.0,143.99
2026-02-17,sv8pt5-179,610534,Holofoil,46.23,40.0,59.8,999.0,
2026-02-17,sv8pt5-28,610383,Holofoil,1.17,0.5,1.5,999.0,
2026-02-17,sv8pt5-47,610402,Normal,0.09,0.01,0.1,999.0,0.03
2026-02-17,sv8pt5-47,610402,Reverse Holofoil,0.11,0.01,0.15,999.0,0.09
2026-02-17,sv8pt5-59,610414,Holofoil,0.29,0.01,0.28,999.0,0.2
2026-02-17,sv8pt5-59,610414,Reverse Holofoil,0.28,0.01,0.36,999.0,0.25
2026-02-17,sv8pt5-60,610415,Holofoil,4.46,3.88,5.0,999.0,
2026-02-17,svp-085,518861,Normal,532.55,629.0,700.0,2500.0,699.94
2026-02-17,swsh11-186,284137,Holofoil,671.94,484.63,685.97,1500.0,784.88
2026-02-17,swsh12-186,451834,Holofoil,355.6,335.0,399.34,2000.0,373.49
2026-02-17,swsh12pt5gg-GG69,478100,Holofoil,210.68,197.99,229.99,1000.0,220.23
2026-02-17,swsh35-25,223018,Normal,0.14,0.03,0.17,7.15,
2026-02-17,swsh35-25,223018,Reverse Holofoil,0.28,0.09,0.29,2.0,
2026-02-17,swsh35-74,223073,Holofoil,180.35,145.01,222.34,1500.0,219.69
2026-02-17,swsh45sv-SV107,232496,Holofoil,131.62,100.0,152.5,500.0,149.95
2026-02-17,swsh7-204,246693,Holofoil,30.48,25.0,32.99,150.0,38.99
2026-02-17,swsh7-205,246696,Holofoil,325.54,289.0,353.99,600.0,299.04
2026-02-17,swsh7-208,246755,Holofoil,29.18,26.26,32.24,61.99,36.25
2026-02-17,swsh7-209,246756,Holofoil,261.08,232.81,279.52,450.0,239.99
2026-02-17,swsh7-211,246702,Holofoil,50.13,39.27,52.03,74.95,47.7
2026-02-17,swsh7-212,246704,Holofoil,334.07,290.0,351.32,1000.0,321.05
2026-02-17,swsh7-215,246723,Holofoil,1678.17,1679.98,1996.5,4000.0,1994.69
2026-02-17,swsh7-218,246733,Holofoil,657.06,575.0,698.94,950.0,605.0
2026-02-17,swsh7-41,246753,Holofoil,6.26,3.5,6.32,24.97,7.5
2026-02-17,swsh7-65,246690,Holofoil,11.79,8.85,12.75,500.0,19.94
2026-02-17,swsh7-75,246701,Holofoil,14.04,10.47,14.99,50.0,19.89
2026-02-17,swsh7-8,246691,Holofoil,6.72,5.0,7.83,100.0,14.99
2026-02-17,swsh8-271,253266,Holofoil,740.19,649.99,844.08,1499.95,747.32
2026-02-17,swsh9-154,263873,Holofoil,243.59,224.98,279.77,1500.0,236.23
2026-02-18,base1-15,42355,Holofoil,134.47,84.0,130.9,999.98,
2026-02-18,base1-16,42356,Holofoil,52.56,28.0,51.29,120.0,16.76
2026-02-18,base1-2,42360,Holofoil,164.85,120.0,178.03,499.99,
2026-02-18,base1-4,42382,Holofoil,473.56,430.6,719.99,1500.0,1299.98
2026-02-18,base1-58,42402,Normal,4.76,0.84,2.42,9999.0,10.97
2026-02-18,cel25c-4,250320,Holofoil,172.11,119.81,194.99,499.99,175.32
2026-02-18,gym2-2,83861,1st Edition Holofoil,852.01,599.99,640.0,894.61,
2026-02-18,gym2-2,83861,Unlimited Holofoil,493.32,446.99,560.11,629.48,474.98
2026-02-18,neo1-9,86903,1st Edition Holofoil,1799.99,1798.75,1800.0,1899.99,1899.99
2026-02-18,neo1-9,86903,Unlimited Holofoil,444.81,305.0,397.0,815.0,
2026-02-18,sl-151-bundle,502000,Normal,126.56,118.73,149.98,999.99,
2026-02-18,sl-151-etb,503313,Normal,440.61,462.0,500.0,1000.0,
2026-02-18,sl-151-upc,502005,Normal,667.62,699.99,821.95,40000.0,
2026-02-18,sl-ar-box,265519,Normal,389.99,380.0,460.0,899.99,
2026-02-18,sl-bs-box,256141,Normal,570.52,569.99,675.0,1499.99,
2026-02-18,sl-cel-upc,245140,Normal,915.62,955.0,1141.47,154722.59,
2026-02-18,sl-champ-etb,218791,Normal,166.54,165.0,180.0,500.0,
2026-02-18,sl-cz-etb,453470,Normal,248.2,248.99,300.0,785.0,
2026-02-18,sl-dr-box,624679,Normal,558.11,549.99,619.5,2185.0,
2026-02-18,sl-evs-box,242436,Normal,2513.19,2472.0,3142.0,12000.0,
2026-02-18,sl-evs-etb,243721,Normal,751.62,848.95,999.0,2999.99,
2026-02-18,sl-fs-box,247654,Normal,1000.57,1000.0,1200.0,3200.0,
2026-02-18,sl-hf-etb,194729,Normal,441.86,479.99,599.95,9999.98,
2026-02-18,sl-jp-151,565243,Normal,219.11,228.99,250.0,489.59,
2026-02-18,sl-jp-terastal,603428,Normal,121.96,116.99,130.0,200.0,
2026-02-18,sl-jt-box,610931,Normal,245.41,244.99,277.99,551.0,
2026-02-18,sl-lo-box,277324,Normal,731.27,720.0,989.87,2500.0,
2026-02-18,sl-me1-box,644298,Normal,271.67,269.99,299.0,500.0,
2026-02-18,sl-obf-box,501257,Normal,328.99,330.0,399.95,799.99,
2026-02-18,sl-pe-etb,593355,Normal,149.97,140.0,175.35,1115.0,
2026-02-18,sl-pe-spc,622770,Normal,285.73,285.0,350.0,999.0,
2026-02-18,sl-pf-etb,528040,Normal,298.43,290.0,329.99,775.0,
2026-02-18,sl-phf-box,654137,Normal,297.5,289.99,317.98,1000.0,
2026-02-18,sl-shf-etb,228821,Normal,111.67,104.99,131.61,500.11,
2026-02-18,sl-ss-box,565606,Normal,259.56,248.98,300.0,4999.99,
2026-02-18,sl-st-box,283389,Normal,471.61,458.0,500.0,9999.99,
2026-02-18,sl-tf-box,536225,Normal,269.21,267.67,300.0,779.99,
2026-02-18,sv2-185,497557,Normal,0.21,0.05,0.35,501.5,
2026-02-18,sv2-185,497557,Reverse Holofoil,1.62,0.19,1.0,10.0,4.97
2026-02-18,sv2-254,497669,Holofoil,13.83,11.27,14.71,52.5,18.74
2026-02-18,sv2-269,497689,Holofoil,50.59,45.6,55.26,259.99,50.7
2026-02-18,sv3pt5-151,516566,Holofoil,6.95,4.0,7.8,100.0,14.49
2026-02-18,sv3pt5-199,517045,Holofoil,284.48,228.97,329.97,1000.0,311.99
2026-02-18,sv3pt5-205,517051,Holofoil,18.28,15.47,20.8,88.88,24.94
2026-02-18,sv3pt5-4,502555,Normal,0.11,0.01,0.16,20.0,0.1
2026-02-18,sv3pt5-4,502555,Reverse Holofoil,0.31,0.07,0.29,29.0,0.33
2026-02-18,sv3pt5-6,502558,Holofoil,6.79,2.98,6.76,505.1,7.88
2026-02-18,sv3pt5-7,502548,Normal,0.22,0.01,0.2,2.0,
2026-02-18,sv3pt5-7,502548,Reverse Holofoil,0.3,0.01,0.27,50.0,0.24
2026-02-18,sv4pt5-234,535090,Holofoil,213.82,180.99,256.36,799.97,241.85
2026-02-18,sv4pt5-54,534416,Holofoil,4.33,2.42,4.24,60.0,
2026-02-18,sv8-57,590025,Holofoil,3.94,2.99,4.37,50.0,4.78
2026-02-18,sv8pt5-149,610504,Holofoil,169.64,163.0,192.32,999.0,
2026-02-18,sv8pt5-155,610510,Holofoil,206.36,188.67,239.16,999.0,
2026-02-18,sv8pt5-156,610511,Holofoil,308.78,290.0,339.63,999.0,315.67
2026-02-18,sv8pt5-161,610516,Holofoil,1030.52,919.99,1000.0,5000.0,
2026-02-18,sv8pt5-167,610522,Holofoil,115.51,98.99,118.03,999.0,143.99
2026-02-18,sv8pt5-179,610534,Holofoil,45.63,39.44,58.72,999.0,49.0
2026-02-18,sv8pt5-28,610383,Holofoil,1.57,0.5,1.5,999.0,
2026-02-18,sv8pt5-47,610402,Normal,0.12,0.01,0.1,999.0,0.03
2026-02-18,sv8pt5-47,610402,Reverse Holofoil,0.11,0.01,0.15,999.0,0.09
2026-02-18,sv8pt5-59,610414,Holofoil,0.36,0.01,0.29,999.0,0.2
2026-02-18,sv8pt5-59,610414,Reverse Holofoil,0.27,0.01,0.35,999.0,0.24
2026-02-18,sv8pt5-60,610415,Holofoil,4.27,3.45,5.0,999.0,4.89
2026-02-18,svp-085,518861,Normal,532.55,629.0,700.0,2500.0,699.94
2026-02-18,swsh11-186,284137,Holofoil,671.94,484.63,690.0,1500.0,783.99
2026-02-18,swsh12-186,451834,Holofoil,355.6,335.0,399.85,2000.0,373.49
2026-02-18,swsh12pt5gg-GG69,478100,Holofoil,213.06,196.68,226.83,1000.0,220.23
2026-02-18,swsh35-25,223018,Normal,0.14,0.04,0.18,7.15,
2026-02-18,swsh35-25,223018,Reverse Holofoil,0.28,0.09,0.29,2.0,
2026-02-18,swsh35-74,223073,Holofoil,180.35,145.01,219.99,1500.0,219.69
2026-02-18,swsh45sv-SV107,232496,Holofoil,131.98,100.0,158.0,500.0,149.95
2026-02-18,swsh7-204,246693,Holofoil,30.54,25.0,32.99,150.0,38.99
2026-02-18,swsh7-205,246696,Holofoil,325.54,289.0,353.99,600.0,299.04
2026-02-18,swsh7-208,246755,Holofoil,29.53,24.0,31.5,61.99,36.25
2026-02-18,swsh7-209,246756,Holofoil,257.7,202.29,285.59,450.0,202.29
2026-02-18,swsh7-211,246702,Holofoil,50.13,39.27,51.51,74.95,47.7
2026-02-18,swsh7-212,246704,Holofoil,334.07,290.0,352.64,1000.0,321.05
2026-02-18,swsh7-215,246723,Holofoil,1680.17,1679.95,1999.98,4000.0,1994.69
2026-02-18,swsh7-218,246733,Holofoil,657.06,575.0,698.93,950.0,605.0
2026-02-18,swsh7-41,246753,Holofoil,6.05,3.5,6.34,24.97,6.96
2026-02-18,swsh7-65,246690,Holofoil,12.08,8.85,12.58,500.0,13.89
2026-02-18,swsh7-75,246701,Holofoil,13.81,10.47,14.96,50.0,15.88
2026-02-18,swsh7-8,246691,Holofoil,6.72,5.0,7.67,100.0,7.67
2026-02-18,swsh8-271,253266,Holofoil,743.77,649.99,848.96,1499.95,747.32
2026-02-18,swsh9-154,263873,Holofoil,243.59,224.98,272.6,1500.0,236.22
2026-02-19,base1-15,42355,Holofoil,134.47,84.0,127.8,999.98,
2026-02-19,base1-16,42356,Holofoil,52.56,28.0,49.99,120.0,119.99
2026-02-19,base1-2,42360,Holofoil,164.69,121.33,193.49,499.99,100.0
2026-02-19,base1-4,42382,Holofoil,473.56,499.99,747.47,1500.0,1299.98
2026-02-19,base1-58,42402,Normal,4.92,0.84,2.39,9999.0,10.97
2026-02-19,cel25c-4,250320,Holofoil,171.85,120.8,199.99,499.99,175.32
2026-02-19,gym2-2,83861,1st Edition Holofoil,852.01,599.99,640.0,894.61,
2026-02-19,gym2-2,83861,Unlimited Holofoil,493.32,446.99,560.11,629.48,474.98
2026-02-19,neo1-9,86903,1st Edition Holofoil,889.0,1798.75,1800.0,1899.99,1899.99
2026-02-19,neo1-9,86903,Unlimited Holofoil,444.81,305.0,394.99,815.0,
2026-02-19,sl-151-bundle,502000,Normal,130.64,120.0,149.99,999.99,
2026-02-19,sl-151-etb,503313,Normal,444.31,479.99,549.95,1000.0,
2026-02-19,sl-151-upc,502005,Normal,668.06,600.99,811.52,40000.0,
2026-02-19,sl-ar-box,265519,Normal,389.99,380.0,455.0,899.99,
2026-02-19,sl-bs-box,256141,Normal,571.76,569.99,675.0,1499.99,
2026-02-19,sl-cel-upc,245140,Normal,915.62,955.0,1141.47,154722.59,
2026-02-19,sl-champ-etb,218791,Normal,166.54,165.0,180.0,500.0,
2026-02-19,sl-cz-etb,453470,Normal,249.57,250.0,300.0,785.0,
2026-02-19,sl-dr-box,624679,Normal,559.0,549.99,607.0,2185.0,
2026-02-19,sl-evs-box,242436,Normal,2513.19,2469.98,3200.0,12000.0,
2026-02-19,sl-evs-etb,243721,Normal,755.85,848.95,999.49,2999.99,
2026-02-19,sl-fs-box,247654,Normal,1000.57,1000.0,1200.0,3200.0,
2026-02-19,sl-hf-etb,194729,Normal,441.86,499.96,599.97,9999.98,
2026-02-19,sl-jp-151,565243,Normal,223.7,215.94,250.0,489.59,
2026-02-19,sl-jp-terastal,603428,Normal,122.48,116.99,130.0,200.0,
2026-02-19,sl-jt-box,610931,Normal,249.26,236.8,278.99,551.0,
2026-02-19,sl-lo-box,277324,Normal,732.27,720.0,995.0,2500.0,
2026-02-19,sl-me1-box,644298,Normal,275.35,250.0,299.95,500.0,
2026-02-19,sl-obf-box,501257,Normal,330.83,330.0,399.95,799.99,
2026-02-19,sl-pe-etb,593355,Normal,151.36,150.0,182.84,1115.0,
2026-02-19,sl-pe-spc,622770,Normal,288.22,290.0,349.99,999.0,
2026-02-19,sl-pf-etb,528040,Normal,298.15,299.99,339.97,775.0,
2026-02-19,sl-phf-box,654137,Normal,290.54,292.0,320.0,1000.0,
2026-02-19,sl-shf-etb,228821,Normal,113.29,104.99,133.97,500.11,
2026-02-19,sl-ss-box,565606,Normal,261.64,248.98,300.0,4999.99,
2026-02-19,sl-st-box,283389,Normal,471.61,458.0,512.5,9999.99,
2026-02-19,sl-tf-box,536225,Normal,269.21,267.67,299.99,1500.0,
2026-02-19,sv2-185,497557,Normal,0.24,0.04,0.35,501.5,0.25
2026-02-19,sv2-185,497557,Reverse Holofoil,1.66,0.19,1.0,10.0,0.35
2026-02-19,sv2-254,497669,Holofoil,13.7,11.0,14.4,52.5,13.75
2026-02-19,sv2-269,497689,Holofoil,50.7,45.59,55.52,259.99,66.92
2026-02-19,sv3pt5-151,516566,Holofoil,6.37,4.0,7.79,100.0,10.31
2026-02-19,sv3pt5-199,517045,Holofoil,288.47,229.94,330.0,1000.0,315.0
2026-02-19,sv3pt5-205,517051,Holofoil,18.86,15.47,21.27,88.88,17.19
2026-02-19,sv3pt5-4,502555,Normal,0.13,0.01,0.16,20.0,0.11
2026-02-19,sv3pt5-4,502555,Reverse Holofoil,0.29,0.07,0.3,29.0,0.24
2026-02-19,sv3pt5-6,502558,Holofoil,6.46,2.98,6.73,505.1,9.24
2026-02-19,sv3pt5-7,502548,Normal,0.21,0.01,0.2,2.0,
2026-02-19,sv3pt5-7,502548,Reverse Holofoil,0.31,0.01,0.28,50.0,0.25
2026-02-19,sv4pt5-234,535090,Holofoil,214.61,180.99,258.76,799.97,241.85
2026-02-19,sv4pt5-54,534416,Holofoil,4.36,2.42,4.26,60.0,6.44
2026-02-19,sv8-57,590025,Holofoil,3.86,2.8,4.4,50.0,4.3
2026-02-19,sv8pt5-149,610504,Holofoil,167.23,163.0,192.17,999.0,
2026-02-19,sv8pt5-155,610510,Holofoil,205.84,188.67,237.31,999.0,
2026-02-19,sv8pt5-156,610511,Holofoil,308.78,289.6,334.15,999.0,315.66
2026-02-19,sv8pt5-161,610516,Holofoil,1034.44,919.99,1014.37,5000.0,
2026-02-19,sv8pt5-167,610522,Holofoil,117.15,98.99,119.83,999.0,144.56
2026-02-19,sv8pt5-179,610534,Holofoil,45.29,39.44,58.71,999.0,49.0
2026-02-19,sv8pt5-28,610383,Holofoil,1.34,0.25,1.5,999.0,
2026-02-19,sv8pt5-47,610402,Normal,0.12,0.01,0.1,999.0,0.03
2026-02-19,sv8pt5-47,610402,Reverse Holofoil,0.11,0.01,0.15,999.0,0.09
2026-02-19,sv8pt5-59,610414,Holofoil,0.33,0.01,0.3,999.0,0.2
2026-02-19,sv8pt5-59,610414,Reverse Holofoil,0.28,0.01,0.35,999.0,0.24
2026-02-19,sv8pt5-60,610415,Holofoil,4.25,3.0,5.0,999.0,5.87
2026-02-19,svp-085,518861,Normal,532.55,629.0,700.0,2500.0,699.94
2026-02-19,swsh11-186,284137,Holofoil,675.35,484.63,677.68,1500.0,783.89
2026-02-19,swsh12-186,451834,Holofoil,352.15,255.0,400.0,2000.0,373.49
2026-02-19,swsh12pt5gg-GG69,478100,Holofoil,214.96,197.99,234.0,1000.0,236.0
2026-02-19,swsh35-25,223018,Normal,0.14,0.04,0.18,1.82,
2026-02-19,swsh35-25,223018,Reverse Holofoil,0.28,0.09,0.29,2.0,
2026-02-19,swsh35-74,223073,Holofoil,181.91,145.01,219.99,2300.0,169.99
2026-02-19,swsh45sv-SV107,232496,Holofoil,130.82,100.0,155.0,500.0,149.95
2026-02-19,swsh7-204,246693,Holofoil,30.54,25.0,32.78,150.0,35.99
2026-02-19,swsh7-205,246696,Holofoil,325.54,289.0,355.02,600.0,353.99
2026-02-19,swsh7-208,246755,Holofoil,29.53,24.0,31.57,61.99,36.25
2026-02-19,swsh7-209,246756,Holofoil,256.3,232.81,286.84,450.0,239.99
2026-02-19,swsh7-211,246702,Holofoil,50.13,39.94,52.03,74.95,
2026-02-19,swsh7-212,246704,Holofoil,334.07,290.0,350.39,1000.0,339.99
2026-02-19,swsh7-215,246723,Holofoil,1680.17,1678.99,1999.97,4000.0,1994.68
2026-02-19,swsh7-218,246733,Holofoil,657.06,579.99,698.95,950.0,698.91
2026-02-19,swsh7-41,246753,Holofoil,5.87,3.5,6.26,24.97,7.28
2026-02-19,swsh7-65,246690,Holofoil,11.82,8.85,12.99,500.0,13.83
2026-02-19,swsh7-75,246701,Holofoil,13.82,10.47,14.99,50.0,15.87
2026-02-19,swsh7-8,246691,Holofoil,7.13,5.0,7.83,100.0,9.12
2026-02-19,swsh8-271,253266,Holofoil,743.7,651.98,849.99,1499.95,747.3
2026-02-19,swsh9-154,263873,Holofoil,243.59,224.98,279.77,1500.0,236.22
2026-02-20,base1-15,42355,Holofoil,134.47,84.0,99.99,999.98,
2026-02-20,base1-16,42356,Holofoil,52.56,28.0,50.0,120.0,119.99
2026-02-20,base1-2,42360,Holofoil,164.69,119.99,193.49,499.99,100.0
2026-02-20,base1-4,42382,Holofoil,478.41,390.84,751.91,1500.0,1299.98
2026-02-20,base1-58,42402,Normal,5.43,0.84,2.39,9999.0,10.97
2026-02-20,cel25c-4,250320,Holofoil,177.12,120.8,200.0,499.99,125.99
2026-02-20,gym2-2,83861,1st Edition Holofoil,852.01,599.99,640.0,894.61,
2026-02-20,gym2-2,83861,Unlimited Holofoil,500.59,446.99,560.11,629.48,474.98
2026-02-20,neo1-9,86903,1st Edition Holofoil,889.0,1299.97,1799.39,1899.99,1899.99
2026-02-20,neo1-9,86903,Unlimited Holofoil,444.81,305.0,393.99,815.0,
2026-02-20,sl-151-bundle,502000,Normal,128.93,122.0,149.99,999.99,
2026-02-20,sl-151-etb,503313,Normal,443.56,479.99,549.98,1000.0,
2026-02-20,sl-151-upc,502005,Normal,673.93,710.0,846.95,40000.0,
2026-02-20,sl-ar-box,265519,Normal,389.99,388.0,460.0,899.99,
2026-02-20,sl-bs-box,256141,Normal,573.0,569.99,699.99,1499.99,
2026-02-20,sl-cel-upc,245140,Normal,915.62,955.0,1141.47,154722.59,
2026-02-20,sl-champ-etb,218791,Normal,167.3,165.0,180.0,500.0,
2026-02-20,sl-cz-etb,453470,Normal,250.49,250.0,300.0,785.0,
2026-02-20,sl-dr-box,624679,Normal,558.74,533.0,600.0,2185.0,
2026-02-20,sl-evs-box,242436,Normal,2515.19,2469.0,3200.0,12000.0,
2026-02-20,sl-evs-etb,243721,Normal,755.85,848.95,999.97,2999.99,
2026-02-20,sl-fs-box,247654,Normal,1000.57,1000.0,1200.0,3200.0,
2026-02-20,sl-hf-etb,194729,Normal,441.86,499.96,599.97,9999.98,
2026-02-20,sl-jp-151,565243,Normal,223.62,219.99,250.0,489.59,
2026-02-20,sl-jp-terastal,603428,Normal,123.32,116.99,130.0,200.0,
2026-02-20,sl-jt-box,610931,Normal,249.79,237.3,279.99,551.0,
2026-02-20,sl-lo-box,277324,Normal,732.27,750.0,996.47,2500.0,
2026-02-20,sl-me1-box,644298,Normal,274.96,273.99,299.95,500.0,
2026-02-20,sl-obf-box,501257,Normal,330.83,344.98,399.95,799.99,
2026-02-20,sl-pe-etb,593355,Normal,158.13,150.0,187.0,1115.0,
2026-02-20,sl-pe-spc,622770,Normal,292.62,289.99,349.99,999.0,
2026-02-20,sl-pf-etb,528040,Normal,298.31,299.99,349.95,775.0,
2026-02-20,sl-phf-box,654137,Normal,294.89,288.54,324.99,1000.0,
2026-02-20,sl-shf-etb,228821,Normal,112.17,104.99,131.61,500.11,
2026-02-20,sl-ss-box,565606,Normal,261.56,258.12,300.0,4999.99,
2026-02-20,sl-st-box,283389,Normal,471.61,458.0,524.99,9999.99,
2026-02-20,sl-tf-box,536225,Normal,269.61,267.67,300.0,1500.0,
2026-02-20,sv2-185,497557,Normal,0.3,0.05,0.35,501.5,0.28
2026-02-20,sv2-185,497557,Reverse Holofoil,1.65,0.19,1.01,10.0,0.35
2026-02-20,sv2-254,497669,Holofoil,13.33,10.99,14.3,52.5,13.33
2026-02-20,sv2-269,497689,Holofoil,50.63,45.69,56.57,259.99,66.92
2026-02-20,sv3pt5-151,516566,Holofoil,6.89,4.0,7.8,100.0,14.46
2026-02-20,sv3pt5-199,517045,Holofoil,294.08,234.99,335.57,1000.0,302.39
2026-02-20,sv3pt5-205,517051,Holofoil,19.37,15.47,21.0,88.88,29.92
2026-02-20,sv3pt5-4,502555,Normal,0.18,0.01,0.17,20.0,0.1
2026-02-20,sv3pt5-4,502555,Reverse Holofoil,0.3,0.07,0.3,29.0,0.27
2026-02-20,sv3pt5-6,502558,Holofoil,6.64,2.98,6.71,505.1,9.24
2026-02-20,sv3pt5-7,502548,Normal,0.17,0.01,0.2,2.0,
2026-02-20,sv3pt5-7,502548,Reverse Holofoil,0.31,0.01,0.29,50.0,0.25
2026-02-20,sv4pt5-234,535090,Holofoil,214.91,180.99,256.69,799.97,219.99
2026-02-20,sv4pt5-54,534416,Holofoil,4.82,2.59,4.38,60.0,39.99
2026-02-20,sv8-57,590025,Holofoil,3.82,2.8,4.28,50.0,4.81
2026-02-20,sv8pt5-149,610504,Holofoil,167.23,163.0,192.32,999.0,
2026-02-20,sv8pt5-155,610510,Holofoil,205.92,188.67,232.12,999.0,
2026-02-20,sv8pt5-156,610511,Holofoil,309.02,289.6,333.82,999.0,315.66
2026-02-20,sv8pt5-161,610516,Holofoil,1054.4,919.99,1014.37,5000.0,
2026-02-20,sv8pt5-167,610522,Holofoil,117.15,98.99,118.49,999.0,144.56
2026-02-20,sv8pt5-179,610534,Holofoil,45.7,42.34,59.67,999.0,
2026-02-20,sv8pt5-28,610383,Holofoil,1.36,0.93,1.5,999.0,
2026-02-20,sv8pt5-47,610402,Normal,0.12,0.01,0.1,999.0,0.03
2026-02-20,sv8pt5-47,610402,Reverse Holofoil,0.1,0.01,0.15,999.0,0.09
2026-02-20,sv8pt5-59,610414,Holofoil,0.3,0.01,0.28,999.0,0.2
2026-02-20,sv8pt5-59,610414,Reverse Holofoil,0.32,0.01,0.35,999.0,0.25
2026-02-20,sv8pt5-60,610415,Holofoil,4.42,3.0,4.99,999.0,6.6
2026-02-20,svp-085,518861,Normal,532.55,629.0,700.0,2500.0,699.94
2026-02-20,swsh11-186,284137,Holofoil,678.55,488.06,690.0,1500.0,783.87
2026-02-20,swsh12-186,451834,Holofoil,352.15,335.0,400.0,2000.0,373.49
2026-02-20,swsh12pt5gg-GG69,478100,Holofoil,215.16,196.68,230.54,1000.0,236.0
2026-02-20,swsh35-25,223018,Normal,0.14,0.04,0.18,1.82,
2026-02-20,swsh35-25,223018,Reverse Holofoil,0.28,0.09,0.29,2.0,
2026-02-20,swsh35-74,223073,Holofoil,181.91,145.01,219.99,2300.0,169.99
2026-02-20,swsh45sv-SV107,232496,Holofoil,130.43,100.0,152.5,500.0,149.95
2026-02-20,swsh7-204,246693,Holofoil,30.54,23.0,32.0,150.0,35.99
2026-02-20,swsh7-205,246696,Holofoil,325.54,289.0,353.99,600.0,299.11
2026-02-20,swsh7-208,246755,Holofoil,29.53,24.0,31.5,49.01,36.25
2026-02-20,swsh7-209,246756,Holofoil,256.3,232.81,285.48,450.0,239.99
2026-02-20,swsh7-211,246702,Holofoil,50.13,39.94,52.03,74.95,
2026-02-20,swsh7-212,246704,Holofoil,334.07,290.0,350.0,1000.0,339.99
2026-02-20,swsh7-215,246723,Holofoil,1738.17,1677.95,1999.88,4000.0,1994.68
2026-02-20,swsh7-218,246733,Holofoil,657.06,579.99,699.23,950.0,698.93
2026-02-20,swsh7-41,246753,Holofoil,5.87,3.5,6.26,24.97,7.19
2026-02-20,swsh7-65,246690,Holofoil,11.63,8.85,12.99,500.0,14.8
2026-02-20,swsh7-75,246701,Holofoil,13.32,10.47,14.65,50.0,15.58
2026-02-20,swsh7-8,246691,Holofoil,7.14,5.0,7.84,100.0,14.98
2026-02-20,swsh8-271,253266,Holofoil,743.7,651.98,849.99,1499.95,654.48
2026-02-20,swsh9-154,263873,Holofoil,242.38,224.98,262.86,1500.0,236.22
2026-02-21,base1-15,42355,Holofoil,134.47,84.0,101.99,999.98,66.99
2026-02-21,base1-16,42356,Holofoil,52.68,28.0,50.55,120.0,69.95
2026-02-21,base1-2,42360,Holofoil,164.69,119.99,193.49,499.99,100.0
2026-02-21,base1-4,42382,Holofoil,478.41,390.84,702.99,1500.0,1299.98
2026-02-21,base1-58,42402,Normal,5.47,0.84,2.45,9999.0,2.49
2026-02-21,cel25c-4,250320,Holofoil,178.35,120.8,198.1,499.99,125.99
2026-02-21,gym2-2,83861,1st Edition Holofoil,852.01,599.99,640.0,894.61,
2026-02-21,gym2-2,83861,Unlimited Holofoil,500.59,446.99,543.83,629.48,567.66
2026-02-21,neo1-9,86903,1st Edition Holofoil,1800.0,1299.96,1798.75,1899.99,1899.99
2026-02-21,neo1-9,86903,Unlimited Holofoil,444.81,305.0,392.99,815.0,
2026-02-21,sl-151-bundle,502000,Normal,134.01,122.4,150.0,1000.0,
2026-02-21,sl-151-etb,503313,Normal,448.36,479.99,549.95,1000.0,
2026-02-21,sl-151-upc,502005,Normal,682.61,749.95,858.1,40000.0,
2026-02-21,sl-ar-box,265519,Normal,389.99,388.0,460.0,899.99,
2026-02-21,sl-bs-box,256141,Normal,573.0,569.99,699.99,1499.99,
2026-02-21,sl-cel-upc,245140,Normal,921.12,955.0,1182.95,154722.59,
2026-02-21,sl-champ-etb,218791,Normal,167.3,165.0,180.0,500.0,
2026-02-21,sl-cz-etb,453470,Normal,251.29,250.0,300.0,785.0,
2026-02-21,sl-dr-box,624679,Normal,558.74,530.0,600.0,2185.0,
2026-02-21,sl-evs-box,242436,Normal,2515.19,2400.0,3200.0,12000.0,
2026-02-21,sl-evs-etb,243721,Normal,763.3,900.0,999.98,2999.99,
2026-02-21,sl-fs-box,247654,Normal,1000.57,950.0,1200.0,3200.0,
2026-02-21,sl-hf-etb,194729,Normal,441.86,499.96,599.95,9999.98,
2026-02-21,sl-jp-151,565243,Normal,223.42,219.99,250.0,489.59,
2026-02-21,sl-jp-terastal,603428,Normal,123.12,118.0,130.0,200.0,
2026-02-21,sl-jt-box,610931,Normal,252.27,249.99,279.99,551.0,
2026-02-21,sl-lo-box,277324,Normal,732.27,750.0,987.44,2500.0,
2026-02-21,sl-me1-box,644298,Normal,280.21,273.99,298.95,500.0,
2026-02-21,sl-obf-box,501257,Normal,332.03,344.98,399.96,799.99,
2026-02-21,sl-pe-etb,593355,Normal,162.75,159.98,194.1,1115.0,
2026-02-21,sl-pe-spc,622770,Normal,294.02,284.99,349.99,999.0,
2026-02-21,sl-pf-etb,528040,Normal,298.51,299.99,347.48,775.0,
2026-02-21,sl-phf-box,654137,Normal,301.22,291.04,325.0,1000.0,
2026-02-21,sl-shf-etb,228821,Normal,113.3,104.99,131.48,500.11,
2026-02-21,sl-ss-box,565606,Normal,260.41,245.0,300.0,4999.99,
2026-02-21,sl-st-box,283389,Normal,471.61,458.0,524.99,9999.99,
2026-02-21,sl-tf-box,536225,Normal,269.57,267.67,300.0,1500.0,
2026-02-21,sv2-185,497557,Normal,0.31,0.05,0.35,501.5,
2026-02-21,sv2-185,497557,Reverse Holofoil,1.49,0.19,1.04,10.0,0.62
2026-02-21,sv2-254,497669,Holofoil,12.74,9.9,14.16,52.5,12.75
2026-02-21,sv2-269,497689,Holofoil,50.55,47.83,57.36,259.99,66.73
2026-02-21,sv3pt5-151,516566,Holofoil,7.47,4.0,8.0,100.0,11.13
2026-02-21,sv3pt5-199,517045,Holofoil,293.63,235.0,335.98,1000.0,302.39
2026-02-21,sv3pt5-205,517051,Holofoil,19.64,15.47,21.24,88.88,29.62
2026-02-21,sv3pt5-4,502555,Normal,0.18,0.01,0.18,20.0,0.1
2026-02-21,sv3pt5-4,502555,Reverse Holofoil,0.31,0.07,0.3,29.0,0.25
2026-02-21,sv3pt5-6,502558,Holofoil,6.87,2.98,6.9,505.1,10.35
2026-02-21,sv3pt5-7,502548,Normal,0.16,0.01,0.18,19.98,0.07
2026-02-21,sv3pt5-7,502548,Reverse Holofoil,0.34,0.01,0.29,50.0,0.25
2026-02-21,sv4pt5-234,535090,Holofoil,214.19,182.44,255.84,799.97,204.16
2026-02-21,sv4pt5-54,534416,Holofoil,4.41,2.74,4.42,60.0,4.73
2026-02-21,sv8-57,590025,Holofoil,4.0,2.8,4.25,50.0,3.43
2026-02-21,sv8pt5-149,610504,Holofoil,166.83,163.55,192.31,999.0,
2026-02-21,sv8pt5-155,610510,Holofoil,205.92,188.67,233.18,999.0,
2026-02-21,sv8pt5-156,610511,Holofoil,309.02,270.0,332.85,999.0,315.66
2026-02-21,sv8pt5-161,610516,Holofoil,1054.4,919.99,1149.97,5000.0,
2026-02-21,sv8pt5-167,610522,Holofoil,117.15,98.99,119.83,999.0,144.56
2026-02-21,sv8pt5-179,610534,Holofoil,45.76,45.58,59.99,999.0,
2026-02-21,sv8pt5-28,610383,Holofoil,1.51,0.93,1.5,999.0,2.49
2026-02-21,sv8pt5-47,610402,Normal,0.13,0.01,0.11,999.0,0.01
2026-02-21,sv8pt5-47,610402,Reverse Holofoil,0.12,0.01,0.15,999.0,0.1
2026-02-21,sv8pt5-59,610414,Holofoil,0.31,0.01,0.29,999.0,0.2
2026-02-21,sv8pt5-59,610414,Reverse Holofoil,0.32,0.08,0.36,999.0,0.1
2026-02-21,sv8pt5-60,610415,Holofoil,4.18,2.99,4.99,999.0,6.95
2026-02-21,svp-085,518861,Normal,547.39,629.0,700.0,2500.0,699.94
2026-02-21,swsh11-186,284137,Holofoil,678.55,488.06,680.0,1500.0,783.87
2026-02-21,swsh12-186,451834,Holofoil,354.19,335.0,400.0,2000.0,334.54
2026-02-21,swsh12pt5gg-GG69,478100,Holofoil,214.5,197.99,234.0,1000.0,236.0
2026-02-21,swsh35-25,223018,Normal,0.14,0.04,0.18,1.82,
2026-02-21,swsh35-25,223018,Reverse Holofoil,0.28,0.09,0.29,2.0,
2026-02-21,swsh35-74,223073,Holofoil,181.91,145.61,219.99,2300.0,219.69
2026-02-21,swsh45sv-SV107,232496,Holofoil,132.02,100.0,155.0,500.0,149.97
2026-02-21,swsh7-204,246693,Holofoil,30.54,23.0,32.41,150.0,35.99
2026-02-21,swsh7-205,246696,Holofoil,325.54,289.0,355.02,600.0,299.11
2026-02-21,swsh7-208,246755,Holofoil,29.53,24.0,30.75,48.95,36.25
2026-02-21,swsh7-209,246756,Holofoil,256.3,232.81,285.48,450.0,239.99
2026-02-21,swsh7-211,246702,Holofoil,50.13,39.94,52.03,74.95,
2026-02-21,swsh7-212,246704,Holofoil,334.07,290.0,351.32,1000.0,317.37
2026-02-21,swsh7-215,246723,Holofoil,1738.17,1677.95,1999.88,4000.0,1994.68
2026-02-21,swsh7-218,246733,Holofoil,657.06,579.99,700.99,950.0,698.93
2026-02-21,swsh7-41,246753,Holofoil,5.78,3.5,6.26,24.97,7.19
2026-02-21,swsh7-65,246690,Holofoil,11.7,8.85,12.79,500.0,14.39
2026-02-21,swsh7-75,246701,Holofoil,13.55,10.47,14.79,50.0,15.47
2026-02-21,swsh7-8,246691,Holofoil,7.53,5.0,7.96,100.0,14.99
2026-02-21,swsh8-271,253266,Holofoil,743.7,651.98,849.99,1499.95,687.19
2026-02-21,swsh9-154,263873,Holofoil,240.77,200.0,265.5,1500.0,236.23
2026-02-22,base1-15,42355,Holofoil,135.01,84.0,100.0,999.98,66.99
2026-02-22,base1-16,42356,Holofoil,52.9,28.0,50.65,120.0,69.95
2026-02-22,base1-2,42360,Holofoil,164.69,119.99,185.7,499.99,
2026-02-22,base1-4,42382,Holofoil,478.41,390.84,702.99,1500.0,1299.98
2026-02-22,base1-58,42402,Normal,5.42,0.84,2.49,9999.0,
2026-02-22,cel25c-4,250320,Holofoil,178.35,120.8,205.29,499.99,175.32
2026-02-22,gym2-2,83861,1st Edition Holofoil,852.01,599.99,640.0,894.61,
2026-02-22,gym2-2,83861,Unlimited Holofoil,500.59,446.99,543.83,629.48,567.66
2026-02-22,neo1-9,86903,1st Edition Holofoil,1800.0,1299.97,1849.38,1899.99,1899.98
2026-02-22,neo1-9,86903,Unlimited Holofoil,444.81,305.0,393.99,815.99,
2026-02-22,sl-151-bundle,502000,Normal,137.83,123.43,149.99,1000.0,
2026-02-22,sl-151-etb,503313,Normal,452.56,479.99,549.95,1507.01,
2026-02-22,sl-151-upc,502005,Normal,692.21,749.95,899.99,40000.0,
2026-02-22,sl-ar-box,265519,Normal,389.99,388.0,452.5,899.99,
2026-02-22,sl-bs-box,256141,Normal,573.0,569.99,699.99,1499.99,
2026-02-22,sl-cel-upc,245140,Normal,924.12,960.0,1141.47,154722.59,
2026-02-22,sl-champ-etb,218791,Normal,167.3,165.0,180.0,500.0,
2026-02-22,sl-cz-etb,453470,Normal,256.01,250.0,309.98,785.0,
2026-02-22,sl-dr-box,624679,Normal,558.41,533.0,600.0,2185.0,
2026-02-22,sl-evs-box,242436,Normal,2515.19,2400.0,3200.0,12000.0,
2026-02-22,sl-evs-etb,243721,Normal,763.3,949.95,999.98,2999.99,
2026-02-22,sl-fs-box,247654,Normal,1000.57,1000.0,1200.0,3200.0,
2026-02-22,sl-hf-etb,194729,Normal,441.86,499.0,560.0,9999.98,
2026-02-22,sl-jp-151,565243,Normal,223.36,219.99,250.0,489.59,
2026-02-22,sl-jp-terastal,603428,Normal,123.09,124.99,130.0,200.0,
2026-02-22,sl-jt-box,610931,Normal,252.38,249.99,278.99,551.0,
2026-02-22,sl-lo-box,277324,Normal,731.83,750.0,989.87,2500.0,
2026-02-22,sl-me1-box,644298,Normal,279.08,262.5,298.45,500.0,
2026-02-22,sl-obf-box,501257,Normal,337.54,313.02,399.96,799.99,
2026-02-22,sl-pe-etb,593355,Normal,165.1,150.0,194.2,1115.0,
2026-02-22,sl-pe-spc,622770,Normal,292.03,284.99,349.99,999.0,
2026-02-22,sl-pf-etb,528040,Normal,299.99,299.0,349.97,775.0,
2026-02-22,sl-phf-box,654137,Normal,300.29,292.0,329.99,1000.0,
2026-02-22,sl-shf-etb,228821,Normal,115.02,104.99,130.0,500.11,
2026-02-22,sl-ss-box,565606,Normal,258.81,255.0,300.0,4999.99,
2026-02-22,sl-st-box,283389,Normal,474.01,458.0,512.5,9999.99,
2026-02-22,sl-tf-box,536225,Normal,269.73,267.67,300.0,1500.0,
2026-02-22,sv2-185,497557,Normal,0.3,0.05,0.35,501.5,
2026-02-22,sv2-185,497557,Reverse Holofoil,1.42,0.19,1.06,10.0,
2026-02-22,sv2-254,497669,Holofoil,12.11,11.27,14.14,52.5,12.75
2026-02-22,sv2-269,497689,Holofoil,50.86,48.29,58.08,259.99,69.97
2026-02-22,sv3pt5-151,516566,Holofoil,7.95,4.95,8.0,100.0,14.46
2026-02-22,sv3pt5-199,517045,Holofoil,297.7,239.99,339.69,1000.0,315.0
2026-02-22,sv3pt5-205,517051,Holofoil,21.9,15.47,22.09,88.88,29.95
2026-02-22,sv3pt5-4,502555,Normal,0.16,0.01,0.18,20.0,0.11
2026-02-22,sv3pt5-4,502555,Reverse Holofoil,0.31,0.07,0.3,29.0,0.31
2026-02-22,sv3pt5-6,502558,Holofoil,6.65,2.98,6.9,505.1,8.38
2026-02-22,sv3pt5-7,502548,Normal,0.16,0.01,0.18,2.03,0.1
2026-02-22,sv3pt5-7,502548,Reverse Holofoil,0.34,0.01,0.29,50.0,0.25
2026-02-22,sv4pt5-234,535090,Holofoil,214.18,182.44,255.84,799.97,204.16
2026-02-22,sv4pt5-54,534416,Holofoil,4.44,2.78,4.49,60.0,4.59
2026-02-22,sv8-57,590025,Holofoil,4.02,2.8,4.24,50.0,4.96
2026-02-22,sv8pt5-149,610504,Holofoil,167.02,163.55,191.93,999.0,
2026-02-22,sv8pt5-155,610510,Holofoil,205.84,188.67,232.12,999.0,
2026-02-22,sv8pt5-156,610511,Holofoil,307.94,289.6,333.16,999.0,315.66
2026-02-22,sv8pt5-161,610516,Holofoil,1054.4,919.99,1149.97,5000.0,
2026-02-22,sv8pt5-167,610522,Holofoil,118.96,98.99,120.0,999.0,
2026-02-22,sv8pt5-179,610534,Holofoil,45.82,46.22,59.98,999.0,
2026-02-22,sv8pt5-28,610383,Holofoil,1.52,0.93,1.51,999.0,
2026-02-22,sv8pt5-47,610402,Normal,0.13,0.01,0.11,999.0,0.03
2026-02-22,sv8pt5-47,610402,Reverse Holofoil,0.13,0.01,0.15,999.0,0.1
2026-02-22,sv8pt5-59,610414,Holofoil,0.29,0.01,0.29,999.0,0.2
2026-02-22,sv8pt5-59,610414,Reverse Holofoil,0.37,0.08,0.36,999.0,0.29
2026-02-22,sv8pt5-60,610415,Holofoil,4.35,3.75,5.0,999.0,
2026-02-22,svp-085,518861,Normal,557.39,629.0,700.0,2500.0,699.94
2026-02-22,swsh11-186,284137,Holofoil,678.55,488.06,680.0,1500.0,783.87
2026-02-22,swsh12-186,451834,Holofoil,354.19,350.0,400.0,2000.0,334.54
2026-02-22,swsh12pt5gg-GG69,478100,Holofoil,214.31,195.0,230.29,1000.0,249.69
2026-02-22,swsh35-25,223018,Normal,0.14,0.04,0.17,1.82,
2026-02-22,swsh35-25,223018,Reverse Holofoil,0.28,0.09,0.29,2.0,
2026-02-22,swsh35-74,223073,Holofoil,180.8,146.56,220.0,2300.0,219.69
2026-02-22,swsh45sv-SV107,232496,Holofoil,133.06,100.0,159.99,500.0,150.0
2026-02-22,swsh7-204,246693,Holofoil,30.48,23.0,32.41,150.0,35.99
2026-02-22,swsh7-205,246696,Holofoil,325.54,289.0,355.02,600.0,299.11
2026-02-22,swsh7-208,246755,Holofoil,29.53,24.0,30.75,48.95,35.1
2026-02-22,swsh7-209,246756,Holofoil,256.3,232.81,284.49,450.0,239.99
2026-02-22,swsh7-211,246702,Holofoil,50.13,39.93,52.03,74.95,
2026-02-22,swsh7-212,246704,Holofoil,334.07,290.0,352.84,1000.0,317.37
2026-02-22,swsh7-215,246723,Holofoil,1680.17,1677.95,1999.88,4000.0,1994.68
2026-02-22,swsh7-218,246733,Holofoil,657.06,579.99,702.48,950.0,799.99
2026-02-22,swsh7-41,246753,Holofoil,5.9,3.5,6.32,24.97,7.19
2026-02-22,swsh7-65,246690,Holofoil,11.77,8.85,12.94,500.0,14.5
2026-02-22,swsh7-75,246701,Holofoil,13.71,10.39,14.95,50.0,19.88
2026-02-22,swsh7-8,246691,Holofoil,7.73,5.0,7.99,100.0,8.4
2026-02-22,swsh8-271,253266,Holofoil,743.7,651.98,898.3,1499.95,687.19
2026-02-22,swsh9-154,263873,Holofoil,240.57,224.98,272.6,1500.0,236.23
2026-02-23,base1-15,42355,Holofoil,135.01,84.0,123.0,999.98,66.99
2026-02-23,base1-16,42356,Holofoil,52.9,28.0,50.99,120.0,69.95
2026-02-23,base1-2,42360,Holofoil,164.69,121.33,185.7,499.99,
2026-02-23,base1-4,42382,Holofoil,511.27,499.99,737.18,1500.0,
2026-02-23,base1-58,42402,Normal,5.4,0.85,2.5,9999.0,
2026-02-23,cel25c-4,250320,Holofoil,182.14,120.8,200.0,499.99,175.32
2026-02-23,gym2-2,83861,1st Edition Holofoil,852.01,599.99,640.0,894.61,
2026-02-23,gym2-2,83861,Unlimited Holofoil,500.59,446.99,567.66,629.48,567.66
2026-02-23,neo1-9,86903,1st Edition Holofoil,1800.0,1299.96,1798.77,1899.99,1899.98
2026-02-23,neo1-9,86903,Unlimited Holofoil,444.81,305.0,394.99,1000.0,
2026-02-23,sl-151-bundle,502000,Normal,132.12,123.43,149.99,1000.0,
2026-02-23,sl-151-etb,503313,Normal,452.55,460.0,549.95,1507.01,
2026-02-23,sl-151-upc,502005,Normal,700.85,725.0,884.5,40000.0,
2026-02-23,sl-ar-box,265519,Normal,390.51,388.0,452.5,899.99,
2026-02-23,sl-bs-box,256141,Normal,574.6,569.99,699.99,1499.99,
2026-02-23,sl-cel-upc,245140,Normal,928.48,958.95,1092.0,154722.59,
2026-02-23,sl-champ-etb,218791,Normal,167.3,165.0,179.98,500.0,
2026-02-23,sl-cz-etb,453470,Normal,257.81,250.0,319.96,785.0,
2026-02-23,sl-dr-box,624679,Normal,556.93,549.99,599.99,2185.0,
2026-02-23,sl-evs-box,242436,Normal,2515.95,2469.0,3200.0,12000.0,
2026-02-23,sl-evs-etb,243721,Normal,763.3,970.0,999.98,2999.99,
2026-02-23,sl-fs-box,247654,Normal,1000.57,1000.0,1200.0,3200.0,
2026-02-23,sl-hf-etb,194729,Normal,443.82,499.95,555.0,9999.98,
2026-02-23,sl-jp-151,565243,Normal,224.28,219.99,250.0,489.59,
2026-02-23,sl-jp-terastal,603428,Normal,122.97,124.99,130.0,200.0,
2026-02-23,sl-jt-box,610931,Normal,252.38,249.99,278.99,551.0,
2026-02-23,sl-lo-box,277324,Normal,731.83,750.0,985.0,2500.0,
2026-02-23,sl-me1-box,644298,Normal,276.11,273.99,298.9,500.0,
2026-02-23,sl-obf-box,501257,Normal,337.54,349.88,399.43,799.99,
2026-02-23,sl-pe-etb,593355,Normal,166.63,159.98,197.75,1115.0,
2026-02-23,sl-pe-spc,622770,Normal,293.75,284.99,349.99,999.0,
2026-02-23,sl-pf-etb,528040,Normal,299.79,299.0,349.95,775.0,
2026-02-23,sl-phf-box,654137,Normal,311.61,309.99,342.01,1000.0,
2026-02-23,sl-shf-etb,228821,Normal,114.9,104.99,132.5,500.11,
2026-02-23,sl-ss-box,565606,Normal,260.01,245.0,300.0,4999.99,
2026-02-23,sl-st-box,283389,Normal,473.01,458.0,500.0,9999.99,
2026-02-23,sl-tf-box,536225,Normal,269.45,257.5,294.99,1500.0,
2026-02-23,sv2-185,497557,Normal,0.24,0.05,0.35,501.5,
2026-02-23,sv2-185,497557,Reverse Holofoil,1.11,0.19,1.05,10.0,
2026-02-23,sv2-254,497669,Holofoil,11.71,11.24,14.0,52.5,12.59
2026-02-23,sv2-269,497689,Holofoil,50.96,48.29,57.83,259.99,66.92
2026-02-23,sv3pt5-151,516566,Holofoil,8.22,5.0,8.11,100.0,14.48
2026-02-23,sv3pt5-199,517045,Holofoil,297.83,249.99,350.0,1000.0,315.0
2026-02-23,sv3pt5-205,517051,Holofoil,22.83,15.47,24.1,88.88,29.95
2026-02-23,sv3pt5-4,502555,Normal,0.15,0.01,0.18,20.0,0.1
2026-02-23,sv3pt5-4,502555,Reverse Holofoil,0.31,0.07,0.3,29.0,0.32
2026-02-23,sv3pt5-6,502558,Holofoil,6.69,2.98,6.84,505.1,13.99
2026-02-23,sv3pt5-7,502548,Normal,0.19,0.01,0.18,2.03,0.1
2026-02-23,sv3pt5-7,502548,Reverse Holofoil,0.31,0.01,0.29,50.0,0.25
2026-02-23,sv4pt5-234,535090,Holofoil,216.54,192.58,259.99,799.97,204.16
2026-02-23,sv4pt5-54,534416,Holofoil,3.95,2.78,4.41,60.0,5.59
2026-02-23,sv8-57,590025,Holofoil,4.16,2.5,4.3,50.0,4.23
2026-02-23,sv8pt5-149,610504,Holofoil,167.21,163.55,192.32,999.0,
2026-02-23,sv8pt5-155,610510,Holofoil,205.84,188.67,218.41,999.0,
2026-02-23,sv8pt5-156,610511,Holofoil,307.94,289.6,333.33,999.0,315.66
2026-02-23,sv8pt5-161,610516,Holofoil,1058.45,919.99,1150.0,5000.0,
2026-02-23,sv8pt5-167,610522,Holofoil,119.63,98.99,119.83,999.0,
2026-02-23,sv8pt5-179,610534,Holofoil,47.31,46.22,59.85,999.0,
2026-02-23,sv8pt5-28,610383,Holofoil,1.42,0.93,1.51,999.0,
2026-02-23,sv8pt5-47,610402,Normal,0.13,0.01,0.12,999.0,0.03
2026-02-23,sv8pt5-47,610402,Reverse Holofoil,0.12,0.01,0.15,999.0,0.08
2026-02-23,sv8pt5-59,610414,Holofoil,0.34,0.01,0.27,999.0,
2026-02-23,sv8pt5-59,610414,Reverse Holofoil,0.39,0.08,0.39,999.0,0.29
2026-02-23,sv8pt5-60,610415,Holofoil,4.36,3.71,5.0,999.0,
2026-02-23,svp-085,518861,Normal,575.32,629.0,700.0,2500.0,699.94
2026-02-23,swsh11-186,284137,Holofoil,680.35,491.15,680.18,1500.0,783.89
2026-02-23,swsh12-186,451834,Holofoil,344.19,350.0,400.0,2000.0,334.54
2026-02-23,swsh12pt5gg-GG69,478100,Holofoil,215.15,197.99,239.99,1000.0,249.69
2026-02-23,swsh35-25,223018,Normal,0.14,0.04,0.17,1.82,
2026-02-23,swsh35-25,223018,Reverse Holofoil,0.28,0.1,0.28,2.0,
2026-02-23,swsh35-74,223073,Holofoil,180.8,147.88,220.0,2300.0,219.69
2026-02-23,swsh45sv-SV107,232496,Holofoil,133.05,105.0,159.99,500.0,150.0
2026-02-23,swsh7-204,246693,Holofoil,30.48,22.96,32.39,150.0,35.99
2026-02-23,swsh7-205,246696,Holofoil,326.3,289.0,356.04,600.0,299.11
2026-02-23,swsh7-208,246755,Holofoil,29.49,24.0,31.5,48.95,36.25
2026-02-23,swsh7-209,246756,Holofoil,253.92,226.26,285.48,450.0,239.99
2026-02-23,swsh7-211,246702,Holofoil,50.45,39.93,52.03,74.95,
2026-02-23,swsh7-212,246704,Holofoil,334.14,290.0,353.04,1000.0,317.37
2026-02-23,swsh7-215,246723,Holofoil,1680.17,1677.95,1999.88,4000.0,1994.68
2026-02-23,swsh7-218,246733,Holofoil,655.34,575.0,702.48,950.0,799.99
2026-02-23,swsh7-41,246753,Holofoil,5.73,3.5,6.46,24.97,7.19
2026-02-23,swsh7-65,246690,Holofoil,11.51,8.85,12.99,500.0,14.29
2026-02-23,swsh7-75,246701,Holofoil,14.46,10.49,14.99,50.0,19.89
2026-02-23,swsh7-8,246691,Holofoil,7.56,5.0,7.99,100.0,16.67
2026-02-23,swsh8-271,253266,Holofoil,718.21,651.98,948.67,1499.95,687.19
2026-02-23,swsh9-154,263873,Holofoil,240.57,224.98,279.77,1500.0,236.23
2026-02-24,base1-15,42355,Holofoil,135.57,84.0,123.0,999.98,66.99
2026-02-24,base1-16,42356,Holofoil,52.9,28.0,50.96,120.0,69.95
2026-02-24,base1-2,42360,Holofoil,164.69,121.33,185.7,499.99,
2026-02-24,base1-4,42382,Holofoil,513.35,499.5,746.67,1500.0,
2026-02-24,base1-58,42402,Normal,5.31,0.75,2.59,9999.0,3.51
2026-02-24,cel25c-4,250320,Holofoil,182.14,121.48,200.0,499.99,175.32
2026-02-24,gym2-2,83861,1st Edition Holofoil,852.01,599.99,640.0,894.61,
2026-02-24,gym2-2,83861,Unlimited Holofoil,500.59,446.99,567.66,629.48,567.66
2026-02-24,neo1-9,86903,1st Edition Holofoil,1800.0,1299.96,1798.77,1899.99,1899.98
2026-02-24,neo1-9,86903,Unlimited Holofoil,444.81,305.0,394.99,1000.0,
2026-02-24,sl-151-bundle,502000,Normal,135.65,123.43,150.0,1000.0,
2026-02-24,sl-151-etb,503313,Normal,458.07,460.0,549.95,1507.01,
2026-02-24,sl-151-upc,502005,Normal,708.19,717.0,850.0,40000.0,
2026-02-24,sl-ar-box,265519,Normal,390.51,388.0,452.5,899.99,
2026-02-24,sl-bs-box,256141,Normal,576.52,569.99,685.0,1499.99,
2026-02-24,sl-cel-upc,245140,Normal,928.48,958.95,1092.0,154722.59,
2026-02-24,sl-champ-etb,218791,Normal,167.3,165.0,179.98,500.0,
2026-02-24,sl-cz-etb,453470,Normal,258.01,270.0,322.5,785.0,
2026-02-24,sl-dr-box,624679,Normal,561.2,540.95,600.0,2185.0,
2026-02-24,sl-evs-box,242436,Normal,2515.95,2484.0,3200.0,12000.0,
2026-02-24,sl-evs-etb,243721,Normal,763.3,970.0,999.98,2999.99,
2026-02-24,sl-fs-box,247654,Normal,1000.57,999.99,1200.0,3200.0,
2026-02-24,sl-hf-etb,194729,Normal,443.82,498.0,550.0,9999.98,
2026-02-24,sl-jp-151,565243,Normal,227.17,249.9,257.48,489.59,
2026-02-24,sl-jp-terastal,603428,Normal,123.01,115.0,130.0,200.0,
2026-02-24,sl-jt-box,610931,Normal,252.38,249.99,279.99,551.0,
2026-02-24,sl-lo-box,277324,Normal,731.83,749.99,942.0,2500.0,
2026-02-24,sl-me1-box,644298,Normal,276.79,273.99,298.0,500.0,
2026-02-24,sl-obf-box,501257,Normal,338.4,349.88,399.96,799.99,
2026-02-24,sl-pe-etb,593355,Normal,167.73,162.0,199.49,1115.0,
2026-02-24,sl-pe-spc,622770,Normal,294.07,284.99,343.0,999.0,
2026-02-24,sl-pf-etb,528040,Normal,300.27,288.0,347.48,775.0,
2026-02-24,sl-phf-box,654137,Normal,316.43,313.33,346.5,1000.0,
2026-02-24,sl-shf-etb,228821,Normal,114.82,104.99,135.0,500.11,
2026-02-24,sl-ss-box,565606,Normal,258.2,245.0,300.0,4999.99,
2026-02-24,sl-st-box,283389,Normal,472.17,458.0,500.0,9999.99,
2026-02-24,sl-tf-box,536225,Normal,269.57,257.5,299.99,1500.0,
2026-02-24,sv2-185,497557,Normal,0.23,0.05,0.35,501.5,
2026-02-24,sv2-185,497557,Reverse Holofoil,1.05,0.19,1.02,10.0,
2026-02-24,sv2-254,497669,Holofoil,11.55,9.99,13.99,52.5,12.59
2026-02-24,sv2-269,497689,Holofoil,51.11,48.29,56.06,259.99,66.92
2026-02-24,sv3pt5-151,516566,Holofoil,8.58,5.0,8.27,100.0,7.29
2026-02-24,sv3pt5-199,517045,Holofoil,299.53,249.99,342.48,1000.0,335.93
2026-02-24,sv3pt5-205,517051,Holofoil,21.89,15.47,24.38,88.88,29.94
2026-02-24,sv3pt5-4,502555,Normal,0.14,0.01,0.17,20.0,0.08
2026-02-24,sv3pt5-4,502555,Reverse Holofoil,0.3,0.07,0.3,3.99,
2026-02-24,sv3pt5-6,502558,Holofoil,7.66,2.98,7.1,505.1,9.31
2026-02-24,sv3pt5-7,502548,Normal,0.21,0.01,0.2,2.03,
2026-02-24,sv3pt5-7,502548,Reverse Holofoil,0.29,0.01,0.28,50.0,0.25
2026-02-24,sv4pt5-234,535090,Holofoil,217.5,189.99,259.92,799.97,204.16
2026-02-24,sv4pt5-54,534416,Holofoil,3.97,2.78,4.4,60.0,3.97
2026-02-24,sv8-57,590025,Holofoil,3.69,2.5,4.25,50.0,5.39
2026-02-24,sv8pt5-149,610504,Holofoil,170.29,160.0,192.32,999.0,
2026-02-24,sv8pt5-155,610510,Holofoil,205.84,188.67,214.17,999.0,
2026-02-24,sv8pt5-156,610511,Holofoil,308.64,283.69,331.69,999.0,315.67
2026-02-24,sv8pt5-161,610516,Holofoil,1058.45,919.99,1159.85,5000.0,
2026-02-24,sv8pt5-167,610522,Holofoil,119.06,98.99,120.0,999.0,
2026-02-24,sv8pt5-179,610534,Holofoil,47.31,43.0,59.7,999.0,
2026-02-24,sv8pt5-28,610383,Holofoil,1.39,0.93,1.5,999.0,
2026-02-24,sv8pt5-47,610402,Normal,0.13,0.01,0.12,999.0,0.03
2026-02-24,sv8pt5-47,610402,Reverse Holofoil,0.15,0.01,0.15,999.0,0.1
2026-02-24,sv8pt5-59,610414,Holofoil,0.26,0.01,0.3,999.0,
2026-02-24,sv8pt5-59,610414,Reverse Holofoil,0.37,0.08,0.4,999.0,0.37
2026-02-24,sv8pt5-60,610415,Holofoil,4.61,3.3,5.0,999.0,5.99
2026-02-24,svp-085,518861,Normal,581.88,629.0,749.98,2500.0,699.94
2026-02-24,swsh11-186,284137,Holofoil,680.35,491.15,680.35,1500.0,783.87
2026-02-24,swsh12-186,451834,Holofoil,343.48,350.0,400.0,2000.0,334.54
2026-02-24,swsh12pt5gg-GG69,478100,Holofoil,214.87,195.0,237.0,1000.0,249.68
2026-02-24,swsh35-25,223018,Normal,0.13,0.04,0.17,1.82,
2026-02-24,swsh35-25,223018,Reverse Holofoil,0.28,0.1,0.29,2.0,
2026-02-24,swsh35-74,223073,Holofoil,180.8,154.99,219.99,2300.0,219.69
2026-02-24,swsh45sv-SV107,232496,Holofoil,135.19,105.0,155.5,500.0,150.0
2026-02-24,swsh7-204,246693,Holofoil,30.48,22.0,32.0,150.0,35.99
2026-02-24,swsh7-205,246696,Holofoil,326.3,289.0,352.06,600.0,299.11
2026-02-24,swsh7-208,246755,Holofoil,29.49,24.0,31.85,48.95,36.25
2026-02-24,swsh7-209,246756,Holofoil,253.92,226.26,283.5,450.0,239.99
2026-02-24,swsh7-211,246702,Holofoil,50.89,39.93,52.03,74.95,80.18
2026-02-24,swsh7-212,246704,Holofoil,334.14,290.0,352.64,1000.0,317.37
2026-02-24,swsh7-215,246723,Holofoil,1671.33,1677.95,1999.88,4000.0,1994.68
2026-02-24,swsh7-218,246733,Holofoil,653.79,575.0,774.98,950.0,749.99
2026-02-24,swsh7-41,246753,Holofoil,5.57,3.85,6.28,24.97,5.45
2026-02-24,swsh7-65,246690,Holofoil,11.6,8.85,12.95,500.0,10.4
2026-02-24,swsh7-75,246701,Holofoil,14.53,10.49,15.0,50.0,16.82
2026-02-24,swsh7-8,246691,Holofoil,7.54,5.0,7.99,100.0,8.14
2026-02-24,swsh8-271,253266,Holofoil,733.54,651.98,948.67,1499.95,687.19
2026-02-24,swsh9-154,263873,Holofoil,239.29,224.98,279.85,1500.0,236.23
2026-02-25,base1-15,42355,Holofoil,132.21,29.01,111.5,999.98,
2026-02-25,base1-16,42356,Holofoil,52.9,28.0,50.62,120.0,69.95
2026-02-25,base1-2,42360,Holofoil,155.06,121.33,181.44,499.99,
2026-02-25,base1-4,42382,Holofoil,515.6,499.5,768.22,1500.0,
2026-02-25,base1-58,42402,Normal,4.73,0.75,2.56,9999.0,10.97
2026-02-25,cel25c-4,250320,Holofoil,182.39,163.88,200.0,499.99,175.32
2026-02-25,gym2-2,83861,1st Edition Holofoil,852.01,599.99,640.0,894.61,
2026-02-25,gym2-2,83861,Unlimited Holofoil,500.59,446.99,543.83,629.48,567.66
2026-02-25,neo1-9,86903,1st Edition Holofoil,1800.0,1299.97,1798.78,1899.99,1899.98
2026-02-25,neo1-9,86903,Unlimited Holofoil,444.81,305.0,394.99,1000.0,
2026-02-25,sl-151-bundle,502000,Normal,138.47,123.43,150.0,1000.0,
2026-02-25,sl-151-etb,503313,Normal,473.19,479.99,587.24,1507.01,
2026-02-25,sl-151-upc,502005,Normal,708.47,699.99,863.99,40000.0,
2026-02-25,sl-ar-box,265519,Normal,390.51,388.0,452.5,899.99,
2026-02-25,sl-bs-box,256141,Normal,573.95,585.01,692.5,1499.99,
2026-02-25,sl-cel-upc,245140,Normal,933.08,958.95,1100.0,154722.59,
2026-02-25,sl-champ-etb,218791,Normal,167.3,165.0,179.95,500.0,
2026-02-25,sl-cz-etb,453470,Normal,260.62,275.0,322.5,785.0,
2026-02-25,sl-dr-box,624679,Normal,557.04,516.99,599.99,2185.0,
2026-02-25,sl-evs-box,242436,Normal,2513.41,2482.5,3169.99,12000.0,
2026-02-25,sl-evs-etb,243721,Normal,763.3,970.0,999.98,2999.99,
2026-02-25,sl-fs-box,247654,Normal,1000.88,959.99,1199.97,3000.0,
2026-02-25,sl-hf-etb,194729,Normal,443.82,498.0,550.0,9999.98,
2026-02-25,sl-jp-151,565243,Normal,227.09,243.0,254.95,489.59,
2026-02-25,sl-jp-terastal,603428,Normal,122.81,115.0,130.0,200.0,
2026-02-25,sl-jt-box,610931,Normal,252.78,249.99,277.99,551.0,
2026-02-25,sl-lo-box,277324,Normal,731.83,743.0,942.0,2500.0,
2026-02-25,sl-me1-box,644298,Normal,276.43,273.99,299.42,500.0,
2026-02-25,sl-obf-box,501257,Normal,340.66,349.88,399.98,799.99,
2026-02-25,sl-pe-etb,593355,Normal,172.48,162.0,199.59,1115.0,
2026-02-25,sl-pe-spc,622770,Normal,294.91,284.99,339.5,999.0,
2026-02-25,sl-pf-etb,528040,Normal,300.27,299.0,349.97,775.0,
2026-02-25,sl-phf-box,654137,Normal,315.58,310.0,349.99,1000.0,
2026-02-25,sl-shf-etb,228821,Normal,114.3,104.99,134.99,500.11,
2026-02-25,sl-ss-box,565606,Normal,257.04,247.98,300.0,4999.99,
2026-02-25,sl-st-box,283389,Normal,472.17,458.0,512.5,9999.99,
2026-02-25,sl-tf-box,536225,Normal,269.57,257.5,299.99,1500.0,
2026-02-25,sv2-185,497557,Normal,0.26,0.05,0.35,501.5,0.26
2026-02-25,sv2-185,497557,Reverse Holofoil,0.88,0.19,0.96,10.0,0.5
2026-02-25,sv2-254,497669,Holofoil,11.89,10.0,13.99,52.5,15.2
2026-02-25,sv2-269,497689,Holofoil,50.87,48.29,58.3,259.99,64.0
2026-02-25,sv3pt5-151,516566,Holofoil,6.88,4.99,8.22,100.0,6.31
2026-02-25,sv3pt5-199,517045,Holofoil,306.73,251.39,349.08,1000.0,285.0
2026-02-25,sv3pt5-205,517051,Holofoil,21.48,15.47,23.62,88.88,26.99
2026-02-25,sv3pt5-4,502555,Normal,0.18,0.01,0.17,20.0,
2026-02-25,sv3pt5-4,502555,Reverse Holofoil,0.29,0.07,0.3,3.99,
2026-02-25,sv3pt5-6,502558,Holofoil,7.69,2.98,7.99,505.1,19.65
2026-02-25,sv3pt5-7,502548,Normal,0.15,0.01,0.19,2.03,
2026-02-25,sv3pt5-7,502548,Reverse Holofoil,0.28,0.01,0.28,50.0,0.25
2026-02-25,sv4pt5-234,535090,Holofoil,218.62,192.9,260.0,799.97,204.16
2026-02-25,sv4pt5-54,534416,Holofoil,4.06,2.78,4.4,60.0,4.06
2026-02-25,sv8-57,590025,Holofoil,3.89,2.5,4.2,50.0,4.21
2026-02-25,sv8pt5-149,610504,Holofoil,171.75,160.0,192.6,999.0,
2026-02-25,sv8pt5-155,610510,Holofoil,205.37,188.67,231.89,999.0,
2026-02-25,sv8pt5-156,610511,Holofoil,310.27,280.0,331.36,999.0,331.36
2026-02-25,sv8pt5-161,610516,Holofoil,1089.2,919.99,1240.0,5000.0,
2026-02-25,sv8pt5-167,610522,Holofoil,119.03,98.99,120.0,999.0,
2026-02-25,sv8pt5-179,610534,Holofoil,47.31,43.0,58.19,999.0,
2026-02-25,sv8pt5-28,610383,Holofoil,1.84,0.93,1.5,999.0,1.66
2026-02-25,sv8pt5-47,610402,Normal,0.12,0.01,0.12,999.0,0.03
2026-02-25,sv8pt5-47,610402,Reverse Holofoil,0.15,0.01,0.15,999.0,0.1
2026-02-25,sv8pt5-59,610414,Holofoil,0.25,0.01,0.28,999.0,
2026-02-25,sv8pt5-59,610414,Reverse Holofoil,0.35,0.08,0.37,999.0,
2026-02-25,sv8pt5-60,610415,Holofoil,4.52,3.5,5.0,999.0,6.49
2026-02-25,svp-085,518861,Normal,602.16,629.0,799.95,2500.0,699.94
2026-02-25,swsh11-186,284137,Holofoil,680.35,470.0,680.35,1500.0,783.89
2026-02-25,swsh12-186,451834,Holofoil,343.48,350.0,400.0,2000.0,334.54
2026-02-25,swsh12pt5gg-GG69,478100,Holofoil,215.89,195.0,234.95,1000.0,249.68
2026-02-25,swsh35-25,223018,Normal,0.15,0.04,0.17,1.82,
2026-02-25,swsh35-25,223018,Reverse Holofoil,0.28,0.1,0.28,2.0,
2026-02-25,swsh35-74,223073,Holofoil,180.8,154.99,219.99,2300.0,219.69
2026-02-25,swsh45sv-SV107,232496,Holofoil,134.66,105.0,158.0,500.0,159.99
2026-02-25,swsh7-204,246693,Holofoil,30.48,22.0,32.0,150.0,38.99
2026-02-25,swsh7-205,246696,Holofoil,325.21,289.0,354.76,600.0,299.11
2026-02-25,swsh7-208,246755,Holofoil,29.34,24.0,31.68,48.95,36.25
2026-02-25,swsh7-209,246756,Holofoil,256.3,226.26,283.5,450.0,265.9
2026-02-25,swsh7-211,246702,Holofoil,50.89,39.93,52.07,80.18,80.18
2026-02-25,swsh7-212,246704,Holofoil,334.14,289.61,351.32,1000.0,317.37
2026-02-25,swsh7-215,246723,Holofoil,1671.18,1677.95,1999.92,4000.0,1994.68
2026-02-25,swsh7-218,246733,Holofoil,651.59,575.0,799.97,980.7,749.99
2026-02-25,swsh7-41,246753,Holofoil,5.62,3.85,6.27,24.97,5.45
2026-02-25,swsh7-65,246690,Holofoil,11.4,8.85,12.99,500.0,15.6
2026-02-25,swsh7-75,246701,Holofoil,14.76,10.49,15.0,50.0,19.99
2026-02-25,swsh7-8,246691,Holofoil,7.42,5.0,7.99,100.0,8.14
2026-02-25,swsh8-271,253266,Holofoil,733.54,651.98,948.68,1499.95,687.19
2026-02-25,swsh9-154,263873,Holofoil,236.4,224.98,279.77,1500.0,236.23
2026-02-26,base1-15,42355,Holofoil,132.21,86.0,126.71,999.98,
2026-02-26,base1-16,42356,Holofoil,53.33,28.0,50.81,120.0,69.95
2026-02-26,base1-2,42360,Holofoil,155.06,121.07,183.03,499.99,
2026-02-26,base1-4,42382,Holofoil,515.6,499.0,774.99,1500.0,
2026-02-26,base1-58,42402,Normal,4.81,0.75,2.92,9999.0,10.97
2026-02-26,cel25c-4,250320,Holofoil,181.59,164.76,199.88,499.99,171.81
2026-02-26,gym2-2,83861,1st Edition Holofoil,852.01,599.99,640.0,894.61,
2026-02-26,gym2-2,83861,Unlimited Holofoil,500.59,446.99,543.83,629.48,567.66
2026-02-26,neo1-9,86903,1st Edition Holofoil,1800.0,1299.97,1798.78,1899.99,1899.98
2026-02-26,neo1-9,86903,Unlimited Holofoil,444.81,305.0,397.0,1000.0,
2026-02-26,sl-151-bundle,502000,Normal,138.83,123.43,152.95,1000.0,
2026-02-26,sl-151-etb,503313,Normal,480.99,470.99,585.59,1507.01,
2026-02-26,sl-151-upc,502005,Normal,711.78,749.0,899.99,40000.0,
2026-02-26,sl-ar-box,265519,Normal,391.31,388.0,452.5,899.99,
2026-02-26,sl-bs-box,256141,Normal,573.95,579.99,679.0,1499.99,
2026-02-26,sl-cel-upc,245140,Normal,944.83,960.0,1190.98,154722.59,
2026-02-26,sl-champ-etb,218791,Normal,167.42,165.0,179.95,500.0,
2026-02-26,sl-cz-etb,453470,Normal,262.07,275.0,322.5,785.0,
2026-02-26,sl-dr-box,624679,Normal,549.59,509.0,599.99,2185.0,
2026-02-26,sl-evs-box,242436,Normal,2518.61,2484.0,3290.0,12000.0,
2026-02-26,sl-evs-etb,243721,Normal,763.3,970.0,999.98,2999.99,
2026-02-26,sl-fs-box,247654,Normal,1000.44,960.0,1200.0,3000.0,
2026-02-26,sl-hf-etb,194729,Normal,443.82,498.0,560.0,9999.98,
2026-02-26,sl-jp-151,565243,Normal,228.38,247.0,254.95,489.59,
2026-02-26,sl-jp-terastal,603428,Normal,122.28,113.99,130.0,200.0,
2026-02-26,sl-jt-box,610931,Normal,252.5,249.99,277.94,551.0,
2026-02-26,sl-lo-box,277324,Normal,731.83,749.99,934.0,2500.0,
2026-02-26,sl-me1-box,644298,Normal,276.43,273.99,298.9,500.0,
2026-02-26,sl-obf-box,501257,Normal,340.66,339.99,399.97,799.99,
2026-02-26,sl-pe-etb,593355,Normal,172.68,170.0,199.97,1115.0,
2026-02-26,sl-pe-spc,622770,Normal,294.91,284.99,335.99,999.0,
2026-02-26,sl-pf-etb,528040,Normal,300.39,299.0,349.99,775.0,
2026-02-26,sl-phf-box,654137,Normal,322.94,319.99,348.99,1000.0,
2026-02-26,sl-shf-etb,228821,Normal,115.27,104.99,135.62,500.11,
2026-02-26,sl-ss-box,565606,Normal,256.66,247.0,299.99,4999.99,
2026-02-26,sl-st-box,283389,Normal,472.17,458.0,524.99,9999.99,
2026-02-26,sl-tf-box,536225,Normal,269.37,257.5,299.99,1500.0,
2026-02-26,sv2-185,497557,Normal,0.3,0.05,0.35,501.5,0.28
2026-02-26,sv2-185,497557,Reverse Holofoil,0.86,0.19,0.91,10.0,0.63
2026-02-26,sv2-254,497669,Holofoil,11.84,8.5,13.99,52.5,15.73
2026-02-26,sv2-269,497689,Holofoil,51.07,48.29,59.15,259.99,64.0
2026-02-26,sv3pt5-151,516566,Holofoil,6.71,5.0,8.0,100.0,10.49
2026-02-26,sv3pt5-199,517045,Holofoil,311.68,299.5,369.82,1000.0,335.99
2026-02-26,sv3pt5-205,517051,Holofoil,20.6,14.81,23.21,88.88,28.42
2026-02-26,sv3pt5-4,502555,Normal,0.19,0.01,0.18,20.0,0.11
2026-02-26,sv3pt5-4,502555,Reverse Holofoil,0.3,0.07,0.3,3.99,0.33
2026-02-26,sv3pt5-6,502558,Holofoil,7.56,2.98,8.0,505.1,19.66
2026-02-26,sv3pt5-7,502548,Normal,0.13,0.01,0.18,2.03,0.11
2026-02-26,sv3pt5-7,502548,Reverse Holofoil,0.3,0.01,0.29,50.0,0.25
2026-02-26,sv4pt5-234,535090,Holofoil,216.81,192.9,260.9,799.97,204.16
2026-02-26,sv4pt5-54,534416,Holofoil,3.88,2.78,4.32,60.0,18.48
2026-02-26,sv8-57,590025,Holofoil,4.1,2.5,4.31,50.0,4.2
2026-02-26,sv8pt5-149,610504,Holofoil,171.22,159.99,192.32,999.0,
2026-02-26,sv8pt5-155,610510,Holofoil,206.14,188.67,239.28,999.0,
2026-02-26,sv8pt5-156,610511,Holofoil,310.19,270.0,331.03,999.0,331.03
2026-02-26,sv8pt5-161,610516,Holofoil,1089.2,919.99,1054.98,5000.0,
2026-02-26,sv8pt5-167,610522,Holofoil,119.03,98.99,120.0,999.0,
2026-02-26,sv8pt5-179,610534,Holofoil,47.36,43.0,56.77,999.0,
2026-02-26,sv8pt5-28,610383,Holofoil,1.63,0.9,1.52,999.0,1.63
2026-02-26,sv8pt5-47,610402,Normal,0.11,0.01,0.12,999.0,0.03
2026-02-26,sv8pt5-47,610402,Reverse Holofoil,0.14,0.01,0.15,999.0,0.05
2026-02-26,sv8pt5-59,610414,Holofoil,0.22,0.01,0.27,999.0,
2026-02-26,sv8pt5-59,610414,Reverse Holofoil,0.32,0.08,0.38,999.0,
2026-02-26,sv8pt5-60,610415,Holofoil,4.76,3.4,5.0,999.0,
2026-02-26,svp-085,518861,Normal,612.04,629.0,789.98,2500.0,699.94
2026-02-26,swsh11-186,284137,Holofoil,680.35,470.0,680.0,1500.0,783.89
2026-02-26,swsh12-186,451834,Holofoil,342.39,299.0,400.0,2000.0,334.54
2026-02-26,swsh12pt5gg-GG69,478100,Holofoil,215.81,195.0,234.99,1000.0,249.68
2026-02-26,swsh35-25,223018,Normal,0.15,0.04,0.17,1.82,
2026-02-26,swsh35-25,223018,Reverse Holofoil,0.28,0.1,0.28,2.0,
2026-02-26,swsh35-74,223073,Holofoil,180.8,125.0,219.99,2300.0,219.69
2026-02-26,swsh45sv-SV107,232496,Holofoil,134.71,104.0,159.99,500.0,159.99
2026-02-26,swsh7-204,246693,Holofoil,30.48,22.0,32.0,150.0,38.99
2026-02-26,swsh7-205,246696,Holofoil,325.21,289.0,356.18,600.0,299.11
2026-02-26,swsh7-208,246755,Holofoil,29.6,24.0,32.01,48.95,36.25
2026-02-26,swsh7-209,246756,Holofoil,256.3,226.26,282.6,450.0,265.9
2026-02-26,swsh7-211,246702,Holofoil,50.89,39.93,52.03,80.18,80.18
2026-02-26,swsh7-212,246704,Holofoil,335.51,283.84,352.64,1000.0,317.37
2026-02-26,swsh7-215,246723,Holofoil,1671.18,1699.98,1999.88,4000.0,1994.68
2026-02-26,swsh7-218,246733,Holofoil,651.59,575.0,785.73,950.0,749.99
2026-02-26,swsh7-41,246753,Holofoil,5.63,3.85,6.26,24.97,5.45
2026-02-26,swsh7-65,246690,Holofoil,11.7,9.0,12.99,500.0,15.59
2026-02-26,swsh7-75,246701,Holofoil,15.07,10.49,15.03,50.0,19.99
2026-02-26,swsh7-8,246691,Holofoil,7.52,5.0,7.99,100.0,8.14
2026-02-26,swsh8-271,253266,Holofoil,732.65,687.19,948.69,1499.95,687.19
2026-02-26,swsh9-154,263873,Holofoil,236.4,224.98,279.87,1500.0,236.23
2026-02-27,base1-15,42355,Holofoil,133.07,87.0,136.03,999.98,
2026-02-27,base1-16,42356,Holofoil,53.77,28.0,50.85,120.0,23.99
2026-02-27,base1-2,42360,Holofoil,155.06,121.07,190.0,499.99,
2026-02-27,base1-4,42382,Holofoil,515.6,499.0,800.0,1500.0,
2026-02-27,base1-58,42402,Normal,5.02,0.5,2.99,9999.0,
2026-02-27,cel25c-4,250320,Holofoil,181.41,164.76,200.0,499.99,171.81
2026-02-27,gym2-2,83861,1st Edition Holofoil,852.01,599.99,640.0,894.61,
2026-02-27,gym2-2,83861,Unlimited Holofoil,500.59,446.99,543.83,629.48,567.66
2026-02-27,neo1-9,86903,1st Edition Holofoil,1800.0,1299.97,1798.78,1899.99,1899.98
2026-02-27,neo1-9,86903,Unlimited Holofoil,444.81,305.0,397.0,1000.0,
2026-02-27,sl-151-bundle,502000,Normal,143.9,138.98,166.48,1000.0,
2026-02-27,sl-151-etb,503313,Normal,481.38,440.61,592.04,1507.01,
2026-02-27,sl-151-upc,502005,Normal,720.74,729.99,899.99,40000.0,
2026-02-27,sl-ar-box,265519,Normal,391.11,360.0,450.0,899.99,
2026-02-27,sl-bs-box,256141,Normal,575.91,579.99,679.0,1499.99,
2026-02-27,sl-cel-upc,245140,Normal,946.47,960.0,1182.95,154722.59,
2026-02-27,sl-champ-etb,218791,Normal,167.18,165.0,180.0,500.0,
2026-02-27,sl-cz-etb,453470,Normal,265.07,248.93,325.0,785.0,
2026-02-27,sl-dr-box,624679,Normal,539.91,508.0,599.99,2185.0,
2026-02-27,sl-evs-box,242436,Normal,2414.72,2400.0,3200.0,12000.0,
2026-02-27,sl-evs-etb,243721,Normal,763.3,970.0,999.98,2999.99,
2026-02-27,sl-fs-box,247654,Normal,1000.44,990.0,1200.0,3000.0,
2026-02-27,sl-hf-etb,194729,Normal,443.82,498.0,560.0,9999.98,
2026-02-27,sl-jp-151,565243,Normal,230.46,249.99,260.0,489.59,
2026-02-27,sl-jp-terastal,603428,Normal,122.93,113.99,130.0,200.0,
2026-02-27,sl-jt-box,610931,Normal,252.38,249.99,278.99,551.0,
2026-02-27,sl-lo-box,277324,Normal,733.07,730.0,900.0,2500.0,
2026-02-27,sl-me1-box,644298,Normal,277.1,274.0,298.9,500.0,
2026-02-27,sl-obf-box,501257,Normal,344.58,349.99,399.98,799.99,
2026-02-27,sl-pe-etb,593355,Normal,174.42,170.0,199.99,1115.0,
2026-02-27,sl-pe-spc,622770,Normal,302.54,300.0,380.82,999.0,
2026-02-27,sl-pf-etb,528040,Normal,302.62,315.67,349.99,775.0,
2026-02-27,sl-phf-box,654137,Normal,323.23,319.86,346.5,699.0,
2026-02-27,sl-shf-etb,228821,Normal,115.39,104.99,135.62,500.11,
2026-02-27,sl-ss-box,565606,Normal,259.53,259.99,300.12,4999.99,
2026-02-27,sl-st-box,283389,Normal,472.17,458.0,537.49,9999.99,
2026-02-27,sl-tf-box,536225,Normal,251.99,249.99,300.0,1500.0,
2026-02-27,sv2-185,497557,Normal,0.32,0.05,0.35,501.5,0.24
2026-02-27,sv2-185,497557,Reverse Holofoil,0.86,0.19,0.9,10.0,0.01
2026-02-27,sv2-254,497669,Holofoil,11.8,10.0,13.99,110.35,15.08
2026-02-27,sv2-269,497689,Holofoil,50.45,44.21,55.0,259.99,50.99
2026-02-27,sv3pt5-151,516566,Holofoil,7.52,4.4,8.0,100.0,6.73
2026-02-27,sv3pt5-199,517045,Holofoil,337.66,276.03,396.97,1000.0,380.87
2026-02-27,sv3pt5-205,517051,Holofoil,20.12,14.81,22.87,88.88,29.34
2026-02-27,sv3pt5-4,502555,Normal,0.16,0.01,0.18,20.0,0.11
2026-02-27,sv3pt5-4,502555,Reverse Holofoil,0.28,0.07,0.3,3.99,0.33
2026-02-27,sv3pt5-6,502558,Holofoil,7.92,2.98,7.88,505.1,19.66
2026-02-27,sv3pt5-7,502548,Normal,0.17,0.01,0.18,19.98,0.1
2026-02-27,sv3pt5-7,502548,Reverse Holofoil,0.28,0.01,0.28,50.0,0.25
2026-02-27,sv4pt5-234,535090,Holofoil,218.16,199.99,260.99,799.97,204.16
2026-02-27,sv4pt5-54,534416,Holofoil,4.92,2.78,4.34,60.0,4.92
2026-02-27,sv8-57,590025,Holofoil,3.78,2.5,4.32,50.0,3.44
2026-02-27,sv8pt5-149,610504,Holofoil,171.1,159.99,192.46,999.0,
2026-02-27,sv8pt5-155,610510,Holofoil,206.14,188.67,249.13,999.0,
2026-02-27,sv8pt5-156,610511,Holofoil,305.29,280.0,331.04,999.0,330.87
2026-02-27,sv8pt5-161,610516,Holofoil,1085.32,919.99,1054.98,5000.0,
2026-02-27,sv8pt5-167,610522,Holofoil,119.03,98.99,120.0,999.0,118.5
2026-02-27,sv8pt5-179,610534,Holofoil,47.42,46.22,57.35,999.0,
2026-02-27,sv8pt5-28,610383,Holofoil,1.44,0.9,1.51,999.0,2.0
2026-02-27,sv8pt5-47,610402,Normal,0.07,0.01,0.1,999.0,0.03
2026-02-27,sv8pt5-47,610402,Reverse Holofoil,0.13,0.01,0.15,999.0,0.05
2026-02-27,sv8pt5-59,610414,Holofoil,0.25,0.01,0.27,999.0,
2026-02-27,sv8pt5-59,610414,Reverse Holofoil,0.32,0.08,0.37,999.0,
2026-02-27,sv8pt5-60,610415,Holofoil,4.69,3.49,5.0,999.0,
2026-02-27,svp-085,518861,Normal,612.04,629.0,799.95,2500.0,
2026-02-27,swsh11-186,284137,Holofoil,688.15,470.0,681.32,1500.0,783.89
2026-02-27,swsh12-186,451834,Holofoil,342.39,350.0,404.15,2000.0,334.54
2026-02-27,swsh12pt5gg-GG69,478100,Holofoil,218.54,195.0,234.45,1000.0,249.99
2026-02-27,swsh35-25,223018,Normal,0.15,0.04,0.17,1.82,
2026-02-27,swsh35-25,223018,Reverse Holofoil,0.27,0.1,0.28,2.0,
2026-02-27,swsh35-74,223073,Holofoil,180.8,125.0,219.99,2300.0,219.69
2026-02-27,swsh45sv-SV107,232496,Holofoil,134.71,104.0,159.99,500.0,159.99
2026-02-27,swsh7-204,246693,Holofoil,30.48,22.0,32.0,150.0,38.99
2026-02-27,swsh7-205,246696,Holofoil,325.21,289.0,353.34,600.0,299.11
2026-02-27,swsh7-208,246755,Holofoil,29.6,24.0,32.03,48.95,36.25
2026-02-27,swsh7-209,246756,Holofoil,256.3,226.26,282.6,450.0,265.9
2026-02-27,swsh7-211,246702,Holofoil,50.89,39.93,52.03,80.18,80.18
2026-02-27,swsh7-212,246704,Holofoil,334.53,290.0,352.64,1000.0,317.37
2026-02-27,swsh7-215,246723,Holofoil,1679.22,1650.0,1999.92,4000.0,1994.68
2026-02-27,swsh7-218,246733,Holofoil,656.92,575.0,771.49,950.0,749.99
2026-02-27,swsh7-41,246753,Holofoil,5.63,3.85,6.27,24.97,5.45
2026-02-27,swsh7-65,246690,Holofoil,11.61,8.7,13.99,500.0,16.24
2026-02-27,swsh7-75,246701,Holofoil,15.07,10.49,15.05,50.0,19.99
2026-02-27,swsh7-8,246691,Holofoil,7.33,5.0,7.99,100.0,8.15
2026-02-27,swsh8-271,253266,Holofoil,732.65,687.19,948.68,1499.95,687.19
2026-02-27,swsh9-154,263873,Holofoil,235.39,224.98,279.94,1500.0,236.23
2026-02-28,base1-15,42355,Holofoil,133.07,87.0,139.99,999.98,
2026-02-28,base1-16,42356,Holofoil,53.23,28.0,51.3,120.0,69.95
2026-02-28,base1-2,42360,Holofoil,155.06,121.33,200.0,499.99,
2026-02-28,base1-4,42382,Holofoil,515.6,499.0,774.99,1500.0,
2026-02-28,base1-58,42402,Normal,4.68,0.5,2.99,9999.0,
2026-02-28,cel25c-4,250320,Holofoil,181.41,164.76,199.55,499.99,166.66
2026-02-28,gym2-2,83861,1st Edition Holofoil,852.01,599.99,640.0,894.61,
2026-02-28,gym2-2,83861,Unlimited Holofoil,500.59,446.99,543.83,629.48,567.66
2026-02-28,neo1-9,86903,1st Edition Holofoil,1800.0,1299.97,1798.78,1899.99,1899.98
2026-02-28,neo1-9,86903,Unlimited Holofoil,444.81,369.99,399.0,1000.0,
2026-02-28,sl-151-bundle,502000,Normal,147.68,140.0,179.5,1000.0,
2026-02-28,sl-151-etb,503313,Normal,484.43,499.99,599.99,1507.01,
2026-02-28,sl-151-upc,502005,Normal,730.47,765.0,905.19,40000.0,
2026-02-28,sl-ar-box,265519,Normal,390.83,388.0,452.5,899.99,
2026-02-28,sl-bs-box,256141,Normal,575.91,579.99,683.0,1499.99,
2026-02-28,sl-cel-upc,245140,Normal,948.87,970.0,1199.0,154722.59,
2026-02-28,sl-champ-etb,218791,Normal,167.97,165.0,180.0,500.0,
2026-02-28,sl-cz-etb,453470,Normal,269.43,248.93,337.44,785.0,
2026-02-28,sl-dr-box,624679,Normal,525.16,499.0,599.99,2185.0,
2026-02-28,sl-evs-box,242436,Normal,2420.72,2633.99,3290.0,12000.0,
2026-02-28,sl-evs-etb,243721,Normal,763.3,970.0,999.98,2999.99,
2026-02-28,sl-fs-box,247654,Normal,1005.04,1000.0,1200.0,3000.0,
2026-02-28,sl-hf-etb,194729,Normal,443.82,498.0,579.98,9999.98,
2026-02-28,sl-jp-151,565243,Normal,235.02,249.99,267.35,489.59,
2026-02-28,sl-jp-terastal,603428,Normal,122.5,113.99,130.0,200.0,
2026-02-28,sl-jt-box,610931,Normal,252.06,274.99,319.99,551.0,
2026-02-28,sl-lo-box,277324,Normal,733.07,730.0,917.0,2500.0,
2026-02-28,sl-me1-box,644298,Normal,277.1,274.0,299.95,500.0,
2026-02-28,sl-obf-box,501257,Normal,344.58,349.0,399.97,799.99,
2026-02-28,sl-pe-etb,593355,Normal,180.13,175.0,200.0,1115.0,
2026-02-28,sl-pe-spc,622770,Normal,306.5,319.99,385.0,999.0,
2026-02-28,sl-pf-etb,528040,Normal,305.25,315.67,353.99,775.0,
2026-02-28,sl-phf-box,654137,Normal,324.12,315.0,348.0,699.0,
2026-02-28,sl-shf-etb,228821,Normal,115.15,104.99,136.23,500.11,
2026-02-28,sl-ss-box,565606,Normal,265.53,255.0,300.0,4999.99,
2026-02-28,sl-st-box,283389,Normal,472.17,458.0,500.0,9999.99,
2026-02-28,sl-tf-box,536225,Normal,252.99,269.95,317.49,1500.0,
2026-02-28,sv2-185,497557,Normal,0.28,0.05,0.35,501.5,
2026-02-28,sv2-185,497557,Reverse Holofoil,0.8,0.19,0.88,10.0,0.65
2026-02-28,sv2-254,497669,Holofoil,11.81,10.0,13.99,110.35,18.74
2026-02-28,sv2-269,497689,Holofoil,50.27,48.29,54.99,259.99,50.99
2026-02-28,sv3pt5-151,516566,Holofoil,7.51,5.0,8.0,100.0,15.89
2026-02-28,sv3pt5-199,517045,Holofoil,344.62,335.78,400.0,1000.0,380.88
2026-02-28,sv3pt5-205,517051,Holofoil,20.9,15.47,23.53,88.88,26.99
2026-02-28,sv3pt5-4,502555,Normal,0.23,0.01,0.2,20.0,0.12
2026-02-28,sv3pt5-4,502555,Reverse Holofoil,0.31,0.07,0.3,3.99,0.35
2026-02-28,sv3pt5-6,502558,Holofoil,8.75,2.98,8.0,505.1,19.98
2026-02-28,sv3pt5-7,502548,Normal,0.19,0.01,0.19,19.98,
2026-02-28,sv3pt5-7,502548,Reverse Holofoil,0.3,0.01,0.29,50.0,0.25
2026-02-28,sv4pt5-234,535090,Holofoil,217.96,199.99,264.0,799.97,204.16
2026-02-28,sv4pt5-54,534416,Holofoil,5.05,2.78,4.5,60.0,19.99
2026-02-28,sv8-57,590025,Holofoil,4.03,2.5,4.35,50.0,5.25
2026-02-28,sv8pt5-149,610504,Holofoil,171.02,159.99,192.17,999.0,
2026-02-28,sv8pt5-155,610510,Holofoil,207.11,194.99,249.95,999.0,
2026-02-28,sv8pt5-156,610511,Holofoil,307.48,289.0,330.44,999.0,330.11
2026-02-28,sv8pt5-161,610516,Holofoil,1088.74,919.99,1054.98,5000.0,
2026-02-28,sv8pt5-167,610522,Holofoil,118.32,98.99,120.0,999.0,
2026-02-28,sv8pt5-179,610534,Holofoil,48.59,46.22,59.03,999.0,
2026-02-28,sv8pt5-28,610383,Holofoil,1.62,0.9,1.51,999.0,2.96
2026-02-28,sv8pt5-47,610402,Normal,0.07,0.01,0.1,999.0,0.03
2026-02-28,sv8pt5-47,610402,Reverse Holofoil,0.13,0.01,0.15,999.0,0.05
2026-02-28,sv8pt5-59,610414,Holofoil,0.25,0.01,0.28,999.0,
2026-02-28,sv8pt5-59,610414,Reverse Holofoil,0.35,0.08,0.37,999.0,
2026-02-28,sv8pt5-60,610415,Holofoil,4.86,3.49,5.0,999.0,
2026-02-28,svp-085,518861,Normal,612.04,629.0,799.95,2500.0,
2026-02-28,swsh11-186,284137,Holofoil,688.15,481.42,680.84,1500.0,783.89
2026-02-28,swsh12-186,451834,Holofoil,346.22,350.0,403.94,2000.0,334.54
2026-02-28,swsh12pt5gg-GG69,478100,Holofoil,216.51,195.0,234.9,1000.0,250.0
2026-02-28,swsh35-25,223018,Normal,0.15,0.04,0.18,19.98,0.1
2026-02-28,swsh35-25,223018,Reverse Holofoil,0.27,0.1,0.28,2.0,
2026-02-28,swsh35-74,223073,Holofoil,180.8,125.0,219.99,2300.0,219.69
2026-02-28,swsh45sv-SV107,232496,Holofoil,134.71,104.0,159.99,500.0,159.99
2026-02-28,swsh7-204,246693,Holofoil,30.48,22.0,32.39,150.0,38.99
2026-02-28,swsh7-205,246696,Holofoil,323.85,289.0,353.34,600.0,299.11
2026-02-28,swsh7-208,246755,Holofoil,29.6,24.0,32.03,48.95,36.25
2026-02-28,swsh7-209,246756,Holofoil,256.3,226.26,282.6,450.0,265.9
2026-02-28,swsh7-211,246702,Holofoil,50.89,39.93,51.51,74.95,
2026-02-28,swsh7-212,246704,Holofoil,334.53,290.0,351.32,1000.0,317.37
2026-02-28,swsh7-215,246723,Holofoil,1679.22,1649.99,1999.87,4000.0,1994.68
2026-02-28,swsh7-218,246733,Holofoil,662.9,575.0,785.73,950.0,749.99
2026-02-28,swsh7-41,246753,Holofoil,5.66,4.38,6.23,24.97,5.45
2026-02-28,swsh7-65,246690,Holofoil,11.74,9.0,13.98,500.0,16.24
2026-02-28,swsh7-75,246701,Holofoil,15.77,10.49,15.21,50.0,20.3
2026-02-28,swsh7-8,246691,Holofoil,6.6,5.0,7.88,100.0,16.67
2026-02-28,swsh8-271,253266,Holofoil,732.65,687.19,948.67,1499.95,687.19
2026-02-28,swsh9-154,263873,Holofoil,234.97,224.98,289.99,1500.0,236.23
