date,asset_id,product_id,subtype,market,low,mid,high,direct_low
2026-06-01,base1-15,42355,Holofoil,149.77,94.0,134.98,1085.68,249.98
2026-06-01,base1-16,42356,Holofoil,55.99,28.69,43.71,129.99,129.98
2026-06-01,base1-2,42360,Holofoil,229.23,160.0,249.99,1585.1,974.98
2026-06-01,base1-4,42382,Holofoil,535.22,499.0,656.22,1500.0,1499.09
2026-06-01,base1-58,42402,Normal,7.44,1.44,6.0,9999.0,
2026-06-01,cel25c-4,250320,Holofoil,196.34,157.98,221.36,2999.99,174.53
2026-06-01,gym2-2,83861,1st Edition Holofoil,894.61,969.69,1499.99,2140.0,
2026-06-01,gym2-2,83861,Unlimited Holofoil,521.82,499.99,600.0,1499.99,499.99
2026-06-01,neo1-9,86903,1st Edition Holofoil,1299.96,1899.99,8000.0,10000.0,1899.99
2026-06-01,neo1-9,86903,Unlimited Holofoil,511.14,300.0,394.65,615.74,
2026-06-01,sl-151-bundle,502000,Normal,189.92,175.99,225.0,2999.99,
2026-06-01,sl-151-etb,503313,Normal,644.21,600.0,716.09,1500.0,
2026-06-01,sl-151-upc,502005,Normal,1160.4,1035.0,1250.0,10000.0,
2026-06-01,sl-ar-box,265519,Normal,407.87,398.99,455.0,900.0,
2026-06-01,sl-base-box,185731,Normal,,100000.0,100000.0,100000.0,
2026-06-01,sl-bs-box,256141,Normal,611.08,649.97,742.5,5000.0,
2026-06-01,sl-cel-upc,245140,Normal,1270.53,1380.0,1969.69,200000.0,
2026-06-01,sl-champ-etb,218791,Normal,244.5,229.99,257.99,650.0,
2026-06-01,sl-cz-etb,453470,Normal,328.65,346.99,430.48,1000.0,
2026-06-01,sl-dr-box,624679,Normal,603.77,580.0,655.99,2185.0,
2026-06-01,sl-evs-box,242436,Normal,2702.54,2800.0,3225.0,12000.0,
2026-06-01,sl-evs-etb,243721,Normal,913.46,1198.99,1270.0,3499.98,
2026-06-01,sl-fs-box,247654,Normal,1131.23,1083.7,1344.94,3000.0,
2026-06-01,sl-hf-etb,194729,Normal,553.14,540.0,699.99,9999.98,
2026-06-01,sl-jp-151,565243,Normal,348.16,348.16,399.0,599.99,
2026-06-01,sl-jp-terastal,603428,Normal,122.93,114.7,148.5,250.0,
2026-06-01,sl-jt-box,610931,Normal,300.48,293.53,350.0,558.43,
2026-06-01,sl-lo-box,277324,Normal,779.63,797.02,989.87,2500.0,
2026-06-01,sl-me1-box,644298,Normal,328.07,318.0,346.24,999.99,
2026-06-01,sl-obf-box,501257,Normal,377.58,377.26,427.5,1000.0,
2026-06-01,sl-pe-etb,593355,Normal,165.61,163.04,200.0,2000.0,
2026-06-01,sl-pe-spc,622770,Normal,292.03,289.4,367.5,1500.0,
2026-06-01,sl-pf-etb,528040,Normal,535.32,475.0,561.5,800.0,
2026-06-01,sl-phf-box,654137,Normal,437.73,400.0,500.0,1000.0,
2026-06-01,sl-shf-etb,228821,Normal,158.14,134.74,199.99,500.0,
2026-06-01,sl-ss-box,565606,Normal,289.78,268.55,329.99,4999.99,
2026-06-01,sl-st-box,283389,Normal,547.5,565.25,649.97,1000.0,
2026-06-01,sl-tf-box,536225,Normal,333.3,320.0,350.0,599.99,
2026-06-01,sv2-185,497557,Normal,0.29,0.01,0.31,501.5,0.25
2026-06-01,sv2-185,497557,Reverse Holofoil,0.68,0.01,0.75,18.2,0.7
2026-06-01,sv2-254,497669,Holofoil,11.81,9.0,12.97,112.24,16.04
2026-06-01,sv2-269,497689,Holofoil,66.04,62.51,84.34,527.18,71.48
2026-06-01,sv3pt5-151,516566,Holofoil,9.07,5.99,9.01,100.0,14.0
2026-06-01,sv3pt5-199,517045,Holofoil,451.28,389.01,500.0,1000.0,420.0
2026-06-01,sv3pt5-205,517051,Holofoil,36.11,26.89,38.69,180.55,37.99
2026-06-01,sv3pt5-4,502555,Normal,0.17,0.01,0.21,20.0,
2026-06-01,sv3pt5-4,502555,Reverse Holofoil,0.36,0.01,0.39,19.97,0.47
2026-06-01,sv3pt5-6,502558,Holofoil,10.08,4.98,10.99,87.12,12.75
2026-06-01,sv3pt5-7,502548,Normal,0.22,0.03,0.25,19.52,
2026-06-01,sv3pt5-7,502548,Reverse Holofoil,0.47,0.1,0.4,1000.36,
2026-06-01,sv4pt5-234,535090,Holofoil,333.99,334.09,385.0,1669.95,334.09
2026-06-01,sv4pt5-54,534416,Holofoil,4.84,3.0,5.36,60.0,5.83
2026-06-01,sv8-57,590025,Holofoil,5.29,3.0,5.0,96.95,6.88
2026-06-01,sv8pt5-149,610504,Holofoil,295.16,275.99,377.5,2000.0,
2026-06-01,sv8pt5-155,610510,Holofoil,330.44,296.01,349.99,999.0,
2026-06-01,sv8pt5-156,610511,Holofoil,466.77,466.87,677.46,1998.92,466.87
2026-06-01,sv8pt5-161,610516,Holofoil,1580.97,1419.96,1827.67,5000.0,1774.95
2026-06-01,sv8pt5-167,610522,Holofoil,185.51,176.0,212.5,3009.8,224.48
2026-06-01,sv8pt5-179,610534,Holofoil,68.53,60.0,80.0,999.0,
2026-06-01,sv8pt5-28,610383,Holofoil,2.33,1.06,2.65,4321.0,
2026-06-01,sv8pt5-47,610402,Normal,0.04,0.01,0.13,999.0,0.01
2026-06-01,sv8pt5-47,610402,Reverse Holofoil,0.19,0.01,0.19,999.0,0.08
2026-06-01,sv8pt5-59,610414,Holofoil,0.31,0.02,0.38,4321.0,
2026-06-01,sv8pt5-59,610414,Reverse Holofoil,0.48,0.1,0.5,999.0,
2026-06-01,sv8pt5-60,610415,Holofoil,7.92,5.0,8.71,5000.0,35.49
2026-06-01,svp-085,518861,Normal,983.63,971.25,1399.99,6999.35,1999.9
2026-06-01,swsh11-186,284137,Holofoil,827.7,819.69,999.45,4138.5,827.8
2026-06-01,swsh12-186,451834,Holofoil,503.07,524.64,719.84,3761.57,599.69
2026-06-01,swsh12pt5gg-GG69,478100,Holofoil,373.6,345.0,457.74,1865.06,457.73
2026-06-01,swsh35-25,223018,Normal,0.21,0.05,0.21,19.98,
2026-06-01,swsh35-25,223018,Reverse Holofoil,0.13,0.1,0.28,19.98,
2026-06-01,swsh35-74,223073,Holofoil,192.38,219.99,270.1,2300.0,248.47
2026-06-01,swsh45sv-SV107,232496,Holofoil,153.99,120.0,186.99,349.95,157.53
2026-06-01,swsh7-204,246693,Holofoil,34.9,33.11,44.95,289.9,48.89
2026-06-01,swsh7-205,246696,Holofoil,376.97,380.0,471.21,599.69,539.99
2026-06-01,swsh7-208,246755,Holofoil,37.6,38.0,44.95,270.1,40.0
2026-06-01,swsh7-209,246756,Holofoil,288.28,298.84,378.16,1212.5,349.89
2026-06-01,swsh7-211,246702,Holofoil,55.51,47.5,61.34,450.0,64.98
2026-06-01,swsh7-212,246704,Holofoil,381.03,449.98,599.67,4249.73,499.98
2026-06-01,swsh7-215,246723,Holofoil,2103.75,1999.43,2538.96,6000.0,2527.91
2026-06-01,swsh7-218,246733,Holofoil,982.89,999.99,1461.35,1749.0,1494.69
2026-06-01,swsh7-41,246753,Holofoil,8.66,5.0,9.57,25.0,11.59
2026-06-01,swsh7-65,246690,Holofoil,15.14,11.48,16.14,512.01,18.59
2026-06-01,swsh7-75,246701,Holofoil,18.13,15.0,19.99,141.86,26.98
2026-06-01,swsh7-8,246691,Holofoil,9.5,5.01,10.53,507.17,13.48
2026-06-01,swsh8-271,253266,Holofoil,891.81,829.69,1007.55,4459.05,999.95
2026-06-01,swsh9-154,263873,Holofoil,358.37,289.5,424.8,1500.0,289.75
2026-06-02,base1-15,42355,Holofoil,148.78,89.0,130.0,1085.66,249.98
2026-06-02,base1-16,42356,Holofoil,55.99,28.69,45.0,129.99,129.98
2026-06-02,base1-2,42360,Holofoil,229.23,160.0,275.0,1585.1,974.98
2026-06-02,base1-4,42382,Holofoil,580.29,499.0,693.74,1500.0,644.99
2026-06-02,base1-58,42402,Normal,7.14,1.7,5.99,9999.0,6.56
2026-06-02,cel25c-4,250320,Holofoil,196.02,157.98,225.4,2999.99,173.77
2026-06-02,gym2-2,83861,1st Edition Holofoil,894.61,969.69,1499.99,2140.0,
2026-06-02,gym2-2,83861,Unlimited Holofoil,521.82,439.0,600.0,1499.99,439.0
2026-06-02,neo1-9,86903,1st Edition Holofoil,1299.96,1899.99,8000.0,10000.0,1899.99
2026-06-02,neo1-9,86903,Unlimited Holofoil,511.14,300.0,394.65,615.74,
2026-06-02,sl-151-bundle,502000,Normal,185.51,179.99,222.01,2999.99,
2026-06-02,sl-151-etb,503313,Normal,638.21,569.99,705.0,1500.0,
2026-06-02,sl-151-upc,502005,Normal,1145.6,1032.99,1237.42,10000.0,
2026-06-02,sl-ar-box,265519,Normal,409.52,398.99,457.5,900.0,
2026-06-02,sl-base-box,185731,Normal,,100000.0,100000.0,100000.0,
2026-06-02,sl-bs-box,256141,Normal,611.08,649.97,740.0,5000.0,
2026-06-02,sl-cel-upc,245140,Normal,1270.37,1319.0,1969.69,200000.0,
2026-06-02,sl-champ-etb,218791,Normal,244.5,229.99,254.0,650.0,
2026-06-02,sl-cz-etb,453470,Normal,328.3,231.99,425.98,1000.0,
2026-06-02,sl-dr-box,624679,Normal,604.99,580.0,657.99,2185.0,
2026-06-02,sl-evs-box,242436,Normal,2702.54,2800.0,3112.92,12000.0,
2026-06-02,sl-evs-etb,243721,Normal,913.46,1198.99,1270.0,3499.98,
2026-06-02,sl-fs-box,247654,Normal,1131.23,1083.7,1344.93,3000.0,
2026-06-02,sl-hf-etb,194729,Normal,553.14,540.0,700.0,9999.98,
2026-06-02,sl-jp-151,565243,Normal,347.25,348.16,399.0,599.99,
2026-06-02,sl-jp-terastal,603428,Normal,122.68,114.7,147.0,250.0,
2026-06-02,sl-jt-box,610931,Normal,299.88,288.99,337.48,558.43,
2026-06-02,sl-lo-box,277324,Normal,779.63,785.0,967.44,2500.0,
2026-06-02,sl-me1-box,644298,Normal,328.07,315.0,345.0,999.99,
2026-06-02,sl-obf-box,501257,Normal,378.07,389.98,429.99,1000.0,
2026-06-02,sl-pe-etb,593355,Normal,162.88,159.99,199.99,2000.0,
2026-06-02,sl-pe-spc,622770,Normal,288.27,285.0,375.0,1500.0,
2026-06-02,sl-pf-etb,528040,Normal,535.32,475.0,560.0,800.0,
2026-06-02,sl-phf-box,654137,Normal,442.14,400.0,500.0,1000.0,
2026-06-02,sl-shf-etb,228821,Normal,156.66,134.74,199.95,500.0,
2026-06-02,sl-ss-box,565606,Normal,288.61,268.55,325.0,4999.99,
2026-06-02,sl-st-box,283389,Normal,547.5,565.25,648.98,1000.0,
2026-06-02,sl-tf-box,536225,Normal,333.89,320.0,350.0,599.99,
2026-06-02,sv2-185,497557,Normal,0.3,0.01,0.31,501.5,0.24
2026-06-02,sv2-185,497557,Reverse Holofoil,0.7,0.01,0.75,18.18,0.7
2026-06-02,sv2-254,497669,Holofoil,11.65,9.0,12.97,112.24,16.45
2026-06-02,sv2-269,497689,Holofoil,66.67,62.51,83.66,527.16,71.5
2026-06-02,sv3pt5-151,516566,Holofoil,8.15,5.35,9.05,100.0,8.55
2026-06-02,sv3pt5-199,517045,Holofoil,454.3,389.01,500.0,1000.0,422.85
2026-06-02,sv3pt5-205,517051,Holofoil,35.95,27.98,38.58,180.8,37.99
2026-06-02,sv3pt5-4,502555,Normal,0.16,0.01,0.21,20.0,0.01
2026-06-02,sv3pt5-4,502555,Reverse Holofoil,0.36,0.01,0.38,19.97,0.69
2026-06-02,sv3pt5-6,502558,Holofoil,9.36,4.5,10.73,87.12,9.52
2026-06-02,sv3pt5-7,502548,Normal,0.19,0.03,0.25,19.52,
2026-06-02,sv3pt5-7,502548,Reverse Holofoil,0.52,0.09,0.4,1000.36,
2026-06-02,sv4pt5-234,535090,Holofoil,334.85,334.0,385.0,1670.75,449.93
2026-06-02,sv4pt5-54,534416,Holofoil,4.94,3.57,5.24,60.0,4.4
2026-06-02,sv8-57,590025,Holofoil,5.27,3.0,5.21,96.95,5.75
2026-06-02,sv8pt5-149,610504,Holofoil,295.84,276.0,375.0,2000.0,
2026-06-02,sv8pt5-155,610510,Holofoil,330.44,296.01,330.5,999.0,
2026-06-02,sv8pt5-156,610511,Holofoil,469.16,450.0,655.96,1998.9,795.68
2026-06-02,sv8pt5-161,610516,Holofoil,1584.55,1419.96,1827.67,5000.0,1774.95
2026-06-02,sv8pt5-167,610522,Holofoil,186.23,176.0,212.5,3009.8,228.88
2026-06-02,sv8pt5-179,610534,Holofoil,68.26,60.0,80.0,999.0,76.79
2026-06-02,sv8pt5-28,610383,Holofoil,2.41,1.4,2.73,4321.0,
2026-06-02,sv8pt5-47,610402,Normal,0.05,0.01,0.14,999.0,0.01
2026-06-02,sv8pt5-47,610402,Reverse Holofoil,0.19,0.01,0.2,999.0,0.08
2026-06-02,sv8pt5-59,610414,Holofoil,0.37,0.02,0.39,4321.0,
2026-06-02,sv8pt5-59,610414,Reverse Holofoil,0.45,0.1,0.5,999.0,
2026-06-02,sv8pt5-60,610415,Holofoil,7.82,5.0,8.99,5000.0,11.91
2026-06-02,svp-085,518861,Normal,983.63,971.25,1250.0,6999.33,1999.9
2026-06-02,swsh11-186,284137,Holofoil,827.7,820.99,999.45,4138.5,827.8
2026-06-02,swsh12-186,451834,Holofoil,508.99,518.12,697.75,3761.57,595.98
2026-06-02,swsh12pt5gg-GG69,478100,Holofoil,373.6,345.0,457.45,1865.06,457.45
2026-06-02,swsh35-25,223018,Normal,0.21,0.05,0.21,19.98,
2026-06-02,swsh35-25,223018,Reverse Holofoil,0.13,0.1,0.28,19.98,
2026-06-02,swsh35-74,223073,Holofoil,192.38,219.99,269.99,2300.0,248.47
2026-06-02,swsh45sv-SV107,232496,Holofoil,152.45,120.0,186.0,349.95,157.53
2026-06-02,swsh7-204,246693,Holofoil,34.9,33.11,44.95,289.9,48.89
2026-06-02,swsh7-205,246696,Holofoil,376.97,380.0,471.21,599.69,539.99
2026-06-02,swsh7-208,246755,Holofoil,37.6,38.0,44.95,270.1,40.0
2026-06-02,swsh7-209,246756,Holofoil,288.28,298.84,378.16,1212.5,349.89
2026-06-02,swsh7-211,246702,Holofoil,55.58,55.0,64.98,450.0,64.98
2026-06-02,swsh7-212,246704,Holofoil,383.25,398.09,599.67,4249.73,499.98
2026-06-02,swsh7-215,246723,Holofoil,2103.75,2000.0,2538.96,6000.0,2527.91
2026-06-02,swsh7-218,246733,Holofoil,982.89,849.99,1428.0,1749.0,1494.69
2026-06-02,swsh7-41,246753,Holofoil,9.12,5.0,9.57,25.0,19.95
2026-06-02,swsh7-65,246690,Holofoil,15.22,12.2,16.25,512.01,18.59
2026-06-02,swsh7-75,246701,Holofoil,18.32,15.0,19.99,141.86,26.97
2026-06-02,swsh7-8,246691,Holofoil,9.74,5.01,10.53,507.17,9.73
2026-06-02,swsh8-271,253266,Holofoil,891.81,829.69,999.99,4459.05,999.95
2026-06-02,swsh9-154,263873,Holofoil,358.37,250.0,424.8,1500.0,289.75
2026-06-03,base1-15,42355,Holofoil,149.37,94.0,148.84,1085.62,249.98
2026-06-03,base1-16,42356,Holofoil,55.63,30.0,44.19,129.99,129.98
2026-06-03,base1-2,42360,Holofoil,229.23,149.0,275.0,1585.08,199.99
2026-06-03,base1-4,42382,Holofoil,572.03,499.0,699.95,1500.0,644.99
2026-06-03,base1-58,42402,Normal,7.52,1.7,5.99,9999.0,19.98
2026-06-03,cel25c-4,250320,Holofoil,197.27,157.98,224.99,2999.99,173.78
2026-06-03,gym2-2,83861,1st Edition Holofoil,894.61,749.99,1234.84,2140.0,
2026-06-03,gym2-2,83861,Unlimited Holofoil,529.63,439.0,599.5,1499.99,439.0
2026-06-03,neo1-9,86903,1st Edition Holofoil,1299.96,1899.99,8000.0,10000.0,1899.99
2026-06-03,neo1-9,86903,Unlimited Holofoil,511.14,300.0,389.3,615.74,
2026-06-03,sl-151-bundle,502000,Normal,181.65,180.0,225.0,2999.99,
2026-06-03,sl-151-etb,503313,Normal,626.25,600.0,705.0,1500.0,
2026-06-03,sl-151-upc,502005,Normal,1145.6,1029.94,1249.98,10000.0,
2026-06-03,sl-ar-box,265519,Normal,409.96,398.99,460.0,900.0,
2026-06-03,sl-base-box,185731,Normal,,100000.0,100000.0,100000.0,
2026-06-03,sl-bs-box,256141,Normal,615.18,649.97,735.0,5000.0,
2026-06-03,sl-cel-upc,245140,Normal,1270.37,1319.0,1969.68,200000.0,
2026-06-03,sl-champ-etb,218791,Normal,244.32,229.0,250.0,650.0,
2026-06-03,sl-cz-etb,453470,Normal,324.1,346.99,437.49,1000.0,
2026-06-03,sl-dr-box,624679,Normal,604.25,580.0,653.0,2185.0,
2026-06-03,sl-evs-box,242436,Normal,2702.54,2702.54,3026.84,12000.0,
2026-06-03,sl-evs-etb,243721,Normal,913.46,1198.99,1218.97,3499.98,
2026-06-03,sl-fs-box,247654,Normal,1134.67,1083.7,1269.99,3000.0,
2026-06-03,sl-hf-etb,194729,Normal,553.14,540.0,699.99,9999.98,
2026-06-03,sl-jp-151,565243,Normal,349.13,322.15,398.99,599.99,
2026-06-03,sl-jp-terastal,603428,Normal,121.39,117.0,148.5,250.0,
2026-06-03,sl-jt-box,610931,Normal,299.9,288.99,337.48,558.43,
2026-06-03,sl-lo-box,277324,Normal,775.99,785.0,949.88,2500.0,
2026-06-03,sl-me1-box,644298,Normal,328.07,315.0,344.47,999.99,
2026-06-03,sl-obf-box,501257,Normal,378.07,389.98,432.1,1000.0,
2026-06-03,sl-pe-etb,593355,Normal,158.82,157.62,199.99,2000.0,
2026-06-03,sl-pe-spc,622770,Normal,287.61,280.0,372.5,1500.0,
2026-06-03,sl-pf-etb,528040,Normal,535.32,475.0,560.0,800.0,
2026-06-03,sl-phf-box,654137,Normal,441.53,400.0,500.0,1000.0,
2026-06-03,sl-shf-etb,228821,Normal,156.77,134.74,199.95,500.0,
2026-06-03,sl-ss-box,565606,Normal,286.95,268.55,325.0,4999.99,
2026-06-03,sl-st-box,283389,Normal,549.9,565.25,648.98,1000.0,
2026-06-03,sl-tf-box,536225,Normal,334.09,320.0,359.51,599.99,
2026-06-03,sv2-185,497557,Normal,0.31,0.01,0.31,501.5,0.24
2026-06-03,sv2-185,497557,Reverse Holofoil,0.68,0.01,0.75,18.14,0.7
2026-06-03,sv2-254,497669,Holofoil,11.66,9.0,12.91,112.24,11.64
2026-06-03,sv2-269,497689,Holofoil,66.91,62.99,81.15,527.12,71.03
2026-06-03,sv3pt5-151,516566,Holofoil,6.98,5.35,8.99,100.0,6.91
2026-06-03,sv3pt5-199,517045,Holofoil,474.96,396.92,500.0,1000.0,422.85
2026-06-03,sv3pt5-205,517051,Holofoil,35.09,26.0,37.99,180.55,42.49
2026-06-03,sv3pt5-4,502555,Normal,0.16,0.01,0.21,20.0,0.01
2026-06-03,sv3pt5-4,502555,Reverse Holofoil,0.39,0.01,0.39,19.97,0.7
2026-06-03,sv3pt5-6,502558,Holofoil,9.16,4.49,10.54,87.12,13.99
2026-06-03,sv3pt5-7,502548,Normal,0.23,0.03,0.25,19.52,0.03
2026-06-03,sv3pt5-7,502548,Reverse Holofoil,0.43,0.09,0.4,1000.36,0.33
2026-06-03,sv4pt5-234,535090,Holofoil,334.85,334.0,384.65,1674.25,449.91
2026-06-03,sv4pt5-54,534416,Holofoil,5.16,3.69,5.5,60.0,4.94
2026-06-03,sv8-57,590025,Holofoil,4.92,3.0,5.06,96.95,5.99
2026-06-03,sv8pt5-149,610504,Holofoil,296.78,276.0,377.5,2000.0,
2026-06-03,sv8pt5-155,610510,Holofoil,330.84,293.0,330.5,999.0,
2026-06-03,sv8pt5-156,610511,Holofoil,468.33,450.0,655.96,1998.86,795.66
2026-06-03,sv8pt5-161,610516,Holofoil,1564.85,1419.96,1899.0,5000.0,1773.99
2026-06-03,sv8pt5-167,610522,Holofoil,186.12,176.0,209.99,3009.8,228.88
2026-06-03,sv8pt5-179,610534,Holofoil,68.57,60.0,84.5,999.0,
2026-06-03,sv8pt5-28,610383,Holofoil,2.26,1.4,2.65,4321.0,2.7
2026-06-03,sv8pt5-47,610402,Normal,0.06,0.01,0.14,999.0,0.02
2026-06-03,sv8pt5-47,610402,Reverse Holofoil,0.2,0.01,0.2,999.0,0.06
2026-06-03,sv8pt5-59,610414,Holofoil,0.42,0.02,0.39,4321.0,0.38
2026-06-03,sv8pt5-59,610414,Reverse Holofoil,0.44,0.1,0.5,999.0,0.46
2026-06-03,sv8pt5-60,610415,Holofoil,7.94,5.0,8.98,5000.0,11.8
2026-06-03,svp-085,518861,Normal,983.63,971.25,1250.0,6999.29,1999.9
2026-06-03,swsh11-186,284137,Holofoil,827.7,820.99,999.89,4138.5,999.99
2026-06-03,swsh12-186,451834,Holofoil,512.91,518.12,703.19,3761.57,744.69
2026-06-03,swsh12pt5gg-GG69,478100,Holofoil,375.98,345.0,457.45,1864.98,457.45
2026-06-03,swsh35-25,223018,Normal,0.21,0.05,0.21,19.98,
2026-06-03,swsh35-25,223018,Reverse Holofoil,0.13,0.1,0.28,19.98,
2026-06-03,swsh35-74,223073,Holofoil,192.38,195.0,249.99,2300.0,200.1
2026-06-03,swsh45sv-SV107,232496,Holofoil,150.06,145.95,186.5,999.99,157.53
2026-06-03,swsh7-204,246693,Holofoil,34.9,33.11,44.29,289.9,40.24
2026-06-03,swsh7-205,246696,Holofoil,376.97,380.0,471.21,599.69,539.99
2026-06-03,swsh7-208,246755,Holofoil,37.6,38.0,44.95,270.1,40.0
2026-06-03,swsh7-209,246756,Holofoil,290.27,264.99,373.58,1212.5,349.89
2026-06-03,swsh7-211,246702,Holofoil,55.58,55.0,59.67,450.0,64.98
2026-06-03,swsh7-212,246704,Holofoil,384.07,449.98,599.67,4249.73,499.98
2026-06-03,swsh7-215,246723,Holofoil,2261.15,2000.0,2640.0,6000.0,2527.91
2026-06-03,swsh7-218,246733,Holofoil,982.89,849.99,1461.35,1749.0,1494.69
2026-06-03,swsh7-41,246753,Holofoil,9.18,5.0,9.78,25.0,19.94
2026-06-03,swsh7-65,246690,Holofoil,15.04,12.2,16.13,512.01,16.54
2026-06-03,swsh7-75,246701,Holofoil,18.16,15.0,19.99,141.86,26.97
2026-06-03,swsh7-8,246691,Holofoil,9.84,5.01,10.53,507.17,14.99
2026-06-03,swsh8-271,253266,Holofoil,892.79,819.69,999.99,4459.05,999.95
2026-06-03,swsh9-154,263873,Holofoil,358.37,280.0,412.13,1500.0,289.75
2026-06-04,base1-15,42355,Holofoil,149.37,97.68,157.26,1085.6,249.98
2026-06-04,base1-16,42356,Holofoil,55.99,30.0,42.77,129.99,79.99
2026-06-04,base1-2,42360,Holofoil,229.23,149.0,275.0,1585.06,199.99
2026-06-04,base1-4,42382,Holofoil,572.03,499.0,699.97,1500.0,1499.09
2026-06-04,base1-58,42402,Normal,7.67,1.7,5.99,9999.0,8.74
2026-06-04,cel25c-4,250320,Holofoil,207.16,156.99,230.0,2999.99,172.69
2026-06-04,gym2-2,83861,1st Edition Holofoil,894.61,749.99,1234.84,2140.0,
2026-06-04,gym2-2,83861,Unlimited Holofoil,534.04,439.0,599.0,1499.99,439.0
2026-06-04,neo1-9,86903,1st Edition Holofoil,1299.96,1899.99,8000.0,10000.0,1899.99
2026-06-04,neo1-9,86903,Unlimited Holofoil,511.14,300.0,389.3,615.74,
2026-06-04,sl-151-bundle,502000,Normal,182.91,180.0,224.99,2999.99,
2026-06-04,sl-151-etb,503313,Normal,634.61,600.0,737.59,1787.01,
2026-06-04,sl-151-upc,502005,Normal,1126.79,1000.0,1250.0,10000.0,
2026-06-04,sl-ar-box,265519,Normal,409.96,398.99,467.5,900.0,
2026-06-04,sl-base-box,185731,Normal,,100000.0,100000.0,100000.0,
2026-06-04,sl-bs-box,256141,Normal,615.18,644.0,730.0,5000.0,
2026-06-04,sl-cel-upc,245140,Normal,1275.93,1319.0,1969.69,200000.0,
2026-06-04,sl-champ-etb,218791,Normal,244.32,229.0,250.0,650.0,
2026-06-04,sl-cz-etb,453470,Normal,333.54,356.99,437.49,1000.0,
2026-06-04,sl-dr-box,624679,Normal,602.49,573.5,655.99,2185.0,
2026-06-04,sl-evs-box,242436,Normal,2715.14,2702.54,3000.0,12000.0,
2026-06-04,sl-evs-etb,243721,Normal,913.46,1198.99,1218.97,3499.98,
2026-06-04,sl-fs-box,247654,Normal,1134.67,1056.99,1269.99,3000.0,
2026-06-04,sl-hf-etb,194729,Normal,553.14,550.0,700.0,9999.98,
2026-06-04,sl-jp-151,565243,Normal,349.57,320.0,398.98,599.99,
2026-06-04,sl-jp-terastal,603428,Normal,121.1,117.0,147.0,250.0,
2026-06-04,sl-jt-box,610931,Normal,300.28,288.99,337.48,558.43,
2026-06-04,sl-lo-box,277324,Normal,775.99,785.0,967.44,2500.0,
2026-06-04,sl-me1-box,644298,Normal,324.47,315.0,343.27,999.99,
2026-06-04,sl-obf-box,501257,Normal,378.07,389.98,441.04,1000.0,
2026-06-04,sl-pe-etb,593355,Normal,156.06,1.0,199.99,2000.0,
2026-06-04,sl-pe-spc,622770,Normal,281.42,282.2,369.99,1500.0,
2026-06-04,sl-pf-etb,528040,Normal,535.32,475.0,560.0,800.0,
2026-06-04,sl-phf-box,654137,Normal,454.35,400.0,499.99,1000.0,
2026-06-04,sl-shf-etb,228821,Normal,156.77,134.74,197.48,500.0,
2026-06-04,sl-ss-box,565606,Normal,285.96,268.55,332.16,4999.99,
2026-06-04,sl-st-box,283389,Normal,549.9,564.99,641.99,1000.0,
2026-06-04,sl-tf-box,536225,Normal,334.09,320.0,359.51,599.99,
2026-06-04,sv2-185,497557,Normal,0.29,0.01,0.31,501.5,0.23
2026-06-04,sv2-185,497557,Reverse Holofoil,0.63,0.19,0.74,18.12,0.66
2026-06-04,sv2-254,497669,Holofoil,11.6,9.0,12.75,112.22,13.82
2026-06-04,sv2-269,497689,Holofoil,67.1,62.99,82.78,527.1,71.03
2026-06-04,sv3pt5-151,516566,Holofoil,7.17,5.68,8.99,100.0,10.91
2026-06-04,sv3pt5-199,517045,Holofoil,481.14,397.08,500.0,1000.0,418.1
2026-06-04,sv3pt5-205,517051,Holofoil,34.76,27.98,37.99,175.45,30.95
2026-06-04,sv3pt5-4,502555,Normal,0.16,0.01,0.21,20.0,0.14
2026-06-04,sv3pt5-4,502555,Reverse Holofoil,0.39,0.01,0.39,19.97,0.59
2026-06-04,sv3pt5-6,502558,Holofoil,9.62,4.49,10.48,87.12,15.99
2026-06-04,sv3pt5-7,502548,Normal,0.26,0.05,0.25,19.52,0.07
2026-06-04,sv3pt5-7,502548,Reverse Holofoil,0.4,0.09,0.39,1000.36,0.46
2026-06-04,sv4pt5-234,535090,Holofoil,334.85,257.81,384.3,1674.25,412.55
2026-06-04,sv4pt5-54,534416,Holofoil,5.15,3.3,5.63,60.0,4.89
2026-06-04,sv8-57,590025,Holofoil,5.14,3.0,5.14,96.95,5.1
2026-06-04,sv8pt5-149,610504,Holofoil,295.62,276.0,372.35,2000.0,
2026-06-04,sv8pt5-155,610510,Holofoil,333.14,293.0,333.14,999.0,
2026-06-04,sv8pt5-156,610511,Holofoil,468.33,468.86,681.38,4321.0,795.66
2026-06-04,sv8pt5-161,610516,Holofoil,1564.85,1419.96,1899.0,5000.0,1773.99
2026-06-04,sv8pt5-167,610522,Holofoil,186.06,176.0,207.5,3009.8,228.88
2026-06-04,sv8pt5-179,610534,Holofoil,68.55,60.0,84.03,999.0,
2026-06-04,sv8pt5-28,610383,Holofoil,2.11,1.4,2.53,4321.0,
2026-06-04,sv8pt5-47,610402,Normal,0.09,0.01,0.13,999.0,0.02
2026-06-04,sv8pt5-47,610402,Reverse Holofoil,0.17,0.01,0.2,999.0,0.06
2026-06-04,sv8pt5-59,610414,Holofoil,0.49,0.05,0.4,4321.0,0.4
2026-06-04,sv8pt5-59,610414,Reverse Holofoil,0.49,0.1,0.5,999.0,0.44
2026-06-04,sv8pt5-60,610415,Holofoil,7.26,5.0,8.99,5000.0,9.97
2026-06-04,svp-085,518861,Normal,983.63,971.25,1250.0,6999.27,1999.9
2026-06-04,swsh11-186,284137,Holofoil,808.5,820.99,999.0,4042.5,999.99
2026-06-04,swsh12-186,451834,Holofoil,512.91,518.12,656.52,3761.57,693.9
2026-06-04,swsh12pt5gg-GG69,478100,Holofoil,375.98,345.0,449.44,1864.98,457.45
2026-06-04,swsh35-25,223018,Normal,0.2,0.05,0.21,19.98,0.15
2026-06-04,swsh35-25,223018,Reverse Holofoil,0.13,0.1,0.28,19.98,
2026-06-04,swsh35-74,223073,Holofoil,192.38,192.38,248.48,2300.0,200.1
2026-06-04,swsh45sv-SV107,232496,Holofoil,150.06,128.4,185.1,999.99,154.84
2026-06-04,swsh7-204,246693,Holofoil,34.64,32.77,44.13,289.9,48.5
2026-06-04,swsh7-205,246696,Holofoil,376.97,380.0,452.36,599.69,539.99
2026-06-04,swsh7-208,246755,Holofoil,37.68,38.0,44.97,270.1,40.0
2026-06-04,swsh7-209,246756,Holofoil,290.27,298.84,369.0,1212.5,349.89
2026-06-04,swsh7-211,246702,Holofoil,56.04,55.0,64.97,450.0,64.97
2026-06-04,swsh7-212,246704,Holofoil,384.07,449.98,599.67,4249.73,499.98
2026-06-04,swsh7-215,246723,Holofoil,2181.59,2000.0,2679.49,6000.0,2527.91
2026-06-04,swsh7-218,246733,Holofoil,982.89,849.99,1461.35,1749.0,1494.69
2026-06-04,swsh7-41,246753,Holofoil,9.12,5.0,9.78,25.0,19.94
2026-06-04,swsh7-65,246690,Holofoil,15.17,12.2,16.15,512.01,17.74
2026-06-04,swsh7-75,246701,Holofoil,17.77,15.0,20.0,141.86,26.97
2026-06-04,swsh7-8,246691,Holofoil,9.75,5.01,10.38,507.17,14.99
2026-06-04,swsh8-271,253266,Holofoil,944.49,799.69,999.0,4463.95,1100.0
2026-06-04,swsh9-154,263873,Holofoil,354.77,289.5,409.0,1500.0,289.75
2026-06-05,base1-15,42355,Holofoil,149.37,97.68,148.61,1085.56,249.98
2026-06-05,base1-16,42356,Holofoil,55.99,30.04,45.0,129.99,52.89
2026-06-05,base1-2,42360,Holofoil,229.23,149.0,261.83,9999.0,174.83
2026-06-05,base1-4,42382,Holofoil,572.03,499.0,699.95,1500.0,1499.09
2026-06-05,base1-58,42402,Normal,7.37,1.7,5.88,9999.0,9.74
2026-06-05,cel25c-4,250320,Holofoil,207.76,156.99,236.33,2999.99,174.12
2026-06-05,gym2-2,83861,1st Edition Holofoil,894.61,696.69,1124.99,2140.0,
2026-06-05,gym2-2,83861,Unlimited Holofoil,534.04,439.0,599.0,1499.99,439.0
2026-06-05,neo1-9,86903,1st Edition Holofoil,1299.96,1899.99,8000.0,10000.0,1899.99
2026-06-05,neo1-9,86903,Unlimited Holofoil,511.14,300.0,394.65,615.74,
2026-06-05,sl-151-bundle,502000,Normal,190.37,181.96,225.0,2999.99,
2026-06-05,sl-151-etb,503313,Normal,629.65,599.0,700.0,1787.01,
2026-06-05,sl-151-upc,502005,Normal,1101.19,1032.99,1250.0,10000.0,
2026-06-05,sl-ar-box,265519,Normal,411.72,410.0,475.0,900.0,
2026-06-05,sl-base-box,185731,Normal,,100000.0,100000.0,100000.0,
2026-06-05,sl-bs-box,256141,Normal,615.18,635.0,727.5,5000.0,
2026-06-05,sl-cel-upc,245140,Normal,1275.93,1319.0,1884.0,200000.0,
2026-06-05,sl-champ-etb,218791,Normal,244.32,229.0,250.0,650.0,
2026-06-05,sl-cz-etb,453470,Normal,340.53,360.0,437.49,1000.0,
2026-06-05,sl-dr-box,624679,Normal,599.78,580.0,676.53,2185.0,
2026-06-05,sl-evs-box,242436,Normal,2715.14,2702.54,3013.42,12000.0,
2026-06-05,sl-evs-etb,243721,Normal,913.46,1198.99,1215.97,3499.98,
2026-06-05,sl-fs-box,247654,Normal,1134.67,1056.99,1269.99,3000.0,
2026-06-05,sl-hf-etb,194729,Normal,552.86,575.0,700.0,9999.98,
2026-06-05,sl-jp-151,565243,Normal,349.69,320.0,398.94,599.99,
2026-06-05,sl-jp-terastal,603428,Normal,121.87,117.0,147.0,250.0,
2026-06-05,sl-jt-box,610931,Normal,300.85,288.99,337.48,558.43,
2026-06-05,sl-lo-box,277324,Normal,775.99,785.0,942.44,2500.0,
2026-06-05,sl-me1-box,644298,Normal,323.67,320.0,340.0,999.99,
2026-06-05,sl-obf-box,501257,Normal,378.07,389.98,441.04,1000.0,
2026-06-05,sl-pe-etb,593355,Normal,152.92,151.99,199.99,2000.0,
2026-06-05,sl-pe-spc,622770,Normal,279.39,277.36,361.52,1500.0,
2026-06-05,sl-pf-etb,528040,Normal,532.36,475.0,560.0,800.0,
2026-06-05,sl-phf-box,654137,Normal,455.84,400.0,499.99,1000.0,
2026-06-05,sl-shf-etb,228821,Normal,155.33,134.74,197.48,500.0,
2026-06-05,sl-ss-box,565606,Normal,287.22,268.55,330.0,4999.99,
2026-06-05,sl-st-box,283389,Normal,549.9,564.99,648.97,1000.0,
2026-06-05,sl-tf-box,536225,Normal,333.64,320.0,350.0,599.99,
2026-06-05,sv2-185,497557,Normal,0.29,0.01,0.31,501.5,0.23
2026-06-05,sv2-185,497557,Reverse Holofoil,0.61,0.2,0.74,18.08,0.49
2026-06-05,sv2-254,497669,Holofoil,11.52,9.0,12.74,112.22,14.58
2026-06-05,sv2-269,497689,Holofoil,67.1,62.99,82.78,527.06,71.03
2026-06-05,sv3pt5-151,516566,Holofoil,7.89,5.75,8.98,100.0,12.66
2026-06-05,sv3pt5-199,517045,Holofoil,476.24,397.08,500.0,1000.0,418.1
2026-06-05,sv3pt5-205,517051,Holofoil,33.57,27.98,37.57,171.05,37.59
2026-06-05,sv3pt5-4,502555,Normal,0.2,0.01,0.22,20.0,0.14
2026-06-05,sv3pt5-4,502555,Reverse Holofoil,0.37,0.01,0.39,19.97,0.25
2026-06-05,sv3pt5-6,502558,Holofoil,9.82,4.49,10.51,87.12,14.97
2026-06-05,sv3pt5-7,502548,Normal,0.27,0.05,0.25,19.52,0.07
2026-06-05,sv3pt5-7,502548,Reverse Holofoil,0.37,0.09,0.39,1000.36,0.38
2026-06-05,sv4pt5-234,535090,Holofoil,334.85,327.95,377.99,1674.25,412.54
2026-06-05,sv4pt5-54,534416,Holofoil,4.93,3.3,5.62,60.0,5.99
2026-06-05,sv8-57,590025,Holofoil,4.57,3.0,5.0,96.95,5.04
2026-06-05,sv8pt5-149,610504,Holofoil,293.31,260.0,375.0,2000.0,
2026-06-05,sv8pt5-155,610510,Holofoil,333.14,293.0,333.14,999.0,
2026-06-05,sv8pt5-156,610511,Holofoil,486.95,468.86,675.99,4321.0,795.66
2026-06-05,sv8pt5-161,610516,Holofoil,1564.85,1419.96,1899.0,5000.0,1773.95
2026-06-05,sv8pt5-167,610522,Holofoil,183.26,176.0,209.99,3009.8,227.0
2026-06-05,sv8pt5-179,610534,Holofoil,69.63,67.64,88.49,999.0,
2026-06-05,sv8pt5-28,610383,Holofoil,2.07,1.4,2.53,4321.0,
2026-06-05,sv8pt5-47,610402,Normal,0.1,0.01,0.14,999.0,0.03
2026-06-05,sv8pt5-47,610402,Reverse Holofoil,0.18,0.01,0.19,999.0,0.1
2026-06-05,sv8pt5-59,610414,Holofoil,0.37,0.05,0.4,4321.0,0.42
2026-06-05,sv8pt5-59,610414,Reverse Holofoil,0.5,0.1,0.5,999.0,0.44
2026-06-05,sv8pt5-60,610415,Holofoil,8.22,5.0,9.0,5000.0,9.97
2026-06-05,svp-085,518861,Normal,983.63,971.25,1399.99,6999.23,1999.9
2026-06-05,swsh11-186,284137,Holofoil,808.5,820.99,998.0,4042.5,999.99
2026-06-05,swsh12-186,451834,Holofoil,513.92,518.12,649.99,3761.57,638.34
2026-06-05,swsh12pt5gg-GG69,478100,Holofoil,376.18,345.0,453.45,1864.98,457.45
2026-06-05,swsh35-25,223018,Normal,0.21,0.05,0.21,19.98,0.15
2026-06-05,swsh35-25,223018,Reverse Holofoil,0.13,0.1,0.28,19.98,
2026-06-05,swsh35-74,223073,Holofoil,195.94,192.38,249.34,2300.0,233.49
2026-06-05,swsh45sv-SV107,232496,Holofoil,148.41,128.4,185.3,999.99,134.82
2026-06-05,swsh7-204,246693,Holofoil,34.64,32.77,43.3,289.9,48.5
2026-06-05,swsh7-205,246696,Holofoil,376.97,380.0,435.0,599.69,539.99
2026-06-05,swsh7-208,246755,Holofoil,37.68,38.0,44.95,270.1,40.0
2026-06-05,swsh7-209,246756,Holofoil,290.27,290.0,364.5,1212.5,349.89
2026-06-05,swsh7-211,246702,Holofoil,56.04,55.0,64.97,450.0,64.97
2026-06-05,swsh7-212,246704,Holofoil,383.79,420.0,559.73,4249.73,459.99
2026-06-05,swsh7-215,246723,Holofoil,2181.59,2000.0,2550.0,6000.0,2527.91
2026-06-05,swsh7-218,246733,Holofoil,982.89,849.99,1380.0,1749.0,1490.69
2026-06-05,swsh7-41,246753,Holofoil,9.1,5.0,9.78,24.97,19.94
2026-06-05,swsh7-65,246690,Holofoil,15.11,13.5,16.15,512.01,17.74
2026-06-05,swsh7-75,246701,Holofoil,17.82,15.0,20.0,141.86,26.98
2026-06-05,swsh7-8,246691,Holofoil,9.85,5.01,10.7,507.17,14.99
2026-06-05,swsh8-271,253266,Holofoil,984.41,799.69,999.5,4722.45,1163.7
2026-06-05,swsh9-154,263873,Holofoil,353.97,289.5,407.07,1500.0,289.75
2026-06-06,base1-15,42355,Holofoil,150.3,98.97,157.26,1085.52,180.0
2026-06-06,base1-16,42356,Holofoil,55.87,30.04,44.02,129.99,79.98
2026-06-06,base1-2,42360,Holofoil,229.23,149.0,249.99,9999.0,174.83
2026-06-06,base1-4,42382,Holofoil,572.03,499.0,699.99,1500.0,1499.09
2026-06-06,base1-58,42402,Normal,7.56,1.43,5.1,9999.0,
2026-06-06,cel25c-4,250320,Holofoil,208.82,156.99,239.53,2999.99,174.12
2026-06-06,gym2-2,83861,1st Edition Holofoil,894.61,696.69,1499.99,2140.0,
2026-06-06,gym2-2,83861,Unlimited Holofoil,534.04,439.0,610.71,1499.99,439.0
2026-06-06,neo1-9,86903,1st Edition Holofoil,1299.96,1899.99,8000.0,10000.0,1899.99
2026-06-06,neo1-9,86903,Unlimited Holofoil,511.14,300.0,394.65,615.74,
2026-06-06,sl-151-bundle,502000,Normal,192.5,183.0,225.0,2999.99,
2026-06-06,sl-151-etb,503313,Normal,625.65,599.0,700.0,1787.01,
2026-06-06,sl-151-upc,502005,Normal,1088.35,1039.99,1250.0,35000.0,
2026-06-06,sl-ar-box,265519,Normal,411.72,410.0,475.5,900.0,
2026-06-06,sl-base-box,185731,Normal,,100000.0,100000.0,100000.0,
2026-06-06,sl-bs-box,256141,Normal,615.18,635.0,727.5,5000.0,
2026-06-06,sl-cel-upc,245140,Normal,1275.93,1319.0,1792.0,200000.0,
2026-06-06,sl-champ-etb,218791,Normal,244.08,230.0,250.0,650.0,
2026-06-06,sl-cz-etb,453470,Normal,340.53,344.99,430.48,1000.0,
2026-06-06,sl-dr-box,624679,Normal,598.78,580.0,678.26,2185.0,
2026-06-06,sl-evs-box,242436,Normal,2715.14,2798.99,3013.42,12000.0,
2026-06-06,sl-evs-etb,243721,Normal,913.46,1198.99,1215.97,3499.98,
2026-06-06,sl-fs-box,247654,Normal,1134.67,1056.99,1294.99,6500.0,
2026-06-06,sl-hf-etb,194729,Normal,552.86,537.99,699.99,9999.98,
2026-06-06,sl-jp-151,565243,Normal,346.46,366.99,398.99,599.99,
2026-06-06,sl-jp-terastal,603428,Normal,121.48,115.0,148.5,250.0,
2026-06-06,sl-jt-box,610931,Normal,300.85,288.99,337.48,558.43,
2026-06-06,sl-lo-box,277324,Normal,775.95,790.0,942.44,2500.0,
2026-06-06,sl-me1-box,644298,Normal,322.87,320.0,340.0,999.99,
2026-06-06,sl-obf-box,501257,Normal,378.07,389.98,432.1,1000.0,
2026-06-06,sl-pe-etb,593355,Normal,159.66,159.99,200.0,2000.0,
2026-06-06,sl-pe-spc,622770,Normal,282.13,277.36,355.0,1500.0,
2026-06-06,sl-pf-etb,528040,Normal,527.76,475.0,560.0,800.0,
2026-06-06,sl-phf-box,654137,Normal,445.88,400.0,498.0,1000.0,
2026-06-06,sl-shf-etb,228821,Normal,154.37,134.74,192.0,500.0,
2026-06-06,sl-ss-box,565606,Normal,286.33,268.55,330.5,4999.99,
2026-06-06,sl-st-box,283389,Normal,549.9,549.9,625.0,1000.0,
2026-06-06,sl-tf-box,536225,Normal,333.64,320.0,349.99,599.99,
2026-06-06,sv2-185,497557,Normal,0.32,0.01,0.31,501.5,0.23
2026-06-06,sv2-185,497557,Reverse Holofoil,0.63,0.2,0.73,18.04,0.48
2026-06-06,sv2-254,497669,Holofoil,11.48,9.0,12.64,112.22,11.52
2026-06-06,sv2-269,497689,Holofoil,66.95,60.0,81.68,527.02,71.03
2026-06-06,sv3pt5-151,516566,Holofoil,8.66,5.99,9.0,100.0,13.79
2026-06-06,sv3pt5-199,517045,Holofoil,472.06,397.08,500.0,1000.0,418.1
2026-06-06,sv3pt5-205,517051,Holofoil,33.3,27.98,37.0,167.4,36.33
2026-06-06,sv3pt5-4,502555,Normal,0.18,0.01,0.21,20.0,0.14
2026-06-06,sv3pt5-4,502555,Reverse Holofoil,0.35,0.01,0.39,19.97,0.25
2026-06-06,sv3pt5-6,502558,Holofoil,10.26,4.49,10.68,4321.0,12.69
2026-06-06,sv3pt5-7,502548,Normal,0.28,0.05,0.25,19.52,0.07
2026-06-06,sv3pt5-7,502548,Reverse Holofoil,0.39,0.05,0.39,4321.0,0.46
2026-06-06,sv4pt5-234,535090,Holofoil,334.45,327.95,378.49,1674.25,334.95
2026-06-06,sv4pt5-54,534416,Holofoil,4.86,3.05,5.47,60.0,5.99
2026-06-06,sv8-57,590025,Holofoil,4.69,2.73,5.0,96.95,5.98
2026-06-06,sv8pt5-149,610504,Holofoil,293.31,280.27,375.0,2000.0,
2026-06-06,sv8pt5-155,610510,Holofoil,333.14,296.01,334.07,999.0,
2026-06-06,sv8pt5-156,610511,Holofoil,492.17,468.86,676.53,4321.0,795.63
2026-06-06,sv8pt5-161,610516,Holofoil,1557.92,1450.0,1939.49,5000.0,1773.95
2026-06-06,sv8pt5-167,610522,Holofoil,185.23,176.0,211.5,3009.8,225.0
2026-06-06,sv8pt5-179,610534,Holofoil,69.96,68.49,87.74,999.0,
2026-06-06,sv8pt5-28,610383,Holofoil,2.1,1.4,2.55,4321.0,
2026-06-06,sv8pt5-47,610402,Normal,0.13,0.01,0.15,999.0,0.04
2026-06-06,sv8pt5-47,610402,Reverse Holofoil,0.19,0.01,0.2,999.0,0.1
2026-06-06,sv8pt5-59,610414,Holofoil,0.39,0.02,0.4,4321.0,0.54
2026-06-06,sv8pt5-59,610414,Reverse Holofoil,0.5,0.1,0.5,4321.0,
2026-06-06,sv8pt5-60,610415,Holofoil,8.45,5.0,9.0,5000.0,9.99
2026-06-06,svp-085,518861,Normal,983.63,971.25,1360.0,6999.19,1499.99
2026-06-06,swsh11-186,284137,Holofoil,796.3,820.99,998.0,3981.5,999.99
2026-06-06,swsh12-186,451834,Holofoil,515.27,518.0,649.99,3761.57,638.18
2026-06-06,swsh12pt5gg-GG69,478100,Holofoil,380.52,285.37,447.67,1864.98,457.45
2026-06-06,swsh35-25,223018,Normal,0.21,0.05,0.21,19.98,0.15
2026-06-06,swsh35-25,223018,Reverse Holofoil,0.13,0.1,0.28,19.98,
2026-06-06,swsh35-74,223073,Holofoil,195.94,192.38,249.34,2300.0,233.48
2026-06-06,swsh45sv-SV107,232496,Holofoil,148.41,128.4,185.15,999.99,134.82
2026-06-06,swsh7-204,246693,Holofoil,34.64,32.77,42.97,289.9,48.5
2026-06-06,swsh7-205,246696,Holofoil,376.97,380.0,467.5,599.69,539.99
2026-06-06,swsh7-208,246755,Holofoil,37.4,40.0,44.97,270.1,40.0
2026-06-06,swsh7-209,246756,Holofoil,290.96,290.0,360.0,1226.8,349.89
2026-06-06,swsh7-211,246702,Holofoil,56.04,55.0,64.97,450.0,64.97
2026-06-06,swsh7-212,246704,Holofoil,383.79,420.0,599.67,4249.73,459.99
2026-06-06,swsh7-215,246723,Holofoil,2261.15,2000.0,2540.0,6000.0,2527.91
2026-06-06,swsh7-218,246733,Holofoil,982.89,849.99,1199.0,1749.0,1150.0
2026-06-06,swsh7-41,246753,Holofoil,8.97,5.0,9.71,24.97,13.5
2026-06-06,swsh7-65,246690,Holofoil,15.16,13.17,16.0,512.01,17.74
2026-06-06,swsh7-75,246701,Holofoil,18.57,15.0,20.0,141.86,28.99
2026-06-06,swsh7-8,246691,Holofoil,9.97,5.01,10.77,507.17,16.69
2026-06-06,swsh8-271,253266,Holofoil,944.49,799.69,999.5,4922.05,1163.7
2026-06-06,swsh9-154,263873,Holofoil,353.36,289.5,404.47,1500.0,289.75
2026-06-07,base1-15,42355,Holofoil,150.3,95.68,178.5,1085.5,180.0
2026-06-07,base1-16,42356,Holofoil,55.4,30.04,45.0,129.99,79.98
2026-06-07,base1-2,42360,Holofoil,229.23,149.0,235.0,9999.0,174.83
2026-06-07,base1-4,42382,Holofoil,572.03,499.0,699.97,1500.0,1499.09
2026-06-07,base1-58,42402,Normal,7.41,1.95,5.58,9999.0,
2026-06-07,cel25c-4,250320,Holofoil,208.82,156.9,227.5,2999.99,172.59
2026-06-07,gym2-2,83861,1st Edition Holofoil,894.61,696.69,1499.99,2140.0,
2026-06-07,gym2-2,83861,Unlimited Holofoil,534.04,439.0,610.71,1499.99,500.0
2026-06-07,neo1-9,86903,1st Edition Holofoil,1299.96,1899.99,8000.0,10000.0,1899.99
2026-06-07,neo1-9,86903,Unlimited Holofoil,511.14,300.0,389.3,628.31,
2026-06-07,sl-151-bundle,502000,Normal,192.16,190.99,229.97,2999.99,
2026-06-07,sl-151-etb,503313,Normal,612.85,599.0,700.0,1787.01,
2026-06-07,sl-151-upc,502005,Normal,1083.55,1042.0,1259.0,35000.0,
2026-06-07,sl-ar-box,265519,Normal,411.72,410.0,476.0,900.0,
2026-06-07,sl-base-box,185731,Normal,,100000.0,100000.0,100000.0,
2026-06-07,sl-bs-box,256141,Normal,617.66,635.0,727.5,5000.0,
2026-06-07,sl-cel-upc,245140,Normal,1282.25,1319.0,1792.0,200000.0,
2026-06-07,sl-champ-etb,218791,Normal,243.32,230.0,255.0,650.0,
2026-06-07,sl-cz-etb,453470,Normal,340.42,335.0,434.98,1000.0,
2026-06-07,sl-dr-box,624679,Normal,598.78,580.0,676.53,2185.0,
2026-06-07,sl-evs-box,242436,Normal,2715.14,2750.0,3013.42,12000.0,
2026-06-07,sl-evs-etb,243721,Normal,913.46,1198.99,1200.99,3499.98,
2026-06-07,sl-fs-box,247654,Normal,1134.67,1056.99,1294.99,6500.0,
2026-06-07,sl-hf-etb,194729,Normal,552.86,537.99,675.0,9999.98,
2026-06-07,sl-jp-151,565243,Normal,346.82,370.0,398.99,599.99,
2026-06-07,sl-jp-terastal,603428,Normal,121.33,118.4,150.0,250.0,
2026-06-07,sl-jt-box,610931,Normal,300.8,288.99,350.0,558.43,
2026-06-07,sl-lo-box,277324,Normal,773.79,788.0,934.5,2500.0,
2026-06-07,sl-me1-box,644298,Normal,322.87,320.0,340.0,999.99,
2026-06-07,sl-obf-box,501257,Normal,378.07,389.98,432.1,1000.0,
2026-06-07,sl-pe-etb,593355,Normal,167.46,155.99,200.0,2000.0,
2026-06-07,sl-pe-spc,622770,Normal,284.19,277.36,375.0,1500.0,
2026-06-07,sl-pf-etb,528040,Normal,527.76,475.0,560.0,800.0,
2026-06-07,sl-phf-box,654137,Normal,445.84,400.0,498.0,1000.0,
2026-06-07,sl-shf-etb,228821,Normal,153.77,134.74,195.0,500.0,
2026-06-07,sl-ss-box,565606,Normal,277.86,268.55,330.5,4999.99,
2026-06-07,sl-st-box,283389,Normal,551.3,557.99,634.68,1000.0,
2026-06-07,sl-tf-box,536225,Normal,333.64,320.0,349.99,599.99,
2026-06-07,sv2-185,497557,Normal,0.32,0.01,0.32,22.0,0.23
2026-06-07,sv2-185,497557,Reverse Holofoil,0.67,0.2,0.73,18.02,0.4
2026-06-07,sv2-254,497669,Holofoil,11.47,9.0,12.61,112.22,11.52
2026-06-07,sv2-269,497689,Holofoil,67.0,65.0,81.68,527.0,71.03
2026-06-07,sv3pt5-151,516566,Holofoil,9.51,5.99,9.34,100.0,14.22
2026-06-07,sv3pt5-199,517045,Holofoil,469.95,380.7,500.0,1000.0,418.1
2026-06-07,sv3pt5-205,517051,Holofoil,33.18,27.98,37.0,165.2,36.33
2026-06-07,sv3pt5-4,502555,Normal,0.15,0.01,0.21,20.0,0.15
2026-06-07,sv3pt5-4,502555,Reverse Holofoil,0.35,0.01,0.38,19.97,0.54
2026-06-07,sv3pt5-6,502558,Holofoil,9.83,4.49,10.64,4321.0,12.69
2026-06-07,sv3pt5-7,502548,Normal,0.24,0.01,0.25,19.52,0.1
2026-06-07,sv3pt5-7,502548,Reverse Holofoil,0.39,0.05,0.39,4321.0,0.46
2026-06-07,sv4pt5-234,535090,Holofoil,332.93,327.0,378.49,1664.65,378.99
2026-06-07,sv4pt5-54,534416,Holofoil,5.23,3.3,5.39,60.0,6.94
2026-06-07,sv8-57,590025,Holofoil,4.59,3.0,5.04,96.95,6.49
2026-06-07,sv8pt5-149,610504,Holofoil,293.31,280.27,372.35,2000.0,
2026-06-07,sv8pt5-155,610510,Holofoil,333.14,296.01,334.07,999.0,
2026-06-07,sv8pt5-156,610511,Holofoil,494.17,474.99,698.95,4321.0,795.62
2026-06-07,sv8pt5-161,610516,Holofoil,1557.92,1450.0,1939.49,5000.0,1773.95
2026-06-07,sv8pt5-167,610522,Holofoil,187.0,176.0,208.75,3009.8,225.0
2026-06-07,sv8pt5-179,610534,Holofoil,71.87,68.49,86.09,999.0,
2026-06-07,sv8pt5-28,610383,Holofoil,2.21,1.4,2.61,4321.0,
2026-06-07,sv8pt5-47,610402,Normal,0.14,0.01,0.15,999.0,0.04
2026-06-07,sv8pt5-47,610402,Reverse Holofoil,0.22,0.01,0.2,999.0,0.1
2026-06-07,sv8pt5-59,610414,Holofoil,0.5,0.02,0.4,4321.0,
2026-06-07,sv8pt5-59,610414,Reverse Holofoil,0.5,0.1,0.5,4321.0,
2026-06-07,sv8pt5-60,610415,Holofoil,7.37,5.0,8.99,5000.0,
2026-06-07,svp-085,518861,Normal,983.63,971.25,1320.0,6999.17,1499.99
2026-06-07,swsh11-186,284137,Holofoil,796.3,820.99,998.0,3981.5,999.99
2026-06-07,swsh12-186,451834,Holofoil,515.27,518.0,644.09,3760.95,638.17
2026-06-07,swsh12pt5gg-GG69,478100,Holofoil,381.77,373.7,449.72,1864.98,457.45
2026-06-07,swsh35-25,223018,Normal,0.21,0.05,0.21,19.98,0.15
2026-06-07,swsh35-25,223018,Reverse Holofoil,0.13,0.1,0.28,19.98,
2026-06-07,swsh35-74,223073,Holofoil,195.94,192.38,249.34,2300.0,233.48
2026-06-07,swsh45sv-SV107,232496,Holofoil,148.41,120.85,185.15,999.99,134.82
2026-06-07,swsh7-204,246693,Holofoil,34.64,32.77,42.97,289.9,47.95
2026-06-07,swsh7-205,246696,Holofoil,376.97,380.0,435.0,599.69,539.99
2026-06-07,swsh7-208,246755,Holofoil,37.67,40.0,44.99,270.1,53.07
2026-06-07,swsh7-209,246756,Holofoil,291.59,290.0,373.58,1226.8,349.89
2026-06-07,swsh7-211,246702,Holofoil,56.04,55.0,64.97,450.0,64.97
2026-06-07,swsh7-212,246704,Holofoil,383.79,420.0,599.67,4249.73,459.99
2026-06-07,swsh7-215,246723,Holofoil,2261.15,2000.0,2533.96,6000.0,2527.91
2026-06-07,swsh7-218,246733,Holofoil,998.93,849.99,1289.5,1749.0,1494.69
2026-06-07,swsh7-41,246753,Holofoil,9.14,5.0,9.99,24.97,19.94
2026-06-07,swsh7-65,246690,Holofoil,15.46,13.17,16.0,500.0,18.11
2026-06-07,swsh7-75,246701,Holofoil,18.77,15.0,20.0,141.86,26.0
2026-06-07,swsh7-8,246691,Holofoil,10.0,5.01,10.5,100.0,16.69
2026-06-07,swsh8-271,253266,Holofoil,944.49,799.69,1000.0,4722.45,1163.7
2026-06-07,swsh9-154,263873,Holofoil,353.36,289.5,403.18,1500.0,289.75
2026-06-08,base1-15,42355,Holofoil,150.3,91.0,168.16,1085.46,180.0
2026-06-08,base1-16,42356,Holofoil,54.88,30.0,45.0,129.96,79.98
2026-06-08,base1-2,42360,Holofoil,229.23,149.0,242.5,9999.0,199.99
2026-06-08,base1-4,42382,Holofoil,614.49,499.0,699.97,1500.0,1499.09
2026-06-08,base1-58,42402,Normal,7.62,1.95,5.24,9999.0,10.74
2026-06-08,cel25c-4,250320,Holofoil,208.82,156.9,230.0,2999.99,172.59
2026-06-08,gym2-2,83861,1st Edition Holofoil,894.61,696.69,1499.99,2140.0,
2026-06-08,gym2-2,83861,Unlimited Holofoil,534.04,500.0,650.0,1499.99,500.0
2026-06-08,neo1-9,86903,1st Edition Holofoil,1599.98,1300.0,8000.0,10000.0,
2026-06-08,neo1-9,86903,Unlimited Holofoil,511.14,300.0,394.65,615.74,
2026-06-08,sl-151-bundle,502000,Normal,193.91,190.0,227.5,2999.99,
2026-06-08,sl-151-etb,503313,Normal,619.85,550.0,690.0,1787.01,
2026-06-08,sl-151-upc,502005,Normal,1071.27,1050.0,1254.5,35000.0,
2026-06-08,sl-ar-box,265519,Normal,411.72,410.0,467.5,900.0,
2026-06-08,sl-base-box,185731,Normal,,100000.0,100000.0,100000.0,
2026-06-08,sl-bs-box,256141,Normal,619.34,650.0,725.0,5000.0,
2026-06-08,sl-cel-upc,245140,Normal,1292.33,1319.0,1900.0,200000.0,
2026-06-08,sl-champ-etb,218791,Normal,243.32,230.0,255.0,650.0,
2026-06-08,sl-cz-etb,453470,Normal,341.49,335.0,432.49,1000.0,
2026-06-08,sl-dr-box,624679,Normal,598.3,580.0,660.94,2185.0,
2026-06-08,sl-evs-box,242436,Normal,2715.14,2745.0,3013.42,12000.0,
2026-06-08,sl-evs-etb,243721,Normal,913.46,1198.99,1200.0,3499.98,
2026-06-08,sl-fs-box,247654,Normal,1134.67,1056.99,1294.99,6500.0,
2026-06-08,sl-hf-etb,194729,Normal,551.94,539.0,699.99,9999.98,
2026-06-08,sl-jp-151,565243,Normal,348.22,360.0,398.99,599.99,
2026-06-08,sl-jp-terastal,603428,Normal,119.9,118.4,148.39,250.0,
2026-06-08,sl-jt-box,610931,Normal,300.8,264.98,337.48,558.43,
2026-06-08,sl-lo-box,277324,Normal,773.79,788.0,934.5,2500.0,
2026-06-08,sl-me1-box,644298,Normal,312.79,310.0,339.99,999.99,
2026-06-08,sl-obf-box,501257,Normal,378.07,375.0,429.99,1000.0,
2026-06-08,sl-pe-etb,593355,Normal,168.9,163.04,200.0,2000.0,
2026-06-08,sl-pe-spc,622770,Normal,284.53,283.84,379.9,1500.0,
2026-06-08,sl-pf-etb,528040,Normal,507.39,459.0,597.99,800.0,
2026-06-08,sl-phf-box,654137,Normal,438.22,400.0,492.0,1000.0,
2026-06-08,sl-shf-etb,228821,Normal,152.12,134.74,184.5,500.0,
2026-06-08,sl-ss-box,565606,Normal,278.31,268.55,333.33,4999.99,
2026-06-08,sl-st-box,283389,Normal,551.3,550.0,635.0,1000.0,
2026-06-08,sl-tf-box,536225,Normal,333.64,320.0,349.99,599.99,
2026-06-08,sv2-185,497557,Normal,0.33,0.01,0.33,22.0,0.23
2026-06-08,sv2-185,497557,Reverse Holofoil,0.67,0.2,0.74,17.98,0.4
2026-06-08,sv2-254,497669,Holofoil,11.21,9.0,12.5,112.22,13.09
2026-06-08,sv2-269,497689,Holofoil,68.12,65.0,82.35,526.96,67.75
2026-06-08,sv3pt5-151,516566,Holofoil,9.59,5.83,9.42,100.0,7.45
2026-06-08,sv3pt5-199,517045,Holofoil,468.14,387.69,499.97,1000.0,423.12
2026-06-08,sv3pt5-205,517051,Holofoil,33.57,28.5,37.01,166.5,36.33
2026-06-08,sv3pt5-4,502555,Normal,0.19,0.01,0.22,20.0,0.15
2026-06-08,sv3pt5-4,502555,Reverse Holofoil,0.36,0.01,0.39,19.97,0.74
2026-06-08,sv3pt5-6,502558,Holofoil,9.92,4.5,10.62,4321.0,14.25
2026-06-08,sv3pt5-7,502548,Normal,0.3,0.01,0.25,19.52,0.09
2026-06-08,sv3pt5-7,502548,Reverse Holofoil,0.42,0.08,0.4,4321.0,0.46
2026-06-08,sv4pt5-234,535090,Holofoil,332.93,326.0,378.99,1664.65,378.99
2026-06-08,sv4pt5-54,534416,Holofoil,5.53,3.3,5.69,60.0,6.94
2026-06-08,sv8-57,590025,Holofoil,4.91,3.0,5.03,96.95,6.95
2026-06-08,sv8pt5-149,610504,Holofoil,293.31,245.0,366.63,2000.0,
2026-06-08,sv8pt5-155,610510,Holofoil,331.18,297.49,342.5,999.0,
2026-06-08,sv8pt5-156,610511,Holofoil,495.65,500.0,711.1,4321.0,795.6
2026-06-08,sv8pt5-161,610516,Holofoil,1557.92,1450.0,1899.0,5000.0,1773.89
2026-06-08,sv8pt5-167,610522,Holofoil,187.0,176.0,201.54,3009.8,224.99
2026-06-08,sv8pt5-179,610534,Holofoil,71.99,68.49,86.09,999.0,79.99
2026-06-08,sv8pt5-28,610383,Holofoil,2.54,1.4,2.64,4321.0,
2026-06-08,sv8pt5-47,610402,Normal,0.12,0.01,0.15,999.0,0.04
2026-06-08,sv8pt5-47,610402,Reverse Holofoil,0.18,0.01,0.2,999.0,0.1
2026-06-08,sv8pt5-59,610414,Holofoil,0.46,0.05,0.4,4321.0,0.97
2026-06-08,sv8pt5-59,610414,Reverse Holofoil,0.53,0.1,0.52,4321.0,
2026-06-08,sv8pt5-60,610415,Holofoil,7.43,5.3,8.45,5000.0,10.45
2026-06-08,svp-085,518861,Normal,985.24,971.25,1320.0,6999.13,1499.99
2026-06-08,swsh11-186,284137,Holofoil,796.3,820.99,997.89,3981.5,988.5
2026-06-08,swsh12-186,451834,Holofoil,514.04,518.0,644.08,3760.91,634.82
2026-06-08,swsh12pt5gg-GG69,478100,Holofoil,383.56,378.0,457.45,1864.98,399.99
2026-06-08,swsh35-25,223018,Normal,0.21,0.05,0.21,19.98,
2026-06-08,swsh35-25,223018,Reverse Holofoil,0.13,0.1,0.28,19.98,
2026-06-08,swsh35-74,223073,Holofoil,198.74,192.38,255.48,2300.0,233.47
2026-06-08,swsh45sv-SV107,232496,Holofoil,148.43,120.85,185.74,999.99,134.82
2026-06-08,swsh7-204,246693,Holofoil,34.64,32.77,43.3,289.9,47.95
2026-06-08,swsh7-205,246696,Holofoil,391.03,380.0,447.5,599.69,569.8
2026-06-08,swsh7-208,246755,Holofoil,37.67,40.0,44.99,270.1,61.93
2026-06-08,swsh7-209,246756,Holofoil,291.59,290.0,364.5,1229.5,349.89
2026-06-08,swsh7-211,246702,Holofoil,56.04,55.0,62.61,450.0,60.25
2026-06-08,swsh7-212,246704,Holofoil,383.79,414.0,599.67,4249.73,459.99
2026-06-08,swsh7-215,246723,Holofoil,2181.59,1920.0,2533.96,6000.0,2527.91
2026-06-08,swsh7-218,246733,Holofoil,980.93,849.99,1199.0,1749.0,1494.69
2026-06-08,swsh7-41,246753,Holofoil,8.57,5.0,9.58,24.97,14.07
2026-06-08,swsh7-65,246690,Holofoil,15.72,13.17,16.0,500.0,18.79
2026-06-08,swsh7-75,246701,Holofoil,18.73,15.0,20.0,141.86,19.99
2026-06-08,swsh7-8,246691,Holofoil,10.25,5.01,10.82,100.0,16.69
2026-06-08,swsh8-271,253266,Holofoil,944.49,799.69,1000.0,4722.45,1163.7
2026-06-08,swsh9-154,263873,Holofoil,353.36,289.5,408.18,1500.0,289.75
2026-06-09,base1-15,42355,Holofoil,151.66,90.0,157.82,1085.38,180.0
2026-06-09,base1-16,42356,Holofoil,54.88,27.0,45.0,129.96,79.98
2026-06-09,base1-2,42360,Holofoil,231.71,149.0,249.99,9999.0,199.99
2026-06-09,base1-4,42382,Holofoil,614.49,499.0,699.95,1500.0,1499.09
2026-06-09,base1-58,42402,Normal,7.68,1.95,5.0,9999.0,7.68
2026-06-09,cel25c-4,250320,Holofoil,208.82,156.9,224.99,2999.99,172.59
2026-06-09,gym2-2,83861,1st Edition Holofoil,894.61,696.69,1499.99,2140.0,
2026-06-09,gym2-2,83861,Unlimited Holofoil,534.04,500.0,650.0,1499.99,539.95
2026-06-09,neo1-9,86903,1st Edition Holofoil,1599.98,1300.0,8000.0,10000.0,
2026-06-09,neo1-9,86903,Unlimited Holofoil,511.14,300.0,399.99,615.74,
2026-06-09,sl-151-bundle,502000,Normal,197.75,190.0,225.0,2999.99,
2026-06-09,sl-151-etb,503313,Normal,607.05,599.0,700.0,1787.01,
2026-06-09,sl-151-upc,502005,Normal,1071.27,1049.99,1254.5,35000.0,
2026-06-09,sl-ar-box,265519,Normal,412.52,425.0,475.5,900.0,
2026-06-09,sl-base-box,185731,Normal,,100000.0,100000.0,100000.0,
2026-06-09,sl-bs-box,256141,Normal,619.34,647.0,725.0,5000.0,
2026-06-09,sl-cel-upc,245140,Normal,1292.33,1319.0,1934.84,200000.0,
2026-06-09,sl-champ-etb,218791,Normal,242.92,209.0,250.0,650.0,
2026-06-09,sl-cz-etb,453470,Normal,349.79,335.0,427.99,1000.0,
2026-06-09,sl-dr-box,624679,Normal,596.86,580.0,653.0,2185.0,
2026-06-09,sl-evs-box,242436,Normal,2715.14,2745.0,3000.0,12000.0,
2026-06-09,sl-evs-etb,243721,Normal,913.46,1198.99,1200.5,3499.98,
2026-06-09,sl-fs-box,247654,Normal,1134.67,1020.0,1294.99,6500.0,
2026-06-09,sl-hf-etb,194729,Normal,551.94,539.0,675.0,9999.98,
2026-06-09,sl-jp-151,565243,Normal,348.62,337.99,398.89,599.99,
2026-06-09,sl-jp-terastal,603428,Normal,123.99,118.4,148.5,250.0,
2026-06-09,sl-jt-box,610931,Normal,297.91,264.98,300.0,551.0,
2026-06-09,sl-lo-box,277324,Normal,806.95,770.0,899.0,2500.0,
2026-06-09,sl-me1-box,644298,Normal,313.14,309.99,338.21,999.99,
2026-06-09,sl-obf-box,501257,Normal,374.56,374.56,429.99,1000.0,
2026-06-09,sl-pe-etb,593355,Normal,165.68,160.0,200.0,2000.0,
2026-06-09,sl-pe-spc,622770,Normal,287.63,286.0,382.45,1500.0,
2026-06-09,sl-pf-etb,528040,Normal,501.2,464.0,590.0,800.0,
2026-06-09,sl-phf-box,654137,Normal,447.66,400.0,496.0,1000.0,
2026-06-09,sl-shf-etb,228821,Normal,150.35,134.74,197.48,500.0,
2026-06-09,sl-ss-box,565606,Normal,287.23,268.55,336.0,4999.99,
2026-06-09,sl-st-box,283389,Normal,551.3,550.0,599.97,1000.0,
2026-06-09,sl-tf-box,536225,Normal,333.64,320.0,349.99,599.99,
2026-06-09,sv2-185,497557,Normal,0.32,0.03,0.33,22.0,
2026-06-09,sv2-185,497557,Reverse Holofoil,0.66,0.2,0.74,17.9,0.4
2026-06-09,sv2-254,497669,Holofoil,11.12,9.0,12.5,112.22,13.89
2026-06-09,sv2-269,497689,Holofoil,68.38,65.0,80.58,526.88,67.75
2026-06-09,sv3pt5-151,516566,Holofoil,9.36,5.99,9.5,100.0,7.45
2026-06-09,sv3pt5-199,517045,Holofoil,489.28,380.37,500.0,1000.0,423.12
2026-06-09,sv3pt5-205,517051,Holofoil,33.49,28.5,36.96,167.4,36.33
2026-06-09,sv3pt5-4,502555,Normal,0.2,0.01,0.22,20.0,0.15
2026-06-09,sv3pt5-4,502555,Reverse Holofoil,0.35,0.1,0.37,19.97,0.74
2026-06-09,sv3pt5-6,502558,Holofoil,10.33,4.5,10.75,4321.0,14.24
2026-06-09,sv3pt5-7,502548,Normal,0.33,0.05,0.26,19.52,
2026-06-09,sv3pt5-7,502548,Reverse Holofoil,0.39,0.08,0.4,4321.0,0.46
2026-06-09,sv4pt5-234,535090,Holofoil,331.37,325.0,378.99,1656.85,378.99
2026-06-09,sv4pt5-54,534416,Holofoil,5.43,3.3,5.55,60.0,6.46
2026-06-09,sv8-57,590025,Holofoil,4.37,2.99,5.0,96.95,6.3
2026-06-09,sv8pt5-149,610504,Holofoil,293.31,245.0,350.0,2000.0,
2026-06-09,sv8pt5-155,610510,Holofoil,334.67,294.5,349.99,999.0,
2026-06-09,sv8pt5-156,610511,Holofoil,502.86,503.0,795.6,4321.0,750.0
2026-06-09,sv8pt5-161,610516,Holofoil,1557.92,1419.96,1939.49,5000.0,1773.89
2026-06-09,sv8pt5-167,610522,Holofoil,189.4,176.0,206.45,3009.8,224.99
2026-06-09,sv8pt5-179,610534,Holofoil,72.2,68.49,89.48,999.0,
2026-06-09,sv8pt5-28,610383,Holofoil,2.5,1.4,2.75,4321.0,
2026-06-09,sv8pt5-47,610402,Normal,0.12,0.01,0.15,999.0,0.04
2026-06-09,sv8pt5-47,610402,Reverse Holofoil,0.18,0.01,0.2,999.0,0.1
2026-06-09,sv8pt5-59,610414,Holofoil,0.47,0.05,0.41,4321.0,0.97
2026-06-09,sv8pt5-59,610414,Reverse Holofoil,0.56,0.1,0.54,4321.0,
2026-06-09,sv8pt5-60,610415,Holofoil,7.5,5.3,8.75,5000.0,7.88
2026-06-09,svp-085,518861,Normal,983.63,971.25,1320.0,6999.05,1499.99
2026-06-09,swsh11-186,284137,Holofoil,812.22,820.99,989.09,3981.5,988.49
2026-06-09,swsh12-186,451834,Holofoil,517.99,518.0,649.99,3760.83,638.17
2026-06-09,swsh12pt5gg-GG69,478100,Holofoil,395.84,380.0,457.44,1864.98,399.99
2026-06-09,swsh35-25,223018,Normal,0.2,0.05,0.21,19.98,
2026-06-09,swsh35-25,223018,Reverse Holofoil,0.12,0.1,0.28,19.98,
2026-06-09,swsh35-74,223073,Holofoil,198.74,192.38,260.96,2300.0,233.47
2026-06-09,swsh45sv-SV107,232496,Holofoil,149.44,120.85,185.61,999.99,134.82
2026-06-09,swsh7-204,246693,Holofoil,34.64,32.77,46.45,289.9,47.95
2026-06-09,swsh7-205,246696,Holofoil,396.94,384.0,395.0,599.69,586.32
2026-06-09,swsh7-208,246755,Holofoil,37.67,34.5,44.99,270.1,44.99
2026-06-09,swsh7-209,246756,Holofoil,291.59,290.0,369.0,1229.5,349.89
2026-06-09,swsh7-211,246702,Holofoil,56.04,49.49,60.25,450.0,60.25
2026-06-09,swsh7-212,246704,Holofoil,383.79,414.0,561.7,4249.73,459.99
2026-06-09,swsh7-215,246723,Holofoil,2261.15,1920.0,2526.45,6000.0,2527.91
2026-06-09,swsh7-218,246733,Holofoil,1016.89,845.0,1199.0,1749.0,1494.69
2026-06-09,swsh7-41,246753,Holofoil,8.55,5.0,9.5,24.97,19.94
2026-06-09,swsh7-65,246690,Holofoil,15.65,13.17,16.0,500.0,18.79
2026-06-09,swsh7-75,246701,Holofoil,18.63,15.0,20.0,141.86,19.99
2026-06-09,swsh7-8,246691,Holofoil,10.57,5.01,10.7,100.0,9.3
2026-06-09,swsh8-271,253266,Holofoil,944.49,799.69,1029.15,4722.45,1163.7
2026-06-09,swsh9-154,263873,Holofoil,353.36,285.0,403.18,1500.0,289.75
2026-06-10,base1-15,42355,Holofoil,152.98,90.0,133.71,1085.34,180.0
2026-06-10,base1-16,42356,Holofoil,53.88,27.0,44.9,129.8,44.62
2026-06-10,base1-2,42360,Holofoil,226.28,160.0,235.0,9999.0,199.99
2026-06-10,base1-4,42382,Holofoil,627.74,499.0,684.42,1500.0,1499.09
2026-06-10,base1-58,42402,Normal,7.54,1.5,5.0,9999.0,5.24
2026-06-10,cel25c-4,250320,Holofoil,208.36,156.9,217.86,2999.99,172.59
2026-06-10,gym2-2,83861,1st Edition Holofoil,894.61,696.69,1499.99,2140.0,
2026-06-10,gym2-2,83861,Unlimited Holofoil,534.04,539.95,650.0,1499.99,539.95
2026-06-10,neo1-9,86903,1st Edition Holofoil,1599.98,1300.0,8000.0,10000.0,
2026-06-10,neo1-9,86903,Unlimited Holofoil,511.14,282.47,394.65,615.74,
2026-06-10,sl-151-bundle,502000,Normal,197.18,187.99,225.0,2999.99,
2026-06-10,sl-151-etb,503313,Normal,604.01,590.0,699.99,1787.01,
2026-06-10,sl-151-upc,502005,Normal,1071.27,1034.99,1254.5,35000.0,
2026-06-10,sl-ar-box,265519,Normal,412.52,425.0,476.0,900.0,
2026-06-10,sl-base-box,185731,Normal,,100000.0,100000.0,100000.0,
2026-06-10,sl-bs-box,256141,Normal,619.34,647.0,725.0,5000.0,
2026-06-10,sl-cel-upc,245140,Normal,1292.33,1319.0,1934.84,200000.0,
2026-06-10,sl-champ-etb,218791,Normal,241.19,227.95,250.0,650.0,
2026-06-10,sl-cz-etb,453470,Normal,349.79,335.0,425.98,1000.0,
2026-06-10,sl-dr-box,624679,Normal,594.59,580.0,659.98,2185.0,
2026-06-10,sl-evs-box,242436,Normal,2715.14,2500.0,3000.0,12000.0,
2026-06-10,sl-evs-etb,243721,Normal,913.46,1198.99,1200.5,3499.98,
2026-06-10,sl-fs-box,247654,Normal,1118.07,1047.99,1250.0,6500.0,
2026-06-10,sl-hf-etb,194729,Normal,551.94,539.0,699.99,9999.98,
2026-06-10,sl-jp-151,565243,Normal,347.1,337.99,398.56,599.99,
2026-06-10,sl-jp-terastal,603428,Normal,126.34,123.0,150.0,250.0,
2026-06-10,sl-jt-box,610931,Normal,296.44,264.98,305.0,558.43,
2026-06-10,sl-lo-box,277324,Normal,806.95,760.99,916.5,2500.0,
2026-06-10,sl-me1-box,644298,Normal,311.86,309.99,339.49,999.99,
2026-06-10,sl-obf-box,501257,Normal,386.17,375.0,429.99,1000.0,
2026-06-10,sl-pe-etb,593355,Normal,167.18,157.99,200.0,2000.0,
2026-06-10,sl-pe-spc,622770,Normal,293.54,285.0,390.0,1500.0,
2026-06-10,sl-pf-etb,528040,Normal,497.96,459.99,588.79,800.0,
2026-06-10,sl-phf-box,654137,Normal,447.67,400.0,498.0,1000.0,
2026-06-10,sl-shf-etb,228821,Normal,150.24,134.74,199.97,500.0,
2026-06-10,sl-ss-box,565606,Normal,288.39,268.55,334.23,4999.99,
2026-06-10,sl-st-box,283389,Normal,554.9,550.0,592.47,1000.0,
2026-06-10,sl-tf-box,536225,Normal,334.04,320.0,347.49,599.99,
2026-06-10,sv2-185,497557,Normal,0.31,0.01,0.32,22.0,
2026-06-10,sv2-185,497557,Reverse Holofoil,0.67,0.2,0.73,17.86,0.4
2026-06-10,sv2-254,497669,Holofoil,11.0,9.0,12.5,112.22,12.74
2026-06-10,sv2-269,497689,Holofoil,68.42,65.0,80.03,526.84,67.75
2026-06-10,sv3pt5-151,516566,Holofoil,9.04,5.99,9.4,100.0,10.05
2026-06-10,sv3pt5-199,517045,Holofoil,489.6,380.37,500.0,1000.0,423.12
2026-06-10,sv3pt5-205,517051,Holofoil,33.9,28.5,37.1,168.65,31.4
2026-06-10,sv3pt5-4,502555,Normal,0.18,0.01,0.22,20.0,0.15
2026-06-10,sv3pt5-4,502555,Reverse Holofoil,0.37,0.1,0.38,19.97,0.75
2026-06-10,sv3pt5-6,502558,Holofoil,10.41,5.3,10.97,4321.0,10.25
2026-06-10,sv3pt5-7,502548,Normal,0.3,0.05,0.27,19.52,0.23
2026-06-10,sv3pt5-7,502548,Reverse Holofoil,0.37,0.08,0.38,4321.0,0.46
2026-06-10,sv4pt5-234,535090,Holofoil,336.93,324.0,377.19,1684.65,395.24
2026-06-10,sv4pt5-54,534416,Holofoil,5.4,3.3,5.5,60.0,4.48
2026-06-10,sv8-57,590025,Holofoil,4.39,2.99,5.0,49.57,4.55
2026-06-10,sv8pt5-149,610504,Holofoil,291.39,245.0,349.67,2000.0,
2026-06-10,sv8pt5-155,610510,Holofoil,332.73,294.5,349.99,999.0,
2026-06-10,sv8pt5-156,610511,Holofoil,502.98,525.0,760.46,4321.0,797.68
2026-06-10,sv8pt5-161,610516,Holofoil,1557.92,1400.0,1849.5,5000.0,1773.89
2026-06-10,sv8pt5-167,610522,Holofoil,189.4,176.0,207.5,3009.8,224.95
2026-06-10,sv8pt5-179,610534,Holofoil,72.02,70.0,88.4,999.0,
2026-06-10,sv8pt5-28,610383,Holofoil,2.4,1.0,2.74,4321.0,
2026-06-10,sv8pt5-47,610402,Normal,0.09,0.01,0.15,999.0,0.03
2026-06-10,sv8pt5-47,610402,Reverse Holofoil,0.17,0.01,0.2,999.0,0.01
2026-06-10,sv8pt5-59,610414,Holofoil,0.51,0.05,0.43,4321.0,
2026-06-10,sv8pt5-59,610414,Reverse Holofoil,0.55,0.14,0.55,4321.0,
2026-06-10,sv8pt5-60,610415,Holofoil,7.28,5.3,8.54,5000.0,10.49
2026-06-10,svp-085,518861,Normal,1019.36,990.25,1360.0,6999.01,1999.88
2026-06-10,swsh11-186,284137,Holofoil,823.44,820.99,903.09,4117.2,988.48
2026-06-10,swsh12-186,451834,Holofoil,518.75,517.99,649.99,3760.79,680.0
2026-06-10,swsh12pt5gg-GG69,478100,Holofoil,395.84,380.0,457.39,1864.82,399.99
2026-06-10,swsh35-25,223018,Normal,0.2,0.05,0.21,19.98,
2026-06-10,swsh35-25,223018,Reverse Holofoil,0.12,0.1,0.29,19.98,
2026-06-10,swsh35-74,223073,Holofoil,198.74,219.99,269.99,2300.0,233.47
2026-06-10,swsh45sv-SV107,232496,Holofoil,149.44,120.85,183.51,999.99,134.82
2026-06-10,swsh7-204,246693,Holofoil,34.73,32.77,44.13,289.9,47.95
2026-06-10,swsh7-205,246696,Holofoil,396.94,384.0,400.2,599.69,595.21
2026-06-10,swsh7-208,246755,Holofoil,37.22,30.29,44.26,270.1,44.99
2026-06-10,swsh7-209,246756,Holofoil,293.43,295.08,359.99,1229.5,349.88
2026-06-10,swsh7-211,246702,Holofoil,56.2,49.49,60.24,450.0,60.24
2026-06-10,swsh7-212,246704,Holofoil,390.79,420.0,563.15,4249.73,426.24
2026-06-10,swsh7-215,246723,Holofoil,2261.15,1920.0,2527.91,6000.0,2527.91
2026-06-10,swsh7-218,246733,Holofoil,1016.89,544.28,1150.0,1749.0,1494.69
2026-06-10,swsh7-41,246753,Holofoil,8.55,5.0,9.45,24.97,7.49
2026-06-10,swsh7-65,246690,Holofoil,15.56,12.95,15.99,500.0,14.99
2026-06-10,swsh7-75,246701,Holofoil,18.73,15.0,20.2,141.86,18.74
2026-06-10,swsh7-8,246691,Holofoil,10.48,5.01,10.52,100.0,9.3
2026-06-10,swsh8-271,253266,Holofoil,979.95,799.69,1029.15,4722.45,944.99
2026-06-10,swsh9-154,263873,Holofoil,353.36,258.73,403.18,1500.0,293.62
2026-06-11,base1-15,42355,Holofoil,154.77,90.0,145.19,1199.0,180.0
2026-06-11,base1-16,42356,Holofoil,53.88,27.0,42.0,129.78,79.98
2026-06-11,base1-2,42360,Holofoil,230.0,160.0,219.17,9999.0,199.99
2026-06-11,base1-4,42382,Holofoil,619.22,499.0,699.95,1500.0,1499.09
2026-06-11,base1-58,42402,Normal,7.24,1.95,5.0,9999.0,7.31
2026-06-11,cel25c-4,250320,Holofoil,209.18,156.9,224.99,2999.99,172.59
2026-06-11,gym2-2,83861,1st Edition Holofoil,894.61,696.69,1499.99,2140.0,
2026-06-11,gym2-2,83861,Unlimited Holofoil,534.04,539.95,650.0,1499.99,539.95
2026-06-11,neo1-9,86903,1st Edition Holofoil,1599.98,1300.0,8000.0,10000.0,
2026-06-11,neo1-9,86903,Unlimited Holofoil,511.14,283.17,400.0,615.74,
2026-06-11,sl-151-bundle,502000,Normal,194.5,189.0,225.0,2999.99,
2026-06-11,sl-151-etb,503313,Normal,602.77,584.0,700.0,1787.01,
2026-06-11,sl-151-upc,502005,Normal,1053.4,1030.0,1259.0,35000.0,
2026-06-11,sl-ar-box,265519,Normal,412.52,425.0,475.5,900.0,
2026-06-11,sl-base-box,185731,Normal,,100000.0,100000.0,100000.0,
2026-06-11,sl-bs-box,256141,Normal,619.34,647.0,725.0,5000.0,
2026-06-11,sl-cel-upc,245140,Normal,1297.09,1380.0,1969.69,200000.0,
2026-06-11,sl-champ-etb,218791,Normal,241.19,227.95,255.0,650.0,
2026-06-11,sl-cz-etb,453470,Normal,347.39,335.0,425.0,1000.0,
2026-06-11,sl-dr-box,624679,Normal,594.91,580.0,655.24,2185.0,
2026-06-11,sl-evs-box,242436,Normal,2715.14,2698.0,3000.0,12000.0,
2026-06-11,sl-evs-etb,243721,Normal,913.46,1100.0,1198.99,3499.98,
2026-06-11,sl-fs-box,247654,Normal,1128.07,965.0,1250.0,6500.0,
2026-06-11,sl-hf-etb,194729,Normal,551.94,539.0,699.99,9999.98,
2026-06-11,sl-jp-151,565243,Normal,347.1,337.99,390.0,599.99,
2026-06-11,sl-jp-terastal,603428,Normal,126.86,99.99,150.0,250.0,
2026-06-11,sl-jt-box,610931,Normal,298.38,264.98,307.99,558.43,
2026-06-11,sl-lo-box,277324,Normal,806.95,750.0,934.99,2500.0,
2026-06-11,sl-me1-box,644298,Normal,310.75,305.0,340.0,999.99,
2026-06-11,sl-obf-box,501257,Normal,386.66,375.0,425.0,1000.0,
2026-06-11,sl-pe-etb,593355,Normal,166.64,155.0,200.0,2000.0,
2026-06-11,sl-pe-spc,622770,Normal,297.25,299.0,390.0,1500.0,
2026-06-11,sl-pf-etb,528040,Normal,492.71,464.0,589.81,800.0,
2026-06-11,sl-phf-box,654137,Normal,421.8,400.0,497.0,1000.0,
2026-06-11,sl-shf-etb,228821,Normal,149.24,134.74,199.97,500.0,
2026-06-11,sl-ss-box,565606,Normal,288.05,268.55,349.49,4999.99,
2026-06-11,sl-st-box,283389,Normal,557.22,550.0,592.47,1000.0,
2026-06-11,sl-tf-box,536225,Normal,333.94,320.0,349.99,599.99,
2026-06-11,sv2-185,497557,Normal,0.3,0.01,0.31,22.0,
2026-06-11,sv2-185,497557,Reverse Holofoil,0.67,0.2,0.74,17.84,0.45
2026-06-11,sv2-254,497669,Holofoil,11.1,9.0,12.5,112.22,12.6
2026-06-11,sv2-269,497689,Holofoil,68.45,62.67,78.64,526.82,67.75
2026-06-11,sv3pt5-151,516566,Holofoil,8.44,5.99,9.26,100.0,10.0
2026-06-11,sv3pt5-199,517045,Holofoil,487.0,380.37,500.0,1000.0,423.12
2026-06-11,sv3pt5-205,517051,Holofoil,33.96,28.5,37.41,170.2,31.4
2026-06-11,sv3pt5-4,502555,Normal,0.2,0.01,0.22,20.0,0.15
2026-06-11,sv3pt5-4,502555,Reverse Holofoil,0.38,0.1,0.38,19.97,0.75
2026-06-11,sv3pt5-6,502558,Holofoil,10.19,5.3,10.75,4321.0,7.98
2026-06-11,sv3pt5-7,502548,Normal,0.3,0.05,0.28,19.52,0.23
2026-06-11,sv3pt5-7,502548,Reverse Holofoil,0.39,0.07,0.39,4321.0,0.46
2026-06-11,sv4pt5-234,535090,Holofoil,336.93,324.0,383.35,1684.65,395.2
2026-06-11,sv4pt5-54,534416,Holofoil,5.5,3.3,5.5,60.0,5.08
2026-06-11,sv8-57,590025,Holofoil,4.49,2.87,5.0,49.55,4.19
2026-06-11,sv8pt5-149,610504,Holofoil,291.39,245.0,345.24,2000.0,
2026-06-11,sv8pt5-155,610510,Holofoil,334.73,294.5,349.99,999.0,
2026-06-11,sv8pt5-156,610511,Holofoil,502.98,525.0,797.69,4321.0,797.69
2026-06-11,sv8pt5-161,610516,Holofoil,1557.92,1229.81,1849.5,5000.0,1773.89
2026-06-11,sv8pt5-167,610522,Holofoil,189.03,179.99,210.04,3009.8,224.95
2026-06-11,sv8pt5-179,610534,Holofoil,71.79,68.57,83.92,999.0,
2026-06-11,sv8pt5-28,610383,Holofoil,2.14,1.4,2.66,4321.0,
2026-06-11,sv8pt5-47,610402,Normal,0.09,0.01,0.15,999.0,0.02
2026-06-11,sv8pt5-47,610402,Reverse Holofoil,0.19,0.01,0.2,999.0,0.01
2026-06-11,sv8pt5-59,610414,Holofoil,0.42,0.05,0.42,4321.0,
2026-06-11,sv8pt5-59,610414,Reverse Holofoil,0.58,0.14,0.55,4321.0,
2026-06-11,sv8pt5-60,610415,Holofoil,7.29,6.29,8.54,5000.0,7.12
2026-06-11,svp-085,518861,Normal,1011.36,1043.0,1499.99,6998.99,1999.88
2026-06-11,swsh11-186,284137,Holofoil,839.36,820.99,901.55,4196.8,988.48
2026-06-11,swsh12-186,451834,Holofoil,515.83,517.99,650.0,3760.77,680.0
2026-06-11,swsh12pt5gg-GG69,478100,Holofoil,395.84,380.0,444.72,1864.8,399.99
2026-06-11,swsh35-25,223018,Normal,0.2,0.05,0.21,19.98,
2026-06-11,swsh35-25,223018,Reverse Holofoil,0.14,0.1,0.29,19.98,
2026-06-11,swsh35-74,223073,Holofoil,198.74,215.0,249.42,2300.0,233.47
2026-06-11,swsh45sv-SV107,232496,Holofoil,146.62,92.56,178.02,999.99,92.56
2026-06-11,swsh7-204,246693,Holofoil,34.73,32.77,42.2,289.9,47.95
2026-06-11,swsh7-205,246696,Holofoil,393.63,357.45,397.17,599.69,590.24
2026-06-11,swsh7-208,246755,Holofoil,37.22,30.29,43.71,270.1,44.99
2026-06-11,swsh7-209,246756,Holofoil,293.43,295.08,359.97,1229.5,349.88
2026-06-11,swsh7-211,246702,Holofoil,56.2,49.49,60.24,450.0,60.24
2026-06-11,swsh7-212,246704,Holofoil,390.79,420.0,523.22,4249.73,499.98
2026-06-11,swsh7-215,246723,Holofoil,2261.15,1920.0,2527.91,6000.0,2527.91
2026-06-11,swsh7-218,246733,Holofoil,1062.96,849.99,1494.69,1749.0,1494.69
2026-06-11,swsh7-41,246753,Holofoil,8.22,5.0,9.3,24.97,8.49
2026-06-11,swsh7-65,246690,Holofoil,16.1,11.48,16.0,500.0,18.98
2026-06-11,swsh7-75,246701,Holofoil,18.62,15.0,20.3,141.86,18.74
2026-06-11,swsh7-8,246691,Holofoil,10.86,5.01,10.81,100.0,9.3
2026-06-11,swsh8-271,253266,Holofoil,979.95,799.69,1100.97,4899.75,944.99
2026-06-11,swsh9-154,263873,Holofoil,356.51,258.73,400.0,1500.0,293.62
2026-06-12,base1-15,42355,Holofoil,154.77,99.61,157.82,1199.0,180.0
2026-06-12,base1-16,42356,Holofoil,53.88,27.0,44.9,129.96,79.98
2026-06-12,base1-2,42360,Holofoil,230.0,160.0,220.0,9999.0,199.99
2026-06-12,base1-4,42382,Holofoil,619.22,505.55,699.99,1500.0,1499.09
2026-06-12,base1-58,42402,Normal,7.21,1.95,5.0,9999.0,7.19
2026-06-12,cel25c-4,250320,Holofoil,209.18,156.9,221.36,2999.99,172.59
2026-06-12,gym2-2,83861,1st Edition Holofoil,894.61,696.69,1499.99,2140.0,
2026-06-12,gym2-2,83861,Unlimited Holofoil,534.04,539.95,1201.29,1499.99,539.95
2026-06-12,neo1-9,86903,1st Edition Holofoil,1599.98,1300.0,8000.0,10000.0,
2026-06-12,neo1-9,86903,Unlimited Holofoil,511.14,283.17,399.99,615.74,
2026-06-12,sl-151-bundle,502000,Normal,193.87,181.21,224.69,2999.99,
2026-06-12,sl-151-etb,503313,Normal,598.09,598.99,680.0,1787.01,
2026-06-12,sl-151-upc,502005,Normal,1043.07,899.99,1254.5,35000.0,
2026-06-12,sl-ar-box,265519,Normal,412.52,425.97,476.0,900.0,
2026-06-12,sl-base-box,185731,Normal,,100000.0,100000.0,100000.0,
2026-06-12,sl-bs-box,256141,Normal,620.74,650.0,712.5,5000.0,
2026-06-12,sl-cel-upc,245140,Normal,1297.09,1380.0,1969.69,200000.0,
2026-06-12,sl-champ-etb,218791,Normal,241.19,227.95,255.0,650.0,
2026-06-12,sl-cz-etb,453470,Normal,344.87,335.0,420.0,1000.0,
2026-06-12,sl-dr-box,624679,Normal,594.01,580.0,655.24,2185.0,
2026-06-12,sl-evs-box,242436,Normal,2715.14,2620.0,3013.42,12000.0,
2026-06-12,sl-evs-etb,243721,Normal,913.46,1100.0,1198.99,3499.98,
2026-06-12,sl-fs-box,247654,Normal,1117.67,1039.0,1250.0,6500.0,
2026-06-12,sl-hf-etb,194729,Normal,551.94,539.0,700.0,9999.98,
2026-06-12,sl-jp-151,565243,Normal,347.1,337.99,389.99,599.99,
2026-06-12,sl-jp-terastal,603428,Normal,129.01,99.99,150.0,299.95,
2026-06-12,sl-jt-box,610931,Normal,296.29,264.98,307.99,558.43,
2026-06-12,sl-lo-box,277324,Normal,803.95,749.99,917.0,2500.0,
2026-06-12,sl-me1-box,644298,Normal,310.75,305.0,342.5,999.99,
2026-06-12,sl-obf-box,501257,Normal,387.38,375.0,425.0,1000.0,
2026-06-12,sl-pe-etb,593355,Normal,164.37,159.99,200.0,2000.0,
2026-06-12,sl-pe-spc,622770,Normal,282.13,2.0,390.0,1500.0,
2026-06-12,sl-pf-etb,528040,Normal,485.67,454.01,588.79,800.0,
2026-06-12,sl-phf-box,654137,Normal,424.85,400.0,497.0,1000.0,
2026-06-12,sl-shf-etb,228821,Normal,149.24,134.74,199.97,500.0,
2026-06-12,sl-ss-box,565606,Normal,286.72,268.55,348.99,4999.99,
2026-06-12,sl-st-box,283389,Normal,560.58,468.74,584.96,1000.0,
2026-06-12,sl-tf-box,536225,Normal,333.76,320.0,349.99,599.99,
2026-06-12,sv2-185,497557,Normal,0.26,0.01,0.31,22.0,0.24
2026-06-12,sv2-185,497557,Reverse Holofoil,0.64,0.2,0.73,17.82,0.45
2026-06-12,sv2-254,497669,Holofoil,11.17,9.0,12.66,112.22,12.74
2026-06-12,sv2-269,497689,Holofoil,68.26,60.99,78.32,526.8,67.75
2026-06-12,sv3pt5-151,516566,Holofoil,8.7,5.99,9.32,100.0,14.22
2026-06-12,sv3pt5-199,517045,Holofoil,490.2,380.37,500.0,1000.0,449.99
2026-06-12,sv3pt5-205,517051,Holofoil,33.85,28.5,37.41,169.8,31.4
2026-06-12,sv3pt5-4,502555,Normal,0.18,0.01,0.21,25.0,0.15
2026-06-12,sv3pt5-4,502555,Reverse Holofoil,0.45,0.1,0.4,19.97,0.42
2026-06-12,sv3pt5-6,502558,Holofoil,10.25,5.3,10.85,4321.0,14.25
2026-06-12,sv3pt5-7,502548,Normal,0.32,0.05,0.28,19.52,
2026-06-12,sv3pt5-7,502548,Reverse Holofoil,0.35,0.08,0.38,4321.0,0.45
2026-06-12,sv4pt5-234,535090,Holofoil,336.93,314.99,385.0,1684.65,395.24
2026-06-12,sv4pt5-54,534416,Holofoil,5.35,3.3,5.52,60.0,5.25
2026-06-12,sv8-57,590025,Holofoil,4.43,2.87,5.0,96.95,4.99
2026-06-12,sv8pt5-149,610504,Holofoil,301.5,246.99,364.23,2000.0,
2026-06-12,sv8pt5-155,610510,Holofoil,333.35,292.0,335.0,999.0,
2026-06-12,sv8pt5-156,610511,Holofoil,502.98,500.0,794.94,4321.0,794.94
2026-06-12,sv8pt5-161,610516,Holofoil,1553.74,1229.81,1849.5,5000.0,1553.74
2026-06-12,sv8pt5-167,610522,Holofoil,189.03,179.49,215.0,3009.8,224.89
2026-06-12,sv8pt5-179,610534,Holofoil,72.38,71.79,81.67,999.0,
2026-06-12,sv8pt5-28,610383,Holofoil,2.07,1.48,2.61,4321.0,
2026-06-12,sv8pt5-47,610402,Normal,0.08,0.01,0.15,999.0,0.02
2026-06-12,sv8pt5-47,610402,Reverse Holofoil,0.2,0.01,0.2,999.0,0.01
2026-06-12,sv8pt5-59,610414,Holofoil,0.42,0.05,0.42,4321.0,0.27
2026-06-12,sv8pt5-59,610414,Reverse Holofoil,0.62,0.14,0.56,4321.0,
2026-06-12,sv8pt5-60,610415,Holofoil,7.63,6.5,8.6,5000.0,9.36
2026-06-12,svp-085,518861,Normal,1011.36,1043.0,1499.99,6998.97,1499.99
2026-06-12,swsh11-186,284137,Holofoil,839.36,820.99,925.05,4196.8,988.48
2026-06-12,swsh12-186,451834,Holofoil,518.4,517.99,649.99,3760.75,638.17
2026-06-12,swsh12pt5gg-GG69,478100,Holofoil,402.58,380.0,457.4,1864.98,399.99
2026-06-12,swsh35-25,223018,Normal,0.2,0.05,0.21,19.98,
2026-06-12,swsh35-25,223018,Reverse Holofoil,0.12,0.09,0.29,19.98,
2026-06-12,swsh35-74,223073,Holofoil,198.74,219.99,249.99,2300.0,233.47
2026-06-12,swsh45sv-SV107,232496,Holofoil,148.29,120.85,182.88,999.99,154.72
2026-06-12,swsh7-204,246693,Holofoil,34.73,32.77,40.99,289.9,48.49
2026-06-12,swsh7-205,246696,Holofoil,393.63,384.0,400.13,599.69,395.0
2026-06-12,swsh7-208,246755,Holofoil,37.22,30.29,43.4,270.1,53.07
2026-06-12,swsh7-209,246756,Holofoil,295.24,295.08,359.97,1229.5,349.88
2026-06-12,swsh7-211,246702,Holofoil,56.7,54.5,60.25,450.0,60.25
2026-06-12,swsh7-212,246704,Holofoil,390.79,420.0,563.15,4249.73,499.98
2026-06-12,swsh7-215,246723,Holofoil,2292.45,1920.0,2540.0,6000.0,2899.0
2026-06-12,swsh7-218,246733,Holofoil,1047.06,849.99,1494.84,1749.0,1494.69
2026-06-12,swsh7-41,246753,Holofoil,8.06,5.0,9.34,24.97,8.2
2026-06-12,swsh7-65,246690,Holofoil,15.62,13.25,16.12,500.0,18.98
2026-06-12,swsh7-75,246701,Holofoil,19.39,15.0,20.33,141.86,18.74
2026-06-12,swsh7-8,246691,Holofoil,10.82,5.01,11.0,100.0,9.31
2026-06-12,swsh8-271,253266,Holofoil,979.95,799.69,1058.29,4899.75,944.99
2026-06-12,swsh9-154,263873,Holofoil,356.51,258.73,400.0,1500.0,315.22
2026-06-13,base1-15,42355,Holofoil,154.59,100.0,166.41,1199.0,180.0
2026-06-13,base1-16,42356,Holofoil,53.88,27.0,44.5,129.96,79.98
2026-06-13,base1-2,42360,Holofoil,230.0,149.0,219.17,9999.0,199.99
2026-06-13,base1-4,42382,Holofoil,619.22,534.99,699.97,1500.0,1499.09
2026-06-13,base1-58,42402,Normal,6.73,1.95,5.0,9999.0,6.72
2026-06-13,cel25c-4,250320,Holofoil,208.58,156.19,226.31,2999.99,171.81
2026-06-13,gym2-2,83861,1st Edition Holofoil,894.61,696.69,1499.99,2140.0,
2026-06-13,gym2-2,83861,Unlimited Holofoil,534.04,440.98,925.65,1499.99,
2026-06-13,neo1-9,86903,1st Edition Holofoil,1599.98,1300.0,8000.0,10000.0,
2026-06-13,neo1-9,86903,Unlimited Holofoil,511.14,283.17,394.65,616.98,
2026-06-13,sl-151-bundle,502000,Normal,193.28,189.0,224.99,2999.99,
2026-06-13,sl-151-etb,503313,Normal,596.06,589.0,680.92,1787.01,
2026-06-13,sl-151-upc,502005,Normal,1036.19,899.99,1265.84,35000.0,
2026-06-13,sl-ar-box,265519,Normal,412.52,425.99,476.0,900.0,
2026-06-13,sl-base-box,185731,Normal,,100000.0,100000.0,100000.0,
2026-06-13,sl-bs-box,256141,Normal,620.74,639.99,700.0,5000.0,
2026-06-13,sl-cel-upc,245140,Normal,1297.41,1380.0,1969.69,200000.0,
2026-06-13,sl-champ-etb,218791,Normal,241.19,215.0,250.0,650.0,
2026-06-13,sl-cz-etb,453470,Normal,344.27,335.0,420.0,1000.0,
2026-06-13,sl-dr-box,624679,Normal,595.15,580.0,655.24,2185.0,
2026-06-13,sl-evs-box,242436,Normal,2715.14,2620.0,3026.84,12000.0,
2026-06-13,sl-evs-etb,243721,Normal,921.52,1099.99,1197.0,3499.98,
2026-06-13,sl-fs-box,247654,Normal,1117.67,1039.0,1250.0,6500.0,
2026-06-13,sl-hf-etb,194729,Normal,551.94,539.0,700.0,9999.98,
2026-06-13,sl-jp-151,565243,Normal,347.5,339.01,394.0,500.0,
2026-06-13,sl-jp-terastal,603428,Normal,129.88,99.99,157.49,299.95,
2026-06-13,sl-jt-box,610931,Normal,295.06,264.98,307.99,558.43,
2026-06-13,sl-lo-box,277324,Normal,772.75,749.99,985.0,2500.0,
2026-06-13,sl-me1-box,644298,Normal,308.9,305.0,339.49,999.99,
2026-06-13,sl-obf-box,501257,Normal,387.54,375.0,427.5,1000.0,
2026-06-13,sl-pe-etb,593355,Normal,165.93,153.96,200.0,2000.0,
2026-06-13,sl-pe-spc,622770,Normal,296.85,300.0,390.0,1500.0,
2026-06-13,sl-pf-etb,528040,Normal,483.91,475.0,589.62,800.0,
2026-06-13,sl-phf-box,654137,Normal,425.62,400.0,499.0,1000.0,
2026-06-13,sl-shf-etb,228821,Normal,149.4,134.74,199.97,500.0,
2026-06-13,sl-ss-box,565606,Normal,289.0,268.55,348.99,4999.99,
2026-06-13,sl-st-box,283389,Normal,557.12,550.0,584.96,1000.0,
2026-06-13,sl-tf-box,536225,Normal,333.56,320.0,349.99,599.99,
2026-06-13,sv2-185,497557,Normal,0.25,0.01,0.3,22.0,
2026-06-13,sv2-185,497557,Reverse Holofoil,0.65,0.2,0.72,17.8,0.87
2026-06-13,sv2-254,497669,Holofoil,11.3,9.0,12.7,112.22,15.56
2026-06-13,sv2-269,497689,Holofoil,67.46,60.0,77.46,526.78,67.75
2026-06-13,sv3pt5-151,516566,Holofoil,9.54,5.99,9.42,100.0,14.22
2026-06-13,sv3pt5-199,517045,Holofoil,497.52,380.37,500.0,10000.0,449.99
2026-06-13,sv3pt5-205,517051,Holofoil,34.21,28.5,37.3,169.6,31.4
2026-06-13,sv3pt5-4,502555,Normal,0.19,0.01,0.21,25.0,0.1
2026-06-13,sv3pt5-4,502555,Reverse Holofoil,0.48,0.1,0.43,19.97,0.42
2026-06-13,sv3pt5-6,502558,Holofoil,9.73,5.3,10.7,4321.0,12.0
2026-06-13,sv3pt5-7,502548,Normal,0.29,0.05,0.28,19.5,0.16
2026-06-13,sv3pt5-7,502548,Reverse Holofoil,0.32,0.08,0.37,4321.0,0.4
2026-06-13,sv4pt5-234,535090,Holofoil,337.89,274.98,377.99,1689.45,395.23
2026-06-13,sv4pt5-54,534416,Holofoil,5.29,3.0,5.52,60.0,5.52
2026-06-13,sv8-57,590025,Holofoil,4.48,2.99,5.0,96.95,6.6
2026-06-13,sv8pt5-149,610504,Holofoil,300.86,280.27,375.54,2000.0,
2026-06-13,sv8pt5-155,610510,Holofoil,324.55,294.49,342.5,999.0,
2026-06-13,sv8pt5-156,610511,Holofoil,505.46,499.0,700.0,4321.0,500.25
2026-06-13,sv8pt5-161,610516,Holofoil,1553.74,1229.81,1800.0,3998.52,1522.67
2026-06-13,sv8pt5-167,610522,Holofoil,189.03,179.99,206.04,3009.8,224.89
2026-06-13,sv8pt5-179,610534,Holofoil,71.84,71.79,87.24,999.0,79.99
2026-06-13,sv8pt5-28,610383,Holofoil,2.17,1.4,2.55,4321.0,2.99
2026-06-13,sv8pt5-47,610402,Normal,0.07,0.01,0.15,999.0,0.02
2026-06-13,sv8pt5-47,610402,Reverse Holofoil,0.2,0.01,0.2,999.0,0.01
2026-06-13,sv8pt5-59,610414,Holofoil,0.42,0.05,0.41,4321.0,0.4
2026-06-13,sv8pt5-59,610414,Reverse Holofoil,0.65,0.14,0.57,4321.0,0.56
2026-06-13,sv8pt5-60,610415,Holofoil,7.87,5.48,8.67,5000.0,10.16
2026-06-13,svp-085,518861,Normal,1011.36,1039.99,1449.99,6998.95,1499.99
2026-06-13,swsh11-186,284137,Holofoil,839.36,820.99,903.09,4196.8,988.48
2026-06-13,swsh12-186,451834,Holofoil,524.58,517.99,650.0,3760.73,638.17
2026-06-13,swsh12pt5gg-GG69,478100,Holofoil,402.58,380.0,449.99,1864.98,399.99
2026-06-13,swsh35-25,223018,Normal,0.2,0.05,0.21,19.98,
2026-06-13,swsh35-25,223018,Reverse Holofoil,0.12,0.09,0.29,19.98,
2026-06-13,swsh35-74,223073,Holofoil,208.86,215.0,279.24,2300.0,248.69
2026-06-13,swsh45sv-SV107,232496,Holofoil,148.29,120.85,182.77,275.0,125.33
2026-06-13,swsh7-204,246693,Holofoil,34.95,32.77,40.99,289.9,48.89
2026-06-13,swsh7-205,246696,Holofoil,393.63,384.0,400.13,1499.99,395.0
2026-06-13,swsh7-208,246755,Holofoil,37.26,35.0,44.88,270.1,53.07
2026-06-13,swsh7-209,246756,Holofoil,295.23,295.08,359.95,1229.5,349.88
2026-06-13,swsh7-211,246702,Holofoil,56.7,54.5,60.25,450.0,60.25
2026-06-13,swsh7-212,246704,Holofoil,390.79,420.0,559.75,4249.73,499.98
2026-06-13,swsh7-215,246723,Holofoil,2292.45,1920.0,2540.0,6000.0,2899.0
2026-06-13,swsh7-218,246733,Holofoil,1047.06,849.99,1495.0,3499.99,1499.99
2026-06-13,swsh7-41,246753,Holofoil,8.11,5.0,9.25,24.97,8.2
2026-06-13,swsh7-65,246690,Holofoil,15.56,13.25,16.0,500.0,14.99
2026-06-13,swsh7-75,246701,Holofoil,19.35,15.0,20.46,141.86,24.0
2026-06-13,swsh7-8,246691,Holofoil,10.76,5.01,10.91,100.0,10.12
2026-06-13,swsh8-271,253266,Holofoil,977.43,799.69,1176.92,4899.75,944.99
2026-06-13,swsh9-154,263873,Holofoil,356.51,258.73,400.0,1500.0,315.22
2026-06-14,base1-15,42355,Holofoil,154.59,99.5,157.82,1199.0,180.0
2026-06-14,base1-16,42356,Holofoil,53.88,30.5,45.0,129.96,79.98
2026-06-14,base1-2,42360,Holofoil,230.0,150.74,218.34,9999.0,199.99
2026-06-14,base1-4,42382,Holofoil,630.39,534.99,699.97,1500.0,1499.09
2026-06-14,base1-58,42402,Normal,6.75,1.95,5.0,9999.0,9.73
2026-06-14,cel25c-4,250320,Holofoil,208.58,156.19,233.7,2999.99,174.12
2026-06-14,gym2-2,83861,1st Edition Holofoil,894.61,696.69,1499.99,2140.0,
2026-06-14,gym2-2,83861,Unlimited Holofoil,534.04,399.99,572.22,1499.99,
2026-06-14,neo1-9,86903,1st Edition Holofoil,1599.98,1300.0,8000.0,10000.0,
2026-06-14,neo1-9,86903,Unlimited Holofoil,511.14,273.38,447.5,615.74,
2026-06-14,sl-151-bundle,502000,Normal,194.38,189.0,224.38,2999.99,
2026-06-14,sl-151-etb,503313,Normal,594.62,589.0,680.0,1787.01,
2026-06-14,sl-151-upc,502005,Normal,1026.23,950.0,1259.0,35000.0,
2026-06-14,sl-ar-box,265519,Normal,412.52,425.99,476.0,900.0,
2026-06-14,sl-base-box,185731,Normal,,100000.0,100000.0,100000.0,
2026-06-14,sl-bs-box,256141,Normal,620.74,639.99,700.0,5000.0,
2026-06-14,sl-cel-upc,245140,Normal,1297.41,1380.0,1969.84,200000.0,
2026-06-14,sl-champ-etb,218791,Normal,240.8,215.0,250.0,650.0,
2026-06-14,sl-cz-etb,453470,Normal,344.27,335.0,420.0,1000.0,
2026-06-14,sl-dr-box,624679,Normal,597.43,580.0,654.49,2185.0,
2026-06-14,sl-evs-box,242436,Normal,2715.14,2575.0,3026.84,12000.0,
2026-06-14,sl-evs-etb,243721,Normal,928.98,1099.99,1198.99,3499.98,
2026-06-14,sl-fs-box,247654,Normal,1117.67,1020.99,1294.99,6500.0,
2026-06-14,sl-hf-etb,194729,Normal,551.94,539.0,700.0,9999.98,
2026-06-14,sl-jp-151,565243,Normal,346.41,339.01,390.0,500.0,
2026-06-14,sl-jp-terastal,603428,Normal,131.34,99.99,160.0,299.95,
2026-06-14,sl-jt-box,610931,Normal,296.29,264.98,307.99,558.43,
2026-06-14,sl-lo-box,277324,Normal,771.95,785.0,994.5,2500.0,
2026-06-14,sl-me1-box,644298,Normal,305.59,300.0,338.85,999.99,
2026-06-14,sl-obf-box,501257,Normal,387.54,390.68,429.99,1000.0,
2026-06-14,sl-pe-etb,593355,Normal,163.25,155.45,200.0,2000.0,
2026-06-14,sl-pe-spc,622770,Normal,304.66,300.0,400.0,1500.0,
2026-06-14,sl-pf-etb,528040,Normal,482.11,499.0,590.0,800.0,
2026-06-14,sl-phf-box,654137,Normal,426.54,400.0,507.11,1000.0,
2026-06-14,sl-shf-etb,228821,Normal,148.52,134.74,191.98,500.0,
2026-06-14,sl-ss-box,565606,Normal,289.26,285.0,349.49,4999.99,
2026-06-14,sl-st-box,283389,Normal,557.12,550.0,575.0,1000.0,
2026-06-14,sl-tf-box,536225,Normal,333.59,320.0,349.99,599.99,
2026-06-14,sv2-185,497557,Normal,0.25,0.01,0.3,22.0,
2026-06-14,sv2-185,497557,Reverse Holofoil,0.68,0.2,0.73,17.78,1.53
2026-06-14,sv2-254,497669,Holofoil,11.41,9.0,12.58,112.22,16.22
2026-06-14,sv2-269,497689,Holofoil,67.28,60.0,78.32,526.76,67.75
2026-06-14,sv3pt5-151,516566,Holofoil,9.23,5.99,9.44,100.0,8.74
2026-06-14,sv3pt5-199,517045,Holofoil,491.72,380.0,500.0,10000.0,500.0
2026-06-14,sv3pt5-205,517051,Holofoil,34.44,28.5,37.46,170.45,32.89
2026-06-14,sv3pt5-4,502555,Normal,0.16,0.01,0.21,25.0,0.15
2026-06-14,sv3pt5-4,502555,Reverse Holofoil,0.44,0.1,0.42,19.97,0.42
2026-06-14,sv3pt5-6,502558,Holofoil,10.01,5.3,10.71,4321.0,9.29
2026-06-14,sv3pt5-7,502548,Normal,0.27,0.05,0.27,19.48,
2026-06-14,sv3pt5-7,502548,Reverse Holofoil,0.47,0.08,0.4,4321.0,0.38
2026-06-14,sv4pt5-234,535090,Holofoil,335.49,299.99,384.9,1689.45,395.23
2026-06-14,sv4pt5-54,534416,Holofoil,5.42,3.3,5.63,60.0,6.99
2026-06-14,sv8-57,590025,Holofoil,4.87,2.89,5.0,300.0,6.28
2026-06-14,sv8pt5-149,610504,Holofoil,300.86,277.49,376.07,2000.0,
2026-06-14,sv8pt5-155,610510,Holofoil,323.78,295.0,349.99,999.0,
2026-06-14,sv8pt5-156,610511,Holofoil,505.46,494.74,794.94,4321.0,494.74
2026-06-14,sv8pt5-161,610516,Holofoil,1562.28,1229.81,1800.0,3998.5,2447.18
2026-06-14,sv8pt5-167,610522,Holofoil,189.43,179.99,204.59,3009.8,224.89
2026-06-14,sv8pt5-179,610534,Holofoil,71.28,70.99,81.84,999.0,
2026-06-14,sv8pt5-28,610383,Holofoil,2.16,1.48,2.58,4321.0,3.22
2026-06-14,sv8pt5-47,610402,Normal,0.08,0.01,0.15,999.0,0.02
2026-06-14,sv8pt5-47,610402,Reverse Holofoil,0.2,0.01,0.2,999.0,0.01
2026-06-14,sv8pt5-59,610414,Holofoil,0.44,0.05,0.41,4321.0,
2026-06-14,sv8pt5-59,610414,Reverse Holofoil,0.68,0.14,0.59,4321.0,
2026-06-14,sv8pt5-60,610415,Holofoil,7.58,6.5,8.49,5000.0,8.27
2026-06-14,svp-085,518861,Normal,1011.36,1039.99,1399.99,6998.93,1499.99
2026-06-14,swsh11-186,284137,Holofoil,839.36,820.99,901.55,4196.8,988.48
2026-06-14,swsh12-186,451834,Holofoil,524.58,517.99,650.0,3760.71,638.17
2026-06-14,swsh12pt5gg-GG69,478100,Holofoil,402.58,380.0,449.99,1864.98,399.99
2026-06-14,swsh35-25,223018,Normal,0.2,0.05,0.21,19.98,
2026-06-14,swsh35-25,223018,Reverse Holofoil,0.12,0.1,0.28,19.98,
2026-06-14,swsh35-74,223073,Holofoil,208.86,215.0,279.24,2300.0,248.69
2026-06-14,swsh45sv-SV107,232496,Holofoil,149.81,114.2,182.9,999.99,114.2
2026-06-14,swsh7-204,246693,Holofoil,35.09,33.02,43.86,289.9,48.89
2026-06-14,swsh7-205,246696,Holofoil,393.63,384.0,425.07,1499.99,395.0
2026-06-14,swsh7-208,246755,Holofoil,36.82,35.99,44.95,270.1,53.07
2026-06-14,swsh7-209,246756,Holofoil,295.23,295.08,359.48,1229.5,349.88
2026-06-14,swsh7-211,246702,Holofoil,56.7,54.5,59.96,450.0,60.25
2026-06-14,swsh7-212,246704,Holofoil,390.79,375.0,523.22,4249.73,499.98
2026-06-14,swsh7-215,246723,Holofoil,2292.45,1920.0,2540.0,6000.0,2899.0
2026-06-14,swsh7-218,246733,Holofoil,1030.44,1249.99,1500.0,3499.99,1499.99
2026-06-14,swsh7-41,246753,Holofoil,8.17,5.0,9.22,24.97,8.2
2026-06-14,swsh7-65,246690,Holofoil,15.71,13.19,16.0,500.0,18.99
2026-06-14,swsh7-75,246701,Holofoil,18.63,15.0,20.39,141.86,24.0
2026-06-14,swsh7-8,246691,Holofoil,10.47,5.01,11.0,100.0,11.0
2026-06-14,swsh8-271,253266,Holofoil,977.43,672.45,1071.8,4887.15,944.99
2026-06-14,swsh9-154,263873,Holofoil,356.51,258.73,400.0,1500.0,315.22
2026-06-15,base1-15,42355,Holofoil,154.35,99.5,162.07,1199.0,180.0
2026-06-15,base1-16,42356,Holofoil,53.88,30.0,45.0,129.96,79.98
2026-06-15,base1-2,42360,Holofoil,218.33,160.83,229.84,9999.0,199.99
2026-06-15,base1-4,42382,Holofoil,630.39,534.99,685.7,1500.0,1499.09
2026-06-15,base1-58,42402,Normal,6.43,1.95,4.99,9999.0,
2026-06-15,cel25c-4,250320,Holofoil,207.36,156.19,230.95,2999.99,174.12
2026-06-15,gym2-2,83861,1st Edition Holofoil,894.61,696.69,1499.99,2140.0,
2026-06-15,gym2-2,83861,Unlimited Holofoil,557.05,399.99,572.22,1499.99,
2026-06-15,neo1-9,86903,1st Edition Holofoil,1599.98,1300.0,8000.0,10000.0,
2026-06-15,neo1-9,86903,Unlimited Holofoil,521.16,274.88,447.5,615.74,
2026-06-15,sl-151-bundle,502000,Normal,195.35,185.0,225.0,2999.99,
2026-06-15,sl-151-etb,503313,Normal,590.55,589.0,690.92,1787.01,
2026-06-15,sl-151-upc,502005,Normal,1020.99,950.0,1265.84,35000.0,
2026-06-15,sl-ar-box,265519,Normal,412.52,425.99,475.5,900.0,
2026-06-15,sl-base-box,185731,Normal,,100000.0,100000.0,100000.0,
2026-06-15,sl-bs-box,256141,Normal,621.95,650.0,715.0,5000.0,
2026-06-15,sl-cel-upc,245140,Normal,1297.41,1380.0,1969.69,200000.0,
2026-06-15,sl-champ-etb,218791,Normal,240.8,215.0,250.0,650.0,
2026-06-15,sl-cz-etb,453470,Normal,344.27,335.0,415.0,1000.0,
2026-06-15,sl-dr-box,624679,Normal,596.06,580.0,654.49,2185.0,
2026-06-15,sl-evs-box,242436,Normal,2715.14,2575.0,3026.84,12000.0,
2026-06-15,sl-evs-etb,243721,Normal,942.66,1099.99,1199.99,3499.98,
2026-06-15,sl-fs-box,247654,Normal,1113.51,1020.99,1294.99,6500.0,
2026-06-15,sl-hf-etb,194729,Normal,551.55,545.0,699.99,9999.98,
2026-06-15,sl-jp-151,565243,Normal,344.17,337.0,389.99,599.99,
2026-06-15,sl-jp-terastal,603428,Normal,131.15,99.99,160.0,299.95,
2026-06-15,sl-jt-box,610931,Normal,291.62,264.98,307.99,558.43,
2026-06-15,sl-lo-box,277324,Normal,774.75,779.99,987.44,2500.0,
2026-06-15,sl-me1-box,644298,Normal,299.24,299.8,337.24,999.99,
2026-06-15,sl-obf-box,501257,Normal,387.18,390.68,431.05,1000.0,
2026-06-15,sl-pe-etb,593355,Normal,166.44,155.45,200.0,2000.0,
2026-06-15,sl-pe-spc,622770,Normal,310.17,309.85,399.99,1500.0,
2026-06-15,sl-pf-etb,528040,Normal,481.87,499.0,589.81,800.0,
2026-06-15,sl-phf-box,654137,Normal,409.96,400.0,499.5,1000.0,
2026-06-15,sl-shf-etb,228821,Normal,147.65,134.74,194.98,500.0,
2026-06-15,sl-ss-box,565606,Normal,283.75,290.0,349.0,4999.99,
2026-06-15,sl-st-box,283389,Normal,559.36,550.0,592.47,1000.0,
2026-06-15,sl-tf-box,536225,Normal,331.52,320.0,349.99,599.99,
2026-06-15,sv2-185,497557,Normal,0.25,0.01,0.3,22.0,
2026-06-15,sv2-185,497557,Reverse Holofoil,0.75,0.2,0.75,17.76,1.53
2026-06-15,sv2-254,497669,Holofoil,11.65,9.0,12.5,112.22,16.21
2026-06-15,sv2-269,497689,Holofoil,67.21,60.0,77.34,526.74,67.75
2026-06-15,sv3pt5-151,516566,Holofoil,9.17,5.99,9.41,100.0,9.17
2026-06-15,sv3pt5-199,517045,Holofoil,491.72,380.0,499.99,10000.0,491.72
2026-06-15,sv3pt5-205,517051,Holofoil,34.68,28.5,37.26,129.99,34.5
2026-06-15,sv3pt5-4,502555,Normal,0.2,0.01,0.22,25.0,0.15
2026-06-15,sv3pt5-4,502555,Reverse Holofoil,0.47,0.1,0.44,19.97,0.73
2026-06-15,sv3pt5-6,502558,Holofoil,9.82,5.3,10.7,4321.0,12.0
2026-06-15,sv3pt5-7,502548,Normal,0.23,0.05,0.26,19.48,
2026-06-15,sv3pt5-7,502548,Reverse Holofoil,0.48,0.08,0.41,1000.36,
2026-06-15,sv4pt5-234,535090,Holofoil,336.68,299.99,377.99,658.0,395.19
2026-06-15,sv4pt5-54,534416,Holofoil,5.67,3.3,5.71,60.0,6.44
2026-06-15,sv8-57,590025,Holofoil,4.86,2.99,5.0,96.95,5.54
2026-06-15,sv8pt5-149,610504,Holofoil,300.86,277.49,376.07,2000.0,
2026-06-15,sv8pt5-155,610510,Holofoil,324.77,290.59,335.0,999.0,
2026-06-15,sv8pt5-156,610511,Holofoil,510.48,499.99,794.94,1998.48,649.99
2026-06-15,sv8pt5-161,610516,Holofoil,1565.84,1229.8,1837.0,3998.48,1773.89
2026-06-15,sv8pt5-167,610522,Holofoil,188.47,179.99,215.0,3009.8,224.89
2026-06-15,sv8pt5-179,610534,Holofoil,71.16,66.92,80.0,999.0,
2026-06-15,sv8pt5-28,610383,Holofoil,2.54,1.47,2.67,4321.0,
2026-06-15,sv8pt5-47,610402,Normal,0.06,0.01,0.15,999.0,0.02
2026-06-15,sv8pt5-47,610402,Reverse Holofoil,0.18,0.01,0.2,999.0,0.01
2026-06-15,sv8pt5-59,610414,Holofoil,0.4,0.05,0.42,4321.0,
2026-06-15,sv8pt5-59,610414,Reverse Holofoil,0.67,0.14,0.6,4321.0,
2026-06-15,sv8pt5-60,610415,Holofoil,8.27,6.5,8.7,5000.0,14.68
2026-06-15,svp-085,518861,Normal,1011.36,1039.78,1399.99,6998.91,1499.99
2026-06-15,swsh11-186,284137,Holofoil,839.36,820.99,901.55,3699.8,988.48
2026-06-15,swsh12-186,451834,Holofoil,524.58,517.99,650.0,3760.69,629.99
2026-06-15,swsh12pt5gg-GG69,478100,Holofoil,402.38,386.0,453.69,1864.98,399.99
2026-06-15,swsh35-25,223018,Normal,0.21,0.05,0.21,19.98,
2026-06-15,swsh35-25,223018,Reverse Holofoil,0.12,0.1,0.29,19.98,
2026-06-15,swsh35-74,223073,Holofoil,208.86,215.0,298.97,2300.0,258.49
2026-06-15,swsh45sv-SV107,232496,Holofoil,149.82,114.2,182.89,349.95,114.2
2026-06-15,swsh7-204,246693,Holofoil,35.65,33.02,42.78,289.9,48.89
2026-06-15,swsh7-205,246696,Holofoil,393.63,384.0,425.07,1499.99,395.0
2026-06-15,swsh7-208,246755,Holofoil,35.76,35.99,44.88,270.1,52.99
2026-06-15,swsh7-209,246756,Holofoil,295.23,295.08,359.95,499.69,349.88
2026-06-15,swsh7-211,246702,Holofoil,56.84,55.0,59.67,450.0,60.25
2026-06-15,swsh7-212,246704,Holofoil,390.79,360.0,514.52,4249.73,499.98
2026-06-15,swsh7-215,246723,Holofoil,2292.45,1999.99,2540.0,6000.0,2899.0
2026-06-15,swsh7-218,246733,Holofoil,1055.07,1249.99,1500.0,3499.99,1493.99
2026-06-15,swsh7-41,246753,Holofoil,7.88,5.0,9.45,24.97,10.5
2026-06-15,swsh7-65,246690,Holofoil,15.64,13.48,16.43,500.0,17.5
2026-06-15,swsh7-75,246701,Holofoil,18.69,15.0,20.39,141.86,24.0
2026-06-15,swsh7-8,246691,Holofoil,10.33,5.01,11.25,100.0,16.99
2026-06-15,swsh8-271,253266,Holofoil,977.43,800.99,1000.0,2749.99,944.99
2026-06-15,swsh9-154,263873,Holofoil,351.95,258.73,400.0,1500.0,311.17
2026-06-16,base1-15,42355,Holofoil,153.83,99.5,162.07,1199.0,100.99
2026-06-16,base1-16,42356,Holofoil,53.84,32.54,45.0,129.66,33.99
2026-06-16,base1-2,42360,Holofoil,220.45,161.23,214.17,9999.0,199.99
2026-06-16,base1-4,42382,Holofoil,630.39,534.99,677.44,1500.0,651.39
2026-06-16,base1-58,42402,Normal,6.57,1.95,4.92,9999.0,
2026-06-16,cel25c-4,250320,Holofoil,207.36,156.19,233.81,2999.99,174.12
2026-06-16,gym2-2,83861,1st Edition Holofoil,894.61,696.69,1499.99,2140.0,
2026-06-16,gym2-2,83861,Unlimited Holofoil,557.05,379.99,494.43,1499.99,
2026-06-16,neo1-9,86903,1st Edition Holofoil,1599.98,1300.0,8000.0,10000.0,
2026-06-16,neo1-9,86903,Unlimited Holofoil,521.16,289.35,449.98,615.74,
2026-06-16,sl-151-bundle,502000,Normal,194.74,189.0,228.75,2999.99,
2026-06-16,sl-151-etb,503313,Normal,591.72,589.0,699.99,1787.01,
2026-06-16,sl-151-upc,502005,Normal,1021.07,950.0,1250.0,35000.0,
2026-06-16,sl-ar-box,265519,Normal,413.76,420.0,465.0,900.0,
2026-06-16,sl-base-box,185731,Normal,,100000.0,100000.0,100000.0,
2026-06-16,sl-bs-box,256141,Normal,621.95,649.0,707.5,5000.0,
2026-06-16,sl-cel-upc,245140,Normal,1297.41,1380.0,1969.69,200000.0,
2026-06-16,sl-champ-etb,218791,Normal,240.8,215.0,250.0,650.0,
2026-06-16,sl-cz-etb,453470,Normal,343.89,344.99,422.5,1000.0,
2026-06-16,sl-dr-box,624679,Normal,597.46,580.0,650.0,2185.0,
2026-06-16,sl-evs-box,242436,Normal,2715.14,2575.0,3013.42,12000.0,
2026-06-16,sl-evs-etb,243721,Normal,956.18,1099.99,1200.99,3499.98,
2026-06-16,sl-fs-box,247654,Normal,1113.47,1014.99,1250.0,6500.0,
2026-06-16,sl-hf-etb,194729,Normal,551.55,545.0,650.0,9999.98,
2026-06-16,sl-jp-151,565243,Normal,341.25,336.95,384.99,599.99,
2026-06-16,sl-jp-terastal,603428,Normal,128.63,99.99,160.0,299.95,
2026-06-16,sl-jt-box,610931,Normal,290.84,264.98,307.99,558.43,
2026-06-16,sl-lo-box,277324,Normal,775.04,769.99,934.99,2500.0,
2026-06-16,sl-me1-box,644298,Normal,294.84,299.8,339.49,999.99,
2026-06-16,sl-obf-box,501257,Normal,390.23,399.97,449.84,1000.0,
2026-06-16,sl-pe-etb,593355,Normal,167.51,155.45,200.0,2000.0,
2026-06-16,sl-pe-spc,622770,Normal,316.18,300.0,399.99,1500.0,
2026-06-16,sl-pf-etb,528040,Normal,481.87,499.0,589.81,800.0,
2026-06-16,sl-phf-box,654137,Normal,426.27,400.0,498.0,1000.0,
2026-06-16,sl-shf-etb,228821,Normal,147.53,134.74,194.98,500.0,
2026-06-16,sl-ss-box,565606,Normal,289.83,300.0,350.0,4999.99,
2026-06-16,sl-st-box,283389,Normal,559.69,539.99,579.98,1000.0,
2026-06-16,sl-tf-box,536225,Normal,331.15,319.98,349.99,599.99,
2026-06-16,sv2-185,497557,Normal,0.27,0.01,0.3,22.0,
2026-06-16,sv2-185,497557,Reverse Holofoil,0.76,0.2,0.75,17.72,1.53
2026-06-16,sv2-254,497669,Holofoil,11.98,9.0,12.5,112.22,16.98
2026-06-16,sv2-269,497689,Holofoil,66.36,60.0,75.73,526.7,67.75
2026-06-16,sv3pt5-151,516566,Holofoil,8.63,5.99,9.32,100.0,7.34
2026-06-16,sv3pt5-199,517045,Holofoil,482.59,380.0,495.86,10000.0,387.5
2026-06-16,sv3pt5-205,517051,Holofoil,34.23,28.5,37.03,129.99,31.41
2026-06-16,sv3pt5-4,502555,Normal,0.18,0.01,0.23,25.0,0.15
2026-06-16,sv3pt5-4,502555,Reverse Holofoil,0.46,0.1,0.46,19.97,0.46
2026-06-16,sv3pt5-6,502558,Holofoil,9.82,6.23,11.0,112.99,8.71
2026-06-16,sv3pt5-7,502548,Normal,0.22,0.05,0.25,19.48,0.19
2026-06-16,sv3pt5-7,502548,Reverse Holofoil,0.42,0.08,0.4,1000.36,0.38
2026-06-16,sv4pt5-234,535090,Holofoil,335.83,300.0,376.49,658.0,335.49
2026-06-16,sv4pt5-54,534416,Holofoil,5.59,3.3,6.0,60.0,5.0
2026-06-16,sv8-57,590025,Holofoil,4.42,2.99,5.0,49.43,3.0
2026-06-16,sv8pt5-149,610504,Holofoil,300.86,272.0,375.0,2000.0,
2026-06-16,sv8pt5-155,610510,Holofoil,321.16,290.59,332.73,999.0,
2026-06-16,sv8pt5-156,610511,Holofoil,523.22,499.99,794.99,1998.44,649.99
2026-06-16,sv8pt5-161,610516,Holofoil,1565.84,1229.8,1774.44,3998.44,1773.89
2026-06-16,sv8pt5-167,610522,Holofoil,188.47,179.99,201.83,3009.8,224.89
2026-06-16,sv8pt5-179,610534,Holofoil,70.95,65.93,79.99,999.0,
2026-06-16,sv8pt5-28,610383,Holofoil,2.21,1.46,2.69,999.0,
2026-06-16,sv8pt5-47,610402,Normal,0.06,0.01,0.15,999.0,0.02
2026-06-16,sv8pt5-47,610402,Reverse Holofoil,0.18,0.01,0.2,999.0,0.01
2026-06-16,sv8pt5-59,610414,Holofoil,0.43,0.05,0.43,999.0,0.46
2026-06-16,sv8pt5-59,610414,Reverse Holofoil,0.63,0.14,0.6,999.0,
2026-06-16,sv8pt5-60,610415,Holofoil,7.56,6.5,8.57,5000.0,9.6
2026-06-16,svp-085,518861,Normal,1011.36,1039.78,1360.0,6998.87,1999.88
2026-06-16,swsh11-186,284137,Holofoil,844.61,820.99,900.0,3699.8,988.48
2026-06-16,swsh12-186,451834,Holofoil,526.35,517.8,650.0,3760.65,629.99
2026-06-16,swsh12pt5gg-GG69,478100,Holofoil,402.38,380.0,449.98,1864.72,449.97
2026-06-16,swsh35-25,223018,Normal,0.21,0.05,0.21,19.98,
2026-06-16,swsh35-25,223018,Reverse Holofoil,0.12,0.1,0.29,19.98,
2026-06-16,swsh35-74,223073,Holofoil,208.86,159.99,264.24,2300.0,258.49
2026-06-16,swsh45sv-SV107,232496,Holofoil,149.82,114.2,180.0,349.95,114.2
2026-06-16,swsh7-204,246693,Holofoil,35.78,33.02,42.94,289.9,48.89
2026-06-16,swsh7-205,246696,Holofoil,393.63,384.0,425.07,1499.99,395.0
2026-06-16,swsh7-208,246755,Holofoil,36.24,35.99,45.0,270.1,52.99
2026-06-16,swsh7-209,246756,Holofoil,295.23,295.08,359.0,499.69,349.88
2026-06-16,swsh7-211,246702,Holofoil,57.17,55.0,60.03,450.0,64.98
2026-06-16,swsh7-212,246704,Holofoil,390.79,349.99,499.98,4249.73,421.24
2026-06-16,swsh7-215,246723,Holofoil,2271.3,1999.99,2540.0,6000.0,2899.0
2026-06-16,swsh7-218,246733,Holofoil,1055.07,1249.99,1497.5,3499.99,1493.99
2026-06-16,swsh7-41,246753,Holofoil,8.25,5.0,9.5,24.97,9.9
2026-06-16,swsh7-65,246690,Holofoil,15.45,13.48,16.39,500.0,13.48
2026-06-16,swsh7-75,246701,Holofoil,18.59,15.0,20.42,141.86,24.0
2026-06-16,swsh7-8,246691,Holofoil,10.42,5.01,11.29,100.0,10.47
2026-06-16,swsh8-271,253266,Holofoil,977.43,800.99,1143.59,2749.99,944.99
2026-06-16,swsh9-154,263873,Holofoil,346.04,260.22,400.0,1500.0,311.17
2026-06-17,base1-15,42355,Holofoil,153.83,102.52,180.0,1199.0,180.0
2026-06-17,base1-16,42356,Holofoil,53.84,32.54,45.0,129.96,34.0
2026-06-17,base1-2,42360,Holofoil,220.45,161.23,228.98,9999.0,199.99
2026-06-17,base1-4,42382,Holofoil,630.39,534.99,677.44,1500.0,651.38
2026-06-17,base1-58,42402,Normal,6.53,1.95,4.85,9999.0,
2026-06-17,cel25c-4,250320,Holofoil,207.36,156.19,233.81,2999.99,189.25
2026-06-17,gym2-2,83861,1st Edition Holofoil,894.61,696.69,1499.99,2140.0,
2026-06-17,gym2-2,83861,Unlimited Holofoil,557.05,379.99,650.0,1499.99,
2026-06-17,neo1-9,86903,1st Edition Holofoil,1599.98,1300.0,8000.0,10000.0,
2026-06-17,neo1-9,86903,Unlimited Holofoil,521.16,389.3,449.97,615.74,
2026-06-17,sl-151-bundle,502000,Normal,193.94,189.0,226.25,2999.99,
2026-06-17,sl-151-etb,503313,Normal,599.08,589.0,736.0,1500.0,
2026-06-17,sl-151-upc,502005,Normal,1018.99,900.0,1250.0,35000.0,
2026-06-17,sl-ar-box,265519,Normal,415.04,420.0,475.0,900.0,
2026-06-17,sl-base-box,185731,Normal,,100000.0,100000.0,100000.0,
2026-06-17,sl-bs-box,256141,Normal,621.95,635.0,707.5,5000.0,
2026-06-17,sl-cel-upc,245140,Normal,1297.41,1375.0,1969.69,200000.0,
2026-06-17,sl-champ-etb,218791,Normal,239.6,200.0,250.0,650.0,
2026-06-17,sl-cz-etb,453470,Normal,343.89,344.99,422.5,1000.0,
2026-06-17,sl-dr-box,624679,Normal,582.98,580.0,650.0,2185.0,
2026-06-17,sl-evs-box,242436,Normal,2715.14,2550.0,3026.84,12000.0,
2026-06-17,sl-evs-etb,243721,Normal,956.18,1099.99,1249.99,3499.98,
2026-06-17,sl-fs-box,247654,Normal,1109.35,1014.99,1363.08,6500.0,
2026-06-17,sl-hf-etb,194729,Normal,551.55,543.51,649.95,9999.98,
2026-06-17,sl-jp-151,565243,Normal,341.85,336.95,389.98,599.99,
2026-06-17,sl-jp-terastal,603428,Normal,125.47,99.99,154.98,299.95,
2026-06-17,sl-jt-box,610931,Normal,288.99,264.98,309.0,558.43,
2026-06-17,sl-lo-box,277324,Normal,768.99,759.99,989.87,2500.0,
2026-06-17,sl-me1-box,644298,Normal,294.11,299.8,339.49,999.99,
2026-06-17,sl-obf-box,501257,Normal,391.23,399.97,449.98,1000.0,
2026-06-17,sl-pe-etb,593355,Normal,185.32,184.99,211.45,2000.0,
2026-06-17,sl-pe-spc,622770,Normal,315.62,310.0,399.99,1500.0,
2026-06-17,sl-pf-etb,528040,Normal,481.87,481.87,590.0,800.0,
2026-06-17,sl-phf-box,654137,Normal,417.66,400.0,498.0,1000.0,
2026-06-17,sl-shf-etb,228821,Normal,148.33,144.95,189.0,500.0,
2026-06-17,sl-ss-box,565606,Normal,295.77,300.0,350.0,4999.99,
2026-06-17,sl-st-box,283389,Normal,559.69,539.99,592.47,1000.0,
2026-06-17,sl-tf-box,536225,Normal,330.71,319.98,349.99,599.99,
2026-06-17,sv2-185,497557,Normal,0.27,0.01,0.3,22.0,0.24
2026-06-17,sv2-185,497557,Reverse Holofoil,0.77,0.2,0.77,17.7,0.99
2026-06-17,sv2-254,497669,Holofoil,11.95,9.0,12.58,112.22,16.98
2026-06-17,sv2-269,497689,Holofoil,69.16,65.0,83.88,526.68,67.75
2026-06-17,sv3pt5-151,516566,Holofoil,8.85,5.99,9.23,100.0,13.04
2026-06-17,sv3pt5-199,517045,Holofoil,473.79,380.0,497.89,10000.0,383.5
2026-06-17,sv3pt5-205,517051,Holofoil,34.3,28.08,37.41,129.99,32.2
2026-06-17,sv3pt5-4,502555,Normal,0.17,0.01,0.21,25.0,0.13
2026-06-17,sv3pt5-4,502555,Reverse Holofoil,0.45,0.01,0.45,19.97,0.45
2026-06-17,sv3pt5-6,502558,Holofoil,9.82,6.23,10.89,112.99,19.5
2026-06-17,sv3pt5-7,502548,Normal,0.25,0.05,0.25,19.48,0.2
2026-06-17,sv3pt5-7,502548,Reverse Holofoil,0.38,0.08,0.4,99.0,0.1
2026-06-17,sv4pt5-234,535090,Holofoil,338.52,300.0,377.99,658.0,335.49
2026-06-17,sv4pt5-54,534416,Holofoil,5.39,2.0,5.99,60.0,6.15
2026-06-17,sv8-57,590025,Holofoil,4.5,2.95,5.0,96.95,4.46
2026-06-17,sv8pt5-149,610504,Holofoil,304.67,275.9,376.07,2000.0,
2026-06-17,sv8pt5-155,610510,Holofoil,322.65,290.59,339.39,999.0,
2026-06-17,sv8pt5-156,610511,Holofoil,513.93,509.99,794.94,1998.42,649.99
2026-06-17,sv8pt5-161,610516,Holofoil,1602.49,1229.81,1899.0,3998.44,
2026-06-17,sv8pt5-167,610522,Holofoil,189.98,179.99,224.89,3009.8,224.89
2026-06-17,sv8pt5-179,610534,Holofoil,71.12,69.69,80.69,999.0,
2026-06-17,sv8pt5-28,610383,Holofoil,2.33,1.48,2.62,999.0,
2026-06-17,sv8pt5-47,610402,Normal,0.06,0.01,0.15,999.0,0.02
2026-06-17,sv8pt5-47,610402,Reverse Holofoil,0.19,0.01,0.2,999.0,0.01
2026-06-17,sv8pt5-59,610414,Holofoil,0.4,0.05,0.4,999.0,0.99
2026-06-17,sv8pt5-59,610414,Reverse Holofoil,0.61,0.14,0.6,999.0,
2026-06-17,sv8pt5-60,610415,Holofoil,8.3,6.5,8.59,5000.0,7.34
2026-06-17,svp-085,518861,Normal,1011.36,1025.0,1399.99,6998.85,1499.99
2026-06-17,swsh11-186,284137,Holofoil,844.61,820.99,903.09,3699.8,988.48
2026-06-17,swsh12-186,451834,Holofoil,529.36,517.8,650.0,3760.63,555.24
2026-06-17,swsh12pt5gg-GG69,478100,Holofoil,422.66,386.0,440.68,1864.98,603.33
2026-06-17,swsh35-25,223018,Normal,0.23,0.05,0.21,19.98,
2026-06-17,swsh35-25,223018,Reverse Holofoil,0.12,0.1,0.29,19.98,
2026-06-17,swsh35-74,223073,Holofoil,212.8,209.0,309.33,2300.0,319.68
2026-06-17,swsh45sv-SV107,232496,Holofoil,151.37,114.2,182.89,349.95,114.2
2026-06-17,swsh7-204,246693,Holofoil,35.78,33.02,41.15,289.9,39.99
2026-06-17,swsh7-205,246696,Holofoil,393.63,384.0,450.0,1499.99,395.0
2026-06-17,swsh7-208,246755,Holofoil,36.24,35.99,45.0,270.1,52.99
2026-06-17,swsh7-209,246756,Holofoil,295.23,295.08,354.49,499.69,221.02
2026-06-17,swsh7-211,246702,Holofoil,57.14,55.0,60.03,450.0,64.98
2026-06-17,swsh7-212,246704,Holofoil,390.79,349.99,507.25,4249.73,421.24
2026-06-17,swsh7-215,246723,Holofoil,2271.3,1999.99,2674.5,6000.0,2850.0
2026-06-17,swsh7-218,246733,Holofoil,1055.07,1249.99,1494.99,3499.99,1493.99
2026-06-17,swsh7-41,246753,Holofoil,8.27,5.0,9.54,24.97,8.49
2026-06-17,swsh7-65,246690,Holofoil,15.21,11.48,16.07,500.0,13.48
2026-06-17,swsh7-75,246701,Holofoil,18.78,15.0,20.2,141.86,18.74
2026-06-17,swsh7-8,246691,Holofoil,10.69,5.01,11.24,100.0,11.0
2026-06-17,swsh8-271,253266,Holofoil,976.43,800.99,1173.9,2749.99,944.99
2026-06-17,swsh9-154,263873,Holofoil,346.31,260.22,400.0,1500.0,306.18
2026-06-18,base1-15,42355,Holofoil,153.46,102.88,182.0,1199.0,180.0
2026-06-18,base1-16,42356,Holofoil,53.62,32.54,45.0,129.96,34.0
2026-06-18,base1-2,42360,Holofoil,220.45,159.69,249.99,9999.0,199.99
2026-06-18,base1-4,42382,Holofoil,630.39,534.99,688.72,1500.0,651.37
2026-06-18,base1-58,42402,Normal,6.47,1.95,4.98,9999.0,6.82
2026-06-18,cel25c-4,250320,Holofoil,206.44,157.99,233.7,2999.99,189.25
2026-06-18,gym2-2,83861,1st Edition Holofoil,894.61,696.69,1499.99,2140.0,
2026-06-18,gym2-2,83861,Unlimited Holofoil,557.05,379.99,599.0,1499.99,
2026-06-18,neo1-9,86903,1st Edition Holofoil,1599.98,1300.0,8000.0,10000.0,
2026-06-18,neo1-9,86903,Unlimited Holofoil,533.4,390.88,449.95,615.74,
2026-06-18,sl-151-bundle,502000,Normal,193.24,188.95,228.75,2999.99,
2026-06-18,sl-151-etb,503313,Normal,601.44,600.0,720.34,1500.0,
2026-06-18,sl-151-upc,502005,Normal,1009.15,900.0,1249.98,35000.0,
2026-06-18,sl-ar-box,265519,Normal,415.04,420.0,475.0,900.0,
2026-06-18,sl-base-box,185731,Normal,,100000.0,100000.0,100000.0,
2026-06-18,sl-bs-box,256141,Normal,623.87,635.0,707.5,5000.0,
2026-06-18,sl-cel-upc,245140,Normal,1288.01,1365.0,1969.69,200000.0,
2026-06-18,sl-champ-etb,218791,Normal,236.97,200.0,250.0,650.0,
2026-06-18,sl-cz-etb,453470,Normal,343.93,342.99,415.0,1000.0,
2026-06-18,sl-dr-box,624679,Normal,581.42,580.0,654.49,2185.0,
2026-06-18,sl-evs-box,242436,Normal,2715.14,2550.0,3026.84,12000.0,
2026-06-18,sl-evs-etb,243721,Normal,956.18,1099.99,1249.99,3499.98,
2026-06-18,sl-fs-box,247654,Normal,1109.35,1014.99,1381.23,6500.0,
2026-06-18,sl-hf-etb,194729,Normal,553.55,540.0,649.98,9999.98,
2026-06-18,sl-jp-151,565243,Normal,341.85,336.95,380.0,599.99,
2026-06-18,sl-jp-terastal,603428,Normal,119.44,99.99,157.49,299.95,
2026-06-18,sl-jt-box,610931,Normal,286.12,264.98,309.0,558.43,
2026-06-18,sl-lo-box,277324,Normal,768.99,738.0,987.44,2500.0,
2026-06-18,sl-me1-box,644298,Normal,294.1,299.8,334.99,999.99,
2026-06-18,sl-obf-box,501257,Normal,391.23,399.97,449.99,1000.0,
2026-06-18,sl-pe-etb,593355,Normal,185.9,165.0,210.0,2000.0,
2026-06-18,sl-pe-spc,622770,Normal,305.51,310.0,399.99,1500.0,
2026-06-18,sl-pf-etb,528040,Normal,477.0,459.01,590.0,800.0,
2026-06-18,sl-phf-box,654137,Normal,414.3,400.0,499.5,1000.0,
2026-06-18,sl-shf-etb,228821,Normal,148.53,144.95,184.5,500.0,
2026-06-18,sl-ss-box,565606,Normal,299.72,300.0,349.99,4999.99,
2026-06-18,sl-st-box,283389,Normal,559.69,539.99,592.47,1000.0,
2026-06-18,sl-tf-box,536225,Normal,330.71,319.98,349.99,599.99,
2026-06-18,sv2-185,497557,Normal,0.28,0.01,0.31,22.0,
2026-06-18,sv2-185,497557,Reverse Holofoil,0.72,0.2,0.75,17.64,0.96
2026-06-18,sv2-254,497669,Holofoil,11.93,9.0,12.58,112.16,11.37
2026-06-18,sv2-269,497689,Holofoil,69.16,63.67,86.0,526.62,67.75
2026-06-18,sv3pt5-151,516566,Holofoil,9.14,5.99,9.32,100.0,8.49
2026-06-18,sv3pt5-199,517045,Holofoil,471.83,379.99,499.99,10000.0,379.99
2026-06-18,sv3pt5-205,517051,Holofoil,34.62,28.08,37.73,129.99,35.0
2026-06-18,sv3pt5-4,502555,Normal,0.17,0.01,0.21,25.0,0.13
2026-06-18,sv3pt5-4,502555,Reverse Holofoil,0.41,0.01,0.41,19.97,0.4
2026-06-18,sv3pt5-6,502558,Holofoil,9.68,4.49,10.79,112.99,12.35
2026-06-18,sv3pt5-7,502548,Normal,0.24,0.05,0.25,19.48,0.19
2026-06-18,sv3pt5-7,502548,Reverse Holofoil,0.37,0.08,0.39,99.0,0.43
2026-06-18,sv4pt5-234,535090,Holofoil,337.5,300.0,377.99,658.0,377.98
2026-06-18,sv4pt5-54,534416,Holofoil,5.52,3.3,5.89,60.0,6.99
2026-06-18,sv8-57,590025,Holofoil,4.41,2.75,5.0,96.95,4.55
2026-06-18,sv8pt5-149,610504,Holofoil,304.67,275.9,375.0,2000.0,369.69
2026-06-18,sv8pt5-155,610510,Holofoil,322.77,301.99,349.99,999.0,
2026-06-18,sv8pt5-156,610511,Holofoil,531.5,509.99,797.69,1998.36,794.94
2026-06-18,sv8pt5-161,610516,Holofoil,1571.45,1214.4,1989.98,3998.38,1479.99
2026-06-18,sv8pt5-167,610522,Holofoil,188.82,179.99,224.89,3009.8,224.89
2026-06-18,sv8pt5-179,610534,Holofoil,71.45,68.0,83.72,999.0,
2026-06-18,sv8pt5-28,610383,Holofoil,2.41,1.48,2.75,999.0,
2026-06-18,sv8pt5-47,610402,Normal,0.07,0.01,0.15,999.0,0.02
2026-06-18,sv8pt5-47,610402,Reverse Holofoil,0.18,0.01,0.2,999.0,0.01
2026-06-18,sv8pt5-59,610414,Holofoil,0.57,0.05,0.43,999.0,0.25
2026-06-18,sv8pt5-59,610414,Reverse Holofoil,0.61,0.14,0.61,999.0,
2026-06-18,sv8pt5-60,610415,Holofoil,8.15,6.0,8.6,5000.0,10.29
2026-06-18,svp-085,518861,Normal,1011.36,1025.0,1399.99,6998.79,1499.99
2026-06-18,swsh11-186,284137,Holofoil,844.61,820.99,903.41,3699.8,988.48
2026-06-18,swsh12-186,451834,Holofoil,529.36,517.99,657.94,3760.57,629.99
2026-06-18,swsh12pt5gg-GG69,478100,Holofoil,433.05,386.0,431.86,1864.98,999.99
2026-06-18,swsh35-25,223018,Normal,0.21,0.01,0.22,19.98,
2026-06-18,swsh35-25,223018,Reverse Holofoil,0.12,0.1,0.29,19.98,
2026-06-18,swsh35-74,223073,Holofoil,220.26,209.0,298.97,2300.0,319.68
2026-06-18,swsh45sv-SV107,232496,Holofoil,151.37,134.8,182.88,349.95,153.9
2026-06-18,swsh7-204,246693,Holofoil,36.09,35.78,44.8,289.9,48.89
2026-06-18,swsh7-205,246696,Holofoil,395.18,384.0,499.99,1499.99,590.23
2026-06-18,swsh7-208,246755,Holofoil,36.24,35.99,45.0,270.1,52.99
2026-06-18,swsh7-209,246756,Holofoil,296.95,295.23,359.0,499.69,349.89
2026-06-18,swsh7-211,246702,Holofoil,57.14,55.0,60.01,450.0,64.98
2026-06-18,swsh7-212,246704,Holofoil,388.81,349.99,526.62,4249.73,421.24
2026-06-18,swsh7-215,246723,Holofoil,2205.25,1999.99,2625.0,6000.0,2850.0
2026-06-18,swsh7-218,246733,Holofoil,1055.07,1249.99,1494.84,3499.99,1493.99
2026-06-18,swsh7-41,246753,Holofoil,8.22,5.0,9.54,24.97,8.49
2026-06-18,swsh7-65,246690,Holofoil,15.23,13.0,16.28,500.0,15.99
2026-06-18,swsh7-75,246701,Holofoil,18.78,15.0,20.38,141.86,18.74
2026-06-18,swsh7-8,246691,Holofoil,10.15,8.4,11.25,100.0,11.49
2026-06-18,swsh8-271,253266,Holofoil,976.43,800.99,1142.42,2749.99,944.99
2026-06-18,swsh9-154,263873,Holofoil,346.31,260.22,400.0,1500.0,306.18
2026-06-19,base1-15,42355,Holofoil,153.46,102.88,177.5,1199.0,180.0
2026-06-19,base1-16,42356,Holofoil,53.62,30.0,45.0,129.96,52.47
2026-06-19,base1-2,42360,Holofoil,223.16,149.0,248.58,9999.0,199.99
2026-06-19,base1-4,42382,Holofoil,630.39,534.99,686.12,1500.0,651.37
2026-06-19,base1-58,42402,Normal,7.13,2.0,4.99,9999.0,6.82
2026-06-19,cel25c-4,250320,Holofoil,206.23,157.99,231.29,2999.99,165.07
2026-06-19,gym2-2,83861,1st Edition Holofoil,894.61,696.69,1499.99,2140.0,
2026-06-19,gym2-2,83861,Unlimited Holofoil,557.05,380.98,599.5,1499.99,
2026-06-19,neo1-9,86903,1st Edition Holofoil,1599.98,1300.0,8000.0,10000.0,
2026-06-19,neo1-9,86903,Unlimited Holofoil,533.4,390.88,449.95,615.74,
2026-06-19,sl-151-bundle,502000,Normal,194.32,181.98,232.36,2999.99,
2026-06-19,sl-151-etb,503313,Normal,601.44,600.0,681.84,1500.0,
2026-06-19,sl-151-upc,502005,Normal,1003.23,900.0,1225.0,35000.0,
2026-06-19,sl-ar-box,265519,Normal,415.04,420.0,465.0,900.0,
2026-06-19,sl-base-box,185731,Normal,,100000.0,100000.0,100000.0,
2026-06-19,sl-bs-box,256141,Normal,623.87,635.0,707.5,5000.0,
2026-06-19,sl-cel-upc,245140,Normal,1288.01,1350.0,1969.69,200000.0,
2026-06-19,sl-champ-etb,218791,Normal,233.65,200.0,250.0,650.0,
2026-06-19,sl-cz-etb,453470,Normal,344.25,344.99,420.0,1000.0,
2026-06-19,sl-dr-box,624679,Normal,581.42,587.0,650.0,2185.0,
2026-06-19,sl-evs-box,242436,Normal,2715.14,2450.0,3026.84,12000.0,
2026-06-19,sl-evs-etb,243721,Normal,956.18,1100.0,1249.99,3499.98,
2026-06-19,sl-fs-box,247654,Normal,1109.35,1014.99,1363.08,6500.0,
2026-06-19,sl-hf-etb,194729,Normal,553.55,540.0,649.95,9999.98,
2026-06-19,sl-jp-151,565243,Normal,340.64,327.7,379.99,599.99,
2026-06-19,sl-jp-terastal,603428,Normal,118.6,99.99,160.0,299.95,
2026-06-19,sl-jt-box,610931,Normal,287.48,264.98,310.0,558.43,
2026-06-19,sl-lo-box,277324,Normal,768.99,738.0,987.44,2500.0,
2026-06-19,sl-me1-box,644298,Normal,307.71,299.8,334.98,999.99,
2026-06-19,sl-obf-box,501257,Normal,394.11,399.97,450.0,1000.0,
2026-06-19,sl-pe-etb,593355,Normal,184.48,180.0,210.0,2000.0,
2026-06-19,sl-pe-spc,622770,Normal,301.98,310.0,397.49,1500.0,
2026-06-19,sl-pf-etb,528040,Normal,477.0,459.01,589.81,800.0,
2026-06-19,sl-phf-box,654137,Normal,448.23,400.0,517.5,1000.0,
2026-06-19,sl-shf-etb,228821,Normal,148.73,144.95,189.0,500.0,
2026-06-19,sl-ss-box,565606,Normal,297.26,299.0,350.0,4999.99,
2026-06-19,sl-st-box,283389,Normal,559.49,544.98,579.98,1000.0,
2026-06-19,sl-tf-box,536225,Normal,329.95,320.0,349.99,599.99,
2026-06-19,sv2-185,497557,Normal,0.29,0.01,0.31,22.0,
2026-06-19,sv2-185,497557,Reverse Holofoil,0.88,0.2,0.79,17.6,0.98
2026-06-19,sv2-254,497669,Holofoil,11.83,9.0,12.67,112.12,11.37
2026-06-19,sv2-269,497689,Holofoil,69.9,52.65,85.0,526.58,52.65
2026-06-19,sv3pt5-151,516566,Holofoil,8.77,5.5,9.35,100.0,8.88
2026-06-19,sv3pt5-199,517045,Holofoil,462.8,379.99,500.0,10000.0,379.99
2026-06-19,sv3pt5-205,517051,Holofoil,34.38,28.08,37.81,149.25,33.47
2026-06-19,sv3pt5-4,502555,Normal,0.13,0.01,0.21,25.0,0.13
2026-06-19,sv3pt5-4,502555,Reverse Holofoil,0.37,0.01,0.41,19.97,0.4
2026-06-19,sv3pt5-6,502558,Holofoil,10.13,4.49,10.84,112.99,13.44
2026-06-19,sv3pt5-7,502548,Normal,0.23,0.05,0.25,19.48,
2026-06-19,sv3pt5-7,502548,Reverse Holofoil,0.37,0.08,0.38,99.0,0.43
2026-06-19,sv4pt5-234,535090,Holofoil,337.78,300.0,397.62,1687.5,377.98
2026-06-19,sv4pt5-54,534416,Holofoil,5.56,3.3,5.94,60.0,6.99
2026-06-19,sv8-57,590025,Holofoil,4.03,2.5,4.99,96.95,4.65
2026-06-19,sv8pt5-149,610504,Holofoil,304.82,280.27,380.42,2000.0,369.69
2026-06-19,sv8pt5-155,610510,Holofoil,322.77,310.0,350.35,999.0,
2026-06-19,sv8pt5-156,610511,Holofoil,535.93,479.99,794.97,1998.32,794.94
2026-06-19,sv8pt5-161,610516,Holofoil,1559.65,1214.4,1979.97,3998.38,
2026-06-19,sv8pt5-167,610522,Holofoil,190.2,179.99,224.89,3009.8,224.89
2026-06-19,sv8pt5-179,610534,Holofoil,71.51,70.99,89.13,999.0,71.51
2026-06-19,sv8pt5-28,610383,Holofoil,2.29,1.48,2.92,999.0,
2026-06-19,sv8pt5-47,610402,Normal,0.04,0.01,0.15,999.0,0.01
2026-06-19,sv8pt5-47,610402,Reverse Holofoil,0.19,0.01,0.2,999.0,0.01
2026-06-19,sv8pt5-59,610414,Holofoil,0.59,0.05,0.46,999.0,0.99
2026-06-19,sv8pt5-59,610414,Reverse Holofoil,0.59,0.14,0.62,999.0,0.69
2026-06-19,sv8pt5-60,610415,Holofoil,7.9,6.5,8.66,5000.0,10.49
2026-06-19,svp-085,518861,Normal,1011.36,1025.0,1400.0,6998.75,1499.99
2026-06-19,swsh11-186,284137,Holofoil,844.61,820.0,903.41,4223.05,949.99
2026-06-19,swsh12-186,451834,Holofoil,529.36,515.0,650.0,3760.53,629.99
2026-06-19,swsh12pt5gg-GG69,478100,Holofoil,431.41,386.0,454.72,1864.98,999.99
2026-06-19,swsh35-25,223018,Normal,0.2,0.01,0.21,19.98,
2026-06-19,swsh35-25,223018,Reverse Holofoil,0.12,0.1,0.29,19.98,
2026-06-19,swsh35-74,223073,Holofoil,220.26,209.0,284.48,2300.0,319.68
2026-06-19,swsh45sv-SV107,232496,Holofoil,151.37,134.8,182.6,349.95,168.0
2026-06-19,swsh7-204,246693,Holofoil,36.39,40.0,49.99,289.9,48.89
2026-06-19,swsh7-205,246696,Holofoil,396.19,384.0,499.99,1499.99,592.54
2026-06-19,swsh7-208,246755,Holofoil,36.24,37.98,45.0,270.1,50.26
2026-06-19,swsh7-209,246756,Holofoil,298.15,289.21,359.5,1222.5,349.89
2026-06-19,swsh7-211,246702,Holofoil,57.14,49.99,60.0,450.0,64.98
2026-06-19,swsh7-212,246704,Holofoil,388.81,400.0,599.67,4249.73,416.24
2026-06-19,swsh7-215,246723,Holofoil,2205.25,1984.8,2625.0,6000.0,2100.0
2026-06-19,swsh7-218,246733,Holofoil,1055.07,1249.99,1494.99,3499.99,1493.99
2026-06-19,swsh7-41,246753,Holofoil,8.31,5.0,9.5,108.35,8.99
2026-06-19,swsh7-65,246690,Holofoil,15.65,13.0,16.02,500.0,14.99
2026-06-19,swsh7-75,246701,Holofoil,18.87,15.0,20.34,141.86,18.74
2026-06-19,swsh7-8,246691,Holofoil,10.2,8.4,11.17,100.0,10.49
2026-06-19,swsh8-271,253266,Holofoil,976.43,800.99,1203.0,4882.15,944.99
2026-06-19,swsh9-154,263873,Holofoil,348.16,260.22,400.0,1500.0,306.17
2026-06-20,base1-15,42355,Holofoil,155.78,102.49,180.0,1199.0,180.0
2026-06-20,base1-16,42356,Holofoil,55.48,32.54,45.0,129.96,79.98
2026-06-20,base1-2,42360,Holofoil,223.16,149.0,263.01,9999.0,199.99
2026-06-20,base1-4,42382,Holofoil,630.39,534.99,699.99,1500.0,646.39
2026-06-20,base1-58,42402,Normal,7.25,2.0,4.82,9999.0,6.82
2026-06-20,cel25c-4,250320,Holofoil,206.23,157.99,224.99,2999.99,189.25
2026-06-20,gym2-2,83861,1st Edition Holofoil,894.61,696.69,1499.99,2140.0,
2026-06-20,gym2-2,83861,Unlimited Holofoil,557.05,380.98,599.5,1499.99,
2026-06-20,neo1-9,86903,1st Edition Holofoil,1599.98,1300.0,8000.0,10000.0,
2026-06-20,neo1-9,86903,Unlimited Holofoil,533.4,279.37,449.94,615.74,
2026-06-20,sl-151-bundle,502000,Normal,195.06,185.0,227.5,2999.99,
2026-06-20,sl-151-etb,503313,Normal,602.8,600.0,710.91,1500.0,
2026-06-20,sl-151-upc,502005,Normal,981.28,900.0,1240.99,35000.0,
2026-06-20,sl-ar-box,265519,Normal,412.92,420.0,465.0,900.0,
2026-06-20,sl-base-box,185731,Normal,,100000.0,100000.0,100000.0,
2026-06-20,sl-bs-box,256141,Normal,623.87,635.0,715.0,5000.0,
2026-06-20,sl-cel-upc,245140,Normal,1288.01,1300.0,1969.68,200000.0,
2026-06-20,sl-champ-etb,218791,Normal,232.37,200.0,250.0,650.0,
2026-06-20,sl-cz-etb,453470,Normal,344.25,340.0,408.49,1000.0,
2026-06-20,sl-dr-box,624679,Normal,596.53,587.0,655.24,2185.0,
2026-06-20,sl-evs-box,242436,Normal,2715.14,2450.0,3026.84,12000.0,
2026-06-20,sl-evs-etb,243721,Normal,956.18,1100.0,1200.99,3499.98,
2026-06-20,sl-fs-box,247654,Normal,1109.35,1000.0,1342.45,6500.0,
2026-06-20,sl-hf-etb,194729,Normal,553.55,540.0,649.98,9999.98,
2026-06-20,sl-jp-151,565243,Normal,343.11,327.7,384.99,599.99,
2026-06-20,sl-jp-terastal,603428,Normal,116.2,99.99,160.0,299.95,
2026-06-20,sl-jt-box,610931,Normal,286.2,264.98,309.0,558.43,
2026-06-20,sl-lo-box,277324,Normal,768.99,725.0,985.0,2500.0,
2026-06-20,sl-me1-box,644298,Normal,307.15,300.0,345.0,999.99,
2026-06-20,sl-obf-box,501257,Normal,394.42,400.0,449.98,1000.0,
2026-06-20,sl-pe-etb,593355,Normal,179.55,173.13,209.99,2000.0,
2026-06-20,sl-pe-spc,622770,Normal,301.46,313.01,390.0,1500.0,
2026-06-20,sl-pf-etb,528040,Normal,475.0,459.01,590.0,800.0,
2026-06-20,sl-phf-box,654137,Normal,452.16,400.0,519.99,1000.0,
2026-06-20,sl-shf-etb,228821,Normal,148.58,144.95,194.95,500.0,
2026-06-20,sl-ss-box,565606,Normal,297.7,290.0,350.0,4999.99,
2026-06-20,sl-st-box,283389,Normal,558.29,544.98,575.0,1000.0,
2026-06-20,sl-tf-box,536225,Normal,329.51,320.0,349.99,599.99,
2026-06-20,sv2-185,497557,Normal,0.33,0.01,0.32,22.0,
2026-06-20,sv2-185,497557,Reverse Holofoil,0.82,0.2,0.81,17.58,0.84
2026-06-20,sv2-254,497669,Holofoil,11.68,9.0,12.68,112.1,11.37
2026-06-20,sv2-269,497689,Holofoil,70.65,52.65,81.15,526.56,52.65
2026-06-20,sv3pt5-151,516566,Holofoil,9.55,5.5,9.49,100.0,11.61
2026-06-20,sv3pt5-199,517045,Holofoil,460.99,379.99,500.0,10000.0,379.99
2026-06-20,sv3pt5-205,517051,Holofoil,34.42,28.08,37.59,149.25,44.95
2026-06-20,sv3pt5-4,502555,Normal,0.13,0.01,0.2,25.0,0.12
2026-06-20,sv3pt5-4,502555,Reverse Holofoil,0.32,0.1,0.4,19.97,0.32
2026-06-20,sv3pt5-6,502558,Holofoil,11.83,4.49,11.04,112.99,19.95
2026-06-20,sv3pt5-7,502548,Normal,0.21,0.05,0.25,19.48,
2026-06-20,sv3pt5-7,502548,Reverse Holofoil,0.41,0.08,0.39,99.0,0.4
2026-06-20,sv4pt5-234,535090,Holofoil,337.78,318.69,399.99,1688.9,377.98
2026-06-20,sv4pt5-54,534416,Holofoil,5.7,3.3,5.95,60.0,7.98
2026-06-20,sv8-57,590025,Holofoil,4.05,2.63,4.98,96.95,4.98
2026-06-20,sv8pt5-149,610504,Holofoil,304.82,280.27,381.02,2000.0,369.69
2026-06-20,sv8pt5-155,610510,Holofoil,322.77,309.01,350.18,999.0,
2026-06-20,sv8pt5-156,610511,Holofoil,534.81,509.99,794.97,1998.3,794.9
2026-06-20,sv8pt5-161,610516,Holofoil,1559.65,1214.4,1939.49,3998.38,
2026-06-20,sv8pt5-167,610522,Holofoil,190.02,179.99,224.89,3009.8,224.89
2026-06-20,sv8pt5-179,610534,Holofoil,71.59,70.99,88.34,999.0,
2026-06-20,sv8pt5-28,610383,Holofoil,2.23,1.48,2.74,999.0,
2026-06-20,sv8pt5-47,610402,Normal,0.04,0.01,0.15,999.0,0.01
2026-06-20,sv8pt5-47,610402,Reverse Holofoil,0.22,0.01,0.2,999.0,0.01
2026-06-20,sv8pt5-59,610414,Holofoil,0.38,0.05,0.44,999.0,0.99
2026-06-20,sv8pt5-59,610414,Reverse Holofoil,0.58,0.12,0.59,999.0,0.69
2026-06-20,sv8pt5-60,610415,Holofoil,8.52,6.5,8.76,5000.0,12.99
2026-06-20,svp-085,518861,Normal,1017.36,1017.36,1400.0,6998.73,1499.99
2026-06-20,swsh11-186,284137,Holofoil,844.61,820.0,903.73,4223.05,949.98
2026-06-20,swsh12-186,451834,Holofoil,529.36,515.0,650.0,3760.51,515.0
2026-06-20,swsh12pt5gg-GG69,478100,Holofoil,430.41,386.0,473.55,1864.98,493.98
2026-06-20,swsh35-25,223018,Normal,0.2,0.01,0.21,19.98,
2026-06-20,swsh35-25,223018,Reverse Holofoil,0.12,0.1,0.29,19.98,
2026-06-20,swsh35-74,223073,Holofoil,224.65,209.0,284.48,2300.0,319.68
2026-06-20,swsh45sv-SV107,232496,Holofoil,151.37,134.8,181.68,349.95,167.99
2026-06-20,swsh7-204,246693,Holofoil,36.39,40.0,49.69,289.9,45.53
2026-06-20,swsh7-205,246696,Holofoil,405.19,384.0,594.08,1499.99,594.08
2026-06-20,swsh7-208,246755,Holofoil,36.24,40.0,45.69,270.1,50.26
2026-06-20,swsh7-209,246756,Holofoil,298.15,289.21,359.5,1218.65,349.89
2026-06-20,swsh7-211,246702,Holofoil,57.14,49.99,60.0,450.0,64.98
2026-06-20,swsh7-212,246704,Holofoil,388.81,410.0,599.67,4249.73,416.24
2026-06-20,swsh7-215,246723,Holofoil,2206.06,1985.5,2625.0,6000.0,2850.0
2026-06-20,swsh7-218,246733,Holofoil,1055.07,1249.99,1493.99,3499.99,1493.99
2026-06-20,swsh7-41,246753,Holofoil,8.4,5.0,9.58,39.99,9.95
2026-06-20,swsh7-65,246690,Holofoil,15.46,13.0,16.15,500.0,18.99
2026-06-20,swsh7-75,246701,Holofoil,18.89,15.0,20.25,141.86,18.74
2026-06-20,swsh7-8,246691,Holofoil,10.33,8.4,11.03,100.0,10.49
2026-06-20,swsh8-271,253266,Holofoil,977.5,809.69,1240.0,4887.5,944.99
2026-06-20,swsh9-154,263873,Holofoil,348.16,260.22,400.0,1500.0,306.17
2026-06-21,base1-15,42355,Holofoil,155.78,102.49,177.5,1199.0,180.0
2026-06-21,base1-16,42356,Holofoil,55.48,32.54,45.0,129.96,79.98
2026-06-21,base1-2,42360,Holofoil,223.16,149.0,249.22,9999.0,199.99
2026-06-21,base1-4,42382,Holofoil,630.39,534.99,699.99,1500.0,646.39
2026-06-21,base1-58,42402,Normal,7.2,2.0,4.67,9999.0,6.82
2026-06-21,cel25c-4,250320,Holofoil,206.83,157.99,224.38,2999.99,189.25
2026-06-21,gym2-2,83861,1st Edition Holofoil,894.61,696.69,1499.99,2140.0,
2026-06-21,gym2-2,83861,Unlimited Holofoil,557.05,479.99,600.0,1499.99,
2026-06-21,neo1-9,86903,1st Edition Holofoil,1599.98,1300.0,7750.0,10000.0,
2026-06-21,neo1-9,86903,Unlimited Holofoil,533.4,294.07,449.94,615.74,
2026-06-21,sl-151-bundle,502000,Normal,196.16,185.0,226.25,2999.99,
2026-06-21,sl-151-etb,503313,Normal,605.64,600.0,723.36,1500.0,
2026-06-21,sl-151-upc,502005,Normal,981.28,950.0,1240.99,35000.0,
2026-06-21,sl-ar-box,265519,Normal,414.52,425.0,476.0,900.0,
2026-06-21,sl-base-box,185731,Normal,,100000.0,100000.0,100000.0,
2026-06-21,sl-bs-box,256141,Normal,623.87,635.0,707.5,5000.0,
2026-06-21,sl-cel-upc,245140,Normal,1295.41,1300.0,1969.69,200000.0,
2026-06-21,sl-champ-etb,218791,Normal,231.01,199.99,250.0,650.0,
2026-06-21,sl-cz-etb,453470,Normal,344.65,339.0,403.49,1000.0,
2026-06-21,sl-dr-box,624679,Normal,596.45,587.0,655.24,2185.0,
2026-06-21,sl-evs-box,242436,Normal,2708.74,2450.0,3013.42,12000.0,
2026-06-21,sl-evs-etb,243721,Normal,969.78,1100.0,1200.99,3499.98,
2026-06-21,sl-fs-box,247654,Normal,1107.95,1000.0,1394.97,6500.0,
2026-06-21,sl-hf-etb,194729,Normal,553.59,540.0,650.0,9999.98,
2026-06-21,sl-jp-151,565243,Normal,342.52,327.7,380.0,599.99,
2026-06-21,sl-jp-terastal,603428,Normal,114.8,99.99,157.49,299.95,
2026-06-21,sl-jt-box,610931,Normal,283.76,264.98,309.0,558.43,
2026-06-21,sl-lo-box,277324,Normal,765.59,725.0,960.0,2500.0,
2026-06-21,sl-me1-box,644298,Normal,308.2,310.0,348.24,999.99,
2026-06-21,sl-obf-box,501257,Normal,395.54,394.42,440.9,1000.0,
2026-06-21,sl-pe-etb,593355,Normal,176.57,177.77,209.62,2000.0,
2026-06-21,sl-pe-spc,622770,Normal,304.54,304.54,387.49,1500.0,
2026-06-21,sl-pf-etb,528040,Normal,475.76,459.01,589.81,800.0,
2026-06-21,sl-phf-box,654137,Normal,460.77,400.0,514.61,1000.0,
2026-06-21,sl-shf-etb,228821,Normal,148.58,144.95,193.47,500.0,
2026-06-21,sl-ss-box,565606,Normal,299.85,294.0,350.0,4999.99,
2026-06-21,sl-st-box,283389,Normal,554.81,544.98,592.47,1000.0,
2026-06-21,sl-tf-box,536225,Normal,329.51,320.0,349.99,599.99,
2026-06-21,sv2-185,497557,Normal,0.33,0.01,0.33,22.0,
2026-06-21,sv2-185,497557,Reverse Holofoil,0.8,0.2,0.81,17.54,0.66
2026-06-21,sv2-254,497669,Holofoil,11.67,9.0,12.6,112.08,11.01
2026-06-21,sv2-269,497689,Holofoil,70.7,64.07,81.0,526.54,89.95
2026-06-21,sv3pt5-151,516566,Holofoil,10.14,5.99,9.61,100.0,13.23
2026-06-21,sv3pt5-199,517045,Holofoil,461.59,379.99,500.0,10000.0,379.99
2026-06-21,sv3pt5-205,517051,Holofoil,34.89,27.12,37.63,149.25,44.95
2026-06-21,sv3pt5-4,502555,Normal,0.11,0.01,0.2,25.0,0.12
2026-06-21,sv3pt5-4,502555,Reverse Holofoil,0.36,0.1,0.4,19.97,0.38
2026-06-21,sv3pt5-6,502558,Holofoil,11.04,4.49,11.24,112.99,10.25
2026-06-21,sv3pt5-7,502548,Normal,0.16,0.05,0.25,19.48,
2026-06-21,sv3pt5-7,502548,Reverse Holofoil,0.4,0.09,0.39,99.0,
2026-06-21,sv4pt5-234,535090,Holofoil,337.13,318.6,392.62,1685.65,360.0
2026-06-21,sv4pt5-54,534416,Holofoil,5.58,3.3,5.97,60.0,7.98
2026-06-21,sv8-57,590025,Holofoil,4.48,2.48,4.99,96.95,4.82
2026-06-21,sv8pt5-149,610504,Holofoil,303.51,290.0,390.0,2000.0,369.69
2026-06-21,sv8pt5-155,610510,Holofoil,322.77,295.19,349.99,999.0,
2026-06-21,sv8pt5-156,610511,Holofoil,534.81,519.99,794.99,1998.26,794.9
2026-06-21,sv8pt5-161,610516,Holofoil,1541.94,1229.81,1939.49,3998.38,
2026-06-21,sv8pt5-167,610522,Holofoil,190.08,179.99,221.27,3009.8,224.89
2026-06-21,sv8pt5-179,610534,Holofoil,71.45,70.99,87.99,999.0,
2026-06-21,sv8pt5-28,610383,Holofoil,2.32,1.48,2.75,999.0,
2026-06-21,sv8pt5-47,610402,Normal,0.05,0.01,0.15,999.0,0.01
2026-06-21,sv8pt5-47,610402,Reverse Holofoil,0.2,0.01,0.2,999.0,0.01
2026-06-21,sv8pt5-59,610414,Holofoil,0.27,0.05,0.4,999.0,
2026-06-21,sv8pt5-59,610414,Reverse Holofoil,0.61,0.12,0.58,999.0,
2026-06-21,sv8pt5-60,610415,Holofoil,9.5,5.76,8.99,5000.0,8.99
2026-06-21,svp-085,518861,Normal,1017.36,1025.0,1400.0,6998.69,1499.99
2026-06-21,swsh11-186,284137,Holofoil,844.61,820.0,903.41,4223.05,949.98
2026-06-21,swsh12-186,451834,Holofoil,527.96,514.0,650.0,3760.47,600.75
2026-06-21,swsh12pt5gg-GG69,478100,Holofoil,430.41,386.0,473.45,1864.98,493.98
2026-06-21,swsh35-25,223018,Normal,0.2,0.01,0.21,19.98,
2026-06-21,swsh35-25,223018,Reverse Holofoil,0.12,0.1,0.29,19.98,
2026-06-21,swsh35-74,223073,Holofoil,224.65,209.0,256.33,2300.0,319.68
2026-06-21,swsh45sv-SV107,232496,Holofoil,151.37,134.8,180.0,349.95,167.99
2026-06-21,swsh7-204,246693,Holofoil,36.39,40.0,49.29,289.9,45.53
2026-06-21,swsh7-205,246696,Holofoil,405.19,384.0,599.68,1499.99,599.68
2026-06-21,swsh7-208,246755,Holofoil,36.24,36.24,45.0,270.1,50.26
2026-06-21,swsh7-209,246756,Holofoil,298.15,292.48,359.5,1218.65,298.15
2026-06-21,swsh7-211,246702,Holofoil,57.14,49.99,60.0,450.0,64.98
2026-06-21,swsh7-212,246704,Holofoil,388.81,410.0,599.67,4249.73,416.24
2026-06-21,swsh7-215,246723,Holofoil,2206.06,1985.5,2712.0,6000.0,2850.0
2026-06-21,swsh7-218,246733,Holofoil,1055.07,1249.99,1494.34,3499.99,1493.99
2026-06-21,swsh7-41,246753,Holofoil,8.43,5.0,9.51,39.99,10.56
2026-06-21,swsh7-65,246690,Holofoil,15.52,13.0,16.22,500.0,18.99
2026-06-21,swsh7-75,246701,Holofoil,18.72,15.55,20.0,141.86,18.74
2026-06-21,swsh7-8,246691,Holofoil,10.22,8.4,11.05,100.0,12.98
2026-06-21,swsh8-271,253266,Holofoil,978.71,809.69,1351.99,4893.55,944.99
2026-06-21,swsh9-154,263873,Holofoil,345.76,260.22,399.99,1500.0,305.66
2026-06-22,base1-15,42355,Holofoil,155.78,102.49,175.0,1199.0,180.0
2026-06-22,base1-16,42356,Holofoil,55.44,30.67,43.0,129.96,79.98
2026-06-22,base1-2,42360,Holofoil,223.16,149.0,235.0,9999.0,199.99
2026-06-22,base1-4,42382,Holofoil,630.39,534.99,699.99,1500.0,646.38
2026-06-22,base1-58,42402,Normal,6.85,2.0,4.41,9999.0,19.98
2026-06-22,cel25c-4,250320,Holofoil,206.83,157.99,225.0,2999.99,189.25
2026-06-22,gym2-2,83861,1st Edition Holofoil,894.61,696.69,1499.99,2140.0,
2026-06-22,gym2-2,83861,Unlimited Holofoil,566.63,479.99,600.0,1499.99,
2026-06-22,neo1-9,86903,1st Edition Holofoil,1599.98,1300.0,7750.0,10000.0,
2026-06-22,neo1-9,86903,Unlimited Holofoil,533.4,281.27,424.97,615.74,
2026-06-22,sl-151-bundle,502000,Normal,193.89,185.0,225.0,2999.99,
2026-06-22,sl-151-etb,503313,Normal,609.64,598.01,712.5,1500.0,
2026-06-22,sl-151-upc,502005,Normal,977.68,940.0,1231.99,35000.0,
2026-06-22,sl-ar-box,265519,Normal,416.32,425.0,475.0,900.0,
2026-06-22,sl-base-box,185731,Normal,,100000.0,100000.0,100000.0,
2026-06-22,sl-bs-box,256141,Normal,625.83,635.0,700.0,5000.0,
2026-06-22,sl-cel-upc,245140,Normal,1295.41,1290.01,1969.68,200000.0,
2026-06-22,sl-champ-etb,218791,Normal,231.01,199.99,250.0,650.0,
2026-06-22,sl-cz-etb,453470,Normal,343.45,329.01,406.98,1000.0,
2026-06-22,sl-dr-box,624679,Normal,596.25,590.0,659.98,2185.0,
2026-06-22,sl-evs-box,242436,Normal,2708.74,2450.0,3079.99,12000.0,
2026-06-22,sl-evs-etb,243721,Normal,983.38,1100.0,1249.99,3499.98,
2026-06-22,sl-fs-box,247654,Normal,1109.35,1000.0,1352.14,6500.0,
2026-06-22,sl-hf-etb,194729,Normal,553.37,540.0,699.99,9999.98,
2026-06-22,sl-jp-151,565243,Normal,339.25,327.7,379.99,599.99,
2026-06-22,sl-jp-terastal,603428,Normal,116.6,99.99,157.49,299.95,
2026-06-22,sl-jt-box,610931,Normal,283.76,264.98,307.99,558.43,
2026-06-22,sl-lo-box,277324,Normal,785.67,738.0,985.0,2500.0,
2026-06-22,sl-me1-box,644298,Normal,308.17,322.74,349.99,999.99,
2026-06-22,sl-obf-box,501257,Normal,395.17,394.42,449.69,1000.0,
2026-06-22,sl-pe-etb,593355,Normal,181.65,172.9,209.15,2000.0,
2026-06-22,sl-pe-spc,622770,Normal,307.45,304.54,390.0,1500.0,
2026-06-22,sl-pf-etb,528040,Normal,475.76,456.01,587.95,800.0,
2026-06-22,sl-phf-box,654137,Normal,461.75,400.0,507.11,1000.0,
2026-06-22,sl-shf-etb,228821,Normal,149.34,144.95,194.98,500.0,
2026-06-22,sl-ss-box,565606,Normal,304.05,294.0,350.0,4999.99,
2026-06-22,sl-st-box,283389,Normal,553.2,540.0,575.0,1000.0,
2026-06-22,sl-tf-box,536225,Normal,329.91,320.0,349.99,599.99,
2026-06-22,sv2-185,497557,Normal,0.3,0.01,0.33,22.0,
2026-06-22,sv2-185,497557,Reverse Holofoil,0.85,0.2,0.82,17.5,0.85
2026-06-22,sv2-254,497669,Holofoil,11.37,9.0,12.5,112.08,15.6
2026-06-22,sv2-269,497689,Holofoil,70.26,48.63,80.0,526.54,89.95
2026-06-22,sv3pt5-151,516566,Holofoil,8.31,5.0,9.75,100.0,13.23
2026-06-22,sv3pt5-199,517045,Holofoil,460.48,379.99,499.0,10000.0,379.99
2026-06-22,sv3pt5-205,517051,Holofoil,34.62,27.12,37.98,149.25,39.99
2026-06-22,sv3pt5-4,502555,Normal,0.16,0.01,0.21,25.0,0.13
2026-06-22,sv3pt5-4,502555,Reverse Holofoil,0.38,0.1,0.4,19.97,0.38
2026-06-22,sv3pt5-6,502558,Holofoil,8.9,4.49,11.11,112.99,12.05
2026-06-22,sv3pt5-7,502548,Normal,0.21,0.05,0.25,19.48,
2026-06-22,sv3pt5-7,502548,Reverse Holofoil,0.43,0.09,0.39,99.0,
2026-06-22,sv4pt5-234,535090,Holofoil,336.53,312.73,392.62,1682.65,360.0
2026-06-22,sv4pt5-54,534416,Holofoil,5.37,2.0,5.83,60.0,5.75
2026-06-22,sv8-57,590025,Holofoil,4.32,2.48,4.99,96.95,5.23
2026-06-22,sv8pt5-149,610504,Holofoil,303.51,278.99,379.39,2000.0,294.99
2026-06-22,sv8pt5-155,610510,Holofoil,322.77,295.19,349.99,440.0,
2026-06-22,sv8pt5-156,610511,Holofoil,534.61,436.58,794.92,1998.22,794.9
2026-06-22,sv8pt5-161,610516,Holofoil,1523.35,1229.81,1939.49,3998.38,
2026-06-22,sv8pt5-167,610522,Holofoil,190.08,140.36,217.64,3009.8,209.09
2026-06-22,sv8pt5-179,610534,Holofoil,71.11,70.99,83.59,593.42,
2026-06-22,sv8pt5-28,610383,Holofoil,2.42,1.38,2.76,28.7,
2026-06-22,sv8pt5-47,610402,Normal,0.06,0.01,0.15,19.98,0.01
2026-06-22,sv8pt5-47,610402,Reverse Holofoil,0.2,0.01,0.2,19.98,0.01
2026-06-22,sv8pt5-59,610414,Holofoil,0.32,0.05,0.4,100.0,
2026-06-22,sv8pt5-59,610414,Reverse Holofoil,0.39,0.12,0.62,19.99,
2026-06-22,sv8pt5-60,610415,Holofoil,8.78,5.76,9.0,5000.0,12.99
2026-06-22,svp-085,518861,Normal,1017.36,1025.0,1400.0,6998.65,1499.99
2026-06-22,swsh11-186,284137,Holofoil,860.69,820.0,925.72,4296.45,949.97
2026-06-22,swsh12-186,451834,Holofoil,527.96,514.0,641.77,3760.43,600.75
2026-06-22,swsh12pt5gg-GG69,478100,Holofoil,427.21,375.0,491.88,9999.0,493.2
2026-06-22,swsh35-25,223018,Normal,0.2,0.01,0.21,19.98,
2026-06-22,swsh35-25,223018,Reverse Holofoil,0.15,0.1,0.28,19.98,
2026-06-22,swsh35-74,223073,Holofoil,224.65,145.0,269.58,2300.0,303.3
2026-06-22,swsh45sv-SV107,232496,Holofoil,156.66,134.8,180.0,349.95,167.99
2026-06-22,swsh7-204,246693,Holofoil,36.39,36.39,47.71,289.9,45.53
2026-06-22,swsh7-205,246696,Holofoil,405.19,384.0,505.79,1499.99,599.68
2026-06-22,swsh7-208,246755,Holofoil,36.29,34.98,45.0,270.1,50.26
2026-06-22,swsh7-209,246756,Holofoil,298.15,292.19,359.5,1218.65,292.19
2026-06-22,swsh7-211,246702,Holofoil,57.24,49.99,62.86,450.0,64.98
2026-06-22,swsh7-212,246704,Holofoil,389.5,410.0,599.67,4249.73,416.24
2026-06-22,swsh7-215,246723,Holofoil,2206.06,1985.5,2712.0,6000.0,2850.0
2026-06-22,swsh7-218,246733,Holofoil,1055.07,1249.99,1494.34,3499.99,1493.99
2026-06-22,swsh7-41,246753,Holofoil,8.56,5.0,9.58,39.99,10.0
2026-06-22,swsh7-65,246690,Holofoil,15.81,12.89,16.45,500.0,19.38
2026-06-22,swsh7-75,246701,Holofoil,18.42,16.29,20.24,141.86,18.74
2026-06-22,swsh7-8,246691,Holofoil,10.41,8.4,11.15,100.0,11.0
2026-06-22,swsh8-271,253266,Holofoil,986.55,809.69,1296.0,4893.55,944.99
2026-06-22,swsh9-154,263873,Holofoil,344.91,289.75,399.99,1500.0,304.93
2026-06-23,base1-15,42355,Holofoil,155.78,104.95,180.0,1199.0,180.0
2026-06-23,base1-16,42356,Holofoil,55.09,30.67,44.0,129.96,79.98
2026-06-23,base1-2,42360,Holofoil,223.16,149.0,226.67,9999.0,199.99
2026-06-23,base1-4,42382,Holofoil,630.39,534.99,699.99,1500.0,1499.09
2026-06-23,base1-58,42402,Normal,7.04,2.0,4.65,9999.0,19.98
2026-06-23,cel25c-4,250320,Holofoil,206.08,157.99,224.7,2999.99,189.25
2026-06-23,gym2-2,83861,1st Edition Holofoil,894.61,696.69,1499.99,2140.0,
2026-06-23,gym2-2,83861,Unlimited Holofoil,566.63,380.0,599.5,1499.99,
2026-06-23,neo1-9,86903,1st Edition Holofoil,1599.98,1300.0,7750.0,10000.0,
2026-06-23,neo1-9,86903,Unlimited Holofoil,533.4,296.07,424.99,615.74,
2026-06-23,sl-151-bundle,502000,Normal,201.18,185.0,225.0,2999.99,
2026-06-23,sl-151-etb,503313,Normal,609.44,598.01,699.99,1500.0,
2026-06-23,sl-151-upc,502005,Normal,977.68,940.0,1225.0,35000.0,
2026-06-23,sl-ar-box,265519,Normal,417.12,425.0,475.0,900.0,
2026-06-23,sl-base-box,185731,Normal,,100000.0,100000.0,100000.0,
2026-06-23,sl-bs-box,256141,Normal,625.83,635.0,700.0,5000.0,
2026-06-23,sl-cel-upc,245140,Normal,1288.01,1290.01,1900.0,200000.0,
2026-06-23,sl-champ-etb,218791,Normal,231.01,199.99,250.0,650.0,
2026-06-23,sl-cz-etb,453470,Normal,342.69,329.01,406.98,1000.0,
2026-06-23,sl-dr-box,624679,Normal,595.53,574.0,650.0,2185.0,
2026-06-23,sl-evs-box,242436,Normal,2708.74,2400.0,3056.89,12000.0,
2026-06-23,sl-evs-etb,243721,Normal,983.38,1100.0,1249.99,3499.98,
2026-06-23,sl-fs-box,247654,Normal,1113.47,999.99,1339.97,6500.0,
2026-06-23,sl-hf-etb,194729,Normal,553.37,540.0,665.02,9999.98,
2026-06-23,sl-jp-151,565243,Normal,336.07,327.7,380.0,599.99,
2026-06-23,sl-jp-terastal,603428,Normal,113.97,99.99,160.0,299.95,
2026-06-23,sl-jt-box,610931,Normal,281.9,264.98,310.0,558.43,
2026-06-23,sl-lo-box,277324,Normal,781.67,738.0,960.0,2500.0,
2026-06-23,sl-me1-box,644298,Normal,311.65,322.74,348.24,999.99,
2026-06-23,sl-obf-box,501257,Normal,395.17,394.42,449.69,1000.0,
2026-06-23,sl-pe-etb,593355,Normal,187.11,172.9,209.29,2000.0,
2026-06-23,sl-pe-spc,622770,Normal,307.22,309.93,390.0,1500.0,
2026-06-23,sl-pf-etb,528040,Normal,475.19,456.01,588.79,800.0,
2026-06-23,sl-phf-box,654137,Normal,465.38,400.0,515.0,1000.0,
2026-06-23,sl-shf-etb,228821,Normal,149.34,144.95,193.47,500.0,
2026-06-23,sl-ss-box,565606,Normal,308.23,300.0,350.0,4999.99,
2026-06-23,sl-st-box,283389,Normal,550.4,540.0,579.0,1000.0,
2026-06-23,sl-tf-box,536225,Normal,330.63,320.0,349.99,599.99,
2026-06-23,sv2-185,497557,Normal,0.29,0.01,0.32,22.0,0.26
2026-06-23,sv2-185,497557,Reverse Holofoil,0.84,0.2,0.83,17.48,0.85
2026-06-23,sv2-254,497669,Holofoil,11.29,9.0,12.42,112.08,15.52
2026-06-23,sv2-269,497689,Holofoil,70.36,64.06,80.28,9999.0,89.95
2026-06-23,sv3pt5-151,516566,Holofoil,8.75,5.36,9.35,100.0,11.57
2026-06-23,sv3pt5-199,517045,Holofoil,440.59,379.99,497.5,10000.0,371.17
2026-06-23,sv3pt5-205,517051,Holofoil,34.15,27.12,37.87,148.65,44.95
2026-06-23,sv3pt5-4,502555,Normal,0.14,0.01,0.2,25.0,0.13
2026-06-23,sv3pt5-4,502555,Reverse Holofoil,0.39,0.1,0.4,19.97,0.41
2026-06-23,sv3pt5-6,502558,Holofoil,9.73,4.49,10.78,112.99,17.49
2026-06-23,sv3pt5-7,502548,Normal,0.19,0.05,0.25,19.48,0.19
2026-06-23,sv3pt5-7,502548,Reverse Holofoil,0.42,0.09,0.4,99.0,
2026-06-23,sv4pt5-234,535090,Holofoil,336.53,312.72,377.99,1682.65,360.0
2026-06-23,sv4pt5-54,534416,Holofoil,5.78,2.0,5.92,60.0,7.59
2026-06-23,sv8-57,590025,Holofoil,4.4,2.49,4.99,9999.0,5.72
2026-06-23,sv8pt5-149,610504,Holofoil,306.17,278.99,377.2,2000.0,315.74
2026-06-23,sv8pt5-155,610510,Holofoil,325.01,295.19,350.0,440.0,
2026-06-23,sv8pt5-156,610511,Holofoil,534.61,436.58,794.9,1998.2,794.9
2026-06-23,sv8pt5-161,610516,Holofoil,1557.97,1209.86,1799.99,3998.38,
2026-06-23,sv8pt5-167,610522,Holofoil,189.09,179.99,224.99,3009.8,224.89
2026-06-23,sv8pt5-179,610534,Holofoil,71.51,70.99,85.0,593.42,
2026-06-23,sv8pt5-28,610383,Holofoil,2.37,1.49,2.75,28.7,2.61
2026-06-23,sv8pt5-47,610402,Normal,0.08,0.01,0.15,19.98,0.01
2026-06-23,sv8pt5-47,610402,Reverse Holofoil,0.18,0.01,0.2,19.98,0.01
2026-06-23,sv8pt5-59,610414,Holofoil,0.33,0.05,0.4,100.0,
2026-06-23,sv8pt5-59,610414,Reverse Holofoil,0.41,0.12,0.52,19.99,
2026-06-23,sv8pt5-60,610415,Holofoil,9.39,6.5,9.13,9999.0,10.1
2026-06-23,svp-085,518861,Normal,1032.13,1025.0,1400.0,6998.63,1499.99
2026-06-23,swsh11-186,284137,Holofoil,860.69,819.99,912.01,4303.45,949.96
2026-06-23,swsh12-186,451834,Holofoil,527.96,514.0,649.99,3760.41,600.75
2026-06-23,swsh12pt5gg-GG69,478100,Holofoil,423.62,379.0,466.4,9999.0,487.51
2026-06-23,swsh35-25,223018,Normal,0.2,0.01,0.21,19.98,
2026-06-23,swsh35-25,223018,Reverse Holofoil,0.14,0.1,0.28,19.98,
2026-06-23,swsh35-74,223073,Holofoil,224.65,204.99,284.48,2300.0,303.3
2026-06-23,swsh45sv-SV107,232496,Holofoil,156.83,134.8,182.73,349.95,168.0
2026-06-23,swsh7-204,246693,Holofoil,36.39,40.0,49.99,289.9,39.99
2026-06-23,swsh7-205,246696,Holofoil,405.19,362.0,411.9,1499.99,599.68
2026-06-23,swsh7-208,246755,Holofoil,36.29,34.98,45.0,270.1,50.25
2026-06-23,swsh7-209,246756,Holofoil,298.15,292.19,352.88,1218.65,292.19
2026-06-23,swsh7-211,246702,Holofoil,57.19,49.99,62.89,9999.0,64.98
2026-06-23,swsh7-212,246704,Holofoil,389.5,389.5,560.33,4249.73,416.24
2026-06-23,swsh7-215,246723,Holofoil,2276.45,1985.5,2712.0,6000.0,2850.0
2026-06-23,swsh7-218,246733,Holofoil,1055.07,1249.99,1472.0,3499.99,1493.99
2026-06-23,swsh7-41,246753,Holofoil,8.6,5.0,9.75,39.99,10.72
2026-06-23,swsh7-65,246690,Holofoil,15.99,13.0,16.5,9999.0,21.35
2026-06-23,swsh7-75,246701,Holofoil,18.32,16.29,20.24,141.86,19.99
2026-06-23,swsh7-8,246691,Holofoil,10.83,8.4,11.25,100.0,16.98
2026-06-23,swsh8-271,253266,Holofoil,986.55,809.69,1215.5,4932.75,1215.5
2026-06-23,swsh9-154,263873,Holofoil,344.29,289.75,399.99,1500.0,304.41
2026-06-24,base1-15,42355,Holofoil,155.78,104.36,170.7,1199.0,180.0
2026-06-24,base1-16,42356,Holofoil,55.09,30.67,44.99,129.96,79.98
2026-06-24,base1-2,42360,Holofoil,223.16,149.0,218.34,9999.0,199.99
2026-06-24,base1-4,42382,Holofoil,630.39,534.99,696.72,1500.0,1499.09
2026-06-24,base1-58,42402,Normal,7.06,2.0,4.45,9999.0,6.82
2026-06-24,cel25c-4,250320,Holofoil,201.6,157.98,229.71,2999.99,189.25
2026-06-24,gym2-2,83861,1st Edition Holofoil,894.61,696.69,1499.99,2140.0,
2026-06-24,gym2-2,83861,Unlimited Holofoil,566.63,380.0,599.5,1499.99,
2026-06-24,neo1-9,86903,1st Edition Holofoil,1599.98,1300.0,7750.0,10000.0,
2026-06-24,neo1-9,86903,Unlimited Holofoil,530.83,390.88,449.98,615.74,
2026-06-24,sl-151-bundle,502000,Normal,199.96,185.0,225.0,2999.99,
2026-06-24,sl-151-etb,503313,Normal,609.44,598.01,728.17,1787.01,
2026-06-24,sl-151-upc,502005,Normal,977.68,940.0,1199.99,35000.0,
2026-06-24,sl-ar-box,265519,Normal,417.12,425.0,484.99,900.0,
2026-06-24,sl-base-box,185731,Normal,,100000.0,100000.0,100000.0,
2026-06-24,sl-bs-box,256141,Normal,625.83,635.0,700.0,5000.0,
2026-06-24,sl-cel-upc,245140,Normal,1288.01,1275.0,1969.69,200000.0,
2026-06-24,sl-champ-etb,218791,Normal,230.13,199.99,250.0,650.0,
2026-06-24,sl-cz-etb,453470,Normal,341.61,329.01,400.0,1000.0,
2026-06-24,sl-dr-box,624679,Normal,593.85,590.0,650.0,2185.0,
2026-06-24,sl-evs-box,242436,Normal,2682.38,2424.0,3140.0,12000.0,
2026-06-24,sl-evs-etb,243721,Normal,983.38,1100.0,1249.99,3499.98,
2026-06-24,sl-fs-box,247654,Normal,1112.67,990.0,1339.97,6500.0,
2026-06-24,sl-hf-etb,194729,Normal,554.29,540.0,666.0,9999.98,
2026-06-24,sl-jp-151,565243,Normal,334.75,320.01,390.0,599.99,
2026-06-24,sl-jp-terastal,603428,Normal,117.92,99.99,157.49,299.95,
2026-06-24,sl-jt-box,610931,Normal,281.24,264.98,319.99,558.43,
2026-06-24,sl-lo-box,277324,Normal,783.07,738.0,985.0,2500.0,
2026-06-24,sl-me1-box,644298,Normal,312.04,322.74,349.99,999.99,
2026-06-24,sl-obf-box,501257,Normal,395.17,394.42,449.69,1000.0,
2026-06-24,sl-pe-etb,593355,Normal,182.29,172.9,205.0,2000.0,
2026-06-24,sl-pe-spc,622770,Normal,317.21,311.64,394.99,1500.0,
2026-06-24,sl-pf-etb,528040,Normal,474.35,474.99,588.79,800.0,
2026-06-24,sl-phf-box,654137,Normal,466.14,400.0,507.11,1000.0,
2026-06-24,sl-shf-etb,228821,Normal,149.31,144.95,191.98,500.0,
2026-06-24,sl-ss-box,565606,Normal,306.52,300.0,350.0,4999.99,
2026-06-24,sl-st-box,283389,Normal,547.33,540.0,583.98,1000.0,
2026-06-24,sl-tf-box,536225,Normal,331.67,320.0,349.99,599.99,
2026-06-24,sv2-185,497557,Normal,0.27,0.01,0.31,22.0,0.26
2026-06-24,sv2-185,497557,Reverse Holofoil,0.78,0.2,0.79,17.46,0.85
2026-06-24,sv2-254,497669,Holofoil,11.47,9.0,12.42,112.08,15.6
2026-06-24,sv2-269,497689,Holofoil,71.49,65.0,80.0,9999.0,78.64
2026-06-24,sv3pt5-151,516566,Holofoil,9.76,5.36,9.58,100.0,9.74
2026-06-24,sv3pt5-199,517045,Holofoil,440.36,371.17,483.95,10000.0,371.17
2026-06-24,sv3pt5-205,517051,Holofoil,34.42,28.08,37.49,148.65,34.52
2026-06-24,sv3pt5-4,502555,Normal,0.13,0.01,0.2,25.0,0.12
2026-06-24,sv3pt5-4,502555,Reverse Holofoil,0.38,0.1,0.4,19.97,
2026-06-24,sv3pt5-6,502558,Holofoil,10.35,4.49,10.85,112.99,10.23
2026-06-24,sv3pt5-7,502548,Normal,0.2,0.05,0.25,19.48,0.15
2026-06-24,sv3pt5-7,502548,Reverse Holofoil,0.4,0.09,0.41,99.0,
2026-06-24,sv4pt5-234,535090,Holofoil,336.53,312.72,375.0,1682.65,314.98
2026-06-24,sv4pt5-54,534416,Holofoil,5.53,2.0,5.97,60.0,6.17
2026-06-24,sv8-57,590025,Holofoil,4.36,2.55,4.99,9999.0,4.41
2026-06-24,sv8pt5-149,610504,Holofoil,304.03,263.98,372.35,2000.0,
2026-06-24,sv8pt5-155,610510,Holofoil,325.49,295.19,353.93,440.0,
2026-06-24,sv8pt5-156,610511,Holofoil,547.41,505.0,794.92,1998.18,794.9
2026-06-24,sv8pt5-161,610516,Holofoil,1557.97,1209.86,1786.94,3998.38,
2026-06-24,sv8pt5-167,610522,Holofoil,190.65,148.0,224.97,3009.8,224.89
2026-06-24,sv8pt5-179,610534,Holofoil,71.97,70.99,81.68,593.42,
2026-06-24,sv8pt5-28,610383,Holofoil,2.58,1.5,2.79,28.7,2.7
2026-06-24,sv8pt5-47,610402,Normal,0.08,0.01,0.15,19.98,0.01
2026-06-24,sv8pt5-47,610402,Reverse Holofoil,0.15,0.01,0.2,19.98,0.01
2026-06-24,sv8pt5-59,610414,Holofoil,0.34,0.05,0.4,100.0,
2026-06-24,sv8pt5-59,610414,Reverse Holofoil,0.4,0.12,0.5,19.99,
2026-06-24,sv8pt5-60,610415,Holofoil,7.82,6.5,9.0,9999.0,12.99
2026-06-24,svp-085,518861,Normal,1038.35,1100.99,1499.99,6998.61,1499.99
2026-06-24,swsh11-186,284137,Holofoil,860.69,780.99,901.54,4303.45,949.96
2026-06-24,swsh12-186,451834,Holofoil,527.96,514.0,639.99,3760.39,600.69
2026-06-24,swsh12pt5gg-GG69,478100,Holofoil,423.62,386.0,476.61,9999.0,487.14
2026-06-24,swsh35-25,223018,Normal,0.2,0.01,0.21,19.98,
2026-06-24,swsh35-25,223018,Reverse Holofoil,0.14,0.1,0.28,19.98,
2026-06-24,swsh35-74,223073,Holofoil,230.05,204.99,286.37,2300.0,309.99
2026-06-24,swsh45sv-SV107,232496,Holofoil,158.38,134.8,180.0,349.95,168.0
2026-06-24,swsh7-204,246693,Holofoil,36.37,40.0,49.44,289.9,45.53
2026-06-24,swsh7-205,246696,Holofoil,405.19,358.0,410.2,1499.99,607.52
2026-06-24,swsh7-208,246755,Holofoil,36.29,33.95,45.0,270.1,50.25
2026-06-24,swsh7-209,246756,Holofoil,301.23,292.48,359.0,1218.65,349.89
2026-06-24,swsh7-211,246702,Holofoil,57.19,49.9,62.89,9999.0,64.97
2026-06-24,swsh7-212,246704,Holofoil,389.5,390.5,510.49,4249.73,416.24
2026-06-24,swsh7-215,246723,Holofoil,2210.46,1999.99,2582.5,6000.0,2699.0
2026-06-24,swsh7-218,246733,Holofoil,1055.07,1249.99,1493.84,3499.99,1493.84
2026-06-24,swsh7-41,246753,Holofoil,8.56,5.0,9.71,39.99,11.09
2026-06-24,swsh7-65,246690,Holofoil,16.45,13.52,16.69,9999.0,21.35
2026-06-24,swsh7-75,246701,Holofoil,18.25,16.29,20.16,141.86,18.25
2026-06-24,swsh7-8,246691,Holofoil,10.8,8.4,11.05,100.0,14.95
2026-06-24,swsh8-271,253266,Holofoil,990.02,706.57,1217.8,4942.1,1217.8
2026-06-24,swsh9-154,263873,Holofoil,344.71,289.75,399.97,1500.0,304.41
2026-06-25,base1-15,42355,Holofoil,154.36,104.36,169.9,1199.0,180.0
2026-06-25,base1-16,42356,Holofoil,54.65,30.67,42.0,129.96,39.99
2026-06-25,base1-2,42360,Holofoil,225.61,149.0,199.99,9999.0,199.99
2026-06-25,base1-4,42382,Holofoil,644.27,534.99,692.53,1500.0,1499.09
2026-06-25,base1-58,42402,Normal,7.43,2.0,4.4,9999.0,2.59
2026-06-25,cel25c-4,250320,Holofoil,198.4,157.98,223.65,2999.99,188.87
2026-06-25,gym2-2,83861,1st Edition Holofoil,894.61,696.69,1499.99,2140.0,
2026-06-25,gym2-2,83861,Unlimited Holofoil,566.63,479.99,1201.29,1499.99,
2026-06-25,neo1-9,86903,1st Edition Holofoil,1599.98,1300.0,7499.99,10000.0,
2026-06-25,neo1-9,86903,Unlimited Holofoil,530.83,390.88,400.0,615.74,
2026-06-25,sl-151-bundle,502000,Normal,196.97,185.0,224.38,2999.99,
2026-06-25,sl-151-etb,503313,Normal,606.76,598.01,699.0,1787.01,
2026-06-25,sl-151-upc,502005,Normal,966.83,950.0,1218.0,35000.0,
2026-06-25,sl-ar-box,265519,Normal,417.12,425.0,484.99,900.0,
2026-06-25,sl-base-box,185731,Normal,,100000.0,100000.0,100000.0,
2026-06-25,sl-bs-box,256141,Normal,625.83,635.0,700.0,5000.0,
2026-06-25,sl-cel-upc,245140,Normal,1295.57,1294.01,1969.69,200000.0,
2026-06-25,sl-champ-etb,218791,Normal,229.29,199.99,250.0,650.0,
2026-06-25,sl-cz-etb,453470,Normal,339.5,339.54,400.0,1000.0,
2026-06-25,sl-dr-box,624679,Normal,593.49,587.92,650.0,2185.0,
2026-06-25,sl-evs-box,242436,Normal,2682.38,2424.0,3140.0,12000.0,
2026-06-25,sl-evs-etb,243721,Normal,983.38,1100.0,1249.99,3499.98,
2026-06-25,sl-fs-box,247654,Normal,1112.67,990.0,1339.97,6500.0,
2026-06-25,sl-hf-etb,194729,Normal,554.29,535.0,658.0,9999.98,
2026-06-25,sl-jp-151,565243,Normal,336.05,320.01,389.99,599.99,
2026-06-25,sl-jp-terastal,603428,Normal,119.04,99.99,154.98,299.95,
2026-06-25,sl-jt-box,610931,Normal,279.9,264.98,319.99,558.43,
2026-06-25,sl-lo-box,277324,Normal,783.07,738.0,934.99,2500.0,
2026-06-25,sl-me1-box,644298,Normal,312.74,322.74,346.49,999.99,
2026-06-25,sl-obf-box,501257,Normal,395.17,394.41,431.05,1000.0,
2026-06-25,sl-pe-etb,593355,Normal,213.0,170.0,205.0,2999.0,
2026-06-25,sl-pe-spc,622770,Normal,330.67,303.99,390.0,2999.99,
2026-06-25,sl-pf-etb,528040,Normal,475.03,474.99,588.79,800.0,
2026-06-25,sl-phf-box,654137,Normal,465.25,400.0,500.0,1000.0,
2026-06-25,sl-shf-etb,228821,Normal,150.55,144.95,194.98,500.0,
2026-06-25,sl-ss-box,565606,Normal,304.4,295.0,350.0,4999.99,
2026-06-25,sl-st-box,283389,Normal,546.13,540.0,579.0,1000.0,
2026-06-25,sl-tf-box,536225,Normal,331.91,320.0,349.99,599.99,
2026-06-25,sv2-185,497557,Normal,0.3,0.01,0.31,22.0,0.27
2026-06-25,sv2-185,497557,Reverse Holofoil,0.77,0.2,0.8,17.42,0.85
2026-06-25,sv2-254,497669,Holofoil,11.01,9.0,12.35,2228.0,15.59
2026-06-25,sv2-269,497689,Holofoil,71.49,64.0,80.0,526.54,74.99
2026-06-25,sv3pt5-151,516566,Holofoil,9.88,5.36,9.73,100.0,9.25
2026-06-25,sv3pt5-199,517045,Holofoil,438.92,371.17,478.03,10000.0,371.17
2026-06-25,sv3pt5-205,517051,Holofoil,33.94,28.0,37.0,148.25,33.74
2026-06-25,sv3pt5-4,502555,Normal,0.1,0.01,0.2,25.0,0.13
2026-06-25,sv3pt5-4,502555,Reverse Holofoil,0.35,0.1,0.4,19.97,
2026-06-25,sv3pt5-6,502558,Holofoil,9.94,4.49,10.81,112.99,10.23
2026-06-25,sv3pt5-7,502548,Normal,0.13,0.05,0.25,19.48,
2026-06-25,sv3pt5-7,502548,Reverse Holofoil,0.38,0.1,0.4,99.0,
2026-06-25,sv4pt5-234,535090,Holofoil,336.53,312.72,375.0,1682.65,314.98
2026-06-25,sv4pt5-54,534416,Holofoil,5.24,2.0,5.98,60.0,4.99
2026-06-25,sv8-57,590025,Holofoil,3.76,1.75,4.95,96.95,4.41
2026-06-25,sv8pt5-149,610504,Holofoil,304.15,263.98,380.0,2000.0,
2026-06-25,sv8pt5-155,610510,Holofoil,322.91,295.19,355.2,440.0,
2026-06-25,sv8pt5-156,610511,Holofoil,549.79,417.61,794.9,1998.14,794.9
2026-06-25,sv8pt5-161,610516,Holofoil,1552.8,1209.86,1786.94,3998.38,
2026-06-25,sv8pt5-167,610522,Holofoil,190.65,180.66,224.92,3009.8,180.66
2026-06-25,sv8pt5-179,610534,Holofoil,72.48,70.99,85.85,593.42,
2026-06-25,sv8pt5-28,610383,Holofoil,2.3,1.5,2.75,28.7,2.36
2026-06-25,sv8pt5-47,610402,Normal,0.07,0.01,0.15,19.98,0.01
2026-06-25,sv8pt5-47,610402,Reverse Holofoil,0.13,0.01,0.2,19.98,0.01
2026-06-25,sv8pt5-59,610414,Holofoil,0.34,0.05,0.4,100.0,0.37
2026-06-25,sv8pt5-59,610414,Reverse Holofoil,0.47,0.12,0.52,19.99,
2026-06-25,sv8pt5-60,610415,Holofoil,8.52,6.5,8.99,5000.0,9.31
2026-06-25,svp-085,518861,Normal,1046.83,1100.99,1499.99,6998.57,1499.99
2026-06-25,swsh11-186,284137,Holofoil,866.21,794.0,901.54,4331.05,949.96
2026-06-25,swsh12-186,451834,Holofoil,527.96,500.0,635.65,3760.35,599.99
2026-06-25,swsh12pt5gg-GG69,478100,Holofoil,423.62,386.0,466.03,1864.98,487.14
2026-06-25,swsh35-25,223018,Normal,0.2,0.01,0.21,19.98,
2026-06-25,swsh35-25,223018,Reverse Holofoil,0.14,0.1,0.28,19.98,
2026-06-25,swsh35-74,223073,Holofoil,230.05,204.99,287.52,2300.0,309.9
2026-06-25,swsh45sv-SV107,232496,Holofoil,155.84,134.8,180.0,349.95,168.0
2026-06-25,swsh7-204,246693,Holofoil,36.37,40.04,49.44,289.9,44.95
2026-06-25,swsh7-205,246696,Holofoil,401.08,357.45,400.49,1499.99,600.59
2026-06-25,swsh7-208,246755,Holofoil,36.29,33.95,45.0,270.1,50.25
2026-06-25,swsh7-209,246756,Holofoil,301.23,292.48,359.99,1218.65,349.89
2026-06-25,swsh7-211,246702,Holofoil,57.19,49.9,60.05,450.0,64.97
2026-06-25,swsh7-212,246704,Holofoil,389.5,390.5,510.49,4249.73,416.24
2026-06-25,swsh7-215,246723,Holofoil,2144.7,1930.0,2512.5,6000.0,2499.95
2026-06-25,swsh7-218,246733,Holofoil,1003.27,1249.99,1493.64,3499.99,1493.64
2026-06-25,swsh7-41,246753,Holofoil,8.56,5.0,9.54,39.99,10.7
2026-06-25,swsh7-65,246690,Holofoil,16.34,13.55,16.45,500.0,17.28
2026-06-25,swsh7-75,246701,Holofoil,18.26,15.55,20.06,141.86,19.75
2026-06-25,swsh7-8,246691,Holofoil,10.92,8.5,11.25,100.0,14.38
2026-06-25,swsh8-271,253266,Holofoil,990.02,809.69,1229.85,4950.1,1219.7
2026-06-25,swsh9-154,263873,Holofoil,340.63,289.75,399.98,1500.0,304.72
2026-06-26,base1-15,42355,Holofoil,154.36,104.99,169.8,1199.0,180.0
2026-06-26,base1-16,42356,Holofoil,54.65,30.67,42.0,129.96,39.99
2026-06-26,base1-2,42360,Holofoil,225.61,150.74,199.99,9999.0,199.99
2026-06-26,base1-4,42382,Holofoil,644.27,534.99,699.99,1500.0,1499.09
2026-06-26,base1-58,42402,Normal,7.44,0.96,4.44,9999.0,19.98
2026-06-26,cel25c-4,250320,Holofoil,196.45,157.98,221.36,2999.99,189.25
2026-06-26,gym2-2,83861,1st Edition Holofoil,894.61,696.69,1499.99,2140.0,
2026-06-26,gym2-2,83861,Unlimited Holofoil,566.63,479.99,900.65,1499.99,
2026-06-26,neo1-9,86903,1st Edition Holofoil,1599.98,1300.0,7750.0,10000.0,
2026-06-26,neo1-9,86903,Unlimited Holofoil,527.4,449.99,615.74,1500.0,
2026-06-26,sl-151-bundle,502000,Normal,190.39,185.0,224.49,2999.99,
2026-06-26,sl-151-etb,503313,Normal,605.96,597.0,712.0,1787.01,
2026-06-26,sl-151-upc,502005,Normal,959.75,950.0,1218.0,35000.0,
2026-06-26,sl-ar-box,265519,Normal,418.52,425.0,492.0,900.0,
2026-06-26,sl-base-box,185731,Normal,,100000.0,100000.0,100000.0,
2026-06-26,sl-bs-box,256141,Normal,625.83,635.0,700.0,5000.0,
2026-06-26,sl-cel-upc,245140,Normal,1296.02,1380.0,1969.69,200000.0,
2026-06-26,sl-champ-etb,218791,Normal,227.69,199.99,250.0,650.0,
2026-06-26,sl-cz-etb,453470,Normal,339.9,329.99,400.0,1000.0,
2026-06-26,sl-dr-box,624679,Normal,592.57,575.0,649.99,2185.0,
2026-06-26,sl-evs-box,242436,Normal,2682.38,2424.0,3140.0,12000.0,
2026-06-26,sl-evs-etb,243721,Normal,983.38,1100.0,1298.98,3499.98,
2026-06-26,sl-fs-box,247654,Normal,1112.67,965.0,1339.97,6500.0,
2026-06-26,sl-hf-etb,194729,Normal,554.69,540.0,666.0,9999.98,
2026-06-26,sl-jp-151,565243,Normal,337.19,320.01,389.99,599.99,
2026-06-26,sl-jp-terastal,603428,Normal,123.84,99.99,154.95,299.95,
2026-06-26,sl-jt-box,610931,Normal,280.97,288.99,319.99,558.43,
2026-06-26,sl-lo-box,277324,Normal,783.07,738.0,905.0,2500.0,
2026-06-26,sl-me1-box,644298,Normal,312.74,322.74,340.0,999.99,
2026-06-26,sl-obf-box,501257,Normal,395.17,394.41,425.0,1000.0,
2026-06-26,sl-pe-etb,593355,Normal,212.24,170.0,208.85,6999.0,
2026-06-26,sl-pe-spc,622770,Normal,331.77,294.99,389.99,9999.99,
2026-06-26,sl-pf-etb,528040,Normal,475.15,474.99,587.95,800.0,
2026-06-26,sl-phf-box,654137,Normal,464.46,400.0,500.0,1000.0,
2026-06-26,sl-shf-etb,228821,Normal,150.35,144.95,191.98,500.0,
2026-06-26,sl-ss-box,565606,Normal,298.96,295.0,350.0,4999.99,
2026-06-26,sl-st-box,283389,Normal,546.13,540.0,579.0,1000.0,
2026-06-26,sl-tf-box,536225,Normal,331.79,320.0,349.99,599.99,
2026-06-26,sv2-185,497557,Normal,0.28,0.01,0.31,22.0,0.27
2026-06-26,sv2-185,497557,Reverse Holofoil,0.74,0.2,0.78,17.4,0.85
2026-06-26,sv2-254,497669,Holofoil,11.11,9.0,12.27,2228.0,15.0
2026-06-26,sv2-269,497689,Holofoil,71.49,61.4,78.64,526.54,74.99
2026-06-26,sv3pt5-151,516566,Holofoil,9.52,5.99,9.77,100.0,9.99
2026-06-26,sv3pt5-199,517045,Holofoil,434.83,371.17,475.0,10000.0,371.17
2026-06-26,sv3pt5-205,517051,Holofoil,33.37,28.0,37.23,148.55,38.85
2026-06-26,sv3pt5-4,502555,Normal,0.11,0.01,0.2,25.0,0.11
2026-06-26,sv3pt5-4,502555,Reverse Holofoil,0.32,0.1,0.39,19.97,0.79
2026-06-26,sv3pt5-6,502558,Holofoil,9.49,4.49,10.54,112.99,10.38
2026-06-26,sv3pt5-7,502548,Normal,0.17,0.05,0.25,19.48,0.15
2026-06-26,sv3pt5-7,502548,Reverse Holofoil,0.37,0.1,0.39,99.0,0.46
2026-06-26,sv4pt5-234,535090,Holofoil,335.77,312.72,372.5,1678.85,314.98
2026-06-26,sv4pt5-54,534416,Holofoil,5.42,2.0,5.99,60.0,5.48
2026-06-26,sv8-57,590025,Holofoil,4.23,2.5,4.98,96.95,4.61
2026-06-26,sv8pt5-149,610504,Holofoil,302.51,263.98,376.57,2000.0,
2026-06-26,sv8pt5-155,610510,Holofoil,322.33,295.19,388.35,440.0,
2026-06-26,sv8pt5-156,610511,Holofoil,549.79,449.01,794.0,1998.12,794.9
2026-06-26,sv8pt5-161,610516,Holofoil,1508.14,1209.86,1824.99,3998.38,
2026-06-26,sv8pt5-167,610522,Holofoil,190.65,180.66,224.97,3009.8,180.66
2026-06-26,sv8pt5-179,610534,Holofoil,71.87,70.99,85.97,593.42,
2026-06-26,sv8pt5-28,610383,Holofoil,2.33,1.49,2.69,28.7,
2026-06-26,sv8pt5-47,610402,Normal,0.07,0.01,0.15,19.98,0.01
2026-06-26,sv8pt5-47,610402,Reverse Holofoil,0.13,0.01,0.2,19.98,0.01
2026-06-26,sv8pt5-59,610414,Holofoil,0.35,0.05,0.4,100.0,0.39
2026-06-26,sv8pt5-59,610414,Reverse Holofoil,0.46,0.12,0.51,19.99,0.48
2026-06-26,sv8pt5-60,610415,Holofoil,8.93,6.05,9.04,5000.0,19.88
2026-06-26,svp-085,518861,Normal,1062.79,1150.0,1499.99,6998.55,1499.99
2026-06-26,swsh11-186,284137,Holofoil,866.21,794.0,914.96,4331.05,948.0
2026-06-26,swsh12-186,451834,Holofoil,529.16,500.0,635.65,3760.33,599.93
2026-06-26,swsh12pt5gg-GG69,478100,Holofoil,420.26,248.44,459.99,1864.98,248.44
2026-06-26,swsh35-25,223018,Normal,0.21,0.01,0.21,19.98,
2026-06-26,swsh35-25,223018,Reverse Holofoil,0.13,0.1,0.28,19.98,
2026-06-26,swsh35-74,223073,Holofoil,231.81,204.99,287.52,2300.0,309.9
2026-06-26,swsh45sv-SV107,232496,Holofoil,155.84,85.0,180.0,349.95,168.0
2026-06-26,swsh7-204,246693,Holofoil,36.37,38.19,45.53,289.9,44.95
2026-06-26,swsh7-205,246696,Holofoil,402.37,357.45,404.3,1499.99,601.43
2026-06-26,swsh7-208,246755,Holofoil,36.29,33.95,45.0,270.1,50.25
2026-06-26,swsh7-209,246756,Holofoil,302.32,292.48,355.41,1218.65,349.89
2026-06-26,swsh7-211,246702,Holofoil,57.19,49.9,60.05,450.0,64.97
2026-06-26,swsh7-212,246704,Holofoil,389.5,390.5,499.98,4249.73,416.24
2026-06-26,swsh7-215,246723,Holofoil,2210.46,1864.1,2500.0,6000.0,2499.95
2026-06-26,swsh7-218,246733,Holofoil,1003.27,1249.99,1493.64,3499.99,1493.64
2026-06-26,swsh7-41,246753,Holofoil,8.58,5.0,9.5,39.99,10.7
2026-06-26,swsh7-65,246690,Holofoil,16.37,13.55,16.45,500.0,17.28
2026-06-26,swsh7-75,246701,Holofoil,18.47,15.65,20.0,141.86,19.75
2026-06-26,swsh7-8,246691,Holofoil,11.06,8.5,11.54,100.0,14.38
2026-06-26,swsh8-271,253266,Holofoil,990.02,809.69,1240.0,4950.1,1219.7
2026-06-26,swsh9-154,263873,Holofoil,339.61,287.75,399.99,1500.0,300.25
2026-06-27,base1-15,42355,Holofoil,156.42,104.99,167.4,1199.0,180.0
2026-06-27,base1-16,42356,Holofoil,53.03,30.67,43.5,129.96,35.0
2026-06-27,base1-2,42360,Holofoil,225.61,149.0,218.34,9999.0,184.99
2026-06-27,base1-4,42382,Holofoil,644.27,534.99,699.99,1500.0,1499.09
2026-06-27,base1-58,42402,Normal,7.44,0.96,4.25,9999.0,19.98
2026-06-27,cel25c-4,250320,Holofoil,195.1,157.95,220.05,2999.99,202.61
2026-06-27,gym2-2,83861,1st Edition Holofoil,894.61,696.69,1499.99,2140.0,
2026-06-27,gym2-2,83861,Unlimited Holofoil,566.63,479.99,900.65,1499.99,
2026-06-27,neo1-9,86903,1st Edition Holofoil,1599.98,1300.0,7750.0,10000.0,
2026-06-27,neo1-9,86903,Unlimited Holofoil,527.4,449.99,615.74,1500.0,
2026-06-27,sl-151-bundle,502000,Normal,188.57,183.99,222.01,2999.99,
2026-06-27,sl-151-etb,503313,Normal,606.64,598.01,725.0,1787.01,
2026-06-27,sl-151-upc,502005,Normal,957.51,920.0,1231.99,35000.0,
2026-06-27,sl-ar-box,265519,Normal,418.52,425.0,492.0,900.0,
2026-06-27,sl-base-box,185731,Normal,,100000.0,100000.0,100000.0,
2026-06-27,sl-bs-box,256141,Normal,625.83,635.0,700.0,5000.0,
2026-06-27,sl-cel-upc,245140,Normal,1296.02,1385.0,1984.84,200000.0,
2026-06-27,sl-champ-etb,218791,Normal,226.78,199.99,250.0,650.0,
2026-06-27,sl-cz-etb,453470,Normal,339.72,329.99,400.0,1000.0,
2026-06-27,sl-dr-box,624679,Normal,592.57,565.0,649.99,2185.0,
2026-06-27,sl-evs-box,242436,Normal,2670.58,2620.0,3200.0,12000.0,
2026-06-27,sl-evs-etb,243721,Normal,983.38,1100.0,1249.49,3499.98,
2026-06-27,sl-fs-box,247654,Normal,1112.67,965.0,1339.97,6500.0,
2026-06-27,sl-hf-etb,194729,Normal,554.69,540.0,658.0,9999.98,
2026-06-27,sl-jp-151,565243,Normal,336.9,320.01,389.99,599.99,
2026-06-27,sl-jp-terastal,603428,Normal,124.72,99.99,152.48,299.95,
2026-06-27,sl-jt-box,610931,Normal,281.71,288.99,319.99,558.43,
2026-06-27,sl-lo-box,277324,Normal,780.47,734.98,874.0,2500.0,
2026-06-27,sl-me1-box,644298,Normal,313.78,322.74,340.0,999.99,
2026-06-27,sl-obf-box,501257,Normal,395.27,400.0,429.99,1000.0,
2026-06-27,sl-pe-etb,593355,Normal,201.91,170.0,209.34,6999.0,
2026-06-27,sl-pe-spc,622770,Normal,327.75,294.99,387.49,9999.99,
2026-06-27,sl-pf-etb,528040,Normal,475.15,474.99,579.98,800.0,
2026-06-27,sl-phf-box,654137,Normal,464.9,400.0,500.0,1000.0,
2026-06-27,sl-shf-etb,228821,Normal,149.95,144.95,189.0,500.0,
2026-06-27,sl-ss-box,565606,Normal,299.96,295.0,350.0,4999.99,
2026-06-27,sl-st-box,283389,Normal,544.53,540.0,579.0,1000.0,
2026-06-27,sl-tf-box,536225,Normal,331.2,320.0,349.99,599.99,
2026-06-27,sv2-185,497557,Normal,0.31,0.01,0.32,22.0,0.27
2026-06-27,sv2-185,497557,Reverse Holofoil,0.74,0.2,0.78,17.34,0.85
2026-06-27,sv2-254,497669,Holofoil,11.21,9.75,12.35,2228.0,15.0
2026-06-27,sv2-269,497689,Holofoil,70.99,58.99,78.64,526.54,74.99
2026-06-27,sv3pt5-151,516566,Holofoil,9.15,6.0,9.66,100.0,12.76
2026-06-27,sv3pt5-199,517045,Holofoil,434.67,379.99,475.53,10000.0,405.0
2026-06-27,sv3pt5-205,517051,Holofoil,33.77,28.0,37.0,150.4,38.85
2026-06-27,sv3pt5-4,502555,Normal,0.12,0.01,0.2,25.0,0.12
2026-06-27,sv3pt5-4,502555,Reverse Holofoil,0.39,0.1,0.39,19.97,0.79
2026-06-27,sv3pt5-6,502558,Holofoil,9.42,4.49,10.52,112.99,10.39
2026-06-27,sv3pt5-7,502548,Normal,0.22,0.05,0.25,19.48,0.17
2026-06-27,sv3pt5-7,502548,Reverse Holofoil,0.43,0.1,0.39,99.0,0.38
2026-06-27,sv4pt5-234,535090,Holofoil,335.77,312.72,375.0,1678.85,314.98
2026-06-27,sv4pt5-54,534416,Holofoil,5.57,2.0,6.0,60.0,5.57
2026-06-27,sv8-57,590025,Holofoil,4.5,2.0,4.99,96.95,5.54
2026-06-27,sv8pt5-149,610504,Holofoil,303.27,286.0,379.07,2000.0,
2026-06-27,sv8pt5-155,610510,Holofoil,324.46,295.19,389.99,459.94,
2026-06-27,sv8pt5-156,610511,Holofoil,549.79,449.01,794.45,1998.06,794.9
2026-06-27,sv8pt5-161,610516,Holofoil,1508.14,1209.86,1799.99,3998.38,
2026-06-27,sv8pt5-167,610522,Holofoil,190.39,190.65,224.89,3009.8,206.86
2026-06-27,sv8pt5-179,610534,Holofoil,72.4,72.0,87.99,593.42,
2026-06-27,sv8pt5-28,610383,Holofoil,2.6,1.49,2.75,28.7,3.0
2026-06-27,sv8pt5-47,610402,Normal,0.09,0.01,0.15,19.98,0.01
2026-06-27,sv8pt5-47,610402,Reverse Holofoil,0.12,0.01,0.2,19.98,0.01
2026-06-27,sv8pt5-59,610414,Holofoil,0.39,0.01,0.4,100.0,0.4
2026-06-27,sv8pt5-59,610414,Reverse Holofoil,0.51,0.12,0.52,19.99,0.48
2026-06-27,sv8pt5-60,610415,Holofoil,8.28,6.5,9.05,5000.0,8.28
2026-06-27,svp-085,518861,Normal,1062.79,1150.0,1500.0,6998.49,1499.99
2026-06-27,swsh11-186,284137,Holofoil,866.21,794.0,914.96,4331.05,948.0
2026-06-27,swsh12-186,451834,Holofoil,533.71,500.0,600.75,3760.27,599.99
2026-06-27,swsh12pt5gg-GG69,478100,Holofoil,420.26,386.0,462.29,1864.98,438.72
2026-06-27,swsh35-25,223018,Normal,0.2,0.01,0.23,19.98,0.19
2026-06-27,swsh35-25,223018,Reverse Holofoil,0.13,0.1,0.28,19.98,
2026-06-27,swsh35-74,223073,Holofoil,231.81,204.99,285.6,2300.0,284.99
2026-06-27,swsh45sv-SV107,232496,Holofoil,151.78,144.99,180.0,349.95,151.78
2026-06-27,swsh7-204,246693,Holofoil,36.37,38.19,45.53,289.9,44.95
2026-06-27,swsh7-205,246696,Holofoil,402.37,358.0,407.31,1499.99,603.32
2026-06-27,swsh7-208,246755,Holofoil,36.29,29.99,44.99,270.1,37.73
2026-06-27,swsh7-209,246756,Holofoil,302.32,292.47,355.41,1218.65,292.47
2026-06-27,swsh7-211,246702,Holofoil,57.19,49.9,59.97,450.0,64.97
2026-06-27,swsh7-212,246704,Holofoil,389.5,391.81,510.49,4249.73,416.24
2026-06-27,swsh7-215,246723,Holofoil,2210.46,1930.0,2500.0,6000.0,2499.95
2026-06-27,swsh7-218,246733,Holofoil,1003.27,1199.88,1450.0,3499.99,1199.88
2026-06-27,swsh7-41,246753,Holofoil,8.5,5.0,9.5,39.99,10.7
2026-06-27,swsh7-65,246690,Holofoil,16.34,11.48,16.48,500.0,17.33
2026-06-27,swsh7-75,246701,Holofoil,18.47,15.7,20.04,141.86,19.75
2026-06-27,swsh7-8,246691,Holofoil,11.01,8.5,11.92,100.0,14.38
2026-06-27,swsh8-271,253266,Holofoil,990.98,809.69,1180.45,4954.9,1220.9
2026-06-27,swsh9-154,263873,Holofoil,339.61,287.75,399.99,1500.0,300.25
2026-06-28,base1-15,42355,Holofoil,155.52,104.99,164.99,1199.0,180.0
2026-06-28,base1-16,42356,Holofoil,53.25,30.67,42.0,129.96,39.99
2026-06-28,base1-2,42360,Holofoil,225.61,149.0,219.01,9999.0,184.99
2026-06-28,base1-4,42382,Holofoil,659.81,515.33,692.8,1500.0,1499.09
2026-06-28,base1-58,42402,Normal,7.45,0.96,4.35,9999.0,19.98
2026-06-28,cel25c-4,250320,Holofoil,195.1,157.98,219.83,2999.99,202.61
2026-06-28,gym2-2,83861,1st Edition Holofoil,894.61,696.69,1499.99,2140.0,
2026-06-28,gym2-2,83861,Unlimited Holofoil,566.63,479.99,900.65,1499.99,
2026-06-28,neo1-9,86903,1st Edition Holofoil,1599.98,1300.0,7750.0,10000.0,
2026-06-28,neo1-9,86903,Unlimited Holofoil,527.4,449.99,615.74,1500.0,
2026-06-28,sl-151-bundle,502000,Normal,188.07,185.0,223.25,2999.99,
2026-06-28,sl-151-etb,503313,Normal,607.0,590.0,725.0,1787.01,
2026-06-28,sl-151-upc,502005,Normal,956.71,920.0,1231.99,35000.0,
2026-06-28,sl-ar-box,265519,Normal,418.52,425.0,485.0,900.0,
2026-06-28,sl-base-box,185731,Normal,,100000.0,100000.0,100000.0,
2026-06-28,sl-bs-box,256141,Normal,625.83,635.0,700.0,5000.0,
2026-06-28,sl-cel-upc,245140,Normal,1301.62,1375.0,1969.69,200000.0,
2026-06-28,sl-champ-etb,218791,Normal,225.18,199.99,250.0,650.0,
2026-06-28,sl-cz-etb,453470,Normal,339.52,329.99,400.0,1000.0,
2026-06-28,sl-dr-box,624679,Normal,582.17,570.0,649.44,2185.0,
2026-06-28,sl-evs-box,242436,Normal,2670.58,2500.0,3140.0,12000.0,
2026-06-28,sl-evs-etb,243721,Normal,983.38,1100.0,1299.49,3499.98,
2026-06-28,sl-fs-box,247654,Normal,1112.67,975.0,1299.0,6500.0,
2026-06-28,sl-hf-etb,194729,Normal,554.69,535.99,658.0,9999.98,
2026-06-28,sl-jp-151,565243,Normal,337.18,320.01,389.98,599.99,
2026-06-28,sl-jp-terastal,603428,Normal,128.13,99.99,154.97,299.95,
2026-06-28,sl-jt-box,610931,Normal,282.33,282.33,310.0,558.43,
2026-06-28,sl-lo-box,277324,Normal,780.47,734.98,874.0,2500.0,
2026-06-28,sl-me1-box,644298,Normal,318.16,323.99,345.75,999.99,
2026-06-28,sl-obf-box,501257,Normal,395.27,400.0,431.05,1000.0,
2026-06-28,sl-pe-etb,593355,Normal,193.31,170.0,205.0,6999.0,
2026-06-28,sl-pe-spc,622770,Normal,307.55,307.97,394.99,9999.99,
2026-06-28,sl-pf-etb,528040,Normal,475.15,474.99,579.98,800.0,
2026-06-28,sl-phf-box,654137,Normal,463.7,400.0,499.0,1000.0,
2026-06-28,sl-shf-etb,228821,Normal,149.95,130.0,180.0,500.0,
2026-06-28,sl-ss-box,565606,Normal,298.36,295.0,350.0,4999.99,
2026-06-28,sl-st-box,283389,Normal,544.53,540.0,579.0,1000.0,
2026-06-28,sl-tf-box,536225,Normal,331.0,320.0,349.99,599.99,
2026-06-28,sv2-185,497557,Normal,0.34,0.01,0.33,22.0,0.27
2026-06-28,sv2-185,497557,Reverse Holofoil,0.67,0.2,0.77,17.32,0.4
2026-06-28,sv2-254,497669,Holofoil,11.54,9.51,12.44,2228.0,14.99
2026-06-28,sv2-269,497689,Holofoil,71.33,58.43,77.79,526.54,74.98
2026-06-28,sv3pt5-151,516566,Holofoil,9.88,6.0,9.65,100.0,14.47
2026-06-28,sv3pt5-199,517045,Holofoil,430.3,379.72,475.0,10000.0,384.99
2026-06-28,sv3pt5-205,517051,Holofoil,33.57,28.0,36.75,149.85,33.65
2026-06-28,sv3pt5-4,502555,Normal,0.12,0.01,0.2,25.0,0.12
2026-06-28,sv3pt5-4,502555,Reverse Holofoil,0.37,0.1,0.4,19.97,0.46
2026-06-28,sv3pt5-6,502558,Holofoil,9.31,4.49,10.42,112.99,12.56
2026-06-28,sv3pt5-7,502548,Normal,0.22,0.01,0.25,19.48,
2026-06-28,sv3pt5-7,502548,Reverse Holofoil,0.4,0.1,0.4,99.0,0.4
2026-06-28,sv4pt5-234,535090,Holofoil,335.77,260.61,351.99,1678.85,314.98
2026-06-28,sv4pt5-54,534416,Holofoil,5.38,2.0,6.0,60.0,5.5
2026-06-28,sv8-57,590025,Holofoil,4.66,2.0,4.99,96.95,5.72
2026-06-28,sv8pt5-149,610504,Holofoil,303.27,286.0,379.09,2000.0,
2026-06-28,sv8pt5-155,610510,Holofoil,324.46,295.19,375.29,459.94,
2026-06-28,sv8pt5-156,610511,Holofoil,549.79,354.88,794.45,1998.04,794.9
2026-06-28,sv8pt5-161,610516,Holofoil,1508.14,1209.86,1773.89,3998.38,
2026-06-28,sv8pt5-167,610522,Holofoil,190.09,190.39,224.94,3009.8,206.86
2026-06-28,sv8pt5-179,610534,Holofoil,72.3,71.81,86.76,593.42,
2026-06-28,sv8pt5-28,610383,Holofoil,2.63,1.49,2.75,28.7,
2026-06-28,sv8pt5-47,610402,Normal,0.08,0.01,0.15,19.98,0.01
2026-06-28,sv8pt5-47,610402,Reverse Holofoil,0.12,0.01,0.2,19.98,0.01
2026-06-28,sv8pt5-59,610414,Holofoil,0.41,0.01,0.41,100.0,
2026-06-28,sv8pt5-59,610414,Reverse Holofoil,0.6,0.12,0.59,19.99,0.75
2026-06-28,sv8pt5-60,610415,Holofoil,9.73,6.5,9.1,5000.0,10.0
2026-06-28,svp-085,518861,Normal,1062.79,1150.0,1500.0,6998.47,1499.99
2026-06-28,swsh11-186,284137,Holofoil,866.21,794.0,901.54,4331.05,948.0
2026-06-28,swsh12-186,451834,Holofoil,533.71,500.0,629.99,3760.25,599.99
2026-06-28,swsh12pt5gg-GG69,478100,Holofoil,420.69,380.39,462.76,1864.98,438.72
2026-06-28,swsh35-25,223018,Normal,0.21,0.01,0.21,19.98,0.18
2026-06-28,swsh35-25,223018,Reverse Holofoil,0.13,0.1,0.28,19.98,
2026-06-28,swsh35-74,223073,Holofoil,231.81,204.99,292.29,2300.0,284.99
2026-06-28,swsh45sv-SV107,232496,Holofoil,150.73,144.99,180.0,349.95,163.13
2026-06-28,swsh7-204,246693,Holofoil,36.37,38.19,45.27,289.9,44.95
2026-06-28,swsh7-205,246696,Holofoil,404.45,358.0,409.43,1499.99,603.32
2026-06-28,swsh7-208,246755,Holofoil,37.64,31.6,44.99,270.1,37.73
2026-06-28,swsh7-209,246756,Holofoil,303.64,292.47,357.21,1218.65,292.47
2026-06-28,swsh7-211,246702,Holofoil,57.19,49.9,60.01,450.0,64.97
2026-06-28,swsh7-212,246704,Holofoil,389.5,391.81,510.49,4249.73,416.24
2026-06-28,swsh7-215,246723,Holofoil,2210.46,1930.0,2500.0,6000.0,2499.94
2026-06-28,swsh7-218,246733,Holofoil,1027.38,1198.57,1471.8,3499.99,1493.59
2026-06-28,swsh7-41,246753,Holofoil,8.48,5.0,9.5,39.99,10.52
2026-06-28,swsh7-65,246690,Holofoil,16.26,13.55,16.99,500.0,14.98
2026-06-28,swsh7-75,246701,Holofoil,18.44,15.75,20.02,141.86,17.84
2026-06-28,swsh7-8,246691,Holofoil,11.12,8.5,11.92,100.0,14.37
2026-06-28,swsh8-271,253266,Holofoil,990.98,809.69,1139.99,4954.9,1220.9
2026-06-28,swsh9-154,263873,Holofoil,339.61,287.75,399.99,1500.0,306.17
2026-06-29,base1-15,42355,Holofoil,155.52,104.99,163.3,1199.0,180.0
2026-06-29,base1-16,42356,Holofoil,53.25,30.0,39.99,129.96,39.99
2026-06-29,base1-2,42360,Holofoil,225.61,149.0,218.68,9999.0,184.99
2026-06-29,base1-4,42382,Holofoil,659.81,515.33,692.8,1500.0,1499.09
2026-06-29,base1-58,42402,Normal,7.38,0.94,4.1,9999.0,19.98
2026-06-29,cel25c-4,250320,Holofoil,196.1,157.98,219.49,999.99,202.61
2026-06-29,gym2-2,83861,1st Edition Holofoil,894.61,696.69,1499.99,2140.0,
2026-06-29,gym2-2,83861,Unlimited Holofoil,566.63,479.99,900.65,1499.99,
2026-06-29,neo1-9,86903,1st Edition Holofoil,1599.98,1300.0,7750.0,10000.0,
2026-06-29,neo1-9,86903,Unlimited Holofoil,527.4,449.99,555.37,1500.0,
2026-06-29,sl-151-bundle,502000,Normal,186.93,173.72,221.01,2999.99,
2026-06-29,sl-151-etb,503313,Normal,609.68,580.0,699.99,1787.01,
2026-06-29,sl-151-upc,502005,Normal,958.83,920.0,1215.99,35000.0,
2026-06-29,sl-ar-box,265519,Normal,418.52,425.0,484.99,900.0,
2026-06-29,sl-base-box,185731,Normal,,100000.0,100000.0,100000.0,
2026-06-29,sl-bs-box,256141,Normal,625.83,635.0,700.0,5000.0,
2026-06-29,sl-cel-upc,245140,Normal,1301.62,1339.99,1934.85,200000.0,
2026-06-29,sl-champ-etb,218791,Normal,222.78,200.0,250.0,650.0,
2026-06-29,sl-cz-etb,453470,Normal,338.92,310.0,400.0,1000.0,
2026-06-29,sl-dr-box,624679,Normal,581.38,565.0,649.44,2185.0,
2026-06-29,sl-evs-box,242436,Normal,2670.58,2500.0,3040.0,12000.0,
2026-06-29,sl-evs-etb,243721,Normal,983.38,1100.0,1299.49,3499.98,
2026-06-29,sl-fs-box,247654,Normal,1112.67,975.0,1299.0,6500.0,
2026-06-29,sl-hf-etb,194729,Normal,554.69,535.99,658.0,9999.98,
2026-06-29,sl-jp-151,565243,Normal,337.18,320.01,389.99,599.99,
2026-06-29,sl-jp-terastal,603428,Normal,129.04,99.99,154.97,299.95,
2026-06-29,sl-jt-box,610931,Normal,282.33,282.33,310.0,558.43,
2026-06-29,sl-lo-box,277324,Normal,772.47,734.98,875.0,2500.0,
2026-06-29,sl-me1-box,644298,Normal,320.41,320.41,345.0,999.99,
2026-06-29,sl-obf-box,501257,Normal,395.82,400.0,429.99,1000.0,
2026-06-29,sl-pe-etb,593355,Normal,211.68,169.48,208.85,6999.0,
2026-06-29,sl-pe-spc,622770,Normal,330.07,295.99,397.49,9999.99,
2026-06-29,sl-pf-etb,528040,Normal,476.07,474.99,588.79,800.0,
2026-06-29,sl-phf-box,654137,Normal,462.65,400.0,492.5,1000.0,
2026-06-29,sl-shf-etb,228821,Normal,149.35,130.0,180.0,500.0,
2026-06-29,sl-ss-box,565606,Normal,299.52,295.0,350.0,4999.99,
2026-06-29,sl-st-box,283389,Normal,544.53,540.0,575.0,1000.0,
2026-06-29,sl-tf-box,536225,Normal,329.15,320.0,349.99,599.99,
2026-06-29,sv2-185,497557,Normal,0.32,0.01,0.33,22.0,0.27
2026-06-29,sv2-185,497557,Reverse Holofoil,0.67,0.2,0.75,17.26,0.41
2026-06-29,sv2-254,497669,Holofoil,11.6,9.0,12.67,2228.0,11.65
2026-06-29,sv2-269,497689,Holofoil,71.03,53.73,77.81,526.54,74.98
2026-06-29,sv3pt5-151,516566,Holofoil,9.76,6.0,9.81,100.0,10.01
2026-06-29,sv3pt5-199,517045,Holofoil,423.07,370.0,474.55,10000.0,384.99
2026-06-29,sv3pt5-205,517051,Holofoil,33.77,28.0,36.31,149.85,33.65
2026-06-29,sv3pt5-4,502555,Normal,0.13,0.01,0.2,25.0,0.12
2026-06-29,sv3pt5-4,502555,Reverse Holofoil,0.4,0.1,0.4,19.97,0.44
2026-06-29,sv3pt5-6,502558,Holofoil,10.06,4.49,10.49,112.99,13.28
2026-06-29,sv3pt5-7,502548,Normal,0.17,0.01,0.25,19.48,
2026-06-29,sv3pt5-7,502548,Reverse Holofoil,0.34,0.1,0.38,99.0,0.41
2026-06-29,sv4pt5-234,535090,Holofoil,335.77,260.61,336.77,1678.85,314.98
2026-06-29,sv4pt5-54,534416,Holofoil,5.36,3.69,6.0,60.0,6.89
2026-06-29,sv8-57,590025,Holofoil,4.51,2.0,4.99,96.95,6.22
2026-06-29,sv8pt5-149,610504,Holofoil,303.27,286.0,379.55,2000.0,
2026-06-29,sv8pt5-155,610510,Holofoil,324.46,295.19,350.0,459.94,
2026-06-29,sv8pt5-156,610511,Holofoil,562.35,354.88,794.0,1997.98,794.0
2026-06-29,sv8pt5-161,610516,Holofoil,1546.68,1299.99,1786.94,3998.38,
2026-06-29,sv8pt5-167,610522,Holofoil,190.09,190.09,224.98,3009.8,206.86
2026-06-29,sv8pt5-179,610534,Holofoil,72.3,71.81,85.0,593.42,
2026-06-29,sv8pt5-28,610383,Holofoil,2.46,1.5,2.73,28.7,
2026-06-29,sv8pt5-47,610402,Normal,0.06,0.01,0.15,19.98,0.01
2026-06-29,sv8pt5-47,610402,Reverse Holofoil,0.12,0.01,0.19,19.98,0.01
2026-06-29,sv8pt5-59,610414,Holofoil,0.36,0.01,0.4,100.0,
2026-06-29,sv8pt5-59,610414,Reverse Holofoil,0.63,0.1,0.61,19.99,
2026-06-29,sv8pt5-60,610415,Holofoil,9.51,6.5,9.5,5000.0,
2026-06-29,svp-085,518861,Normal,1062.79,1150.0,1499.99,6998.41,1499.99
2026-06-29,swsh11-186,284137,Holofoil,866.21,794.0,909.52,4331.05,874.99
2026-06-29,swsh12-186,451834,Holofoil,536.08,500.0,629.99,3760.19,599.99
2026-06-29,swsh12pt5gg-GG69,478100,Holofoil,420.69,380.39,461.38,1864.98,438.72
2026-06-29,swsh35-25,223018,Normal,0.21,0.01,0.21,19.98,
2026-06-29,swsh35-25,223018,Reverse Holofoil,0.13,0.1,0.28,19.98,
2026-06-29,swsh35-74,223073,Holofoil,231.81,204.99,298.97,2300.0,284.99
2026-06-29,swsh45sv-SV107,232496,Holofoil,150.73,135.0,177.5,349.95,162.81
2026-06-29,swsh7-204,246693,Holofoil,36.37,38.19,46.69,289.9,44.95
2026-06-29,swsh7-205,246696,Holofoil,404.51,358.0,407.8,1499.99,606.55
2026-06-29,swsh7-208,246755,Holofoil,37.64,31.6,44.95,270.1,37.73
2026-06-29,swsh7-209,246756,Holofoil,303.64,292.47,352.7,1218.65,292.47
2026-06-29,swsh7-211,246702,Holofoil,57.19,49.9,60.05,450.0,64.97
2026-06-29,swsh7-212,246704,Holofoil,389.5,391.81,510.49,4249.73,416.24
2026-06-29,swsh7-215,246723,Holofoil,2276.45,1930.0,2499.97,6000.0,2499.94
2026-06-29,swsh7-218,246733,Holofoil,1078.2,1198.57,1493.44,3499.99,1493.44
2026-06-29,swsh7-41,246753,Holofoil,8.3,5.0,9.29,39.99,9.28
2026-06-29,swsh7-65,246690,Holofoil,16.49,13.55,16.57,500.0,19.99
2026-06-29,swsh7-75,246701,Holofoil,18.8,15.81,20.0,141.86,20.03
2026-06-29,swsh7-8,246691,Holofoil,11.31,8.5,11.92,100.0,14.38
2026-06-29,swsh8-271,253266,Holofoil,990.98,809.69,1139.99,4954.9,1220.9
2026-06-29,swsh9-154,263873,Holofoil,339.61,280.0,399.97,1500.0,306.17
2026-06-30,base1-15,42355,Holofoil,155.52,104.99,163.3,1199.0,180.0
2026-06-30,base1-16,42356,Holofoil,53.51,30.59,40.09,129.96,39.99
2026-06-30,base1-2,42360,Holofoil,225.61,149.0,198.68,9999.0,184.99
2026-06-30,base1-4,42382,Holofoil,674.34,534.99,692.74,1500.0,1499.09
2026-06-30,base1-58,42402,Normal,7.32,0.93,4.1,9999.0,9.59
2026-06-30,cel25c-4,250320,Holofoil,196.9,157.98,211.95,999.99,202.11
2026-06-30,gym2-2,83861,1st Edition Holofoil,894.61,696.69,1499.99,2140.0,
2026-06-30,gym2-2,83861,Unlimited Holofoil,566.63,479.99,900.65,1499.99,
2026-06-30,neo1-9,86903,1st Edition Holofoil,1599.98,1300.0,7750.0,10000.0,
2026-06-30,neo1-9,86903,Unlimited Holofoil,543.07,449.99,497.0,1500.0,
2026-06-30,sl-151-bundle,502000,Normal,185.6,173.72,221.01,2999.99,
2026-06-30,sl-151-etb,503313,Normal,605.55,600.0,725.0,1787.01,
2026-06-30,sl-151-upc,502005,Normal,955.43,920.0,1199.99,35000.0,
2026-06-30,sl-ar-box,265519,Normal,418.52,430.0,481.24,900.0,
2026-06-30,sl-base-box,185731,Normal,,100000.0,100000.0,100000.0,
2026-06-30,sl-bs-box,256141,Normal,625.83,635.0,699.99,5000.0,
2026-06-30,sl-cel-upc,245140,Normal,1301.96,1300.0,1934.85,200000.0,
2026-06-30,sl-champ-etb,218791,Normal,221.44,199.99,250.0,650.0,
2026-06-30,sl-cz-etb,453470,Normal,336.74,329.99,400.0,1000.0,
2026-06-30,sl-dr-box,624679,Normal,580.1,565.0,649.44,8498.0,
2026-06-30,sl-evs-box,242436,Normal,2670.58,2500.0,3000.0,12000.0,
2026-06-30,sl-evs-etb,243721,Normal,983.38,1100.0,1298.98,3499.98,
2026-06-30,sl-fs-box,247654,Normal,1105.19,975.0,1339.97,6500.0,
2026-06-30,sl-hf-etb,194729,Normal,552.77,535.99,699.99,9999.98,
2026-06-30,sl-jp-151,565243,Normal,337.66,320.01,380.0,599.99,
2026-06-30,sl-jp-terastal,603428,Normal,135.32,99.99,154.97,299.95,
2026-06-30,sl-jt-box,610931,Normal,282.4,288.99,315.0,558.43,
2026-06-30,sl-lo-box,277324,Normal,768.16,734.98,879.0,2500.0,
2026-06-30,sl-me1-box,644298,Normal,321.53,320.41,345.0,999.99,
2026-06-30,sl-obf-box,501257,Normal,396.25,400.0,431.05,1000.0,
2026-06-30,sl-pe-etb,593355,Normal,206.9,168.0,209.65,6999.0,
2026-06-30,sl-pe-spc,622770,Normal,326.39,285.99,394.99,9999.99,
2026-06-30,sl-pf-etb,528040,Normal,475.81,474.99,587.95,800.0,
2026-06-30,sl-phf-box,654137,Normal,461.16,400.0,492.5,1000.0,
2026-06-30,sl-shf-etb,228821,Normal,149.71,140.99,169.97,500.0,
2026-06-30,sl-ss-box,565606,Normal,307.7,295.0,349.99,4999.99,
2026-06-30,sl-st-box,283389,Normal,544.53,540.0,579.0,1000.0,
2026-06-30,sl-tf-box,536225,Normal,329.1,320.0,349.99,599.99,
2026-06-30,sv2-185,497557,Normal,0.31,0.01,0.32,22.0,0.24
2026-06-30,sv2-185,497557,Reverse Holofoil,0.64,0.2,0.74,17.22,0.41
2026-06-30,sv2-254,497669,Holofoil,11.91,9.0,12.68,2228.0,14.99
2026-06-30,sv2-269,497689,Holofoil,69.66,57.0,77.49,526.54,74.98
2026-06-30,sv3pt5-151,516566,Holofoil,9.06,6.0,9.63,100.0,9.99
2026-06-30,sv3pt5-199,517045,Holofoil,420.79,350.0,460.0,10000.0,384.99
2026-06-30,sv3pt5-205,517051,Holofoil,33.51,28.0,36.13,149.85,29.02
2026-06-30,sv3pt5-4,502555,Normal,0.13,0.01,0.2,25.0,0.13
2026-06-30,sv3pt5-4,502555,Reverse Holofoil,0.38,0.1,0.4,19.97,0.4
2026-06-30,sv3pt5-6,502558,Holofoil,9.52,4.49,10.49,112.99,9.99
2026-06-30,sv3pt5-7,502548,Normal,0.21,0.01,0.25,19.48,
2026-06-30,sv3pt5-7,502548,Reverse Holofoil,0.48,0.1,0.41,99.0,0.39
2026-06-30,sv4pt5-234,535090,Holofoil,333.35,300.0,349.5,1678.85,314.98
2026-06-30,sv4pt5-54,534416,Holofoil,5.32,3.69,6.0,60.0,5.25
2026-06-30,sv8-57,590025,Holofoil,4.3,2.0,4.97,96.95,3.92
2026-06-30,sv8pt5-149,610504,Holofoil,306.25,286.0,400.0,2000.0,
2026-06-30,sv8pt5-155,610510,Holofoil,323.84,300.0,369.01,459.07,
2026-06-30,sv8pt5-156,610511,Holofoil,565.7,462.0,749.35,1997.94,749.0
2026-06-30,sv8pt5-161,610516,Holofoil,1546.68,1299.99,1747.75,3998.34,1434.68
2026-06-30,sv8pt5-167,610522,Holofoil,189.98,182.95,223.99,3009.8,182.95
2026-06-30,sv8pt5-179,610534,Holofoil,72.04,71.64,80.0,593.42,
2026-06-30,sv8pt5-28,610383,Holofoil,2.23,1.45,2.65,28.7,
2026-06-30,sv8pt5-47,610402,Normal,0.05,0.01,0.15,19.98,0.01
2026-06-30,sv8pt5-47,610402,Reverse Holofoil,0.1,0.01,0.19,19.98,0.01
2026-06-30,sv8pt5-59,610414,Holofoil,0.44,0.05,0.4,100.0,0.34
2026-06-30,sv8pt5-59,610414,Reverse Holofoil,0.53,0.1,0.55,19.99,
2026-06-30,sv8pt5-60,610415,Holofoil,8.19,6.5,9.2,5000.0,8.99
2026-06-30,svp-085,518861,Normal,1062.79,1150.0,1499.99,6998.37,1499.99
2026-06-30,swsh11-186,284137,Holofoil,866.21,793.5,906.3,4331.05,874.99
2026-06-30,swsh12-186,451834,Holofoil,536.08,500.0,610.37,3760.15,599.99
2026-06-30,swsh12pt5gg-GG69,478100,Holofoil,420.69,380.39,454.72,1864.98,396.49
2026-06-30,swsh35-25,223018,Normal,0.2,0.04,0.21,19.98,
2026-06-30,swsh35-25,223018,Reverse Holofoil,0.13,0.1,0.28,19.98,
2026-06-30,swsh35-74,223073,Holofoil,231.81,204.99,285.3,2300.0,284.99
2026-06-30,swsh45sv-SV107,232496,Holofoil,151.24,144.99,176.3,349.95,159.99
2026-06-30,swsh7-204,246693,Holofoil,36.69,40.37,48.63,289.9,44.95
2026-06-30,swsh7-205,246696,Holofoil,404.51,360.09,409.5,1499.99,606.55
2026-06-30,swsh7-208,246755,Holofoil,37.64,31.6,44.97,270.1,37.73
2026-06-30,swsh7-209,246756,Holofoil,302.83,292.47,357.7,1218.65,292.47
2026-06-30,swsh7-211,246702,Holofoil,57.07,49.9,59.92,450.0,64.97
2026-06-30,swsh7-212,246704,Holofoil,388.9,391.81,510.49,4249.73,416.24
2026-06-30,swsh7-215,246723,Holofoil,2276.45,1930.0,2500.0,6000.0,2499.94
2026-06-30,swsh7-218,246733,Holofoil,1104.52,1198.57,1488.62,3499.99,1488.54
2026-06-30,swsh7-41,246753,Holofoil,8.08,5.0,9.17,39.99,7.35
2026-06-30,swsh7-65,246690,Holofoil,16.5,13.0,16.59,500.0,21.34
2026-06-30,swsh7-75,246701,Holofoil,18.41,15.7,20.0,141.86,20.02
2026-06-30,swsh7-8,246691,Holofoil,11.65,8.5,11.75,100.0,10.08
2026-06-30,swsh8-271,253266,Holofoil,1007.1,809.69,1135.01,5035.5,1240.0
2026-06-30,swsh9-154,263873,Holofoil,340.21,280.0,400.0,1500.0,306.17
