date,asset_id,product_id,subtype,market,low,mid,high,direct_low
2026-04-01,base1-15,42355,Holofoil,148.77,98.68,198.22,1087.5,349.99
2026-04-01,base1-16,42356,Holofoil,52.73,33.36,53.29,119.99,19.99
2026-04-01,base1-2,42360,Holofoil,190.84,199.99,296.6,2199.86,99.99
2026-04-01,base1-4,42382,Holofoil,495.82,450.0,735.0,2000.0,1499.67
2026-04-01,base1-58,42402,Normal,4.93,0.5,3.99,9999.0,
2026-04-01,cel25c-4,250320,Holofoil,182.93,165.0,219.25,999.99,189.99
2026-04-01,gym2-2,83861,Unlimited Holofoil,519.57,439.77,555.38,1199.99,332.5
2026-04-01,neo1-9,86903,1st Edition Holofoil,1299.96,1798.78,1899.99,2950.0,1899.98
2026-04-01,neo1-9,86903,Unlimited Holofoil,457.03,494.0,673.25,1000.0,
2026-04-01,sl-151-bundle,502000,Normal,181.96,180.0,200.0,2999.99,
2026-04-01,sl-151-etb,503313,Normal,620.32,649.97,777.77,3000.0,
2026-04-01,sl-151-upc,502005,Normal,955.45,935.0,1299.99,40000.0,
2026-04-01,sl-ar-box,265519,Normal,388.6,385.0,487.0,899.99,
2026-04-01,sl-bs-box,256141,Normal,589.94,599.99,699.99,5000.0,
2026-04-01,sl-cel-upc,245140,Normal,983.62,1022.88,1296.95,154722.59,
2026-04-01,sl-champ-etb,218791,Normal,171.55,164.97,200.0,500.0,
2026-04-01,sl-cz-etb,453470,Normal,317.9,300.0,350.0,785.0,
2026-04-01,sl-dr-box,624679,Normal,580.66,599.0,674.99,2185.0,
2026-04-01,sl-evs-box,242436,Normal,2575.11,2500.0,3300.0,12000.0,
2026-04-01,sl-evs-etb,243721,Normal,829.82,1150.0,1999.95,3499.98,
2026-04-01,sl-fs-box,247654,Normal,987.75,980.0,1199.48,3000.0,
2026-04-01,sl-hf-etb,194729,Normal,488.02,484.34,599.99,9999.98,
2026-04-01,sl-jp-151,565243,Normal,297.64,299.99,348.88,500.0,
2026-04-01,sl-jp-terastal,603428,Normal,117.5,118.0,130.0,200.0,
2026-04-01,sl-jt-box,610931,Normal,262.79,258.59,309.99,558.43,
2026-04-01,sl-lo-box,277324,Normal,717.26,718.22,892.99,2500.0,
2026-04-01,sl-me1-box,644298,Normal,282.29,275.0,299.99,500.0,
2026-04-01,sl-obf-box,501257,Normal,346.32,349.99,399.99,1000.0,
2026-04-01,sl-pe-etb,593355,Normal,176.95,175.0,209.64,1115.0,
2026-04-01,sl-pe-spc,622770,Normal,322.75,312.0,391.3,799.0,
2026-04-01,sl-pf-etb,528040,Normal,359.92,398.94,449.99,775.0,
2026-04-01,sl-phf-box,654137,Normal,376.78,371.6,415.5,999.0,
2026-04-01,sl-shf-etb,228821,Normal,116.3,113.04,150.0,500.11,
2026-04-01,sl-ss-box,565606,Normal,248.65,235.01,300.0,4999.99,
2026-04-01,sl-st-box,283389,Normal,472.04,469.0,569.99,9999.99,
2026-04-01,sl-tf-box,536225,Normal,288.91,299.99,330.0,500.0,
2026-04-01,sv2-185,497557,Normal,0.28,0.05,0.33,19.98,0.31
2026-04-01,sv2-185,497557,Reverse Holofoil,0.64,0.23,0.8,19.98,0.6
2026-04-01,sv2-254,497669,Holofoil,11.79,10.0,13.45,112.5,14.99
2026-04-01,sv2-269,497689,Holofoil,53.26,45.0,59.48,527.8,61.49
2026-04-01,sv3pt5-151,516566,Holofoil,8.42,5.0,9.39,96.95,7.48
2026-04-01,sv3pt5-199,517045,Holofoil,395.01,389.99,475.0,1000.0,449.95
2026-04-01,sv3pt5-205,517051,Holofoil,30.22,22.25,34.29,129.99,25.51
2026-04-01,sv3pt5-4,502555,Normal,0.22,0.01,0.22,19.98,0.02
2026-04-01,sv3pt5-4,502555,Reverse Holofoil,0.34,0.01,0.36,19.98,0.38
2026-04-01,sv3pt5-6,502558,Holofoil,8.93,7.9,10.99,87.4,10.11
2026-04-01,sv3pt5-7,502548,Normal,0.19,0.01,0.22,19.98,0.05
2026-04-01,sv3pt5-7,502548,Reverse Holofoil,0.32,0.01,0.31,50.0,0.28
2026-04-01,sv4pt5-234,535090,Holofoil,273.11,245.66,329.99,600.0,204.16
2026-04-01,sv4pt5-54,534416,Holofoil,4.13,2.33,4.5,43.2,6.8
2026-04-01,sv8-57,590025,Holofoil,4.07,2.67,4.4,96.95,5.33
2026-04-01,sv8pt5-149,610504,Holofoil,211.3,200.0,282.0,2019.8,
2026-04-01,sv8pt5-155,610510,Holofoil,258.31,265.51,320.91,2854.5,
2026-04-01,sv8pt5-156,610511,Holofoil,349.3,372.0,479.99,3850.0,
2026-04-01,sv8pt5-161,610516,Holofoil,1448.09,1349.99,1581.21,5000.0,
2026-04-01,sv8pt5-167,610522,Holofoil,188.09,199.0,237.49,3009.8,
2026-04-01,sv8pt5-179,610534,Holofoil,59.65,49.67,73.3,999.0,
2026-04-01,sv8pt5-28,610383,Holofoil,2.25,1.0,1.99,999.0,3.87
2026-04-01,sv8pt5-47,610402,Normal,0.03,0.01,0.1,999.0,0.01
2026-04-01,sv8pt5-47,610402,Reverse Holofoil,0.12,0.01,0.15,999.0,0.01
2026-04-01,sv8pt5-59,610414,Holofoil,0.27,0.01,0.3,999.0,0.28
2026-04-01,sv8pt5-59,610414,Reverse Holofoil,0.38,0.03,0.41,999.0,
2026-04-01,sv8pt5-60,610415,Holofoil,5.0,3.99,5.2,999.0,7.25
2026-04-01,svp-085,518861,Normal,833.96,700.0,1334.56,6999.96,6999.96
2026-04-01,swsh11-186,284137,Holofoil,663.94,600.0,732.5,1500.0,783.99
2026-04-01,swsh12-186,451834,Holofoil,399.58,374.89,512.32,3761.96,449.99
2026-04-01,swsh12pt5gg-GG69,478100,Holofoil,230.05,210.99,253.05,1865.7,224.69
2026-04-01,swsh35-25,223018,Normal,0.15,0.02,0.18,19.98,0.05
2026-04-01,swsh35-25,223018,Reverse Holofoil,0.27,0.1,0.28,19.98,
2026-04-01,swsh35-74,223073,Holofoil,161.94,139.3,219.99,2300.0,209.99
2026-04-01,swsh45sv-SV107,232496,Holofoil,149.48,99.0,170.5,349.95,160.49
2026-04-01,swsh7-204,246693,Holofoil,32.81,28.0,35.0,289.9,47.3
2026-04-01,swsh7-205,246696,Holofoil,329.39,294.23,379.25,500.0,329.79
2026-04-01,swsh7-208,246755,Holofoil,35.03,25.96,39.0,270.1,42.99
2026-04-01,swsh7-209,246756,Holofoil,249.98,242.1,294.57,450.0,264.76
2026-04-01,swsh7-211,246702,Holofoil,51.12,45.0,53.67,450.0,52.17
2026-04-01,swsh7-212,246704,Holofoil,332.63,364.94,400.0,4249.76,317.37
2026-04-01,swsh7-215,246723,Holofoil,1878.2,2087.0,2949.84,6000.0,2899.99
2026-04-01,swsh7-218,246733,Holofoil,715.81,580.0,850.0,1499.99,743.9
2026-04-01,swsh7-41,246753,Holofoil,6.01,4.7,6.6,24.97,5.42
2026-04-01,swsh7-65,246690,Holofoil,14.35,10.99,15.99,500.0,18.95
2026-04-01,swsh7-75,246701,Holofoil,14.95,12.99,16.3,141.9,20.16
2026-04-01,swsh7-8,246691,Holofoil,7.2,5.01,7.99,100.0,5.99
2026-04-01,swsh8-271,253266,Holofoil,786.23,633.67,944.87,1499.95,633.67
2026-04-01,swsh9-154,263873,Holofoil,287.35,225.09,370.43,1500.0,292.49
2026-04-02,base1-15,42355,Holofoil,148.77,90.99,162.01,1087.5,349.99
2026-04-02,base1-16,42356,Holofoil,53.01,33.36,53.5,119.99,56.07
2026-04-02,base1-2,42360,Holofoil,193.21,167.99,221.56,2199.86,2199.86
2026-04-02,base1-4,42382,Holofoil,496.01,450.0,750.0,2000.0,1499.67
2026-04-02,base1-58,42402,Normal,4.98,0.5,4.04,9999.0,1.8
2026-04-02,cel25c-4,250320,Holofoil,183.05,140.54,218.99,999.99,189.99
2026-04-02,gym2-2,83861,Unlimited Holofoil,519.57,439.77,555.38,1199.99,332.5
2026-04-02,neo1-9,86903,1st Edition Holofoil,1299.96,1798.78,1899.99,2950.0,1899.98
2026-04-02,neo1-9,86903,Unlimited Holofoil,457.03,494.0,857.6,1000.0,
2026-04-02,sl-151-bundle,502000,Normal,182.89,175.0,199.99,2999.99,
2026-04-02,sl-151-etb,503313,Normal,620.32,635.0,750.0,3000.0,
2026-04-02,sl-151-upc,502005,Normal,953.85,995.01,1249.98,40000.0,
2026-04-02,sl-ar-box,265519,Normal,388.6,385.0,487.0,899.99,
2026-04-02,sl-bs-box,256141,Normal,589.94,599.99,692.5,5000.0,
2026-04-02,sl-cel-upc,245140,Normal,989.24,1099.0,1348.97,154722.59,
2026-04-02,sl-champ-etb,218791,Normal,171.47,159.97,200.0,500.0,
2026-04-02,sl-cz-etb,453470,Normal,317.9,300.0,350.0,785.0,
2026-04-02,sl-dr-box,624679,Normal,591.46,599.0,650.0,2185.0,
2026-04-02,sl-evs-box,242436,Normal,2579.11,2549.98,3300.0,12000.0,
2026-04-02,sl-evs-etb,243721,Normal,829.82,1150.0,1999.95,3499.98,
2026-04-02,sl-fs-box,247654,Normal,987.75,980.0,1199.95,3000.0,
2026-04-02,sl-hf-etb,194729,Normal,488.6,499.99,599.99,9999.98,
2026-04-02,sl-jp-151,565243,Normal,299.0,299.99,354.94,500.0,
2026-04-02,sl-jp-terastal,603428,Normal,118.12,118.0,130.0,200.0,
2026-04-02,sl-jt-box,610931,Normal,272.4,258.59,342.47,558.43,
2026-04-02,sl-lo-box,277324,Normal,717.26,718.22,892.99,2500.0,
2026-04-02,sl-me1-box,644298,Normal,288.61,275.0,300.0,500.0,
2026-04-02,sl-obf-box,501257,Normal,346.56,349.99,399.99,1000.0,
2026-04-02,sl-pe-etb,593355,Normal,177.97,170.0,209.0,1115.0,
2026-04-02,sl-pe-spc,622770,Normal,317.13,312.0,390.0,799.99,
2026-04-02,sl-pf-etb,528040,Normal,363.87,399.99,493.94,775.0,
2026-04-02,sl-phf-box,654137,Normal,381.33,389.99,419.25,999.0,
2026-04-02,sl-shf-etb,228821,Normal,116.3,113.04,150.0,500.11,
2026-04-02,sl-ss-box,565606,Normal,238.46,235.0,300.0,4999.99,
2026-04-02,sl-st-box,283389,Normal,472.04,469.0,585.0,9999.99,
2026-04-02,sl-tf-box,536225,Normal,288.91,298.0,335.0,500.0,
2026-04-02,sv2-185,497557,Normal,0.31,0.05,0.33,19.98,0.31
2026-04-02,sv2-185,497557,Reverse Holofoil,0.65,0.2,0.78,19.98,0.55
2026-04-02,sv2-254,497669,Holofoil,11.65,10.0,13.48,112.5,11.63
2026-04-02,sv2-269,497689,Holofoil,52.92,48.29,60.0,527.8,61.49
2026-04-02,sv3pt5-151,516566,Holofoil,8.18,4.52,9.34,96.95,13.65
2026-04-02,sv3pt5-199,517045,Holofoil,406.91,388.78,472.99,1000.0,449.95
2026-04-02,sv3pt5-205,517051,Holofoil,30.03,19.25,33.28,129.99,29.27
2026-04-02,sv3pt5-4,502555,Normal,0.19,0.01,0.21,19.98,0.02
2026-04-02,sv3pt5-4,502555,Reverse Holofoil,0.35,0.01,0.35,19.98,0.15
2026-04-02,sv3pt5-6,502558,Holofoil,8.46,7.51,10.76,87.4,12.39
2026-04-02,sv3pt5-7,502548,Normal,0.18,0.01,0.21,19.98,0.05
2026-04-02,sv3pt5-7,502548,Reverse Holofoil,0.36,0.01,0.34,50.0,0.1
2026-04-02,sv4pt5-234,535090,Holofoil,279.02,245.0,330.0,600.0,221.77
2026-04-02,sv4pt5-54,534416,Holofoil,4.18,2.37,4.55,43.2,6.97
2026-04-02,sv8-57,590025,Holofoil,3.91,2.85,4.46,96.95,5.72
2026-04-02,sv8pt5-149,610504,Holofoil,211.3,200.0,279.99,2019.8,
2026-04-02,sv8pt5-155,610510,Holofoil,258.31,264.52,299.85,2854.5,
2026-04-02,sv8pt5-156,610511,Holofoil,353.84,385.0,479.99,3850.0,475.99
2026-04-02,sv8pt5-161,610516,Holofoil,1448.09,1349.99,1581.21,5000.0,
2026-04-02,sv8pt5-167,610522,Holofoil,188.09,184.09,234.99,3009.8,
2026-04-02,sv8pt5-179,610534,Holofoil,59.56,59.65,74.88,999.0,
2026-04-02,sv8pt5-28,610383,Holofoil,2.32,1.0,2.0,999.0,
2026-04-02,sv8pt5-47,610402,Normal,0.03,0.01,0.1,999.0,0.01
2026-04-02,sv8pt5-47,610402,Reverse Holofoil,0.12,0.01,0.15,999.0,0.01
2026-04-02,sv8pt5-59,610414,Holofoil,0.31,0.01,0.3,999.0,0.4
2026-04-02,sv8pt5-59,610414,Reverse Holofoil,0.35,0.03,0.4,999.0,
2026-04-02,sv8pt5-60,610415,Holofoil,5.17,3.98,5.29,999.0,7.43
2026-04-02,svp-085,518861,Normal,848.2,700.0,1100.0,6999.96,6999.96
2026-04-02,swsh11-186,284137,Holofoil,671.7,600.0,732.5,1500.0,789.99
2026-04-02,swsh12-186,451834,Holofoil,399.58,374.89,512.32,3761.96,449.99
2026-04-02,swsh12pt5gg-GG69,478100,Holofoil,229.05,210.99,250.99,1865.7,224.69
2026-04-02,swsh35-25,223018,Normal,0.14,0.02,0.19,19.98,0.05
2026-04-02,swsh35-25,223018,Reverse Holofoil,0.28,0.1,0.28,19.98,
2026-04-02,swsh35-74,223073,Holofoil,161.94,139.3,219.99,2300.0,209.99
2026-04-02,swsh45sv-SV107,232496,Holofoil,148.36,99.0,167.5,349.95,160.49
2026-04-02,swsh7-204,246693,Holofoil,33.11,28.0,34.7,289.9,69.69
2026-04-02,swsh7-205,246696,Holofoil,329.39,294.23,395.0,500.0,329.79
2026-04-02,swsh7-208,246755,Holofoil,35.03,25.96,39.0,270.1,42.04
2026-04-02,swsh7-209,246756,Holofoil,250.38,242.1,296.71,450.0,264.76
2026-04-02,swsh7-211,246702,Holofoil,51.53,45.0,53.68,450.0,52.17
2026-04-02,swsh7-212,246704,Holofoil,336.54,320.0,400.0,4249.76,317.37
2026-04-02,swsh7-215,246723,Holofoil,1878.2,2086.99,2949.84,6000.0,2899.99
2026-04-02,swsh7-218,246733,Holofoil,723.41,580.0,950.0,1199.99,950.0
2026-04-02,swsh7-41,246753,Holofoil,5.8,4.7,6.62,24.97,8.62
2026-04-02,swsh7-65,246690,Holofoil,14.89,10.99,16.05,500.0,18.49
2026-04-02,swsh7-75,246701,Holofoil,14.98,12.99,16.24,141.9,29.99
2026-04-02,swsh7-8,246691,Holofoil,7.13,5.01,7.99,100.0,8.08
2026-04-02,swsh8-271,253266,Holofoil,786.23,664.99,944.86,1499.95,844.99
2026-04-02,swsh9-154,263873,Holofoil,286.46,225.09,358.0,1500.0,292.49
2026-04-03,base1-15,42355,Holofoil,148.77,90.99,176.23,1087.5,349.99
2026-04-03,base1-16,42356,Holofoil,53.73,33.36,53.8,119.99,24.0
2026-04-03,base1-2,42360,Holofoil,193.21,167.99,226.96,2199.86,999.99
2026-04-03,base1-4,42382,Holofoil,496.01,487.46,749.98,1499.69,1499.67
2026-04-03,base1-58,42402,Normal,4.91,0.5,4.08,9999.0,
2026-04-03,cel25c-4,250320,Holofoil,187.06,189.99,220.0,999.99,189.99
2026-04-03,gym2-2,83861,Unlimited Holofoil,519.57,439.77,514.95,1199.99,332.5
2026-04-03,neo1-9,86903,1st Edition Holofoil,1299.96,1798.78,1899.99,2950.0,1899.98
2026-04-03,neo1-9,86903,Unlimited Holofoil,489.66,494.0,600.0,1000.0,
2026-04-03,sl-151-bundle,502000,Normal,183.37,175.0,199.99,2999.99,
2026-04-03,sl-151-etb,503313,Normal,624.79,649.97,777.77,3000.0,
2026-04-03,sl-151-upc,502005,Normal,955.49,995.01,1224.99,40000.0,
2026-04-03,sl-ar-box,265519,Normal,388.6,385.0,487.0,899.99,
2026-04-03,sl-bs-box,256141,Normal,589.94,590.0,685.0,5000.0,
2026-04-03,sl-cel-upc,245140,Normal,989.24,1099.0,1348.97,200000.0,
2026-04-03,sl-champ-etb,218791,Normal,171.47,159.97,200.0,500.0,
2026-04-03,sl-cz-etb,453470,Normal,317.9,300.0,354.98,785.0,
2026-04-03,sl-dr-box,624679,Normal,592.66,584.0,649.99,2185.0,
2026-04-03,sl-evs-box,242436,Normal,2591.11,2550.0,3390.0,12000.0,
2026-04-03,sl-evs-etb,243721,Normal,829.82,1150.0,1999.95,3499.98,
2026-04-03,sl-fs-box,247654,Normal,989.19,999.99,1199.95,3000.0,
2026-04-03,sl-hf-etb,194729,Normal,488.6,499.99,599.99,9999.98,
2026-04-03,sl-jp-151,565243,Normal,300.49,299.99,369.0,500.0,
2026-04-03,sl-jp-terastal,603428,Normal,117.88,115.0,130.0,200.0,
2026-04-03,sl-jt-box,610931,Normal,272.4,258.59,309.99,558.43,
2026-04-03,sl-lo-box,277324,Normal,717.42,718.22,899.99,2500.0,
2026-04-03,sl-me1-box,644298,Normal,287.77,275.0,300.0,500.0,
2026-04-03,sl-obf-box,501257,Normal,348.79,349.99,412.5,1000.0,
2026-04-03,sl-pe-etb,593355,Normal,173.91,170.0,209.5,1115.0,
2026-04-03,sl-pe-spc,622770,Normal,325.47,330.0,395.0,799.99,
2026-04-03,sl-pf-etb,528040,Normal,366.5,399.99,493.94,775.0,
2026-04-03,sl-phf-box,654137,Normal,396.45,400.0,450.0,999.0,
2026-04-03,sl-shf-etb,228821,Normal,116.92,113.04,149.99,500.11,
2026-04-03,sl-ss-box,565606,Normal,245.86,244.99,300.0,4999.99,
2026-04-03,sl-st-box,283389,Normal,471.84,469.0,585.0,9999.99,
2026-04-03,sl-tf-box,536225,Normal,289.73,298.0,332.5,500.0,
2026-04-03,sv2-185,497557,Normal,0.3,0.05,0.33,19.98,0.31
2026-04-03,sv2-185,497557,Reverse Holofoil,0.64,0.2,0.77,19.98,0.58
2026-04-03,sv2-254,497669,Holofoil,11.92,9.0,13.39,112.5,11.63
2026-04-03,sv2-269,497689,Holofoil,52.94,49.07,60.0,527.8,61.49
2026-04-03,sv3pt5-151,516566,Holofoil,6.46,4.25,9.0,96.95,9.03
2026-04-03,sv3pt5-199,517045,Holofoil,413.7,388.78,469.5,1000.0,465.98
2026-04-03,sv3pt5-205,517051,Holofoil,30.0,19.25,32.34,129.99,29.27
2026-04-03,sv3pt5-4,502555,Normal,0.17,0.01,0.2,19.98,0.02
2026-04-03,sv3pt5-4,502555,Reverse Holofoil,0.28,0.01,0.35,19.98,0.4
2026-04-03,sv3pt5-6,502558,Holofoil,8.23,6.5,10.15,87.4,9.49
2026-04-03,sv3pt5-7,502548,Normal,0.19,0.01,0.21,19.98,
2026-04-03,sv3pt5-7,502548,Reverse Holofoil,0.27,0.01,0.32,50.0,
2026-04-03,sv4pt5-234,535090,Holofoil,279.01,245.0,330.0,600.0,221.77
2026-04-03,sv4pt5-54,534416,Holofoil,4.31,2.37,4.53,43.2,6.97
2026-04-03,sv8-57,590025,Holofoil,3.88,2.8,4.4,96.95,6.22
2026-04-03,sv8pt5-149,610504,Holofoil,212.57,200.0,259.99,2019.8,
2026-04-03,sv8pt5-155,610510,Holofoil,261.44,264.52,299.84,2854.5,
2026-04-03,sv8pt5-156,610511,Holofoil,360.48,360.0,479.99,3850.0,479.99
2026-04-03,sv8pt5-161,610516,Holofoil,1461.86,1349.99,1562.43,5000.0,
2026-04-03,sv8pt5-167,610522,Holofoil,190.0,184.09,229.99,3009.8,
2026-04-03,sv8pt5-179,610534,Holofoil,60.04,61.0,74.94,999.0,
2026-04-03,sv8pt5-28,610383,Holofoil,2.21,1.0,2.0,999.0,1.99
2026-04-03,sv8pt5-47,610402,Normal,0.04,0.01,0.1,999.0,0.01
2026-04-03,sv8pt5-47,610402,Reverse Holofoil,0.11,0.01,0.15,999.0,0.01
2026-04-03,sv8pt5-59,610414,Holofoil,0.41,0.02,0.31,999.0,0.4
2026-04-03,sv8pt5-59,610414,Reverse Holofoil,0.34,0.03,0.4,999.0,
2026-04-03,sv8pt5-60,610415,Holofoil,5.56,3.99,5.31,999.0,6.66
2026-04-03,svp-085,518861,Normal,860.25,700.0,1050.0,6999.96,6999.96
2026-04-03,swsh11-186,284137,Holofoil,683.27,600.0,708.0,899.99,800.0
2026-04-03,swsh12-186,451834,Holofoil,402.04,374.89,512.32,3761.96,449.99
2026-04-03,swsh12pt5gg-GG69,478100,Holofoil,229.74,210.99,250.0,1865.7,268.57
2026-04-03,swsh35-25,223018,Normal,0.15,0.02,0.19,19.98,0.05
2026-04-03,swsh35-25,223018,Reverse Holofoil,0.28,0.1,0.28,19.98,
2026-04-03,swsh35-74,223073,Holofoil,162.63,159.99,219.99,2300.0,159.99
2026-04-03,swsh45sv-SV107,232496,Holofoil,149.44,134.99,170.5,349.95,180.09
2026-04-03,swsh7-204,246693,Holofoil,32.87,28.0,34.4,289.9,48.99
2026-04-03,swsh7-205,246696,Holofoil,338.94,296.01,396.25,500.0,359.99
2026-04-03,swsh7-208,246755,Holofoil,35.03,26.95,40.0,270.1,42.04
2026-04-03,swsh7-209,246756,Holofoil,254.31,242.1,299.99,450.0,287.99
2026-04-03,swsh7-211,246702,Holofoil,51.33,45.0,54.11,450.0,49.99
2026-04-03,swsh7-212,246704,Holofoil,336.54,320.0,400.0,4249.76,317.37
2026-04-03,swsh7-215,246723,Holofoil,1878.2,1600.0,2250.16,6000.0,2999.69
2026-04-03,swsh7-218,246733,Holofoil,723.41,580.0,950.0,1199.99,950.0
2026-04-03,swsh7-41,246753,Holofoil,6.0,4.99,6.66,24.97,8.88
2026-04-03,swsh7-65,246690,Holofoil,15.19,10.99,16.23,500.0,18.95
2026-04-03,swsh7-75,246701,Holofoil,15.32,12.99,16.4,141.9,14.88
2026-04-03,swsh7-8,246691,Holofoil,7.09,5.01,7.99,100.0,6.99
2026-04-03,swsh8-271,253266,Holofoil,792.19,664.99,944.87,1499.95,844.99
2026-04-03,swsh9-154,263873,Holofoil,287.64,225.13,350.0,1500.0,292.49
2026-04-04,base1-15,42355,Holofoil,148.77,111.0,185.79,1087.5,349.99
2026-04-04,base1-16,42356,Holofoil,53.73,33.36,53.72,119.99,24.0
2026-04-04,base1-2,42360,Holofoil,193.21,153.0,252.68,2199.86,199.99
2026-04-04,base1-4,42382,Holofoil,497.31,487.46,749.95,1499.69,1499.67
2026-04-04,base1-58,42402,Normal,5.41,0.5,4.0,9999.0,
2026-04-04,cel25c-4,250320,Holofoil,187.22,189.99,220.0,999.99,189.99
2026-04-04,gym2-2,83861,Unlimited Holofoil,519.57,440.0,589.9,1199.99,332.5
2026-04-04,neo1-9,86903,1st Edition Holofoil,1299.96,1798.78,1899.99,2950.0,1899.98
2026-04-04,neo1-9,86903,Unlimited Holofoil,489.66,494.0,600.0,1000.0,
2026-04-04,sl-151-bundle,502000,Normal,183.81,169.0,199.99,2999.99,
2026-04-04,sl-151-etb,503313,Normal,624.15,625.0,750.0,3000.0,
2026-04-04,sl-151-upc,502005,Normal,955.49,965.99,1200.0,40000.0,
2026-04-04,sl-ar-box,265519,Normal,388.6,385.0,487.0,899.99,
2026-04-04,sl-bs-box,256141,Normal,590.92,590.0,692.5,5000.0,
2026-04-04,sl-cel-upc,245140,Normal,989.24,1099.0,1348.97,200000.0,
2026-04-04,sl-champ-etb,218791,Normal,169.99,165.0,200.0,500.0,
2026-04-04,sl-cz-etb,453470,Normal,316.78,300.0,377.47,785.0,
2026-04-04,sl-dr-box,624679,Normal,595.33,584.0,650.0,2185.0,
2026-04-04,sl-evs-box,242436,Normal,2591.11,2550.0,3390.0,12000.0,
2026-04-04,sl-evs-etb,243721,Normal,829.82,1150.0,1999.95,3499.98,
2026-04-04,sl-fs-box,247654,Normal,989.19,999.99,1199.95,3000.0,
2026-04-04,sl-hf-etb,194729,Normal,493.36,545.0,600.72,9999.98,
2026-04-04,sl-jp-151,565243,Normal,301.41,296.99,383.5,500.0,
2026-04-04,sl-jp-terastal,603428,Normal,119.33,118.0,130.0,200.0,
2026-04-04,sl-jt-box,610931,Normal,272.49,258.59,319.99,558.43,
2026-04-04,sl-lo-box,277324,Normal,717.42,718.22,899.99,2500.0,
2026-04-04,sl-me1-box,644298,Normal,287.01,275.0,300.0,500.0,
2026-04-04,sl-obf-box,501257,Normal,351.09,349.88,424.99,1000.0,
2026-04-04,sl-pe-etb,593355,Normal,174.39,170.0,205.0,1115.0,
2026-04-04,sl-pe-spc,622770,Normal,327.63,338.99,395.0,799.99,
2026-04-04,sl-pf-etb,528040,Normal,368.5,399.99,499.0,775.0,
2026-04-04,sl-phf-box,654137,Normal,403.61,410.99,495.0,999.0,
2026-04-04,sl-shf-etb,228821,Normal,119.32,113.04,150.0,500.11,
2026-04-04,sl-ss-box,565606,Normal,250.0,242.0,300.0,4999.99,
2026-04-04,sl-st-box,283389,Normal,471.64,469.0,585.0,9999.99,
2026-04-04,sl-tf-box,536225,Normal,289.73,298.0,330.0,500.0,
2026-04-04,sv2-185,497557,Normal,0.32,0.05,0.34,19.98,0.31
2026-04-04,sv2-185,497557,Reverse Holofoil,0.7,0.23,0.77,19.98,0.7
2026-04-04,sv2-254,497669,Holofoil,11.91,9.5,13.49,112.5,11.09
2026-04-04,sv2-269,497689,Holofoil,52.86,49.29,61.49,527.8,61.49
2026-04-04,sv3pt5-151,516566,Holofoil,8.11,4.25,8.99,100.0,7.99
2026-04-04,sv3pt5-199,517045,Holofoil,411.75,385.0,469.5,1000.0,465.97
2026-04-04,sv3pt5-205,517051,Holofoil,30.24,23.0,32.97,129.99,34.99
2026-04-04,sv3pt5-4,502555,Normal,0.17,0.01,0.2,20.0,0.17
2026-04-04,sv3pt5-4,502555,Reverse Holofoil,0.31,0.01,0.34,19.98,0.5
2026-04-04,sv3pt5-6,502558,Holofoil,8.62,6.3,10.12,87.4,10.16
2026-04-04,sv3pt5-7,502548,Normal,0.22,0.01,0.22,19.98,
2026-04-04,sv3pt5-7,502548,Reverse Holofoil,0.3,0.01,0.31,50.0,
2026-04-04,sv4pt5-234,535090,Holofoil,277.89,245.0,330.0,600.0,284.95
2026-04-04,sv4pt5-54,534416,Holofoil,4.19,2.37,4.53,60.0,5.64
2026-04-04,sv8-57,590025,Holofoil,3.99,2.11,4.28,96.95,6.22
2026-04-04,sv8pt5-149,610504,Holofoil,212.17,200.0,259.06,2019.8,
2026-04-04,sv8pt5-155,610510,Holofoil,260.26,242.42,290.68,2854.5,
2026-04-04,sv8pt5-156,610511,Holofoil,360.48,360.0,434.49,3850.0,479.99
2026-04-04,sv8pt5-161,610516,Holofoil,1471.9,1187.01,1581.21,5000.0,
2026-04-04,sv8pt5-167,610522,Holofoil,190.0,184.09,230.35,3009.8,
2026-04-04,sv8pt5-179,610534,Holofoil,60.51,49.66,74.8,999.0,
2026-04-04,sv8pt5-28,610383,Holofoil,2.29,1.0,2.04,999.0,
2026-04-04,sv8pt5-47,610402,Normal,0.03,0.01,0.1,999.0,0.01
2026-04-04,sv8pt5-47,610402,Reverse Holofoil,0.09,0.01,0.15,999.0,0.04
2026-04-04,sv8pt5-59,610414,Holofoil,0.34,0.02,0.33,999.0,
2026-04-04,sv8pt5-59,610414,Reverse Holofoil,0.4,0.03,0.41,999.0,
2026-04-04,sv8pt5-60,610415,Holofoil,5.46,3.5,5.42,999.0,9.95
2026-04-04,svp-085,518861,Normal,860.25,700.0,999.99,6999.96,6999.96
2026-04-04,swsh11-186,284137,Holofoil,682.46,600.0,716.5,899.99,800.0
2026-04-04,swsh12-186,451834,Holofoil,406.08,374.89,512.31,3761.96,449.99
2026-04-04,swsh12pt5gg-GG69,478100,Holofoil,229.85,210.99,249.97,1865.7,246.44
2026-04-04,swsh35-25,223018,Normal,0.14,0.02,0.19,19.98,0.1
2026-04-04,swsh35-25,223018,Reverse Holofoil,0.28,0.1,0.28,19.98,
2026-04-04,swsh35-74,223073,Holofoil,162.63,159.99,224.67,2300.0,209.99
2026-04-04,swsh45sv-SV107,232496,Holofoil,148.64,125.0,171.53,349.95,180.36
2026-04-04,swsh7-204,246693,Holofoil,32.87,28.0,34.08,289.9,
2026-04-04,swsh7-205,246696,Holofoil,338.94,296.01,395.0,508.27,359.99
2026-04-04,swsh7-208,246755,Holofoil,35.54,26.95,40.0,270.1,43.92
2026-04-04,swsh7-209,246756,Holofoil,255.51,242.1,296.71,450.0,287.99
2026-04-04,swsh7-211,246702,Holofoil,51.07,45.0,53.35,450.0,
2026-04-04,swsh7-212,246704,Holofoil,339.29,320.0,400.0,4249.76,317.37
2026-04-04,swsh7-215,246723,Holofoil,1878.2,1600.0,2299.99,6000.0,2999.68
2026-04-04,swsh7-218,246733,Holofoil,723.41,580.0,950.0,1199.99,950.0
2026-04-04,swsh7-41,246753,Holofoil,6.09,4.99,6.69,24.97,8.88
2026-04-04,swsh7-65,246690,Holofoil,15.32,10.99,16.34,500.0,18.95
2026-04-04,swsh7-75,246701,Holofoil,15.41,12.99,16.42,141.9,14.88
2026-04-04,swsh7-8,246691,Holofoil,7.18,5.0,7.99,100.0,6.99
2026-04-04,swsh8-271,253266,Holofoil,789.51,664.99,946.94,1499.95,944.86
2026-04-04,swsh9-154,263873,Holofoil,293.03,263.81,350.0,1500.0,292.49
2026-04-05,base1-15,42355,Holofoil,149.37,111.0,175.99,1087.5,349.99
2026-04-05,base1-16,42356,Holofoil,53.73,33.36,53.05,119.99,56.88
2026-04-05,base1-2,42360,Holofoil,194.01,153.0,280.2,2199.86,199.99
2026-04-05,base1-4,42382,Holofoil,497.31,487.46,749.98,1499.69,1499.67
2026-04-05,base1-58,42402,Normal,5.17,1.32,3.99,9999.0,
2026-04-05,cel25c-4,250320,Holofoil,187.81,165.0,219.99,999.99,199.95
2026-04-05,gym2-2,83861,Unlimited Holofoil,519.57,440.0,589.9,1199.99,332.5
2026-04-05,neo1-9,86903,1st Edition Holofoil,1299.96,1798.78,1899.99,2950.0,1899.98
2026-04-05,neo1-9,86903,Unlimited Holofoil,497.0,494.0,600.0,1000.0,
2026-04-05,sl-151-bundle,502000,Normal,183.45,180.0,199.99,2999.99,
2026-04-05,sl-151-etb,503313,Normal,624.83,646.0,750.0,3000.0,
2026-04-05,sl-151-upc,502005,Normal,955.49,900.0,1200.0,40000.0,
2026-04-05,sl-ar-box,265519,Normal,388.6,379.99,487.0,899.99,
2026-04-05,sl-bs-box,256141,Normal,590.92,590.0,700.0,5000.0,
2026-04-05,sl-cel-upc,245140,Normal,989.24,1099.99,1399.99,200000.0,
2026-04-05,sl-champ-etb,218791,Normal,170.27,161.68,200.0,500.0,
2026-04-05,sl-cz-etb,453470,Normal,322.13,300.0,354.98,785.0,
2026-04-05,sl-dr-box,624679,Normal,595.01,584.0,649.99,2185.0,
2026-04-05,sl-evs-box,242436,Normal,2591.11,2500.0,3300.0,12000.0,
2026-04-05,sl-evs-etb,243721,Normal,829.82,999.0,1724.98,3499.98,
2026-04-05,sl-fs-box,247654,Normal,989.19,999.99,1199.97,3000.0,
2026-04-05,sl-hf-etb,194729,Normal,497.79,549.99,600.0,9999.98,
2026-04-05,sl-jp-151,565243,Normal,301.93,296.99,369.0,500.0,
2026-04-05,sl-jp-terastal,603428,Normal,119.58,118.0,130.0,200.0,
2026-04-05,sl-jt-box,610931,Normal,272.49,258.59,382.47,2722.0,
2026-04-05,sl-lo-box,277324,Normal,718.39,718.22,900.0,2500.0,
2026-04-05,sl-me1-box,644298,Normal,285.94,280.0,300.0,500.0,
2026-04-05,sl-obf-box,501257,Normal,351.56,349.99,425.0,1000.0,
2026-04-05,sl-pe-etb,593355,Normal,166.57,162.0,208.99,1719.5,
2026-04-05,sl-pe-spc,622770,Normal,328.33,338.9,397.25,799.99,
2026-04-05,sl-pf-etb,528040,Normal,370.5,399.99,499.0,775.0,
2026-04-05,sl-phf-box,654137,Normal,409.65,410.99,495.0,999.0,
2026-04-05,sl-shf-etb,228821,Normal,120.12,108.0,150.0,500.11,
2026-04-05,sl-ss-box,565606,Normal,258.45,244.99,300.24,4999.99,
2026-04-05,sl-st-box,283389,Normal,471.64,459.95,577.5,9999.99,
2026-04-05,sl-tf-box,536225,Normal,290.65,298.0,332.5,500.0,
2026-04-05,sv2-185,497557,Normal,0.29,0.09,0.33,19.98,
2026-04-05,sv2-185,497557,Reverse Holofoil,0.66,0.23,0.77,19.98,0.71
2026-04-05,sv2-254,497669,Holofoil,11.8,8.67,13.39,112.5,11.76
2026-04-05,sv2-269,497689,Holofoil,52.76,49.99,60.75,527.8,61.49
2026-04-05,sv3pt5-151,516566,Holofoil,7.82,4.25,9.0,100.0,14.37
2026-04-05,sv3pt5-199,517045,Holofoil,410.14,385.0,469.5,1000.0,465.97
2026-04-05,sv3pt5-205,517051,Holofoil,30.27,21.25,32.61,129.99,38.5
2026-04-05,sv3pt5-4,502555,Normal,0.22,0.01,0.21,20.0,0.17
2026-04-05,sv3pt5-4,502555,Reverse Holofoil,0.33,0.01,0.34,19.98,0.5
2026-04-05,sv3pt5-6,502558,Holofoil,8.52,6.1,10.0,87.4,12.6
2026-04-05,sv3pt5-7,502548,Normal,0.19,0.01,0.21,19.98,
2026-04-05,sv3pt5-7,502548,Reverse Holofoil,0.29,0.01,0.31,50.0,
2026-04-05,sv4pt5-234,535090,Holofoil,278.89,245.66,330.0,600.0,284.95
2026-04-05,sv4pt5-54,534416,Holofoil,4.04,2.96,4.53,60.0,5.64
2026-04-05,sv8-57,590025,Holofoil,3.63,2.11,4.26,96.95,3.99
2026-04-05,sv8pt5-149,610504,Holofoil,212.83,200.0,277.5,2019.8,
2026-04-05,sv8pt5-155,610510,Holofoil,260.53,242.42,309.04,2854.5,
2026-04-05,sv8pt5-156,610511,Holofoil,360.48,360.0,437.5,3850.0,479.99
2026-04-05,sv8pt5-161,610516,Holofoil,1471.9,1349.0,1600.0,5000.0,
2026-04-05,sv8pt5-167,610522,Holofoil,198.28,184.09,239.99,3009.8,
2026-04-05,sv8pt5-179,610534,Holofoil,60.98,52.99,74.99,999.0,
2026-04-05,sv8pt5-28,610383,Holofoil,1.9,1.0,2.07,999.0,
2026-04-05,sv8pt5-47,610402,Normal,0.03,0.01,0.1,999.0,0.01
2026-04-05,sv8pt5-47,610402,Reverse Holofoil,0.1,0.01,0.15,999.0,0.05
2026-04-05,sv8pt5-59,610414,Holofoil,0.34,0.02,0.34,999.0,
2026-04-05,sv8pt5-59,610414,Reverse Holofoil,0.41,0.03,0.41,999.0,
2026-04-05,sv8pt5-60,610415,Holofoil,4.67,3.8,5.42,999.0,4.99
2026-04-05,svp-085,518861,Normal,866.25,700.0,999.99,6999.95,6999.95
2026-04-05,swsh11-186,284137,Holofoil,682.46,600.0,725.0,899.99,755.0
2026-04-05,swsh12-186,451834,Holofoil,409.61,373.0,499.98,3761.95,499.68
2026-04-05,swsh12pt5gg-GG69,478100,Holofoil,229.85,227.02,249.99,1865.7,246.44
2026-04-05,swsh35-25,223018,Normal,0.13,0.02,0.18,19.98,0.1
2026-04-05,swsh35-25,223018,Reverse Holofoil,0.28,0.1,0.28,19.98,
2026-04-05,swsh35-74,223073,Holofoil,162.63,156.99,220.0,2300.0,209.99
2026-04-05,swsh45sv-SV107,232496,Holofoil,148.64,135.0,170.94,349.95,184.32
2026-04-05,swsh7-204,246693,Holofoil,32.87,28.0,33.75,289.9,
2026-04-05,swsh7-205,246696,Holofoil,338.94,296.01,395.0,508.27,359.99
2026-04-05,swsh7-208,246755,Holofoil,35.54,28.45,41.96,270.1,43.92
2026-04-05,swsh7-209,246756,Holofoil,256.67,242.1,298.84,450.0,287.99
2026-04-05,swsh7-211,246702,Holofoil,51.07,45.0,53.49,450.0,
2026-04-05,swsh7-212,246704,Holofoil,339.29,315.0,400.0,4249.75,317.37
2026-04-05,swsh7-215,246723,Holofoil,1878.2,1799.89,2369.63,6000.0,2999.68
2026-04-05,swsh7-218,246733,Holofoil,723.41,580.0,950.0,1199.99,950.0
2026-04-05,swsh7-41,246753,Holofoil,6.14,4.99,6.69,24.97,9.0
2026-04-05,swsh7-65,246690,Holofoil,15.36,10.99,16.09,500.0,18.95
2026-04-05,swsh7-75,246701,Holofoil,15.39,13.2,16.5,141.9,29.99
2026-04-05,swsh7-8,246691,Holofoil,7.23,5.0,7.99,100.0,6.99
2026-04-05,swsh8-271,253266,Holofoil,789.51,664.99,948.99,1499.95,944.86
2026-04-05,swsh9-154,263873,Holofoil,293.03,263.81,349.99,1500.0,292.49
2026-04-06,base1-15,42355,Holofoil,149.37,111.0,162.01,1087.5,349.99
2026-04-06,base1-16,42356,Holofoil,54.37,29.99,54.68,119.99,64.99
2026-04-06,base1-2,42360,Holofoil,194.01,153.0,282.03,1585.7,199.99
2026-04-06,base1-4,42382,Holofoil,497.31,629.99,750.0,1499.69,1499.67
2026-04-06,base1-58,42402,Normal,5.36,1.32,3.84,9999.0,
2026-04-06,cel25c-4,250320,Holofoil,190.87,193.0,219.99,999.99,199.99
2026-04-06,gym2-2,83861,Unlimited Holofoil,519.57,440.0,589.9,1499.99,332.5
2026-04-06,neo1-9,86903,1st Edition Holofoil,1299.96,1798.78,1899.99,2950.0,1899.98
2026-04-06,neo1-9,86903,Unlimited Holofoil,506.09,451.68,512.7,1000.0,
2026-04-06,sl-151-bundle,502000,Normal,181.6,175.0,199.99,2999.99,
2026-04-06,sl-151-etb,503313,Normal,626.99,630.0,750.0,3000.0,
2026-04-06,sl-151-upc,502005,Normal,974.15,1015.0,1436.15,40000.0,
2026-04-06,sl-ar-box,265519,Normal,388.6,379.99,487.0,899.99,
2026-04-06,sl-bs-box,256141,Normal,590.92,590.0,699.99,5000.0,
2026-04-06,sl-cel-upc,245140,Normal,1004.24,1099.99,1488.88,200000.0,
2026-04-06,sl-champ-etb,218791,Normal,169.66,161.68,200.0,500.0,
2026-04-06,sl-cz-etb,453470,Normal,322.33,300.0,359.95,785.0,
2026-04-06,sl-dr-box,624679,Normal,594.81,584.0,649.99,2185.0,
2026-04-06,sl-evs-box,242436,Normal,2620.59,2500.0,3485.0,12000.0,
2026-04-06,sl-evs-etb,243721,Normal,829.82,999.0,1724.98,3499.98,
2026-04-06,sl-fs-box,247654,Normal,989.19,999.99,1199.97,3000.0,
2026-04-06,sl-hf-etb,194729,Normal,499.79,560.0,649.99,9999.98,
2026-04-06,sl-jp-151,565243,Normal,302.53,296.99,360.99,500.0,
2026-04-06,sl-jp-terastal,603428,Normal,119.92,93.0,130.0,200.0,
2026-04-06,sl-jt-box,610931,Normal,271.99,271.55,382.47,2722.0,
2026-04-06,sl-lo-box,277324,Normal,718.39,730.0,917.0,2500.0,
2026-04-06,sl-me1-box,644298,Normal,285.17,289.99,313.56,500.0,
2026-04-06,sl-obf-box,501257,Normal,351.56,349.99,425.0,1000.0,
2026-04-06,sl-pe-etb,593355,Normal,168.24,160.0,203.35,2000.0,
2026-04-06,sl-pe-spc,622770,Normal,332.82,338.99,399.5,1500.0,
2026-04-06,sl-pf-etb,528040,Normal,370.5,399.99,488.88,775.0,
2026-04-06,sl-phf-box,654137,Normal,414.63,410.0,495.0,999.0,
2026-04-06,sl-shf-etb,228821,Normal,120.52,113.04,149.99,500.11,
2026-04-06,sl-ss-box,565606,Normal,251.81,260.0,322.47,4999.99,
2026-04-06,sl-st-box,283389,Normal,471.64,459.95,577.5,9999.99,
2026-04-06,sl-tf-box,536225,Normal,290.65,280.0,325.0,500.0,
2026-04-06,sv2-185,497557,Normal,0.29,0.09,0.33,19.98,
2026-04-06,sv2-185,497557,Reverse Holofoil,0.7,0.23,0.78,19.98,0.77
2026-04-06,sv2-254,497669,Holofoil,11.57,8.65,13.3,112.5,10.69
2026-04-06,sv2-269,497689,Holofoil,53.26,49.99,60.0,527.8,65.99
2026-04-06,sv3pt5-151,516566,Holofoil,7.61,4.25,8.94,100.0,7.57
2026-04-06,sv3pt5-199,517045,Holofoil,409.5,377.98,468.84,1000.0,465.97
2026-04-06,sv3pt5-205,517051,Holofoil,30.21,21.25,32.99,129.99,32.99
2026-04-06,sv3pt5-4,502555,Normal,0.22,0.01,0.22,20.0,0.17
2026-04-06,sv3pt5-4,502555,Reverse Holofoil,0.32,0.01,0.34,19.98,0.34
2026-04-06,sv3pt5-6,502558,Holofoil,7.8,7.0,10.0,87.4,10.99
2026-04-06,sv3pt5-7,502548,Normal,0.18,0.01,0.21,19.98,
2026-04-06,sv3pt5-7,502548,Reverse Holofoil,0.33,0.01,0.3,50.0,
2026-04-06,sv4pt5-234,535090,Holofoil,280.87,245.66,340.39,600.0,344.99
2026-04-06,sv4pt5-54,534416,Holofoil,4.1,2.96,4.5,60.0,4.62
2026-04-06,sv8-57,590025,Holofoil,4.01,2.44,4.33,96.95,6.49
2026-04-06,sv8pt5-149,610504,Holofoil,212.87,200.0,277.5,2019.8,
2026-04-06,sv8pt5-155,610510,Holofoil,262.67,258.98,320.71,2854.5,
2026-04-06,sv8pt5-156,610511,Holofoil,363.0,363.0,449.99,3850.0,479.99
2026-04-06,sv8pt5-161,610516,Holofoil,1471.9,1349.0,1556.21,5000.0,
2026-04-06,sv8pt5-167,610522,Holofoil,198.36,197.99,237.49,3009.8,
2026-04-06,sv8pt5-179,610534,Holofoil,60.98,52.99,73.18,999.0,
2026-04-06,sv8pt5-28,610383,Holofoil,1.67,1.0,2.0,999.0,
2026-04-06,sv8pt5-47,610402,Normal,0.05,0.01,0.1,999.0,0.01
2026-04-06,sv8pt5-47,610402,Reverse Holofoil,0.09,0.01,0.15,999.0,0.04
2026-04-06,sv8pt5-59,610414,Holofoil,0.28,0.02,0.31,999.0,
2026-04-06,sv8pt5-59,610414,Reverse Holofoil,0.39,0.03,0.4,999.0,
2026-04-06,sv8pt5-60,610415,Holofoil,6.26,3.99,5.84,999.0,7.49
2026-04-06,svp-085,518861,Normal,866.25,700.0,1150.0,6999.94,6999.94
2026-04-06,swsh11-186,284137,Holofoil,682.66,599.99,737.48,2000.0,800.0
2026-04-06,swsh12-186,451834,Holofoil,409.61,373.0,499.83,3761.94,499.68
2026-04-06,swsh12pt5gg-GG69,478100,Holofoil,229.85,227.02,249.98,1865.7,246.44
2026-04-06,swsh35-25,223018,Normal,0.13,0.02,0.19,19.98,0.1
2026-04-06,swsh35-25,223018,Reverse Holofoil,0.29,0.1,0.28,19.98,
2026-04-06,swsh35-74,223073,Holofoil,163.79,156.99,224.67,2300.0,209.99
2026-04-06,swsh45sv-SV107,232496,Holofoil,148.99,135.0,175.6,349.95,184.32
2026-04-06,swsh7-204,246693,Holofoil,32.87,28.0,34.51,289.9,
2026-04-06,swsh7-205,246696,Holofoil,338.94,296.01,395.0,508.27,372.72
2026-04-06,swsh7-208,246755,Holofoil,35.54,25.96,39.0,270.1,43.92
2026-04-06,swsh7-209,246756,Holofoil,258.21,260.0,300.0,450.0,287.99
2026-04-06,swsh7-211,246702,Holofoil,51.07,45.0,53.49,450.0,
2026-04-06,swsh7-212,246704,Holofoil,343.07,315.0,400.0,4249.74,317.37
2026-04-06,swsh7-215,246723,Holofoil,1878.2,1799.89,2369.63,6000.0,2999.68
2026-04-06,swsh7-218,246733,Holofoil,723.41,580.0,950.0,1199.99,950.0
2026-04-06,swsh7-41,246753,Holofoil,6.3,4.99,6.7,24.97,9.31
2026-04-06,swsh7-65,246690,Holofoil,15.32,10.99,16.17,500.0,18.95
2026-04-06,swsh7-75,246701,Holofoil,15.55,13.17,16.48,141.9,29.99
2026-04-06,swsh7-8,246691,Holofoil,7.35,5.0,7.99,100.0,6.99
2026-04-06,swsh8-271,253266,Holofoil,789.51,664.99,946.94,1499.95,944.86
2026-04-06,swsh9-154,263873,Holofoil,293.03,263.81,347.67,1500.0,292.49
2026-04-07,base1-15,42355,Holofoil,150.41,111.0,159.43,1087.5,349.99
2026-04-07,base1-16,42356,Holofoil,54.37,40.0,58.32,119.99,64.99
2026-04-07,base1-2,42360,Holofoil,192.04,150.0,279.12,1585.7,199.99
2026-04-07,base1-4,42382,Holofoil,497.31,487.46,749.98,1499.69,1499.67
2026-04-07,base1-58,42402,Normal,5.23,1.32,4.0,9999.0,
2026-04-07,cel25c-4,250320,Holofoil,192.61,165.0,219.58,999.99,199.99
2026-04-07,gym2-2,83861,Unlimited Holofoil,519.57,440.0,589.9,1499.99,332.5
2026-04-07,neo1-9,86903,1st Edition Holofoil,1299.96,1798.78,1899.99,2950.0,1899.98
2026-04-07,neo1-9,86903,Unlimited Holofoil,467.36,451.68,512.7,1000.0,
2026-04-07,sl-151-bundle,502000,Normal,184.01,175.0,199.99,2999.99,
2026-04-07,sl-151-etb,503313,Normal,625.99,610.0,736.0,3000.0,
2026-04-07,sl-151-upc,502005,Normal,974.15,1025.0,1436.15,40000.0,
2026-04-07,sl-ar-box,265519,Normal,388.6,372.0,480.5,899.99,
2026-04-07,sl-bs-box,256141,Normal,590.92,590.0,700.0,5000.0,
2026-04-07,sl-cel-upc,245140,Normal,1004.24,1099.99,1488.88,200000.0,
2026-04-07,sl-champ-etb,218791,Normal,169.66,159.0,200.0,500.0,
2026-04-07,sl-cz-etb,453470,Normal,322.05,300.0,350.0,785.0,
2026-04-07,sl-dr-box,624679,Normal,596.05,594.81,674.99,2185.0,
2026-04-07,sl-evs-box,242436,Normal,2612.59,2550.0,3482.5,12000.0,
2026-04-07,sl-evs-etb,243721,Normal,829.82,1150.0,1999.97,3499.98,
2026-04-07,sl-fs-box,247654,Normal,989.19,999.99,1199.95,3000.0,
2026-04-07,sl-hf-etb,194729,Normal,499.79,560.0,650.0,9999.98,
2026-04-07,sl-jp-151,565243,Normal,303.09,296.99,383.5,600.0,
2026-04-07,sl-jp-terastal,603428,Normal,119.14,118.0,130.0,200.0,
2026-04-07,sl-jt-box,610931,Normal,271.99,271.55,382.47,2722.0,
2026-04-07,sl-lo-box,277324,Normal,718.39,715.0,899.99,2500.0,
2026-04-07,sl-me1-box,644298,Normal,287.4,289.99,313.56,500.0,
2026-04-07,sl-obf-box,501257,Normal,351.56,349.99,412.5,1000.0,
2026-04-07,sl-pe-etb,593355,Normal,168.4,160.0,200.0,2000.0,
2026-04-07,sl-pe-spc,622770,Normal,331.06,331.46,394.0,1500.0,
2026-04-07,sl-pf-etb,528040,Normal,373.13,399.99,488.88,775.0,
2026-04-07,sl-phf-box,654137,Normal,419.24,410.0,489.99,1200.0,
2026-04-07,sl-shf-etb,228821,Normal,122.48,113.04,150.0,500.11,
2026-04-07,sl-ss-box,565606,Normal,250.76,260.0,327.5,4999.99,
2026-04-07,sl-st-box,283389,Normal,470.03,449.96,550.0,9999.99,
2026-04-07,sl-tf-box,536225,Normal,291.05,280.0,325.0,500.0,
2026-04-07,sv2-185,497557,Normal,0.28,0.09,0.32,19.98,
2026-04-07,sv2-185,497557,Reverse Holofoil,0.75,0.23,0.78,19.98,0.83
2026-04-07,sv2-254,497669,Holofoil,10.82,9.0,13.2,112.5,11.54
2026-04-07,sv2-269,497689,Holofoil,51.88,49.99,59.99,527.8,65.99
2026-04-07,sv3pt5-151,516566,Holofoil,6.58,4.25,8.58,100.0,8.85
2026-04-07,sv3pt5-199,517045,Holofoil,412.58,377.98,470.32,1000.0,465.98
2026-04-07,sv3pt5-205,517051,Holofoil,30.92,21.2,32.23,129.99,29.69
2026-04-07,sv3pt5-4,502555,Normal,0.21,0.01,0.22,20.0,0.16
2026-04-07,sv3pt5-4,502555,Reverse Holofoil,0.34,0.01,0.34,19.98,0.31
2026-04-07,sv3pt5-6,502558,Holofoil,8.12,6.59,9.99,87.4,9.88
2026-04-07,sv3pt5-7,502548,Normal,0.19,0.01,0.21,19.98,
2026-04-07,sv3pt5-7,502548,Reverse Holofoil,0.29,0.01,0.31,50.0,0.22
2026-04-07,sv4pt5-234,535090,Holofoil,281.47,239.53,330.0,600.0,221.77
2026-04-07,sv4pt5-54,534416,Holofoil,4.35,2.96,4.53,60.0,4.73
2026-04-07,sv8-57,590025,Holofoil,3.57,2.49,4.25,96.95,3.39
2026-04-07,sv8pt5-149,610504,Holofoil,213.53,200.0,279.99,2019.8,
2026-04-07,sv8pt5-155,610510,Holofoil,263.43,270.0,335.21,2854.5,
2026-04-07,sv8pt5-156,610511,Holofoil,388.12,370.0,491.97,3850.0,499.95
2026-04-07,sv8pt5-161,610516,Holofoil,1476.08,1419.2,1581.21,5000.0,1499.99
2026-04-07,sv8pt5-167,610522,Holofoil,196.76,197.99,244.99,3009.8,
2026-04-07,sv8pt5-179,610534,Holofoil,61.7,48.98,71.59,999.0,
2026-04-07,sv8pt5-28,610383,Holofoil,2.0,1.0,2.0,999.0,
2026-04-07,sv8pt5-47,610402,Normal,0.05,0.01,0.1,999.0,0.01
2026-04-07,sv8pt5-47,610402,Reverse Holofoil,0.1,0.01,0.15,999.0,0.04
2026-04-07,sv8pt5-59,610414,Holofoil,0.33,0.02,0.3,999.0,
2026-04-07,sv8pt5-59,610414,Reverse Holofoil,0.36,0.03,0.4,999.0,
2026-04-07,sv8pt5-60,610415,Holofoil,5.52,4.0,5.78,999.0,
2026-04-07,svp-085,518861,Normal,866.25,700.0,1100.0,6999.94,6999.94
2026-04-07,swsh11-186,284137,Holofoil,682.66,599.99,720.79,899.99,800.0
2026-04-07,swsh12-186,451834,Holofoil,409.48,373.0,499.98,3761.94,499.68
2026-04-07,swsh12pt5gg-GG69,478100,Holofoil,230.17,227.02,250.0,1865.7,246.44
2026-04-07,swsh35-25,223018,Normal,0.13,0.02,0.19,19.98,0.1
2026-04-07,swsh35-25,223018,Reverse Holofoil,0.29,0.1,0.29,19.98,
2026-04-07,swsh35-74,223073,Holofoil,165.5,156.99,224.67,2300.0,202.05
2026-04-07,swsh45sv-SV107,232496,Holofoil,148.99,115.0,173.17,349.95,184.32
2026-04-07,swsh7-204,246693,Holofoil,32.87,28.0,35.0,289.9,
2026-04-07,swsh7-205,246696,Holofoil,339.18,344.81,395.0,517.02,372.72
2026-04-07,swsh7-208,246755,Holofoil,35.49,25.96,40.0,270.1,43.92
2026-04-07,swsh7-209,246756,Holofoil,260.05,263.7,312.0,450.0,287.99
2026-04-07,swsh7-211,246702,Holofoil,50.71,45.0,53.3,450.0,
2026-04-07,swsh7-212,246704,Holofoil,343.07,320.0,400.0,4249.74,317.37
2026-04-07,swsh7-215,246723,Holofoil,1878.2,1799.89,2300.31,6000.0,2999.68
2026-04-07,swsh7-218,246733,Holofoil,733.41,600.0,954.0,1199.99,950.0
2026-04-07,swsh7-41,246753,Holofoil,6.64,4.99,6.95,24.97,9.65
2026-04-07,swsh7-65,246690,Holofoil,15.6,10.99,16.17,1325.0,18.98
2026-04-07,swsh7-75,246701,Holofoil,15.42,13.32,16.75,141.9,29.99
2026-04-07,swsh7-8,246691,Holofoil,7.57,5.0,8.0,100.0,11.99
2026-04-07,swsh8-271,253266,Holofoil,816.48,664.99,974.34,1499.95,944.86
2026-04-07,swsh9-154,263873,Holofoil,301.77,263.81,350.0,1500.0,292.49
2026-04-08,base1-15,42355,Holofoil,150.41,111.0,156.84,1087.5,349.99
2026-04-08,base1-16,42356,Holofoil,54.17,40.0,59.47,119.99,64.99
2026-04-08,base1-2,42360,Holofoil,192.04,148.0,221.56,1585.7,199.99
2026-04-08,base1-4,42382,Holofoil,499.01,497.99,719.99,1499.69,1499.67
2026-04-08,base1-58,42402,Normal,5.73,1.32,3.98,9999.0,
2026-04-08,cel25c-4,250320,Holofoil,194.36,165.0,219.99,999.99,199.99
2026-04-08,gym2-2,83861,Unlimited Holofoil,519.57,440.0,589.9,1499.99,332.5
2026-04-08,neo1-9,86903,1st Edition Holofoil,1798.78,1899.98,1899.99,2950.0,1899.98
2026-04-08,neo1-9,86903,Unlimited Holofoil,467.36,451.68,512.7,1000.0,
2026-04-08,sl-151-bundle,502000,Normal,175.39,150.0,200.0,2999.99,
2026-04-08,sl-151-etb,503313,Normal,628.39,648.01,736.0,3000.0,
2026-04-08,sl-151-upc,502005,Normal,974.15,1025.0,1468.07,40000.0,
2026-04-08,sl-ar-box,265519,Normal,388.6,372.0,476.0,899.99,
2026-04-08,sl-bs-box,256141,Normal,591.91,589.0,700.0,5000.0,
2026-04-08,sl-cel-upc,245140,Normal,1004.24,1099.99,1444.44,200000.0,
2026-04-08,sl-champ-etb,218791,Normal,169.22,159.0,199.99,500.0,
2026-04-08,sl-cz-etb,453470,Normal,323.2,315.0,350.0,785.0,
2026-04-08,sl-dr-box,624679,Normal,593.7,585.01,674.99,2185.0,
2026-04-08,sl-evs-box,242436,Normal,2604.59,2550.0,3482.5,12000.0,
2026-04-08,sl-evs-etb,243721,Normal,829.82,1140.0,1999.95,3499.98,
2026-04-08,sl-fs-box,247654,Normal,989.19,995.0,1199.0,3000.0,
2026-04-08,sl-hf-etb,194729,Normal,500.79,560.0,650.0,9999.98,
2026-04-08,sl-jp-151,565243,Normal,303.09,296.99,383.5,600.0,
2026-04-08,sl-jp-terastal,603428,Normal,119.5,119.0,137.49,200.0,
2026-04-08,sl-jt-box,610931,Normal,272.06,280.0,364.95,558.43,
2026-04-08,sl-lo-box,277324,Normal,717.81,715.0,899.99,2500.0,
2026-04-08,sl-me1-box,644298,Normal,291.43,289.99,317.99,500.0,
2026-04-08,sl-obf-box,501257,Normal,349.65,349.99,400.0,1000.0,
2026-04-08,sl-pe-etb,593355,Normal,164.78,165.0,200.0,2000.0,
2026-04-08,sl-pe-spc,622770,Normal,333.1,338.99,399.73,1500.0,
2026-04-08,sl-pf-etb,528040,Normal,377.36,424.99,488.88,775.0,
2026-04-08,sl-phf-box,654137,Normal,421.73,397.0,495.0,1200.0,
2026-04-08,sl-shf-etb,228821,Normal,122.88,119.45,150.0,500.11,
2026-04-08,sl-ss-box,565606,Normal,252.43,250.0,324.97,4999.99,
2026-04-08,sl-st-box,283389,Normal,470.03,449.96,549.99,9999.99,
2026-04-08,sl-tf-box,536225,Normal,291.05,264.0,325.0,500.0,
2026-04-08,sv2-185,497557,Normal,0.27,0.09,0.32,19.98,0.25
2026-04-08,sv2-185,497557,Reverse Holofoil,0.74,0.23,0.8,19.98,1.49
2026-04-08,sv2-254,497669,Holofoil,10.12,8.58,13.22,112.5,12.23
2026-04-08,sv2-269,497689,Holofoil,51.82,49.99,60.0,527.8,51.92
2026-04-08,sv3pt5-151,516566,Holofoil,7.38,4.25,8.5,100.0,6.45
2026-04-08,sv3pt5-199,517045,Holofoil,416.71,377.98,470.0,1000.0,465.98
2026-04-08,sv3pt5-205,517051,Holofoil,31.75,22.96,33.0,129.99,29.69
2026-04-08,sv3pt5-4,502555,Normal,0.23,0.01,0.23,20.0,0.16
2026-04-08,sv3pt5-4,502555,Reverse Holofoil,0.35,0.01,0.35,19.98,0.31
2026-04-08,sv3pt5-6,502558,Holofoil,8.25,6.6,9.99,87.4,8.35
2026-04-08,sv3pt5-7,502548,Normal,0.21,0.01,0.21,19.98,0.14
2026-04-08,sv3pt5-7,502548,Reverse Holofoil,0.29,0.01,0.31,50.0,0.3
2026-04-08,sv4pt5-234,535090,Holofoil,280.35,239.53,330.0,600.0,221.77
2026-04-08,sv4pt5-54,534416,Holofoil,4.25,2.96,4.65,60.0,4.89
2026-04-08,sv8-57,590025,Holofoil,4.39,2.45,4.32,96.95,4.49
2026-04-08,sv8pt5-149,610504,Holofoil,214.6,200.0,279.99,2000.0,
2026-04-08,sv8pt5-155,610510,Holofoil,267.35,244.94,325.0,999.0,
2026-04-08,sv8pt5-156,610511,Holofoil,388.12,380.0,498.37,999.0,499.9
2026-04-08,sv8pt5-161,610516,Holofoil,1476.08,1419.2,1522.75,5000.0,1499.95
2026-04-08,sv8pt5-167,610522,Holofoil,193.36,128.26,232.49,3009.8,219.99
2026-04-08,sv8pt5-179,610534,Holofoil,61.78,50.99,69.99,999.0,74.04
2026-04-08,sv8pt5-28,610383,Holofoil,2.15,1.0,2.0,999.0,2.88
2026-04-08,sv8pt5-47,610402,Normal,0.04,0.01,0.1,999.0,0.01
2026-04-08,sv8pt5-47,610402,Reverse Holofoil,0.09,0.01,0.15,999.0,0.04
2026-04-08,sv8pt5-59,610414,Holofoil,0.36,0.01,0.34,999.0,0.27
2026-04-08,sv8pt5-59,610414,Reverse Holofoil,0.38,0.03,0.4,999.0,
2026-04-08,sv8pt5-60,610415,Holofoil,5.45,4.0,5.67,999.0,
2026-04-08,svp-085,518861,Normal,866.25,700.0,1100.0,6999.94,6999.94
2026-04-08,swsh11-186,284137,Holofoil,687.46,599.99,720.79,899.99,800.0
2026-04-08,swsh12-186,451834,Holofoil,409.48,370.0,499.68,3761.94,499.68
2026-04-08,swsh12pt5gg-GG69,478100,Holofoil,230.17,227.02,249.99,1865.7,231.05
2026-04-08,swsh35-25,223018,Normal,0.13,0.02,0.18,19.98,0.1
2026-04-08,swsh35-25,223018,Reverse Holofoil,0.29,0.1,0.29,19.98,
2026-04-08,swsh35-74,223073,Holofoil,165.5,156.99,219.99,2300.0,202.05
2026-04-08,swsh45sv-SV107,232496,Holofoil,149.48,115.0,174.99,349.95,196.7
2026-04-08,swsh7-204,246693,Holofoil,32.87,28.0,35.0,289.9,
2026-04-08,swsh7-205,246696,Holofoil,339.18,344.81,389.25,517.02,372.72
2026-04-08,swsh7-208,246755,Holofoil,35.4,25.96,39.0,270.1,269.86
2026-04-08,swsh7-209,246756,Holofoil,262.91,269.0,316.44,450.0,287.99
2026-04-08,swsh7-211,246702,Holofoil,50.71,45.0,53.12,450.0,
2026-04-08,swsh7-212,246704,Holofoil,344.51,320.0,405.05,4249.74,317.37
2026-04-08,swsh7-215,246723,Holofoil,1888.57,1799.89,2372.22,6000.0,2299.99
2026-04-08,swsh7-218,246733,Holofoil,733.41,600.0,950.0,1199.99,950.0
2026-04-08,swsh7-41,246753,Holofoil,6.87,4.99,6.99,24.97,9.65
2026-04-08,swsh7-65,246690,Holofoil,15.44,11.63,16.17,1325.0,13.04
2026-04-08,swsh7-75,246701,Holofoil,15.53,13.36,16.57,141.9,15.85
2026-04-08,swsh7-8,246691,Holofoil,7.78,5.0,7.99,100.0,7.19
2026-04-08,swsh8-271,253266,Holofoil,816.48,664.99,949.68,1499.95,944.86
2026-04-08,swsh9-154,263873,Holofoil,301.47,263.81,349.99,1500.0,292.49
2026-04-09,base1-15,42355,Holofoil,150.41,111.0,156.84,1087.38,119.99
2026-04-09,base1-16,42356,Holofoil,54.17,39.9,57.17,119.99,64.99
2026-04-09,base1-2,42360,Holofoil,194.41,138.5,220.77,1585.58,159.09
2026-04-09,base1-4,42382,Holofoil,500.9,497.99,734.97,1499.66,1499.66
2026-04-09,base1-58,42402,Normal,5.64,1.32,3.99,9999.0,
2026-04-09,cel25c-4,250320,Holofoil,194.36,193.0,222.11,999.99,199.99
2026-04-09,gym2-2,83861,Unlimited Holofoil,519.57,438.75,539.99,1499.99,332.5
2026-04-09,neo1-9,86903,1st Edition Holofoil,1798.78,1899.98,1899.99,2950.0,1899.98
2026-04-09,neo1-9,86903,Unlimited Holofoil,467.36,451.68,525.0,1000.0,
2026-04-09,sl-151-bundle,502000,Normal,174.67,175.0,199.99,2999.99,
2026-04-09,sl-151-etb,503313,Normal,631.79,648.01,721.99,3000.0,
2026-04-09,sl-151-upc,502005,Normal,977.51,1025.0,1468.07,40000.0,
2026-04-09,sl-ar-box,265519,Normal,388.6,372.0,480.5,899.99,
2026-04-09,sl-bs-box,256141,Normal,592.37,589.0,700.0,5000.0,
2026-04-09,sl-cel-upc,245140,Normal,1004.24,1099.99,1444.44,200000.0,
2026-04-09,sl-champ-etb,218791,Normal,168.66,159.0,200.0,500.0,
2026-04-09,sl-cz-etb,453470,Normal,323.29,315.0,350.0,785.0,
2026-04-09,sl-dr-box,624679,Normal,594.77,584.01,670.0,2185.0,
2026-04-09,sl-evs-box,242436,Normal,2604.03,2685.0,3485.0,12000.0,
2026-04-09,sl-evs-etb,243721,Normal,829.82,1120.0,1698.98,3499.98,
2026-04-09,sl-fs-box,247654,Normal,987.99,994.99,1199.0,3000.0,
2026-04-09,sl-hf-etb,194729,Normal,500.79,549.99,650.0,9999.98,
2026-04-09,sl-jp-151,565243,Normal,307.45,299.99,400.0,600.0,
2026-04-09,sl-jp-terastal,603428,Normal,119.97,128.89,139.99,200.0,
2026-04-09,sl-jt-box,610931,Normal,273.82,276.99,319.99,558.43,
2026-04-09,sl-lo-box,277324,Normal,717.89,715.0,899.99,2500.0,
2026-04-09,sl-me1-box,644298,Normal,291.43,289.99,324.95,500.0,
2026-04-09,sl-obf-box,501257,Normal,350.45,349.99,400.0,1000.0,
2026-04-09,sl-pe-etb,593355,Normal,166.7,164.99,200.0,2000.0,
2026-04-09,sl-pe-spc,622770,Normal,335.62,339.99,399.99,1500.0,
2026-04-09,sl-pf-etb,528040,Normal,380.04,424.99,469.44,775.0,
2026-04-09,sl-phf-box,654137,Normal,414.59,399.59,492.5,1200.0,
2026-04-09,sl-shf-etb,228821,Normal,123.18,119.45,150.0,500.11,
2026-04-09,sl-ss-box,565606,Normal,258.06,256.99,325.0,4999.99,
2026-04-09,sl-st-box,283389,Normal,469.59,449.96,550.0,9999.99,
2026-04-09,sl-tf-box,536225,Normal,290.02,280.0,332.5,500.0,
2026-04-09,sv2-185,497557,Normal,0.29,0.09,0.32,4321.0,
2026-04-09,sv2-185,497557,Reverse Holofoil,0.86,0.23,0.81,19.86,1.49
2026-04-09,sv2-254,497669,Holofoil,10.13,8.49,13.08,112.5,13.15
2026-04-09,sv2-269,497689,Holofoil,51.82,49.99,59.99,527.8,51.92
2026-04-09,sv3pt5-151,516566,Holofoil,6.63,4.25,8.5,100.0,7.38
2026-04-09,sv3pt5-199,517045,Holofoil,418.29,377.75,464.95,1000.0,447.94
2026-04-09,sv3pt5-205,517051,Holofoil,31.61,22.96,33.0,129.99,31.84
2026-04-09,sv3pt5-4,502555,Normal,0.24,0.01,0.24,20.0,0.17
2026-04-09,sv3pt5-4,502555,Reverse Holofoil,0.35,0.01,0.35,19.98,0.31
2026-04-09,sv3pt5-6,502558,Holofoil,8.34,6.0,9.96,505.1,7.97
2026-04-09,sv3pt5-7,502548,Normal,0.23,0.01,0.23,19.98,
2026-04-09,sv3pt5-7,502548,Reverse Holofoil,0.34,0.01,0.33,50.0,0.32
2026-04-09,sv4pt5-234,535090,Holofoil,280.35,245.66,330.0,600.0,221.77
2026-04-09,sv4pt5-54,534416,Holofoil,4.51,2.96,4.56,60.0,3.98
2026-04-09,sv8-57,590025,Holofoil,4.32,2.4,4.44,96.95,4.39
2026-04-09,sv8pt5-149,610504,Holofoil,219.92,200.0,290.0,2000.0,
2026-04-09,sv8pt5-155,610510,Holofoil,279.1,244.94,317.32,999.0,
2026-04-09,sv8pt5-156,610511,Holofoil,386.86,380.0,498.35,999.0,499.9
2026-04-09,sv8pt5-161,610516,Holofoil,1486.08,1419.2,1522.75,5000.0,
2026-04-09,sv8pt5-167,610522,Holofoil,193.36,128.26,227.85,3009.8,213.0
2026-04-09,sv8pt5-179,610534,Holofoil,62.19,50.0,73.18,999.0,71.66
2026-04-09,sv8pt5-28,610383,Holofoil,2.18,1.0,2.08,999.0,1.89
2026-04-09,sv8pt5-47,610402,Normal,0.05,0.01,0.1,999.0,0.01
2026-04-09,sv8pt5-47,610402,Reverse Holofoil,0.08,0.01,0.15,999.0,0.04
2026-04-09,sv8pt5-59,610414,Holofoil,0.27,0.01,0.32,999.0,0.31
2026-04-09,sv8pt5-59,610414,Reverse Holofoil,0.4,0.03,0.4,999.0,0.44
2026-04-09,sv8pt5-60,610415,Holofoil,4.95,4.0,5.82,999.0,
2026-04-09,svp-085,518861,Normal,864.05,700.0,1100.0,6999.93,6999.93
2026-04-09,swsh11-186,284137,Holofoil,687.46,599.99,720.79,899.99,800.0
2026-04-09,swsh12-186,451834,Holofoil,411.19,370.0,499.68,3761.93,499.68
2026-04-09,swsh12pt5gg-GG69,478100,Holofoil,232.28,186.36,250.0,1865.69,246.44
2026-04-09,swsh35-25,223018,Normal,0.12,0.02,0.19,19.98,0.1
2026-04-09,swsh35-25,223018,Reverse Holofoil,0.29,0.1,0.29,19.98,
2026-04-09,swsh35-74,223073,Holofoil,165.5,156.99,219.99,2300.0,202.05
2026-04-09,swsh45sv-SV107,232496,Holofoil,148.99,115.0,173.17,349.95,129.94
2026-04-09,swsh7-204,246693,Holofoil,32.57,28.0,34.7,289.9,33.9
2026-04-09,swsh7-205,246696,Holofoil,339.18,344.81,389.25,517.02,372.7
2026-04-09,swsh7-208,246755,Holofoil,35.28,25.96,39.0,270.1,269.85
2026-04-09,swsh7-209,246756,Holofoil,262.91,269.0,320.35,450.0,287.99
2026-04-09,swsh7-211,246702,Holofoil,50.71,50.0,52.99,450.0,52.83
2026-04-09,swsh7-212,246704,Holofoil,344.51,320.0,400.0,4249.73,317.37
2026-04-09,swsh7-215,246723,Holofoil,1888.57,1799.89,2300.15,6000.0,2299.99
2026-04-09,swsh7-218,246733,Holofoil,733.41,600.0,950.0,1199.99,950.0
2026-04-09,swsh7-41,246753,Holofoil,6.81,4.99,7.0,24.97,7.18
2026-04-09,swsh7-65,246690,Holofoil,15.51,11.63,16.1,1325.0,16.23
2026-04-09,swsh7-75,246701,Holofoil,15.44,13.5,16.86,141.9,18.97
2026-04-09,swsh7-8,246691,Holofoil,7.24,5.0,7.99,100.0,7.59
2026-04-09,swsh8-271,253266,Holofoil,816.48,664.99,974.34,1499.95,944.86
2026-04-09,swsh9-154,263873,Holofoil,301.47,263.81,349.99,1500.0,292.49
2026-04-10,base1-15,42355,Holofoil,151.03,109.3,156.84,1087.32,119.99
2026-04-10,base1-16,42356,Holofoil,54.62,40.0,56.35,119.99,64.99
2026-04-10,base1-2,42360,Holofoil,194.41,138.5,219.98,1585.52,159.09
2026-04-10,base1-4,42382,Holofoil,500.9,497.99,719.99,1499.66,1499.66
2026-04-10,base1-58,42402,Normal,5.75,1.32,4.04,9999.0,
2026-04-10,cel25c-4,250320,Holofoil,197.25,193.0,225.0,999.99,217.99
2026-04-10,gym2-2,83861,1st Edition Holofoil,852.01,2140.0,2140.0,2140.0,
2026-04-10,gym2-2,83861,Unlimited Holofoil,519.57,438.75,539.99,1201.29,332.5
2026-04-10,neo1-9,86903,1st Edition Holofoil,1299.96,1899.98,1899.99,2950.0,1899.98
2026-04-10,neo1-9,86903,Unlimited Holofoil,467.36,451.67,526.49,1000.0,
2026-04-10,sl-151-bundle,502000,Normal,184.63,175.0,199.99,2999.99,
2026-04-10,sl-151-etb,503313,Normal,631.79,645.0,700.0,3000.0,
2026-04-10,sl-151-upc,502005,Normal,979.43,1025.0,1436.15,40000.0,
2026-04-10,sl-ar-box,265519,Normal,386.96,395.0,485.0,899.99,
2026-04-10,sl-bs-box,256141,Normal,592.37,580.99,692.5,5000.0,
2026-04-10,sl-cel-upc,245140,Normal,1004.24,1097.99,1399.99,200000.0,
2026-04-10,sl-champ-etb,218791,Normal,168.58,161.68,200.0,500.0,
2026-04-10,sl-cz-etb,453470,Normal,320.12,315.0,350.0,785.0,
2026-04-10,sl-dr-box,624679,Normal,594.17,584.01,690.0,2185.0,
2026-04-10,sl-evs-box,242436,Normal,2609.79,2750.0,3492.49,12000.0,
2026-04-10,sl-evs-etb,243721,Normal,829.82,1120.0,1698.98,3499.98,
2026-04-10,sl-fs-box,247654,Normal,990.39,994.99,1199.48,3000.0,
2026-04-10,sl-hf-etb,194729,Normal,503.59,540.0,601.44,9999.98,
2026-04-10,sl-jp-151,565243,Normal,307.18,299.99,384.5,600.0,
2026-04-10,sl-jp-terastal,603428,Normal,120.57,128.89,139.99,200.0,
2026-04-10,sl-jt-box,610931,Normal,273.82,276.99,319.99,558.43,
2026-04-10,sl-lo-box,277324,Normal,717.89,715.0,899.99,2500.0,
2026-04-10,sl-me1-box,644298,Normal,291.83,289.99,324.97,500.0,
2026-04-10,sl-obf-box,501257,Normal,351.58,355.0,437.49,1000.0,
2026-04-10,sl-pe-etb,593355,Normal,164.68,154.0,200.0,2000.0,
2026-04-10,sl-pe-spc,622770,Normal,338.51,335.88,399.99,1500.0,
2026-04-10,sl-pf-etb,528040,Normal,385.56,419.7,469.44,775.0,
2026-04-10,sl-phf-box,654137,Normal,415.77,410.0,492.5,1200.0,
2026-04-10,sl-shf-etb,228821,Normal,124.47,119.99,150.0,500.11,
2026-04-10,sl-ss-box,565606,Normal,253.29,247.0,320.0,4999.99,
2026-04-10,sl-st-box,283389,Normal,469.59,445.99,549.99,9999.99,
2026-04-10,sl-tf-box,536225,Normal,289.42,288.0,332.5,500.0,
2026-04-10,sv2-185,497557,Normal,0.31,0.09,0.33,4321.0,0.3
2026-04-10,sv2-185,497557,Reverse Holofoil,0.94,0.23,0.93,19.8,2.09
2026-04-10,sv2-254,497669,Holofoil,9.71,9.66,12.97,112.5,13.15
2026-04-10,sv2-269,497689,Holofoil,52.42,49.99,58.89,527.8,59.99
2026-04-10,sv3pt5-151,516566,Holofoil,7.01,4.25,8.51,100.0,9.24
2026-04-10,sv3pt5-199,517045,Holofoil,425.23,375.0,464.95,1000.0,402.8
2026-04-10,sv3pt5-205,517051,Holofoil,31.58,23.0,33.0,99.99,31.85
2026-04-10,sv3pt5-4,502555,Normal,0.22,0.01,0.24,30.0,0.17
2026-04-10,sv3pt5-4,502555,Reverse Holofoil,0.32,0.01,0.35,19.94,0.28
2026-04-10,sv3pt5-6,502558,Holofoil,8.05,4.98,9.99,505.1,8.4
2026-04-10,sv3pt5-7,502548,Normal,0.23,0.01,0.24,30.0,
2026-04-10,sv3pt5-7,502548,Reverse Holofoil,0.38,0.01,0.34,50.0,0.3
2026-04-10,sv4pt5-234,535090,Holofoil,281.96,245.66,329.49,600.0,221.77
2026-04-10,sv4pt5-54,534416,Holofoil,4.4,3.0,4.54,60.0,6.0
2026-04-10,sv8-57,590025,Holofoil,4.06,2.45,4.39,96.95,5.19
2026-04-10,sv8pt5-149,610504,Holofoil,222.86,200.0,310.63,2000.0,
2026-04-10,sv8pt5-155,610510,Holofoil,279.1,247.34,307.29,999.0,
2026-04-10,sv8pt5-156,610511,Holofoil,386.86,375.0,494.38,999.0,499.9
2026-04-10,sv8pt5-161,610516,Holofoil,1486.08,1440.0,1572.75,5000.0,
2026-04-10,sv8pt5-167,610522,Holofoil,199.39,128.26,225.36,3009.8,199.99
2026-04-10,sv8pt5-179,610534,Holofoil,62.44,49.49,71.05,999.0,
2026-04-10,sv8pt5-28,610383,Holofoil,1.97,1.0,2.04,999.0,
2026-04-10,sv8pt5-47,610402,Normal,0.05,0.01,0.1,999.0,0.01
2026-04-10,sv8pt5-47,610402,Reverse Holofoil,0.09,0.01,0.15,999.0,0.04
2026-04-10,sv8pt5-59,610414,Holofoil,0.42,0.01,0.33,999.0,
2026-04-10,sv8pt5-59,610414,Reverse Holofoil,0.41,0.03,0.41,999.0,
2026-04-10,sv8pt5-60,610415,Holofoil,5.51,4.0,5.78,999.0,
2026-04-10,svp-085,518861,Normal,864.05,700.0,1050.0,6999.93,6999.93
2026-04-10,swsh11-186,284137,Holofoil,670.86,599.99,749.95,899.99,800.0
2026-04-10,swsh12-186,451834,Holofoil,411.19,370.0,499.83,3761.93,499.68
2026-04-10,swsh12pt5gg-GG69,478100,Holofoil,234.29,227.02,250.0,1865.69,232.49
2026-04-10,swsh35-25,223018,Normal,0.12,0.02,0.19,30.0,0.1
2026-04-10,swsh35-25,223018,Reverse Holofoil,0.29,0.1,0.29,19.98,
2026-04-10,swsh35-74,223073,Holofoil,165.5,141.29,212.57,2300.0,141.29
2026-04-10,swsh45sv-SV107,232496,Holofoil,148.62,115.0,170.91,349.95,168.35
2026-04-10,swsh7-204,246693,Holofoil,32.77,28.0,34.51,289.9,
2026-04-10,swsh7-205,246696,Holofoil,339.18,344.81,395.0,517.02,372.72
2026-04-10,swsh7-208,246755,Holofoil,35.25,25.96,39.0,270.1,269.85
2026-04-10,swsh7-209,246756,Holofoil,262.91,269.0,320.35,450.0,287.99
2026-04-10,swsh7-211,246702,Holofoil,50.86,49.0,53.35,450.0,
2026-04-10,swsh7-212,246704,Holofoil,344.51,368.75,405.05,4249.73,317.37
2026-04-10,swsh7-215,246723,Holofoil,1888.57,1799.89,2300.15,6000.0,2299.99
2026-04-10,swsh7-218,246733,Holofoil,733.41,600.0,950.0,1199.99,950.0
2026-04-10,swsh7-41,246753,Holofoil,6.8,4.99,6.99,24.97,9.65
2026-04-10,swsh7-65,246690,Holofoil,15.64,11.63,16.49,1325.0,16.97
2026-04-10,swsh7-75,246701,Holofoil,15.39,13.5,16.99,141.9,18.97
2026-04-10,swsh7-8,246691,Holofoil,7.19,5.0,7.99,100.0,7.59
2026-04-10,swsh8-271,253266,Holofoil,816.48,828.0,949.68,1499.95,944.86
2026-04-10,swsh9-154,263873,Holofoil,301.96,263.81,349.99,1500.0,292.49
2026-04-11,base1-15,42355,Holofoil,151.03,109.3,160.65,1087.26,119.69
2026-04-11,base1-16,42356,Holofoil,54.67,39.99,56.41,119.99,64.99
2026-04-11,base1-2,42360,Holofoil,194.41,138.5,209.17,1585.46,150.0
2026-04-11,base1-4,42382,Holofoil,500.9,497.99,737.49,1499.66,1499.66
2026-04-11,base1-58,42402,Normal,5.8,1.32,4.0,9999.0,
2026-04-11,cel25c-4,250320,Holofoil,197.25,193.0,225.92,4321.0,217.99
2026-04-11,gym2-2,83861,1st Edition Holofoil,852.01,2140.0,2140.0,2140.0,
2026-04-11,gym2-2,83861,Unlimited Holofoil,519.57,438.75,541.79,1201.29,332.5
2026-04-11,neo1-9,86903,1st Edition Holofoil,1299.96,1899.98,1899.99,2950.0,1899.98
2026-04-11,neo1-9,86903,Unlimited Holofoil,467.36,451.67,527.98,1000.0,
2026-04-11,sl-151-bundle,502000,Normal,185.55,175.0,200.0,2999.99,
2026-04-11,sl-151-etb,503313,Normal,633.95,645.0,700.0,3000.0,
2026-04-11,sl-151-upc,502005,Normal,982.59,1025.0,1436.15,40000.0,
2026-04-11,sl-ar-box,265519,Normal,386.96,389.99,480.5,899.99,
2026-04-11,sl-bs-box,256141,Normal,592.39,580.99,692.5,5000.0,
2026-04-11,sl-cel-upc,245140,Normal,1009.84,1097.99,1348.97,200000.0,
2026-04-11,sl-champ-etb,218791,Normal,168.58,161.68,200.0,500.0,
2026-04-11,sl-cz-etb,453470,Normal,322.04,315.0,350.0,785.0,
2026-04-11,sl-dr-box,624679,Normal,594.17,581.0,650.0,2185.0,
2026-04-11,sl-evs-box,242436,Normal,2609.79,2749.0,3499.99,12000.0,
2026-04-11,sl-evs-etb,243721,Normal,829.82,1120.0,1698.98,3499.98,
2026-04-11,sl-fs-box,247654,Normal,990.39,985.0,1199.0,3000.0,
2026-04-11,sl-hf-etb,194729,Normal,506.0,545.0,625.72,9999.98,
2026-04-11,sl-jp-151,565243,Normal,306.89,299.99,369.0,600.0,
2026-04-11,sl-jp-terastal,603428,Normal,121.63,128.89,144.97,200.0,
2026-04-11,sl-jt-box,610931,Normal,273.82,276.99,319.99,558.43,
2026-04-11,sl-lo-box,277324,Normal,717.89,715.0,899.99,2500.0,
2026-04-11,sl-me1-box,644298,Normal,292.56,289.99,324.97,500.0,
2026-04-11,sl-obf-box,501257,Normal,352.04,375.0,425.0,1000.0,
2026-04-11,sl-pe-etb,593355,Normal,167.55,160.0,200.0,2000.0,
2026-04-11,sl-pe-spc,622770,Normal,340.38,335.88,399.99,1500.0,
2026-04-11,sl-pf-etb,528040,Normal,385.56,419.7,469.44,775.0,
2026-04-11,sl-phf-box,654137,Normal,415.41,408.99,489.75,1200.0,
2026-04-11,sl-shf-etb,228821,Normal,125.12,119.99,150.0,500.11,
2026-04-11,sl-ss-box,565606,Normal,245.21,246.0,319.99,4999.99,
2026-04-11,sl-st-box,283389,Normal,469.11,448.99,550.0,9999.99,
2026-04-11,sl-tf-box,536225,Normal,290.45,297.95,332.5,500.0,
2026-04-11,sv2-185,497557,Normal,0.31,0.08,0.34,4321.0,
2026-04-11,sv2-185,497557,Reverse Holofoil,0.88,0.23,0.92,19.74,1.92
2026-04-11,sv2-254,497669,Holofoil,10.13,9.61,13.0,112.5,13.15
2026-04-11,sv2-269,497689,Holofoil,52.41,49.99,59.99,527.8,65.99
2026-04-11,sv3pt5-151,516566,Holofoil,7.05,4.25,8.57,100.0,7.04
2026-04-11,sv3pt5-199,517045,Holofoil,426.99,375.0,469.5,1000.0,447.96
2026-04-11,sv3pt5-205,517051,Holofoil,31.68,23.0,32.74,99.99,34.24
2026-04-11,sv3pt5-4,502555,Normal,0.19,0.01,0.22,20.0,0.17
2026-04-11,sv3pt5-4,502555,Reverse Holofoil,0.31,0.01,0.34,19.88,0.28
2026-04-11,sv3pt5-6,502558,Holofoil,7.59,4.98,9.99,505.1,10.54
2026-04-11,sv3pt5-7,502548,Normal,0.26,0.01,0.25,19.98,
2026-04-11,sv3pt5-7,502548,Reverse Holofoil,0.33,0.01,0.35,50.0,0.3
2026-04-11,sv4pt5-234,535090,Holofoil,283.93,245.66,329.0,600.0,221.77
2026-04-11,sv4pt5-54,534416,Holofoil,4.45,3.0,4.55,60.0,6.18
2026-04-11,sv8-57,590025,Holofoil,3.86,2.45,4.39,96.95,5.48
2026-04-11,sv8pt5-149,610504,Holofoil,222.86,181.68,279.99,2000.0,
2026-04-11,sv8pt5-155,610510,Holofoil,279.1,247.34,322.23,999.0,
2026-04-11,sv8pt5-156,610511,Holofoil,391.52,380.0,491.97,999.0,499.9
2026-04-11,sv8pt5-161,610516,Holofoil,1499.92,1440.0,1572.75,5000.0,
2026-04-11,sv8pt5-167,610522,Holofoil,199.95,185.0,229.99,3009.8,199.99
2026-04-11,sv8pt5-179,610534,Holofoil,61.77,49.49,69.99,999.0,
2026-04-11,sv8pt5-28,610383,Holofoil,2.01,1.0,2.06,999.0,
2026-04-11,sv8pt5-47,610402,Normal,0.05,0.01,0.1,999.0,0.01
2026-04-11,sv8pt5-47,610402,Reverse Holofoil,0.1,0.01,0.15,999.0,0.04
2026-04-11,sv8pt5-59,610414,Holofoil,0.29,0.01,0.35,999.0,
2026-04-11,sv8pt5-59,610414,Reverse Holofoil,0.42,0.03,0.41,999.0,0.49
2026-04-11,sv8pt5-60,610415,Holofoil,5.43,4.0,5.86,999.0,
2026-04-11,svp-085,518861,Normal,864.05,700.0,1100.0,6999.93,6999.93
2026-04-11,swsh11-186,284137,Holofoil,670.86,599.99,749.97,1450.0,800.0
2026-04-11,swsh12-186,451834,Holofoil,415.05,370.0,499.99,3761.93,499.68
2026-04-11,swsh12pt5gg-GG69,478100,Holofoil,233.99,227.02,250.5,1865.69,232.49
2026-04-11,swsh35-25,223018,Normal,0.12,0.02,0.19,19.98,0.1
2026-04-11,swsh35-25,223018,Reverse Holofoil,0.29,0.1,0.29,19.98,
2026-04-11,swsh35-74,223073,Holofoil,165.5,141.29,220.0,2300.0,202.05
2026-04-11,swsh45sv-SV107,232496,Holofoil,148.62,115.0,168.35,349.95,168.35
2026-04-11,swsh7-204,246693,Holofoil,32.86,28.0,34.99,289.9,
2026-04-11,swsh7-205,246696,Holofoil,339.18,344.81,395.0,517.02,372.72
2026-04-11,swsh7-208,246755,Holofoil,35.08,28.45,40.0,270.1,269.85
2026-04-11,swsh7-209,246756,Holofoil,264.29,269.0,330.63,450.0,287.99
2026-04-11,swsh7-211,246702,Holofoil,50.94,48.99,53.07,450.0,
2026-04-11,swsh7-212,246704,Holofoil,344.51,368.75,410.1,4249.73,317.37
2026-04-11,swsh7-215,246723,Holofoil,1888.57,1799.89,2299.99,6000.0,2299.99
2026-04-11,swsh7-218,246733,Holofoil,733.41,600.0,950.0,1199.99,950.0
2026-04-11,swsh7-41,246753,Holofoil,6.74,4.99,6.99,24.97,9.65
2026-04-11,swsh7-65,246690,Holofoil,15.14,11.63,16.49,500.0,16.97
2026-04-11,swsh7-75,246701,Holofoil,15.58,13.5,17.02,141.9,18.97
2026-04-11,swsh7-8,246691,Holofoil,7.26,5.0,7.99,100.0,6.99
2026-04-11,swsh8-271,253266,Holofoil,816.48,828.0,949.84,1499.95,944.86
2026-04-11,swsh9-154,263873,Holofoil,301.96,263.81,349.99,1500.0,292.49
2026-04-12,base1-15,42355,Holofoil,150.3,109.3,156.84,1087.26,119.69
2026-04-12,base1-16,42356,Holofoil,55.03,40.0,55.5,119.99,
2026-04-12,base1-2,42360,Holofoil,202.53,138.5,209.17,1585.46,150.0
2026-04-12,base1-4,42382,Holofoil,500.9,497.99,719.99,1499.66,1499.66
2026-04-12,base1-58,42402,Normal,5.75,1.32,4.0,9999.0,
2026-04-12,cel25c-4,250320,Holofoil,197.23,180.0,224.47,4321.0,217.99
2026-04-12,gym2-2,83861,1st Edition Holofoil,852.01,2140.0,2140.0,2140.0,
2026-04-12,gym2-2,83861,Unlimited Holofoil,519.57,438.75,539.99,1201.29,332.5
2026-04-12,neo1-9,86903,1st Edition Holofoil,1299.96,1899.98,1899.99,2950.0,1899.98
2026-04-12,neo1-9,86903,Unlimited Holofoil,467.36,451.67,527.98,1000.0,
2026-04-12,sl-151-bundle,502000,Normal,185.87,175.0,200.0,2999.99,
2026-04-12,sl-151-etb,503313,Normal,634.07,645.0,700.0,3000.0,
2026-04-12,sl-151-upc,502005,Normal,988.35,1025.0,1418.08,40000.0,
2026-04-12,sl-ar-box,265519,Normal,386.96,388.0,480.5,899.99,
2026-04-12,sl-bs-box,256141,Normal,592.58,580.99,699.99,5000.0,
2026-04-12,sl-cel-upc,245140,Normal,1016.24,1097.99,1500.0,200000.0,
2026-04-12,sl-champ-etb,218791,Normal,168.58,161.68,200.0,500.0,
2026-04-12,sl-cz-etb,453470,Normal,318.58,303.98,350.0,785.0,
2026-04-12,sl-dr-box,624679,Normal,594.82,581.0,650.0,2185.0,
2026-04-12,sl-evs-box,242436,Normal,2609.79,2547.0,3492.49,12000.0,
2026-04-12,sl-evs-etb,243721,Normal,829.82,1120.0,1698.98,3499.98,
2026-04-12,sl-fs-box,247654,Normal,988.59,985.0,1192.0,3000.0,
2026-04-12,sl-hf-etb,194729,Normal,510.83,539.99,601.44,9999.98,
2026-04-12,sl-jp-151,565243,Normal,307.36,299.99,347.5,600.0,
2026-04-12,sl-jp-terastal,603428,Normal,123.49,130.0,149.95,219.99,
2026-04-12,sl-jt-box,610931,Normal,274.66,280.0,342.48,558.43,
2026-04-12,sl-lo-box,277324,Normal,717.53,709.0,899.99,2500.0,
2026-04-12,sl-me1-box,644298,Normal,295.0,289.99,332.25,500.0,
2026-04-12,sl-obf-box,501257,Normal,356.04,375.0,439.99,1000.0,
2026-04-12,sl-pe-etb,593355,Normal,172.37,160.0,200.0,2000.0,
2026-04-12,sl-pe-spc,622770,Normal,344.3,335.88,399.99,1500.0,
2026-04-12,sl-pf-etb,528040,Normal,393.71,424.99,469.44,800.0,
2026-04-12,sl-phf-box,654137,Normal,405.86,380.0,484.75,1200.0,
2026-04-12,sl-shf-etb,228821,Normal,125.72,119.99,150.0,500.11,
2026-04-12,sl-ss-box,565606,Normal,251.31,247.0,322.47,4999.99,
2026-04-12,sl-st-box,283389,Normal,469.11,442.0,549.99,9999.99,
2026-04-12,sl-tf-box,536225,Normal,291.59,288.0,332.5,500.0,
2026-04-12,sv2-185,497557,Normal,0.26,0.08,0.32,4321.0,
2026-04-12,sv2-185,497557,Reverse Holofoil,0.86,0.23,0.88,19.74,
2026-04-12,sv2-254,497669,Holofoil,10.45,9.75,13.0,112.5,12.33
2026-04-12,sv2-269,497689,Holofoil,52.81,49.99,59.99,527.8,61.0
2026-04-12,sv3pt5-151,516566,Holofoil,7.64,4.25,8.63,100.0,9.99
2026-04-12,sv3pt5-199,517045,Holofoil,421.57,374.95,470.0,1000.0,447.96
2026-04-12,sv3pt5-205,517051,Holofoil,31.13,23.0,32.94,99.99,34.24
2026-04-12,sv3pt5-4,502555,Normal,0.18,0.01,0.22,20.0,0.17
2026-04-12,sv3pt5-4,502555,Reverse Holofoil,0.33,0.01,0.34,19.88,0.28
2026-04-12,sv3pt5-6,502558,Holofoil,8.8,4.98,10.0,505.1,10.52
2026-04-12,sv3pt5-7,502548,Normal,0.21,0.01,0.24,19.98,
2026-04-12,sv3pt5-7,502548,Reverse Holofoil,0.32,0.01,0.32,50.0,0.3
2026-04-12,sv4pt5-234,535090,Holofoil,285.93,270.0,329.97,600.0,221.77
2026-04-12,sv4pt5-54,534416,Holofoil,4.61,3.0,4.64,60.0,6.29
2026-04-12,sv8-57,590025,Holofoil,3.71,2.39,4.38,96.95,4.06
2026-04-12,sv8pt5-149,610504,Holofoil,222.86,181.68,300.0,2000.0,
2026-04-12,sv8pt5-155,610510,Holofoil,280.57,270.0,300.0,999.0,
2026-04-12,sv8pt5-156,610511,Holofoil,396.9,385.0,499.9,999.0,499.9
2026-04-12,sv8pt5-161,610516,Holofoil,1501.52,1230.0,1545.5,5000.0,
2026-04-12,sv8pt5-167,610522,Holofoil,195.38,185.0,227.5,3009.8,299.99
2026-04-12,sv8pt5-179,610534,Holofoil,61.55,49.34,68.84,999.0,
2026-04-12,sv8pt5-28,610383,Holofoil,1.91,1.0,2.01,999.0,
2026-04-12,sv8pt5-47,610402,Normal,0.05,0.01,0.1,999.0,0.01
2026-04-12,sv8pt5-47,610402,Reverse Holofoil,0.1,0.01,0.15,999.0,0.04
2026-04-12,sv8pt5-59,610414,Holofoil,0.24,0.01,0.32,999.0,
2026-04-12,sv8pt5-59,610414,Reverse Holofoil,0.45,0.03,0.43,999.0,
2026-04-12,sv8pt5-60,610415,Holofoil,5.28,4.02,5.83,999.0,
2026-04-12,svp-085,518861,Normal,864.05,700.0,1050.0,6999.93,6999.93
2026-04-12,swsh11-186,284137,Holofoil,670.86,599.99,749.97,1450.0,800.0
2026-04-12,swsh12-186,451834,Holofoil,419.83,370.0,499.99,3761.93,490.0
2026-04-12,swsh12pt5gg-GG69,478100,Holofoil,233.99,227.02,250.0,1865.69,232.49
2026-04-12,swsh35-25,223018,Normal,0.12,0.02,0.19,19.98,0.1
2026-04-12,swsh35-25,223018,Reverse Holofoil,0.29,0.1,0.29,19.98,
2026-04-12,swsh35-74,223073,Holofoil,165.5,156.99,220.0,2300.0,202.05
2026-04-12,swsh45sv-SV107,232496,Holofoil,148.79,115.0,159.99,349.95,154.18
2026-04-12,swsh7-204,246693,Holofoil,32.86,28.0,34.75,289.9,
2026-04-12,swsh7-205,246696,Holofoil,339.18,344.81,395.0,517.02,372.72
2026-04-12,swsh7-208,246755,Holofoil,35.08,28.45,42.48,270.1,49.37
2026-04-12,swsh7-209,246756,Holofoil,264.29,269.0,320.35,450.0,287.99
2026-04-12,swsh7-211,246702,Holofoil,50.94,50.0,53.07,450.0,
2026-04-12,swsh7-212,246704,Holofoil,344.51,368.75,410.1,4249.73,317.37
2026-04-12,swsh7-215,246723,Holofoil,1888.57,1799.89,2299.99,6000.0,2299.99
2026-04-12,swsh7-218,246733,Holofoil,733.41,600.0,954.0,1199.99,950.0
2026-04-12,swsh7-41,246753,Holofoil,6.66,4.99,6.99,24.97,9.32
2026-04-12,swsh7-65,246690,Holofoil,15.17,11.63,16.0,500.0,19.44
2026-04-12,swsh7-75,246701,Holofoil,15.91,13.5,16.8,141.9,18.97
2026-04-12,swsh7-8,246691,Holofoil,7.2,5.0,7.99,100.0,6.99
2026-04-12,swsh8-271,253266,Holofoil,824.24,828.0,950.0,1499.95,944.86
2026-04-12,swsh9-154,263873,Holofoil,305.31,263.81,349.99,1500.0,292.49
2026-04-13,base1-15,42355,Holofoil,148.54,109.3,161.14,1087.24,164.46
2026-04-13,base1-16,42356,Holofoil,55.73,33.67,53.49,119.99,
2026-04-13,base1-2,42360,Holofoil,204.53,148.22,220.77,1585.44,999.97
2026-04-13,base1-4,42382,Holofoil,500.9,497.99,719.99,1499.66,1499.66
2026-04-13,base1-58,42402,Normal,5.72,1.39,3.99,9999.0,
2026-04-13,cel25c-4,250320,Holofoil,198.05,179.0,229.97,4321.0,217.99
2026-04-13,gym2-2,83861,1st Edition Holofoil,852.01,2140.0,2140.0,2140.0,
2026-04-13,gym2-2,83861,Unlimited Holofoil,519.57,438.75,539.97,1201.29,332.5
2026-04-13,neo1-9,86903,1st Edition Holofoil,1299.96,1899.98,1899.99,2950.0,1899.98
2026-04-13,neo1-9,86903,Unlimited Holofoil,474.09,451.67,525.0,1000.0,
2026-04-13,sl-151-bundle,502000,Normal,186.21,175.0,200.0,2999.99,
2026-04-13,sl-151-etb,503313,Normal,634.07,599.0,700.0,3000.0,
2026-04-13,sl-151-upc,502005,Normal,990.64,1025.0,1418.08,40000.0,
2026-04-13,sl-ar-box,265519,Normal,386.76,384.99,475.0,899.99,
2026-04-13,sl-bs-box,256141,Normal,592.58,580.99,685.0,5000.0,
2026-04-13,sl-cel-upc,245140,Normal,1021.84,1099.99,1749.0,200000.0,
2026-04-13,sl-champ-etb,218791,Normal,167.66,161.68,200.0,500.0,
2026-04-13,sl-cz-etb,453470,Normal,318.16,315.0,350.0,785.0,
2026-04-13,sl-dr-box,624679,Normal,593.22,584.01,650.0,2185.0,
2026-04-13,sl-evs-box,242436,Normal,2609.79,2717.99,3485.0,12000.0,
2026-04-13,sl-evs-etb,243721,Normal,829.82,1120.0,1698.98,3499.98,
2026-04-13,sl-fs-box,247654,Normal,990.78,984.0,1184.99,3000.0,
2026-04-13,sl-hf-etb,194729,Normal,512.44,545.0,625.72,9999.98,
2026-04-13,sl-jp-151,565243,Normal,308.27,299.99,347.5,600.0,
2026-04-13,sl-jp-terastal,603428,Normal,125.61,99.99,137.49,219.99,
2026-04-13,sl-jt-box,610931,Normal,275.56,280.0,364.95,558.43,
2026-04-13,sl-lo-box,277324,Normal,717.53,709.0,892.99,2500.0,
2026-04-13,sl-me1-box,644298,Normal,297.17,299.99,332.25,500.0,
2026-04-13,sl-obf-box,501257,Normal,358.75,375.0,425.0,1000.0,
2026-04-13,sl-pe-etb,593355,Normal,170.18,160.0,201.0,2000.0,
2026-04-13,sl-pe-spc,622770,Normal,344.78,337.88,399.99,1500.0,
2026-04-13,sl-pf-etb,528040,Normal,402.01,424.99,450.0,800.0,
2026-04-13,sl-phf-box,654137,Normal,388.25,400.0,479.99,50000.0,
2026-04-13,sl-shf-etb,228821,Normal,125.9,119.99,150.0,500.11,
2026-04-13,sl-ss-box,565606,Normal,251.67,249.03,324.99,4999.99,
2026-04-13,sl-st-box,283389,Normal,469.11,442.0,549.99,9999.99,
2026-04-13,sl-tf-box,536225,Normal,291.59,288.0,330.0,500.0,
2026-04-13,sv2-185,497557,Normal,0.23,0.08,0.31,4321.0,
2026-04-13,sv2-185,497557,Reverse Holofoil,0.86,0.19,0.86,19.74,
2026-04-13,sv2-254,497669,Holofoil,10.92,9.75,13.0,112.5,12.33
2026-04-13,sv2-269,497689,Holofoil,53.95,49.99,59.99,527.8,
2026-04-13,sv3pt5-151,516566,Holofoil,7.3,4.0,8.59,100.0,9.99
2026-04-13,sv3pt5-199,517045,Holofoil,422.8,374.95,466.98,1000.0,463.0
2026-04-13,sv3pt5-205,517051,Holofoil,31.11,23.0,32.85,129.99,34.24
2026-04-13,sv3pt5-4,502555,Normal,0.18,0.01,0.21,20.0,0.02
2026-04-13,sv3pt5-4,502555,Reverse Holofoil,0.32,0.01,0.34,19.86,0.28
2026-04-13,sv3pt5-6,502558,Holofoil,9.3,4.98,10.0,505.1,8.78
2026-04-13,sv3pt5-7,502548,Normal,0.24,0.01,0.23,19.98,
2026-04-13,sv3pt5-7,502548,Reverse Holofoil,0.33,0.01,0.33,50.0,0.32
2026-04-13,sv4pt5-234,535090,Holofoil,285.93,270.0,330.0,600.0,221.77
2026-04-13,sv4pt5-54,534416,Holofoil,4.48,3.0,4.63,60.0,6.3
2026-04-13,sv8-57,590025,Holofoil,4.08,2.83,4.4,96.95,4.08
2026-04-13,sv8pt5-149,610504,Holofoil,222.86,182.58,299.99,2000.0,
2026-04-13,sv8pt5-155,610510,Holofoil,281.13,270.0,299.99,999.0,
2026-04-13,sv8pt5-156,610511,Holofoil,396.9,385.0,498.35,999.0,499.9
2026-04-13,sv8pt5-161,610516,Holofoil,1501.52,1349.99,1499.99,5000.0,
2026-04-13,sv8pt5-167,610522,Holofoil,195.38,180.0,228.75,3009.8,229.99
2026-04-13,sv8pt5-179,610534,Holofoil,61.59,55.76,69.99,999.0,
2026-04-13,sv8pt5-28,610383,Holofoil,2.08,1.0,2.05,999.0,
2026-04-13,sv8pt5-47,610402,Normal,0.05,0.01,0.1,999.0,0.01
2026-04-13,sv8pt5-47,610402,Reverse Holofoil,0.1,0.01,0.15,999.0,0.04
2026-04-13,sv8pt5-59,610414,Holofoil,0.29,0.01,0.32,999.0,
2026-04-13,sv8pt5-59,610414,Reverse Holofoil,0.43,0.03,0.43,999.0,
2026-04-13,sv8pt5-60,610415,Holofoil,5.07,4.02,5.84,999.0,
2026-04-13,svp-085,518861,Normal,864.05,700.0,1050.0,6999.93,6999.93
2026-04-13,swsh11-186,284137,Holofoil,670.86,599.99,749.95,1450.0,800.0
2026-04-13,swsh12-186,451834,Holofoil,422.12,370.0,499.83,3761.93,490.0
2026-04-13,swsh12pt5gg-GG69,478100,Holofoil,235.53,227.02,251.5,1865.69,232.49
2026-04-13,swsh35-25,223018,Normal,0.12,0.02,0.17,19.98,0.05
2026-04-13,swsh35-25,223018,Reverse Holofoil,0.29,0.1,0.29,19.98,
2026-04-13,swsh35-74,223073,Holofoil,167.38,156.99,219.99,2300.0,204.99
2026-04-13,swsh45sv-SV107,232496,Holofoil,149.47,115.0,159.99,349.95,154.18
2026-04-13,swsh7-204,246693,Holofoil,32.86,28.0,34.13,289.9,
2026-04-13,swsh7-205,246696,Holofoil,338.91,289.75,393.21,518.77,372.72
2026-04-13,swsh7-208,246755,Holofoil,35.08,28.45,42.48,270.1,49.37
2026-04-13,swsh7-209,246756,Holofoil,263.69,269.0,317.15,450.0,287.99
2026-04-13,swsh7-211,246702,Holofoil,50.94,50.0,53.07,450.0,
2026-04-13,swsh7-212,246704,Holofoil,344.51,368.75,410.1,4249.73,317.37
2026-04-13,swsh7-215,246723,Holofoil,1883.45,1799.89,2200.0,6000.0,2299.99
2026-04-13,swsh7-218,246733,Holofoil,740.79,600.0,958.0,1199.99,950.0
2026-04-13,swsh7-41,246753,Holofoil,6.67,4.99,7.0,24.97,9.5
2026-04-13,swsh7-65,246690,Holofoil,14.96,11.63,16.17,500.0,19.28
2026-04-13,swsh7-75,246701,Holofoil,16.11,13.5,16.95,141.9,18.97
2026-04-13,swsh7-8,246691,Holofoil,7.5,5.0,7.99,100.0,6.99
2026-04-13,swsh8-271,253266,Holofoil,824.24,828.0,950.0,1499.95,944.86
2026-04-13,swsh9-154,263873,Holofoil,305.31,263.81,349.99,1500.0,292.49
2026-04-14,base1-15,42355,Holofoil,148.54,109.3,157.82,1087.16,165.53
2026-04-14,base1-16,42356,Holofoil,55.43,33.67,53.49,119.99,
2026-04-14,base1-2,42360,Holofoil,209.17,148.22,219.16,1585.44,799.99
2026-04-14,base1-4,42382,Holofoil,500.9,497.99,719.99,1499.66,1499.66
2026-04-14,base1-58,42402,Normal,5.98,1.39,4.0,9999.0,
2026-04-14,cel25c-4,250320,Holofoil,198.13,179.0,224.98,4321.0,204.99
2026-04-14,gym2-2,83861,1st Edition Holofoil,852.01,1470.0,1805.0,2140.0,
2026-04-14,gym2-2,83861,Unlimited Holofoil,519.57,438.75,539.99,1201.29,332.5
2026-04-14,neo1-9,86903,1st Edition Holofoil,1299.96,1899.98,1899.99,2950.0,1899.98
2026-04-14,neo1-9,86903,Unlimited Holofoil,474.09,493.99,525.0,1000.0,
2026-04-14,sl-151-bundle,502000,Normal,190.01,180.0,200.0,2999.99,
2026-04-14,sl-151-etb,503313,Normal,639.91,632.92,700.0,3000.0,
2026-04-14,sl-151-upc,502005,Normal,995.64,1024.98,1299.99,10000.0,
2026-04-14,sl-ar-box,265519,Normal,386.76,374.0,475.0,899.99,
2026-04-14,sl-bs-box,256141,Normal,592.58,580.99,684.0,5000.0,
2026-04-14,sl-cel-upc,245140,Normal,1021.84,1099.99,1399.99,200000.0,
2026-04-14,sl-champ-etb,218791,Normal,167.66,161.68,200.0,500.0,
2026-04-14,sl-cz-etb,453470,Normal,314.36,314.97,350.0,785.0,
2026-04-14,sl-dr-box,624679,Normal,592.78,584.01,650.0,2185.0,
2026-04-14,sl-evs-box,242436,Normal,2627.99,2697.75,3482.5,12000.0,
2026-04-14,sl-evs-etb,243721,Normal,829.82,1120.0,1799.99,3499.98,
2026-04-14,sl-fs-box,247654,Normal,994.38,984.0,1184.99,3000.0,
2026-04-14,sl-hf-etb,194729,Normal,514.44,545.0,650.0,9999.98,
2026-04-14,sl-jp-151,565243,Normal,312.4,296.67,359.5,600.0,
2026-04-14,sl-jp-terastal,603428,Normal,126.57,99.99,139.98,219.99,
2026-04-14,sl-jt-box,610931,Normal,275.47,280.0,320.0,558.43,
2026-04-14,sl-lo-box,277324,Normal,718.29,709.0,892.99,2500.0,
2026-04-14,sl-me1-box,644298,Normal,298.46,299.99,349.98,500.0,
2026-04-14,sl-obf-box,501257,Normal,358.75,375.0,425.0,1000.0,
2026-04-14,sl-pe-etb,593355,Normal,169.86,160.0,200.0,2000.0,
2026-04-14,sl-pe-spc,622770,Normal,345.73,344.99,399.99,1500.0,
2026-04-14,sl-pf-etb,528040,Normal,402.01,402.01,450.0,800.0,
2026-04-14,sl-phf-box,654137,Normal,394.47,410.0,479.99,50000.0,
2026-04-14,sl-shf-etb,228821,Normal,126.66,119.99,150.0,500.11,
2026-04-14,sl-ss-box,565606,Normal,253.2,240.0,320.0,4999.99,
2026-04-14,sl-st-box,283389,Normal,468.11,442.0,500.0,9999.99,
2026-04-14,sl-tf-box,536225,Normal,291.59,288.0,335.0,500.0,
2026-04-14,sv2-185,497557,Normal,0.26,0.08,0.31,4321.0,0.25
2026-04-14,sv2-185,497557,Reverse Holofoil,0.82,0.19,0.86,19.74,
2026-04-14,sv2-254,497669,Holofoil,10.58,9.75,13.1,112.5,12.33
2026-04-14,sv2-269,497689,Holofoil,54.1,45.52,60.0,527.8,56.99
2026-04-14,sv3pt5-151,516566,Holofoil,7.99,4.0,8.56,100.0,6.64
2026-04-14,sv3pt5-199,517045,Holofoil,422.16,374.95,467.6,1000.0,464.95
2026-04-14,sv3pt5-205,517051,Holofoil,30.77,23.0,32.53,129.99,34.24
2026-04-14,sv3pt5-4,502555,Normal,0.19,0.01,0.21,20.0,0.02
2026-04-14,sv3pt5-4,502555,Reverse Holofoil,0.37,0.01,0.36,19.78,0.35
2026-04-14,sv3pt5-6,502558,Holofoil,8.88,4.98,9.99,505.1,10.54
2026-04-14,sv3pt5-7,502548,Normal,0.22,0.01,0.23,19.98,
2026-04-14,sv3pt5-7,502548,Reverse Holofoil,0.35,0.01,0.33,50.0,0.32
2026-04-14,sv4pt5-234,535090,Holofoil,285.93,270.0,344.99,600.0,221.77
2026-04-14,sv4pt5-54,534416,Holofoil,4.25,3.0,4.6,60.0,6.0
2026-04-14,sv8-57,590025,Holofoil,4.51,2.83,4.45,96.95,4.71
2026-04-14,sv8pt5-149,610504,Holofoil,223.54,182.58,289.99,2000.0,
2026-04-14,sv8pt5-155,610510,Holofoil,282.33,279.0,307.29,999.0,
2026-04-14,sv8pt5-156,610511,Holofoil,396.9,385.0,496.79,999.0,499.95
2026-04-14,sv8pt5-161,610516,Holofoil,1499.18,1349.99,1525.0,2399.99,
2026-04-14,sv8pt5-167,610522,Holofoil,197.02,160.0,225.0,3009.8,229.98
2026-04-14,sv8pt5-179,610534,Holofoil,61.29,55.76,71.77,999.0,
2026-04-14,sv8pt5-28,610383,Holofoil,1.86,1.0,2.08,999.0,
2026-04-14,sv8pt5-47,610402,Normal,0.05,0.01,0.1,999.0,0.01
2026-04-14,sv8pt5-47,610402,Reverse Holofoil,0.1,0.01,0.15,999.0,0.04
2026-04-14,sv8pt5-59,610414,Holofoil,0.41,0.01,0.32,999.0,
2026-04-14,sv8pt5-59,610414,Reverse Holofoil,0.42,0.03,0.42,999.0,
2026-04-14,sv8pt5-60,610415,Holofoil,5.68,4.0,5.91,999.0,
2026-04-14,svp-085,518861,Normal,864.05,700.0,1000.0,6999.93,6999.93
2026-04-14,swsh11-186,284137,Holofoil,670.86,599.99,725.0,1450.0,800.0
2026-04-14,swsh12-186,451834,Holofoil,422.72,370.0,499.83,3761.93,490.0
2026-04-14,swsh12pt5gg-GG69,478100,Holofoil,236.77,232.49,260.0,1865.69,232.49
2026-04-14,swsh35-25,223018,Normal,0.12,0.02,0.17,19.98,0.05
2026-04-14,swsh35-25,223018,Reverse Holofoil,0.29,0.1,0.29,19.98,
2026-04-14,swsh35-74,223073,Holofoil,167.36,156.99,220.0,2300.0,204.99
2026-04-14,swsh45sv-SV107,232496,Holofoil,148.73,115.0,159.99,349.95,149.97
2026-04-14,swsh7-204,246693,Holofoil,32.53,28.0,34.5,289.9,
2026-04-14,swsh7-205,246696,Holofoil,338.91,289.75,395.0,508.2,372.72
2026-04-14,swsh7-208,246755,Holofoil,34.53,28.45,44.55,270.1,49.37
2026-04-14,swsh7-209,246756,Holofoil,263.69,269.0,315.85,450.0,287.99
2026-04-14,swsh7-211,246702,Holofoil,51.04,50.0,53.42,450.0,
2026-04-14,swsh7-212,246704,Holofoil,345.75,368.75,415.05,4249.73,317.37
2026-04-14,swsh7-215,246723,Holofoil,1902.61,2078.75,2299.99,6000.0,2299.99
2026-04-14,swsh7-218,246733,Holofoil,740.79,600.0,958.0,1199.99,950.0
2026-04-14,swsh7-41,246753,Holofoil,6.65,4.99,7.0,24.97,6.73
2026-04-14,swsh7-65,246690,Holofoil,15.39,11.17,15.99,500.0,19.95
2026-04-14,swsh7-75,246701,Holofoil,16.4,10.76,16.95,141.9,15.02
2026-04-14,swsh7-8,246691,Holofoil,7.66,5.0,8.0,100.0,6.99
2026-04-14,swsh8-271,253266,Holofoil,824.24,828.0,949.98,1499.95,944.86
2026-04-14,swsh9-154,263873,Holofoil,303.71,263.81,349.99,1500.0,292.49
2026-04-15,base1-15,42355,Holofoil,148.54,109.3,157.82,1087.14,165.53
2026-04-15,base1-16,42356,Holofoil,55.13,33.67,51.72,119.99,48.86
2026-04-15,base1-2,42360,Holofoil,209.17,148.22,219.16,1585.44,799.99
2026-04-15,base1-4,42382,Holofoil,500.9,496.41,719.99,1499.65,1499.65
2026-04-15,base1-58,42402,Normal,5.86,1.39,4.08,9999.0,
2026-04-15,cel25c-4,250320,Holofoil,199.01,179.0,224.01,4321.0,204.99
2026-04-15,gym2-2,83861,1st Edition Holofoil,852.01,1470.0,1805.0,2140.0,
2026-04-15,gym2-2,83861,Unlimited Holofoil,519.57,438.75,539.99,1201.29,332.5
2026-04-15,neo1-9,86903,1st Edition Holofoil,1299.96,1899.98,1899.99,2950.0,1899.98
2026-04-15,neo1-9,86903,Unlimited Holofoil,474.09,492.48,497.79,1000.0,
2026-04-15,sl-151-bundle,502000,Normal,190.95,183.01,200.0,2999.99,
2026-04-15,sl-151-etb,503313,Normal,634.39,634.39,700.0,3000.0,
2026-04-15,sl-151-upc,502005,Normal,995.64,950.0,1200.0,10000.0,
2026-04-15,sl-ar-box,265519,Normal,385.76,385.0,475.5,899.99,
2026-04-15,sl-bs-box,256141,Normal,592.81,580.99,692.5,5000.0,
2026-04-15,sl-cel-upc,245140,Normal,1021.84,1099.99,1348.97,200000.0,
2026-04-15,sl-champ-etb,218791,Normal,167.01,161.95,200.0,500.0,
2026-04-15,sl-cz-etb,453470,Normal,315.59,303.98,350.0,785.0,
2026-04-15,sl-dr-box,624679,Normal,585.2,589.5,651.03,2185.0,
2026-04-15,sl-evs-box,242436,Normal,2637.31,2697.75,3485.0,12000.0,
2026-04-15,sl-evs-etb,243721,Normal,829.82,1120.0,1799.99,3499.98,
2026-04-15,sl-fs-box,247654,Normal,994.38,984.0,1184.99,3000.0,
2026-04-15,sl-hf-etb,194729,Normal,514.44,545.0,650.0,9999.98,
2026-04-15,sl-jp-151,565243,Normal,312.4,296.67,369.0,600.0,
2026-04-15,sl-jp-terastal,603428,Normal,127.96,99.99,139.99,219.99,
2026-04-15,sl-jt-box,610931,Normal,276.74,290.0,382.47,558.43,
2026-04-15,sl-lo-box,277324,Normal,718.83,709.0,899.99,2500.0,
2026-04-15,sl-me1-box,644298,Normal,299.18,299.99,349.98,500.0,
2026-04-15,sl-obf-box,501257,Normal,360.59,375.0,425.0,1000.0,
2026-04-15,sl-pe-etb,593355,Normal,157.54,159.98,200.0,2000.0,
2026-04-15,sl-pe-spc,622770,Normal,351.08,349.88,399.99,1500.0,
2026-04-15,sl-pf-etb,528040,Normal,408.05,424.99,488.88,800.0,
2026-04-15,sl-phf-box,654137,Normal,404.87,410.0,479.99,1200.0,
2026-04-15,sl-shf-etb,228821,Normal,126.94,119.99,150.0,500.11,
2026-04-15,sl-ss-box,565606,Normal,249.17,252.02,319.95,4999.99,
2026-04-15,sl-st-box,283389,Normal,464.27,442.0,525.0,9999.99,
2026-04-15,sl-tf-box,536225,Normal,291.51,288.0,330.0,500.0,
2026-04-15,sv2-185,497557,Normal,0.29,0.08,0.32,4321.0,
2026-04-15,sv2-185,497557,Reverse Holofoil,0.76,0.2,0.85,19.72,0.82
2026-04-15,sv2-254,497669,Holofoil,10.76,8.0,13.06,112.5,12.99
2026-04-15,sv2-269,497689,Holofoil,54.03,49.99,60.0,527.8,65.99
2026-04-15,sv3pt5-151,516566,Holofoil,7.49,3.9,8.5,100.0,10.32
2026-04-15,sv3pt5-199,517045,Holofoil,421.92,374.95,463.0,1000.0,464.95
2026-04-15,sv3pt5-205,517051,Holofoil,30.13,23.0,32.47,129.99,32.62
2026-04-15,sv3pt5-4,502555,Normal,0.19,0.01,0.21,20.0,0.02
2026-04-15,sv3pt5-4,502555,Reverse Holofoil,0.33,0.01,0.35,19.78,0.35
2026-04-15,sv3pt5-6,502558,Holofoil,9.12,4.98,9.99,505.1,10.54
2026-04-15,sv3pt5-7,502548,Normal,0.23,0.01,0.23,19.98,0.04
2026-04-15,sv3pt5-7,502548,Reverse Holofoil,0.33,0.01,0.34,50.0,0.34
2026-04-15,sv4pt5-234,535090,Holofoil,285.93,270.0,344.99,600.0,221.77
2026-04-15,sv4pt5-54,534416,Holofoil,4.57,3.0,4.57,60.0,6.01
2026-04-15,sv8-57,590025,Holofoil,4.21,2.79,4.46,96.95,5.75
2026-04-15,sv8pt5-149,610504,Holofoil,232.02,182.58,300.0,2000.0,
2026-04-15,sv8pt5-155,610510,Holofoil,282.84,280.0,333.6,999.0,
2026-04-15,sv8pt5-156,610511,Holofoil,397.58,385.0,496.79,999.0,499.95
2026-04-15,sv8pt5-161,610516,Holofoil,1499.18,1349.99,1525.0,2399.99,
2026-04-15,sv8pt5-167,610522,Holofoil,196.39,182.0,225.0,3009.8,229.98
2026-04-15,sv8pt5-179,610534,Holofoil,60.26,58.49,71.32,999.0,
2026-04-15,sv8pt5-28,610383,Holofoil,1.73,1.0,2.02,999.0,
2026-04-15,sv8pt5-47,610402,Normal,0.06,0.01,0.1,999.0,0.01
2026-04-15,sv8pt5-47,610402,Reverse Holofoil,0.1,0.01,0.15,999.0,0.04
2026-04-15,sv8pt5-59,610414,Holofoil,0.3,0.01,0.35,999.0,0.1
2026-04-15,sv8pt5-59,610414,Reverse Holofoil,0.42,0.03,0.43,999.0,
2026-04-15,sv8pt5-60,610415,Holofoil,5.25,4.0,5.83,999.0,
2026-04-15,svp-085,518861,Normal,874.4,700.0,1000.0,6999.93,6999.93
2026-04-15,swsh11-186,284137,Holofoil,666.39,600.0,749.97,1450.0,800.0
2026-04-15,swsh12-186,451834,Holofoil,427.07,370.0,512.32,3761.93,490.0
2026-04-15,swsh12pt5gg-GG69,478100,Holofoil,237.18,224.98,260.45,1865.69,232.49
2026-04-15,swsh35-25,223018,Normal,0.12,0.02,0.17,19.98,0.05
2026-04-15,swsh35-25,223018,Reverse Holofoil,0.29,0.1,0.3,19.98,
2026-04-15,swsh35-74,223073,Holofoil,167.36,156.99,219.99,2300.0,204.99
2026-04-15,swsh45sv-SV107,232496,Holofoil,148.32,115.0,160.0,349.95,168.35
2026-04-15,swsh7-204,246693,Holofoil,32.53,28.0,34.75,289.9,37.41
2026-04-15,swsh7-205,246696,Holofoil,338.91,289.75,395.0,508.2,372.7
2026-04-15,swsh7-208,246755,Holofoil,34.41,28.45,44.55,270.1,49.37
2026-04-15,swsh7-209,246756,Holofoil,263.69,269.0,314.44,450.0,287.99
2026-04-15,swsh7-211,246702,Holofoil,51.04,50.0,53.42,450.0,57.94
2026-04-15,swsh7-212,246704,Holofoil,352.82,378.99,425.0,4249.73,317.37
2026-04-15,swsh7-215,246723,Holofoil,1917.97,2068.75,2299.99,6000.0,2298.99
2026-04-15,swsh7-218,246733,Holofoil,740.79,594.31,979.0,1199.99,594.31
2026-04-15,swsh7-41,246753,Holofoil,6.65,4.99,7.0,24.97,9.5
2026-04-15,swsh7-65,246690,Holofoil,15.48,11.17,16.0,500.0,17.8
2026-04-15,swsh7-75,246701,Holofoil,16.27,12.74,17.25,141.9,24.45
2026-04-15,swsh7-8,246691,Holofoil,7.76,5.0,8.0,100.0,7.61
2026-04-15,swsh8-271,253266,Holofoil,830.46,853.38,950.0,1499.95,943.99
2026-04-15,swsh9-154,263873,Holofoil,306.45,263.81,360.21,1500.0,292.49
2026-04-16,base1-15,42355,Holofoil,148.95,109.3,153.34,1087.06,165.53
2026-04-16,base1-16,42356,Holofoil,55.13,33.67,53.49,119.99,
2026-04-16,base1-2,42360,Holofoil,206.34,148.22,219.36,1585.44,329.48
2026-04-16,base1-4,42382,Holofoil,553.47,497.99,719.99,1499.65,
2026-04-16,base1-58,42402,Normal,5.71,1.39,4.8,9999.0,
2026-04-16,cel25c-4,250320,Holofoil,199.45,179.0,225.96,4321.0,200.74
2026-04-16,gym2-2,83861,1st Edition Holofoil,852.01,2140.0,2140.0,2140.0,
2026-04-16,gym2-2,83861,Unlimited Holofoil,519.57,438.75,539.99,1201.29,332.5
2026-04-16,neo1-9,86903,1st Edition Holofoil,1299.96,1899.98,1899.99,2950.0,1899.98
2026-04-16,neo1-9,86903,Unlimited Holofoil,474.09,463.99,495.9,1000.0,
2026-04-16,sl-151-bundle,502000,Normal,187.67,178.98,200.0,2999.99,
2026-04-16,sl-151-etb,503313,Normal,641.51,628.0,700.0,3000.0,
2026-04-16,sl-151-upc,502005,Normal,996.24,995.64,1189.37,10000.0,
2026-04-16,sl-ar-box,265519,Normal,385.36,386.76,475.5,899.99,
2026-04-16,sl-bs-box,256141,Normal,593.0,575.0,699.99,5000.0,
2026-04-16,sl-cel-upc,245140,Normal,1030.71,1099.99,1399.99,200000.0,
2026-04-16,sl-champ-etb,218791,Normal,165.81,161.95,200.0,500.0,
2026-04-16,sl-cz-etb,453470,Normal,315.63,308.99,350.0,785.0,
2026-04-16,sl-dr-box,624679,Normal,584.22,587.99,671.03,2185.0,
2026-04-16,sl-evs-box,242436,Normal,2613.31,2697.75,3492.0,12000.0,
2026-04-16,sl-evs-etb,243721,Normal,829.82,1120.0,1799.99,3499.98,
2026-04-16,sl-fs-box,247654,Normal,994.38,984.0,1100.0,3000.0,
2026-04-16,sl-hf-etb,194729,Normal,514.44,545.0,650.0,9999.98,
2026-04-16,sl-jp-151,565243,Normal,311.8,296.67,369.0,600.0,
2026-04-16,sl-jp-terastal,603428,Normal,129.36,99.99,145.0,219.99,
2026-04-16,sl-jt-box,610931,Normal,276.91,290.0,364.95,558.43,
2026-04-16,sl-lo-box,277324,Normal,719.63,709.0,896.49,2500.0,
2026-04-16,sl-me1-box,644298,Normal,300.75,299.99,360.0,500.0,
2026-04-16,sl-obf-box,501257,Normal,364.3,375.0,425.0,1000.0,
2026-04-16,sl-pe-etb,593355,Normal,168.2,160.0,200.0,2000.0,
2026-04-16,sl-pe-spc,622770,Normal,353.16,349.88,400.0,1500.0,
2026-04-16,sl-pf-etb,528040,Normal,408.05,413.0,469.44,800.0,
2026-04-16,sl-phf-box,654137,Normal,409.5,399.0,475.0,1200.0,
2026-04-16,sl-shf-etb,228821,Normal,126.62,119.99,150.0,500.11,
2026-04-16,sl-ss-box,565606,Normal,253.2,252.02,315.0,4999.99,
2026-04-16,sl-st-box,283389,Normal,461.96,442.0,549.99,9999.99,
2026-04-16,sl-tf-box,536225,Normal,291.23,298.0,337.66,500.0,
2026-04-16,sv2-185,497557,Normal,0.3,0.08,0.32,4321.0,
2026-04-16,sv2-185,497557,Reverse Holofoil,0.8,0.2,0.85,19.64,1.0
2026-04-16,sv2-254,497669,Holofoil,10.69,8.0,12.97,112.5,12.09
2026-04-16,sv2-269,497689,Holofoil,53.69,49.99,60.0,527.8,65.99
2026-04-16,sv3pt5-151,516566,Holofoil,7.52,4.0,8.5,100.0,11.95
2026-04-16,sv3pt5-199,517045,Holofoil,425.02,374.95,460.0,1000.0,480.92
2026-04-16,sv3pt5-205,517051,Holofoil,29.63,23.0,32.14,129.99,34.24
2026-04-16,sv3pt5-4,502555,Normal,0.16,0.01,0.2,20.0,0.02
2026-04-16,sv3pt5-4,502555,Reverse Holofoil,0.33,0.01,0.35,19.78,0.25
2026-04-16,sv3pt5-6,502558,Holofoil,8.68,4.98,9.9,505.1,10.54
2026-04-16,sv3pt5-7,502548,Normal,0.26,0.01,0.24,19.98,
2026-04-16,sv3pt5-7,502548,Reverse Holofoil,0.28,0.01,0.33,50.0,0.35
2026-04-16,sv4pt5-234,535090,Holofoil,286.52,270.0,330.0,572.11,221.77
2026-04-16,sv4pt5-54,534416,Holofoil,5.7,3.0,4.62,60.0,6.99
2026-04-16,sv8-57,590025,Holofoil,4.15,2.83,4.4,96.95,5.75
2026-04-16,sv8pt5-149,610504,Holofoil,232.02,203.81,300.0,2000.0,
2026-04-16,sv8pt5-155,610510,Holofoil,286.38,299.99,399.88,999.0,
2026-04-16,sv8pt5-156,610511,Holofoil,396.98,385.0,479.99,999.0,499.95
2026-04-16,sv8pt5-161,610516,Holofoil,1479.22,1349.99,1576.6,2399.99,1499.93
2026-04-16,sv8pt5-167,610522,Holofoil,195.83,182.0,225.0,3009.8,229.98
2026-04-16,sv8pt5-179,610534,Holofoil,59.57,52.0,72.16,999.0,
2026-04-16,sv8pt5-28,610383,Holofoil,1.97,1.0,2.0,999.0,
2026-04-16,sv8pt5-47,610402,Normal,0.05,0.01,0.1,999.0,0.01
2026-04-16,sv8pt5-47,610402,Reverse Holofoil,0.13,0.01,0.15,999.0,0.04
2026-04-16,sv8pt5-59,610414,Holofoil,0.35,0.01,0.35,999.0,
2026-04-16,sv8pt5-59,610414,Reverse Holofoil,0.43,0.03,0.43,999.0,
2026-04-16,sv8pt5-60,610415,Holofoil,5.54,4.0,5.8,999.0,
2026-04-16,svp-085,518861,Normal,874.4,949.89,1050.0,6999.93,6999.93
2026-04-16,swsh11-186,284137,Holofoil,666.39,600.0,737.95,1450.0,800.0
2026-04-16,swsh12-186,451834,Holofoil,432.63,370.0,512.98,3761.93,499.98
2026-04-16,swsh12pt5gg-GG69,478100,Holofoil,237.18,224.98,264.99,1865.69,232.49
2026-04-16,swsh35-25,223018,Normal,0.12,0.02,0.18,19.98,0.05
2026-04-16,swsh35-25,223018,Reverse Holofoil,0.3,0.1,0.3,19.98,
2026-04-16,swsh35-74,223073,Holofoil,169.56,156.99,220.0,2300.0,204.99
2026-04-16,swsh45sv-SV107,232496,Holofoil,147.19,115.0,159.99,349.95,168.35
2026-04-16,swsh7-204,246693,Holofoil,32.53,28.85,34.75,289.9,37.41
2026-04-16,swsh7-205,246696,Holofoil,338.91,289.75,395.0,508.2,369.99
2026-04-16,swsh7-208,246755,Holofoil,34.41,26.02,40.65,270.1,34.51
2026-04-16,swsh7-209,246756,Holofoil,265.92,265.92,314.44,450.0,287.99
2026-04-16,swsh7-211,246702,Holofoil,52.2,50.0,55.0,450.0,57.94
2026-04-16,swsh7-212,246704,Holofoil,352.82,378.99,422.5,4249.73,317.37
2026-04-16,swsh7-215,246723,Holofoil,1951.47,2068.75,2300.31,6000.0,2299.99
2026-04-16,swsh7-218,246733,Holofoil,741.41,899.99,979.0,1199.99,950.0
2026-04-16,swsh7-41,246753,Holofoil,6.95,4.99,7.05,24.97,9.66
2026-04-16,swsh7-65,246690,Holofoil,15.71,11.17,16.0,500.0,14.99
2026-04-16,swsh7-75,246701,Holofoil,16.27,13.49,17.25,141.88,24.44
2026-04-16,swsh7-8,246691,Holofoil,7.75,5.0,8.0,100.0,7.61
2026-04-16,swsh8-271,253266,Holofoil,830.46,853.38,974.5,1499.95,943.99
2026-04-16,swsh9-154,263873,Holofoil,306.18,289.8,360.21,1500.0,292.49
2026-04-17,base1-15,42355,Holofoil,148.95,109.3,157.82,1087.04,160.82
2026-04-17,base1-16,42356,Holofoil,55.13,33.67,56.93,139.99,119.99
2026-04-17,base1-2,42360,Holofoil,204.14,148.22,230.64,1585.44,325.05
2026-04-17,base1-4,42382,Holofoil,553.47,496.41,650.65,1499.65,
2026-04-17,base1-58,42402,Normal,5.86,1.39,4.49,9999.0,
2026-04-17,cel25c-4,250320,Holofoil,201.51,179.0,219.83,4321.0,198.87
2026-04-17,gym2-2,83861,1st Edition Holofoil,852.01,2140.0,2140.0,2140.0,
2026-04-17,gym2-2,83861,Unlimited Holofoil,519.57,438.75,539.97,1499.99,332.5
2026-04-17,neo1-9,86903,1st Edition Holofoil,1299.96,1899.99,2425.0,2950.0,1899.99
2026-04-17,neo1-9,86903,Unlimited Holofoil,479.18,463.98,494.0,1000.0,
2026-04-17,sl-151-bundle,502000,Normal,188.85,189.65,212.99,2999.99,
2026-04-17,sl-151-etb,503313,Normal,640.07,628.0,700.0,3000.0,
2026-04-17,sl-151-upc,502005,Normal,998.23,995.64,1189.37,40000.0,
2026-04-17,sl-ar-box,265519,Normal,383.79,360.0,476.0,899.99,
2026-04-17,sl-bs-box,256141,Normal,593.0,575.0,685.0,5000.0,
2026-04-17,sl-cel-upc,245140,Normal,1030.71,1099.99,1348.97,200000.0,
2026-04-17,sl-champ-etb,218791,Normal,165.85,170.0,200.0,500.0,
2026-04-17,sl-cz-etb,453470,Normal,315.63,308.99,350.0,785.0,
2026-04-17,sl-dr-box,624679,Normal,583.95,585.0,652.05,2185.0,
2026-04-17,sl-evs-box,242436,Normal,2613.31,2597.75,3485.0,12000.0,
2026-04-17,sl-evs-etb,243721,Normal,829.82,1120.0,1625.0,3499.98,
2026-04-17,sl-fs-box,247654,Normal,994.38,984.0,1100.0,3000.0,
2026-04-17,sl-hf-etb,194729,Normal,518.04,535.0,649.99,9999.98,
2026-04-17,sl-jp-151,565243,Normal,311.8,296.67,359.5,600.0,
2026-04-17,sl-jp-terastal,603428,Normal,129.08,99.99,147.48,240.0,
2026-04-17,sl-jt-box,610931,Normal,276.91,290.0,364.95,558.43,
2026-04-17,sl-lo-box,277324,Normal,718.21,715.0,896.49,2500.0,
2026-04-17,sl-me1-box,644298,Normal,300.83,299.99,349.98,500.0,
2026-04-17,sl-obf-box,501257,Normal,365.7,375.0,425.0,1000.0,
2026-04-17,sl-pe-etb,593355,Normal,166.57,160.0,200.0,2000.0,
2026-04-17,sl-pe-spc,622770,Normal,357.57,361.91,406.47,1500.0,
2026-04-17,sl-pf-etb,528040,Normal,410.37,413.0,469.44,800.0,
2026-04-17,sl-phf-box,654137,Normal,414.08,409.99,479.99,1200.0,
2026-04-17,sl-shf-etb,228821,Normal,126.84,119.99,150.0,500.11,
2026-04-17,sl-ss-box,565606,Normal,256.96,245.0,315.5,4999.99,
2026-04-17,sl-st-box,283389,Normal,460.68,455.0,549.99,9999.99,
2026-04-17,sl-tf-box,536225,Normal,291.23,299.0,332.5,500.0,
2026-04-17,sv2-185,497557,Normal,0.3,0.08,0.32,4321.0,0.28
2026-04-17,sv2-185,497557,Reverse Holofoil,0.8,0.2,0.83,19.62,1.13
2026-04-17,sv2-254,497669,Holofoil,11.01,8.5,12.73,112.5,13.4
2026-04-17,sv2-269,497689,Holofoil,54.09,49.99,64.57,527.8,69.9
2026-04-17,sv3pt5-151,516566,Holofoil,6.49,4.25,8.38,100.0,7.08
2026-04-17,sv3pt5-199,517045,Holofoil,425.7,370.0,454.89,1000.0,489.52
2026-04-17,sv3pt5-205,517051,Holofoil,29.21,23.0,31.75,129.99,33.97
2026-04-17,sv3pt5-4,502555,Normal,0.23,0.01,0.22,20.0,0.15
2026-04-17,sv3pt5-4,502555,Reverse Holofoil,0.33,0.01,0.35,19.78,0.25
2026-04-17,sv3pt5-6,502558,Holofoil,8.4,4.98,9.64,505.1,9.99
2026-04-17,sv3pt5-7,502548,Normal,0.28,0.01,0.25,19.98,0.2
2026-04-17,sv3pt5-7,502548,Reverse Holofoil,0.35,0.01,0.32,50.0,0.35
2026-04-17,sv4pt5-234,535090,Holofoil,287.67,270.0,347.0,572.11,306.98
2026-04-17,sv4pt5-54,534416,Holofoil,5.93,3.0,4.96,60.0,3.68
2026-04-17,sv8-57,590025,Holofoil,4.25,2.83,4.39,96.95,4.35
2026-04-17,sv8pt5-149,610504,Holofoil,234.51,170.63,304.92,2000.0,
2026-04-17,sv8pt5-155,610510,Holofoil,286.18,299.99,399.89,600.23,
2026-04-17,sv8pt5-156,610511,Holofoil,397.16,385.0,485.98,800.0,499.95
2026-04-17,sv8pt5-161,610516,Holofoil,1473.61,1319.99,1563.3,2399.99,
2026-04-17,sv8pt5-167,610522,Holofoil,192.5,186.31,225.0,3009.8,229.98
2026-04-17,sv8pt5-179,610534,Holofoil,59.57,52.0,68.51,593.72,
2026-04-17,sv8pt5-28,610383,Holofoil,2.03,1.0,2.02,28.7,
2026-04-17,sv8pt5-47,610402,Normal,0.04,0.01,0.1,19.98,0.01
2026-04-17,sv8pt5-47,610402,Reverse Holofoil,0.14,0.01,0.15,19.98,0.04
2026-04-17,sv8pt5-59,610414,Holofoil,0.35,0.01,0.35,100.0,0.34
2026-04-17,sv8pt5-59,610414,Reverse Holofoil,0.46,0.03,0.44,19.99,0.43
2026-04-17,sv8pt5-60,610415,Holofoil,5.77,3.94,6.0,500.0,
2026-04-17,svp-085,518861,Normal,891.2,960.0,1217.28,6999.93,6999.93
2026-04-17,swsh11-186,284137,Holofoil,643.43,600.0,733.03,1450.0,899.99
2026-04-17,swsh12-186,451834,Holofoil,430.54,370.0,524.64,3761.87,499.98
2026-04-17,swsh12pt5gg-GG69,478100,Holofoil,238.37,220.0,261.12,1865.69,232.49
2026-04-17,swsh35-25,223018,Normal,0.12,0.02,0.18,19.98,0.05
2026-04-17,swsh35-25,223018,Reverse Holofoil,0.3,0.1,0.3,19.98,
2026-04-17,swsh35-74,223073,Holofoil,172.09,156.99,222.55,2300.0,199.98
2026-04-17,swsh45sv-SV107,232496,Holofoil,146.72,115.0,159.99,349.95,167.98
2026-04-17,swsh7-204,246693,Holofoil,32.53,28.85,34.95,289.9,37.41
2026-04-17,swsh7-205,246696,Holofoil,338.91,289.75,395.0,533.85,369.99
2026-04-17,swsh7-208,246755,Holofoil,34.41,26.02,40.0,270.1,34.51
2026-04-17,swsh7-209,246756,Holofoil,265.92,265.92,331.66,450.0,287.99
2026-04-17,swsh7-211,246702,Holofoil,52.2,50.0,54.99,450.0,57.94
2026-04-17,swsh7-212,246704,Holofoil,352.82,378.99,422.5,4249.73,399.99
2026-04-17,swsh7-215,246723,Holofoil,1995.52,2000.99,2599.84,6000.0,2999.68
2026-04-17,swsh7-218,246733,Holofoil,766.39,899.99,1100.0,1199.99,1199.99
2026-04-17,swsh7-41,246753,Holofoil,7.04,4.99,7.11,24.97,9.66
2026-04-17,swsh7-65,246690,Holofoil,15.69,11.63,16.08,512.01,16.67
2026-04-17,swsh7-75,246701,Holofoil,16.31,13.49,17.25,141.88,24.44
2026-04-17,swsh7-8,246691,Holofoil,7.74,5.0,8.0,100.0,7.85
2026-04-17,swsh8-271,253266,Holofoil,856.22,853.38,999.0,1499.95,944.86
2026-04-17,swsh9-154,263873,Holofoil,309.1,269.99,360.21,1500.0,292.49
2026-04-18,base1-15,42355,Holofoil,148.95,109.3,175.99,1086.94,180.72
2026-04-18,base1-16,42356,Holofoil,55.13,33.67,51.9,139.99,119.99
2026-04-18,base1-2,42360,Holofoil,204.82,150.53,297.73,1585.44,250.04
2026-04-18,base1-4,42382,Holofoil,553.47,490.53,650.65,1499.65,
2026-04-18,base1-58,42402,Normal,6.14,1.05,4.08,9999.0,2.98
2026-04-18,cel25c-4,250320,Holofoil,201.51,145.81,219.99,4321.0,198.87
2026-04-18,gym2-2,83861,1st Edition Holofoil,852.01,2140.0,2140.0,2140.0,
2026-04-18,gym2-2,83861,Unlimited Holofoil,519.57,437.85,539.95,1499.99,539.95
2026-04-18,neo1-9,86903,1st Edition Holofoil,1299.96,1899.99,2425.0,2950.0,1899.99
2026-04-18,neo1-9,86903,Unlimited Holofoil,479.18,462.47,494.0,1000.0,
2026-04-18,sl-151-bundle,502000,Normal,191.97,188.79,209.69,2999.99,
2026-04-18,sl-151-etb,503313,Normal,640.07,609.0,700.0,3000.0,
2026-04-18,sl-151-upc,502005,Normal,998.23,948.99,1178.75,40000.0,
2026-04-18,sl-ar-box,265519,Normal,384.79,360.0,475.0,899.99,
2026-04-18,sl-bs-box,256141,Normal,592.54,590.0,700.0,5000.0,
2026-04-18,sl-cel-upc,245140,Normal,1035.16,1100.0,1450.0,200000.0,
2026-04-18,sl-champ-etb,218791,Normal,166.05,172.98,200.0,500.0,
2026-04-18,sl-cz-etb,453470,Normal,315.39,314.97,350.0,785.0,
2026-04-18,sl-dr-box,624679,Normal,581.79,585.0,651.03,2185.0,
2026-04-18,sl-evs-box,242436,Normal,2613.31,2590.75,3485.0,12000.0,
2026-04-18,sl-evs-etb,243721,Normal,829.82,1100.0,1625.0,3499.98,
2026-04-18,sl-fs-box,247654,Normal,990.5,985.0,1185.0,3000.0,
2026-04-18,sl-hf-etb,194729,Normal,518.04,545.0,654.98,9999.98,
2026-04-18,sl-jp-151,565243,Normal,310.13,299.99,384.5,599.99,
2026-04-18,sl-jp-terastal,603428,Normal,129.83,99.99,149.98,219.99,
2026-04-18,sl-jt-box,610931,Normal,277.82,290.0,342.48,558.43,
2026-04-18,sl-lo-box,277324,Normal,718.94,715.0,896.49,2500.0,
2026-04-18,sl-me1-box,644298,Normal,301.91,299.99,354.99,500.0,
2026-04-18,sl-obf-box,501257,Normal,366.66,375.0,425.0,1000.0,
2026-04-18,sl-pe-etb,593355,Normal,159.86,151.99,199.99,2000.0,
2026-04-18,sl-pe-spc,622770,Normal,355.67,339.99,400.0,1500.0,
2026-04-18,sl-pf-etb,528040,Normal,410.93,420.0,469.44,800.0,
2026-04-18,sl-phf-box,654137,Normal,408.8,400.0,477.5,1200.0,
2026-04-18,sl-shf-etb,228821,Normal,127.12,119.99,150.0,500.11,
2026-04-18,sl-ss-box,565606,Normal,255.75,245.0,310.0,4999.99,
2026-04-18,sl-st-box,283389,Normal,460.09,455.0,525.0,9999.99,
2026-04-18,sl-tf-box,536225,Normal,291.19,299.0,336.25,500.0,
2026-04-18,sv2-185,497557,Normal,0.3,0.08,0.32,4321.0,0.28
2026-04-18,sv2-185,497557,Reverse Holofoil,0.78,0.17,0.84,19.52,1.14
2026-04-18,sv2-254,497669,Holofoil,11.03,8.5,12.73,112.5,14.84
2026-04-18,sv2-269,497689,Holofoil,55.02,52.99,66.78,527.8,69.9
2026-04-18,sv3pt5-151,516566,Holofoil,6.6,4.25,8.15,100.0,7.15
2026-04-18,sv3pt5-199,517045,Holofoil,436.8,374.95,459.99,1000.0,549.99
2026-04-18,sv3pt5-205,517051,Holofoil,29.62,23.0,31.49,129.99,27.89
2026-04-18,sv3pt5-4,502555,Normal,0.27,0.01,0.23,20.0,0.12
2026-04-18,sv3pt5-4,502555,Reverse Holofoil,0.33,0.01,0.34,19.78,0.37
2026-04-18,sv3pt5-6,502558,Holofoil,8.96,4.98,9.54,505.1,12.97
2026-04-18,sv3pt5-7,502548,Normal,0.29,0.01,0.25,19.98,
2026-04-18,sv3pt5-7,502548,Reverse Holofoil,0.41,0.01,0.35,50.0,0.28
2026-04-18,sv4pt5-234,535090,Holofoil,287.07,270.0,344.99,572.11,344.99
2026-04-18,sv4pt5-54,534416,Holofoil,5.65,3.0,5.0,60.0,3.77
2026-04-18,sv8-57,590025,Holofoil,4.46,2.99,4.42,96.95,4.36
2026-04-18,sv8pt5-149,610504,Holofoil,234.53,235.99,310.0,2000.0,
2026-04-18,sv8pt5-155,610510,Holofoil,287.5,299.99,399.89,600.23,
2026-04-18,sv8pt5-156,610511,Holofoil,397.16,385.0,472.5,800.0,499.95
2026-04-18,sv8pt5-161,610516,Holofoil,1485.21,1311.0,1576.6,2399.99,1499.93
2026-04-18,sv8pt5-167,610522,Holofoil,188.9,190.55,226.25,3009.8,229.98
2026-04-18,sv8pt5-179,610534,Holofoil,59.09,58.0,70.73,593.72,
2026-04-18,sv8pt5-28,610383,Holofoil,1.85,1.0,2.02,28.7,1.96
2026-04-18,sv8pt5-47,610402,Normal,0.05,0.01,0.1,19.98,0.01
2026-04-18,sv8pt5-47,610402,Reverse Holofoil,0.14,0.01,0.15,19.98,0.04
2026-04-18,sv8pt5-59,610414,Holofoil,0.36,0.01,0.35,100.0,0.4
2026-04-18,sv8pt5-59,610414,Reverse Holofoil,0.41,0.03,0.42,19.99,0.43
2026-04-18,sv8pt5-60,610415,Holofoil,5.14,4.0,5.92,500.0,
2026-04-18,svp-085,518861,Normal,899.19,949.89,1000.0,6999.93,6999.93
2026-04-18,swsh11-186,284137,Holofoil,669.03,600.0,729.02,1450.0,899.99
2026-04-18,swsh12-186,451834,Holofoil,434.83,342.8,527.67,3761.87,499.98
2026-04-18,swsh12pt5gg-GG69,478100,Holofoil,238.37,220.0,251.5,1865.69,232.49
2026-04-18,swsh35-25,223018,Normal,0.12,0.02,0.18,19.98,0.05
2026-04-18,swsh35-25,223018,Reverse Holofoil,0.3,0.1,0.3,19.98,
2026-04-18,swsh35-74,223073,Holofoil,172.09,156.99,220.0,2300.0,195.0
2026-04-18,swsh45sv-SV107,232496,Holofoil,146.72,119.25,160.0,349.95,161.4
2026-04-18,swsh7-204,246693,Holofoil,32.53,28.85,34.9,289.9,51.3
2026-04-18,swsh7-205,246696,Holofoil,341.45,345.66,397.86,542.7,372.72
2026-04-18,swsh7-208,246755,Holofoil,34.41,26.02,42.61,270.1,43.92
2026-04-18,swsh7-209,246756,Holofoil,265.92,265.92,311.8,450.0,287.99
2026-04-18,swsh7-211,246702,Holofoil,51.96,50.0,54.99,450.0,57.94
2026-04-18,swsh7-212,246704,Holofoil,357.12,398.96,425.0,4249.73,410.1
2026-04-18,swsh7-215,246723,Holofoil,1995.52,2000.99,2748.64,6000.0,2999.68
2026-04-18,swsh7-218,246733,Holofoil,778.28,549.0,1100.0,1440.23,1199.99
2026-04-18,swsh7-41,246753,Holofoil,7.23,4.99,7.31,28.99,9.66
2026-04-18,swsh7-65,246690,Holofoil,15.75,11.63,15.99,512.01,19.94
2026-04-18,swsh7-75,246701,Holofoil,16.51,13.49,17.49,141.88,18.97
2026-04-18,swsh7-8,246691,Holofoil,7.98,5.0,8.0,100.0,8.52
2026-04-18,swsh8-271,253266,Holofoil,856.22,853.38,974.5,1499.95,944.86
2026-04-18,swsh9-154,263873,Holofoil,308.42,269.99,370.43,1500.0,292.49
2026-04-19,base1-15,42355,Holofoil,148.63,109.3,157.82,1086.86,153.12
2026-04-19,base1-16,42356,Holofoil,54.37,33.67,51.0,119.99,119.99
2026-04-19,base1-2,42360,Holofoil,208.4,150.27,299.6,1585.44,328.28
2026-04-19,base1-4,42382,Holofoil,553.47,490.53,650.65,1499.65,
2026-04-19,base1-58,42402,Normal,6.07,1.39,4.25,9999.0,
2026-04-19,cel25c-4,250320,Holofoil,200.48,145.81,219.99,4321.0,198.87
2026-04-19,gym2-2,83861,1st Edition Holofoil,852.01,2140.0,2140.0,2140.0,
2026-04-19,gym2-2,83861,Unlimited Holofoil,519.57,437.85,555.76,1499.99,539.95
2026-04-19,neo1-9,86903,1st Edition Holofoil,1299.96,1899.99,2425.0,2950.0,1899.99
2026-04-19,neo1-9,86903,Unlimited Holofoil,479.18,462.47,495.9,1000.0,
2026-04-19,sl-151-bundle,502000,Normal,190.65,188.99,209.84,2999.99,
2026-04-19,sl-151-etb,503313,Normal,640.07,580.0,700.0,3000.0,
2026-04-19,sl-151-upc,502005,Normal,998.23,948.99,1189.37,40000.0,
2026-04-19,sl-ar-box,265519,Normal,384.79,360.0,475.0,899.99,
2026-04-19,sl-bs-box,256141,Normal,592.54,590.0,699.99,5000.0,
2026-04-19,sl-cel-upc,245140,Normal,1043.68,1100.0,1494.44,200000.0,
2026-04-19,sl-champ-etb,218791,Normal,166.05,172.98,200.0,500.0,
2026-04-19,sl-cz-etb,453470,Normal,315.39,315.0,350.0,785.0,
2026-04-19,sl-dr-box,624679,Normal,573.55,585.0,652.05,2185.0,
2026-04-19,sl-evs-box,242436,Normal,2613.31,2200.0,3485.0,12000.0,
2026-04-19,sl-evs-etb,243721,Normal,829.82,1100.0,1625.0,3499.98,
2026-04-19,sl-fs-box,247654,Normal,990.5,984.99,1185.0,3000.0,
2026-04-19,sl-hf-etb,194729,Normal,518.04,545.0,654.98,9999.98,
2026-04-19,sl-jp-151,565243,Normal,310.13,299.99,384.5,599.99,
2026-04-19,sl-jp-terastal,603428,Normal,130.91,99.99,149.98,219.99,
2026-04-19,sl-jt-box,610931,Normal,278.93,290.0,342.48,558.43,
2026-04-19,sl-lo-box,277324,Normal,718.94,715.0,892.99,2500.0,
2026-04-19,sl-me1-box,644298,Normal,305.13,299.99,360.0,500.0,
2026-04-19,sl-obf-box,501257,Normal,367.23,375.0,400.0,1000.0,
2026-04-19,sl-pe-etb,593355,Normal,161.59,154.95,200.0,2000.0,
2026-04-19,sl-pe-spc,622770,Normal,352.89,339.99,400.0,1500.0,
2026-04-19,sl-pf-etb,528040,Normal,412.46,419.0,469.44,800.0,
2026-04-19,sl-phf-box,654137,Normal,384.78,400.0,489.75,1200.0,
2026-04-19,sl-shf-etb,228821,Normal,127.6,120.0,150.0,500.11,
2026-04-19,sl-ss-box,565606,Normal,248.74,245.0,305.12,4999.99,
2026-04-19,sl-st-box,283389,Normal,460.04,455.0,550.0,9999.99,
2026-04-19,sl-tf-box,536225,Normal,291.95,299.0,337.66,500.0,
2026-04-19,sv2-185,497557,Normal,0.31,0.01,0.33,4321.0,
2026-04-19,sv2-185,497557,Reverse Holofoil,0.7,0.18,0.8,19.44,0.95
2026-04-19,sv2-254,497669,Holofoil,11.01,8.5,12.94,112.5,11.99
2026-04-19,sv2-269,497689,Holofoil,55.21,48.0,68.46,527.8,69.9
2026-04-19,sv3pt5-151,516566,Holofoil,8.22,4.0,8.44,100.0,8.0
2026-04-19,sv3pt5-199,517045,Holofoil,433.01,375.0,460.0,1000.0,450.0
2026-04-19,sv3pt5-205,517051,Holofoil,29.8,23.0,31.75,146.25,35.67
2026-04-19,sv3pt5-4,502555,Normal,0.23,0.01,0.25,20.0,0.12
2026-04-19,sv3pt5-4,502555,Reverse Holofoil,0.33,0.01,0.35,19.78,0.5
2026-04-19,sv3pt5-6,502558,Holofoil,9.75,4.98,9.99,505.1,12.97
2026-04-19,sv3pt5-7,502548,Normal,0.24,0.01,0.24,19.98,
2026-04-19,sv3pt5-7,502548,Reverse Holofoil,0.31,0.03,0.35,50.0,0.32
2026-04-19,sv4pt5-234,535090,Holofoil,285.75,270.0,344.99,1428.75,344.98
2026-04-19,sv4pt5-54,534416,Holofoil,4.93,3.0,5.0,60.0,9.97
2026-04-19,sv8-57,590025,Holofoil,4.24,2.9,4.47,96.95,4.39
2026-04-19,sv8pt5-149,610504,Holofoil,241.34,241.34,327.66,2000.0,
2026-04-19,sv8pt5-155,610510,Holofoil,287.5,299.99,397.44,600.23,
2026-04-19,sv8pt5-156,610511,Holofoil,397.16,360.0,446.63,800.0,499.95
2026-04-19,sv8pt5-161,610516,Holofoil,1479.17,1319.99,1576.6,5000.0,1499.93
2026-04-19,sv8pt5-167,610522,Holofoil,188.46,188.75,225.0,3009.8,229.98
2026-04-19,sv8pt5-179,610534,Holofoil,58.89,58.0,69.18,593.72,
2026-04-19,sv8pt5-28,610383,Holofoil,1.78,1.0,2.0,28.7,
2026-04-19,sv8pt5-47,610402,Normal,0.06,0.01,0.1,19.98,0.01
2026-04-19,sv8pt5-47,610402,Reverse Holofoil,0.14,0.01,0.15,19.98,0.05
2026-04-19,sv8pt5-59,610414,Holofoil,0.36,0.01,0.35,100.0,0.3
2026-04-19,sv8pt5-59,610414,Reverse Holofoil,0.35,0.03,0.41,19.99,0.39
2026-04-19,sv8pt5-60,610415,Holofoil,5.64,4.0,5.95,500.0,
2026-04-19,svp-085,518861,Normal,899.19,960.0,1167.28,6999.93,6999.93
2026-04-19,swsh11-186,284137,Holofoil,669.03,625.0,749.98,1450.0,899.99
2026-04-19,swsh12-186,451834,Holofoil,439.03,370.0,560.35,3761.87,530.7
2026-04-19,swsh12pt5gg-GG69,478100,Holofoil,238.93,220.0,252.0,1865.69,232.49
2026-04-19,swsh35-25,223018,Normal,0.12,0.02,0.19,19.98,0.1
2026-04-19,swsh35-25,223018,Reverse Holofoil,0.31,0.1,0.31,19.98,
2026-04-19,swsh35-74,223073,Holofoil,172.09,156.99,221.86,2300.0,195.0
2026-04-19,swsh45sv-SV107,232496,Holofoil,144.58,119.25,164.76,349.95,148.94
2026-04-19,swsh7-204,246693,Holofoil,32.53,28.85,34.99,289.9,51.3
2026-04-19,swsh7-205,246696,Holofoil,341.45,341.45,397.25,546.75,372.72
2026-04-19,swsh7-208,246755,Holofoil,34.95,26.02,41.29,270.1,43.92
2026-04-19,swsh7-209,246756,Holofoil,265.92,265.92,311.47,450.0,287.99
2026-04-19,swsh7-211,246702,Holofoil,51.96,42.99,55.0,450.0,57.94
2026-04-19,swsh7-212,246704,Holofoil,357.12,398.96,425.0,4249.73,410.1
2026-04-19,swsh7-215,246723,Holofoil,1995.52,2000.99,2898.99,6000.0,2898.99
2026-04-19,swsh7-218,246733,Holofoil,770.71,949.89,1149.99,1282.35,1199.99
2026-04-19,swsh7-41,246753,Holofoil,7.2,4.99,7.22,28.99,9.66
2026-04-19,swsh7-65,246690,Holofoil,15.74,11.63,16.0,512.01,19.94
2026-04-19,swsh7-75,246701,Holofoil,15.71,13.49,16.87,141.88,19.1
2026-04-19,swsh7-8,246691,Holofoil,8.1,5.0,8.08,100.0,14.98
2026-04-19,swsh8-271,253266,Holofoil,856.22,853.38,974.5,1499.95,944.86
2026-04-19,swsh9-154,263873,Holofoil,320.46,269.99,416.99,1500.0,292.49
2026-04-20,base1-15,42355,Holofoil,148.63,109.3,176.5,1086.82,153.12
2026-04-20,base1-16,42356,Holofoil,54.27,33.86,53.0,139.99,39.99
2026-04-20,base1-2,42360,Holofoil,213.81,138.0,307.3,1585.44,
2026-04-20,base1-4,42382,Holofoil,553.47,490.53,650.65,1499.65,
2026-04-20,base1-58,42402,Normal,6.18,1.39,4.28,9999.0,
2026-04-20,cel25c-4,250320,Holofoil,199.76,145.81,219.99,4321.0,198.87
2026-04-20,gym2-2,83861,1st Edition Holofoil,852.01,2140.0,2140.0,2140.0,
2026-04-20,gym2-2,83861,Unlimited Holofoil,519.57,438.5,571.53,1499.99,539.95
2026-04-20,neo1-9,86903,1st Edition Holofoil,1299.96,1899.99,2425.0,2950.0,1899.99
2026-04-20,neo1-9,86903,Unlimited Holofoil,479.18,462.47,494.0,1000.0,
2026-04-20,sl-151-bundle,502000,Normal,192.27,185.0,209.32,2999.99,
2026-04-20,sl-151-etb,503313,Normal,636.03,572.98,699.99,3000.0,
2026-04-20,sl-151-upc,502005,Normal,998.59,972.9,1199.99,40000.0,
2026-04-20,sl-ar-box,265519,Normal,384.59,351.98,465.0,899.99,
2026-04-20,sl-bs-box,256141,Normal,592.54,590.0,692.5,5000.0,
2026-04-20,sl-cel-upc,245140,Normal,1052.8,1183.98,1749.0,200000.0,
2026-04-20,sl-champ-etb,218791,Normal,166.96,172.98,200.0,500.0,
2026-04-20,sl-cz-etb,453470,Normal,319.87,301.96,350.0,785.0,
2026-04-20,sl-dr-box,624679,Normal,577.95,585.0,650.0,2185.0,
2026-04-20,sl-evs-box,242436,Normal,2599.83,2590.75,3492.0,12000.0,
2026-04-20,sl-evs-etb,243721,Normal,829.82,1100.0,1625.0,3499.98,
2026-04-20,sl-fs-box,247654,Normal,990.5,984.99,1119.99,3000.0,
2026-04-20,sl-hf-etb,194729,Normal,518.04,545.0,625.72,9999.98,
2026-04-20,sl-jp-151,565243,Normal,309.65,314.22,358.94,599.99,
2026-04-20,sl-jp-terastal,603428,Normal,133.43,99.99,149.98,219.99,
2026-04-20,sl-jt-box,610931,Normal,281.21,290.0,342.48,558.43,
2026-04-20,sl-lo-box,277324,Normal,720.9,715.0,899.99,2500.0,
2026-04-20,sl-me1-box,644298,Normal,306.13,299.99,334.98,500.0,
2026-04-20,sl-obf-box,501257,Normal,369.43,375.0,399.99,1000.0,
2026-04-20,sl-pe-etb,593355,Normal,165.55,155.0,199.99,2000.0,
2026-04-20,sl-pe-spc,622770,Normal,356.19,349.88,400.0,799.0,
2026-04-20,sl-pf-etb,528040,Normal,413.5,419.0,450.0,800.0,
2026-04-20,sl-phf-box,654137,Normal,384.35,400.0,484.75,1200.0,
2026-04-20,sl-shf-etb,228821,Normal,129.52,120.0,150.0,500.11,
2026-04-20,sl-ss-box,565606,Normal,248.74,251.0,300.24,4999.99,
2026-04-20,sl-st-box,283389,Normal,460.04,454.98,550.0,9999.99,
2026-04-20,sl-tf-box,536225,Normal,293.46,299.0,336.25,500.0,
2026-04-20,sv2-185,497557,Normal,0.28,0.02,0.32,4321.0,
2026-04-20,sv2-185,497557,Reverse Holofoil,0.88,0.14,0.88,19.4,1.54
2026-04-20,sv2-254,497669,Holofoil,10.83,9.58,12.8,112.5,14.84
2026-04-20,sv2-269,497689,Holofoil,55.72,52.99,68.53,527.8,
2026-04-20,sv3pt5-151,516566,Holofoil,7.73,5.0,8.57,100.0,14.49
2026-04-20,sv3pt5-199,517045,Holofoil,436.87,375.0,460.0,1000.0,450.0
2026-04-20,sv3pt5-205,517051,Holofoil,29.13,23.0,31.62,146.0,32.26
2026-04-20,sv3pt5-4,502555,Normal,0.19,0.01,0.22,20.0,0.12
2026-04-20,sv3pt5-4,502555,Reverse Holofoil,0.33,0.01,0.35,19.78,0.39
2026-04-20,sv3pt5-6,502558,Holofoil,9.14,4.98,9.99,505.1,12.96
2026-04-20,sv3pt5-7,502548,Normal,0.25,0.01,0.25,19.98,
2026-04-20,sv3pt5-7,502548,Reverse Holofoil,0.32,0.03,0.33,50.0,
2026-04-20,sv4pt5-234,535090,Holofoil,290.03,270.0,344.99,1431.1,344.96
2026-04-20,sv4pt5-54,534416,Holofoil,4.85,3.0,5.0,60.0,7.01
2026-04-20,sv8-57,590025,Holofoil,3.92,2.99,4.49,96.95,5.72
2026-04-20,sv8pt5-149,610504,Holofoil,245.35,244.1,310.35,2000.0,
2026-04-20,sv8pt5-155,610510,Holofoil,289.88,299.99,394.99,600.23,
2026-04-20,sv8pt5-156,610511,Holofoil,397.16,374.99,465.0,800.0,499.94
2026-04-20,sv8pt5-161,610516,Holofoil,1476.14,1349.99,1638.55,5000.0,1627.08
2026-04-20,sv8pt5-167,610522,Holofoil,188.01,188.75,225.0,3009.8,224.69
2026-04-20,sv8pt5-179,610534,Holofoil,58.84,58.0,68.38,593.72,
2026-04-20,sv8pt5-28,610383,Holofoil,1.71,1.1,2.0,28.7,
2026-04-20,sv8pt5-47,610402,Normal,0.06,0.01,0.1,19.98,0.01
2026-04-20,sv8pt5-47,610402,Reverse Holofoil,0.13,0.01,0.15,19.98,0.04
2026-04-20,sv8pt5-59,610414,Holofoil,0.47,0.01,0.35,100.0,0.4
2026-04-20,sv8pt5-59,610414,Reverse Holofoil,0.36,0.05,0.41,19.99,
2026-04-20,sv8pt5-60,610415,Holofoil,5.46,4.0,6.0,500.0,
2026-04-20,svp-085,518861,Normal,899.19,960.0,1334.56,6999.93,6999.93
2026-04-20,swsh11-186,284137,Holofoil,669.03,625.0,749.95,1450.0,899.69
2026-04-20,swsh12-186,451834,Holofoil,441.06,370.0,530.7,3761.87,529.69
2026-04-20,swsh12pt5gg-GG69,478100,Holofoil,238.93,220.0,252.0,1865.69,267.42
2026-04-20,swsh35-25,223018,Normal,0.13,0.02,0.18,19.98,0.1
2026-04-20,swsh35-25,223018,Reverse Holofoil,0.31,0.1,0.31,19.98,
2026-04-20,swsh35-74,223073,Holofoil,172.49,156.99,220.0,2300.0,195.0
2026-04-20,swsh45sv-SV107,232496,Holofoil,145.01,119.25,166.48,349.95,160.0
2026-04-20,swsh7-204,246693,Holofoil,32.53,28.85,35.0,289.9,37.41
2026-04-20,swsh7-205,246696,Holofoil,341.31,339.98,397.17,537.6,339.98
2026-04-20,swsh7-208,246755,Holofoil,34.89,28.45,43.92,270.1,43.92
2026-04-20,swsh7-209,246756,Holofoil,265.92,265.92,311.13,450.0,287.99
2026-04-20,swsh7-211,246702,Holofoil,52.04,42.99,55.0,450.0,57.94
2026-04-20,swsh7-212,246704,Holofoil,360.38,397.96,425.0,4249.73,410.1
2026-04-20,swsh7-215,246723,Holofoil,1995.52,2000.99,2899.0,6000.0,2898.99
2026-04-20,swsh7-218,246733,Holofoil,776.28,549.0,1100.0,1520.07,1199.99
2026-04-20,swsh7-41,246753,Holofoil,7.38,5.0,7.47,28.99,9.66
2026-04-20,swsh7-65,246690,Holofoil,16.23,11.63,16.23,512.01,18.63
2026-04-20,swsh7-75,246701,Holofoil,15.48,13.5,16.8,141.88,24.44
2026-04-20,swsh7-8,246691,Holofoil,8.73,5.0,8.74,100.0,14.99
2026-04-20,swsh8-271,253266,Holofoil,856.22,844.99,974.5,1499.95,844.99
2026-04-20,swsh9-154,263873,Holofoil,320.98,289.99,413.99,1500.0,295.98
2026-04-21,base1-15,42355,Holofoil,148.63,109.3,176.5,1086.72,153.12
2026-04-21,base1-16,42356,Holofoil,54.11,33.86,51.5,139.99,119.99
2026-04-21,base1-2,42360,Holofoil,213.81,139.72,310.79,1585.44,
2026-04-21,base1-4,42382,Holofoil,555.88,496.33,650.65,1499.65,
2026-04-21,base1-58,42402,Normal,6.04,1.39,4.13,9999.0,
2026-04-21,cel25c-4,250320,Holofoil,199.76,172.06,218.99,4321.0,198.87
2026-04-21,gym2-2,83861,1st Edition Holofoil,852.01,2140.0,2140.0,2140.0,
2026-04-21,gym2-2,83861,Unlimited Holofoil,519.57,438.5,571.53,1499.99,539.95
2026-04-21,neo1-9,86903,1st Edition Holofoil,1299.96,1899.99,2425.0,2950.0,1899.99
2026-04-21,neo1-9,86903,Unlimited Holofoil,479.18,462.47,478.98,1000.0,
2026-04-21,sl-151-bundle,502000,Normal,194.96,185.0,208.95,2999.99,
2026-04-21,sl-151-etb,503313,Normal,632.3,569.0,699.99,3000.0,
2026-04-21,sl-151-upc,502005,Normal,1002.91,910.0,1189.37,40000.0,
2026-04-21,sl-ar-box,265519,Normal,384.67,350.96,475.0,899.99,
2026-04-21,sl-bs-box,256141,Normal,594.38,590.0,699.99,5000.0,
2026-04-21,sl-cel-upc,245140,Normal,1061.76,1184.99,1749.0,200000.0,
2026-04-21,sl-champ-etb,218791,Normal,166.96,172.98,200.0,500.0,
2026-04-21,sl-cz-etb,453470,Normal,315.55,301.96,350.0,785.0,
2026-04-21,sl-dr-box,624679,Normal,590.15,585.0,650.0,2185.0,
2026-04-21,sl-evs-box,242436,Normal,2591.91,2590.75,3485.0,12000.0,
2026-04-21,sl-evs-etb,243721,Normal,829.82,920.0,1625.0,3499.98,
2026-04-21,sl-fs-box,247654,Normal,992.02,985.0,1192.0,3000.0,
2026-04-21,sl-hf-etb,194729,Normal,520.04,544.98,625.72,9999.98,
2026-04-21,sl-jp-151,565243,Normal,310.13,321.55,399.83,599.99,
2026-04-21,sl-jp-terastal,603428,Normal,135.06,99.99,148.48,219.99,
2026-04-21,sl-jt-box,610931,Normal,281.21,290.0,347.45,558.43,
2026-04-21,sl-lo-box,277324,Normal,722.82,715.0,899.99,2500.0,
2026-04-21,sl-me1-box,644298,Normal,306.13,313.99,334.98,500.0,
2026-04-21,sl-obf-box,501257,Normal,369.43,375.0,399.99,1000.0,
2026-04-21,sl-pe-etb,593355,Normal,165.21,160.0,199.99,2000.0,
2026-04-21,sl-pe-spc,622770,Normal,356.22,358.99,401.48,799.0,
2026-04-21,sl-pf-etb,528040,Normal,413.5,419.0,450.0,800.0,
2026-04-21,sl-phf-box,654137,Normal,392.95,400.0,462.5,1200.0,
2026-04-21,sl-shf-etb,228821,Normal,129.6,120.0,150.0,500.11,
2026-04-21,sl-ss-box,565606,Normal,252.77,248.0,310.0,4999.99,
2026-04-21,sl-st-box,283389,Normal,459.28,454.98,550.0,9999.99,
2026-04-21,sl-tf-box,536225,Normal,291.95,299.0,335.0,500.0,
2026-04-21,sv2-185,497557,Normal,0.27,0.02,0.31,4321.0,
2026-04-21,sv2-185,497557,Reverse Holofoil,1.0,0.14,0.94,19.3,1.92
2026-04-21,sv2-254,497669,Holofoil,10.94,9.77,12.9,112.5,14.08
2026-04-21,sv2-269,497689,Holofoil,55.75,52.99,69.81,527.8,69.97
2026-04-21,sv3pt5-151,516566,Holofoil,7.51,5.91,8.5,100.0,11.4
2026-04-21,sv3pt5-199,517045,Holofoil,429.95,375.0,459.99,1100.0,425.0
2026-04-21,sv3pt5-205,517051,Holofoil,29.27,20.0,31.4,143.65,35.39
2026-04-21,sv3pt5-4,502555,Normal,0.19,0.01,0.22,20.0,0.11
2026-04-21,sv3pt5-4,502555,Reverse Holofoil,0.32,0.01,0.34,19.78,0.4
2026-04-21,sv3pt5-6,502558,Holofoil,9.18,4.98,9.76,505.1,11.67
2026-04-21,sv3pt5-7,502548,Normal,0.27,0.01,0.25,19.9,0.2
2026-04-21,sv3pt5-7,502548,Reverse Holofoil,0.32,0.03,0.33,50.0,0.28
2026-04-21,sv4pt5-234,535090,Holofoil,290.39,270.0,344.99,1451.95,344.96
2026-04-21,sv4pt5-54,534416,Holofoil,4.77,3.0,5.0,60.0,7.02
2026-04-21,sv8-57,590025,Holofoil,3.83,2.0,4.4,96.95,3.94
2026-04-21,sv8pt5-149,610504,Holofoil,245.35,250.0,310.35,2000.0,
2026-04-21,sv8pt5-155,610510,Holofoil,289.88,299.57,397.44,600.23,
2026-04-21,sv8pt5-156,610511,Holofoil,396.66,374.99,485.98,800.0,499.94
2026-04-21,sv8pt5-161,610516,Holofoil,1475.53,1349.99,1625.08,5000.0,1627.08
2026-04-21,sv8pt5-167,610522,Holofoil,185.0,184.85,224.85,3009.8,224.69
2026-04-21,sv8pt5-179,610534,Holofoil,58.57,58.0,69.99,593.72,
2026-04-21,sv8pt5-28,610383,Holofoil,1.86,0.99,2.0,28.7,
2026-04-21,sv8pt5-47,610402,Normal,0.05,0.01,0.1,19.98,0.01
2026-04-21,sv8pt5-47,610402,Reverse Holofoil,0.19,0.01,0.15,19.98,0.04
2026-04-21,sv8pt5-59,610414,Holofoil,0.31,0.01,0.35,100.0,
2026-04-21,sv8pt5-59,610414,Reverse Holofoil,0.35,0.1,0.41,19.99,
2026-04-21,sv8pt5-60,610415,Holofoil,5.83,4.0,6.0,500.0,
2026-04-21,svp-085,518861,Normal,899.19,950.0,1334.56,6999.93,6999.93
2026-04-21,swsh11-186,284137,Holofoil,671.03,624.99,749.95,1450.0,899.69
2026-04-21,swsh12-186,451834,Holofoil,441.06,400.0,548.5,3761.87,529.69
2026-04-21,swsh12pt5gg-GG69,478100,Holofoil,239.35,220.0,252.81,1865.69,267.39
2026-04-21,swsh35-25,223018,Normal,0.15,0.02,0.18,19.98,0.1
2026-04-21,swsh35-25,223018,Reverse Holofoil,0.33,0.1,0.32,19.98,
2026-04-21,swsh35-74,223073,Holofoil,174.18,156.99,220.0,2300.0,199.98
2026-04-21,swsh45sv-SV107,232496,Holofoil,146.25,118.86,163.14,349.95,160.0
2026-04-21,swsh7-204,246693,Holofoil,32.67,28.85,35.99,289.9,37.57
2026-04-21,swsh7-205,246696,Holofoil,341.54,337.99,396.09,537.98,339.98
2026-04-21,swsh7-208,246755,Holofoil,35.23,28.45,44.95,270.1,43.92
2026-04-21,swsh7-209,246756,Holofoil,267.43,269.0,312.14,450.0,287.99
2026-04-21,swsh7-211,246702,Holofoil,52.04,42.99,55.0,450.0,57.94
2026-04-21,swsh7-212,246704,Holofoil,360.38,397.96,425.0,4249.73,410.1
2026-04-21,swsh7-215,246723,Holofoil,2023.52,2000.99,2799.0,6000.0,2799.0
2026-04-21,swsh7-218,246733,Holofoil,776.28,549.0,1100.0,1520.07,1199.99
2026-04-21,swsh7-41,246753,Holofoil,7.19,5.0,7.55,28.99,9.66
2026-04-21,swsh7-65,246690,Holofoil,15.58,11.63,16.25,512.01,18.35
2026-04-21,swsh7-75,246701,Holofoil,15.32,12.95,16.58,141.88,19.93
2026-04-21,swsh7-8,246691,Holofoil,8.57,5.0,8.74,507.17,14.99
2026-04-21,swsh8-271,253266,Holofoil,856.22,844.99,950.0,1499.95,844.99
2026-04-21,swsh9-154,263873,Holofoil,321.34,295.98,413.99,1500.0,295.98
2026-04-22,base1-15,42355,Holofoil,148.63,109.3,181.23,1086.56,153.12
2026-04-22,base1-16,42356,Holofoil,54.31,33.86,51.5,139.99,119.99
2026-04-22,base1-2,42360,Holofoil,213.81,139.72,307.3,1585.44,
2026-04-22,base1-4,42382,Holofoil,555.88,496.33,650.0,1499.65,
2026-04-22,base1-58,42402,Normal,5.98,1.39,3.99,9999.0,
2026-04-22,cel25c-4,250320,Holofoil,199.54,179.0,219.33,4321.0,204.99
2026-04-22,gym2-2,83861,1st Edition Holofoil,894.61,2140.0,2140.0,2140.0,
2026-04-22,gym2-2,83861,Unlimited Holofoil,519.57,438.5,571.53,1499.99,539.95
2026-04-22,neo1-9,86903,1st Edition Holofoil,1299.96,1899.99,2425.0,2950.0,1899.99
2026-04-22,neo1-9,86903,Unlimited Holofoil,479.18,462.47,494.0,1000.0,
2026-04-22,sl-151-bundle,502000,Normal,192.46,185.0,209.47,2999.99,
2026-04-22,sl-151-etb,503313,Normal,629.54,555.0,700.0,3000.0,
2026-04-22,sl-151-upc,502005,Normal,995.71,899.98,1199.99,40000.0,
2026-04-22,sl-ar-box,265519,Normal,376.54,330.0,480.5,899.99,
2026-04-22,sl-bs-box,256141,Normal,593.98,590.0,692.5,5000.0,
2026-04-22,sl-cel-upc,245140,Normal,1061.76,1184.99,1488.88,200000.0,
2026-04-22,sl-champ-etb,218791,Normal,166.96,169.96,200.0,500.0,
2026-04-22,sl-cz-etb,453470,Normal,306.68,301.96,350.0,785.0,
2026-04-22,sl-dr-box,624679,Normal,585.75,585.0,650.0,2185.0,
2026-04-22,sl-evs-box,242436,Normal,2509.32,2592.73,3492.0,12000.0,
2026-04-22,sl-evs-etb,243721,Normal,835.62,1100.0,1799.99,3499.98,
2026-04-22,sl-fs-box,247654,Normal,991.74,980.0,1152.5,3000.0,
2026-04-22,sl-hf-etb,194729,Normal,520.04,544.98,625.72,9999.98,
2026-04-22,sl-jp-151,565243,Normal,313.35,321.55,400.0,599.99,
2026-04-22,sl-jp-terastal,603428,Normal,136.34,99.99,150.0,229.99,
2026-04-22,sl-jt-box,610931,Normal,282.4,290.0,364.95,558.43,
2026-04-22,sl-lo-box,277324,Normal,723.38,715.0,896.49,2500.0,
2026-04-22,sl-me1-box,644298,Normal,306.13,313.99,334.98,500.0,
2026-04-22,sl-obf-box,501257,Normal,372.05,375.0,399.99,1000.0,
2026-04-22,sl-pe-etb,593355,Normal,163.6,160.0,199.99,2000.0,
2026-04-22,sl-pe-spc,622770,Normal,362.58,360.0,409.99,799.0,
2026-04-22,sl-pf-etb,528040,Normal,414.3,419.0,450.0,800.0,
2026-04-22,sl-phf-box,654137,Normal,398.76,392.17,450.0,1200.0,
2026-04-22,sl-shf-etb,228821,Normal,129.4,123.0,150.0,500.11,
2026-04-22,sl-ss-box,565606,Normal,242.15,200.0,305.12,4999.99,
2026-04-22,sl-st-box,283389,Normal,459.28,445.0,549.99,9999.99,
2026-04-22,sl-tf-box,536225,Normal,291.95,299.0,338.74,500.0,
2026-04-22,sv2-185,497557,Normal,0.25,0.02,0.31,4321.0,0.27
2026-04-22,sv2-185,497557,Reverse Holofoil,0.94,0.14,0.94,19.14,1.54
2026-04-22,sv2-254,497669,Holofoil,10.76,9.62,12.93,112.5,13.98
2026-04-22,sv2-269,497689,Holofoil,55.77,50.0,69.71,527.68,57.97
2026-04-22,sv3pt5-151,516566,Holofoil,7.81,5.91,8.57,100.0,9.84
2026-04-22,sv3pt5-199,517045,Holofoil,430.08,370.0,460.0,1000.0,460.0
2026-04-22,sv3pt5-205,517051,Holofoil,29.37,23.0,31.75,147.25,29.59
2026-04-22,sv3pt5-4,502555,Normal,0.19,0.01,0.22,20.0,0.12
2026-04-22,sv3pt5-4,502555,Reverse Holofoil,0.3,0.01,0.34,19.78,0.3
2026-04-22,sv3pt5-6,502558,Holofoil,9.43,4.98,9.97,505.1,11.12
2026-04-22,sv3pt5-7,502548,Normal,0.23,0.01,0.24,19.74,0.15
2026-04-22,sv3pt5-7,502548,Reverse Holofoil,0.31,0.03,0.33,50.0,0.28
2026-04-22,sv4pt5-234,535090,Holofoil,288.09,279.99,344.99,1444.3,344.94
2026-04-22,sv4pt5-54,534416,Holofoil,4.64,3.0,4.99,60.0,4.98
2026-04-22,sv8-57,590025,Holofoil,4.04,2.99,4.49,96.95,5.69
2026-04-22,sv8pt5-149,610504,Holofoil,245.35,245.35,300.35,2000.0,
2026-04-22,sv8pt5-155,610510,Holofoil,289.88,290.0,386.39,999.0,
2026-04-22,sv8pt5-156,610511,Holofoil,397.84,385.0,491.97,999.0,499.94
2026-04-22,sv8pt5-161,610516,Holofoil,1469.62,1349.99,1600.0,5000.0,
2026-04-22,sv8pt5-167,610522,Holofoil,186.21,155.0,219.99,3009.8,224.69
2026-04-22,sv8pt5-179,610534,Holofoil,59.68,57.38,70.55,999.0,
2026-04-22,sv8pt5-28,610383,Holofoil,1.99,0.99,2.0,999.0,
2026-04-22,sv8pt5-47,610402,Normal,0.06,0.01,0.1,999.0,0.01
2026-04-22,sv8pt5-47,610402,Reverse Holofoil,0.18,0.01,0.18,999.0,0.04
2026-04-22,sv8pt5-59,610414,Holofoil,0.49,0.01,0.36,999.0,0.26
2026-04-22,sv8pt5-59,610414,Reverse Holofoil,0.37,0.1,0.41,999.0,
2026-04-22,sv8pt5-60,610415,Holofoil,5.88,4.0,6.0,999.0,6.29
2026-04-22,svp-085,518861,Normal,908.99,950.0,1334.56,6999.93,6999.93
2026-04-22,swsh11-186,284137,Holofoil,671.03,624.99,749.95,1450.0,799.99
2026-04-22,swsh12-186,451834,Holofoil,441.06,400.0,529.69,3761.87,529.69
2026-04-22,swsh12pt5gg-GG69,478100,Holofoil,239.6,180.77,252.0,1865.69,267.36
2026-04-22,swsh35-25,223018,Normal,0.15,0.02,0.18,19.98,0.1
2026-04-22,swsh35-25,223018,Reverse Holofoil,0.33,0.1,0.33,19.98,
2026-04-22,swsh35-74,223073,Holofoil,174.18,156.99,220.0,2300.0,199.98
2026-04-22,swsh45sv-SV107,232496,Holofoil,146.25,118.86,160.0,349.95,160.0
2026-04-22,swsh7-204,246693,Holofoil,32.67,28.85,35.06,289.9,37.57
2026-04-22,swsh7-205,246696,Holofoil,343.08,337.99,397.3,537.98,339.98
2026-04-22,swsh7-208,246755,Holofoil,35.23,28.45,45.0,270.1,49.37
2026-04-22,swsh7-209,246756,Holofoil,269.43,269.0,316.62,450.0,287.99
2026-04-22,swsh7-211,246702,Holofoil,52.04,42.99,55.0,450.0,57.94
2026-04-22,swsh7-212,246704,Holofoil,360.38,397.96,425.0,4249.73,410.1
2026-04-22,swsh7-215,246723,Holofoil,2023.52,2000.99,2799.0,6000.0,2799.0
2026-04-22,swsh7-218,246733,Holofoil,776.28,699.99,1050.0,1520.07,1199.69
2026-04-22,swsh7-41,246753,Holofoil,7.2,5.0,7.55,28.99,8.19
2026-04-22,swsh7-65,246690,Holofoil,15.54,11.63,16.32,512.01,19.99
2026-04-22,swsh7-75,246701,Holofoil,15.37,13.5,16.97,141.88,22.72
2026-04-22,swsh7-8,246691,Holofoil,8.47,5.0,8.73,507.17,14.99
2026-04-22,swsh8-271,253266,Holofoil,856.22,844.99,949.98,1499.95,844.99
2026-04-22,swsh9-154,263873,Holofoil,321.34,295.99,413.99,1500.0,295.99
2026-04-23,base1-15,42355,Holofoil,148.63,109.3,181.23,1086.52,153.12
2026-04-23,base1-16,42356,Holofoil,54.31,33.86,51.5,139.99,119.99
2026-04-23,base1-2,42360,Holofoil,213.79,139.72,275.0,1585.42,199.99
2026-04-23,base1-4,42382,Holofoil,555.88,496.33,650.0,1499.65,
2026-04-23,base1-58,42402,Normal,5.72,1.39,4.0,9999.0,
2026-04-23,cel25c-4,250320,Holofoil,200.21,179.0,219.33,4321.0,217.96
2026-04-23,gym2-2,83861,1st Edition Holofoil,894.61,2140.0,2140.0,2140.0,
2026-04-23,gym2-2,83861,Unlimited Holofoil,519.57,438.5,571.53,1499.99,539.95
2026-04-23,neo1-9,86903,1st Edition Holofoil,1299.96,1899.99,2425.0,2950.0,1899.99
2026-04-23,neo1-9,86903,Unlimited Holofoil,479.18,360.0,462.49,899.2,
2026-04-23,sl-151-bundle,502000,Normal,191.82,185.0,200.0,2999.99,
2026-04-23,sl-151-etb,503313,Normal,619.63,568.0,700.0,3000.0,
2026-04-23,sl-151-upc,502005,Normal,985.11,909.99,1178.75,40000.0,
2026-04-23,sl-ar-box,265519,Normal,370.81,383.99,485.0,899.99,
2026-04-23,sl-bs-box,256141,Normal,594.58,590.0,692.5,5000.0,
2026-04-23,sl-cel-upc,245140,Normal,1061.76,1174.99,1488.88,200000.0,
2026-04-23,sl-champ-etb,218791,Normal,166.96,169.96,200.0,500.0,
2026-04-23,sl-cz-etb,453470,Normal,307.33,300.0,350.0,785.0,
2026-04-23,sl-dr-box,624679,Normal,584.75,599.0,671.03,2185.0,
2026-04-23,sl-evs-box,242436,Normal,2525.91,2689.75,3482.5,12000.0,
2026-04-23,sl-evs-etb,243721,Normal,835.62,1100.0,1799.99,3499.98,
2026-04-23,sl-fs-box,247654,Normal,991.74,980.0,1185.0,3000.0,
2026-04-23,sl-hf-etb,194729,Normal,526.12,534.98,601.44,9999.98,
2026-04-23,sl-jp-151,565243,Normal,314.32,321.55,399.99,599.99,
2026-04-23,sl-jp-terastal,603428,Normal,136.1,99.99,150.0,229.99,
2026-04-23,sl-jt-box,610931,Normal,283.26,290.0,364.95,558.43,
2026-04-23,sl-lo-box,277324,Normal,723.38,720.0,899.99,2500.0,
2026-04-23,sl-me1-box,644298,Normal,307.21,313.95,334.98,500.0,
2026-04-23,sl-obf-box,501257,Normal,373.15,373.95,399.99,1000.0,
2026-04-23,sl-pe-etb,593355,Normal,166.97,160.0,199.99,2000.0,
2026-04-23,sl-pe-spc,622770,Normal,363.1,352.99,406.47,799.0,
2026-04-23,sl-pf-etb,528040,Normal,414.9,409.94,457.5,800.0,
2026-04-23,sl-phf-box,654137,Normal,394.29,391.62,450.0,1200.0,
2026-04-23,sl-shf-etb,228821,Normal,130.0,123.0,150.0,500.11,
2026-04-23,sl-ss-box,565606,Normal,228.61,245.0,313.0,4999.99,
2026-04-23,sl-st-box,283389,Normal,459.28,445.0,549.99,9999.99,
2026-04-23,sl-tf-box,536225,Normal,292.47,299.0,338.74,500.0,
2026-04-23,sv2-185,497557,Normal,0.26,0.02,0.31,4321.0,0.13
2026-04-23,sv2-185,497557,Reverse Holofoil,0.87,0.18,0.89,19.1,1.54
2026-04-23,sv2-254,497669,Holofoil,10.7,9.0,12.97,112.48,10.61
2026-04-23,sv2-269,497689,Holofoil,56.6,52.99,69.96,527.64,64.15
2026-04-23,sv3pt5-151,516566,Holofoil,7.89,5.91,8.92,100.0,7.63
2026-04-23,sv3pt5-199,517045,Holofoil,425.61,396.63,475.38,1000.0,514.92
2026-04-23,sv3pt5-205,517051,Holofoil,28.67,23.0,31.27,145.95,29.57
2026-04-23,sv3pt5-4,502555,Normal,0.19,0.01,0.22,20.0,0.1
2026-04-23,sv3pt5-4,502555,Reverse Holofoil,0.28,0.01,0.33,19.76,0.19
2026-04-23,sv3pt5-6,502558,Holofoil,9.09,4.98,9.85,505.1,9.31
2026-04-23,sv3pt5-7,502548,Normal,0.27,0.01,0.25,19.7,0.14
2026-04-23,sv3pt5-7,502548,Reverse Holofoil,0.31,0.03,0.33,50.0,0.19
2026-04-23,sv4pt5-234,535090,Holofoil,294.24,279.99,345.0,1442.5,339.98
2026-04-23,sv4pt5-54,534416,Holofoil,4.41,3.0,4.95,60.0,4.44
2026-04-23,sv8-57,590025,Holofoil,3.84,3.0,4.49,96.95,3.89
2026-04-23,sv8pt5-149,610504,Holofoil,247.08,245.35,300.69,2000.0,
2026-04-23,sv8pt5-155,610510,Holofoil,289.88,289.97,378.54,999.0,
2026-04-23,sv8pt5-156,610511,Holofoil,397.84,385.0,494.38,999.0,499.9
2026-04-23,sv8pt5-161,610516,Holofoil,1471.16,1349.99,1600.0,5000.0,
2026-04-23,sv8pt5-167,610522,Holofoil,185.89,155.0,222.34,3009.8,224.68
2026-04-23,sv8pt5-179,610534,Holofoil,58.56,57.38,70.29,999.0,
2026-04-23,sv8pt5-28,610383,Holofoil,2.07,0.75,2.09,999.0,
2026-04-23,sv8pt5-47,610402,Normal,0.06,0.01,0.1,999.0,0.01
2026-04-23,sv8pt5-47,610402,Reverse Holofoil,0.2,0.01,0.18,999.0,0.04
2026-04-23,sv8pt5-59,610414,Holofoil,0.36,0.01,0.37,999.0,0.4
2026-04-23,sv8pt5-59,610414,Reverse Holofoil,0.39,0.1,0.41,999.0,0.28
2026-04-23,sv8pt5-60,610415,Holofoil,5.7,4.0,6.0,999.0,5.68
2026-04-23,svp-085,518861,Normal,916.59,945.69,1100.0,6999.93,6999.93
2026-04-23,swsh11-186,284137,Holofoil,664.03,625.0,749.98,1450.0,799.99
2026-04-23,swsh12-186,451834,Holofoil,442.67,400.0,527.17,3761.87,529.69
2026-04-23,swsh12pt5gg-GG69,478100,Holofoil,240.27,180.77,252.28,1865.69,267.33
2026-04-23,swsh35-25,223018,Normal,0.14,0.02,0.18,19.98,0.1
2026-04-23,swsh35-25,223018,Reverse Holofoil,0.33,0.1,0.33,19.98,
2026-04-23,swsh35-74,223073,Holofoil,174.18,156.99,219.84,2300.0,199.97
2026-04-23,swsh45sv-SV107,232496,Holofoil,144.98,119.25,161.53,349.95,167.98
2026-04-23,swsh7-204,246693,Holofoil,32.67,28.85,35.0,289.9,37.57
2026-04-23,swsh7-205,246696,Holofoil,343.08,337.99,395.0,540.38,339.98
2026-04-23,swsh7-208,246755,Holofoil,35.23,28.45,45.84,270.1,45.83
2026-04-23,swsh7-209,246756,Holofoil,269.43,269.0,317.79,450.0,287.99
2026-04-23,swsh7-211,246702,Holofoil,52.08,42.99,56.47,450.0,57.94
2026-04-23,swsh7-212,246704,Holofoil,360.38,397.96,437.5,4249.73,410.1
2026-04-23,swsh7-215,246723,Holofoil,2023.52,2000.99,2799.0,6000.0,2799.0
2026-04-23,swsh7-218,246733,Holofoil,787.94,699.99,1149.99,1520.07,1199.69
2026-04-23,swsh7-41,246753,Holofoil,7.19,5.0,7.77,28.99,7.99
2026-04-23,swsh7-65,246690,Holofoil,15.43,11.63,16.21,512.01,19.99
2026-04-23,swsh7-75,246701,Holofoil,15.48,13.5,17.16,141.88,24.44
2026-04-23,swsh7-8,246691,Holofoil,8.52,5.01,8.76,507.17,7.17
2026-04-23,swsh8-271,253266,Holofoil,858.62,844.99,974.5,1499.95,844.99
2026-04-23,swsh9-154,263873,Holofoil,324.43,295.99,438.38,1500.0,295.99
2026-04-24,base1-15,42355,Holofoil,148.63,109.3,181.23,1086.42,153.12
2026-04-24,base1-16,42356,Holofoil,54.31,33.86,48.84,139.99,119.99
2026-04-24,base1-2,42360,Holofoil,213.79,139.72,221.56,1585.32,199.98
2026-04-24,base1-4,42382,Holofoil,555.88,496.33,650.65,1499.65,
2026-04-24,base1-58,42402,Normal,5.15,1.39,4.3,9999.0,
2026-04-24,cel25c-4,250320,Holofoil,199.4,144.07,218.99,4321.0,216.0
2026-04-24,gym2-2,83861,1st Edition Holofoil,894.61,2140.0,2140.0,2140.0,
2026-04-24,gym2-2,83861,Unlimited Holofoil,519.57,438.5,571.53,1499.99,539.95
2026-04-24,neo1-9,86903,1st Edition Holofoil,1299.96,1899.99,2425.0,2950.0,1899.99
2026-04-24,neo1-9,86903,Unlimited Holofoil,479.18,462.47,497.0,899.2,
2026-04-24,sl-151-bundle,502000,Normal,191.62,180.0,200.0,10000.0,
2026-04-24,sl-151-etb,503313,Normal,608.47,625.0,721.99,3000.0,
2026-04-24,sl-151-upc,502005,Normal,972.78,909.99,1164.38,40000.0,
2026-04-24,sl-ar-box,265519,Normal,370.69,383.99,485.0,899.99,
2026-04-24,sl-bs-box,256141,Normal,594.54,590.0,699.99,5000.0,
2026-04-24,sl-cel-upc,245140,Normal,1061.76,1174.99,1444.44,200000.0,
2026-04-24,sl-champ-etb,218791,Normal,167.24,169.96,200.0,500.0,
2026-04-24,sl-cz-etb,453470,Normal,306.53,308.99,350.0,785.0,
2026-04-24,sl-dr-box,624679,Normal,585.22,599.99,651.03,2185.0,
2026-04-24,sl-evs-box,242436,Normal,2525.91,2689.75,3480.0,12000.0,
2026-04-24,sl-evs-etb,243721,Normal,835.62,1100.0,1799.99,3499.98,
2026-04-24,sl-fs-box,247654,Normal,991.74,975.0,1110.0,3000.0,
2026-04-24,sl-hf-etb,194729,Normal,526.12,534.98,601.44,9999.98,
2026-04-24,sl-jp-151,565243,Normal,314.32,318.0,400.0,599.99,
2026-04-24,sl-jp-terastal,603428,Normal,136.02,99.99,148.5,229.99,
2026-04-24,sl-jt-box,610931,Normal,283.26,290.0,382.47,558.43,
2026-04-24,sl-lo-box,277324,Normal,723.38,720.0,899.99,2500.0,
2026-04-24,sl-me1-box,644298,Normal,314.06,313.95,339.49,500.0,
2026-04-24,sl-obf-box,501257,Normal,373.15,364.0,399.98,1000.0,
2026-04-24,sl-pe-etb,593355,Normal,163.49,158.0,200.0,2000.0,
2026-04-24,sl-pe-spc,622770,Normal,363.93,357.81,400.0,799.0,
2026-04-24,sl-pf-etb,528040,Normal,415.3,409.94,450.0,800.0,
2026-04-24,sl-phf-box,654137,Normal,403.63,400.0,484.75,1200.0,
2026-04-24,sl-shf-etb,228821,Normal,129.59,123.0,150.0,500.11,
2026-04-24,sl-ss-box,565606,Normal,237.16,245.0,300.0,4999.99,
2026-04-24,sl-st-box,283389,Normal,459.28,435.0,525.0,9999.99,
2026-04-24,sl-tf-box,536225,Normal,294.83,312.0,339.98,500.0,
2026-04-24,sv2-185,497557,Normal,0.26,0.02,0.31,4321.0,0.13
2026-04-24,sv2-185,497557,Reverse Holofoil,0.87,0.18,0.88,19.0,1.54
2026-04-24,sv2-254,497669,Holofoil,10.57,9.0,12.91,112.44,13.93
2026-04-24,sv2-269,497689,Holofoil,56.56,52.99,70.38,527.54,67.98
2026-04-24,sv3pt5-151,516566,Holofoil,8.36,5.91,8.92,100.0,14.48
2026-04-24,sv3pt5-199,517045,Holofoil,433.99,387.63,470.0,1000.0,487.0
2026-04-24,sv3pt5-205,517051,Holofoil,28.59,21.92,31.0,142.55,21.92
2026-04-24,sv3pt5-4,502555,Normal,0.17,0.01,0.21,20.0,0.1
2026-04-24,sv3pt5-4,502555,Reverse Holofoil,0.31,0.01,0.34,19.66,0.2
2026-04-24,sv3pt5-6,502558,Holofoil,9.03,4.98,9.99,505.1,10.0
2026-04-24,sv3pt5-7,502548,Normal,0.25,0.01,0.25,19.7,0.14
2026-04-24,sv3pt5-7,502548,Reverse Holofoil,0.38,0.03,0.35,50.0,0.19
2026-04-24,sv4pt5-234,535090,Holofoil,303.46,279.99,349.49,1480.55,339.98
2026-04-24,sv4pt5-54,534416,Holofoil,4.16,3.0,4.88,60.0,4.44
2026-04-24,sv8-57,590025,Holofoil,4.43,3.0,4.53,96.95,5.94
2026-04-24,sv8pt5-149,610504,Holofoil,251.71,299.98,320.0,2000.0,
2026-04-24,sv8pt5-155,610510,Holofoil,292.58,280.0,369.99,999.0,
2026-04-24,sv8pt5-156,610511,Holofoil,396.9,385.0,491.97,999.0,499.9
2026-04-24,sv8pt5-161,610516,Holofoil,1471.16,1349.99,1550.0,5000.0,
2026-04-24,sv8pt5-167,610522,Holofoil,184.49,155.0,224.58,3009.8,223.69
2026-04-24,sv8pt5-179,610534,Holofoil,58.61,57.38,70.13,999.0,
2026-04-24,sv8pt5-28,610383,Holofoil,2.03,0.75,2.08,999.0,
2026-04-24,sv8pt5-47,610402,Normal,0.05,0.01,0.1,999.0,0.01
2026-04-24,sv8pt5-47,610402,Reverse Holofoil,0.2,0.01,0.2,999.0,0.01
2026-04-24,sv8pt5-59,610414,Holofoil,0.3,0.01,0.35,999.0,0.4
2026-04-24,sv8pt5-59,610414,Reverse Holofoil,0.38,0.1,0.42,999.0,0.15
2026-04-24,sv8pt5-60,610415,Holofoil,5.65,4.0,6.0,999.0,7.0
2026-04-24,svp-085,518861,Normal,922.5,945.69,1050.0,6999.93,6999.93
2026-04-24,swsh11-186,284137,Holofoil,664.03,625.0,749.98,1450.0,799.99
2026-04-24,swsh12-186,451834,Holofoil,442.67,400.0,527.17,3761.87,476.99
2026-04-24,swsh12pt5gg-GG69,478100,Holofoil,240.27,207.17,253.8,1865.69,267.3
2026-04-24,swsh35-25,223018,Normal,0.14,0.02,0.18,19.98,0.1
2026-04-24,swsh35-25,223018,Reverse Holofoil,0.33,0.1,0.33,19.98,
2026-04-24,swsh35-74,223073,Holofoil,174.18,156.99,219.84,2300.0,199.97
2026-04-24,swsh45sv-SV107,232496,Holofoil,147.7,119.25,168.35,349.95,168.35
2026-04-24,swsh7-204,246693,Holofoil,32.73,28.85,35.06,289.9,37.64
2026-04-24,swsh7-205,246696,Holofoil,343.08,337.99,395.0,540.38,339.98
2026-04-24,swsh7-208,246755,Holofoil,35.23,28.45,45.84,270.1,44.99
2026-04-24,swsh7-209,246756,Holofoil,269.43,269.0,315.23,419.79,238.26
2026-04-24,swsh7-211,246702,Holofoil,52.08,42.99,56.15,450.0,57.94
2026-04-24,swsh7-212,246704,Holofoil,360.38,397.96,425.0,4249.73,410.1
2026-04-24,swsh7-215,246723,Holofoil,2031.51,2000.99,2605.13,6000.0,2299.99
2026-04-24,swsh7-218,246733,Holofoil,787.94,699.99,1149.99,1520.07,1199.65
2026-04-24,swsh7-41,246753,Holofoil,6.86,5.0,7.74,28.99,8.19
2026-04-24,swsh7-65,246690,Holofoil,15.48,11.63,16.22,512.01,18.99
2026-04-24,swsh7-75,246701,Holofoil,15.56,12.9,17.46,141.88,24.25
2026-04-24,swsh7-8,246691,Holofoil,7.81,5.01,8.77,507.17,9.97
2026-04-24,swsh8-271,253266,Holofoil,858.62,853.38,999.0,1499.95,944.86
2026-04-24,swsh9-154,263873,Holofoil,324.43,300.0,427.98,1500.0,303.99
2026-04-25,base1-15,42355,Holofoil,148.63,109.3,181.23,1086.4,153.12
2026-04-25,base1-16,42356,Holofoil,54.31,32.2,49.0,139.99,119.99
2026-04-25,base1-2,42360,Holofoil,206.87,139.72,219.29,1585.3,199.98
2026-04-25,base1-4,42382,Holofoil,555.88,496.33,650.65,1499.65,
2026-04-25,base1-58,42402,Normal,5.15,1.39,4.54,9999.0,1.59
2026-04-25,cel25c-4,250320,Holofoil,199.4,179.0,218.99,4321.0,217.96
2026-04-25,gym2-2,83861,1st Edition Holofoil,894.61,2140.0,2140.0,2140.0,
2026-04-25,gym2-2,83861,Unlimited Holofoil,519.57,438.5,571.53,1499.99,539.95
2026-04-25,neo1-9,86903,1st Edition Holofoil,1299.96,1899.99,2425.0,2950.0,1899.99
2026-04-25,neo1-9,86903,Unlimited Holofoil,479.18,462.47,500.0,899.2,
2026-04-25,sl-151-bundle,502000,Normal,192.5,185.0,200.0,10000.0,
2026-04-25,sl-151-etb,503313,Normal,606.51,649.0,721.99,1299.99,
2026-04-25,sl-151-upc,502005,Normal,965.78,949.95,1178.75,40000.0,
2026-04-25,sl-ar-box,265519,Normal,370.89,394.95,484.99,899.99,
2026-04-25,sl-bs-box,256141,Normal,595.69,590.0,692.5,5000.0,
2026-04-25,sl-cel-upc,245140,Normal,1077.25,1184.99,1444.44,200000.0,
2026-04-25,sl-champ-etb,218791,Normal,167.92,169.96,200.0,500.0,
2026-04-25,sl-cz-etb,453470,Normal,303.73,308.99,350.0,785.0,
2026-04-25,sl-dr-box,624679,Normal,586.22,599.99,653.93,2185.0,
2026-04-25,sl-evs-box,242436,Normal,2525.91,2688.99,3389.99,12000.0,
2026-04-25,sl-evs-etb,243721,Normal,835.62,1099.99,1350.0,3499.98,
2026-04-25,sl-fs-box,247654,Normal,993.06,975.0,1110.0,3000.0,
2026-04-25,sl-hf-etb,194729,Normal,528.12,524.99,600.0,9999.98,
2026-04-25,sl-jp-151,565243,Normal,321.28,338.0,447.99,599.99,
2026-04-25,sl-jp-terastal,603428,Normal,135.62,99.99,145.99,229.99,
2026-04-25,sl-jt-box,610931,Normal,283.26,290.0,364.95,558.43,
2026-04-25,sl-lo-box,277324,Normal,723.38,719.98,896.49,2500.0,
2026-04-25,sl-me1-box,644298,Normal,310.26,313.95,337.24,500.0,
2026-04-25,sl-obf-box,501257,Normal,373.63,364.0,399.98,1000.0,
2026-04-25,sl-pe-etb,593355,Normal,168.08,160.0,200.0,2000.0,
2026-04-25,sl-pe-spc,622770,Normal,358.22,329.99,400.0,799.0,
2026-04-25,sl-pf-etb,528040,Normal,415.3,409.94,450.0,800.0,
2026-04-25,sl-phf-box,654137,Normal,398.24,400.0,462.5,1200.0,
2026-04-25,sl-shf-etb,228821,Normal,129.06,130.0,162.5,500.11,
2026-04-25,sl-ss-box,565606,Normal,249.39,238.39,300.0,4999.99,
2026-04-25,sl-st-box,283389,Normal,456.1,445.0,500.0,9999.99,
2026-04-25,sl-tf-box,536225,Normal,294.83,311.0,337.49,500.0,
2026-04-25,sv2-185,497557,Normal,0.27,0.02,0.31,4321.0,0.13
2026-04-25,sv2-185,497557,Reverse Holofoil,0.86,0.17,0.88,18.98,1.54
2026-04-25,sv2-254,497669,Holofoil,10.64,9.17,12.94,112.42,11.1
2026-04-25,sv2-269,497689,Holofoil,56.55,51.01,70.0,527.52,67.98
2026-04-25,sv3pt5-151,516566,Holofoil,8.42,5.77,8.95,100.0,12.82
2026-04-25,sv3pt5-199,517045,Holofoil,421.47,379.99,472.5,1000.0,453.98
2026-04-25,sv3pt5-205,517051,Holofoil,28.12,23.0,30.92,143.8,29.57
2026-04-25,sv3pt5-4,502555,Normal,0.15,0.01,0.2,20.0,0.06
2026-04-25,sv3pt5-4,502555,Reverse Holofoil,0.33,0.01,0.34,19.64,0.2
2026-04-25,sv3pt5-6,502558,Holofoil,8.9,4.98,10.0,505.1,13.8
2026-04-25,sv3pt5-7,502548,Normal,0.25,0.01,0.25,19.7,0.05
2026-04-25,sv3pt5-7,502548,Reverse Holofoil,0.39,0.03,0.35,50.0,0.19
2026-04-25,sv4pt5-234,535090,Holofoil,302.92,279.99,349.98,1514.6,344.94
2026-04-25,sv4pt5-54,534416,Holofoil,4.27,3.35,5.0,60.0,5.0
2026-04-25,sv8-57,590025,Holofoil,4.46,3.0,4.58,96.95,5.04
2026-04-25,sv8pt5-149,610504,Holofoil,254.52,299.98,410.99,2000.0,
2026-04-25,sv8pt5-155,610510,Holofoil,293.66,289.88,370.34,999.0,
2026-04-25,sv8pt5-156,610511,Holofoil,401.73,385.0,479.99,999.0,499.9
2026-04-25,sv8pt5-161,610516,Holofoil,1466.72,1399.98,1575.0,5000.0,
2026-04-25,sv8pt5-167,610522,Holofoil,184.67,155.0,224.58,3009.8,224.48
2026-04-25,sv8pt5-179,610534,Holofoil,58.73,57.38,69.99,999.0,
2026-04-25,sv8pt5-28,610383,Holofoil,1.78,0.75,2.06,999.0,
2026-04-25,sv8pt5-47,610402,Normal,0.05,0.01,0.1,999.0,0.01
2026-04-25,sv8pt5-47,610402,Reverse Holofoil,0.2,0.01,0.2,999.0,0.01
2026-04-25,sv8pt5-59,610414,Holofoil,0.35,0.01,0.35,999.0,0.45
2026-04-25,sv8pt5-59,610414,Reverse Holofoil,0.39,0.1,0.41,999.0,0.39
2026-04-25,sv8pt5-60,610415,Holofoil,6.48,4.0,6.19,999.0,9.81
2026-04-25,svp-085,518861,Normal,922.5,945.69,1050.0,6999.93,6999.93
2026-04-25,swsh11-186,284137,Holofoil,662.91,625.0,750.0,1450.0,799.99
2026-04-25,swsh12-186,451834,Holofoil,444.83,400.0,521.28,3761.87,476.99
2026-04-25,swsh12pt5gg-GG69,478100,Holofoil,240.27,193.76,260.56,1865.69,267.27
2026-04-25,swsh35-25,223018,Normal,0.16,0.02,0.19,19.98,0.1
2026-04-25,swsh35-25,223018,Reverse Holofoil,0.32,0.1,0.32,19.98,
2026-04-25,swsh35-74,223073,Holofoil,176.78,156.99,219.69,2300.0,199.97
2026-04-25,swsh45sv-SV107,232496,Holofoil,147.17,119.25,173.25,349.95,179.7
2026-04-25,swsh7-204,246693,Holofoil,32.73,28.85,35.18,289.9,37.64
2026-04-25,swsh7-205,246696,Holofoil,344.85,337.99,395.87,543.15,339.98
2026-04-25,swsh7-208,246755,Holofoil,35.23,28.45,45.41,270.1,44.99
2026-04-25,swsh7-209,246756,Holofoil,269.43,238.26,311.09,419.79,238.26
2026-04-25,swsh7-211,246702,Holofoil,52.08,39.99,55.0,450.0,57.94
2026-04-25,swsh7-212,246704,Holofoil,364.18,397.96,437.49,4249.73,410.1
2026-04-25,swsh7-215,246723,Holofoil,2031.51,2000.99,2549.66,6000.0,2299.99
2026-04-25,swsh7-218,246733,Holofoil,799.8,699.99,1199.67,1520.07,1199.65
2026-04-25,swsh7-41,246753,Holofoil,6.87,5.17,7.49,28.99,8.19
2026-04-25,swsh7-65,246690,Holofoil,14.96,11.63,16.24,512.01,18.99
2026-04-25,swsh7-75,246701,Holofoil,16.29,12.64,17.49,141.86,12.64
2026-04-25,swsh7-8,246691,Holofoil,8.18,5.01,8.73,507.17,10.0
2026-04-25,swsh8-271,253266,Holofoil,863.32,853.38,974.5,1499.95,920.0
2026-04-25,swsh9-154,263873,Holofoil,324.43,303.99,427.98,1500.0,303.99
2026-04-26,base1-15,42355,Holofoil,150.45,109.3,181.23,1086.4,154.96
2026-04-26,base1-16,42356,Holofoil,54.25,32.2,49.0,139.99,62.99
2026-04-26,base1-2,42360,Holofoil,206.87,139.72,216.0,1585.3,199.98
2026-04-26,base1-4,42382,Holofoil,555.88,496.33,650.65,1499.65,
2026-04-26,base1-58,42402,Normal,5.17,1.39,4.29,9999.0,
2026-04-26,cel25c-4,250320,Holofoil,198.6,179.0,218.99,4321.0,217.98
2026-04-26,gym2-2,83861,1st Edition Holofoil,894.61,2140.0,2140.0,2140.0,
2026-04-26,gym2-2,83861,Unlimited Holofoil,519.57,438.5,571.53,1499.99,539.95
2026-04-26,neo1-9,86903,1st Edition Holofoil,1299.96,1899.99,2425.0,2950.0,1899.99
2026-04-26,neo1-9,86903,Unlimited Holofoil,479.18,462.47,500.0,899.2,
2026-04-26,sl-151-bundle,502000,Normal,192.23,185.0,200.0,10000.0,
2026-04-26,sl-151-etb,503313,Normal,607.39,649.0,721.99,1299.99,
2026-04-26,sl-151-upc,502005,Normal,958.1,949.95,1189.37,40000.0,
2026-04-26,sl-ar-box,265519,Normal,370.89,394.95,484.99,899.99,
2026-04-26,sl-bs-box,256141,Normal,595.65,590.0,692.5,5000.0,
2026-04-26,sl-cel-upc,245140,Normal,1093.53,1184.99,1488.88,200000.0,
2026-04-26,sl-champ-etb,218791,Normal,167.92,169.96,200.0,500.0,
2026-04-26,sl-cz-etb,453470,Normal,296.98,308.99,350.0,785.0,
2026-04-26,sl-dr-box,624679,Normal,582.1,599.99,654.31,2185.0,
2026-04-26,sl-evs-box,242436,Normal,2532.44,2689.0,3394.99,12000.0,
2026-04-26,sl-evs-etb,243721,Normal,835.62,1099.99,1350.0,3499.98,
2026-04-26,sl-fs-box,247654,Normal,993.06,975.0,1110.0,3000.0,
2026-04-26,sl-hf-etb,194729,Normal,528.12,524.99,600.0,9999.98,
2026-04-26,sl-jp-151,565243,Normal,324.85,338.0,447.99,599.99,
2026-04-26,sl-jp-terastal,603428,Normal,135.34,99.99,145.99,229.99,
2026-04-26,sl-jt-box,610931,Normal,284.2,290.0,364.95,558.43,
2026-04-26,sl-lo-box,277324,Normal,725.3,719.98,896.49,2500.0,
2026-04-26,sl-me1-box,644298,Normal,309.19,313.95,334.98,500.0,
2026-04-26,sl-obf-box,501257,Normal,374.15,364.0,399.99,1000.0,
2026-04-26,sl-pe-etb,593355,Normal,165.51,154.99,200.0,2000.0,
2026-04-26,sl-pe-spc,622770,Normal,352.76,329.99,400.0,799.0,
2026-04-26,sl-pf-etb,528040,Normal,415.3,409.94,450.0,800.0,
2026-04-26,sl-phf-box,654137,Normal,391.27,400.0,475.0,1200.0,
2026-04-26,sl-shf-etb,228821,Normal,129.06,130.0,162.5,500.11,
2026-04-26,sl-ss-box,565606,Normal,239.48,238.39,300.0,4999.99,
2026-04-26,sl-st-box,283389,Normal,454.62,445.0,500.0,9999.99,
2026-04-26,sl-tf-box,536225,Normal,295.39,311.0,337.49,500.0,
2026-04-26,sv2-185,497557,Normal,0.27,0.02,0.31,4321.0,0.13
2026-04-26,sv2-185,497557,Reverse Holofoil,0.88,0.17,0.88,18.98,1.54
2026-04-26,sv2-254,497669,Holofoil,10.88,9.17,12.9,112.42,13.83
2026-04-26,sv2-269,497689,Holofoil,56.59,51.01,70.0,527.52,65.45
2026-04-26,sv3pt5-151,516566,Holofoil,8.63,5.77,8.96,100.0,14.47
2026-04-26,sv3pt5-199,517045,Holofoil,432.84,379.99,470.0,1000.0,484.99
2026-04-26,sv3pt5-205,517051,Holofoil,27.4,22.75,30.27,143.8,36.47
2026-04-26,sv3pt5-4,502555,Normal,0.16,0.01,0.2,20.0,0.06
2026-04-26,sv3pt5-4,502555,Reverse Holofoil,0.38,0.01,0.34,19.64,0.2
2026-04-26,sv3pt5-6,502558,Holofoil,10.38,4.98,10.0,505.1,16.24
2026-04-26,sv3pt5-7,502548,Normal,0.26,0.01,0.25,19.7,
2026-04-26,sv3pt5-7,502548,Reverse Holofoil,0.36,0.03,0.35,50.0,0.36
2026-04-26,sv4pt5-234,535090,Holofoil,302.92,300.0,349.99,1514.6,344.96
2026-04-26,sv4pt5-54,534416,Holofoil,4.31,3.35,5.0,60.0,5.49
2026-04-26,sv8-57,590025,Holofoil,3.82,3.0,4.57,96.95,6.3
2026-04-26,sv8pt5-149,610504,Holofoil,254.52,299.98,320.0,2000.0,
2026-04-26,sv8pt5-155,610510,Holofoil,293.66,289.88,369.99,999.0,
2026-04-26,sv8pt5-156,610511,Holofoil,399.41,385.0,479.99,999.0,499.9
2026-04-26,sv8pt5-161,610516,Holofoil,1462.32,1399.98,1550.0,5000.0,
2026-04-26,sv8pt5-167,610522,Holofoil,184.67,155.0,224.48,3009.8,224.48
2026-04-26,sv8pt5-179,610534,Holofoil,58.52,53.86,69.97,999.0,
2026-04-26,sv8pt5-28,610383,Holofoil,1.61,0.75,2.03,999.0,
2026-04-26,sv8pt5-47,610402,Normal,0.05,0.01,0.1,999.0,0.01
2026-04-26,sv8pt5-47,610402,Reverse Holofoil,0.18,0.01,0.2,999.0,0.01
2026-04-26,sv8pt5-59,610414,Holofoil,0.34,0.01,0.35,999.0,0.49
2026-04-26,sv8pt5-59,610414,Reverse Holofoil,0.53,0.1,0.41,999.0,
2026-04-26,sv8pt5-60,610415,Holofoil,6.22,4.0,6.18,999.0,9.99
2026-04-26,svp-085,518861,Normal,922.5,945.69,1050.0,6999.93,6999.93
2026-04-26,swsh11-186,284137,Holofoil,662.91,625.0,750.0,1450.0,799.99
2026-04-26,swsh12-186,451834,Holofoil,446.83,400.0,524.64,3761.87,476.99
2026-04-26,swsh12pt5gg-GG69,478100,Holofoil,241.41,193.76,253.79,1865.69,267.29
2026-04-26,swsh35-25,223018,Normal,0.16,0.02,0.19,19.98,0.1
2026-04-26,swsh35-25,223018,Reverse Holofoil,0.32,0.1,0.32,19.98,
2026-04-26,swsh35-74,223073,Holofoil,176.78,156.99,219.69,2300.0,199.97
2026-04-26,swsh45sv-SV107,232496,Holofoil,147.77,119.25,173.25,349.95,180.43
2026-04-26,swsh7-204,246693,Holofoil,32.61,28.85,35.0,289.9,48.99
2026-04-26,swsh7-205,246696,Holofoil,346.15,314.56,395.0,543.15,340.0
2026-04-26,swsh7-208,246755,Holofoil,35.23,28.45,45.41,270.1,44.99
2026-04-26,swsh7-209,246756,Holofoil,269.43,238.26,311.09,419.79,238.26
2026-04-26,swsh7-211,246702,Holofoil,52.08,39.99,55.0,450.0,57.94
2026-04-26,swsh7-212,246704,Holofoil,364.18,397.96,437.49,4249.73,410.1
2026-04-26,swsh7-215,246723,Holofoil,2031.51,2000.99,2549.66,6000.0,2299.99
2026-04-26,swsh7-218,246733,Holofoil,787.94,699.99,1199.67,1520.07,1199.65
2026-04-26,swsh7-41,246753,Holofoil,6.89,5.17,7.49,28.99,9.0
2026-04-26,swsh7-65,246690,Holofoil,15.05,11.63,16.23,512.01,18.99
2026-04-26,swsh7-75,246701,Holofoil,16.77,12.0,17.49,141.86,24.24
2026-04-26,swsh7-8,246691,Holofoil,8.24,5.01,8.73,507.17,10.0
2026-04-26,swsh8-271,253266,Holofoil,868.47,853.38,974.5,1499.95,944.86
2026-04-26,swsh9-154,263873,Holofoil,324.43,303.99,427.98,1500.0,303.99
2026-04-27,base1-15,42355,Holofoil,150.45,109.3,180.72,1086.36,154.96
2026-04-27,base1-16,42356,Holofoil,54.45,33.86,48.67,139.99,41.89
2026-04-27,base1-2,42360,Holofoil,206.87,139.72,216.0,1585.26,199.98
2026-04-27,base1-4,42382,Holofoil,555.88,496.33,651.3,1499.65,
2026-04-27,base1-58,42402,Normal,5.38,1.39,4.25,9999.0,
2026-04-27,cel25c-4,250320,Holofoil,194.6,177.67,217.99,4321.0,209.99
2026-04-27,gym2-2,83861,1st Edition Holofoil,894.61,2140.0,2140.0,2140.0,
2026-04-27,gym2-2,83861,Unlimited Holofoil,519.57,438.5,564.95,1499.99,539.95
2026-04-27,neo1-9,86903,1st Edition Holofoil,1299.96,1899.99,2425.0,2950.0,1899.99
2026-04-27,neo1-9,86903,Unlimited Holofoil,479.18,444.98,494.0,899.2,
2026-04-27,sl-151-bundle,502000,Normal,190.17,185.0,209.47,10000.0,
2026-04-27,sl-151-etb,503313,Normal,601.15,620.0,700.0,1299.99,
2026-04-27,sl-151-upc,502005,Normal,950.54,950.0,1192.5,40000.0,
2026-04-27,sl-ar-box,265519,Normal,370.89,389.95,476.0,899.99,
2026-04-27,sl-bs-box,256141,Normal,595.65,590.0,699.99,5000.0,
2026-04-27,sl-cel-upc,245140,Normal,1152.4,1184.99,1999.0,200000.0,
2026-04-27,sl-champ-etb,218791,Normal,167.92,169.96,200.0,500.0,
2026-04-27,sl-cz-etb,453470,Normal,297.22,305.0,350.0,785.0,
2026-04-27,sl-dr-box,624679,Normal,594.45,599.99,650.0,2185.0,
2026-04-27,sl-evs-box,242436,Normal,2532.44,2683.0,3399.99,12000.0,
2026-04-27,sl-evs-etb,243721,Normal,835.62,1099.99,1450.0,3499.98,
2026-04-27,sl-fs-box,247654,Normal,991.54,979.99,1119.99,3000.0,
2026-04-27,sl-hf-etb,194729,Normal,528.12,524.99,600.0,9999.98,
2026-04-27,sl-jp-151,565243,Normal,334.43,382.0,446.66,599.99,
2026-04-27,sl-jp-terastal,603428,Normal,133.91,99.99,145.0,250.0,
2026-04-27,sl-jt-box,610931,Normal,286.19,292.0,350.0,551.0,
2026-04-27,sl-lo-box,277324,Normal,725.3,726.0,899.99,2500.0,
2026-04-27,sl-me1-box,644298,Normal,310.18,313.95,334.98,500.0,
2026-04-27,sl-obf-box,501257,Normal,374.62,360.0,399.97,1000.0,
2026-04-27,sl-pe-etb,593355,Normal,158.18,157.16,199.99,2000.0,
2026-04-27,sl-pe-spc,622770,Normal,338.04,329.99,400.0,799.0,
2026-04-27,sl-pf-etb,528040,Normal,418.58,400.0,447.5,800.0,
2026-04-27,sl-phf-box,654137,Normal,400.58,396.49,449.99,1200.0,
2026-04-27,sl-shf-etb,228821,Normal,129.2,130.0,160.0,500.11,
2026-04-27,sl-ss-box,565606,Normal,249.08,245.0,300.0,4999.99,
2026-04-27,sl-st-box,283389,Normal,455.22,440.0,500.0,1000.0,
2026-04-27,sl-tf-box,536225,Normal,295.39,300.0,337.49,500.0,
2026-04-27,sv2-185,497557,Normal,0.25,0.1,0.3,4321.0,0.13
2026-04-27,sv2-185,497557,Reverse Holofoil,0.75,0.17,0.86,18.94,0.8
2026-04-27,sv2-254,497669,Holofoil,10.87,9.0,12.88,4321.0,13.9
2026-04-27,sv2-269,497689,Holofoil,56.85,49.66,68.26,527.48,61.99
2026-04-27,sv3pt5-151,516566,Holofoil,7.8,5.15,8.83,4321.0,12.49
2026-04-27,sv3pt5-199,517045,Holofoil,437.5,379.99,475.0,1000.0,401.95
2026-04-27,sv3pt5-205,517051,Holofoil,28.38,23.0,31.33,4321.0,38.16
2026-04-27,sv3pt5-4,502555,Normal,0.19,0.01,0.2,20.0,0.14
2026-04-27,sv3pt5-4,502555,Reverse Holofoil,0.39,0.01,0.38,19.6,0.4
2026-04-27,sv3pt5-6,502558,Holofoil,10.55,4.98,10.6,505.1,16.99
2026-04-27,sv3pt5-7,502548,Normal,0.26,0.01,0.25,19.7,
2026-04-27,sv3pt5-7,502548,Reverse Holofoil,0.4,0.01,0.36,1000.39,0.39
2026-04-27,sv4pt5-234,535090,Holofoil,304.66,303.67,350.0,1514.6,344.96
2026-04-27,sv4pt5-54,534416,Holofoil,4.3,3.35,4.99,60.0,4.26
2026-04-27,sv8-57,590025,Holofoil,4.37,2.8,4.5,4321.0,6.1
2026-04-27,sv8pt5-149,610504,Holofoil,256.2,254.16,500.84,2000.0,
2026-04-27,sv8pt5-155,610510,Holofoil,292.25,290.0,359.99,999.0,
2026-04-27,sv8pt5-156,610511,Holofoil,400.61,362.99,479.99,999.0,499.9
2026-04-27,sv8pt5-161,610516,Holofoil,1460.92,1350.0,1500.0,5000.0,
2026-04-27,sv8pt5-167,610522,Holofoil,182.06,155.0,224.48,3009.8,224.48
2026-04-27,sv8pt5-179,610534,Holofoil,59.07,55.0,70.0,999.0,
2026-04-27,sv8pt5-28,610383,Holofoil,1.86,1.0,2.03,999.0,
2026-04-27,sv8pt5-47,610402,Normal,0.05,0.01,0.1,999.0,0.01
2026-04-27,sv8pt5-47,610402,Reverse Holofoil,0.19,0.01,0.19,999.0,0.01
2026-04-27,sv8pt5-59,610414,Holofoil,0.35,0.01,0.35,999.0,
2026-04-27,sv8pt5-59,610414,Reverse Holofoil,0.56,0.1,0.46,999.0,
2026-04-27,sv8pt5-60,610415,Holofoil,6.35,4.0,6.58,999.0,19.9
2026-04-27,svp-085,518861,Normal,943.38,945.69,1254.64,6999.93,6999.93
2026-04-27,swsh11-186,284137,Holofoil,666.34,625.0,763.18,1450.0,799.99
2026-04-27,swsh12-186,451834,Holofoil,448.55,400.0,512.32,3761.87,476.99
2026-04-27,swsh12pt5gg-GG69,478100,Holofoil,243.67,218.52,255.1,1865.69,267.3
2026-04-27,swsh35-25,223018,Normal,0.17,0.02,0.19,69.5,0.1
2026-04-27,swsh35-25,223018,Reverse Holofoil,0.32,0.1,0.32,19.98,
2026-04-27,swsh35-74,223073,Holofoil,177.39,156.99,219.99,2300.0,199.97
2026-04-27,swsh45sv-SV107,232496,Holofoil,149.52,119.25,177.32,4321.0,196.71
2026-04-27,swsh7-204,246693,Holofoil,32.57,28.99,35.0,289.9,48.99
2026-04-27,swsh7-205,246696,Holofoil,351.73,314.56,399.99,519.05,340.0
2026-04-27,swsh7-208,246755,Holofoil,35.01,35.0,45.0,270.1,44.99
2026-04-27,swsh7-209,246756,Holofoil,275.36,238.26,364.0,479.0,238.26
2026-04-27,swsh7-211,246702,Holofoil,53.03,39.99,57.34,450.0,
2026-04-27,swsh7-212,246704,Holofoil,368.61,397.96,425.0,4249.73,410.1
2026-04-27,swsh7-215,246723,Holofoil,2031.51,2100.0,2549.66,6000.0,2299.99
2026-04-27,swsh7-218,246733,Holofoil,787.94,699.99,1199.69,1520.07,1199.65
2026-04-27,swsh7-41,246753,Holofoil,6.78,5.17,7.7,28.99,9.0
2026-04-27,swsh7-65,246690,Holofoil,14.82,11.63,16.32,512.01,18.98
2026-04-27,swsh7-75,246701,Holofoil,17.01,14.0,18.34,141.86,24.24
2026-04-27,swsh7-8,246691,Holofoil,8.44,5.01,8.86,507.17,10.3
2026-04-27,swsh8-271,253266,Holofoil,868.47,849.99,950.0,1799.0,944.86
2026-04-27,swsh9-154,263873,Holofoil,324.43,300.0,399.99,1500.0,303.99
2026-04-28,base1-15,42355,Holofoil,151.01,109.3,171.28,1086.36,153.68
2026-04-28,base1-16,42356,Holofoil,54.45,33.86,47.13,139.99,30.62
2026-04-28,base1-2,42360,Holofoil,206.42,153.21,218.34,1585.26,105.0
2026-04-28,base1-4,42382,Holofoil,555.88,496.33,675.65,1499.65,
2026-04-28,base1-58,42402,Normal,5.58,1.39,4.0,9999.0,
2026-04-28,cel25c-4,250320,Holofoil,193.81,177.67,221.56,4321.0,199.75
2026-04-28,gym2-2,83861,1st Edition Holofoil,894.61,2140.0,2140.0,2140.0,
2026-04-28,gym2-2,83861,Unlimited Holofoil,519.57,438.5,571.53,1499.99,539.95
2026-04-28,neo1-9,86903,1st Edition Holofoil,1299.96,1899.99,2425.0,2950.0,1899.99
2026-04-28,neo1-9,86903,Unlimited Holofoil,479.18,444.98,494.0,899.2,
2026-04-28,sl-151-bundle,502000,Normal,188.76,183.0,200.0,2999.99,
2026-04-28,sl-151-etb,503313,Normal,577.78,620.0,699.98,1299.99,
2026-04-28,sl-151-upc,502005,Normal,946.58,950.0,1199.99,40000.0,
2026-04-28,sl-ar-box,265519,Normal,370.89,389.88,475.0,899.99,
2026-04-28,sl-bs-box,256141,Normal,595.25,590.0,692.5,5000.0,
2026-04-28,sl-cel-upc,245140,Normal,1152.4,1184.99,1998.0,200000.0,
2026-04-28,sl-champ-etb,218791,Normal,167.95,169.96,200.0,500.0,
2026-04-28,sl-cz-etb,453470,Normal,307.53,305.0,350.0,9999.0,
2026-04-28,sl-dr-box,624679,Normal,594.45,599.63,649.98,2185.0,
2026-04-28,sl-evs-box,242436,Normal,2532.44,2650.0,3440.0,12000.0,
2026-04-28,sl-evs-etb,243721,Normal,835.62,1099.99,1350.0,3499.98,
2026-04-28,sl-fs-box,247654,Normal,988.74,985.0,1119.99,3000.0,
2026-04-28,sl-hf-etb,194729,Normal,530.88,534.98,625.0,9999.98,
2026-04-28,sl-jp-151,565243,Normal,332.52,373.0,440.0,599.99,
2026-04-28,sl-jp-terastal,603428,Normal,132.27,99.99,145.0,250.0,
2026-04-28,sl-jt-box,610931,Normal,286.19,292.0,350.0,551.0,
2026-04-28,sl-lo-box,277324,Normal,725.42,741.0,899.99,2500.0,
2026-04-28,sl-me1-box,644298,Normal,311.22,289.0,344.74,499.99,
2026-04-28,sl-obf-box,501257,Normal,374.82,360.0,399.99,1000.0,
2026-04-28,sl-pe-etb,593355,Normal,162.44,154.0,200.0,2000.0,
2026-04-28,sl-pe-spc,622770,Normal,335.29,329.99,400.0,1500.0,
2026-04-28,sl-pf-etb,528040,Normal,417.98,399.95,447.5,800.0,
2026-04-28,sl-phf-box,654137,Normal,374.86,400.0,450.0,1200.0,
2026-04-28,sl-shf-etb,228821,Normal,129.2,124.91,150.0,500.11,
2026-04-28,sl-ss-box,565606,Normal,252.83,249.2,300.0,4999.99,
2026-04-28,sl-st-box,283389,Normal,454.63,449.99,525.0,1000.0,
2026-04-28,sl-tf-box,536225,Normal,296.19,309.99,335.0,500.0,
2026-04-28,sv2-185,497557,Normal,0.24,0.1,0.3,4321.0,0.13
2026-04-28,sv2-185,497557,Reverse Holofoil,0.69,0.17,0.82,18.94,0.8
2026-04-28,sv2-254,497669,Holofoil,10.69,9.0,12.85,4321.0,13.89
2026-04-28,sv2-269,497689,Holofoil,56.53,49.66,68.99,527.48,67.98
2026-04-28,sv3pt5-151,516566,Holofoil,7.47,5.0,8.7,4321.0,7.79
2026-04-28,sv3pt5-199,517045,Holofoil,439.56,381.75,475.0,1000.0,401.95
2026-04-28,sv3pt5-205,517051,Holofoil,28.57,23.0,32.0,4321.0,41.36
2026-04-28,sv3pt5-4,502555,Normal,0.22,0.01,0.23,20.0,0.14
2026-04-28,sv3pt5-4,502555,Reverse Holofoil,0.34,0.01,0.39,19.6,0.29
2026-04-28,sv3pt5-6,502558,Holofoil,9.86,4.98,10.5,505.1,18.24
2026-04-28,sv3pt5-7,502548,Normal,0.26,0.01,0.25,19.7,
2026-04-28,sv3pt5-7,502548,Reverse Holofoil,0.38,0.03,0.36,1000.39,0.23
2026-04-28,sv4pt5-234,535090,Holofoil,308.69,303.36,350.0,1526.25,349.98
2026-04-28,sv4pt5-54,534416,Holofoil,4.61,3.35,4.98,60.0,5.78
2026-04-28,sv8-57,590025,Holofoil,4.68,3.0,4.62,4321.0,7.49
2026-04-28,sv8pt5-149,610504,Holofoil,256.2,257.2,500.84,2000.0,
2026-04-28,sv8pt5-155,610510,Holofoil,280.61,290.0,349.99,999.0,
2026-04-28,sv8pt5-156,610511,Holofoil,400.59,362.99,479.99,999.0,499.9
2026-04-28,sv8pt5-161,610516,Holofoil,1454.27,1350.0,1587.5,5000.0,
2026-04-28,sv8pt5-167,610522,Holofoil,183.55,155.0,222.24,3009.8,224.48
2026-04-28,sv8pt5-179,610534,Holofoil,60.71,55.0,72.66,999.0,69.99
2026-04-28,sv8pt5-28,610383,Holofoil,1.82,1.0,2.03,999.0,
2026-04-28,sv8pt5-47,610402,Normal,0.06,0.01,0.1,999.0,0.01
2026-04-28,sv8pt5-47,610402,Reverse Holofoil,0.19,0.01,0.19,999.0,0.01
2026-04-28,sv8pt5-59,610414,Holofoil,0.33,0.01,0.35,999.0,0.35
2026-04-28,sv8pt5-59,610414,Reverse Holofoil,0.56,0.1,0.48,999.0,
2026-04-28,sv8pt5-60,610415,Holofoil,6.26,4.0,6.44,999.0,19.9
2026-04-28,svp-085,518861,Normal,943.38,945.38,1241.52,6999.93,6999.93
2026-04-28,swsh11-186,284137,Holofoil,666.34,625.0,782.31,1450.0,799.98
2026-04-28,swsh12-186,451834,Holofoil,448.98,400.0,500.0,3761.87,476.99
2026-04-28,swsh12pt5gg-GG69,478100,Holofoil,243.52,215.0,255.41,1865.69,267.3
2026-04-28,swsh35-25,223018,Normal,0.17,0.02,0.2,69.5,0.1
2026-04-28,swsh35-25,223018,Reverse Holofoil,0.32,0.1,0.32,19.98,
2026-04-28,swsh35-74,223073,Holofoil,181.25,156.99,220.0,2300.0,199.98
2026-04-28,swsh45sv-SV107,232496,Holofoil,154.98,119.83,179.42,4321.0,203.36
2026-04-28,swsh7-204,246693,Holofoil,32.57,28.99,35.0,289.9,48.99
2026-04-28,swsh7-205,246696,Holofoil,348.73,314.56,399.99,527.38,340.0
2026-04-28,swsh7-208,246755,Holofoil,35.38,35.0,45.7,270.1,44.99
2026-04-28,swsh7-209,246756,Holofoil,275.36,243.46,359.0,479.0,243.46
2026-04-28,swsh7-211,246702,Holofoil,53.03,39.99,59.67,450.0,
2026-04-28,swsh7-212,246704,Holofoil,381.44,397.96,437.49,4249.73,499.69
2026-04-28,swsh7-215,246723,Holofoil,2053.79,2100.0,2426.4,6000.0,2799.0
2026-04-28,swsh7-218,246733,Holofoil,787.94,699.99,1199.69,2067.0,1199.64
2026-04-28,swsh7-41,246753,Holofoil,6.73,5.17,7.73,28.99,9.0
2026-04-28,swsh7-65,246690,Holofoil,15.05,11.63,16.24,512.01,18.99
2026-04-28,swsh7-75,246701,Holofoil,17.35,13.75,18.99,141.86,24.25
2026-04-28,swsh7-8,246691,Holofoil,8.72,5.01,9.43,507.17,12.9
2026-04-28,swsh8-271,253266,Holofoil,868.47,845.69,949.84,1799.0,944.86
2026-04-28,swsh9-154,263873,Holofoil,329.5,300.0,403.0,1500.0,303.99
2026-04-29,base1-15,42355,Holofoil,151.01,109.3,157.97,1086.3,155.52
2026-04-29,base1-16,42356,Holofoil,54.05,33.86,54.31,139.99,119.99
2026-04-29,base1-2,42360,Holofoil,206.42,153.2,218.34,1585.2,104.99
2026-04-29,base1-4,42382,Holofoil,555.88,496.33,675.65,1499.65,
2026-04-29,base1-58,42402,Normal,6.03,1.25,3.98,9999.0,10.97
2026-04-29,cel25c-4,250320,Holofoil,193.8,176.98,222.28,4321.0,199.75
2026-04-29,gym2-2,83861,1st Edition Holofoil,894.61,1070.99,1605.5,2140.0,
2026-04-29,gym2-2,83861,Unlimited Holofoil,472.97,438.75,539.95,1499.99,536.98
2026-04-29,neo1-9,86903,1st Edition Holofoil,1299.96,1899.99,2425.0,2950.0,1899.99
2026-04-29,neo1-9,86903,Unlimited Holofoil,479.18,444.98,494.0,899.2,
2026-04-29,sl-151-bundle,502000,Normal,194.31,189.65,217.48,2999.99,
2026-04-29,sl-151-etb,503313,Normal,601.43,620.0,699.98,1299.99,
2026-04-29,sl-151-upc,502005,Normal,948.78,969.0,1199.99,40000.0,
2026-04-29,sl-ar-box,265519,Normal,372.45,380.0,475.5,899.99,
2026-04-29,sl-bs-box,256141,Normal,595.85,599.99,700.0,5000.0,
2026-04-29,sl-cel-upc,245140,Normal,1152.4,1184.99,1998.0,200000.0,
2026-04-29,sl-champ-etb,218791,Normal,167.95,169.96,200.0,500.0,
2026-04-29,sl-cz-etb,453470,Normal,296.53,315.0,350.0,9999.0,
2026-04-29,sl-dr-box,624679,Normal,596.22,585.01,649.97,2185.0,
2026-04-29,sl-evs-box,242436,Normal,2534.5,2636.51,3485.0,12000.0,
2026-04-29,sl-evs-etb,243721,Normal,835.62,1099.98,1150.0,3499.98,
2026-04-29,sl-fs-box,247654,Normal,988.74,985.0,1100.0,3000.0,
2026-04-29,sl-hf-etb,194729,Normal,530.88,534.98,654.98,9999.98,
2026-04-29,sl-jp-151,565243,Normal,347.08,349.99,444.44,599.99,
2026-04-29,sl-jp-terastal,603428,Normal,132.03,99.99,145.0,250.0,
2026-04-29,sl-jt-box,610931,Normal,284.93,289.99,329.95,558.43,
2026-04-29,sl-lo-box,277324,Normal,727.02,744.0,900.0,2500.0,
2026-04-29,sl-me1-box,644298,Normal,304.69,310.0,367.99,499.99,
2026-04-29,sl-obf-box,501257,Normal,374.11,350.0,399.98,1000.0,
2026-04-29,sl-pe-etb,593355,Normal,166.34,156.01,200.0,2000.0,
2026-04-29,sl-pe-spc,622770,Normal,334.7,325.0,398.0,9999.0,
2026-04-29,sl-pf-etb,528040,Normal,415.34,409.94,469.99,800.0,
2026-04-29,sl-phf-box,654137,Normal,392.88,400.0,450.0,1200.0,
2026-04-29,sl-shf-etb,228821,Normal,129.2,124.91,150.0,500.11,
2026-04-29,sl-ss-box,565606,Normal,253.88,250.0,318.88,4999.99,
2026-04-29,sl-st-box,283389,Normal,454.39,449.99,500.0,1000.0,
2026-04-29,sl-tf-box,536225,Normal,297.11,309.99,334.98,500.0,
2026-04-29,sv2-185,497557,Normal,0.27,0.1,0.3,4321.0,0.13
2026-04-29,sv2-185,497557,Reverse Holofoil,0.73,0.17,0.79,18.88,1.53
2026-04-29,sv2-254,497669,Holofoil,10.52,8.68,12.73,4321.0,13.88
2026-04-29,sv2-269,497689,Holofoil,57.0,52.99,68.4,527.48,67.99
2026-04-29,sv3pt5-151,516566,Holofoil,7.31,5.91,8.56,4321.0,7.67
2026-04-29,sv3pt5-199,517045,Holofoil,436.15,379.36,473.36,900.0,401.95
2026-04-29,sv3pt5-205,517051,Holofoil,30.04,25.2,33.0,4321.0,44.25
2026-04-29,sv3pt5-4,502555,Normal,0.22,0.01,0.22,20.0,0.14
2026-04-29,sv3pt5-4,502555,Reverse Holofoil,0.36,0.01,0.36,19.54,0.29
2026-04-29,sv3pt5-6,502558,Holofoil,9.54,4.98,10.21,505.1,16.99
2026-04-29,sv3pt5-7,502548,Normal,0.25,0.01,0.25,19.99,
2026-04-29,sv3pt5-7,502548,Reverse Holofoil,0.34,0.03,0.35,1000.39,0.4
2026-04-29,sv4pt5-234,535090,Holofoil,312.5,303.67,374.71,1543.45,324.12
2026-04-29,sv4pt5-54,534416,Holofoil,4.92,2.99,5.0,60.0,4.0
2026-04-29,sv8-57,590025,Holofoil,4.82,3.0,4.65,4321.0,3.75
2026-04-29,sv8pt5-149,610504,Holofoil,256.0,257.0,501.98,2000.0,
2026-04-29,sv8pt5-155,610510,Holofoil,280.61,290.0,359.99,999.0,
2026-04-29,sv8pt5-156,610511,Holofoil,400.52,362.99,485.98,999.0,499.9
2026-04-29,sv8pt5-161,610516,Holofoil,1454.27,1350.0,1587.5,5000.0,
2026-04-29,sv8pt5-167,610522,Holofoil,182.96,155.0,220.0,3009.8,202.0
2026-04-29,sv8pt5-179,610534,Holofoil,61.55,57.38,74.49,999.0,67.93
2026-04-29,sv8pt5-28,610383,Holofoil,2.1,1.11,2.06,999.0,
2026-04-29,sv8pt5-47,610402,Normal,0.06,0.01,0.1,999.0,0.01
2026-04-29,sv8pt5-47,610402,Reverse Holofoil,0.14,0.01,0.19,999.0,0.01
2026-04-29,sv8pt5-59,610414,Holofoil,0.33,0.01,0.35,999.0,0.37
2026-04-29,sv8pt5-59,610414,Reverse Holofoil,0.48,0.1,0.47,999.0,
2026-04-29,sv8pt5-60,610415,Holofoil,6.57,4.0,6.51,999.0,9.98
2026-04-29,svp-085,518861,Normal,946.18,945.38,1243.44,6999.93,6999.93
2026-04-29,swsh11-186,284137,Holofoil,667.42,625.0,786.28,1450.0,799.98
2026-04-29,swsh12-186,451834,Holofoil,448.98,399.99,512.32,3761.87,476.99
2026-04-29,swsh12pt5gg-GG69,478100,Holofoil,244.84,195.78,254.1,1865.06,272.74
2026-04-29,swsh35-25,223018,Normal,0.17,0.01,0.2,19.99,
2026-04-29,swsh35-25,223018,Reverse Holofoil,0.32,0.1,0.32,19.98,
2026-04-29,swsh35-74,223073,Holofoil,181.25,158.98,229.99,2300.0,199.98
2026-04-29,swsh45sv-SV107,232496,Holofoil,157.28,119.83,189.99,4321.0,177.28
2026-04-29,swsh7-204,246693,Holofoil,32.76,28.99,35.0,289.9,37.46
2026-04-29,swsh7-205,246696,Holofoil,348.73,314.56,399.99,522.9,339.98
2026-04-29,swsh7-208,246755,Holofoil,36.39,35.0,45.83,270.1,45.83
2026-04-29,swsh7-209,246756,Holofoil,275.36,243.46,355.18,479.0,243.46
2026-04-29,swsh7-211,246702,Holofoil,52.85,39.99,61.66,450.0,
2026-04-29,swsh7-212,246704,Holofoil,381.44,397.79,499.83,4249.73,499.69
2026-04-29,swsh7-215,246723,Holofoil,2053.79,2100.0,2426.4,26000.0,2799.0
2026-04-29,swsh7-218,246733,Holofoil,787.94,1149.99,1199.79,2067.0,1199.64
2026-04-29,swsh7-41,246753,Holofoil,7.18,5.17,7.91,38.99,9.66
2026-04-29,swsh7-65,246690,Holofoil,14.87,12.08,16.51,512.01,14.18
2026-04-29,swsh7-75,246701,Holofoil,17.69,12.32,19.02,141.86,24.44
2026-04-29,swsh7-8,246691,Holofoil,8.48,5.01,9.37,507.17,12.59
2026-04-29,swsh8-271,253266,Holofoil,883.84,845.69,999.0,1799.0,944.86
2026-04-29,swsh9-154,263873,Holofoil,331.3,300.0,404.1,1500.0,303.99
2026-04-30,base1-15,42355,Holofoil,151.01,109.0,157.97,1086.26,155.52
2026-04-30,base1-16,42356,Holofoil,54.05,33.86,54.0,139.99,119.99
2026-04-30,base1-2,42360,Holofoil,206.42,150.0,218.34,1585.16,199.97
2026-04-30,base1-4,42382,Holofoil,555.88,499.0,699.99,1499.65,
2026-04-30,base1-58,42402,Normal,6.25,1.25,3.99,9999.0,3.11
2026-04-30,cel25c-4,250320,Holofoil,193.85,176.98,222.93,4321.0,199.75
2026-04-30,gym2-2,83861,1st Edition Holofoil,894.61,1070.99,1605.5,2140.0,
2026-04-30,gym2-2,83861,Unlimited Holofoil,472.97,438.75,539.95,1499.99,536.98
2026-04-30,neo1-9,86903,1st Edition Holofoil,1299.96,1899.99,2425.0,2950.0,1899.99
2026-04-30,neo1-9,86903,Unlimited Holofoil,479.18,461.46,500.0,899.2,
2026-04-30,sl-151-bundle,502000,Normal,201.82,189.95,222.95,2999.99,
2026-04-30,sl-151-etb,503313,Normal,604.15,620.0,699.98,1299.99,
2026-04-30,sl-151-upc,502005,Normal,958.22,956.01,1164.38,40000.0,
2026-04-30,sl-ar-box,265519,Normal,372.45,380.0,476.0,899.99,
2026-04-30,sl-bs-box,256141,Normal,596.21,599.99,700.0,5000.0,
2026-04-30,sl-cel-upc,245140,Normal,1159.84,1241.99,1998.0,200000.0,
2026-04-30,sl-champ-etb,218791,Normal,167.95,169.96,200.0,500.0,
2026-04-30,sl-cz-etb,453470,Normal,296.37,315.0,350.0,785.0,
2026-04-30,sl-dr-box,624679,Normal,595.42,561.01,630.0,2185.0,
2026-04-30,sl-evs-box,242436,Normal,2624.5,2636.51,3485.0,12000.0,
2026-04-30,sl-evs-etb,243721,Normal,835.62,1099.97,1200.0,3499.98,
2026-04-30,sl-fs-box,247654,Normal,992.62,985.0,1144.5,3000.0,
2026-04-30,sl-hf-etb,194729,Normal,530.88,534.98,659.95,9999.98,
2026-04-30,sl-jp-151,565243,Normal,349.08,349.99,439.79,599.99,
2026-04-30,sl-jp-terastal,603428,Normal,130.4,99.99,145.0,250.0,
2026-04-30,sl-jt-box,610931,Normal,286.19,275.0,320.0,558.43,
2026-04-30,sl-lo-box,277324,Normal,727.98,718.01,899.99,2500.0,
2026-04-30,sl-me1-box,644298,Normal,319.01,329.99,367.99,499.99,
2026-04-30,sl-obf-box,501257,Normal,372.27,331.0,399.99,1000.0,
2026-04-30,sl-pe-etb,593355,Normal,170.12,162.0,200.0,2000.0,
2026-04-30,sl-pe-spc,622770,Normal,312.08,301.0,390.0,1500.0,
2026-04-30,sl-pf-etb,528040,Normal,418.74,409.94,457.5,800.0,
2026-04-30,sl-phf-box,654137,Normal,395.11,400.0,450.0,1200.0,
2026-04-30,sl-shf-etb,228821,Normal,129.71,124.91,150.0,500.11,
2026-04-30,sl-ss-box,565606,Normal,260.42,259.16,319.95,4999.99,
2026-04-30,sl-st-box,283389,Normal,454.55,449.99,500.0,1000.0,
2026-04-30,sl-tf-box,536225,Normal,304.11,304.01,335.0,500.0,
2026-04-30,sv2-185,497557,Normal,0.28,0.1,0.3,4321.0,0.13
2026-04-30,sv2-185,497557,Reverse Holofoil,0.73,0.17,0.8,18.84,1.53
2026-04-30,sv2-254,497669,Holofoil,10.09,9.0,12.72,4321.0,13.88
2026-04-30,sv2-269,497689,Holofoil,57.57,52.99,71.78,527.48,67.99
2026-04-30,sv3pt5-151,516566,Holofoil,7.44,5.66,8.5,9999.0,12.29
2026-04-30,sv3pt5-199,517045,Holofoil,433.79,379.36,470.33,900.0,379.36
2026-04-30,sv3pt5-205,517051,Holofoil,30.29,25.23,33.06,4321.0,44.0
2026-04-30,sv3pt5-4,502555,Normal,0.17,0.01,0.22,20.0,0.15
2026-04-30,sv3pt5-4,502555,Reverse Holofoil,0.33,0.15,0.35,19.5,0.43
2026-04-30,sv3pt5-6,502558,Holofoil,8.72,4.98,10.0,9999.0,16.99
2026-04-30,sv3pt5-7,502548,Normal,0.25,0.01,0.25,19.99,0.1
2026-04-30,sv3pt5-7,502548,Reverse Holofoil,0.39,0.04,0.34,1000.39,
2026-04-30,sv4pt5-234,535090,Holofoil,317.43,303.67,379.96,1572.75,379.0
2026-04-30,sv4pt5-54,534416,Holofoil,4.54,2.99,5.0,60.0,3.99
2026-04-30,sv8-57,590025,Holofoil,4.46,2.31,4.65,4321.0,7.47
2026-04-30,sv8pt5-149,610504,Holofoil,256.0,280.0,501.98,2000.0,
2026-04-30,sv8pt5-155,610510,Holofoil,280.61,290.0,359.99,999.0,
2026-04-30,sv8pt5-156,610511,Holofoil,400.52,362.99,479.99,999.0,499.9
2026-04-30,sv8pt5-161,610516,Holofoil,1455.45,1350.0,1599.99,5000.0,
2026-04-30,sv8pt5-167,610522,Holofoil,182.96,155.0,220.0,3009.8,202.0
2026-04-30,sv8pt5-179,610534,Holofoil,62.71,57.38,74.99,999.0,
2026-04-30,sv8pt5-28,610383,Holofoil,1.91,1.11,2.09,999.0,
2026-04-30,sv8pt5-47,610402,Normal,0.06,0.01,0.11,999.0,0.01
2026-04-30,sv8pt5-47,610402,Reverse Holofoil,0.13,0.01,0.18,999.0,0.01
2026-04-30,sv8pt5-59,610414,Holofoil,0.37,0.01,0.36,999.0,0.17
2026-04-30,sv8pt5-59,610414,Reverse Holofoil,0.51,0.1,0.48,999.0,0.41
2026-04-30,sv8pt5-60,610415,Holofoil,6.33,4.0,6.67,999.0,5.38
2026-04-30,svp-085,518861,Normal,946.18,945.38,1286.88,6999.93,6999.93
2026-04-30,swsh11-186,284137,Holofoil,667.42,625.0,785.0,1450.0,799.98
2026-04-30,swsh12-186,451834,Holofoil,445.02,400.0,524.64,3761.87,476.99
2026-04-30,swsh12pt5gg-GG69,478100,Holofoil,245.99,215.61,258.63,1865.06,272.73
2026-04-30,swsh35-25,223018,Normal,0.18,0.01,0.2,19.99,
2026-04-30,swsh35-25,223018,Reverse Holofoil,0.32,0.1,0.32,19.98,
2026-04-30,swsh35-74,223073,Holofoil,185.34,158.98,240.28,2300.0,209.98
2026-04-30,swsh45sv-SV107,232496,Holofoil,158.05,119.83,200.0,4321.0,199.99
2026-04-30,swsh7-204,246693,Holofoil,32.76,28.99,35.0,289.9,37.67
2026-04-30,swsh7-205,246696,Holofoil,348.73,314.56,399.99,522.9,340.0
2026-04-30,swsh7-208,246755,Holofoil,36.39,35.0,45.7,270.1,45.83
2026-04-30,swsh7-209,246756,Holofoil,273.95,242.22,353.37,499.69,242.22
2026-04-30,swsh7-211,246702,Holofoil,52.68,39.99,63.66,450.0,
2026-04-30,swsh7-212,246704,Holofoil,381.44,397.79,499.69,4249.73,499.69
2026-04-30,swsh7-215,246723,Holofoil,2131.03,2100.1,2426.4,26000.0,2799.0
2026-04-30,swsh7-218,246733,Holofoil,787.94,899.0,1199.67,2300.28,1199.64
2026-04-30,swsh7-41,246753,Holofoil,7.25,5.17,7.95,38.99,9.66
2026-04-30,swsh7-65,246690,Holofoil,15.13,12.08,16.83,512.01,16.12
2026-04-30,swsh7-75,246701,Holofoil,17.56,12.5,18.56,141.86,17.93
2026-04-30,swsh7-8,246691,Holofoil,8.45,5.01,8.86,507.17,12.59
2026-04-30,swsh8-271,253266,Holofoil,894.57,845.69,999.0,1799.0,944.86
2026-04-30,swsh9-154,263873,Holofoil,331.3,303.99,411.1,1500.0,303.99
